Re,alpha,airfoil,nf_CL,nf_CD,nf_CM,nf_confidence,nf_CLCD
160,-30.0,Baseline,-0.6926118,0.47310266,0.04929931,1.0062038e-13,-1.4639778
160,-29.5,Baseline,-0.6879071,0.4699263,0.047325037,7.1232577e-12,-1.4638617
160,-29.0,Baseline,-0.68317795,0.46671507,0.045273963,2.703181e-10,-1.4638009
160,-28.5,Baseline,-0.6784254,0.46348092,0.043142006,5.8798837e-09,-1.4637612
160,-28.0,Baseline,-0.67365503,0.46023583,0.04092713,7.808714e-08,-1.463717
160,-27.5,Baseline,-0.66887593,0.45699364,0.038629077,6.7038684e-07,-1.4636439
160,-27.0,Baseline,-0.66409683,0.45376626,0.0362497,3.919102e-06,-1.4635218
160,-26.5,Baseline,-0.6593307,0.45056888,0.033793364,1.6392018e-05,-1.4633294
160,-26.0,Baseline,-0.6545819,0.4474156,0.03126521,5.1233947e-05,-1.4630288
160,-25.5,Baseline,-0.6498471,0.44431815,0.02867179,0.0001247014,-1.4625716
160,-25.0,Baseline,-0.64510757,0.4412857,0.02601939,0.0002455813,-1.4618819
160,-24.5,Baseline,-0.6403304,0.43831742,0.023314575,0.00040664463,-1.4608828
160,-24.0,Baseline,-0.6354572,0.43540138,0.020563105,0.0005882756,-1.4594746
160,-23.5,Baseline,-0.63042,0.432509,0.01777184,0.0007728688,-1.4575882
160,-23.0,Baseline,-0.6251432,0.42959943,0.014948112,0.0009570678,-1.455177
160,-22.5,Baseline,-0.61956006,0.42662433,0.012100762,0.0011505553,-1.452238
160,-22.0,Baseline,-0.6136255,0.4235457,0.009238866,0.0013640773,-1.4487823
160,-21.5,Baseline,-0.6073191,0.42034832,0.006370583,0.0016009598,-1.4447997
160,-21.0,Baseline,-0.60064477,0.41703936,0.0035033436,0.0018557496,-1.4402592
160,-20.5,Baseline,-0.5936358,0.41363966,0.0006455511,0.0021187137,-1.435152
160,-20.0,Baseline,-0.58635813,0.41016832,-0.002190703,0.0023796344,-1.4295549
160,-19.5,Baseline,-0.57892776,0.40663633,-0.004984775,0.0026337563,-1.423699
160,-19.0,Baseline,-0.571489,0.40305728,-0.0077112913,0.0028808466,-1.4178853
160,-18.5,Baseline,-0.56417125,0.39945126,-0.010345113,0.0031247209,-1.4123657
160,-18.0,Baseline,-0.5570464,0.3958571,-0.012868998,0.0033735167,-1.4071907
160,-17.5,Baseline,-0.5501473,0.39233,-0.0152725335,0.003638176,-1.4022565
160,-17.0,Baseline,-0.5435433,0.38893145,-0.017543476,0.0039304513,-1.3975297
160,-16.5,Baseline,-0.5374027,0.3857162,-0.019659376,0.0042621894,-1.3932593
160,-16.0,Baseline,-0.5319597,0.38271928,-0.021589706,0.004644332,-1.3899475
160,-15.5,Baseline,-0.5273615,0.37995484,-0.02330915,0.0050872457,-1.3879584
160,-15.0,Baseline,-0.5235462,0.37741476,-0.02480886,0.005599066,-1.3871906
160,-14.5,Baseline,-0.5202081,0.37506974,-0.026102375,0.0061859977,-1.3869637
160,-14.0,Baseline,-0.5168344,0.3728648,-0.027226005,0.006856514,-1.3861173
160,-13.5,Baseline,-0.5127522,0.3707109,-0.028238038,0.0076356707,-1.3831592
160,-13.0,Baseline,-0.5072637,0.36850253,-0.02920506,0.008577944,-1.3765543
160,-12.5,Baseline,-0.49997428,0.36617744,-0.030162742,0.009746551,-1.365388
160,-12.0,Baseline,-0.49101764,0.36375687,-0.031089267,0.0111644035,-1.3498513
160,-11.5,Baseline,-0.48081303,0.36131215,-0.031935748,0.012802663,-1.3307414
160,-11.0,Baseline,-0.4697131,0.3589003,-0.032666527,0.014614489,-1.3087565
160,-10.5,Baseline,-0.45789874,0.35655147,-0.033267744,0.016564226,-1.284243
160,-10.0,Baseline,-0.44542652,0.35427237,-0.033739675,0.018634537,-1.2572997
160,-9.5,Baseline,-0.43226653,0.35205707,-0.03409283,0.020825783,-1.2278309
160,-9.0,Baseline,-0.41829836,0.34989065,-0.034346327,0.023154125,-1.1955117
160,-8.5,Baseline,-0.40330252,0.34775352,-0.034527466,0.025646389,-1.1597366
160,-8.0,Baseline,-0.38699776,0.34562224,-0.03466815,0.028321292,-1.1197131
160,-7.5,Baseline,-0.36912507,0.34346026,-0.034802083,0.031159196,-1.0747242
160,-7.0,Baseline,-0.34953856,0.3412202,-0.03496258,0.034079686,-1.0243783
160,-6.5,Baseline,-0.32823768,0.33885682,-0.0351786,0.036953263,-0.9686619
160,-6.0,Baseline,-0.30536568,0.3363542,-0.03546472,0.039638024,-0.9078694
160,-5.5,Baseline,-0.28119493,0.33374518,-0.03580365,0.0420286,-0.8425438
160,-5.0,Baseline,-0.25610027,0.33111724,-0.036131464,0.04408148,-0.77344286
160,-4.5,Baseline,-0.2304809,0.3286068,-0.036367852,0.045742627,-0.70138806
160,-4.0,Baseline,-0.20463833,0.32638252,-0.0364823,0.04685986,-0.62698925
160,-3.5,Baseline,-0.17870453,0.324626,-0.03649735,0.047205407,-0.5504936
160,-3.0,Baseline,-0.15262216,0.323482,-0.03644192,0.046540905,-0.47181037
160,-2.5,Baseline,-0.1262699,0.32304245,-0.03632782,0.044787195,-0.39087713
160,-2.0,Baseline,-0.09977013,0.32339346,-0.036141213,0.042660363,-0.30851004
160,-1.5,Baseline,-0.073422596,0.3239972,-0.035927728,0.04322876,-0.2266149
160,-1.0,Baseline,-0.046872944,0.32353514,-0.035859086,0.05581843,-0.14487743
160,-0.5,Baseline,-0.019389361,0.3222769,-0.035994615,0.11602478,-0.060163673
160,0.0,Baseline,0.009558201,0.32035816,-0.036331527,0.29303727,0.029835984
160,0.5,Baseline,0.040333092,0.31847036,-0.036839887,0.45836982,0.1266463
160,1.0,Baseline,0.072145104,0.317375,-0.03731436,0.48084486,0.22731817
160,1.5,Baseline,0.10403879,0.3168355,-0.03763648,0.43590868,0.32836848
160,2.0,Baseline,0.13596949,0.31668642,-0.037890237,0.37991992,0.42935055
160,2.5,Baseline,0.16787964,0.31691504,-0.038103003,0.33097985,0.52973074
160,3.0,Baseline,0.19946504,0.31746295,-0.038221423,0.29310971,0.62830967
160,3.5,Baseline,0.23044273,0.31821817,-0.03818724,0.26596984,0.72416586
160,4.0,Baseline,0.26074892,0.3190841,-0.037989765,0.24720404,0.81717926
160,4.5,Baseline,0.29054084,0.32001716,-0.037676148,0.23365737,0.90789145
160,5.0,Baseline,0.32002553,0.32101125,-0.037320003,0.22270001,0.99692935
160,5.5,Baseline,0.34930253,0.3220678,-0.036986843,0.21286464,1.0845621
160,6.0,Baseline,0.3783428,0.3231812,-0.03672407,0.20356655,1.1706831
160,6.5,Baseline,0.40706104,0.32435167,-0.036569417,0.19457304,1.254999
160,7.0,Baseline,0.43537098,0.3255904,-0.03655548,0.18570052,1.3371739
160,7.5,Baseline,0.46318108,0.32692015,-0.036706228,0.17674741,1.4168018
160,8.0,Baseline,0.49037942,0.3283682,-0.037029546,0.1675225,1.4933828
160,8.5,Baseline,0.5168412,0.3299613,-0.037517004,0.15788966,1.566369
160,9.0,Baseline,0.5424686,0.33172354,-0.038148224,0.14780007,1.6353033
160,9.5,Baseline,0.5672234,0.33367485,-0.03889902,0.13729389,1.6999286
160,10.0,Baseline,0.5911085,0.33583188,-0.03974495,0.12647016,1.7601322
160,10.5,Baseline,0.61409426,0.33821005,-0.04065925,0.11545053,1.8157185
160,11.0,Baseline,0.6360165,0.34083107,-0.04160543,0.10437317,1.8660754
160,11.5,Baseline,0.6565565,0.34372297,-0.042533223,0.093420394,1.9101328
160,12.0,Baseline,0.6753995,0.34691274,-0.043392807,0.08285312,1.9468858
160,12.5,Baseline,0.69251215,0.35040522,-0.04416376,0.0729768,1.976318
160,13.0,Baseline,0.70820975,0.35416734,-0.044870883,0.064036876,1.9996473
160,13.5,Baseline,0.7228284,0.35812998,-0.04555785,0.05612148,2.0183408
160,14.0,Baseline,0.7362988,0.3621969,-0.04623543,0.04916661,2.0328689
160,14.5,Baseline,0.7481033,0.36626458,-0.046864796,0.043065384,2.0425217
160,15.0,Baseline,0.757638,0.37024444,-0.047389515,0.03774747,2.0463183
160,15.5,Baseline,0.7646736,0.3740796,-0.04778814,0.03319392,2.0441465
160,16.0,Baseline,0.7696403,0.37774658,-0.0481117,0.029393977,2.0374515
160,16.5,Baseline,0.77369493,0.38126102,-0.04850477,0.02630837,2.029305
160,17.0,Baseline,0.77856374,0.3846933,-0.04919837,0.023834469,2.0238557
160,17.5,Baseline,0.78601927,0.38817155,-0.05044561,0.021831963,2.0249276
160,18.0,Baseline,0.79707754,0.39184922,-0.052410483,0.020159995,2.0341434
160,18.5,Baseline,0.8115647,0.39585745,-0.05510055,0.018704386,2.0501437
160,19.0,Baseline,0.8283805,0.4002822,-0.05839216,0.01735642,2.0694911
160,19.5,Baseline,0.84606373,0.40515733,-0.062096845,0.01601621,2.0882351
160,20.0,Baseline,0.86319685,0.4104622,-0.06600928,0.014603952,2.1029875
160,20.5,Baseline,0.8785879,0.41613632,-0.069933675,0.013074168,2.1112983
160,21.0,Baseline,0.8914063,0.42209846,-0.07371041,0.0114340065,2.1118445
160,21.5,Baseline,0.90132713,0.42827356,-0.07724704,0.009739419,2.1045594
160,22.0,Baseline,0.9085736,0.43460706,-0.08053117,0.008072511,2.0905635
160,22.5,Baseline,0.9137696,0.44107342,-0.08361466,0.006521396,2.071695
160,23.0,Baseline,0.91766846,0.44766164,-0.08657324,0.0051332833,2.0499153
160,23.5,Baseline,0.9209198,0.454363,-0.0894724,0.0039036532,2.026837
160,24.0,Baseline,0.9239811,0.46115792,-0.09235303,0.0028113667,2.003611
160,24.5,Baseline,0.9271257,0.46800977,-0.09523161,0.0018551579,1.9809965
160,25.0,Baseline,0.9304951,0.4748668,-0.09810888,0.001077923,1.9594865
160,25.5,Baseline,0.93412924,0.48166317,-0.10097597,0.0005288881,1.9393828
160,26.0,Baseline,0.93798816,0.48832086,-0.1038187,0.00021050517,1.920844
160,26.5,Baseline,0.9419688,0.49475414,-0.10661926,6.53528e-05,1.9039129
160,27.0,Baseline,0.9459176,0.5008765,-0.109355964,1.5202549e-05,1.8885247
160,27.5,Baseline,0.9496552,0.5066173,-0.112004876,2.539262e-06,1.8745021
160,28.0,Baseline,0.9530269,0.51194257,-0.11454306,2.9025423e-07,1.8615894
160,28.5,Baseline,0.95593035,0.516864,-0.11695124,2.1573129e-08,1.8494813
160,29.0,Baseline,0.95832276,0.5214343,-0.11921625,9.816531e-10,1.837859
160,29.5,Baseline,0.96021473,0.52572787,-0.12133066,2.5706203e-11,1.8264482
160,30.0,Baseline,0.9616447,0.5298165,-0.12329216,3.6023097e-13,1.8150524
641,-30.0,Baseline,-0.89690375,0.3448837,0.09332063,1.9359975e-13,-2.6005976
641,-29.5,Baseline,-0.884109,0.34116066,0.08988359,1.2933881e-11,-2.591474
641,-29.0,Baseline,-0.8709427,0.33734876,0.08635932,4.6416906e-10,-2.581728
641,-28.5,Baseline,-0.8574121,0.33345294,0.08275273,9.576488e-09,-2.5713136
641,-28.0,Baseline,-0.8435203,0.3294788,0.07906823,1.210051e-07,-2.5601656
641,-27.5,Baseline,-0.82927006,0.3254335,0.075311,9.912833e-07,-2.5482013
641,-27.0,Baseline,-0.81466126,0.32132506,0.07148608,5.5406476e-06,-2.5353181
641,-26.5,Baseline,-0.7996951,0.3171608,0.067599215,2.2171336e-05,-2.5214186
641,-26.0,Baseline,-0.78437066,0.31295094,0.063656375,6.6238346e-05,-2.5063694
641,-25.5,Baseline,-0.7686908,0.30870578,0.059664667,0.0001537259,-2.4900436
641,-25.0,Baseline,-0.75266224,0.30443588,0.05563181,0.00028744817,-2.4723177
641,-24.5,Baseline,-0.7363026,0.30015326,0.051567655,0.0004491765,-2.453089
641,-24.0,Baseline,-0.7196408,0.29586893,0.047484554,0.0006083681,-2.4322958
641,-23.5,Baseline,-0.7027235,0.2915929,0.043397885,0.0007419077,-2.4099472
641,-23.0,Baseline,-0.6856097,0.28733623,0.039325725,0.0008481749,-2.3860886
641,-22.5,Baseline,-0.66836476,0.28311035,0.035286173,0.0009439753,-2.3607924
641,-22.0,Baseline,-0.6510391,0.2789286,0.031294677,0.0010491483,-2.334071
641,-21.5,Baseline,-0.6336622,0.27480724,0.027360087,0.0011738838,-2.3058424
641,-21.0,Baseline,-0.6162449,0.2707613,0.02348565,0.0013144528,-2.2759712
641,-20.5,Baseline,-0.5987906,0.2668018,0.019671649,0.0014580853,-2.2443273
641,-20.0,Baseline,-0.58131254,0.26293325,0.015917743,0.0015906745,-2.210875
641,-19.5,Baseline,-0.56383646,0.2591524,0.012224806,0.0017043565,-2.1756945
641,-19.0,Baseline,-0.54639256,0.2554493,0.008594185,0.0017968966,-2.1389472
641,-18.5,Baseline,-0.52901703,0.25180903,0.005028367,0.0018699728,-2.100866
641,-18.0,Baseline,-0.51174676,0.24821493,0.0015302598,0.0019275802,-2.0617082
641,-17.5,Baseline,-0.49462074,0.24464898,-0.0018965423,0.0019745785,-2.021757
641,-17.0,Baseline,-0.4776774,0.24109551,-0.0052478253,0.0020152396,-1.9812787
641,-16.5,Baseline,-0.46094754,0.23754063,-0.008519572,0.0020531612,-1.9404998
641,-16.0,Baseline,-0.44445586,0.23397067,-0.011707306,0.0020908793,-1.8996221
641,-15.5,Baseline,-0.42823076,0.23036708,-0.014805269,0.0021306348,-1.858906
641,-15.0,Baseline,-0.4123111,0.22670329,-0.017804723,0.0021752415,-1.8187257
641,-14.5,Baseline,-0.39675245,0.22295287,-0.020692807,0.002229393,-1.779535
641,-14.0,Baseline,-0.38161668,0.21911483,-0.023451675,0.002298404,-1.7416288
641,-13.5,Baseline,-0.3669798,0.21523383,-0.026058633,0.0023863772,-1.7050284
641,-13.0,Baseline,-0.3529331,0.21137781,-0.028492635,0.0024966565,-1.669679
641,-12.5,Baseline,-0.33957753,0.20759614,-0.030739402,0.002634736,-1.6357603
641,-12.0,Baseline,-0.32697558,0.20390736,-0.032793097,0.0028106475,-1.6035497
641,-11.5,Baseline,-0.3150877,0.20031257,-0.034652192,0.0030392234,-1.5729802
641,-11.0,Baseline,-0.30380177,0.19680946,-0.0363174,0.0033376364,-1.543634
641,-10.5,Baseline,-0.2930218,0.1933983,-0.037791513,0.0037238132,-1.5151209
641,-10.0,Baseline,-0.28272727,0.19007783,-0.039080597,0.0042186077,-1.487429
641,-9.5,Baseline,-0.27297974,0.1868361,-0.04019422,0.0048500933,-1.4610653
641,-9.0,Baseline,-0.26392055,0.1836463,-0.041141503,0.0056575206,-1.4371133
641,-8.5,Baseline,-0.25576913,0.18046533,-0.041926697,0.0066935862,-1.4172758
641,-8.0,Baseline,-0.24878666,0.17724636,-0.0425412,0.008024305,-1.4036207
641,-7.5,Baseline,-0.24316798,0.17396475,-0.042955436,0.009722479,-1.3978003
641,-7.0,Baseline,-0.23885387,0.17065497,-0.04312164,0.01184929,-1.3996303
641,-6.5,Baseline,-0.23534417,0.16742696,-0.042999752,0.014417607,-1.4056528
641,-6.0,Baseline,-0.2316848,0.164423,-0.042599536,0.01735212,-1.4090778
641,-5.5,Baseline,-0.22673318,0.16174188,-0.04200099,0.020479001,-1.401821
641,-5.0,Baseline,-0.21950407,0.15940669,-0.04133003,0.023522777,-1.3770066
641,-4.5,Baseline,-0.20924816,0.15740451,-0.040708274,0.02607526,-1.3293657
641,-4.0,Baseline,-0.19541463,0.15573372,-0.040200494,0.027625302,-1.2547997
641,-3.5,Baseline,-0.1778282,0.15441675,-0.0397978,0.027748043,-1.151612
641,-3.0,Baseline,-0.15681688,0.15348002,-0.039473526,0.026458943,-1.0217414
641,-2.5,Baseline,-0.13302696,0.15291743,-0.039199047,0.024361972,-0.8699267
641,-2.0,Baseline,-0.10722044,0.15266661,-0.038912304,0.022382976,-0.70231754
641,-1.5,Baseline,-0.0801989,0.15260024,-0.038523927,0.02194963,-0.52554893
641,-1.0,Baseline,-0.052682012,0.15246005,-0.037959706,0.02701375,-0.34554633
641,-0.5,Baseline,-0.024632007,0.15196708,-0.037294473,0.051586375,-0.16208778
641,0.0,Baseline,0.0047666132,0.15124597,-0.03675408,0.13114536,0.03151564
641,0.5,Baseline,0.0351879,0.1507611,-0.03635155,0.25211936,0.23340173
641,1.0,Baseline,0.06530541,0.15068592,-0.035884395,0.30797952,0.4333876
641,1.5,Baseline,0.0946939,0.15093225,-0.035293378,0.29673398,0.6273934
641,2.0,Baseline,0.1234947,0.15145484,-0.034639534,0.26614958,0.81538963
641,2.5,Baseline,0.15187863,0.15225115,-0.033969812,0.23591869,0.99755317
641,3.0,Baseline,0.18002483,0.1533179,-0.03331431,0.20984955,1.1741931
641,3.5,Baseline,0.20804453,0.1546443,-0.03269348,0.18827014,1.3453101
641,4.0,Baseline,0.23594828,0.15622158,-0.032127194,0.17085616,1.5103437
641,4.5,Baseline,0.26366243,0.15804796,-0.03163887,0.15691723,1.6682432
641,5.0,Baseline,0.29106107,0.16012646,-0.031248827,0.14559822,1.817695
641,5.5,Baseline,0.31800255,0.16245624,-0.03096965,0.13607904,1.9574659
641,6.0,Baseline,0.344371,0.16502534,-0.030808935,0.12762114,2.0867765
641,6.5,Baseline,0.37007752,0.16781117,-0.030770713,0.11957849,2.205321
641,7.0,Baseline,0.39503103,0.17078722,-0.030854547,0.111452185,2.3130012
641,7.5,Baseline,0.41913927,0.17392789,-0.031057771,0.102974124,2.409845
641,8.0,Baseline,0.4423831,0.17720851,-0.031384338,0.09411774,2.4963987
641,8.5,Baseline,0.46489137,0.18060422,-0.03185441,0.08497939,2.5740893
641,9.0,Baseline,0.48689324,0.18409443,-0.032502793,0.075633146,2.6448016
641,9.5,Baseline,0.5085647,0.18767309,-0.033364188,0.06612242,2.7098434
641,10.0,Baseline,0.5299924,0.19134668,-0.03446485,0.056625318,2.769802
641,10.5,Baseline,0.5512478,0.1951229,-0.0358211,0.047527913,2.8251312
641,11.0,Baseline,0.5723288,0.19901006,-0.03742993,0.039245617,2.8758788
641,11.5,Baseline,0.5930257,0.20302519,-0.039261132,0.032056425,2.9209464
641,12.0,Baseline,0.61295587,0.20719236,-0.041272666,0.026087532,2.9583902
641,12.5,Baseline,0.6317779,0.21152794,-0.043428313,0.021326555,2.9867349
641,13.0,Baseline,0.64932823,0.2160294,-0.045695532,0.017626893,3.00574
641,13.5,Baseline,0.66568077,0.22068042,-0.0480534,0.014771647,3.0164924
641,14.0,Baseline,0.6810754,0.22546278,-0.050497938,0.012544495,3.0207887
641,14.5,Baseline,0.69576573,0.23036505,-0.053034537,0.010769932,3.0202746
641,15.0,Baseline,0.7099369,0.235384,-0.055673502,0.009324181,3.0160797
641,15.5,Baseline,0.72379935,0.2405235,-0.05844322,0.008131759,3.0092666
641,16.0,Baseline,0.7376752,0.2457894,-0.061399113,0.0071482016,3.001249
641,16.5,Baseline,0.7520194,0.2511771,-0.06461982,0.006343068,2.9939806
641,17.0,Baseline,0.7674222,0.2566594,-0.06819385,0.005688207,2.9900415
641,17.5,Baseline,0.7846093,0.26218814,-0.0722088,0.005152716,2.9925432
641,18.0,Baseline,0.8043797,0.2677156,-0.07674154,0.004695499,3.0046053
641,18.5,Baseline,0.82727766,0.27321994,-0.08182682,0.004275055,3.0278816
641,19.0,Baseline,0.8531406,0.27871722,-0.08741419,0.0038613565,3.060954
641,19.5,Baseline,0.8810041,0.28424755,-0.093364164,0.0034427748,3.0994256
641,20.0,Baseline,0.90955365,0.28984928,-0.09950258,0.0030209825,3.1380227
641,20.5,Baseline,0.9376614,0.29554516,-0.10568273,0.0026044433,3.17265
641,21.0,Baseline,0.96462727,0.30134726,-0.11181053,0.0022067209,3.2010489
641,21.5,Baseline,0.9901345,0.30725652,-0.11783657,0.001843146,3.222501
641,22.0,Baseline,1.0141487,0.31325865,-0.123742126,0.0015267107,3.2374165
641,22.5,Baseline,1.0368228,0.31931293,-0.12952831,0.0012650327,3.247043
641,23.0,Baseline,1.0584145,0.32535684,-0.135206,0.0010522116,3.253088
641,23.5,Baseline,1.0791836,0.33132777,-0.14078426,0.0008675114,3.257148
641,24.0,Baseline,1.0993122,0.33718875,-0.14626053,0.00068661955,3.260228
641,24.5,Baseline,1.1188645,0.3429337,-0.1516208,0.00049794244,3.2626262
641,25.0,Baseline,1.1378151,0.3485729,-0.15684597,0.0003153067,3.2642097
641,25.5,Baseline,1.1561003,0.35411614,-0.1619184,0.00016677089,3.2647488
641,26.0,Baseline,1.1736579,0.35956508,-0.16682626,7.081875e-05,3.2641041
641,26.5,Baseline,1.1904545,0.36491406,-0.17156377,2.3243356e-05,3.2622871
641,27.0,Baseline,1.2064848,0.37015355,-0.17612979,5.669509e-06,3.259417
641,27.5,Baseline,1.2217617,0.37527442,-0.18052539,9.856348e-07,3.2556489
641,28.0,Baseline,1.236306,0.38026768,-0.18475299,1.16550616e-07,3.2511466
641,28.5,Baseline,1.2501342,0.38512892,-0.18881424,8.9246335e-09,3.246015
641,29.0,Baseline,1.2632577,0.38985687,-0.1927096,4.177643e-10,3.2403116
641,29.5,Baseline,1.2756757,0.39445287,-0.19643848,1.12653055e-11,3.234038
641,30.0,Baseline,1.287381,0.39892,-0.19999945,1.6303914e-13,3.227166
1597,-30.0,Baseline,-0.8610501,0.31326103,0.09728636,1.0337557e-09,-2.7486665
1597,-29.5,Baseline,-0.8482324,0.30956495,0.09374423,6.843227e-08,-2.740079
1597,-29.0,Baseline,-0.8349644,0.30579868,0.090106614,2.384063e-06,-2.7304382
1597,-28.5,Baseline,-0.82124966,0.301965,0.08637823,4.676698e-05,-2.719685
1597,-28.0,Baseline,-0.8070907,0.29806662,0.08256444,0.0005502247,-2.7077527
1597,-27.5,Baseline,-0.79248965,0.29410538,0.0786708,0.0041019097,-2.6945772
1597,-27.0,Baseline,-0.7774497,0.2900826,0.074703485,0.020223413,-2.6800978
1597,-26.5,Baseline,-0.76197267,0.28599894,0.07066893,0.06789925,-2.66425
1597,-26.0,Baseline,-0.7460618,0.2818553,0.06657436,0.15915819,-2.6469676
1597,-25.5,Baseline,-0.7297211,0.2776527,0.06242708,0.2742631,-2.6281793
1597,-25.0,Baseline,-0.7129554,0.27339247,0.058235653,0.37613642,-2.6078093
1597,-24.5,Baseline,-0.6957681,0.2690755,0.054008324,0.4439845,-2.5857728
1597,-24.0,Baseline,-0.67816246,0.26470527,0.049754433,0.4765307,-2.561953
1597,-23.5,Baseline,-0.66013974,0.26028582,0.045484304,0.48080617,-2.5362108
1597,-23.0,Baseline,-0.6417033,0.25582346,0.041209567,0.466396,-2.5083833
1597,-22.5,Baseline,-0.6228628,0.25132787,0.036945093,0.4439833,-2.478288
1597,-22.0,Baseline,-0.60364705,0.24681133,0.032708574,0.4235827,-2.4457834
1597,-21.5,Baseline,-0.58411634,0.24228947,0.02851997,0.41177934,-2.4108202
1597,-21.0,Baseline,-0.5643766,0.2377784,0.024400394,0.4098549,-2.3735402
1597,-20.5,Baseline,-0.54456544,0.23329324,0.020368855,0.4150686,-2.334253
1597,-20.0,Baseline,-0.52482057,0.22884706,0.0164407,0.42331392,-2.2933245
1597,-19.5,Baseline,-0.5052378,0.22444932,0.012623799,0.4314414,-2.2510107
1597,-19.0,Baseline,-0.48587197,0.22010683,0.008921343,0.43753704,-2.207437
1597,-18.5,Baseline,-0.46676248,0.21582194,0.005334693,0.44072694,-2.1627202
1597,-18.0,Baseline,-0.44796228,0.21159333,0.0018668115,0.44084728,-2.1170907
1597,-17.5,Baseline,-0.42952466,0.20741399,-0.0014799297,0.438136,-2.0708568
1597,-17.0,Baseline,-0.41146874,0.2032739,-0.0047065793,0.4330441,-2.0242083
1597,-16.5,Baseline,-0.39375943,0.19916356,-0.007819861,0.42622277,-1.9770657
1597,-16.0,Baseline,-0.3763218,0.1950773,-0.0108302655,0.41852492,-1.9290906
1597,-15.5,Baseline,-0.35908133,0.1910133,-0.013748532,0.41095155,-1.879876
1597,-15.0,Baseline,-0.34200662,0.18697044,-0.016582388,0.4044033,-1.8292016
1597,-14.5,Baseline,-0.32511503,0.18294749,-0.019335562,0.39944467,-1.7770948
1597,-14.0,Baseline,-0.30843854,0.17894502,-0.02200966,0.39624003,-1.7236497
1597,-13.5,Baseline,-0.291997,0.17496476,-0.024603909,0.39472392,-1.6688904
1597,-13.0,Baseline,-0.27581123,0.1710061,-0.027112061,0.39478168,-1.6128737
1597,-12.5,Baseline,-0.25992352,0.16706677,-0.029521465,0.39643067,-1.5558063
1597,-12.0,Baseline,-0.2443907,0.16314691,-0.03181683,0.39986414,-1.4979793
1597,-11.5,Baseline,-0.22928005,0.15925953,-0.033981007,0.40524605,-1.439663
1597,-11.0,Baseline,-0.21469462,0.15543711,-0.03599308,0.41226283,-1.3812314
1597,-10.5,Baseline,-0.20080194,0.15172723,-0.037830412,0.419983,-1.3234403
1597,-10.0,Baseline,-0.18778771,0.14815542,-0.03948182,0.4276041,-1.2675048
1597,-9.5,Baseline,-0.17576694,0.14469045,-0.040953796,0.4354609,-1.2147791
1597,-9.0,Baseline,-0.16478086,0.14126243,-0.042256504,0.44471353,-1.1664875
1597,-8.5,Baseline,-0.15487692,0.13781638,-0.043389313,0.45619908,-1.1237918
1597,-8.0,Baseline,-0.14614984,0.13432956,-0.044342417,0.469931,-1.0879947
1597,-7.5,Baseline,-0.13875833,0.13080001,-0.045102745,0.48524225,-1.0608435
1597,-7.0,Baseline,-0.1329673,0.12723343,-0.04565052,0.50129724,-1.0450656
1597,-6.5,Baseline,-0.12917078,0.123638734,-0.045949757,0.5178432,-1.0447435
1597,-6.0,Baseline,-0.12782165,0.12002867,-0.0459385,0.53525203,-1.064926
1597,-5.5,Baseline,-0.12925872,0.11643489,-0.045531254,0.5533029,-1.1101373
1597,-5.0,Baseline,-0.13355444,0.11292593,-0.044644594,0.57030624,-1.182673
1597,-4.5,Baseline,-0.1404738,0.10959479,-0.043238115,0.5839552,-1.2817562
1597,-4.0,Baseline,-0.14923395,0.106512025,-0.041403003,0.5921989,-1.4010996
1597,-3.5,Baseline,-0.15702799,0.10370296,-0.039551105,0.592731,-1.5142093
1597,-3.0,Baseline,-0.1575177,0.10126919,-0.03833635,0.58341354,-1.5554355
1597,-2.5,Baseline,-0.14584523,0.09943014,-0.037933733,0.5647857,-1.4668112
1597,-2.0,Baseline,-0.12413895,0.09825197,-0.037954986,0.54112697,-1.2634754
1597,-1.5,Baseline,-0.09711295,0.09763865,-0.037956014,0.52684194,-0.99461585
1597,-1.0,Baseline,-0.06785162,0.09744324,-0.037697952,0.5456052,-0.6963194
1597,-0.5,Baseline,-0.037732482,0.09752454,-0.037173573,0.60804737,-0.38690245
1597,0.0,Baseline,-0.006813556,0.09783985,-0.03656335,0.6969371,-0.069639884
1597,0.5,Baseline,0.025033057,0.09841195,-0.036010068,0.77588797,0.2543701
1597,1.0,Baseline,0.057314754,0.09925877,-0.03550796,0.82403135,0.57742757
1597,1.5,Baseline,0.08972433,0.10036527,-0.035052504,0.84886366,0.8939779
1597,2.0,Baseline,0.1222029,0.1017218,-0.034679644,0.86072326,1.2013443
1597,2.5,Baseline,0.15443012,0.10332617,-0.03439021,0.86463016,1.4945886
1597,3.0,Baseline,0.18603238,0.105167985,-0.034165125,0.863613,1.768907
1597,3.5,Baseline,0.21683002,0.10722698,-0.033997733,0.8603855,2.022159
1597,4.0,Baseline,0.24685869,0.10947866,-0.033902775,0.8571412,2.2548566
1597,4.5,Baseline,0.27623826,0.1119034,-0.03390231,0.8549527,2.468542
1597,5.0,Baseline,0.30505392,0.114492156,-0.034013458,0.8539377,2.664409
1597,5.5,Baseline,0.33331838,0.117245354,-0.034247767,0.8537701,2.8429134
1597,6.0,Baseline,0.36099607,0.120169945,-0.03461425,0.85412514,3.0040462
1597,6.5,Baseline,0.38802683,0.12327495,-0.035119914,0.8548485,3.1476536
1597,7.0,Baseline,0.4143663,0.12656884,-0.035769057,0.8558403,3.2738414
1597,7.5,Baseline,0.4400124,0.13005653,-0.03656574,0.856836,3.3832395
1597,8.0,Baseline,0.46500626,0.13373788,-0.037520636,0.85730046,3.4769974
1597,8.5,Baseline,0.48939437,0.13760602,-0.038653176,0.8565473,3.5564895
1597,9.0,Baseline,0.5131955,0.14165264,-0.039985925,0.8538053,3.6229153
1597,9.5,Baseline,0.5364033,0.1458758,-0.041529965,0.84811133,3.6771233
1597,10.0,Baseline,0.558987,0.15028122,-0.043285042,0.83848506,3.7196066
1597,10.5,Baseline,0.58089584,0.15486304,-0.045269083,0.82475233,3.7510295
1597,11.0,Baseline,0.60213697,0.15960163,-0.047512073,0.8077502,3.7727494
1597,11.5,Baseline,0.62280536,0.16447872,-0.050021507,0.7886385,3.7865407
1597,12.0,Baseline,0.6430318,0.16947629,-0.052779704,0.7684095,3.7942286
1597,12.5,Baseline,0.66292584,0.17457761,-0.055758335,0.7477717,3.797313
1597,13.0,Baseline,0.6825443,0.17977595,-0.058934152,0.7272062,3.7966385
1597,13.5,Baseline,0.70188445,0.18507607,-0.062298417,0.70702463,3.7924106
1597,14.0,Baseline,0.7209145,0.19048421,-0.065854415,0.6872795,3.7846417
1597,14.5,Baseline,0.7396239,0.19599664,-0.069606975,0.66767275,3.773656
1597,15.0,Baseline,0.7580571,0.20159471,-0.07355155,0.64778185,3.7603025
1597,15.5,Baseline,0.7762837,0.20725669,-0.07766908,0.62759864,3.7455182
1597,16.0,Baseline,0.7943697,0.21296585,-0.08192889,0.6076976,3.7300334
1597,16.5,Baseline,0.8123609,0.21871835,-0.08629827,0.5889374,3.7141871
1597,17.0,Baseline,0.8302686,0.22452205,-0.09075217,0.5720456,3.697938
1597,17.5,Baseline,0.84805167,0.23038988,-0.0952733,0.5576072,3.6809416
1597,18.0,Baseline,0.8656342,0.2363331,-0.09984875,0.54575515,3.6627717
1597,18.5,Baseline,0.8829793,0.24235418,-0.10447462,0.5359834,3.6433425
1597,19.0,Baseline,0.90015346,0.24843694,-0.1091584,0.5272737,3.6232674
1597,19.5,Baseline,0.9173219,0.25454715,-0.11391272,0.51888186,3.6037407
1597,20.0,Baseline,0.9346694,0.26064935,-0.118744805,0.5106427,3.5859263
1597,20.5,Baseline,0.9522877,0.26673037,-0.123645686,0.50257915,3.570226
1597,21.0,Baseline,0.97013855,0.2728012,-0.12859282,0.49475974,3.5562108
1597,21.5,Baseline,0.9881131,0.27887854,-0.13356222,0.4874627,3.5431666
1597,22.0,Baseline,1.0060993,0.28497347,-0.13853748,0.48110452,3.5305018
1597,22.5,Baseline,1.0240164,0.29108724,-0.14350846,0.4757612,3.517902
1597,23.0,Baseline,1.0418075,0.2972141,-0.14846644,0.4693357,3.5052428
1597,23.5,Baseline,1.059435,0.3033424,-0.1533998,0.45624793,3.4925385
1597,24.0,Baseline,1.0768617,0.30945677,-0.15829304,0.42852902,3.4798455
1597,24.5,Baseline,1.0940559,0.31554097,-0.16312997,0.37786353,3.467239
1597,25.0,Baseline,1.1109917,0.32157582,-0.16789685,0.30041024,3.454836
1597,25.5,Baseline,1.1276515,0.32754046,-0.17258404,0.20345797,3.4427853
1597,26.0,Baseline,1.1440225,0.33341545,-0.1771852,0.10975601,3.4312222
1597,26.5,Baseline,1.1600939,0.33918458,-0.18169633,0.044428438,3.4202435
1597,27.0,Baseline,1.175853,0.34483743,-0.18611436,0.012982076,3.4098763
1597,27.5,Baseline,1.1912881,0.35036844,-0.19043697,0.0026633765,3.4001012
1597,28.0,Baseline,1.2063822,0.355775,-0.19466153,0.00037018748,3.390857
1597,28.5,Baseline,1.2211213,0.36105675,-0.19878569,3.3286553e-05,3.3820758
1597,29.0,Baseline,1.2354877,0.3662134,-0.20280638,1.8251768e-06,3.3736823
1597,29.5,Baseline,1.249463,0.37124437,-0.20672067,5.7357315e-08,3.3656077
1597,30.0,Baseline,1.2630299,0.37614813,-0.2105254,9.601686e-10,3.3577993
3020,-30.0,Baseline,-0.85869277,0.31346193,0.10160986,4.2344453e-08,-2.7393847
3020,-29.5,Baseline,-0.8447534,0.3091236,0.09793098,2.8318727e-06,-2.7327366
3020,-29.0,Baseline,-0.8304266,0.30472076,0.09416868,9.976379e-05,-2.7252052
3020,-28.5,Baseline,-0.81571746,0.30025887,0.09032723,0.00197163,-2.716714
3020,-28.0,Baseline,-0.8006282,0.29574212,0.08641069,0.022829203,-2.7071834
3020,-27.5,Baseline,-0.7851607,0.2911742,0.08242336,0.14850655,-2.6965325
3020,-27.0,Baseline,-0.76931584,0.28655884,0.078369685,0.46374032,-2.6846697
3020,-26.5,Baseline,-0.7530986,0.2818981,0.074254856,0.74952036,-2.6715276
3020,-26.0,Baseline,-0.73651755,0.27719507,0.07008487,0.8831314,-2.657037
3020,-25.5,Baseline,-0.71958494,0.27245158,0.06586653,0.93569386,-2.641148
3020,-25.0,Baseline,-0.7023198,0.26767027,0.061608095,0.9570089,-2.6238244
3020,-24.5,Baseline,-0.6847447,0.2628534,0.057318725,0.96571976,-2.6050441
3020,-24.0,Baseline,-0.66688645,0.258004,0.053009175,0.9683814,-2.584791
3020,-23.5,Baseline,-0.6487724,0.25312412,0.048691224,0.9673639,-2.5630605
3020,-23.0,Baseline,-0.6304349,0.24821658,0.044379387,0.9635938,-2.5398579
3020,-22.5,Baseline,-0.6119063,0.24328451,0.04009034,0.95770085,-2.515188
3020,-22.0,Baseline,-0.5932236,0.23833291,0.035844225,0.95070875,-2.4890544
3020,-21.5,Baseline,-0.5744243,0.23336844,0.031662546,0.94428766,-2.4614482
3020,-21.0,Baseline,-0.5555346,0.22840127,0.027564239,0.94005173,-2.4322746
3020,-20.5,Baseline,-0.5365647,0.22344287,0.023561185,0.9385203,-2.4013507
3020,-20.0,Baseline,-0.51751196,0.21850617,0.019657468,0.9390314,-2.368409
3020,-19.5,Baseline,-0.4983726,0.21360306,0.015851121,0.94061,-2.3331716
3020,-19.0,Baseline,-0.47914422,0.20874347,0.012137527,0.94249904,-2.2953734
3020,-18.5,Baseline,-0.45982844,0.20393273,0.008511168,0.9442833,-2.2548044
3020,-18.0,Baseline,-0.44042933,0.19917098,0.0049678087,0.9458067,-2.2113128
3020,-17.5,Baseline,-0.4209568,0.19445316,0.0015054762,0.9470485,-2.1648235
3020,-17.0,Baseline,-0.40143475,0.18977308,-0.0018749356,0.9480452,-2.1153407
3020,-16.5,Baseline,-0.38189518,0.18512514,-0.005170715,0.9488705,-2.062903
3020,-16.0,Baseline,-0.36238593,0.18050164,-0.008378804,0.9496116,-2.0076602
3020,-15.5,Baseline,-0.34296924,0.17589295,-0.011496907,0.95034117,-1.9498749
3020,-15.0,Baseline,-0.323713,0.17129312,-0.014523208,0.951079,-1.889819
3020,-14.5,Baseline,-0.30468237,0.16670641,-0.017454201,0.9518032,-1.8276584
3020,-14.0,Baseline,-0.28592968,0.16214505,-0.020284425,0.95246685,-1.7634192
3020,-13.5,Baseline,-0.26749688,0.15762123,-0.02300694,0.9530144,-1.6970866
3020,-13.0,Baseline,-0.24941978,0.15313932,-0.025614273,0.9533988,-1.6287115
3020,-12.5,Baseline,-0.23174277,0.14870213,-0.028098386,0.95361316,-1.5584362
3020,-12.0,Baseline,-0.21453747,0.14432201,-0.030449688,0.95369273,-1.4865195
3020,-11.5,Baseline,-0.19789797,0.1400223,-0.032657303,0.9537021,-1.4133319
3020,-11.0,Baseline,-0.18191439,0.13582358,-0.03471359,0.95372635,-1.3393432
3020,-10.5,Baseline,-0.16663608,0.1317295,-0.036616784,0.95386964,-1.2649869
3020,-10.0,Baseline,-0.1520674,0.12772718,-0.038367044,0.95422,-1.190564
3020,-9.5,Baseline,-0.13823342,0.123802826,-0.03995824,0.95476997,-1.1165612
3020,-9.0,Baseline,-0.12526932,0.11995849,-0.041371327,0.95533764,-1.0442723
3020,-8.5,Baseline,-0.11344159,0.11620853,-0.042579014,0.955629,-0.97618985
3020,-8.0,Baseline,-0.10297495,0.11254131,-0.04357496,0.9555788,-0.9149969
3020,-7.5,Baseline,-0.09393799,0.10890548,-0.044383403,0.9555022,-0.86256444
3020,-7.0,Baseline,-0.086417675,0.10525559,-0.04502516,0.95572025,-0.8210269
3020,-6.5,Baseline,-0.08065528,0.10158467,-0.045495395,0.9562807,-0.79397094
3020,-6.0,Baseline,-0.07702631,0.09791775,-0.045765046,0.9570328,-0.78664297
3020,-5.5,Baseline,-0.07598129,0.09429455,-0.045778733,0.9578768,-0.80578667
3020,-5.0,Baseline,-0.07792652,0.090755954,-0.04544837,0.9589874,-0.85863805
3020,-4.5,Baseline,-0.08319309,0.087348655,-0.044649087,0.9606392,-0.9524256
3020,-4.0,Baseline,-0.092374414,0.0841251,-0.043214727,0.96283317,-1.09806
3020,-3.5,Baseline,-0.106872484,0.081105955,-0.04094439,0.9652722,-1.3176898
3020,-3.0,Baseline,-0.12730901,0.07821815,-0.03795034,0.96733934,-1.6276147
3020,-2.5,Baseline,-0.14334354,0.07547568,-0.035878774,0.9681097,-1.8992018
3020,-2.0,Baseline,-0.13637555,0.07359619,-0.03592922,0.9680836,-1.8530246
3020,-1.5,Baseline,-0.11008218,0.07283884,-0.0367184,0.9695212,-1.5113115
3020,-1.0,Baseline,-0.07645847,0.07283209,-0.037380733,0.97365427,-1.0497909
3020,-0.5,Baseline,-0.041503727,0.07322386,-0.037618566,0.97840434,-0.5668061
3020,0.0,Baseline,-0.0067355633,0.0738625,-0.037528817,0.98197937,-0.09119057
3020,0.5,Baseline,0.027646422,0.074751094,-0.037276663,0.9843115,0.3698464
3020,1.0,Baseline,0.06159395,0.07591415,-0.036966544,0.98582315,0.8113632
3020,1.5,Baseline,0.09505767,0.07735858,-0.03665888,0.98700863,1.2287928
3020,2.0,Baseline,0.12790337,0.07907068,-0.03639673,0.98810273,1.6175828
3020,2.5,Baseline,0.16000059,0.081021495,-0.036211044,0.9889625,1.9747919
3020,3.0,Baseline,0.19136506,0.0831792,-0.03611651,0.989593,2.300636
3020,3.5,Baseline,0.2221191,0.08551997,-0.036118872,0.9901841,2.5972774
3020,4.0,Baseline,0.25236475,0.0880338,-0.036221623,0.99055594,2.8666801
3020,4.5,Baseline,0.28212506,0.090723544,-0.03642744,0.9905723,3.1097226
3020,5.0,Baseline,0.3113238,0.09360026,-0.036740202,0.99033946,3.3260996
3020,5.5,Baseline,0.33977577,0.0966791,-0.037167884,0.9899873,3.5144699
3020,6.0,Baseline,0.36723977,0.09997554,-0.03772179,0.98959166,3.6732962
3020,6.5,Baseline,0.3935449,0.10349832,-0.038415562,0.98919404,3.802428
3020,7.0,Baseline,0.418698,0.10724431,-0.03926798,0.9888255,3.9041512
3020,7.5,Baseline,0.44286472,0.11120153,-0.04030441,0.988489,3.9825416
3020,8.0,Baseline,0.46626934,0.1153616,-0.04154723,0.98813754,4.041807
3020,8.5,Baseline,0.4891239,0.11972908,-0.042993017,0.98768336,4.0852556
3020,9.0,Baseline,0.5115183,0.12430996,-0.044627875,0.9870438,4.114862
3020,9.5,Baseline,0.533342,0.12908818,-0.046471532,0.98617935,4.13161
3020,10.0,Baseline,0.5544926,0.13404424,-0.048545755,0.9850582,4.1366386
3020,10.5,Baseline,0.57498103,0.13917196,-0.05085503,0.9836453,4.131443
3020,11.0,Baseline,0.5948969,0.14446044,-0.053397965,0.981939,4.118061
3020,11.5,Baseline,0.6143868,0.1498886,-0.05617087,0.97998846,4.098956
3020,12.0,Baseline,0.6335876,0.15543866,-0.0591712,0.9778823,4.076126
3020,12.5,Baseline,0.65256405,0.16110782,-0.062405575,0.97573096,4.0504804
3020,13.0,Baseline,0.6712942,0.16690052,-0.06588884,0.9736466,4.022122
3020,13.5,Baseline,0.68973565,0.17280708,-0.06962709,0.9717091,3.991362
3020,14.0,Baseline,0.7079184,0.17879477,-0.073595285,0.96993333,3.9593909
3020,14.5,Baseline,0.7259484,0.18483055,-0.07773985,0.9683077,3.927643
3020,15.0,Baseline,0.7439352,0.19090982,-0.0820076,0.9668551,3.8967888
3020,15.5,Baseline,0.76196814,0.19705427,-0.08637078,0.96558404,3.8667934
3020,16.0,Baseline,0.78007805,0.20327754,-0.09081267,0.96439815,3.8375025
3020,16.5,Baseline,0.7982286,0.20957026,-0.095307395,0.96316016,3.8088832
3020,17.0,Baseline,0.8163974,0.21592101,-0.09983869,0.9618269,3.7810004
3020,17.5,Baseline,0.83463115,0.22232778,-0.10441355,0.96046543,3.754057
3020,18.0,Baseline,0.8530085,0.22879183,-0.10904671,0.95909977,3.728317
3020,18.5,Baseline,0.8715886,0.23531179,-0.113746025,0.9576078,3.7039733
3020,19.0,Baseline,0.8903805,0.24187529,-0.11850719,0.95574313,3.6811552
3020,19.5,Baseline,0.9093368,0.24846408,-0.123319365,0.9533383,3.659832
3020,20.0,Baseline,0.92839485,0.2550651,-0.12817399,0.95049536,3.6398346
3020,20.5,Baseline,0.94750273,0.26167738,-0.13306475,0.94769526,3.6208813
3020,21.0,Baseline,0.96662277,0.26831332,-0.13798547,0.94579005,3.6025896
3020,21.5,Baseline,0.98572206,0.2749848,-0.14292933,0.94559693,3.584642
3020,22.0,Baseline,1.0047677,0.2816887,-0.14788868,0.9472657,3.5669436
3020,22.5,Baseline,1.0237294,0.28840566,-0.15285571,0.9501848,3.5496163
3020,23.0,Baseline,1.0425677,0.29510918,-0.1578197,0.9532955,3.5328205
3020,23.5,Baseline,1.0612375,0.30177477,-0.16276756,0.95542395,3.516654
3020,24.0,Baseline,1.0796874,0.308381,-0.1676841,0.9554158,3.5011475
3020,24.5,Baseline,1.0978671,0.31491238,-0.17255364,0.951723,3.4862623
3020,25.0,Baseline,1.1157353,0.32135874,-0.17736363,0.9415167,3.4719307
3020,25.5,Baseline,1.1332562,0.3277123,-0.18210296,0.9182001,3.4580827
3020,26.0,Baseline,1.1504045,0.33396652,-0.18676308,0.86508274,3.44467
3020,26.5,Baseline,1.1671579,0.340115,-0.19133654,0.74163437,3.4316566
3020,27.0,Baseline,1.1834999,0.34615132,-0.19581744,0.48997504,3.4190247
3020,27.5,Baseline,1.199418,0.3520688,-0.20020032,0.18610036,3.4067714
3020,28.0,Baseline,1.2149028,0.35786062,-0.20448093,0.035373062,3.3949049
3020,28.5,Baseline,1.229944,0.36352098,-0.20865493,0.003736551,3.3834195
3020,29.0,Baseline,1.2445349,0.36904413,-0.21271901,0.00022982992,3.37232
3020,29.5,Baseline,1.258666,0.3744251,-0.21666911,7.932515e-06,3.361596
3020,30.0,Baseline,1.272326,0.37965912,-0.22050181,1.4335491e-07,3.3512325
4896,-30.0,Baseline,-0.9243468,0.3401156,0.115390554,2.802355e-08,-2.717743
4896,-29.5,Baseline,-0.9088553,0.334797,0.112256825,2.0520872e-06,-2.714646
4896,-29.0,Baseline,-0.8930619,0.32950455,0.109002575,8.0650156e-05,-2.7103174
4896,-28.5,Baseline,-0.8769673,0.32437533,0.10561858,0.0018156059,-2.7035573
4896,-28.0,Baseline,-0.8607355,0.31958094,0.10210252,0.024553174,-2.6933255
4896,-27.5,Baseline,-0.8442287,0.3150896,0.09846978,0.18582967,-2.679329
4896,-27.0,Baseline,-0.82624525,0.3101842,0.09448996,0.58839506,-2.6637244
4896,-26.5,Baseline,-0.80403626,0.3035036,0.08926849,0.86330175,-2.6491818
4896,-26.0,Baseline,-0.77328205,0.29382342,0.08173683,0.9480549,-2.6317918
4896,-25.5,Baseline,-0.7340285,0.28170434,0.07219921,0.96846,-2.60567
4896,-25.0,Baseline,-0.70134914,0.2715069,0.064319,0.97721714,-2.5831723
4896,-24.5,Baseline,-0.68034923,0.26464078,0.059258603,0.984178,-2.5708406
4896,-24.0,Baseline,-0.6620402,0.2588307,0.054914027,0.9873704,-2.5578117
4896,-23.5,Baseline,-0.64321506,0.2532175,0.050524287,0.9877801,-2.5401683
4896,-23.0,Baseline,-0.6240342,0.24774767,0.04612249,0.9863687,-2.5188298
4896,-22.5,Baseline,-0.6047138,0.24237053,0.0417602,0.98357016,-2.4949973
4896,-22.0,Baseline,-0.5853088,0.23703012,0.03745284,0.97977394,-2.4693434
4896,-21.5,Baseline,-0.5658646,0.23170373,0.03321576,0.9756679,-2.4421904
4896,-21.0,Baseline,-0.5464276,0.22639099,0.029065823,0.97215176,-2.4136455
4896,-20.5,Baseline,-0.5270181,0.22109735,0.025014693,0.96984863,-2.3836472
4896,-20.0,Baseline,-0.50761884,0.21582909,0.02106588,0.9687765,-2.3519483
4896,-19.5,Baseline,-0.48818746,0.21059003,0.017215312,0.96858317,-2.318189
4896,-19.0,Baseline,-0.4686749,0.20538121,0.01345396,0.96884984,-2.2819755
4896,-18.5,Baseline,-0.44904223,0.20020223,0.009772241,0.96927375,-2.2429433
4896,-18.0,Baseline,-0.42926994,0.19505271,0.0061636986,0.9697034,-2.2007895
4896,-17.5,Baseline,-0.40935758,0.18993485,0.0026287616,0.970099,-2.1552527
4896,-17.0,Baseline,-0.3893196,0.18485534,-0.0008269489,0.9704809,-2.1060772
4896,-16.5,Baseline,-0.36918485,0.17982018,-0.004194808,0.9708985,-2.053078
4896,-16.0,Baseline,-0.349014,0.17482848,-0.007468122,0.97140515,-1.9963224
4896,-15.5,Baseline,-0.32889062,0.16987151,-0.010645079,0.9720426,-1.9361141
4896,-15.0,Baseline,-0.3089011,0.16493991,-0.013725156,0.97281444,-1.8728099
4896,-14.5,Baseline,-0.28912118,0.16002536,-0.01670441,0.97368324,-1.8067211
4896,-14.0,Baseline,-0.26961657,0.15512228,-0.019575149,0.97458446,-1.7380906
4896,-13.5,Baseline,-0.250444,0.15022992,-0.022328418,0.9754572,-1.6670713
4896,-13.0,Baseline,-0.23164955,0.14535438,-0.024956405,0.9762684,-1.5936881
4896,-12.5,Baseline,-0.2132726,0.14051113,-0.027453769,0.9770254,-1.5178343
4896,-12.0,Baseline,-0.19535589,0.13572478,-0.029817205,0.97775316,-1.4393531
4896,-11.5,Baseline,-0.1779519,0.13102399,-0.03204415,0.9784631,-1.3581628
4896,-11.0,Baseline,-0.16111162,0.12642835,-0.03412952,0.97915447,-1.2743315
4896,-10.5,Baseline,-0.14487496,0.12193838,-0.036064275,0.9798427,-1.1880997
4896,-10.0,Baseline,-0.12929782,0.117546745,-0.03783543,0.9805593,-1.0999694
4896,-9.5,Baseline,-0.11447492,0.11325758,-0.03942569,0.98132014,-1.0107484
4896,-9.0,Baseline,-0.10052127,0.109086275,-0.040818222,0.9820973,-0.9214841
4896,-8.5,Baseline,-0.0875164,0.105037086,-0.04201023,0.98283803,-0.8331952
4896,-8.0,Baseline,-0.07549244,0.101088926,-0.043018498,0.98350304,-0.7467924
4896,-7.5,Baseline,-0.064563006,0.09721814,-0.04385271,0.98404586,-0.6641045
4896,-7.0,Baseline,-0.055027008,0.093421295,-0.044496574,0.98438716,-0.58901995
4896,-6.5,Baseline,-0.0472005,0.08969979,-0.044936243,0.98451275,-0.52620524
4896,-6.0,Baseline,-0.041264474,0.08603907,-0.04518421,0.98453194,-0.4796016
4896,-5.5,Baseline,-0.037497044,0.08243473,-0.045238446,0.9845324,-0.4548695
4896,-5.0,Baseline,-0.036468297,0.078922644,-0.04504843,0.9845158,-0.4620765
4896,-4.5,Baseline,-0.038995415,0.07556781,-0.04450559,0.98458534,-0.5160321
4896,-4.0,Baseline,-0.04598406,0.07242908,-0.043430306,0.9850692,-0.6348839
4896,-3.5,Baseline,-0.058606148,0.06951481,-0.041572906,0.9861709,-0.84307426
4896,-3.0,Baseline,-0.079209626,0.066730686,-0.038609855,0.98751056,-1.1870046
4896,-2.5,Baseline,-0.11027016,0.06383331,-0.034520447,0.9884347,-1.7274704
4896,-2.0,Baseline,-0.13545394,0.060872804,-0.032282054,0.9886741,-2.2251964
4896,-1.5,Baseline,-0.1210292,0.059284437,-0.034608904,0.9891382,-2.0415003
4896,-1.0,Baseline,-0.08307487,0.05926879,-0.037053604,0.99101126,-1.401663
4896,-0.5,Baseline,-0.043750882,0.059849694,-0.03817446,0.99294174,-0.73101264
4896,0.0,Baseline,-0.006278962,0.060685463,-0.03851995,0.99422014,-0.103467315
4896,0.5,Baseline,0.02991119,0.06177378,-0.038551938,0.99494225,0.48420528
4896,1.0,Baseline,0.06478211,0.06315295,-0.038452186,0.99532807,1.0257971
4896,1.5,Baseline,0.09840804,0.06482593,-0.038324792,0.9955649,1.5180352
4896,2.0,Baseline,0.13113692,0.06676224,-0.03824895,0.9957936,1.9642379
4896,2.5,Baseline,0.16326693,0.0689216,-0.038266663,0.9960337,2.3688788
4896,3.0,Baseline,0.19491178,0.07127096,-0.03838647,0.99613345,2.7347994
4896,3.5,Baseline,0.22609958,0.07379327,-0.03859991,0.9960587,3.0639594
4896,4.0,Baseline,0.2568241,0.076491095,-0.038898967,0.99609476,3.3575687
4896,4.5,Baseline,0.28694803,0.079383805,-0.039282706,0.99619484,3.6146922
4896,5.0,Baseline,0.31618595,0.082498014,-0.039756536,0.9960963,3.8326492
4896,5.5,Baseline,0.3442389,0.0858571,-0.040332366,0.9957878,4.00944
4896,6.0,Baseline,0.3709494,0.08946929,-0.041031666,0.9953679,4.1461086
4896,6.5,Baseline,0.3963706,0.093322694,-0.04188483,0.9949286,4.247312
4896,7.0,Baseline,0.4207166,0.09739581,-0.042928196,0.99452597,4.3196583
4896,7.5,Baseline,0.44426754,0.101677164,-0.044187993,0.9941603,4.3693933
4896,8.0,Baseline,0.46726292,0.10617342,-0.045654833,0.9937884,4.400941
4896,8.5,Baseline,0.4897122,0.11088225,-0.047310304,0.9933797,4.416507
4896,9.0,Baseline,0.5114422,0.11578551,-0.0491561,0.9929246,4.417152
4896,9.5,Baseline,0.53237367,0.120880224,-0.051191173,0.9923942,4.404142
4896,10.0,Baseline,0.5525464,0.1261697,-0.053419687,0.9917459,4.3793907
4896,10.5,Baseline,0.57208097,0.13164768,-0.055856287,0.99095017,4.3455453
4896,11.0,Baseline,0.5911443,0.13730171,-0.05851794,0.9900129,4.3054404
4896,11.5,Baseline,0.60990715,0.14311878,-0.061417155,0.9889818,4.261545
4896,12.0,Baseline,0.6284866,0.1490852,-0.06456302,0.98793715,4.2156205
4896,12.5,Baseline,0.64692587,0.1551829,-0.06796366,0.9869751,4.168796
4896,13.0,Baseline,0.6652458,0.16138381,-0.071615115,0.98616844,4.1221347
4896,13.5,Baseline,0.6834987,0.16765672,-0.075486556,0.98549706,4.0767746
4896,14.0,Baseline,0.7017483,0.17399442,-0.07953109,0.9848145,4.0331655
4896,14.5,Baseline,0.7200481,0.1804304,-0.08372141,0.9839355,3.9907253
4896,15.0,Baseline,0.73841834,0.18700346,-0.088045314,0.98277897,3.948688
4896,15.5,Baseline,0.75682676,0.19370794,-0.09246008,0.98137915,3.9070506
4896,16.0,Baseline,0.7752605,0.20050752,-0.09691076,0.9797891,3.8664908
4896,16.5,Baseline,0.7937566,0.20736316,-0.10137211,0.9780702,3.8278575
4896,17.0,Baseline,0.8123822,0.21424055,-0.10584829,0.97628206,3.7919161
4896,17.5,Baseline,0.83117676,0.22111806,-0.11035277,0.9744236,3.7589726
4896,18.0,Baseline,0.85014415,0.22799215,-0.11490004,0.9724823,3.7288308
4896,18.5,Baseline,0.8693,0.2348793,-0.119503856,0.97072077,3.7010498
4896,19.0,Baseline,0.88867927,0.24180864,-0.1241744,0.9697949,3.6751344
4896,19.5,Baseline,0.90830034,0.24879792,-0.1289176,0.9703241,3.6507554
4896,20.0,Baseline,0.92813957,0.25583512,-0.13373451,0.9723306,3.6278818
4896,20.5,Baseline,0.9481385,0.26289392,-0.13861921,0.9753397,3.606544
4896,21.0,Baseline,0.9682131,0.26995802,-0.14355849,0.9787531,3.586532
4896,21.5,Baseline,0.9882662,0.2770196,-0.14853406,0.98207134,3.5674958
4896,22.0,Baseline,1.0081758,0.28406888,-0.15352175,0.9850146,3.5490541
4896,22.5,Baseline,1.0277895,0.29108697,-0.1584888,0.98751825,3.5308673
4896,23.0,Baseline,1.0469248,0.2980453,-0.16339293,0.9895544,3.5126364
4896,23.5,Baseline,1.0654863,0.30493042,-0.16821055,0.99102914,3.494195
4896,24.0,Baseline,1.0840023,0.31183025,-0.1730667,0.9918794,3.4762576
4896,24.5,Baseline,1.104691,0.31907618,-0.17849675,0.99229866,3.4621544
4896,25.0,Baseline,1.1301728,0.3268217,-0.18517366,0.9925453,3.4580715
4896,25.5,Baseline,1.1572908,0.3338086,-0.19246125,0.99144846,3.4669292
4896,26.0,Baseline,1.180493,0.33891225,-0.19899796,0.9852961,3.483182
4896,26.5,Baseline,1.1998165,0.34298417,-0.20455575,0.9612291,3.4981687
4896,27.0,Baseline,1.2168996,0.34692052,-0.20941071,0.8591229,3.5077188
4896,27.5,Baseline,1.2325456,0.35090566,-0.21376124,0.5014366,3.51247
4896,28.0,Baseline,1.2474232,0.35489494,-0.21774738,0.09853989,3.5149083
4896,28.5,Baseline,1.2620685,0.35891262,-0.22148494,0.0075443774,3.516367
4896,29.0,Baseline,1.2765095,0.363086,-0.22505867,0.0003237854,3.5157223
4896,29.5,Baseline,1.2907343,0.36748618,-0.22850175,7.99945e-06,3.5123343
4896,30.0,Baseline,1.30487,0.37212893,-0.23181438,1.0643322e-07,3.5064998
7206,-30.0,Baseline,-0.9433925,0.34248254,0.10362245,1.5920627e-08,-2.7545712
7206,-29.5,Baseline,-0.9318299,0.3388169,0.10078485,1.1349629e-06,-2.7502463
7206,-29.0,Baseline,-0.9198315,0.33505684,0.09792252,4.3366614e-05,-2.7452998
7206,-28.5,Baseline,-0.9073911,0.33119208,0.09503737,0.0009480033,-2.7397728
7206,-28.0,Baseline,-0.8944948,0.32720906,0.09212431,0.012486535,-2.7337103
7206,-27.5,Baseline,-0.8811089,0.32309693,0.08917054,0.09778921,-2.727073
7206,-27.0,Baseline,-0.86718655,0.31886226,0.08616362,0.38541108,-2.7196274
7206,-26.5,Baseline,-0.85267097,0.31451944,0.08310423,0.71905565,-2.7110279
7206,-26.0,Baseline,-0.83745897,0.31004652,0.08001204,0.8845218,-2.701075
7206,-25.5,Baseline,-0.82135177,0.3053911,0.07691754,0.94588715,-2.689508
7206,-25.0,Baseline,-0.8040885,0.30050883,0.073838286,0.96931535,-2.6757567
7206,-24.5,Baseline,-0.7855683,0.29534343,0.07075216,0.9791101,-2.6598468
7206,-24.0,Baseline,-0.76604694,0.28985777,0.06757816,0.9833329,-2.6428373
7206,-23.5,Baseline,-0.74577755,0.28401038,0.06426768,0.98491204,-2.6258812
7206,-23.0,Baseline,-0.7243357,0.27771488,0.06089438,0.9851763,-2.6081991
7206,-22.5,Baseline,-0.70083725,0.27094886,0.05759697,0.98482406,-2.5866034
7206,-22.0,Baseline,-0.6758162,0.26392725,0.05435113,0.9839004,-2.5606153
7206,-21.5,Baseline,-0.6504746,0.25694954,0.05089759,0.981904,-2.5315266
7206,-21.0,Baseline,-0.62446856,0.25003207,0.046965074,0.9785105,-2.4975538
7206,-20.5,Baseline,-0.5976658,0.24278758,0.042469658,0.9749181,-2.4616818
7206,-20.0,Baseline,-0.5629532,0.23260199,0.036136787,0.9737621,-2.4202423
7206,-19.5,Baseline,-0.50877297,0.21766052,0.024554824,0.9741556,-2.337461
7206,-19.0,Baseline,-0.4631951,0.20564121,0.014638936,0.9717757,-2.2524428
7206,-18.5,Baseline,-0.44123212,0.19933948,0.0103213545,0.9741862,-2.2134707
7206,-18.0,Baseline,-0.42171174,0.19385144,0.0067751943,0.97615016,-2.1754377
7206,-17.5,Baseline,-0.40151092,0.18841138,0.003221929,0.9767262,-2.1310332
7206,-17.0,Baseline,-0.38124898,0.18307279,-0.0002235353,0.97682434,-2.0824995
7206,-16.5,Baseline,-0.36089975,0.17777443,-0.0035753965,0.97696334,-2.0300994
7206,-16.0,Baseline,-0.34044635,0.17249124,-0.006842011,0.9773177,-1.9737023
7206,-15.5,Baseline,-0.3199824,0.16722721,-0.0100211855,0.9778991,-1.9134591
7206,-15.0,Baseline,-0.29962555,0.1619905,-0.013114238,0.9786654,-1.849649
7206,-14.5,Baseline,-0.27947223,0.15678409,-0.016119767,0.979571,-1.7825294
7206,-14.0,Baseline,-0.25959942,0.15160693,-0.019030422,0.9805628,-1.7123189
7206,-13.5,Baseline,-0.24006742,0.14645861,-0.021834731,0.9815725,-1.6391486
7206,-13.0,Baseline,-0.2209245,0.141342,-0.024519349,0.982521,-1.5630492
7206,-12.5,Baseline,-0.20220393,0.13626343,-0.027072042,0.98333734,-1.4839193
7206,-12.0,Baseline,-0.183932,0.13123089,-0.02948147,0.98397857,-1.4015908
7206,-11.5,Baseline,-0.16613,0.12625188,-0.03173799,0.98444563,-1.3158617
7206,-11.0,Baseline,-0.14881629,0.12133595,-0.033832885,0.98479396,-1.2264814
7206,-10.5,Baseline,-0.13201898,0.11649798,-0.035758216,0.9851303,-1.1332299
7206,-10.0,Baseline,-0.11578983,0.11175963,-0.03750925,0.9855788,-1.0360613
7206,-9.5,Baseline,-0.100197166,0.107143156,-0.039086092,0.986212,-0.93517095
7206,-9.0,Baseline,-0.08529192,0.10265641,-0.04048896,0.9870148,-0.8308485
7206,-8.5,Baseline,-0.07114217,0.098298594,-0.041705854,0.9878911,-0.72373533
7206,-8.0,Baseline,-0.05797252,0.09408435,-0.04270162,0.98860246,-0.616176
7206,-7.5,Baseline,-0.04605198,0.0900235,-0.043463655,0.98886335,-0.5115551
7206,-7.0,Baseline,-0.035347372,0.08607282,-0.044052478,0.98870915,-0.41066822
7206,-6.5,Baseline,-0.02581355,0.08218373,-0.044517048,0.9883762,-0.31409562
7206,-6.0,Baseline,-0.017878681,0.07838458,-0.04480397,0.9879582,-0.22808927
7206,-5.5,Baseline,-0.012221932,0.074747905,-0.0447964,0.9875093,-0.1635087
7206,-5.0,Baseline,-0.009238154,0.07128453,-0.044469442,0.98711455,-0.12959549
7206,-4.5,Baseline,-0.009798765,0.06803042,-0.043749675,0.98699075,-0.14403506
7206,-4.0,Baseline,-0.014777124,0.06510615,-0.04251916,0.9876286,-0.2269697
7206,-3.5,Baseline,-0.024291158,0.06250852,-0.04078898,0.9893472,-0.38860554
7206,-3.0,Baseline,-0.039915115,0.060066167,-0.03835907,0.9913339,-0.6645191
7206,-2.5,Baseline,-0.06637272,0.057482727,-0.034746017,0.9923104,-1.1546551
7206,-2.0,Baseline,-0.10708758,0.054307323,-0.029940113,0.9924459,-1.971881
7206,-1.5,Baseline,-0.127957,0.051230058,-0.029875576,0.9924678,-2.4976938
7206,-1.0,Baseline,-0.08855224,0.050511897,-0.036430124,0.9932231,-1.7530967
7206,-0.5,Baseline,-0.042942733,0.051239133,-0.039437555,0.99466985,-0.8380847
7206,0.0,Baseline,-0.0041342676,0.052328747,-0.040063076,0.9959059,-0.079005666
7206,0.5,Baseline,0.032347977,0.053655047,-0.040141575,0.9966377,0.60288787
7206,1.0,Baseline,0.06754336,0.05522572,-0.040134214,0.9969946,1.2230417
7206,1.5,Baseline,0.10163638,0.057036996,-0.040146183,0.9971744,1.7819378
7206,2.0,Baseline,0.13491341,0.05908484,-0.040229887,0.9973061,2.2833846
7206,2.5,Baseline,0.16754755,0.061363548,-0.040417586,0.997416,2.7304084
7206,3.0,Baseline,0.19953516,0.06385968,-0.04070932,0.99740297,3.1245875
7206,3.5,Baseline,0.23085263,0.06655844,-0.041090965,0.9970674,3.46842
7206,4.0,Baseline,0.26147398,0.06944893,-0.041554354,0.99656194,3.764982
7206,4.5,Baseline,0.2912663,0.07252881,-0.042097952,0.99655896,4.01587
7206,5.0,Baseline,0.31998375,0.075813785,-0.04272735,0.99686486,4.220654
7206,5.5,Baseline,0.34742188,0.07932911,-0.04345767,0.9969362,4.3795004
7206,6.0,Baseline,0.37355623,0.08309032,-0.044312764,0.9967295,4.495785
7206,6.5,Baseline,0.3985502,0.08709714,-0.045324635,0.996358,4.5759277
7206,7.0,Baseline,0.42268658,0.09134147,-0.04652617,0.99590886,4.627543
7206,7.5,Baseline,0.44622803,0.09582008,-0.047919504,0.99540883,4.6569366
7206,8.0,Baseline,0.46922794,0.100528724,-0.04947581,0.99484986,4.6676006
7206,8.5,Baseline,0.49148786,0.10545488,-0.051187407,0.9942445,4.660646
7206,9.0,Baseline,0.51284045,0.11060612,-0.05306276,0.99360055,4.636637
7206,9.5,Baseline,0.53325355,0.11599876,-0.055118036,0.9929011,4.5970626
7206,10.0,Baseline,0.55280554,0.121627234,-0.057380505,0.99212766,4.54508
7206,10.5,Baseline,0.5716716,0.12746744,-0.05987997,0.9912949,4.484844
7206,11.0,Baseline,0.59009945,0.13349718,-0.06263808,0.99047756,4.420314
7206,11.5,Baseline,0.6083286,0.13970149,-0.06565921,0.98979,4.354489
7206,12.0,Baseline,0.626523,0.14605457,-0.06892728,0.98928666,4.2896504
7206,12.5,Baseline,0.64474034,0.15250982,-0.072408006,0.98889506,4.2275333
7206,13.0,Baseline,0.66296685,0.15902981,-0.07607281,0.9884847,4.1688213
7206,13.5,Baseline,0.68118453,0.1656377,-0.079928234,0.9879373,4.112497
7206,14.0,Baseline,0.69937336,0.17241839,-0.08400362,0.98713624,4.0562572
7206,14.5,Baseline,0.71756625,0.17938256,-0.08825439,0.9860307,4.0002007
7206,15.0,Baseline,0.7359121,0.18643987,-0.09257515,0.9847551,3.947182
7206,15.5,Baseline,0.75454664,0.19354065,-0.09692557,0.9835691,3.8986468
7206,16.0,Baseline,0.7735315,0.20068505,-0.101319715,0.9826691,3.854455
7206,16.5,Baseline,0.7927942,0.20788153,-0.10576675,0.98203814,3.813683
7206,17.0,Baseline,0.8120944,0.21510644,-0.11022432,0.9816,3.775314
7206,17.5,Baseline,0.830971,0.2222698,-0.11457181,0.98128074,3.738569
7206,18.0,Baseline,0.84925663,0.22932266,-0.11876009,0.9808225,3.7033262
7206,18.5,Baseline,0.8705902,0.23697458,-0.12367771,0.9817171,3.6737704
7206,19.0,Baseline,0.90320957,0.24668856,-0.13141051,0.9872154,3.6613355
7206,19.5,Baseline,0.93803644,0.2559694,-0.14004025,0.99114907,3.6646428
7206,20.0,Baseline,0.9667878,0.26313883,-0.14719582,0.9925983,3.6740599
7206,20.5,Baseline,0.9921883,0.26934072,-0.15313594,0.992922,3.6837664
7206,21.0,Baseline,1.0159485,0.27503535,-0.15824462,0.99233127,3.6938834
7206,21.5,Baseline,1.0385402,0.28083965,-0.1628549,0.99133474,3.697983
7206,22.0,Baseline,1.0604217,0.2869939,-0.16719191,0.990364,3.6949277
7206,22.5,Baseline,1.0825253,0.29345244,-0.17140348,0.98957974,3.688929
7206,23.0,Baseline,1.1044681,0.30014923,-0.1755859,0.9889859,3.67973
7206,23.5,Baseline,1.1256531,0.30684218,-0.1797853,0.9882796,3.6685085
7206,24.0,Baseline,1.1459982,0.31351343,-0.18396643,0.9869136,3.6553402
7206,24.5,Baseline,1.1658032,0.32002744,-0.18808584,0.9838972,3.6428225
7206,25.0,Baseline,1.1850555,0.32621923,-0.19213423,0.9771712,3.6326966
7206,25.5,Baseline,1.2034934,0.332052,-0.196107,0.961381,3.6244123
7206,26.0,Baseline,1.2210895,0.3375309,-0.19998138,0.9205463,3.6177115
7206,26.5,Baseline,1.2379786,0.34269947,-0.20373297,0.8059228,3.6124322
7206,27.0,Baseline,1.2542987,0.3476344,-0.20734186,0.5234232,3.608097
7206,27.5,Baseline,1.270115,0.3523734,-0.21078761,0.17020781,3.6044579
7206,28.0,Baseline,1.2854061,0.35693794,-0.2140636,0.02515231,3.6012032
7206,28.5,Baseline,1.3000647,0.361346,-0.21719465,0.0020768761,3.5978389
7206,29.0,Baseline,1.3139591,0.36560658,-0.2202239,0.0001016532,3.5939155
7206,29.5,Baseline,1.327041,0.3697425,-0.22317986,2.835667e-06,3.589095
7206,30.0,Baseline,1.3393584,0.37378043,-0.22606842,4.2092886e-08,3.583276
9930,-30.0,Baseline,-0.9245159,0.33584598,0.09676006,1.198618e-08,-2.7527974
9930,-29.5,Baseline,-0.9126123,0.33213568,0.09357132,8.635719e-07,-2.7477093
9930,-29.0,Baseline,-0.9003172,0.32836035,0.09032782,3.327738e-05,-2.7418573
9930,-28.5,Baseline,-0.88764673,0.32452926,0.087039486,0.00073425093,-2.7351825
9930,-28.0,Baseline,-0.8746253,0.32064533,0.0837134,0.009814937,-2.7277033
9930,-27.5,Baseline,-0.86128235,0.31670272,0.08035449,0.07960425,-2.7195294
9930,-27.0,Baseline,-0.847646,0.3126896,0.0769683,0.33921245,-2.7108223
9930,-26.5,Baseline,-0.83374107,0.30859062,0.07356654,0.6846222,-2.7017705
9930,-26.0,Baseline,-0.81958735,0.30439153,0.07016708,0.8717735,-2.6925433
9930,-25.5,Baseline,-0.80520016,0.3000834,0.06678803,0.9423167,-2.6832545
9930,-25.0,Baseline,-0.7905975,0.2956668,0.06344043,0.9688056,-2.6739473
9930,-24.5,Baseline,-0.77576953,0.2911504,0.060132455,0.97965664,-2.6644976
9930,-24.0,Baseline,-0.7606447,0.28654742,0.056879483,0.9843386,-2.6545157
9930,-23.5,Baseline,-0.74513125,0.2818731,0.053703927,0.98622537,-2.643499
9930,-23.0,Baseline,-0.72921705,0.27713743,0.050620902,0.9867236,-2.631247
9930,-22.5,Baseline,-0.7129707,0.27233377,0.04762679,0.9865785,-2.6180031
9930,-22.0,Baseline,-0.69642293,0.26743382,0.04470535,0.98624694,-2.6040945
9930,-21.5,Baseline,-0.6795534,0.26242873,0.04185765,0.98595667,-2.5894778
9930,-21.0,Baseline,-0.6623111,0.25734985,0.03911795,0.9857605,-2.5735826
9930,-20.5,Baseline,-0.6444676,0.25215566,0.036535047,0.9856893,-2.5558324
9930,-20.0,Baseline,-0.6255498,0.24672873,0.034123253,0.98579663,-2.5353746
9930,-19.5,Baseline,-0.60529125,0.24099016,0.031808563,0.98606014,-2.5116844
9930,-19.0,Baseline,-0.5841242,0.23486811,0.029502869,0.98632044,-2.4870307
9930,-18.5,Baseline,-0.5623273,0.22834994,0.027192598,0.9864835,-2.4625683
9930,-18.0,Baseline,-0.53875434,0.22131395,0.024920624,0.98654675,-2.4343443
9930,-17.5,Baseline,-0.51123285,0.21387172,0.022653842,0.9861233,-2.3903716
9930,-17.0,Baseline,-0.48111045,0.2064499,0.019848704,0.98424757,-2.330398
9930,-16.5,Baseline,-0.44932452,0.19881278,0.01598407,0.9806169,-2.2600384
9930,-16.0,Baseline,-0.41526407,0.18958883,0.011119604,0.9774097,-2.1903403
9930,-15.5,Baseline,-0.3529478,0.17420901,-0.00035250784,0.9781049,-2.026002
9930,-15.0,Baseline,-0.29484865,0.16123009,-0.012080091,0.9769433,-1.8287446
9930,-14.5,Baseline,-0.27338356,0.15525584,-0.015565122,0.9798564,-1.7608584
9930,-14.0,Baseline,-0.25371337,0.14971381,-0.01843434,0.982212,-1.6946557
9930,-13.5,Baseline,-0.23356599,0.14419717,-0.021306157,0.9834124,-1.6197683
9930,-13.0,Baseline,-0.21405753,0.138825,-0.023984868,0.9842868,-1.5419235
9930,-12.5,Baseline,-0.1950401,0.13351595,-0.026527042,0.9851276,-1.4608
9930,-12.0,Baseline,-0.17645356,0.12825769,-0.028946709,0.9859373,-1.3757737
9930,-11.5,Baseline,-0.15831983,0.123066746,-0.031231325,0.98665595,-1.286455
9930,-11.0,Baseline,-0.14066908,0.11795868,-0.033364214,0.98724306,-1.1925284
9930,-10.5,Baseline,-0.12354267,0.11294066,-0.035327505,0.9877037,-1.0938723
9930,-10.0,Baseline,-0.10698557,0.108012795,-0.03710445,0.9881058,-0.9904898
9930,-9.5,Baseline,-0.09102136,0.10317549,-0.03868528,0.9885898,-0.8821994
9930,-9.0,Baseline,-0.07564923,0.09844546,-0.040068664,0.98930067,-0.768438
9930,-8.5,Baseline,-0.060855925,0.09385534,-0.04126853,0.99011093,-0.6484013
9930,-8.0,Baseline,-0.04551959,0.08928856,-0.042592347,0.99023753,-0.5098032
9930,-7.5,Baseline,-0.030992866,0.08484858,-0.043791417,0.9880433,-0.36527264
9930,-7.0,Baseline,-0.06970692,0.08536861,-0.033034086,0.98362976,-0.81654036
9930,-6.5,Baseline,-0.12148109,0.086915374,-0.019817555,0.9824843,-1.397694
9930,-6.0,Baseline,-0.14896056,0.08581832,-0.012864416,0.98382115,-1.7357664
9930,-5.5,Baseline,-0.16882755,0.083274916,-0.007936823,0.9841781,-2.0273519
9930,-5.0,Baseline,-0.1882895,0.08001371,-0.0033273636,0.982137,-2.3532155
9930,-4.5,Baseline,-0.2021245,0.07593515,0.0002998531,0.97638875,-2.6618044
9930,-4.0,Baseline,-0.19307251,0.07055869,-0.0005367279,0.964216,-2.7363393
9930,-3.5,Baseline,-0.12222764,0.063824564,-0.014207685,0.94292396,-1.9150563
9930,-3.0,Baseline,-0.026632428,0.056569185,-0.034653265,0.92889506,-0.4707939
9930,-2.5,Baseline,-0.03134811,0.05107449,-0.03677904,0.9479813,-0.61377233
9930,-2.0,Baseline,-0.06307593,0.049484037,-0.03247903,0.9663367,-1.2746723
9930,-1.5,Baseline,-0.12187141,0.047028407,-0.024576986,0.98082936,-2.5914423
9930,-1.0,Baseline,-0.10267022,0.04481911,-0.032461807,0.98732424,-2.2907689
9930,-0.5,Baseline,-0.042111695,0.04537013,-0.04058648,0.99093443,-0.928181
9930,0.0,Baseline,-0.00070619583,0.046689123,-0.041853692,0.99391335,-0.01512549
9930,0.5,Baseline,0.035831094,0.048221976,-0.04190006,0.9956642,0.7430449
9930,1.0,Baseline,0.071406245,0.049934097,-0.041950572,0.9965474,1.4300097
9930,1.5,Baseline,0.1059393,0.05183824,-0.042067476,0.99699235,2.0436516
9930,2.0,Baseline,0.13948691,0.053959716,-0.04225846,0.99722135,2.5850194
9930,2.5,Baseline,0.17223287,0.056325503,-0.042552292,0.9973213,3.0578132
9930,3.0,Baseline,0.2042427,0.058943734,-0.04296099,0.9972519,3.4650452
9930,3.5,Baseline,0.23545846,0.061798543,-0.043473564,0.99675804,3.8100975
9930,4.0,Baseline,0.26574934,0.06486288,-0.044073176,0.99556607,4.0970945
9930,4.5,Baseline,0.29503602,0.06811288,-0.044753022,0.99471176,4.3315744
9930,5.0,Baseline,0.32328755,0.07154286,-0.045517515,0.9954717,4.5187955
9930,5.5,Baseline,0.35043627,0.07517085,-0.046378992,0.9964575,4.661864
9930,6.0,Baseline,0.37646264,0.079025395,-0.047359854,0.99684227,4.7638183
9930,6.5,Baseline,0.40148813,0.083128564,-0.048490018,0.9968004,4.8297253
9930,7.0,Baseline,0.42572162,0.087488234,-0.04978799,0.9965456,4.866044
9930,7.5,Baseline,0.44932473,0.09210183,-0.051235683,0.99617034,4.878565
9930,8.0,Baseline,0.47228208,0.09696231,-0.052800823,0.9956938,4.87078
9930,8.5,Baseline,0.4943798,0.10207227,-0.054492712,0.99514055,4.843429
9930,9.0,Baseline,0.5154346,0.10745278,-0.05634693,0.9945216,4.796848
9930,9.5,Baseline,0.53542364,0.1131073,-0.05840097,0.99382037,4.733767
9930,10.0,Baseline,0.5544884,0.11900944,-0.06069556,0.99303186,4.659197
9930,10.5,Baseline,0.57288206,0.12512875,-0.06326345,0.9921858,4.578341
9930,11.0,Baseline,0.59089494,0.13143711,-0.06610596,0.9913573,4.495648
9930,11.5,Baseline,0.6087798,0.13788863,-0.0691912,0.9906501,4.415011
9930,12.0,Baseline,0.6266947,0.14443181,-0.072475776,0.9901074,4.339035
9930,12.5,Baseline,0.6446861,0.15106916,-0.07595436,0.9896596,4.26749
9930,13.0,Baseline,0.66274935,0.1579243,-0.07970838,0.98921376,4.196627
9930,13.5,Baseline,0.6809858,0.16514207,-0.08380976,0.98875976,4.1236362
9930,14.0,Baseline,0.6995545,0.17260733,-0.088132784,0.9883535,4.0528665
9930,14.5,Baseline,0.71790737,0.18002665,-0.092373654,0.9878647,3.987784
9930,15.0,Baseline,0.7353461,0.18726072,-0.09631517,0.98639965,3.926857
9930,15.5,Baseline,0.7662355,0.19688989,-0.103417315,0.98761636,3.8916953
9930,16.0,Baseline,0.81069416,0.20824832,-0.11416024,0.99137384,3.8929205
9930,16.5,Baseline,0.8427503,0.2166138,-0.121471144,0.9928007,3.890566
9930,17.0,Baseline,0.8708309,0.22395429,-0.12681177,0.9927356,3.8884313
9930,17.5,Baseline,0.89653814,0.23104848,-0.13123521,0.9920535,3.8803031
9930,18.0,Baseline,0.9215201,0.23769678,-0.13519458,0.99131036,3.8768725
9930,18.5,Baseline,0.94612515,0.24431615,-0.13899116,0.9908992,3.8725445
9930,19.0,Baseline,0.9697571,0.25090417,-0.14277723,0.9907575,3.8650496
9930,19.5,Baseline,0.99256355,0.2575992,-0.14650244,0.9906516,3.8531313
9930,20.0,Baseline,1.0146492,0.2643696,-0.15013719,0.99044997,3.8379948
9930,20.5,Baseline,1.0357664,0.27103427,-0.15376063,0.99013406,3.8215327
9930,21.0,Baseline,1.0561557,0.2774746,-0.1574044,0.9897133,3.8063147
9930,21.5,Baseline,1.0760596,0.283648,-0.16106936,0.98916876,3.793644
9930,22.0,Baseline,1.0955658,0.28964493,-0.16476427,0.98841244,3.7824442
9930,22.5,Baseline,1.114678,0.2955058,-0.16848099,0.98743314,3.772102
9930,23.0,Baseline,1.1334012,0.30124238,-0.17218524,0.9862855,3.7624226
9930,23.5,Baseline,1.1516557,0.3068391,-0.17585194,0.9849296,3.7532885
9930,24.0,Baseline,1.1692872,0.31230873,-0.17947815,0.9830313,3.7440107
9930,24.5,Baseline,1.1862283,0.31770182,-0.1830723,0.9796704,3.7337787
9930,25.0,Baseline,1.2025379,0.32300782,-0.18665147,0.97280407,3.7229373
9930,25.5,Baseline,1.2183084,0.32821852,-0.1902204,0.9574008,3.711882
9930,26.0,Baseline,1.2336044,0.33336797,-0.19376354,0.919212,3.7004287
9930,26.5,Baseline,1.2484587,0.33845714,-0.19726345,0.8158252,3.688676
9930,27.0,Baseline,1.2628798,0.34344855,-0.20070216,0.55886596,3.6770568
9930,27.5,Baseline,1.276862,0.34830248,-0.20405874,0.20270556,3.6659572
9930,28.0,Baseline,1.2904088,0.35300246,-0.20731814,0.03295463,3.6555238
9930,28.5,Baseline,1.303521,0.3575524,-0.21047977,0.0028901196,3.6456783
9930,29.0,Baseline,1.3161911,0.36196262,-0.2135529,0.0001474949,3.6362624
9930,29.5,Baseline,1.3283911,0.36624014,-0.21654823,4.2314646e-06,3.627104
9930,30.0,Baseline,1.3400822,0.3703859,-0.21947178,6.3770074e-08,3.6180704
13039,-30.0,Baseline,-0.9181576,0.33188373,0.09453992,6.3114443e-09,-2.7665038
13039,-29.5,Baseline,-0.90579224,0.32814583,0.09117192,4.795049e-07,-2.7603345
13039,-29.0,Baseline,-0.8930099,0.3243133,0.08773402,1.9630947e-05,-2.7535408
13039,-28.5,Baseline,-0.8798189,0.32038748,0.08423193,0.00046273126,-2.746109
13039,-28.0,Baseline,-0.8662351,0.31637254,0.080671474,0.0066430727,-2.7380223
13039,-27.5,Baseline,-0.8522874,0.312273,0.077060744,0.05878571,-2.7293024
13039,-27.0,Baseline,-0.8380196,0.30809242,0.073409595,0.28322238,-2.7200267
13039,-26.5,Baseline,-0.8234718,0.30383265,0.06972815,0.6385627,-2.7102807
13039,-26.0,Baseline,-0.80866784,0.2994948,0.06602439,0.8526921,-2.7001064
13039,-25.5,Baseline,-0.79360676,0.29508126,0.062304102,0.93505275,-2.6894517
13039,-25.0,Baseline,-0.77828354,0.2906017,0.058577515,0.96564484,-2.6781795
13039,-24.5,Baseline,-0.7627032,0.28607327,0.054863848,0.978036,-2.6661112
13039,-24.0,Baseline,-0.7468784,0.2815178,0.051188998,0.9833545,-2.6530414
13039,-23.5,Baseline,-0.7308427,0.27694786,0.047575176,0.985465,-2.6389182
13039,-23.0,Baseline,-0.71466184,0.2723579,0.04403401,0.9859073,-2.6239805
13039,-22.5,Baseline,-0.69842523,0.2677292,0.04057496,0.98550373,-2.6087003
13039,-22.0,Baseline,-0.6822023,0.263041,0.03722168,0.9848977,-2.5935209
13039,-21.5,Baseline,-0.66602254,0.25827634,0.03400893,0.9845866,-2.5787206
13039,-21.0,Baseline,-0.6498836,0.25342718,0.03095671,0.98474276,-2.5643802
13039,-20.5,Baseline,-0.6337376,0.24849838,0.02806,0.98522884,-2.5502687
13039,-20.0,Baseline,-0.61742306,0.24350311,0.02531504,0.98580325,-2.5355859
13039,-19.5,Baseline,-0.60067576,0.23846017,0.022730345,0.98630524,-2.5189774
13039,-19.0,Baseline,-0.5833638,0.23338436,0.020298798,0.9867012,-2.499584
13039,-18.5,Baseline,-0.5655534,0.22826317,0.017978435,0.98705715,-2.4776378
13039,-18.0,Baseline,-0.54728264,0.22304809,0.015726894,0.98746186,-2.453653
13039,-17.5,Baseline,-0.5285369,0.21772742,0.013564259,0.9879287,-2.4275165
13039,-17.0,Baseline,-0.50920635,0.21231966,0.011551946,0.98840684,-2.3983006
13039,-16.5,Baseline,-0.48893836,0.20670241,0.009736729,0.9888575,-2.3654218
13039,-16.0,Baseline,-0.4674978,0.20077053,0.008093381,0.9891924,-2.3285182
13039,-15.5,Baseline,-0.44541365,0.19443054,0.006607628,0.98919874,-2.2908626
13039,-15.0,Baseline,-0.42300802,0.18763456,0.005264753,0.9887788,-2.254425
13039,-14.5,Baseline,-0.39813036,0.18017028,0.0040694773,0.9881158,-2.209745
13039,-14.0,Baseline,-0.3678304,0.17232628,0.0027154863,0.98676807,-2.1344998
13039,-13.5,Baseline,-0.3351367,0.1642093,-2.6744605e-05,0.98326343,-2.040912
13039,-13.0,Baseline,-0.29990193,0.15442427,-0.0042453287,0.97872955,-1.9420648
13039,-12.5,Baseline,-0.22079483,0.13720839,-0.018619055,0.97979146,-1.6091933
13039,-12.0,Baseline,-0.16941732,0.12622641,-0.028720075,0.98173887,-1.3421701
13039,-11.5,Baseline,-0.15406847,0.120876625,-0.030610096,0.98510134,-1.2745928
13039,-11.0,Baseline,-0.13648579,0.11547247,-0.032728326,0.9867569,-1.1819768
13039,-10.5,Baseline,-0.11902112,0.11025487,-0.034708656,0.9876096,-1.0795089
13039,-10.0,Baseline,-0.10210669,0.10517391,-0.03650232,0.988247,-0.9708367
13039,-9.5,Baseline,-0.08573446,0.10020639,-0.0381069,0.98883575,-0.8555787
13039,-9.0,Baseline,-0.069884956,0.09534801,-0.039518993,0.9895132,-0.73294616
13039,-8.5,Baseline,-0.05468002,0.09061747,-0.04071835,0.9902862,-0.60341585
13039,-8.0,Baseline,-0.040545315,0.08606168,-0.041650333,0.9902892,-0.47111925
13039,-7.5,Baseline,-0.024731278,0.081416346,-0.042917404,0.98647135,-0.30376306
13039,-7.0,Baseline,-0.10325581,0.085706696,-0.024054158,0.9775073,-1.2047578
13039,-6.5,Baseline,-0.18301624,0.09013112,-0.008777088,0.978933,-2.0305555
13039,-6.0,Baseline,-0.23412819,0.089390054,-0.0021858155,0.9838261,-2.619175
13039,-5.5,Baseline,-0.28175342,0.08680835,0.003886336,0.9874578,-3.2456949
13039,-5.0,Baseline,-0.32471374,0.083903946,0.009565109,0.991168,-3.8700652
13039,-4.5,Baseline,-0.35861596,0.0801992,0.013927221,0.99286944,-4.4715657
13039,-4.0,Baseline,-0.38119853,0.07556715,0.01630028,0.9923773,-5.0445004
13039,-3.5,Baseline,-0.38908353,0.070138425,0.016090697,0.9906799,-5.547366
13039,-3.0,Baseline,-0.37787616,0.064325556,0.013587916,0.9866289,-5.874433
13039,-2.5,Baseline,-0.35284686,0.058911446,0.0111835,0.9651007,-5.9894447
13039,-2.0,Baseline,-0.31893057,0.052889124,0.012031418,0.856703,-6.030173
13039,-1.5,Baseline,-0.11779094,0.04535547,-0.021039616,0.81034756,-2.5970614
13039,-1.0,Baseline,-0.12168312,0.041317068,-0.026680151,0.93047374,-2.9451053
13039,-0.5,Baseline,-0.04591191,0.04143768,-0.040305126,0.97136486,-1.1079748
13039,0.0,Baseline,0.0021520555,0.042709254,-0.043307997,0.98540884,0.050388508
13039,0.5,Baseline,0.03923905,0.044355765,-0.043488916,0.9914296,0.88464373
13039,1.0,Baseline,0.074962765,0.046194285,-0.043620747,0.994206,1.6227714
13039,1.5,Baseline,0.10960758,0.048206307,-0.04385235,0.9955751,2.2737186
13039,2.0,Baseline,0.14313948,0.050422125,-0.044160753,0.99626994,2.8388228
13039,2.5,Baseline,0.17575666,0.052877385,-0.044556543,0.99659294,3.3238533
13039,3.0,Baseline,0.20758814,0.0555869,-0.045045666,0.9966085,3.7344794
13039,3.5,Baseline,0.23858625,0.058543257,-0.04562443,0.9960615,4.0753837
13039,4.0,Baseline,0.26862523,0.06172938,-0.046294324,0.9941928,4.3516593
13039,4.5,Baseline,0.2976847,0.06511842,-0.047061563,0.9912916,4.5714364
13039,5.0,Baseline,0.3258713,0.06868358,-0.047931753,0.99155396,4.7445297
13039,5.5,Baseline,0.3532169,0.07242776,-0.048911076,0.9944148,4.8768167
13039,6.0,Baseline,0.3796518,0.07638754,-0.050014,0.99625254,4.970075
13039,6.5,Baseline,0.40513778,0.08060184,-0.05125591,0.99700254,5.0264087
13039,7.0,Baseline,0.42965752,0.085086815,-0.05263273,0.9972356,5.049637
13039,7.5,Baseline,0.45318967,0.08983514,-0.054113798,0.9972046,5.0446815
13039,8.0,Baseline,0.47572267,0.09483047,-0.05567149,0.9969908,5.016559
13039,8.5,Baseline,0.497218,0.10006933,-0.057332218,0.9966467,4.968735
13039,9.0,Baseline,0.51764846,0.105574116,-0.059162747,0.9962149,4.903176
13039,9.5,Baseline,0.53708136,0.11137193,-0.061231177,0.99570495,4.8224125
13039,10.0,Baseline,0.55572456,0.11747592,-0.06359694,0.99509925,4.7305403
13039,10.5,Baseline,0.57392424,0.12386498,-0.06627685,0.994356,4.6334667
13039,11.0,Baseline,0.5921403,0.13047,-0.06924616,0.99342936,4.5385175
13039,11.5,Baseline,0.6106914,0.13723671,-0.07247892,0.99228936,4.449913
13039,12.0,Baseline,0.6292803,0.14414848,-0.075911105,0.99088764,4.365501
13039,12.5,Baseline,0.6464282,0.15112436,-0.07931087,0.98894894,4.2774587
13039,13.0,Baseline,0.66515803,0.15873094,-0.08341462,0.9861363,4.190475
13039,13.5,Baseline,0.71213865,0.17081906,-0.09436109,0.987633,4.168965
13039,14.0,Baseline,0.7528122,0.18099171,-0.103773154,0.99083674,4.1593738
13039,14.5,Baseline,0.7841607,0.18926565,-0.10959667,0.9923299,4.1431746
13039,15.0,Baseline,0.81117356,0.19722986,-0.11398075,0.99235266,4.1128335
13039,15.5,Baseline,0.8367177,0.20454574,-0.11759017,0.99145,4.0906143
13039,16.0,Baseline,0.8617324,0.21151726,-0.12094511,0.9905428,4.0740523
13039,16.5,Baseline,0.8863471,0.21826458,-0.124214604,0.98998827,4.060884
13039,17.0,Baseline,0.909977,0.22501856,-0.12736875,0.98990214,4.0440087
13039,17.5,Baseline,0.93190265,0.23174874,-0.13050477,0.9901869,4.021177
13039,18.0,Baseline,0.9528967,0.23838031,-0.13363588,0.9906204,3.99738
13039,18.5,Baseline,0.9733908,0.24491848,-0.136785,0.99099886,3.9743462
13039,19.0,Baseline,0.99347204,0.2513893,-0.1399983,0.99119556,3.9519267
13039,19.5,Baseline,1.013186,0.2577255,-0.14328727,0.99121326,3.93126
13039,20.0,Baseline,1.0325968,0.26386106,-0.14662296,0.9910562,3.9134111
13039,20.5,Baseline,1.0516679,0.26981506,-0.14994612,0.9907075,3.8977363
13039,21.0,Baseline,1.070295,0.27566907,-0.15323822,0.99016494,3.8825357
13039,21.5,Baseline,1.0884366,0.2814185,-0.1565678,0.98943406,3.8676796
13039,22.0,Baseline,1.1061559,0.28709352,-0.1599962,0.9885408,3.852946
13039,22.5,Baseline,1.123556,0.29275274,-0.16353643,0.9875871,3.8379009
13039,23.0,Baseline,1.1407092,0.29837734,-0.1671705,0.9867007,3.8230422
13039,23.5,Baseline,1.1576394,0.30391735,-0.17085195,0.98585665,3.8090599
13039,24.0,Baseline,1.174337,0.30935076,-0.17453174,0.9846859,3.7961342
13039,24.5,Baseline,1.1907592,0.31468722,-0.17818959,0.98231584,3.783945
13039,25.0,Baseline,1.2068183,0.31994125,-0.18182689,0.9770419,3.7719998
13039,25.5,Baseline,1.2223969,0.32511652,-0.18544717,0.9648111,3.7598732
13039,26.0,Baseline,1.2374088,0.33020708,-0.18904683,0.93399554,3.747372
13039,26.5,Baseline,1.2518529,0.3352028,-0.19261393,0.8482374,3.7346132
13039,27.0,Baseline,1.265784,0.3400911,-0.19613278,0.61755747,3.721897
13039,27.5,Baseline,1.2792504,0.3448568,-0.19959415,0.24571353,3.7095118
13039,28.0,Baseline,1.2922614,0.3494851,-0.20299557,0.041822236,3.6976151
13039,28.5,Baseline,1.3048084,0.35396338,-0.20633693,0.0036764545,3.6862807
13039,29.0,Baseline,1.316878,0.35828662,-0.20961185,0.00018553047,3.6754875
13039,29.5,Baseline,1.3284696,0.36245924,-0.21280959,5.227753e-06,3.665156
13039,30.0,Baseline,1.3395834,0.36649135,-0.21592116,7.693797e-08,3.6551569
16506,-30.0,Baseline,-0.9156641,0.32887933,0.093993194,3.4389553e-09,-2.7841947
16506,-29.5,Baseline,-0.90335095,0.3250862,0.090537295,2.6187897e-07,-2.7788043
16506,-29.0,Baseline,-0.89058876,0.32121176,0.087000035,1.0748979e-05,-2.7725909
16506,-28.5,Baseline,-0.8773817,0.31726348,0.083386555,0.00025411593,-2.765467
16506,-28.0,Baseline,-0.86373615,0.31324536,0.079702936,0.0036721656,-2.757379
16506,-27.5,Baseline,-0.84966993,0.30915624,0.075956926,0.03350934,-2.7483513
16506,-27.0,Baseline,-0.8352084,0.30499163,0.072157465,0.18204811,-2.7384634
16506,-26.5,Baseline,-0.82038224,0.30074528,0.068314634,0.50548875,-2.727831
16506,-26.0,Baseline,-0.80521405,0.29641172,0.06443906,0.7776185,-2.7165391
16506,-25.5,Baseline,-0.78972316,0.29198888,0.0605417,0.9023626,-2.7046344
16506,-25.0,Baseline,-0.77391917,0.2874778,0.056633282,0.9511435,-2.6921008
16506,-24.5,Baseline,-0.7578145,0.2828856,0.052723944,0.9710868,-2.6788726
16506,-24.0,Baseline,-0.74143875,0.27822584,0.048824847,0.97980016,-2.664881
16506,-23.5,Baseline,-0.7248468,0.27351394,0.044949867,0.983533,-2.6501274
16506,-23.0,Baseline,-0.70811945,0.26876438,0.04111837,0.9846246,-2.6347222
16506,-22.5,Baseline,-0.69135386,0.26398715,0.03735302,0.9840681,-2.618892
16506,-22.0,Baseline,-0.67461574,0.25919163,0.033673774,0.98256636,-2.6027682
16506,-21.5,Baseline,-0.6579337,0.25439116,0.030098766,0.98100096,-2.5863073
16506,-21.0,Baseline,-0.64129174,0.24960317,0.02664941,0.98019207,-2.569245
16506,-20.5,Baseline,-0.62465847,0.24484265,0.023350608,0.9803489,-2.551265
16506,-20.0,Baseline,-0.60802555,0.24010204,0.0202156,0.98112124,-2.5323632
16506,-19.5,Baseline,-0.5914361,0.23535,0.017237108,0.9821133,-2.5130064
16506,-19.0,Baseline,-0.5749363,0.23054829,0.014406627,0.983125,-2.493778
16506,-18.5,Baseline,-0.5585071,0.22566509,0.011737424,0.9841382,-2.474938
16506,-18.0,Baseline,-0.5420717,0.22067699,0.009244889,0.9851834,-2.4564035
16506,-17.5,Baseline,-0.5255326,0.2155805,0.0069063725,0.9862308,-2.4377558
16506,-17.0,Baseline,-0.50869167,0.2103891,0.0046874224,0.98720145,-2.4178615
16506,-16.5,Baseline,-0.49116382,0.20512621,0.002589786,0.98802185,-2.3944468
16506,-16.0,Baseline,-0.47271076,0.19981916,0.00062794087,0.98863864,-2.3656929
16506,-15.5,Baseline,-0.4535496,0.19447802,-0.0012050152,0.98901373,-2.332138
16506,-15.0,Baseline,-0.43404397,0.18906423,-0.0028927685,0.9891444,-2.2957487
16506,-14.5,Baseline,-0.4144348,0.18357027,-0.004336983,0.98907465,-2.2576358
16506,-14.0,Baseline,-0.3945952,0.17795345,-0.0054298937,0.98888946,-2.2174067
16506,-13.5,Baseline,-0.37429193,0.17201148,-0.0061227023,0.9887022,-2.1759706
16506,-13.0,Baseline,-0.3542554,0.16554832,-0.006426734,0.98852694,-2.1398911
16506,-12.5,Baseline,-0.33481577,0.15836401,-0.006380749,0.9882159,-2.1142163
16506,-12.0,Baseline,-0.31115824,0.15036497,-0.006225437,0.98776835,-2.0693533
16506,-11.5,Baseline,-0.279405,0.14200936,-0.0069598854,0.9861411,-1.967511
16506,-11.0,Baseline,-0.24553686,0.13270564,-0.009880471,0.98122704,-1.8502368
16506,-10.5,Baseline,-0.17034185,0.11643833,-0.021799982,0.98019207,-1.4629362
16506,-10.0,Baseline,-0.095659465,0.10292101,-0.03665655,0.98392767,-0.92944545
16506,-9.5,Baseline,-0.08282232,0.09781872,-0.037779063,0.9875037,-0.84669197
16506,-9.0,Baseline,-0.06731787,0.09279658,-0.0390865,0.9890822,-0.72543484
16506,-8.5,Baseline,-0.05138424,0.08794471,-0.040340465,0.98983395,-0.58427894
16506,-8.0,Baseline,-0.036305666,0.08327216,-0.04134465,0.9901119,-0.43598804
16506,-7.5,Baseline,-0.02331525,0.07884638,-0.041873153,0.98772836,-0.29570478
16506,-7.0,Baseline,-0.01713425,0.075245515,-0.040807433,0.9718328,-0.22771123
16506,-6.5,Baseline,-0.14692736,0.084165886,-0.013415557,0.9478153,-1.7456877
16506,-6.0,Baseline,-0.2519997,0.08828887,0.00018721819,0.95059294,-2.8542635
16506,-5.5,Baseline,-0.32710874,0.08679198,0.0064213453,0.9631018,-3.7688823
16506,-5.0,Baseline,-0.3808897,0.083958074,0.009906119,0.98297876,-4.5366654
16506,-4.5,Baseline,-0.40684852,0.07897774,0.009238881,0.9888854,-5.1514325
16506,-4.0,Baseline,-0.41107452,0.07252276,0.0052114427,0.9914051,-5.668214
16506,-3.5,Baseline,-0.3922108,0.065712444,-0.0008249283,0.99307114,-5.9685926
16506,-3.0,Baseline,-0.3553173,0.05905573,-0.0076373694,0.9934853,-6.016644
16506,-2.5,Baseline,-0.31004968,0.05295307,-0.013359362,0.99098235,-5.855179
16506,-2.0,Baseline,-0.26019424,0.04835715,-0.016582811,0.9767694,-5.3806777
16506,-1.5,Baseline,-0.2155664,0.045053408,-0.014865259,0.8939074,-4.7846856
16506,-1.0,Baseline,-0.13673458,0.039784335,-0.022507194,0.8270294,-3.436895
16506,-0.5,Baseline,-0.052070975,0.03857503,-0.03918635,0.9429711,-1.3498622
16506,0.0,Baseline,0.0032848418,0.039814387,-0.044270806,0.97595084,0.08250389
16506,0.5,Baseline,0.04140562,0.041537236,-0.04475764,0.9869298,0.9968313
16506,1.0,Baseline,0.07727325,0.043487124,-0.04503437,0.99187404,1.7769225
16506,1.5,Baseline,0.11194831,0.045611173,-0.045415863,0.9943123,2.4544055
16506,2.0,Baseline,0.1454317,0.047933485,-0.045866825,0.9955403,3.0340314
16506,2.5,Baseline,0.17793876,0.050484266,-0.046380736,0.9961074,3.524638
16506,3.0,Baseline,0.20963213,0.05327689,-0.046952028,0.99620736,3.9347668
16506,3.5,Baseline,0.24048245,0.05630963,-0.047578163,0.9956376,4.270716
16506,4.0,Baseline,0.27040553,0.059570614,-0.04827494,0.9932626,4.5392437
16506,4.5,Baseline,0.29946774,0.06303839,-0.04907511,0.98778754,4.7505617
16506,5.0,Baseline,0.32787657,0.06669231,-0.050011892,0.98582095,4.916258
16506,5.5,Baseline,0.3557057,0.0705397,-0.051102065,0.99127555,5.0426316
16506,6.0,Baseline,0.38276207,0.07461886,-0.052341126,0.995443,5.129562
16506,6.5,Baseline,0.4087574,0.07896096,-0.053704012,0.99711597,5.176702
16506,7.0,Baseline,0.43345746,0.083570674,-0.055156194,0.99769706,5.1867175
16506,7.5,Baseline,0.4567418,0.08843808,-0.056671023,0.99782026,5.164538
16506,8.0,Baseline,0.47860786,0.09355262,-0.058235444,0.99769175,5.1159215
16506,8.5,Baseline,0.499241,0.09891608,-0.059891723,0.99740297,5.0471163
16506,9.0,Baseline,0.51906025,0.10456526,-0.061760984,0.99702877,4.9639835
16506,9.5,Baseline,0.53854597,0.11058276,-0.06398673,0.9966018,4.8700714
16506,10.0,Baseline,0.5579612,0.11701262,-0.0666178,0.99608374,4.768385
16506,10.5,Baseline,0.5764632,0.123645365,-0.06935908,0.99536276,4.662231
16506,11.0,Baseline,0.5932534,0.1302238,-0.071924016,0.9942133,4.555645
16506,11.5,Baseline,0.62773967,0.13938947,-0.078661546,0.99285525,4.5034943
16506,12.0,Baseline,0.6763625,0.15061426,-0.08906226,0.9921559,4.4906936
16506,12.5,Baseline,0.71168864,0.15970972,-0.0959451,0.99144393,4.4561386
16506,13.0,Baseline,0.7422143,0.16822562,-0.10073899,0.99070704,4.4120173
16506,13.5,Baseline,0.7684765,0.1763551,-0.1045604,0.9906266,4.357552
16506,14.0,Baseline,0.7940422,0.18400183,-0.107898936,0.99043894,4.315404
16506,14.5,Baseline,0.81932914,0.19120267,-0.1109944,0.98993593,4.2851343
16506,15.0,Baseline,0.8446181,0.19822648,-0.11375165,0.98952967,4.2608743
16506,15.5,Baseline,0.867379,0.20503053,-0.11642073,0.98949325,4.230487
16506,16.0,Baseline,0.8884827,0.2116465,-0.1190805,0.9898224,4.197956
16506,16.5,Baseline,0.9088627,0.2182332,-0.12180023,0.99037725,4.16464
16506,17.0,Baseline,0.928671,0.22477722,-0.124625385,0.991002,4.1315174
16506,17.5,Baseline,0.94798845,0.23120156,-0.12754786,0.99154985,4.1002684
16506,18.0,Baseline,0.96698457,0.23751289,-0.13048728,0.9919155,4.071293
16506,18.5,Baseline,0.9858325,0.24376363,-0.13338938,0.9920793,4.044215
16506,19.0,Baseline,1.0045505,0.24990334,-0.1363374,0.99208766,4.0197563
16506,19.5,Baseline,1.0230846,0.2559541,-0.13941379,0.99199295,3.9971414
16506,20.0,Baseline,1.0413902,0.26193506,-0.14263186,0.99181235,3.9757571
16506,20.5,Baseline,1.05946,0.26779112,-0.14595877,0.99152714,3.9562926
16506,21.0,Baseline,1.0773442,0.27349693,-0.14934574,0.991089,3.9391456
16506,21.5,Baseline,1.0950986,0.27908832,-0.15278152,0.9904385,3.9238424
16506,22.0,Baseline,1.1126848,0.28461143,-0.1562889,0.9895733,3.9094875
16506,22.5,Baseline,1.1299593,0.29009303,-0.15989015,0.9886268,3.8951619
16506,23.0,Baseline,1.1468037,0.29553926,-0.16358684,0.9878021,3.880377
16506,23.5,Baseline,1.1632267,0.3009426,-0.16735503,0.9871251,3.8652778
16506,24.0,Baseline,1.179285,0.30628902,-0.17116298,0.9862388,3.8502362
16506,24.5,Baseline,1.194989,0.31155953,-0.17498896,0.9843395,3.8355076
16506,25.0,Baseline,1.2103021,0.3167355,-0.17882131,0.97995603,3.821176
16506,25.5,Baseline,1.2251823,0.32180262,-0.18264335,0.9696427,3.8072479
16506,26.0,Baseline,1.2396092,0.3267583,-0.18642904,0.9434059,3.793658
16506,26.5,Baseline,1.2535677,0.33160925,-0.19015324,0.8688503,3.7802556
16506,27.0,Baseline,1.2670308,0.33636928,-0.1938057,0.6566311,3.7667854
16506,27.5,Baseline,1.279965,0.34105787,-0.19739088,0.2765,3.7529263
16506,28.0,Baseline,1.2923412,0.34568578,-0.20091328,0.04782495,3.7384853
16506,28.5,Baseline,1.304156,0.35024518,-0.20436755,0.004101949,3.7235515
16506,29.0,Baseline,1.3154305,0.35471308,-0.20773873,0.00019845348,3.7084353
16506,29.5,Baseline,1.3262068,0.35906678,-0.21101594,5.294473e-06,3.6934822
16506,30.0,Baseline,1.336546,0.36329526,-0.21419823,7.300155e-08,3.6789525
20295,-30.0,Baseline,-0.91365904,0.32645872,0.09401572,2.3313647e-09,-2.798697
20295,-29.5,Baseline,-0.90137047,0.32270005,0.09052062,1.7418603e-07,-2.7932146
20295,-29.0,Baseline,-0.8886497,0.3188581,0.08694337,7.056441e-06,-2.7869756
20295,-28.5,Baseline,-0.87550116,0.31492907,0.08328747,0.00016559767,-2.7799947
20295,-28.0,Baseline,-0.8619356,0.31090847,0.07955714,0.002390465,-2.772313
20295,-27.5,Baseline,-0.84796304,0.3067928,0.07575761,0.022086516,-2.7639601
20295,-27.0,Baseline,-0.8335949,0.30258238,0.071894385,0.12719974,-2.7549355
20295,-26.5,Baseline,-0.81884336,0.29828104,0.06797459,0.40269476,-2.7452075
20295,-26.0,Baseline,-0.80372155,0.293897,0.06400682,0.6992063,-2.7347047
20295,-25.5,Baseline,-0.7882378,0.28944272,0.060000397,0.8608667,-2.7232947
20295,-25.0,Baseline,-0.77240586,0.28493148,0.055967122,0.92909175,-2.7108479
20295,-24.5,Baseline,-0.75625247,0.2803731,0.051920027,0.95779544,-2.6973076
20295,-24.0,Baseline,-0.73981845,0.2757699,0.04787396,0.9705538,-2.6827383
20295,-23.5,Baseline,-0.7231618,0.27111846,0.043845586,0.97625184,-2.667328
20295,-23.0,Baseline,-0.7063421,0.266415,0.039852306,0.9783447,-2.651285
20295,-22.5,Baseline,-0.68941116,0.2616597,0.035912126,0.9783117,-2.6347623
20295,-22.0,Baseline,-0.67240274,0.25685883,0.032042228,0.9769911,-2.6177912
20295,-21.5,Baseline,-0.6553465,0.25202662,0.02825858,0.9752117,-2.6003067
20295,-21.0,Baseline,-0.63827825,0.24718593,0.024575222,0.9738879,-2.5821786
20295,-20.5,Baseline,-0.62123954,0.24235748,0.02100582,0.97362006,-2.563319
20295,-20.0,Baseline,-0.60429573,0.2375467,0.01756845,0.9743343,-2.5439029
20295,-19.5,Baseline,-0.58752,0.23274112,0.014281476,0.97559154,-2.52435
20295,-19.0,Baseline,-0.57094336,0.2279265,0.0111531615,0.9770394,-2.504945
20295,-18.5,Baseline,-0.5545362,0.2230991,0.008186859,0.9785498,-2.485605
20295,-18.0,Baseline,-0.5382423,0.2182636,0.005393523,0.98009825,-2.4660194
20295,-17.5,Baseline,-0.5220248,0.21341594,0.002787447,0.981642,-2.4460442
20295,-17.0,Baseline,-0.5058974,0.20852783,0.00036368967,0.98311055,-2.4260426
20295,-16.5,Baseline,-0.4898875,0.20355068,-0.0019029736,0.98445696,-2.4067101
20295,-16.0,Baseline,-0.47395712,0.19844225,-0.004012597,0.9856706,-2.3883882
20295,-15.5,Baseline,-0.4580108,0.19318953,-0.005935383,0.9867252,-2.3707848
20295,-15.0,Baseline,-0.44200122,0.18782166,-0.00767194,0.9875453,-2.3533027
20295,-14.5,Baseline,-0.42577288,0.18237884,-0.009234542,0.9881153,-2.3345518
20295,-14.0,Baseline,-0.40889603,0.17688602,-0.010593558,0.9885013,-2.3116357
20295,-13.5,Baseline,-0.39128923,0.1713526,-0.011713547,0.98874474,-2.2835326
20295,-13.0,Baseline,-0.3734947,0.165738,-0.012591344,0.9888791,-2.253525
20295,-12.5,Baseline,-0.35591078,0.15997073,-0.01317746,0.98895836,-2.2248495
20295,-12.0,Baseline,-0.33846506,0.15405509,-0.01331743,0.98896295,-2.1970391
20295,-11.5,Baseline,-0.3207561,0.1478055,-0.012853986,0.9889436,-2.170123
20295,-11.0,Baseline,-0.3031645,0.14101066,-0.01187433,0.9890036,-2.1499405
20295,-10.5,Baseline,-0.28473154,0.13353948,-0.010734707,0.9887426,-2.13219
20295,-10.0,Baseline,-0.25633088,0.12552132,-0.009998029,0.9877165,-2.0421302
20295,-9.5,Baseline,-0.2203694,0.11680394,-0.011322385,0.98341125,-1.8866607
20295,-9.0,Baseline,-0.147582,0.10153295,-0.020610493,0.97942924,-1.453538
20295,-8.5,Baseline,-0.04577437,0.08599188,-0.04043757,0.9834283,-0.53231037
20295,-8.0,Baseline,-0.03294888,0.08103222,-0.04127581,0.9875329,-0.4066146
20295,-7.5,Baseline,-0.018884242,0.07633278,-0.04203934,0.98806316,-0.24739361
20295,-7.0,Baseline,-0.0065125525,0.07216529,-0.042312093,0.9804441,-0.09024495
20295,-6.5,Baseline,-0.019347161,0.07066509,-0.036956064,0.9335147,-0.2737867
20295,-6.0,Baseline,-0.178666,0.081096016,-0.006056541,0.89150536,-2.2031415
20295,-5.5,Baseline,-0.30731297,0.08512975,0.008066064,0.8755281,-3.609936
20295,-5.0,Baseline,-0.40077588,0.08306269,0.007869637,0.9187996,-4.8249807
20295,-4.5,Baseline,-0.4222091,0.076891966,0.0017963827,0.9646837,-5.490939
20295,-4.0,Baseline,-0.40713948,0.068880536,-0.007567531,0.983558,-5.910806
20295,-3.5,Baseline,-0.3704089,0.061261073,-0.016388137,0.9898072,-6.046399
20295,-3.0,Baseline,-0.32446712,0.054441616,-0.023624703,0.9926918,-5.95991
20295,-2.5,Baseline,-0.27441478,0.048792284,-0.02861457,0.99355906,-5.624143
20295,-2.0,Baseline,-0.2234951,0.044420004,-0.031644545,0.9905676,-5.0314064
20295,-1.5,Baseline,-0.16956624,0.041758947,-0.033112586,0.9695358,-4.060597
20295,-1.0,Baseline,-0.13773069,0.038629305,-0.027914936,0.8853299,-3.5654457
20295,-0.5,Baseline,-0.056396335,0.036620572,-0.038529627,0.93144214,-1.5400178
20295,0.0,Baseline,0.0040267706,0.03765512,-0.04507938,0.9751194,0.1069382
20295,0.5,Baseline,0.042848885,0.03945613,-0.045847964,0.9868774,1.085988
20295,1.0,Baseline,0.07864195,0.041500524,-0.046270728,0.99177927,1.8949629
20295,1.5,Baseline,0.11328551,0.043730292,-0.046814445,0.994242,2.59055
20295,2.0,Baseline,0.14673746,0.046158947,-0.047416195,0.99551183,3.1789603
20295,2.5,Baseline,0.17919403,0.048801754,-0.048049994,0.99609417,3.671877
20295,3.0,Baseline,0.21082804,0.051668618,-0.048704155,0.9961796,4.0803885
20295,3.5,Baseline,0.24162531,0.054765176,-0.049382307,0.9955765,4.4120245
20295,4.0,Baseline,0.27153122,0.05808101,-0.050105907,0.99293923,4.675043
20295,4.5,Baseline,0.30067027,0.06159082,-0.05091607,0.9854467,4.881738
20295,5.0,Baseline,0.3293762,0.06527789,-0.05187404,0.9806984,5.0457544
20295,5.5,Baseline,0.35776228,0.06916754,-0.053026356,0.98833466,5.1724014
20295,6.0,Baseline,0.38542545,0.07331484,-0.05436275,0.9946074,5.2571273
20295,6.5,Baseline,0.41182506,0.07775464,-0.05583381,0.996968,5.296469
20295,7.0,Baseline,0.43667766,0.08249162,-0.057400323,0.99775654,5.2936
20295,7.5,Baseline,0.45997438,0.08750929,-0.05904428,0.9979551,5.256292
20295,8.0,Baseline,0.4818985,0.092793345,-0.060757328,0.99785256,5.193244
20295,8.5,Baseline,0.50265706,0.09832977,-0.06253037,0.99754214,5.111952
20295,9.0,Baseline,0.52180773,0.10402436,-0.064262345,0.997092,5.016207
20295,9.5,Baseline,0.5396401,0.10989504,-0.066061184,0.9965263,4.910505
20295,10.0,Baseline,0.57556975,0.11817509,-0.07214528,0.99586606,4.870483
20295,10.5,Baseline,0.6265888,0.12854512,-0.08193209,0.9952154,4.874466
20295,11.0,Baseline,0.66223145,0.13723668,-0.08817549,0.99444085,4.8254695
20295,11.5,Baseline,0.6945518,0.14548089,-0.09255362,0.9934189,4.7741795
20295,12.0,Baseline,0.72254515,0.15385225,-0.09614374,0.99295384,4.6963573
20295,12.5,Baseline,0.7483789,0.1621076,-0.09914316,0.9925316,4.616556
20295,13.0,Baseline,0.7731041,0.16976953,-0.10189334,0.99165523,4.553845
20295,13.5,Baseline,0.79827905,0.177062,-0.1043867,0.991305,4.508472
20295,14.0,Baseline,0.8226968,0.18401691,-0.106723845,0.99183476,4.4707675
20295,14.5,Baseline,0.84501445,0.19083987,-0.10904586,0.9923585,4.4278717
20295,15.0,Baseline,0.8657505,0.19764537,-0.11137156,0.9925216,4.380323
20295,15.5,Baseline,0.8851019,0.2043131,-0.113824144,0.99266124,4.332086
20295,16.0,Baseline,0.9036474,0.21083042,-0.11639984,0.99289215,4.286134
20295,16.5,Baseline,0.9219241,0.21727887,-0.11898752,0.99306256,4.2430453
20295,17.0,Baseline,0.9402226,0.22363287,-0.12157943,0.99307597,4.2043133
20295,17.5,Baseline,0.9585531,0.22991984,-0.124256946,0.9929813,4.169075
20295,18.0,Baseline,0.9767977,0.23614408,-0.12708427,0.9928639,4.136448
20295,18.5,Baseline,0.99490404,0.24223697,-0.13004845,0.99277544,4.107152
20295,19.0,Baseline,1.0129656,0.24818131,-0.13310784,0.99270767,4.0815544
20295,19.5,Baseline,1.0310689,0.25400984,-0.13625243,0.99260205,4.0591693
20295,20.0,Baseline,1.0491077,0.25974655,-0.13949208,0.9923896,4.0389667
20295,20.5,Baseline,1.0668522,0.26540217,-0.14283986,0.99201137,4.019757
20295,21.0,Baseline,1.0842015,0.27098632,-0.14629844,0.99143773,4.0009456
20295,21.5,Baseline,1.1012243,0.27650812,-0.14986368,0.9906888,3.982611
20295,22.0,Baseline,1.1179806,0.2819727,-0.15354075,0.9898671,3.964854
20295,22.5,Baseline,1.1344669,0.28737554,-0.15733719,0.9891774,3.9476807
20295,23.0,Baseline,1.1506641,0.29270974,-0.16123669,0.98877627,3.9310756
20295,23.5,Baseline,1.1665624,0.2979741,-0.16519396,0.9885343,3.9149792
20295,24.0,Baseline,1.1821376,0.30317077,-0.1691605,0.9880195,3.8992467
20295,24.5,Baseline,1.1973355,0.30831233,-0.17310853,0.98654896,3.883515
20295,25.0,Baseline,1.2120765,0.31341904,-0.17703252,0.982932,3.8672714
20295,25.5,Baseline,1.2262897,0.31850684,-0.18092944,0.9742542,3.8501205
20295,26.0,Baseline,1.2399397,0.32356614,-0.18478133,0.9516743,3.8321059
20295,26.5,Baseline,1.2530377,0.32857022,-0.18856427,0.8847032,3.813607
20295,27.0,Baseline,1.2656478,0.3334998,-0.19226915,0.6794931,3.7950482
20295,27.5,Baseline,1.2778709,0.33835056,-0.19590375,0.28339466,3.776766
20295,28.0,Baseline,1.2897599,0.34312093,-0.19947305,0.045482595,3.7589076
20295,28.5,Baseline,1.3012731,0.34779906,-0.20296732,0.0035490673,3.7414508
20295,29.0,Baseline,1.3123462,0.35236683,-0.20637402,0.00015744857,3.724375
20295,29.5,Baseline,1.3229507,0.3568029,-0.2096866,3.9149445e-06,3.7077913
20295,30.0,Baseline,1.3330936,0.36109152,-0.21290441,5.1367717e-08,3.6918442
24371,-30.0,Baseline,-0.9126406,0.32443938,0.09431779,2.1936932e-09,-2.8129773
24371,-29.5,Baseline,-0.9002792,0.32061657,0.090787254,1.5579784e-07,-2.8079622
24371,-29.0,Baseline,-0.8875129,0.3167204,0.08717477,6.0262614e-06,-2.802197
24371,-28.5,Baseline,-0.87434435,0.31275344,0.08348366,0.00013577884,-2.7956347
24371,-28.0,Baseline,-0.86077905,0.30871734,0.07971766,0.0018941623,-2.7882433
24371,-27.5,Baseline,-0.84682053,0.30461347,0.0758817,0.017091164,-2.7799838
24371,-27.0,Baseline,-0.8324766,0.3004414,0.07198165,0.09889014,-2.7708452
24371,-26.5,Baseline,-0.81775534,0.2962005,0.06802432,0.3330595,-2.7608168
24371,-26.0,Baseline,-0.8026701,0.2918879,0.06401806,0.63001925,-2.7499259
24371,-25.5,Baseline,-0.7872403,0.28750047,0.059972085,0.8183847,-2.7382228
24371,-25.0,Baseline,-0.77149284,0.28303456,0.055896174,0.9050945,-2.7257903
24371,-24.5,Baseline,-0.7554564,0.2784899,0.05180099,0.9431677,-2.7126887
24371,-24.0,Baseline,-0.7391628,0.2738716,0.047698747,0.9605348,-2.6989393
24371,-23.5,Baseline,-0.7226432,0.2691901,0.043601327,0.9685392,-2.6845088
24371,-23.0,Baseline,-0.7059287,0.26446176,0.039522454,0.9717693,-2.6693034
24371,-22.5,Baseline,-0.68904656,0.2597076,0.035477154,0.97221744,-2.653163
24371,-22.0,Baseline,-0.67202985,0.25494942,0.03148235,0.9709476,-2.635934
24371,-21.5,Baseline,-0.65492594,0.2502019,0.0275564,0.96887946,-2.6175897
24371,-21.0,Baseline,-0.6377953,0.24546531,0.02371769,0.9670067,-2.5983114
24371,-20.5,Baseline,-0.62069964,0.24072774,0.019982373,0.9661251,-2.5784302
24371,-20.0,Baseline,-0.6036756,0.23597108,0.016363973,0.9664589,-2.558261
24371,-19.5,Baseline,-0.58673406,0.23117769,0.012873143,0.9677776,-2.538022
24371,-19.0,Baseline,-0.5698786,0.22634111,0.009517396,0.9697128,-2.5177865
24371,-18.5,Baseline,-0.55313003,0.22147648,0.0063028573,0.97195506,-2.4974663
24371,-18.0,Baseline,-0.53653157,0.2166031,0.003239292,0.9742581,-2.4770262
24371,-17.5,Baseline,-0.5201666,0.21171448,0.00034626722,0.9764212,-2.456925
24371,-17.0,Baseline,-0.5041199,0.20677911,-0.0023590147,0.97836417,-2.4379632
24371,-16.5,Baseline,-0.4883865,0.20176864,-0.0048764227,0.98016477,-2.4205275
24371,-16.0,Baseline,-0.472896,0.19667792,-0.007202977,0.98193055,-2.4044185
24371,-15.5,Baseline,-0.45759246,0.19152592,-0.009309525,0.98365927,-2.3891933
24371,-15.0,Baseline,-0.44251344,0.18632363,-0.011173224,0.9852149,-2.374972
24371,-14.5,Baseline,-0.4277427,0.18104436,-0.01282602,0.9864981,-2.3626404
24371,-14.0,Baseline,-0.41325215,0.17564955,-0.014293075,0.987571,-2.352708
24371,-13.5,Baseline,-0.39891842,0.17012247,-0.015544224,0.9885289,-2.3448896
24371,-13.0,Baseline,-0.3846748,0.16448382,-0.016568799,0.989398,-2.3386786
24371,-12.5,Baseline,-0.3703651,0.15877523,-0.017359167,0.99015945,-2.332638
24371,-12.0,Baseline,-0.35562703,0.15303253,-0.017837733,0.99076194,-2.3238657
24371,-11.5,Baseline,-0.34068376,0.14726423,-0.017931383,0.99112797,-2.3134184
24371,-11.0,Baseline,-0.32617968,0.14140123,-0.01761799,0.99120504,-2.306767
24371,-10.5,Baseline,-0.31209162,0.13537775,-0.016831625,0.99094313,-2.305339
24371,-10.0,Baseline,-0.2976917,0.1291036,-0.015373039,0.9902182,-2.3058357
24371,-9.5,Baseline,-0.28206685,0.12239094,-0.013255978,0.9889832,-2.3046384
24371,-9.0,Baseline,-0.26379332,0.11528044,-0.011104244,0.9868242,-2.2882748
24371,-8.5,Baseline,-0.23204014,0.10793631,-0.009787572,0.9828199,-2.1497877
24371,-8.0,Baseline,-0.18417898,0.09743611,-0.011082095,0.975144,-1.8902539
24371,-7.5,Baseline,-0.033819407,0.07694111,-0.037065152,0.97957957,-0.43954924
24371,-7.0,Baseline,0.0018630624,0.07009377,-0.043371268,0.9844513,0.02657957
24371,-6.5,Baseline,0.01453349,0.066161074,-0.043464545,0.9740161,0.21966828
24371,-6.0,Baseline,-0.016958356,0.066111214,-0.033662267,0.9050184,-0.25651255
24371,-5.5,Baseline,-0.19315365,0.07682034,-0.00034002663,0.82911277,-2.5143557
24371,-5.0,Baseline,-0.37413508,0.08120802,0.007381439,0.617732,-4.6071196
24371,-4.5,Baseline,-0.42632514,0.07455344,-0.00545038,0.85330015,-5.7183833
24371,-4.0,Baseline,-0.394398,0.065293565,-0.018185109,0.971356,-6.040381
24371,-3.5,Baseline,-0.34867004,0.05689728,-0.027893499,0.9862553,-6.128062
24371,-3.0,Baseline,-0.29920664,0.050256476,-0.034351125,0.9916189,-5.9535937
24371,-2.5,Baseline,-0.24722198,0.04547362,-0.038427897,0.9940691,-5.436602
24371,-2.0,Baseline,-0.19627032,0.041881658,-0.04071448,0.99345076,-4.6863074
24371,-1.5,Baseline,-0.14873931,0.0394507,-0.041329063,0.98571265,-3.7702577
24371,-1.0,Baseline,-0.10139707,0.03766607,-0.03957522,0.9469015,-2.6920002
24371,-0.5,Baseline,-0.058131605,0.03534263,-0.039106395,0.93855304,-1.6448014
24371,0.0,Baseline,0.004674554,0.036053896,-0.045833,0.97798365,0.12965462
24371,0.5,Baseline,0.044300556,0.03791227,-0.0469256,0.9888781,1.1685019
24371,1.0,Baseline,0.0799036,0.040031195,-0.047486145,0.9928329,1.9960334
24371,1.5,Baseline,0.114454836,0.042347834,-0.04818602,0.99478227,2.7027318
24371,2.0,Baseline,0.14791626,0.04486243,-0.04893311,0.9957854,3.2971075
24371,2.5,Baseline,0.18041426,0.04757058,-0.04967516,0.99618965,3.7925596
24371,3.0,Baseline,0.212057,0.05048039,-0.050396204,0.99610317,4.2007794
24371,3.5,Baseline,0.24285841,0.05360862,-0.051111996,0.9952989,4.530212
24371,4.0,Baseline,0.27286968,0.05694949,-0.05185341,0.9922937,4.7914333
24371,4.5,Baseline,0.30225053,0.060472053,-0.052661538,0.98294663,4.9981856
24371,5.0,Baseline,0.33123142,0.064163536,-0.053601883,0.97502893,5.1623
24371,5.5,Baseline,0.35988244,0.068075,-0.05475517,0.98420227,5.286558
24371,6.0,Baseline,0.3880214,0.07228914,-0.056170333,0.9926765,5.367631
24371,6.5,Baseline,0.41529217,0.07684941,-0.057824362,0.99598914,5.4039736
24371,7.0,Baseline,0.44114706,0.08171704,-0.059598185,0.99713945,5.398471
24371,7.5,Baseline,0.46467352,0.0867504,-0.06124972,0.99745184,5.356442
24371,8.0,Baseline,0.4849374,0.091808006,-0.062533244,0.99730897,5.2820816
24371,8.5,Baseline,0.5102104,0.09775743,-0.065194294,0.9967969,5.219147
24371,9.0,Baseline,0.5610154,0.10668449,-0.07361288,0.9958639,5.258641
24371,9.5,Baseline,0.6074902,0.11539585,-0.08138341,0.9949398,5.2644024
24371,10.0,Baseline,0.6415292,0.12302703,-0.08607076,0.9939487,5.2145386
24371,10.5,Baseline,0.67517173,0.13074312,-0.08942751,0.9929109,5.164109
24371,11.0,Baseline,0.7038215,0.13863759,-0.09216578,0.99285537,5.0767
24371,11.5,Baseline,0.72901523,0.14668626,-0.09446794,0.99303186,4.9698944
24371,12.0,Baseline,0.75230813,0.15452373,-0.09670364,0.99257785,4.8685603
24371,12.5,Baseline,0.7759311,0.16202734,-0.09888785,0.99232274,4.78889
24371,13.0,Baseline,0.80024576,0.16897912,-0.10067625,0.99309844,4.735767
24371,13.5,Baseline,0.82246315,0.17586619,-0.102448046,0.9943066,4.676642
24371,14.0,Baseline,0.84323967,0.18288904,-0.104394875,0.995054,4.6106625
24371,14.5,Baseline,0.86239237,0.18980783,-0.10651104,0.9952761,4.5435023
24371,15.0,Baseline,0.88029,0.19653496,-0.10875008,0.9952733,4.47905
24371,15.5,Baseline,0.89782524,0.20307264,-0.111068115,0.9951243,4.4212027
24371,16.0,Baseline,0.91531664,0.20955032,-0.11346998,0.994768,4.368004
24371,16.5,Baseline,0.93272734,0.21595159,-0.11600802,0.9942735,4.31915
24371,17.0,Baseline,0.95008576,0.22218937,-0.11867641,0.9937615,4.276018
24371,17.5,Baseline,0.9675473,0.22828063,-0.12144814,0.9933014,4.2384114
24371,18.0,Baseline,0.9851684,0.23427077,-0.12431198,0.9929178,4.2052555
24371,18.5,Baseline,1.0027969,0.24017526,-0.12727551,0.9926122,4.1752715
24371,19.0,Baseline,1.0202725,0.24599546,-0.13035162,0.992362,4.147526
24371,19.5,Baseline,1.0376146,0.25173092,-0.13354167,0.9921353,4.1219196
24371,20.0,Baseline,1.0548438,0.25737965,-0.1368557,0.9918962,4.0983963
24371,20.5,Baseline,1.0718822,0.26293665,-0.14032075,0.99160296,4.07658
24371,21.0,Baseline,1.0886563,0.26840693,-0.14394408,0.99121875,4.0559916
24371,21.5,Baseline,1.1051607,0.27381063,-0.14769553,0.99074507,4.036223
24371,22.0,Baseline,1.1214039,0.27917123,-0.15154025,0.9902726,4.016904
24371,22.5,Baseline,1.137361,0.28450572,-0.1554577,0.9899732,3.9976737
24371,23.0,Baseline,1.1529747,0.28982675,-0.15943532,0.9899104,3.9781516
24371,23.5,Baseline,1.168175,0.2951389,-0.16345313,0.9898733,3.9580517
24371,24.0,Baseline,1.1829168,0.30042773,-0.16747427,0.9894448,3.9374418
24371,24.5,Baseline,1.197201,0.30567288,-0.1714629,0.9879821,3.9166086
24371,25.0,Baseline,1.2111012,0.3108717,-0.17541042,0.98421985,3.8958232
24371,25.5,Baseline,1.224721,0.31603813,-0.1793274,0.9748557,3.8752315
24371,26.0,Baseline,1.2380369,0.32117844,-0.18320866,0.94959295,3.85467
24371,26.5,Baseline,1.2509375,0.32627362,-0.18703458,0.87264663,3.8340135
24371,27.0,Baseline,1.263357,0.33128986,-0.19079362,0.6412702,3.8134491
24371,27.5,Baseline,1.275296,0.33619624,-0.1944831,0.24266101,3.7933083
24371,28.0,Baseline,1.2867849,0.3409746,-0.19810317,0.03633604,3.7738438
24371,28.5,Baseline,1.2978551,0.34561813,-0.2016522,0.0027759362,3.7551708
24371,29.0,Baseline,1.3085141,0.35012546,-0.20512709,0.00012231295,3.737272
24371,29.5,Baseline,1.3187534,0.354501,-0.20852244,3.032129e-06,3.7200272
24371,30.0,Baseline,1.3285618,0.35875118,-0.21183291,3.9703128e-08,3.703296
28694,-30.0,Baseline,-0.9125567,0.3230175,0.094713695,2.7387113e-09,-2.8251
28694,-29.5,Baseline,-0.9000958,0.31916338,0.091152415,1.8681962e-07,-2.8201725
28694,-29.0,Baseline,-0.887234,0.31522968,0.08751073,6.9208418e-06,-2.8145635
28694,-28.5,Baseline,-0.87397844,0.31121892,0.08379187,0.00014907056,-2.8082433
28694,-28.0,Baseline,-0.86033547,0.3071326,0.07999989,0.0019867301,-2.8011858
28694,-27.5,Baseline,-0.846316,0.3029729,0.07613909,0.017140217,-2.7933717
28694,-27.0,Baseline,-0.8319293,0.29874194,0.07221481,0.09539135,-2.7847757
28694,-26.5,Baseline,-0.81719005,0.2944426,0.06823349,0.31567988,-2.77538
28694,-26.0,Baseline,-0.8021097,0.2900778,0.064202026,0.60301477,-2.7651536
28694,-25.5,Baseline,-0.78670514,0.28565264,0.060129214,0.7960403,-2.7540622
28694,-25.0,Baseline,-0.77099115,0.28117284,0.0560247,0.88974524,-2.7420542
28694,-24.5,Baseline,-0.7549847,0.27664548,0.051899206,0.9324903,-2.7290692
28694,-24.0,Baseline,-0.7387044,0.27207768,0.047764488,0.95253974,-2.7150495
28694,-23.5,Baseline,-0.72217774,0.2674745,0.043633174,0.96204907,-2.6999872
28694,-23.0,Baseline,-0.7054378,0.262838,0.039518658,0.9661482,-2.683926
28694,-22.5,Baseline,-0.68853724,0.25816655,0.035435468,0.9671893,-2.6670272
28694,-22.0,Baseline,-0.6715332,0.25345805,0.031398445,0.96651065,-2.6494846
28694,-21.5,Baseline,-0.65448666,0.24871312,0.0274221,0.96522975,-2.6314924
28694,-21.0,Baseline,-0.6374405,0.2439399,0.023519654,0.9643462,-2.6131046
28694,-20.5,Baseline,-0.6204045,0.23915246,0.01970005,0.96440667,-2.5941799
28694,-20.0,Baseline,-0.6033566,0.23436898,0.015970845,0.9652905,-2.5743876
28694,-19.5,Baseline,-0.5862839,0.22960217,0.012341142,0.96658397,-2.5534773
28694,-19.0,Baseline,-0.56922925,0.22484589,0.008822912,0.968008,-2.5316417
28694,-18.5,Baseline,-0.55229884,0.22007403,0.0054321587,0.9695551,-2.509605
28694,-18.0,Baseline,-0.5356045,0.21525672,0.0021849691,0.9713189,-2.4882126
28694,-17.5,Baseline,-0.51919484,0.21036848,-0.0009087205,0.9733353,-2.4680257
28694,-17.0,Baseline,-0.5030588,0.2053946,-0.003845644,0.9755712,-2.449231
28694,-16.5,Baseline,-0.48718733,0.20034274,-0.006622398,0.97793216,-2.4317691
28694,-16.0,Baseline,-0.47160584,0.19522922,-0.00922063,0.9802587,-2.415652
28694,-15.5,Baseline,-0.4564221,0.19004673,-0.01159743,0.98235345,-2.4016309
28694,-15.0,Baseline,-0.4417561,0.18477415,-0.013717264,0.9840926,-2.3907895
28694,-14.5,Baseline,-0.4275986,0.17940669,-0.015585929,0.98551416,-2.3834038
28694,-14.0,Baseline,-0.4138227,0.17396533,-0.01721688,0.9867425,-2.3787653
28694,-13.5,Baseline,-0.40033105,0.16848013,-0.018600738,0.98783475,-2.3761322
28694,-13.0,Baseline,-0.38715088,0.16295162,-0.019757092,0.98878074,-2.375864
28694,-12.5,Baseline,-0.37434772,0.15735757,-0.020709842,0.9895955,-2.3789623
28694,-12.0,Baseline,-0.36191705,0.1516861,-0.021401221,0.9903301,-2.3859606
28694,-11.5,Baseline,-0.34989482,0.14595039,-0.02176258,0.99099874,-2.3973544
28694,-11.0,Baseline,-0.33834144,0.14018475,-0.021769207,0.9915332,-2.4135396
28694,-10.5,Baseline,-0.32702833,0.1344166,-0.021332413,0.9917979,-2.4329462
28694,-10.0,Baseline,-0.3160117,0.1286481,-0.020347673,0.991606,-2.456404
28694,-9.5,Baseline,-0.3057617,0.122820236,-0.01878962,0.99076605,-2.4895058
28694,-9.0,Baseline,-0.29587543,0.11687018,-0.016652733,0.98913157,-2.531659
28694,-8.5,Baseline,-0.2845556,0.11072369,-0.013733953,0.9865361,-2.5699615
28694,-8.0,Baseline,-0.26861918,0.104401425,-0.01034308,0.983094,-2.5729456
28694,-7.5,Baseline,-0.23917949,0.098141,-0.007800174,0.97955954,-2.4371006
28694,-7.0,Baseline,-0.18076894,0.087985694,-0.007977515,0.97665924,-2.0545266
28694,-6.5,Baseline,-0.01210165,0.06845045,-0.035056446,0.97992545,-0.1767943
28694,-6.0,Baseline,0.030495703,0.061907332,-0.042073168,0.9600515,0.49260244
28694,-5.5,Baseline,-0.03008762,0.06341909,-0.025832754,0.85010093,-0.4744253
28694,-5.0,Baseline,-0.2561696,0.07487443,0.0054937364,0.364634,-3.4213226
28694,-4.5,Baseline,-0.42529166,0.071608424,-0.01220485,0.5569857,-5.939129
28694,-4.0,Baseline,-0.38122496,0.061139733,-0.026890755,0.9564112,-6.2353063
28694,-3.5,Baseline,-0.33298412,0.05256958,-0.03582062,0.9836394,-6.33416
28694,-3.0,Baseline,-0.28251797,0.046741795,-0.041035723,0.9902626,-6.044226
28694,-2.5,Baseline,-0.22970565,0.042882305,-0.04431332,0.9929658,-5.3566537
28694,-2.0,Baseline,-0.17900142,0.0400416,-0.046080373,0.9930143,-4.4703865
28694,-1.5,Baseline,-0.13359964,0.03785441,-0.046313286,0.9896081,-3.529302
28694,-1.0,Baseline,-0.08538586,0.03656648,-0.04552605,0.970761,-2.3350854
28694,-0.5,Baseline,-0.05194989,0.034301337,-0.041740615,0.9520815,-1.5145149
28694,0.0,Baseline,0.006067157,0.034901146,-0.04687015,0.9811374,0.17383833
28694,0.5,Baseline,0.045904428,0.036793865,-0.04813511,0.99060893,1.2476109
28694,1.0,Baseline,0.081106365,0.038964424,-0.048750367,0.9935753,2.0815492
28694,1.5,Baseline,0.11498609,0.04133106,-0.04942735,0.9947478,2.7820747
28694,2.0,Baseline,0.1474674,0.043882497,-0.05004131,0.9949049,3.3605063
28694,2.5,Baseline,0.17886305,0.046607837,-0.050596762,0.99406576,3.8376174
28694,3.0,Baseline,0.2096354,0.04952622,-0.051180385,0.9918922,4.2328167
28694,3.5,Baseline,0.23985535,0.052668273,-0.051825058,0.9872636,4.5540767
28694,4.0,Baseline,0.26943463,0.056040134,-0.052518874,0.9758866,4.807887
28694,4.5,Baseline,0.29831162,0.05962984,-0.053260613,0.94519025,5.0027237
28694,5.0,Baseline,0.3267926,0.06344958,-0.054153435,0.91827816,5.1504297
28694,5.5,Baseline,0.35551608,0.067524046,-0.055357646,0.9475133,5.2650294
28694,6.0,Baseline,0.38440147,0.07181164,-0.056857754,0.9766003,5.3529134
28694,6.5,Baseline,0.4123152,0.07620673,-0.05843047,0.9884787,5.410483
28694,7.0,Baseline,0.4399621,0.080850855,-0.06028221,0.9930112,5.4416504
28694,7.5,Baseline,0.4800885,0.08702098,-0.065119535,0.9949896,5.516928
28694,8.0,Baseline,0.5368397,0.09516461,-0.073757604,0.9951715,5.6411695
28694,8.5,Baseline,0.582111,0.102694504,-0.08026406,0.9944107,5.6683755
28694,9.0,Baseline,0.61439586,0.10941027,-0.08415896,0.99288106,5.615523
28694,9.5,Baseline,0.6463184,0.11631023,-0.08704945,0.99020785,5.556849
28694,10.0,Baseline,0.6807375,0.12371325,-0.08945244,0.988203,5.5025434
28694,10.5,Baseline,0.709809,0.13119441,-0.09122618,0.9883922,5.41036
28694,11.0,Baseline,0.7353023,0.13858685,-0.09268238,0.9887987,5.305715
28694,11.5,Baseline,0.75859857,0.1460489,-0.094176285,0.9884114,5.194141
28694,12.0,Baseline,0.7820356,0.15321445,-0.09550712,0.987988,5.1041894
28694,12.5,Baseline,0.803998,0.15999496,-0.09659631,0.9896119,5.0251455
28694,13.0,Baseline,0.8228138,0.16679141,-0.09809077,0.9923741,4.9331903
28694,13.5,Baseline,0.8408402,0.1737783,-0.09998177,0.99457175,4.83858
28694,14.0,Baseline,0.8585362,0.18099813,-0.101953864,0.99577713,4.743343
28694,14.5,Baseline,0.87587005,0.18805398,-0.103911355,0.9960432,4.657546
28694,15.0,Baseline,0.8927076,0.19481906,-0.105970725,0.99580765,4.5822396
28694,15.5,Baseline,0.9089917,0.20135976,-0.10822435,0.9953625,4.514267
28694,16.0,Baseline,0.9249743,0.20775601,-0.110700965,0.9947824,4.4522142
28694,16.5,Baseline,0.9410933,0.2140421,-0.113349125,0.9940612,4.3967676
28694,17.0,Baseline,0.9575166,0.22020829,-0.11609874,0.99325633,4.3482313
28694,17.5,Baseline,0.97417796,0.2262495,-0.118914224,0.9924926,4.3057685
28694,18.0,Baseline,0.991031,0.2321747,-0.12179279,0.9918847,4.2684712
28694,18.5,Baseline,1.0080137,0.23799205,-0.12476877,0.9914841,4.235493
28694,19.0,Baseline,1.0249794,0.24370395,-0.12790489,0.9912759,4.205838
28694,19.5,Baseline,1.0418226,0.24932292,-0.13122602,0.9911992,4.178607
28694,20.0,Baseline,1.0585246,0.25487804,-0.13469975,0.9911629,4.1530633
28694,20.5,Baseline,1.0750551,0.26039284,-0.1382987,0.99107695,4.128589
28694,21.0,Baseline,1.0913411,0.2658812,-0.14201558,0.99088985,4.104619
28694,21.5,Baseline,1.1072958,0.27134785,-0.1458428,0.9906369,4.0807242
28694,22.0,Baseline,1.1228491,0.27678382,-0.14975503,0.99046224,4.0567727
28694,22.5,Baseline,1.1379762,0.282172,-0.15371427,0.9904889,4.0329165
28694,23.0,Baseline,1.1527154,0.28750163,-0.15769312,0.99052536,4.0094223
28694,23.5,Baseline,1.167194,0.29278967,-0.16169183,0.99011666,3.986459
28694,24.0,Baseline,1.1814836,0.29807246,-0.16571264,0.9888799,3.9637463
28694,24.5,Baseline,1.195498,0.30336136,-0.16973454,0.98636043,3.940838
28694,25.0,Baseline,1.2091483,0.3086296,-0.17373951,0.98128843,3.9177976
28694,25.5,Baseline,1.2224083,0.31383747,-0.17772113,0.9698028,3.8950362
28694,26.0,Baseline,1.2352908,0.3189596,-0.1816754,0.93968093,3.8728755
28694,26.5,Baseline,1.2478,0.3239867,-0.1855951,0.84955347,3.8513925
28694,27.0,Baseline,1.2599118,0.32892072,-0.18946946,0.5929506,3.8304422
28694,27.5,Baseline,1.271586,0.33377135,-0.19328658,0.20404479,3.8097517
28694,28.0,Baseline,1.2827863,0.33854824,-0.19703475,0.028668055,3.7890797
28694,28.5,Baseline,1.2934994,0.3432521,-0.20070462,0.0021283734,3.7683656
28694,29.0,Baseline,1.3037417,0.34786755,-0.20428798,9.210914e-05,3.7478106
28694,29.5,Baseline,1.3135419,0.3523707,-0.20777886,2.258202e-06,3.7277272
28694,30.0,Baseline,1.32293,0.35673887,-0.21117273,2.9456167e-08,3.7083988
33222,-30.0,Baseline,-0.9126222,0.3219852,0.09507452,3.7021417e-09,-2.8343608
33222,-29.5,Baseline,-0.90012217,0.31810513,0.09148416,2.4761806e-07,-2.8296373
33222,-29.0,Baseline,-0.8872242,0.31414315,0.08781578,8.976568e-06,-2.8242671
33222,-28.5,Baseline,-0.87393034,0.310102,0.08407213,0.00018882987,-2.818203
33222,-28.0,Baseline,-0.86024463,0.30598277,0.080256686,0.0024522697,-2.8114152
33222,-27.5,Baseline,-0.846174,0.301787,0.076373614,0.02052842,-2.8038783
33222,-27.0,Baseline,-0.8317288,0.29751566,0.072428465,0.109655395,-2.79558
33222,-26.5,Baseline,-0.81692225,0.2931711,0.06842762,0.34345892,-2.7865033
33222,-26.0,Baseline,-0.80177355,0.28875554,0.06437881,0.625816,-2.7766516
33222,-25.5,Baseline,-0.7863014,0.2842756,0.060290515,0.80681443,-2.7659826
33222,-25.0,Baseline,-0.77052647,0.27973863,0.056171976,0.89373755,-2.7544513
33222,-24.5,Baseline,-0.7544688,0.27515438,0.05203256,0.9336317,-2.7419837
33222,-24.0,Baseline,-0.7381507,0.27053288,0.047882784,0.9525099,-2.7285066
33222,-23.5,Baseline,-0.7216007,0.26588356,0.043733582,0.96149874,-2.7139726
33222,-23.0,Baseline,-0.7048507,0.26121485,0.039597087,0.9653391,-2.6983562
33222,-22.5,Baseline,-0.6879387,0.25653374,0.03548631,0.9662494,-2.6816695
33222,-22.0,Baseline,-0.6709093,0.25184643,0.03141591,0.96554905,-2.663962
33222,-21.5,Baseline,-0.6538056,0.24715759,0.027400661,0.9643984,-2.6452985
33222,-21.0,Baseline,-0.63666743,0.24246787,0.02345416,0.9638511,-2.6257806
33222,-20.5,Baseline,-0.6195228,0.23777114,0.019586146,0.96444416,-2.6055424
33222,-20.0,Baseline,-0.6023896,0.23305291,0.01580305,0.9659504,-2.584776
33222,-19.5,Baseline,-0.58529466,0.22829565,0.01211136,0.96780527,-2.5637574
33222,-19.0,Baseline,-0.5682841,0.22348782,0.008518982,0.9695842,-2.5427966
33222,-18.5,Baseline,-0.55140615,0.21863264,0.0050344886,0.9711816,-2.5220668
33222,-18.0,Baseline,-0.534688,0.21375014,0.0016683697,0.9726667,-2.5014627
33222,-17.5,Baseline,-0.5181506,0.20885976,-0.0015684783,0.9740925,-2.4808543
33222,-17.0,Baseline,-0.5018756,0.20394784,-0.0046628118,0.97550315,-2.4608035
33222,-16.5,Baseline,-0.4859987,0.19897068,-0.007597494,0.97700137,-2.4425645
33222,-16.0,Baseline,-0.4706107,0.19388825,-0.010354424,0.9787063,-2.4272265
33222,-15.5,Baseline,-0.45570686,0.18868521,-0.012917006,0.98065466,-2.41517
33222,-15.0,Baseline,-0.44126728,0.18338257,-0.015267968,0.98266184,-2.4062662
33222,-14.5,Baseline,-0.42731127,0.17800926,-0.017388945,0.9844065,-2.4005003
33222,-14.0,Baseline,-0.4138821,0.17255577,-0.019260298,0.9856926,-2.398541
33222,-13.5,Baseline,-0.40097526,0.16700324,-0.02087596,0.98656,-2.401003
33222,-13.0,Baseline,-0.38848516,0.16137104,-0.022253465,0.9871962,-2.4074032
33222,-12.5,Baseline,-0.3763289,0.15570535,-0.023387497,0.9877495,-2.4169297
33222,-12.0,Baseline,-0.36454716,0.15004857,-0.024241488,0.98826283,-2.4295278
33222,-11.5,Baseline,-0.3533332,0.14440843,-0.02480641,0.9887045,-2.446763
33222,-11.0,Baseline,-0.3429146,0.13877112,-0.025067234,0.9890187,-2.4710805
33222,-10.5,Baseline,-0.33344194,0.1331287,-0.024923604,0.9891489,-2.5046585
33222,-10.0,Baseline,-0.3250926,0.12749071,-0.024276782,0.9890148,-2.5499318
33222,-9.5,Baseline,-0.31800607,0.121878274,-0.02307338,0.9885626,-2.6092105
33222,-9.0,Baseline,-0.3119055,0.116307765,-0.021194112,0.9879445,-2.6817255
33222,-8.5,Baseline,-0.3064905,0.1108032,-0.018571252,0.9874079,-2.76608
33222,-8.0,Baseline,-0.3008247,0.10538942,-0.015365052,0.9865211,-2.8544106
33222,-7.5,Baseline,-0.29242307,0.10003546,-0.011735117,0.98387396,-2.9231942
33222,-7.0,Baseline,-0.27839553,0.0946377,-0.0074757575,0.978969,-2.941698
33222,-6.5,Baseline,-0.2513558,0.08890571,-0.0031360327,0.9757676,-2.8272178
33222,-6.0,Baseline,-0.17040724,0.07774211,-0.003118527,0.9680651,-2.1919556
33222,-5.5,Baseline,-0.00536716,0.061836954,-0.028551633,0.8607736,-0.086795345
33222,-5.0,Baseline,-0.0943656,0.06544887,-0.010580528,0.24207112,-1.4418216
33222,-4.5,Baseline,-0.40973544,0.06780478,-0.018032748,0.32507148,-6.042869
33222,-4.0,Baseline,-0.36960232,0.05660394,-0.03408324,0.9476489,-6.529622
33222,-3.5,Baseline,-0.32357338,0.04876685,-0.041043423,0.981058,-6.635109
33222,-3.0,Baseline,-0.27273077,0.043906994,-0.045008827,0.9878257,-6.2115564
33222,-2.5,Baseline,-0.2199401,0.04079346,-0.04756195,0.99082094,-5.391553
33222,-2.0,Baseline,-0.16960436,0.03852269,-0.049155742,0.9912719,-4.4027133
33222,-1.5,Baseline,-0.12417841,0.03662649,-0.049454547,0.9898357,-3.3903987
33222,-1.0,Baseline,-0.077299386,0.035457842,-0.049048416,0.98087114,-2.1800363
33222,-0.5,Baseline,-0.04257214,0.033490516,-0.045209594,0.96311915,-1.27117
33222,0.0,Baseline,0.0066203475,0.03408091,-0.048015714,0.98277724,0.19425383
33222,0.5,Baseline,0.045121253,0.035991482,-0.04905098,0.9905069,1.2536647
33222,1.0,Baseline,0.079833776,0.038233913,-0.049566068,0.9920575,2.0880356
33222,1.5,Baseline,0.12061751,0.040851604,-0.05136957,0.99130756,2.952577
33222,2.0,Baseline,0.17625558,0.04391047,-0.05586586,0.9893016,4.013976
33222,2.5,Baseline,0.23936862,0.047220282,-0.061716933,0.9863637,5.0691905
33222,3.0,Baseline,0.29648253,0.050617445,-0.06659345,0.98072696,5.8573194
33222,3.5,Baseline,0.34409273,0.054073047,-0.06992325,0.967743,6.3634796
33222,4.0,Baseline,0.38237247,0.057596013,-0.07178636,0.9357543,6.6388702
33222,4.5,Baseline,0.41026074,0.06119401,-0.07210813,0.8513407,6.704263
33222,5.0,Baseline,0.4245482,0.06488255,-0.07049693,0.7425444,6.5433345
33222,5.5,Baseline,0.42055953,0.06858406,-0.06626193,0.7550805,6.13203
33222,6.0,Baseline,0.4069187,0.07233176,-0.060914706,0.8363956,5.6257267
33222,6.5,Baseline,0.4256816,0.07754941,-0.061804127,0.9266095,5.489166
33222,7.0,Baseline,0.48871273,0.08495755,-0.07068147,0.9689493,5.7524347
33222,7.5,Baseline,0.54676217,0.09186445,-0.07827555,0.98089164,5.951836
33222,8.0,Baseline,0.5853111,0.097790666,-0.08239031,0.98456717,5.9853473
33222,8.5,Baseline,0.6155834,0.10375309,-0.085055865,0.98325104,5.9331574
33222,9.0,Baseline,0.6488987,0.110190384,-0.087227225,0.97815293,5.888887
33222,9.5,Baseline,0.6846905,0.11698517,-0.08894222,0.97266406,5.852797
33222,10.0,Baseline,0.7142991,0.12376455,-0.09003185,0.96973383,5.7714353
33222,10.5,Baseline,0.7407218,0.1303444,-0.09093593,0.96920055,5.682805
33222,11.0,Baseline,0.7672261,0.13656701,-0.09182896,0.96851593,5.617946
33222,11.5,Baseline,0.7943084,0.14259925,-0.09244321,0.965938,5.5702143
33222,12.0,Baseline,0.8180156,0.14898762,-0.09270394,0.9644661,5.490494
33222,12.5,Baseline,0.83320904,0.15627813,-0.09357433,0.96885484,5.331578
33222,13.0,Baseline,0.84512687,0.16370827,-0.09482573,0.9780247,5.1623955
33222,13.5,Baseline,0.85817,0.17116514,-0.096548766,0.9871662,5.013696
33222,14.0,Baseline,0.87151676,0.17883587,-0.09899082,0.9929495,4.873277
33222,14.5,Baseline,0.8860996,0.18602854,-0.10116563,0.9945491,4.763245
33222,15.0,Baseline,0.9014009,0.19271092,-0.103156924,0.9942579,4.677477
33222,15.5,Baseline,0.91615707,0.19922948,-0.1055029,0.9936452,4.5985017
33222,16.0,Baseline,0.930797,0.20566705,-0.10811491,0.9929032,4.525747
33222,16.5,Baseline,0.94593495,0.21196873,-0.11082463,0.99196386,4.4626155
33222,17.0,Baseline,0.9618088,0.21809432,-0.11356978,0.99094826,4.410059
33222,17.5,Baseline,0.97820723,0.22405325,-0.11639607,0.9900905,4.3659587
33222,18.0,Baseline,0.9947768,0.22987555,-0.11937815,0.989546,4.327458
33222,18.5,Baseline,1.0113268,0.23560607,-0.1225196,0.9893155,4.292448
33222,19.0,Baseline,1.0277892,0.24129045,-0.1257973,0.9893106,4.259552
33222,19.5,Baseline,1.0441091,0.24695608,-0.12921801,0.98943454,4.2279143
33222,20.0,Baseline,1.060235,0.25260365,-0.13278553,0.98959035,4.1972275
33222,20.5,Baseline,1.0761116,0.25820577,-0.13647504,0.9896796,4.167651
33222,21.0,Baseline,1.0916708,0.26373,-0.14024898,0.98964,4.13935
33222,21.5,Baseline,1.1068724,0.26916188,-0.1440834,0.9894912,4.112293
33222,22.0,Baseline,1.1218005,0.27452296,-0.1479835,0.98930055,4.0863633
33222,22.5,Baseline,1.1365495,0.27986458,-0.15195915,0.98906064,4.0610695
33222,23.0,Baseline,1.1510513,0.28521648,-0.15598974,0.988613,4.035711
33222,23.5,Baseline,1.165247,0.29055944,-0.16005495,0.98773116,4.0103564
33222,24.0,Baseline,1.179162,0.2958565,-0.16414833,0.9861545,3.9855876
33222,24.5,Baseline,1.1928473,0.30109003,-0.16826382,0.9832333,3.9617627
33222,25.0,Baseline,1.2062972,0.30626324,-0.17238835,0.97713363,3.9387593
33222,25.5,Baseline,1.2194313,0.31138963,-0.17650265,0.9626658,3.9160948
33222,26.0,Baseline,1.232147,0.3164888,-0.18058667,0.92368215,3.8931773
33222,26.5,Baseline,1.2443769,0.32157198,-0.18462339,0.8078976,3.8696682
33222,27.0,Baseline,1.256109,0.3266241,-0.1885988,0.51005095,3.8457327
33222,27.5,Baseline,1.2673734,0.33161244,-0.19250269,0.15074012,3.8218513
33222,28.0,Baseline,1.2782036,0.33650225,-0.19632575,0.019697608,3.7984993
33222,28.5,Baseline,1.2886302,0.34126756,-0.20006147,0.0014485097,3.7760117
33222,29.0,Baseline,1.2986712,0.34588948,-0.20370445,6.346001e-05,3.7545843
33222,29.5,Baseline,1.3083389,0.35035977,-0.2072506,1.5923548e-06,3.7342727
33222,30.0,Baseline,1.3176377,0.35467738,-0.21069698,2.1405246e-08,3.7150316
37913,-30.0,Baseline,-0.9124453,0.32129648,0.09535445,4.9110844e-09,-2.8398857
37913,-29.5,Baseline,-0.89988226,0.31739122,0.09172503,3.2482603e-07,-2.8352463
37913,-29.0,Baseline,-0.8869407,0.31339955,0.08802174,1.1629203e-05,-2.8300638
37913,-28.5,Baseline,-0.8736198,0.3093237,0.08424788,0.00024136923,-2.8242898
37913,-28.0,Baseline,-0.85992,0.3051649,0.08040695,0.0030899358,-2.8178864
37913,-27.5,Baseline,-0.8458417,0.3009244,0.07650261,0.025399745,-2.8108113
37913,-27.0,Baseline,-0.83139014,0.29660437,0.072539814,0.13122796,-2.8030274
37913,-26.5,Baseline,-0.8165731,0.29220855,0.06852352,0.38756594,-2.7944872
37913,-26.0,Baseline,-0.80140036,0.28774226,0.06446044,0.6661889,-2.7851326
37913,-25.5,Baseline,-0.78588945,0.28321254,0.060358036,0.83095783,-2.7749104
37913,-25.0,Baseline,-0.7700577,0.27862898,0.05622536,0.90712154,-2.7637386
37913,-24.5,Baseline,-0.7539301,0.2740015,0.05207222,0.94159716,-2.7515545
37913,-24.0,Baseline,-0.7375344,0.26933983,0.04790934,0.95780516,-2.7383044
37913,-23.5,Baseline,-0.7209035,0.2646532,0.043748092,0.96542567,-2.7239554
37913,-23.0,Baseline,-0.7040745,0.25994882,0.039599635,0.9685214,-2.708512
37913,-22.5,Baseline,-0.6870889,0.2552328,0.03547567,0.96897495,-2.6920085
37913,-22.0,Baseline,-0.6699947,0.2505106,0.031388856,0.9679161,-2.6745164
37913,-21.5,Baseline,-0.65284467,0.24578628,0.027352154,0.96640587,-2.6561477
37913,-21.0,Baseline,-0.63568187,0.2410632,0.023377497,0.9655087,-2.6369925
37913,-20.5,Baseline,-0.6185249,0.23634489,0.019473642,0.9658512,-2.6170437
37913,-20.0,Baseline,-0.601366,0.23163241,0.01564675,0.96726245,-2.5962083
37913,-19.5,Baseline,-0.5841981,0.22692099,0.011903572,0.96914476,-2.574456
37913,-19.0,Baseline,-0.56705546,0.22219196,0.008253312,0.9709871,-2.552097
37913,-18.5,Baseline,-0.5500282,0.21741505,0.004707366,0.97258276,-2.5298533
37913,-18.0,Baseline,-0.5332277,0.2125606,0.0012762785,0.97394353,-2.5085914
37913,-17.5,Baseline,-0.51674175,0.20761643,-0.0020305156,0.9751244,-2.4889252
37913,-17.0,Baseline,-0.50061876,0.2025922,-0.005204624,0.9761643,-2.4710665
37913,-16.5,Baseline,-0.4848684,0.19751418,-0.008235985,0.9771404,-2.4548538
37913,-16.0,Baseline,-0.4694933,0.1924075,-0.01111005,0.9781714,-2.4400988
37913,-15.5,Baseline,-0.45458126,0.18725988,-0.013804084,0.97935736,-2.4275422
37913,-15.0,Baseline,-0.440278,0.1820294,-0.016290152,0.9806472,-2.4187193
37913,-14.5,Baseline,-0.42664874,0.17668109,-0.018551076,0.9818941,-2.4147956
37913,-14.0,Baseline,-0.41361743,0.17120506,-0.0205925,0.9830684,-2.4159184
37913,-13.5,Baseline,-0.4010718,0.1656349,-0.022424215,0.984134,-2.4214208
37913,-13.0,Baseline,-0.3889522,0.16000827,-0.024032932,0.98493,-2.4308257
37913,-12.5,Baseline,-0.37729922,0.15432389,-0.025383646,0.9853129,-2.4448528
37913,-12.0,Baseline,-0.36615217,0.14858791,-0.026460309,0.9853538,-2.4642124
37913,-11.5,Baseline,-0.35556772,0.14284743,-0.02724902,0.9852169,-2.4891431
37913,-11.0,Baseline,-0.34568042,0.1371638,-0.02769894,0.98495525,-2.5202014
37913,-10.5,Baseline,-0.33674562,0.13157874,-0.027748639,0.98449916,-2.5592706
37913,-10.0,Baseline,-0.3291576,0.12609571,-0.027360618,0.98376966,-2.610379
37913,-9.5,Baseline,-0.323378,0.12070156,-0.026440859,0.98297286,-2.6791534
37913,-9.0,Baseline,-0.31979886,0.11539428,-0.024807692,0.98281616,-2.771358
37913,-8.5,Baseline,-0.318461,0.11021132,-0.022386992,0.983624,-2.889549
37913,-8.0,Baseline,-0.31854087,0.105214015,-0.019268518,0.9842845,-3.0275517
37913,-7.5,Baseline,-0.31900346,0.10043299,-0.015465742,0.98322713,-3.1762817
37913,-7.0,Baseline,-0.32054248,0.09584279,-0.010709137,0.97974634,-3.344461
37913,-6.5,Baseline,-0.3229912,0.0913501,-0.0045105936,0.97632617,-3.5357509
37913,-6.0,Baseline,-0.31763223,0.08688217,0.0028590441,0.97062945,-3.6558967
37913,-5.5,Baseline,-0.28298056,0.080508694,0.00983966,0.85882515,-3.514907
37913,-5.0,Baseline,-0.12293765,0.06773621,-0.0033923686,0.15375635,-1.8149474
37913,-4.5,Baseline,-0.3845992,0.06325157,-0.024192091,0.2470378,-6.080469
37913,-4.0,Baseline,-0.36027592,0.05233263,-0.039499674,0.9489812,-6.884346
37913,-3.5,Baseline,-0.31642842,0.0455928,-0.04457099,0.9791108,-6.9403157
37913,-3.0,Baseline,-0.2660818,0.041558515,-0.047475588,0.9861057,-6.402582
37913,-2.5,Baseline,-0.21457899,0.039005823,-0.049508594,0.98928213,-5.501204
37913,-2.0,Baseline,-0.16480738,0.037176818,-0.051026274,0.9894728,-4.4330683
37913,-1.5,Baseline,-0.119030684,0.035599455,-0.051516242,0.9887228,-3.3436098
37913,-1.0,Baseline,-0.073637605,0.03450839,-0.05128048,0.98491377,-2.1339045
37913,-0.5,Baseline,-0.037683785,0.03285696,-0.04784282,0.9696917,-1.1469042
37913,0.0,Baseline,0.006790787,0.033530287,-0.049200393,0.9814169,0.20252696
37913,0.5,Baseline,0.061538756,0.035734665,-0.05285131,0.98756427,1.7221025
37913,1.0,Baseline,0.13780966,0.038497806,-0.060246766,0.9898296,3.579676
37913,1.5,Baseline,0.21590388,0.041538376,-0.06794898,0.9914402,5.1976967
37913,2.0,Baseline,0.28023124,0.044630945,-0.07315992,0.992401,6.2788553
37913,2.5,Baseline,0.33722687,0.047641665,-0.07695304,0.9925327,7.078402
37913,3.0,Baseline,0.39028734,0.05065202,-0.07991175,0.99160236,7.705267
37913,3.5,Baseline,0.43846762,0.053804852,-0.08199312,0.98897773,8.14922
37913,4.0,Baseline,0.48164603,0.05716118,-0.08334812,0.9826063,8.426104
37913,4.5,Baseline,0.5205169,0.060713064,-0.08429482,0.9635878,8.573392
37913,5.0,Baseline,0.5551609,0.06444904,-0.08509657,0.92538863,8.613951
37913,5.5,Baseline,0.58403677,0.06842609,-0.085806124,0.9155848,8.535294
37913,6.0,Baseline,0.6021266,0.07299164,-0.08600897,0.92447644,8.249254
37913,6.5,Baseline,0.60161877,0.07873641,-0.084727034,0.91692924,7.640922
37913,7.0,Baseline,0.59093004,0.085493185,-0.082811534,0.90546304,6.9120135
37913,7.5,Baseline,0.59375167,0.09200306,-0.082339354,0.90695035,6.4536076
37913,8.0,Baseline,0.62260544,0.097292736,-0.08329554,0.9153777,6.3993006
37913,8.5,Baseline,0.6762839,0.10127835,-0.08450512,0.9218766,6.6774774
37913,9.0,Baseline,0.7379315,0.10442876,-0.08464084,0.92752826,7.0663624
37913,9.5,Baseline,0.79062855,0.10743838,-0.083176434,0.93347335,7.3589025
37913,10.0,Baseline,0.8315924,0.11057089,-0.08084915,0.9384069,7.520898
37913,10.5,Baseline,0.86129814,0.11410108,-0.0782855,0.937951,7.5485535
37913,11.0,Baseline,0.8827393,0.11960896,-0.07582333,0.92711306,7.3802104
37913,11.5,Baseline,0.90727156,0.12577263,-0.07306519,0.91131586,7.2135854
37913,12.0,Baseline,0.92313474,0.1319473,-0.07187922,0.9051372,6.9962387
37913,12.5,Baseline,0.9274001,0.13758661,-0.074571714,0.91439384,6.7404823
37913,13.0,Baseline,0.9125605,0.14822707,-0.081575155,0.9249426,6.156504
37913,13.5,Baseline,0.8851795,0.16479309,-0.09151536,0.93067497,5.3714604
37913,14.0,Baseline,0.88363624,0.17611912,-0.09577788,0.9648636,5.017265
37913,14.5,Baseline,0.8933675,0.18415543,-0.09802896,0.9848626,4.85116
37913,15.0,Baseline,0.9050743,0.1909496,-0.100395784,0.98753685,4.7398596
37913,15.5,Baseline,0.91868776,0.19733813,-0.10285757,0.98695487,4.655399
37913,16.0,Baseline,0.93350065,0.203543,-0.105529584,0.9859341,4.5862575
37913,16.5,Baseline,0.9490434,0.20964693,-0.10828064,0.9845531,4.5268655
37913,17.0,Baseline,0.9649259,0.21565004,-0.11114665,0.9832335,4.474499
37913,17.5,Baseline,0.9809747,0.22155897,-0.11415315,0.9824097,4.427601
37913,18.0,Baseline,0.9970696,0.22741267,-0.11728878,0.9821796,4.3844066
37913,18.5,Baseline,1.0130622,0.23324418,-0.12056527,0.9824452,4.3433547
37913,19.0,Baseline,1.0288695,0.23904186,-0.12397989,0.98303753,4.3041396
37913,19.5,Baseline,1.0444819,0.2447569,-0.12750256,0.9837599,4.2674255
37913,20.0,Baseline,1.0599246,0.25035,-0.13111041,0.9843919,4.2337713
37913,20.5,Baseline,1.0752479,0.2558228,-0.13480845,0.98469985,4.2030964
37913,21.0,Baseline,1.0905107,0.26122552,-0.13861844,0.98453563,4.174595
37913,21.5,Baseline,1.105622,0.26662526,-0.14253676,0.9840173,4.1467266
37913,22.0,Baseline,1.120442,0.27204224,-0.14653957,0.983508,4.1186323
37913,22.5,Baseline,1.134986,0.27744246,-0.15061824,0.9832002,4.090888
37913,23.0,Baseline,1.1493433,0.28278977,-0.15476881,0.9828143,4.064303
37913,23.5,Baseline,1.1635741,0.28808144,-0.15897672,0.98189527,4.039046
37913,24.0,Baseline,1.1776395,0.29334027,-0.1632187,0.9799597,4.014585
37913,24.5,Baseline,1.1914198,0.2986008,-0.16746844,0.9758651,3.990009
37913,25.0,Baseline,1.2047869,0.30388734,-0.17170212,0.9666413,3.964584
37913,25.5,Baseline,1.2176799,0.30918655,-0.17590079,0.9442814,3.938334
37913,26.0,Baseline,1.2301056,0.3144551,-0.18005067,0.88513494,3.9118643
37913,26.5,Baseline,1.2420919,0.31964982,-0.18414105,0.72400635,3.8857894
37913,27.0,Baseline,1.2536665,0.32473886,-0.18816352,0.39276296,3.8605375
37913,27.5,Baseline,1.264844,0.3297051,-0.19211118,0.10042226,3.8362887
37913,28.0,Baseline,1.2756339,0.33454487,-0.19597793,0.012791471,3.8130429
37913,28.5,Baseline,1.2860444,0.33926165,-0.19975881,0.00096638827,3.7907155
37913,29.0,Baseline,1.2960846,0.3438584,-0.20344949,4.3960208e-05,3.7692394
37913,29.5,Baseline,1.3057745,0.34833232,-0.20704627,1.147377e-06,3.7486458
37913,30.0,Baseline,1.3151329,0.3526768,-0.21054654,1.603038e-08,3.729003
42721,-30.0,Baseline,-0.91215754,0.3208974,0.095584035,6.250109e-09,-2.8425207
42721,-29.5,Baseline,-0.8994979,0.31697407,0.09191413,4.1140484e-07,-2.837765
42721,-29.0,Baseline,-0.8864747,0.31295943,0.08817259,1.4630575e-05,-2.8325548
42721,-28.5,Baseline,-0.87308884,0.30885494,0.084363446,0.00030113268,-2.8268573
42721,-28.0,Baseline,-0.8593404,0.3046614,0.08048998,0.0038161867,-2.820641
42721,-27.5,Baseline,-0.84523034,0.3003796,0.07655673,0.030903175,-2.813874
42721,-27.0,Baseline,-0.83075964,0.2960116,0.07256841,0.15466656,-2.8065104
42721,-26.5,Baseline,-0.8159342,0.2915619,0.068530574,0.43156132,-2.7984939
42721,-26.0,Baseline,-0.8007592,0.28703701,0.06444959,0.7035645,-2.789742
42721,-25.5,Baseline,-0.78524685,0.28244665,0.060332846,0.8529953,-2.78016
42721,-25.0,Baseline,-0.7694107,0.27780214,0.056188166,0.91972464,-2.7696357
42721,-24.5,Baseline,-0.7532704,0.27311665,0.052024294,0.9495318,-2.7580538
42721,-24.0,Baseline,-0.73684764,0.26840308,0.047850765,0.9634531,-2.7453024
42721,-23.5,Baseline,-0.72017026,0.2636717,0.043677263,0.96992695,-2.7313142
42721,-23.0,Baseline,-0.7032747,0.25893044,0.039514486,0.9724347,-2.716076
42721,-22.5,Baseline,-0.6862062,0.25418442,0.035374653,0.9725462,-2.699639
42721,-22.0,Baseline,-0.66902155,0.24943511,0.031270556,0.971179,-2.6821465
42721,-21.5,Baseline,-0.6517813,0.2446845,0.027216012,0.969242,-2.663762
42721,-21.0,Baseline,-0.6345399,0.23993266,0.023223137,0.96778136,-2.6446583
42721,-20.5,Baseline,-0.61732554,0.23518111,0.019299781,0.9675617,-2.6248944
42721,-20.0,Baseline,-0.6001389,0.23042987,0.015449536,0.96855617,-2.6044319
42721,-19.5,Baseline,-0.58296657,0.22567543,0.011675817,0.9701825,-2.5832078
42721,-19.0,Baseline,-0.5658274,0.22091034,0.007986558,0.9718768,-2.5613441
42721,-18.5,Baseline,-0.54878485,0.21612176,0.004392767,0.9733742,-2.5392392
42721,-18.0,Baseline,-0.5319233,0.21129599,0.0009075642,0.97461367,-2.517432
42721,-17.5,Baseline,-0.51532954,0.20641378,-0.0024570108,0.9755544,-2.4965851
42721,-17.0,Baseline,-0.4990978,0.20144707,-0.0056900857,0.97614497,-2.477563
42721,-16.5,Baseline,-0.48332614,0.19637012,-0.008781975,0.9764683,-2.4613018
42721,-16.0,Baseline,-0.46808752,0.19118133,-0.011720866,0.9768076,-2.4483955
42721,-15.5,Baseline,-0.4533938,0.18591163,-0.014491087,0.97745454,-2.4387598
42721,-15.0,Baseline,-0.43920383,0.18061125,-0.017072212,0.9783756,-2.4317634
42721,-14.5,Baseline,-0.42554274,0.17528768,-0.019445658,0.97927845,-2.427682
42721,-14.0,Baseline,-0.41254193,0.16988525,-0.021604676,0.9800162,-2.4283564
42721,-13.5,Baseline,-0.4002468,0.16436124,-0.023553144,0.98059434,-2.4351654
42721,-13.0,Baseline,-0.3885583,0.15871948,-0.025294667,0.98102987,-2.448082
42721,-12.5,Baseline,-0.3773678,0.15300572,-0.026821816,0.9812744,-2.466364
42721,-12.0,Baseline,-0.36666796,0.14727336,-0.028103149,0.981167,-2.4897099
42721,-11.5,Baseline,-0.35658264,0.14154279,-0.029084165,0.98051023,-2.5192568
42721,-11.0,Baseline,-0.34724733,0.13583006,-0.029725278,0.9792835,-2.5564837
42721,-10.5,Baseline,-0.33882394,0.13018972,-0.029991692,0.97766113,-2.60254
42721,-10.0,Baseline,-0.33165917,0.12468705,-0.02980708,0.975905,-2.6599326
42721,-9.5,Baseline,-0.32637167,0.11937794,-0.029044723,0.9746104,-2.733936
42721,-9.0,Baseline,-0.3237478,0.11430549,-0.027573038,0.9746088,-2.8323033
42721,-8.5,Baseline,-0.3243615,0.10948897,-0.025312686,0.97568434,-2.962504
42721,-8.0,Baseline,-0.3283869,0.10489949,-0.02220587,0.97634876,-3.130491
42721,-7.5,Baseline,-0.335903,0.10046811,-0.01818797,0.97511476,-3.3433793
42721,-7.0,Baseline,-0.3474846,0.09617431,-0.013113016,0.971384,-3.613071
42721,-6.5,Baseline,-0.36329007,0.09204172,-0.0066608908,0.9682598,-3.947015
42721,-6.0,Baseline,-0.37628818,0.08812803,0.00095109345,0.9655226,-4.2697897
42721,-5.5,Baseline,-0.37313044,0.08408153,0.0076735974,0.8699135,-4.4377217
42721,-5.0,Baseline,-0.3415782,0.07764334,0.014615739,0.120671645,-4.3993235
42721,-4.5,Baseline,-0.392698,0.060181662,-0.030002642,0.2704823,-6.52521
42721,-4.0,Baseline,-0.3536591,0.048783652,-0.04331527,0.9514341,-7.2495413
42721,-3.5,Baseline,-0.31058836,0.04292155,-0.046998043,0.97884905,-7.236187
42721,-3.0,Baseline,-0.2615719,0.039513875,-0.049144085,0.9860234,-6.6197486
42721,-2.5,Baseline,-0.21168527,0.037438698,-0.05077874,0.98861504,-5.6541834
42721,-2.0,Baseline,-0.16314033,0.035988927,-0.0520793,0.98789805,-4.53307
42721,-1.5,Baseline,-0.11803341,0.034693252,-0.05259331,0.9868938,-3.4022007
42721,-1.0,Baseline,-0.07161203,0.033755496,-0.052852433,0.9856331,-2.1214924
42721,-0.5,Baseline,-0.018418014,0.03250521,-0.05254995,0.9733315,-0.5666173
42721,0.0,Baseline,0.06406346,0.033567507,-0.05985073,0.9827155,1.9084963
42721,0.5,Baseline,0.14817357,0.035918638,-0.06785071,0.9892246,4.1252556
42721,1.0,Baseline,0.2166307,0.038463604,-0.07300467,0.99208176,5.632096
42721,1.5,Baseline,0.2792735,0.040920794,-0.0770954,0.99358386,6.8247333
42721,2.0,Baseline,0.34035334,0.043273125,-0.080723986,0.9944489,7.865236
42721,2.5,Baseline,0.39771074,0.045657106,-0.083529815,0.9949832,8.710818
42721,3.0,Baseline,0.4497353,0.048204653,-0.085369155,0.99531794,9.329707
42721,3.5,Baseline,0.49719736,0.05094497,-0.08648724,0.99541485,9.759499
42721,4.0,Baseline,0.5409195,0.053896226,-0.08709733,0.99505436,10.036315
42721,4.5,Baseline,0.5808031,0.057106677,-0.08728209,0.9934,10.170493
42721,5.0,Baseline,0.61671376,0.06060409,-0.08714071,0.99018365,10.176107
42721,5.5,Baseline,0.649185,0.064382404,-0.08688398,0.98882675,10.083267
42721,6.0,Baseline,0.67875755,0.06840912,-0.086789474,0.9872158,9.922032
42721,6.5,Baseline,0.70494276,0.072645605,-0.086979404,0.98217934,9.70386
42721,7.0,Baseline,0.72661424,0.0770795,-0.087029785,0.97296053,9.426816
42721,7.5,Baseline,0.74842083,0.08146423,-0.086308226,0.96130013,9.18711
42721,8.0,Baseline,0.780136,0.08525766,-0.08476223,0.9516953,9.150333
42721,8.5,Baseline,0.82345295,0.08817343,-0.08259444,0.9494008,9.339015
42721,9.0,Baseline,0.8719032,0.09040636,-0.079869375,0.9533827,9.644268
42721,9.5,Baseline,0.9157378,0.093027174,-0.07685816,0.9576735,9.843767
42721,10.0,Baseline,0.9857118,0.09035918,-0.07234851,0.9620333,10.908817
42721,10.5,Baseline,1.2484185,0.05793491,-0.057489853,0.97008395,21.54864
42721,11.0,Baseline,1.4030452,0.04654577,-0.045625143,0.97984385,30.143345
42721,11.5,Baseline,1.400583,0.05264851,-0.04054915,0.9828267,26.60252
42721,12.0,Baseline,1.419667,0.0562877,-0.03493792,0.9779416,25.22162
42721,12.5,Baseline,1.396204,0.061344765,-0.032728575,0.95952207,22.759953
42721,13.0,Baseline,1.0934236,0.11432154,-0.052573748,0.9272473,9.564459
42721,13.5,Baseline,0.97459114,0.14410762,-0.06971735,0.88399243,6.7629395
42721,14.0,Baseline,0.9302138,0.16210903,-0.08617008,0.81883734,5.7381988
42721,14.5,Baseline,0.90618396,0.1807419,-0.09632035,0.8831087,5.0136905
42721,15.0,Baseline,0.91210514,0.18938418,-0.09830793,0.95229375,4.8161635
42721,15.5,Baseline,0.92331505,0.19575596,-0.10088172,0.9597002,4.716664
42721,16.0,Baseline,0.93867725,0.20153257,-0.10360608,0.95892054,4.657695
42721,16.5,Baseline,0.9553573,0.2072089,-0.10657029,0.9565447,4.6106
42721,17.0,Baseline,0.97197276,0.21308997,-0.1097183,0.95410484,4.5613256
42721,17.5,Baseline,0.9883578,0.21915254,-0.11303663,0.9532483,4.5099077
42721,18.0,Baseline,1.0044696,0.22523965,-0.11647413,0.9544529,4.4595594
42721,18.5,Baseline,1.0202134,0.23121369,-0.11996106,0.9570971,4.4124265
42721,19.0,Baseline,1.0356009,0.23698881,-0.12346661,0.9602531,4.36983
42721,19.5,Baseline,1.0507824,0.24254459,-0.12701401,0.96310204,4.332327
42721,20.0,Baseline,1.0659479,0.24795267,-0.13065906,0.9650622,4.2989974
42721,20.5,Baseline,1.0810951,0.2533362,-0.13443194,0.9658901,4.2674327
42721,21.0,Baseline,1.0961198,0.2587568,-0.13833076,0.9657019,4.2361007
42721,21.5,Baseline,1.1110678,0.2641865,-0.14236107,0.96504164,4.205619
42721,22.0,Baseline,1.1260309,0.269581,-0.14652053,0.96464515,4.176967
42721,22.5,Baseline,1.140974,0.27493745,-0.1507781,0.96469814,4.1499405
42721,23.0,Baseline,1.1557214,0.28028673,-0.15508643,0.9646785,4.123354
42721,23.5,Baseline,1.1700761,0.2856779,-0.15940508,0.96383256,4.095788
42721,24.0,Baseline,1.1839246,0.29113597,-0.16370825,0.96106064,4.0665693
42721,24.5,Baseline,1.19726,0.2966299,-0.16798188,0.9539959,4.036208
42721,25.0,Baseline,1.2101202,0.30210182,-0.17221645,0.93738335,4.00567
42721,25.5,Baseline,1.2225399,0.30750188,-0.17640471,0.89818865,3.9757152
42721,26.0,Baseline,1.2345482,0.31279877,-0.18054071,0.80289066,3.946781
42721,26.5,Baseline,1.2461596,0.3179835,-0.18461838,0.5873846,3.918944
42721,27.0,Baseline,1.2573863,0.3230608,-0.18863153,0.26685366,3.8921041
42721,27.5,Baseline,1.2682462,0.3280363,-0.19257405,0.061564606,3.8661761
42721,28.0,Baseline,1.2787622,0.33290827,-0.19643995,0.007915211,3.8411849
42721,28.5,Baseline,1.2889557,0.33766925,-0.20022412,0.0006239617,3.8172138
42721,29.0,Baseline,1.2988405,0.34230995,-0.20392132,2.9698165e-05,3.7943406
42721,29.5,Baseline,1.3084233,0.34682187,-0.20752716,8.0942385e-07,3.7726088
42721,30.0,Baseline,1.3177047,0.351196,-0.21103725,1.17825625e-08,3.7520492
47599,-30.0,Baseline,-0.9118568,0.32071078,0.09580748,7.504438e-09,-2.8432372
47599,-29.5,Baseline,-0.8991157,0.31678045,0.09210346,4.924665e-07,-2.8382928
47599,-29.0,Baseline,-0.8860166,0.312753,0.08832921,1.7424833e-05,-2.8329597
47599,-28.5,Baseline,-0.8725592,0.3086293,0.08448836,0.0003561312,-2.8272078
47599,-28.0,Baseline,-0.8587462,0.3044099,0.08058498,0.004471015,-2.8210192
47599,-27.5,Baseline,-0.8445777,0.3000957,0.07662302,0.035687033,-2.8143613
47599,-27.0,Baseline,-0.8300557,0.29568896,0.072607175,0.17356001,-2.807192
47599,-26.5,Baseline,-0.81518644,0.2911942,0.06854341,0.46286264,-2.7994597
47599,-26.0,Baseline,-0.79997617,0.28661808,0.06443783,0.7271585,-2.7910876
47599,-25.5,Baseline,-0.78443575,0.28197184,0.060298227,0.8658273,-2.7819648
47599,-25.0,Baseline,-0.7685807,0.2772677,0.056133114,0.9266737,-2.7719805
47599,-24.5,Baseline,-0.752427,0.2725209,0.051951505,0.95374113,-2.7609882
47599,-24.0,Baseline,-0.7359953,0.26774547,0.047762744,0.9663748,-2.7488618
47599,-23.5,Baseline,-0.71931,0.2629546,0.04357631,0.97222185,-2.7354913
47599,-23.0,Baseline,-0.702401,0.25815782,0.039401453,0.97440726,-2.7208202
47599,-22.5,Baseline,-0.68530643,0.25336283,0.03524846,0.9743028,-2.704842
47599,-22.0,Baseline,-0.6680743,0.2485731,0.031128507,0.97266746,-2.6876373
47599,-21.5,Baseline,-0.6507662,0.24378927,0.027054435,0.9702818,-2.66938
47599,-21.0,Baseline,-0.63344353,0.23901029,0.02303968,0.9681846,-2.6502774
47599,-20.5,Baseline,-0.6161555,0.23423266,0.019094627,0.9673186,-2.6305277
47599,-20.0,Baseline,-0.5989155,0.22945277,0.015224731,0.967855,-2.6101909
47599,-19.5,Baseline,-0.5817102,0.22466637,0.011431825,0.9692366,-2.5892181
47599,-19.0,Baseline,-0.564544,0.21986587,0.0077205123,0.9708212,-2.5676746
47599,-18.5,Baseline,-0.54748225,0.21503912,0.0041000247,0.97229767,-2.545966
47599,-18.0,Baseline,-0.53062344,0.21017191,0.0005817056,0.9735821,-2.5247116
47599,-17.5,Baseline,-0.5140535,0.20525557,-0.002823931,0.9745477,-2.504456
47599,-17.0,Baseline,-0.49782404,0.2002834,-0.0061059715,0.97497284,-2.485598
47599,-16.5,Baseline,-0.48198512,0.19524314,-0.00925315,0.9747667,-2.4686406
47599,-16.0,Baseline,-0.46662125,0.19010818,-0.012250876,0.97417676,-2.4545038
47599,-15.5,Baseline,-0.45184386,0.18485442,-0.015082115,0.9737473,-2.4443228
47599,-15.0,Baseline,-0.4377242,0.17948976,-0.017727684,0.9738989,-2.438714
47599,-14.5,Baseline,-0.4242612,0.17405121,-0.020173049,0.97451615,-2.4375653
47599,-14.0,Baseline,-0.41139027,0.16857725,-0.022416199,0.9751899,-2.4403665
47599,-13.5,Baseline,-0.3990998,0.16306973,-0.024459701,0.97562534,-2.4474182
47599,-13.0,Baseline,-0.3875007,0.1574884,-0.026298827,0.975659,-2.460503
47599,-12.5,Baseline,-0.37664697,0.15181433,-0.027923131,0.9751731,-2.480971
47599,-12.0,Baseline,-0.36645445,0.14607202,-0.029318344,0.9741431,-2.5087245
47599,-11.5,Baseline,-0.35683855,0.14032261,-0.030456513,0.97257566,-2.5429869
47599,-11.0,Baseline,-0.34785905,0.13463248,-0.031282775,0.97041434,-2.5837677
47599,-10.5,Baseline,-0.33978796,0.12903328,-0.031720914,0.9676196,-2.6333358
47599,-10.0,Baseline,-0.3330673,0.12355219,-0.031696923,0.9645699,-2.695762
47599,-9.5,Baseline,-0.32839978,0.11825993,-0.031098783,0.96237576,-2.776932
47599,-9.0,Baseline,-0.3266604,0.11325793,-0.029759634,0.9620165,-2.8842165
47599,-8.5,Baseline,-0.3286388,0.108615555,-0.02753352,0.96271515,-3.0257065
47599,-8.0,Baseline,-0.3351549,0.10432086,-0.024346447,0.9624186,-3.2127314
47599,-7.5,Baseline,-0.3471344,0.10025787,-0.020160217,0.95924026,-3.4624155
47599,-7.0,Baseline,-0.36538264,0.096219696,-0.014896584,0.952965,-3.7973788
47599,-6.5,Baseline,-0.38875467,0.09200324,-0.008728248,0.94910944,-4.2254453
47599,-6.0,Baseline,-0.4082741,0.08790088,-0.0025020659,0.94788384,-4.6447105
47599,-5.5,Baseline,-0.41175404,0.08438669,0.0030795098,0.85011065,-4.8793716
47599,-5.0,Baseline,-0.4172247,0.077985875,0.007089627,0.15165749,-5.3500037
47599,-4.5,Baseline,-0.40309173,0.057487167,-0.036805104,0.4352809,-7.0118556
47599,-4.0,Baseline,-0.3499167,0.04600913,-0.045863558,0.95278424,-7.6053753
47599,-3.5,Baseline,-0.30679002,0.040636405,-0.04861258,0.9787602,-7.549635
47599,-3.0,Baseline,-0.2591346,0.03773174,-0.05021604,0.9859387,-6.8678145
47599,-2.5,Baseline,-0.21113354,0.03611945,-0.051377974,0.98749906,-5.845425
47599,-2.0,Baseline,-0.16359341,0.034961253,-0.052473634,0.98573434,-4.6792774
47599,-1.5,Baseline,-0.110219836,0.03389354,-0.054523945,0.9846868,-3.2519422
47599,-1.0,Baseline,-0.031149596,0.033238757,-0.060533125,0.98672026,-0.93714684
47599,-0.5,Baseline,0.055748403,0.032149132,-0.06572436,0.98095256,1.7340562
47599,0.0,Baseline,0.13289744,0.03327354,-0.07124791,0.9869393,3.9940877
47599,0.5,Baseline,0.20207414,0.035206653,-0.075823225,0.99046177,5.739658
47599,1.0,Baseline,0.26812768,0.037125267,-0.079824194,0.99238175,7.2222424
47599,1.5,Baseline,0.33252835,0.03897666,-0.08344211,0.99369204,8.531473
47599,2.0,Baseline,0.39232415,0.04088708,-0.08613584,0.9947595,9.595308
47599,2.5,Baseline,0.44690907,0.04294485,-0.08788584,0.99568033,10.406582
47599,3.0,Baseline,0.49781018,0.045143962,-0.088992655,0.9964055,11.027171
47599,3.5,Baseline,0.5459869,0.047486294,-0.08960371,0.9969152,11.497779
47599,4.0,Baseline,0.5911981,0.05001221,-0.0897242,0.9971596,11.821075
47599,4.5,Baseline,0.6328575,0.0527507,-0.08939604,0.99670416,11.99714
47599,5.0,Baseline,0.6710534,0.05570867,-0.08873592,0.99530905,12.045763
47599,5.5,Baseline,0.70671666,0.058873914,-0.08789648,0.99482614,12.0039015
47599,6.0,Baseline,0.74101496,0.062182833,-0.08701212,0.9946498,11.916713
47599,6.5,Baseline,0.7749709,0.06549419,-0.08612813,0.99341303,11.832666
47599,7.0,Baseline,0.8092574,0.068637125,-0.085119255,0.9908558,11.790374
47599,7.5,Baseline,0.84438914,0.071473524,-0.08370365,0.9871098,11.814013
47599,8.0,Baseline,0.880614,0.07399997,-0.08162339,0.9821535,11.900193
47599,8.5,Baseline,0.9179455,0.07646522,-0.07900708,0.97502226,12.0047455
47599,9.0,Baseline,0.9819033,0.07492186,-0.0762045,0.96748626,13.105699
47599,9.5,Baseline,1.1980822,0.052102845,-0.069210805,0.9710236,22.994564
47599,10.0,Baseline,1.3434917,0.040704854,-0.062801495,0.980927,33.005688
47599,10.5,Baseline,1.3592223,0.041689977,-0.056370027,0.98446274,32.603096
47599,11.0,Baseline,1.3715818,0.04464326,-0.04929284,0.9821161,30.723154
47599,11.5,Baseline,1.3953025,0.04873701,-0.044236578,0.9767295,28.629217
47599,12.0,Baseline,1.4226716,0.053546626,-0.040618137,0.9706504,26.568836
47599,12.5,Baseline,1.4356483,0.05981121,-0.036675457,0.9651935,24.002998
47599,13.0,Baseline,1.423348,0.067126356,-0.03171883,0.9564737,21.20401
47599,13.5,Baseline,1.3066984,0.08412637,-0.03445079,0.9242921,15.532567
47599,14.0,Baseline,1.0274487,0.1419228,-0.059874825,0.82493955,7.2394896
47599,14.5,Baseline,0.95828044,0.16462089,-0.08370306,0.6128171,5.821135
47599,15.0,Baseline,0.91140556,0.1854367,-0.0952115,0.7159607,4.9149146
47599,15.5,Baseline,0.8952397,0.19409887,-0.09456571,0.85519946,4.612287
47599,16.0,Baseline,0.8936824,0.19952083,-0.09519043,0.86605984,4.4791436
47599,16.5,Baseline,0.90059525,0.20464149,-0.09669958,0.8637443,4.4008436
47599,17.0,Baseline,0.91019654,0.21014765,-0.09893251,0.86136395,4.331224
47599,17.5,Baseline,0.9227464,0.21614197,-0.10195551,0.86262536,4.2691684
47599,18.0,Baseline,0.9414114,0.22234257,-0.10600282,0.86887,4.2340584
47599,18.5,Baseline,0.96589077,0.22841005,-0.1108793,0.87825733,4.228758
47599,19.0,Baseline,0.992108,0.23419526,-0.11601406,0.8879245,4.236243
47599,19.5,Baseline,1.0168097,0.23977293,-0.12101795,0.89635605,4.2407193
47599,20.0,Baseline,1.0386044,0.2452688,-0.12573665,0.90306425,4.2345557
47599,20.5,Baseline,1.0571008,0.2507238,-0.13012476,0.90746504,4.216196
47599,21.0,Baseline,1.0722713,0.25611335,-0.1341754,0.9091592,4.186706
47599,21.5,Baseline,1.0845345,0.26142868,-0.1379331,0.9089194,4.148491
47599,22.0,Baseline,1.0951574,0.26671752,-0.14155951,0.90871567,4.106057
47599,22.5,Baseline,1.1059818,0.27207708,-0.14530373,0.9098456,4.0649576
47599,23.0,Baseline,1.1183789,0.27757797,-0.14934947,0.911794,4.0290623
47599,23.5,Baseline,1.132638,0.28320026,-0.153721,0.9127986,3.9994242
47599,24.0,Baseline,1.1482184,0.28887114,-0.15832543,0.9099109,3.9748464
47599,24.5,Baseline,1.1643401,0.29451594,-0.16304019,0.8981179,3.9534028
47599,25.0,Baseline,1.1803614,0.30008528,-0.16776606,0.8683309,3.93342
47599,25.5,Baseline,1.195881,0.30555993,-0.17243844,0.8013817,3.9137363
47599,26.0,Baseline,1.2107003,0.310939,-0.17701957,0.660201,3.8936903
47599,26.5,Baseline,1.22476,0.3162209,-0.18148933,0.41570264,3.8731153
47599,27.0,Baseline,1.2380767,0.32140097,-0.18583858,0.1605367,3.852125
47599,27.5,Baseline,1.2506952,0.32647032,-0.19006237,0.035029806,3.8309615
47599,28.0,Baseline,1.262665,0.33142084,-0.19415918,0.00463158,3.809854
47599,28.5,Baseline,1.2740351,0.3362453,-0.19812918,0.00038373913,3.789005
47599,29.0,Baseline,1.2848396,0.3409354,-0.20197229,1.925089e-05,3.768572
47599,29.5,Baseline,1.2951072,0.34548348,-0.20568824,5.53203e-07,3.7486806
47599,30.0,Baseline,1.3048531,0.34988263,-0.20927632,8.490449e-09,3.7294023
52501,-30.0,Baseline,-0.91152966,0.32065082,0.09604202,8.455671e-09,-2.8427486
52501,-29.5,Baseline,-0.89875066,0.31672114,0.09231279,5.523332e-07,-2.8376718
52501,-29.0,Baseline,-0.88560843,0.31269178,0.0885133,1.940726e-05,-2.8322089
52501,-28.5,Baseline,-0.87210673,0.30856133,0.084647104,0.0003929334,-2.8263643
52501,-28.0,Baseline,-0.8582479,0.30432934,0.08071871,0.0048744,-2.8201287
52501,-27.5,Baseline,-0.8440335,0.29999644,0.076732524,0.03829508,-2.8134785
52501,-27.0,Baseline,-0.8294666,0.29556435,0.07269312,0.1820753,-2.8063824
52501,-26.5,Baseline,-0.8145499,0.29103756,0.068606034,0.47341073,-2.7987795
52501,-26.0,Baseline,-0.79929185,0.28642407,0.06447761,0.73234826,-2.7905889
52501,-25.5,Baseline,-0.7837052,0.28173456,0.060315132,0.8670643,-2.7817147
52501,-25.0,Baseline,-0.7678061,0.27698267,0.05612718,0.9264117,-2.7720368
52501,-24.5,Baseline,-0.7516136,0.27218342,0.051922835,0.9529913,-2.7614233
52501,-24.0,Baseline,-0.7351506,0.26735252,0.047712326,0.965444,-2.7497425
52501,-23.5,Baseline,-0.71844196,0.26250383,0.043505073,0.97116977,-2.7368817
52501,-23.0,Baseline,-0.7015145,0.25764912,0.039310858,0.97318834,-2.7227514
52501,-22.5,Baseline,-0.6844048,0.25279644,0.035140097,0.9728037,-2.7073355
52501,-22.0,Baseline,-0.66715467,0.2479516,0.031003261,0.9707061,-2.690665
52501,-21.5,Baseline,-0.64981925,0.24311717,0.026912112,0.96763694,-2.6728644
52501,-21.0,Baseline,-0.6324605,0.23829314,0.022879327,0.96472144,-2.6541278
52501,-20.5,Baseline,-0.61512554,0.23347723,0.018914621,0.9631553,-2.6346276
52501,-20.0,Baseline,-0.5978354,0.22866493,0.015023565,0.96332955,-2.6144605
52501,-19.5,Baseline,-0.58058417,0.22384945,0.011209309,0.96466166,-2.5936368
52501,-19.0,Baseline,-0.56337774,0.21902075,0.00747748,0.9663468,-2.5722573
52501,-18.5,Baseline,-0.5462738,0.21416603,0.0038375915,0.96800315,-2.5507026
52501,-18.0,Baseline,-0.52937376,0.20927088,0.00029960275,0.9695864,-2.5296102
52501,-17.5,Baseline,-0.51277643,0.20432192,-0.003128785,0.9709472,-2.5096498
52501,-17.0,Baseline,-0.49654797,0.19930996,-0.006440854,0.97166336,-2.4913354
52501,-16.5,Baseline,-0.48072737,0.1942291,-0.009627926,0.97134787,-2.4750533
52501,-16.0,Baseline,-0.46535137,0.1890763,-0.0126769,0.9700099,-2.4611828
52501,-15.5,Baseline,-0.45047694,0.18384594,-0.015567762,0.96820885,-2.450296
52501,-15.0,Baseline,-0.43620452,0.17852205,-0.018277258,0.9667887,-2.443421
52501,-14.5,Baseline,-0.4226534,0.17308566,-0.020787936,0.96620417,-2.4418743
52501,-14.0,Baseline,-0.40988287,0.16754009,-0.023096234,0.96632075,-2.4464765
52501,-13.5,Baseline,-0.39784047,0.161924,-0.025206828,0.9667009,-2.456958
52501,-13.0,Baseline,-0.38642848,0.15628913,-0.027119767,0.9667242,-2.472523
52501,-12.5,Baseline,-0.37567893,0.15064044,-0.028824156,0.9658838,-2.4938784
52501,-12.0,Baseline,-0.3657233,0.14495176,-0.030299162,0.96392184,-2.5230691
52501,-11.5,Baseline,-0.35657415,0.13923244,-0.031518947,0.96079576,-2.560999
52501,-11.0,Baseline,-0.34814516,0.13353167,-0.032449864,0.9567393,-2.6072104
52501,-10.5,Baseline,-0.3405131,0.12792307,-0.033034015,0.95215464,-2.6618586
52501,-10.0,Baseline,-0.33417565,0.12247457,-0.033166893,0.94774514,-2.728531
52501,-9.5,Baseline,-0.330081,0.11724608,-0.03269322,0.9447571,-2.8152838
52501,-9.0,Baseline,-0.32926172,0.11231465,-0.031440746,0.94383776,-2.9316008
52501,-8.5,Baseline,-0.33267885,0.10774697,-0.0292561,0.9435248,-3.0875936
52501,-8.0,Baseline,-0.34145826,0.10355955,-0.025999915,0.94140196,-3.2972164
52501,-7.5,Baseline,-0.35667682,0.09967245,-0.021599716,0.9356562,-3.5784895
52501,-7.0,Baseline,-0.37871093,0.09579594,-0.01623785,0.9273081,-3.9533088
52501,-6.5,Baseline,-0.40484482,0.091500476,-0.010573459,0.92394364,-4.4245105
52501,-6.0,Baseline,-0.42502278,0.087118074,-0.0058105825,0.92172176,-4.878698
52501,-5.5,Baseline,-0.43076944,0.08367433,-0.00195992,0.7968955,-5.1481676
52501,-5.0,Baseline,-0.44400918,0.07581888,-0.00378772,0.2206719,-5.856182
52501,-4.5,Baseline,-0.39900187,0.054517042,-0.041061725,0.66592467,-7.3188467
52501,-4.0,Baseline,-0.34856373,0.043660868,-0.047544073,0.95545083,-7.9834356
52501,-3.5,Baseline,-0.30493277,0.03870573,-0.049606945,0.9781674,-7.8782334
52501,-3.0,Baseline,-0.25866094,0.036282133,-0.050685316,0.98455215,-7.1291547
52501,-2.5,Baseline,-0.21036744,0.03503286,-0.051753126,0.9850702,-6.0048604
52501,-2.0,Baseline,-0.14939144,0.033992555,-0.05513686,0.9835141,-4.3948283
52501,-1.5,Baseline,-0.05975157,0.032955237,-0.06333556,0.9848236,-1.8131131
52501,-1.0,Baseline,0.034435183,0.032437623,-0.071613155,0.98872304,1.0615816
52501,-0.5,Baseline,0.107111484,0.0312701,-0.07372345,0.98454016,3.425364
52501,0.0,Baseline,0.1780181,0.032230992,-0.07768505,0.9875223,5.523196
52501,0.5,Baseline,0.24782687,0.033697993,-0.08179544,0.98937863,7.354351
52501,1.0,Baseline,0.31464517,0.0351492,-0.08534473,0.99095696,8.951702
52501,1.5,Baseline,0.37713712,0.036626335,-0.088070974,0.992508,10.296884
52501,2.0,Baseline,0.4348013,0.038218603,-0.089901194,0.9939944,11.376693
52501,2.5,Baseline,0.4889201,0.039930154,-0.09108647,0.9952028,12.244383
52501,3.0,Baseline,0.5405032,0.0417538,-0.0917714,0.99603254,12.945006
52501,3.5,Baseline,0.5897304,0.043701056,-0.091966376,0.9964773,13.494648
52501,4.0,Baseline,0.6364147,0.04575947,-0.09168501,0.9964408,13.907825
52501,4.5,Baseline,0.68055576,0.047901712,-0.090981826,0.99545693,14.207336
52501,5.0,Baseline,0.72273,0.050097022,-0.08996696,0.9929467,14.426605
52501,5.5,Baseline,0.76386845,0.052318282,-0.08877818,0.9912949,14.600411
52501,6.0,Baseline,0.80447745,0.054557882,-0.08748059,0.9901648,14.745394
52501,6.5,Baseline,0.84448326,0.05679544,-0.08603461,0.9873912,14.868856
52501,7.0,Baseline,0.88358974,0.058988817,-0.08434411,0.9823743,14.978936
52501,7.5,Baseline,0.92289156,0.060975946,-0.082355,0.9753515,15.135338
52501,8.0,Baseline,0.9776106,0.060868796,-0.08005186,0.96784645,16.060947
52501,8.5,Baseline,1.103094,0.051977158,-0.07702513,0.9663065,21.222668
52501,9.0,Baseline,1.250647,0.041484535,-0.0748543,0.9746402,30.147306
52501,9.5,Baseline,1.3289068,0.037111558,-0.07096927,0.9827169,35.808434
52501,10.0,Baseline,1.3333983,0.038073987,-0.06357332,0.98661566,35.021244
52501,10.5,Baseline,1.3340144,0.040055882,-0.05452516,0.9863732,33.303833
52501,11.0,Baseline,1.3443899,0.043557674,-0.047835767,0.98304695,30.864594
52501,11.5,Baseline,1.3671021,0.048065823,-0.043827824,0.97916335,28.442291
52501,12.0,Baseline,1.3971167,0.05284952,-0.041160278,0.9755141,26.43575
52501,12.5,Baseline,1.4212397,0.05832755,-0.038113758,0.9695961,24.366526
52501,13.0,Baseline,1.4267255,0.065430515,-0.034375258,0.9545476,21.8052
52501,13.5,Baseline,1.4227785,0.07193526,-0.029495124,0.92296183,19.778597
52501,14.0,Baseline,1.3566427,0.08256185,-0.028483605,0.87781847,16.431835
52501,14.5,Baseline,1.0824262,0.13577378,-0.053107776,0.7662581,7.972277
52501,15.0,Baseline,0.9419535,0.17134647,-0.08331205,0.44330737,5.4973617
52501,15.5,Baseline,0.85078263,0.19070943,-0.085905455,0.5704954,4.4611464
52501,16.0,Baseline,0.82192874,0.19794092,-0.08367875,0.68272877,4.1523943
52501,16.5,Baseline,0.8119745,0.20268239,-0.082963035,0.68829376,4.0061426
52501,17.0,Baseline,0.80393517,0.20757738,-0.08256421,0.6929236,3.8729422
52501,17.5,Baseline,0.7952864,0.21290143,-0.08251058,0.70293856,3.7354677
52501,18.0,Baseline,0.79023117,0.21849465,-0.08325826,0.7164956,3.616707
52501,18.5,Baseline,0.7948914,0.22408931,-0.085453756,0.7313097,3.547208
52501,19.0,Baseline,0.80776584,0.22960064,-0.088844836,0.7472851,3.518134
52501,19.5,Baseline,0.8224896,0.23504137,-0.09259003,0.7644373,3.4993398
52501,20.0,Baseline,0.83547974,0.24039692,-0.09620503,0.7806431,3.4754179
52501,20.5,Baseline,0.84594,0.24565358,-0.099567965,0.79223824,3.4436297
52501,21.0,Baseline,0.8536276,0.2508301,-0.10263574,0.7965303,3.4032102
52501,21.5,Baseline,0.85939246,0.25600687,-0.10552855,0.79488206,3.3569117
52501,22.0,Baseline,0.86620975,0.26131782,-0.10866816,0.7927424,3.314775
52501,22.5,Baseline,0.8772532,0.26683658,-0.11249294,0.7953884,3.2876046
52501,23.0,Baseline,0.8936339,0.27253214,-0.117142364,0.80316365,3.2790039
52501,23.5,Baseline,0.9144896,0.27832454,-0.122480765,0.8114029,3.2856953
52501,24.0,Baseline,0.93822825,0.28413624,-0.12827368,0.8130219,3.3020365
52501,24.5,Baseline,0.96339965,0.28991908,-0.13430922,0.7991101,3.322995
52501,25.0,Baseline,0.9889918,0.29564878,-0.14043452,0.7571939,3.3451576
52501,25.5,Baseline,1.0144043,0.3013094,-0.14655176,0.66667813,3.3666532
52501,26.0,Baseline,1.0393381,0.30688518,-0.15260403,0.50267005,3.3867328
52501,26.5,Baseline,1.0636585,0.31236526,-0.15855917,0.28002745,3.4051752
52501,27.0,Baseline,1.0873141,0.31774056,-0.1643987,0.09911166,3.4220188
52501,27.5,Baseline,1.1102784,0.32300395,-0.17011002,0.021527251,3.4373524
52501,28.0,Baseline,1.1325184,0.32814765,-0.17568107,0.002964645,3.4512465
52501,28.5,Baseline,1.1539814,0.33316296,-0.18109867,0.0002586929,3.4637146
52501,29.0,Baseline,1.1745918,0.338041,-0.1863474,1.36880635e-05,3.4747021
52501,29.5,Baseline,1.1942444,0.34277236,-0.19140851,4.1462837e-07,3.4840744
52501,30.0,Baseline,1.2128358,0.3473494,-0.19626465,6.6986e-09,3.491688
57379,-30.0,Baseline,-0.91115165,0.32066917,0.09627703,8.928788e-09,-2.841407
57379,-29.5,Baseline,-0.89839125,0.31673792,0.092534326,5.7983465e-07,-2.8363867
57379,-29.0,Baseline,-0.8852564,0.312706,0.088719256,2.0196725e-05,-2.8309543
57379,-28.5,Baseline,-0.87175095,0.3085723,0.08483606,0.0004041687,-2.825111
57379,-28.0,Baseline,-0.85787874,0.30433646,0.08088954,0.00494106,-2.8188498
57379,-27.5,Baseline,-0.8436427,0.29999715,0.076884516,0.038166314,-2.812169
57379,-27.0,Baseline,-0.8290492,0.2955546,0.07282616,0.1787122,-2.8050628
57379,-26.5,Baseline,-0.81410384,0.29101256,0.068720035,0.4626048,-2.797487
57379,-26.0,Baseline,-0.79881513,0.28637797,0.06457268,0.71945775,-2.7893736
57379,-25.5,Baseline,-0.7831949,0.2816612,0.060391456,0.8568267,-2.7806275
57379,-25.0,Baseline,-0.7672602,0.27687636,0.05618441,0.91881555,-2.7711294
57379,-24.5,Baseline,-0.7510314,0.27203903,0.051960688,0.94704056,-2.7607486
57379,-24.0,Baseline,-0.7345316,0.2671645,0.047729712,0.9603578,-2.7493608
57379,-23.5,Baseline,-0.71778625,0.2622683,0.043501418,0.96640575,-2.7368395
57379,-23.0,Baseline,-0.7008271,0.25736237,0.03928543,0.9683288,-2.7231143
57379,-22.5,Baseline,-0.68368673,0.25245637,0.035091944,0.96746385,-2.7081382
57379,-22.0,Baseline,-0.6664074,0.24755678,0.030932099,0.9644944,-2.6919377
57379,-21.5,Baseline,-0.6490416,0.24266699,0.026818532,0.9602142,-2.6746185
57379,-21.0,Baseline,-0.6316509,0.23778854,0.022764314,0.95600593,-2.6563556
57379,-20.5,Baseline,-0.61428773,0.23292008,0.018780481,0.9535362,-2.6373327
57379,-20.0,Baseline,-0.5969765,0.22805913,0.014872372,0.9535194,-2.6176393
57379,-19.5,Baseline,-0.5797064,0.22320104,0.011040819,0.9552196,-2.5972388
57379,-19.0,Baseline,-0.562469,0.21833807,0.007289982,0.9574345,-2.576138
57379,-18.5,Baseline,-0.5453118,0.21345644,0.0036296726,0.95959216,-2.5546749
57379,-18.0,Baseline,-0.52834606,0.20853832,7.249713e-05,0.96176183,-2.5335681
57379,-17.5,Baseline,-0.5116817,0.20356674,-0.0033740937,0.9639078,-2.5135818
57379,-17.0,Baseline,-0.49538782,0.19852857,-0.0067065777,0.96542656,-2.4952974
57379,-16.5,Baseline,-0.47951138,0.19341439,-0.009920066,0.9655487,-2.4791918
57379,-16.0,Baseline,-0.46409827,0.18821886,-0.013005376,0.96391565,-2.4657373
57379,-15.5,Baseline,-0.44919986,0.1829449,-0.015945196,0.96086246,-2.4553833
57379,-15.0,Baseline,-0.43487555,0.17760254,-0.01871553,0.9574067,-2.4485886
57379,-14.5,Baseline,-0.4212165,0.17218587,-0.021293879,0.95464164,-2.4462895
57379,-14.0,Baseline,-0.40834194,0.16666153,-0.023670226,0.9530475,-2.4501271
57379,-13.5,Baseline,-0.3963308,0.16101824,-0.02584442,0.95246655,-2.4614031
57379,-13.0,Baseline,-0.38516307,0.15529576,-0.027815592,0.952221,-2.4801905
57379,-12.5,Baseline,-0.37474877,0.14956012,-0.02957642,0.9513261,-2.505673
57379,-12.0,Baseline,-0.36503226,0.14385471,-0.031110972,0.9489031,-2.5375066
57379,-11.5,Baseline,-0.3561156,0.13817033,-0.032391448,0.9445783,-2.5773666
57379,-11.0,Baseline,-0.3481158,0.13250592,-0.033379883,0.93846726,-2.6271715
57379,-10.5,Baseline,-0.34112316,0.12690334,-0.03402413,0.9313335,-2.688055
57379,-10.0,Baseline,-0.335483,0.12143835,-0.034236185,0.9248291,-2.762579
57379,-9.5,Baseline,-0.33206588,0.11621429,-0.03386215,0.9208029,-2.8573585
57379,-9.0,Baseline,-0.3320582,0.1113303,-0.03269552,0.91922337,-2.9826398
57379,-8.5,Baseline,-0.33674037,0.10683454,-0.03052942,0.9176674,-3.1519804
57379,-8.0,Baseline,-0.34754822,0.10272862,-0.027189385,0.9135293,-3.3831685
57379,-7.5,Baseline,-0.3654792,0.09892179,-0.02266705,0.9058733,-3.6946278
57379,-7.0,Baseline,-0.3900989,0.09505582,-0.017326456,0.8984584,-4.103893
57379,-6.5,Baseline,-0.41678467,0.09064524,-0.012172991,0.8994472,-4.5979767
57379,-6.0,Baseline,-0.434905,0.08609193,-0.008690643,0.89317524,-5.051635
57379,-5.5,Baseline,-0.44058138,0.08261205,-0.0059732557,0.72635686,-5.333137
57379,-5.0,Baseline,-0.45130104,0.071646474,-0.01663671,0.33609712,-6.2989984
57379,-4.5,Baseline,-0.39528108,0.051423967,-0.043527566,0.8135299,-7.686709
57379,-4.0,Baseline,-0.34824505,0.041578535,-0.04862547,0.95894,-8.375597
57379,-3.5,Baseline,-0.30445617,0.037155222,-0.050103463,0.9772555,-8.194169
57379,-3.0,Baseline,-0.25671458,0.035137404,-0.051184703,0.98201597,-7.3060203
57379,-2.5,Baseline,-0.19273597,0.033955958,-0.054884136,0.98258466,-5.6760573
57379,-2.0,Baseline,-0.09852594,0.032743722,-0.06379305,0.98334867,-3.0090024
57379,-1.5,Baseline,-0.005361736,0.031757195,-0.07209115,0.9857985,-0.16883531
57379,-1.0,Baseline,0.07763851,0.031287402,-0.078031406,0.9886517,2.4814622
57379,-0.5,Baseline,0.14756826,0.029975139,-0.07931028,0.9840842,4.923022
57379,0.0,Baseline,0.21815732,0.030790705,-0.082929686,0.9855597,7.085168
57379,0.5,Baseline,0.2878891,0.031910036,-0.086548075,0.9865128,9.021898
57379,1.0,Baseline,0.35334262,0.03301402,-0.0893767,0.9880839,10.702805
57379,1.5,Baseline,0.41467604,0.034163322,-0.09141444,0.9900411,12.138048
57379,2.0,Baseline,0.472523,0.035399824,-0.092780754,0.991891,13.348174
57379,2.5,Baseline,0.52763796,0.036727764,-0.09361504,0.99322915,14.366188
57379,3.0,Baseline,0.5804653,0.03815167,-0.09396365,0.9939296,15.214677
57379,3.5,Baseline,0.6313175,0.03964973,-0.09385259,0.9939349,15.922366
57379,4.0,Baseline,0.6806099,0.041167747,-0.09333825,0.99305916,16.5326
57379,4.5,Baseline,0.728924,0.042652555,-0.09249535,0.9903199,17.089808
57379,5.0,Baseline,0.77687335,0.044051904,-0.09141819,0.9839347,17.635408
57379,5.5,Baseline,0.82492995,0.045354106,-0.09019625,0.9787257,18.18865
57379,6.0,Baseline,0.8733902,0.046577685,-0.08886594,0.97509277,18.751259
57379,6.5,Baseline,0.9235413,0.0476012,-0.08741555,0.96914613,19.401638
57379,7.0,Baseline,0.98127395,0.047796723,-0.08583016,0.9625331,20.530151
57379,7.5,Baseline,1.060623,0.04568523,-0.0841892,0.9618085,23.215885
57379,8.0,Baseline,1.1600363,0.041304067,-0.08299644,0.97144204,28.085281
57379,8.5,Baseline,1.2442118,0.037631173,-0.08165837,0.98283285,33.063328
57379,9.0,Baseline,1.2982306,0.0356634,-0.07786392,0.98909646,36.402325
57379,9.5,Baseline,1.3236618,0.035022955,-0.070482194,0.9906929,37.79412
57379,10.0,Baseline,1.3271027,0.03592071,-0.06126716,0.98951703,36.945335
57379,10.5,Baseline,1.3227954,0.03863339,-0.052790858,0.9867822,34.239693
57379,11.0,Baseline,1.3289831,0.04290064,-0.0466524,0.9828418,30.978165
57379,11.5,Baseline,1.3529482,0.04741968,-0.04307425,0.980692,28.531366
57379,12.0,Baseline,1.3857641,0.052056268,-0.040820606,0.9805017,26.620504
57379,12.5,Baseline,1.4160532,0.056962267,-0.038241103,0.9802256,24.859495
57379,13.0,Baseline,1.4355727,0.061872702,-0.034222372,0.9761244,23.202038
57379,13.5,Baseline,1.4390833,0.066927604,-0.029022377,0.9610677,21.502089
57379,14.0,Baseline,1.4051322,0.07644648,-0.025575135,0.91441965,18.3806
57379,14.5,Baseline,1.3355289,0.088361464,-0.027511943,0.8366529,15.114381
57379,15.0,Baseline,1.065486,0.14584234,-0.056313135,0.69468457,7.305738
57379,15.5,Baseline,0.8976792,0.18124121,-0.08506136,0.34631082,4.952953
57379,16.0,Baseline,0.82507247,0.19669574,-0.08267971,0.48203155,4.1946635
57379,16.5,Baseline,0.8098744,0.20235783,-0.08206496,0.5199507,4.0021896
57379,17.0,Baseline,0.80030274,0.20695691,-0.081360735,0.52842516,3.8670018
57379,17.5,Baseline,0.78863555,0.21178845,-0.08064996,0.54339534,3.7236948
57379,18.0,Baseline,0.77491945,0.21686225,-0.08012753,0.5592827,3.5733259
57379,18.5,Baseline,0.763391,0.2221006,-0.080215015,0.57617,3.4371407
57379,19.0,Baseline,0.75668156,0.22735737,-0.081066675,0.59664744,3.3281593
57379,19.5,Baseline,0.7520069,0.23251772,-0.08223809,0.62070554,3.2341917
57379,20.0,Baseline,0.7472932,0.23756613,-0.08345707,0.6439184,3.1456218
57379,20.5,Baseline,0.74305296,0.24256125,-0.08480747,0.6593613,3.0633621
57379,21.0,Baseline,0.7397971,0.2476089,-0.08637769,0.6618053,2.9877646
57379,21.5,Baseline,0.737992,0.25281367,-0.08824666,0.6536257,2.9191144
57379,22.0,Baseline,0.7390463,0.25821057,-0.09060544,0.6461554,2.8621845
57379,22.5,Baseline,0.7442174,0.26376715,-0.093615375,0.6501258,2.8214939
57379,23.0,Baseline,0.7535511,0.26941884,-0.09727134,0.6662821,2.7969503
57379,23.5,Baseline,0.7663646,0.27510768,-0.10147071,0.6864131,2.7856896
57379,24.0,Baseline,0.78193116,0.28079975,-0.10610588,0.6986897,2.7846577
57379,24.5,Baseline,0.7997722,0.2864735,-0.11110081,0.69028044,2.791784
57379,25.0,Baseline,0.8196091,0.29210955,-0.11640529,0.64727765,2.8058279
57379,25.5,Baseline,0.8412588,0.2976937,-0.12198098,0.55260295,2.8259208
57379,26.0,Baseline,0.86454874,0.30321783,-0.1277924,0.3956464,2.8512464
57379,26.5,Baseline,0.8892774,0.30867568,-0.1337999,0.20889615,2.8809443
57379,27.0,Baseline,0.915211,0.31406122,-0.13996096,0.07253194,2.9141166
57379,27.5,Baseline,0.9420914,0.31936684,-0.14623062,0.016084526,2.9498723
57379,28.0,Baseline,0.9696392,0.32458287,-0.15256137,0.002298756,2.9873393
57379,28.5,Baseline,0.99755967,0.32970005,-0.15890531,0.00020843049,3.0256581
57379,29.0,Baseline,1.0255435,0.33470705,-0.16521293,1.142776e-05,3.0640032
57379,29.5,Baseline,1.0532808,0.3395928,-0.1714354,3.5747019e-07,3.1015992
57379,30.0,Baseline,1.080439,0.34434414,-0.17752257,5.9442833e-09,3.137672
62187,-30.0,Baseline,-0.9107455,0.3207276,0.09649601,8.820456e-09,-2.8396232
62187,-29.5,Baseline,-0.89803594,0.31679696,0.09275003,5.6885506e-07,-2.8347366
62187,-29.0,Baseline,-0.8849473,0.31276223,0.08892987,1.9623985e-05,-2.829457
62187,-28.5,Baseline,-0.87148154,0.30862403,0.08503986,0.00038780726,-2.8237643
62187,-28.0,Baseline,-0.8576399,0.30438268,0.08108474,0.0046691564,-2.817637
62187,-27.5,Baseline,-0.8434238,0.30003834,0.07706927,0.035496566,-2.8110533
62187,-27.0,Baseline,-0.8288379,0.29559153,0.07299892,0.16504347,-2.8039973
62187,-26.5,Baseline,-0.813889,0.29104435,0.06887952,0.43329793,-2.7964432
62187,-26.0,Baseline,-0.7985883,0.2864025,0.064717874,0.6899574,-2.7883427
62187,-25.5,Baseline,-0.78295094,0.2816745,0.060521495,0.83537453,-2.7796302
62187,-25.0,Baseline,-0.7669964,0.27687272,0.05629915,0.9037313,-2.770213
62187,-24.5,Baseline,-0.75074303,0.2720119,0.05205955,0.9356414,-2.7599638
62187,-24.0,Baseline,-0.73421776,0.26710775,0.04781203,0.9508639,-2.74877
62187,-23.5,Baseline,-0.7174443,0.26217604,0.04356604,0.9576957,-2.7364984
62187,-23.0,Baseline,-0.7004521,0.25722942,0.039330833,0.9596083,-2.7230637
62187,-22.5,Baseline,-0.6832769,0.25227875,0.0351166,0.95806223,-2.7084203
62187,-22.0,Baseline,-0.66596097,0.24733059,0.030933619,0.95377094,-2.6925945
62187,-21.5,Baseline,-0.64855504,0.24238978,0.026794989,0.94763595,-2.67567
62187,-21.0,Baseline,-0.63112307,0.2374582,0.022715038,0.94144857,-2.657828
62187,-20.5,Baseline,-0.613724,0.23253568,0.018707085,0.93763787,-2.6392682
62187,-20.0,Baseline,-0.59638727,0.22762042,0.0147785125,0.937492,-2.6200955
62187,-19.5,Baseline,-0.57911134,0.22270976,0.010930938,0.9400651,-2.6002963
62187,-19.0,Baseline,-0.5618756,0.21779919,0.0071664155,0.94343925,-2.5797873
62187,-18.5,Baseline,-0.5447018,0.21287945,0.0034918606,0.94657767,-2.5587337
62187,-18.0,Baseline,-0.5276776,0.20793366,-8.2618e-05,0.94964767,-2.537721
62187,-17.5,Baseline,-0.51091933,0.20294055,-0.0035492002,0.9529288,-2.5175812
62187,-17.0,Baseline,-0.49451682,0.19788113,-0.0069030225,0.9557501,-2.49906
62187,-16.5,Baseline,-0.47852722,0.19274212,-0.010140759,0.95687574,-2.482733
62187,-16.0,Baseline,-0.46299928,0.18751623,-0.013255661,0.95547324,-2.4691157
62187,-15.5,Baseline,-0.44800192,0.18220282,-0.016234428,0.9515435,-2.458809
62187,-15.0,Baseline,-0.43362042,0.17681274,-0.019055087,0.9460334,-2.4524276
62187,-14.5,Baseline,-0.41993994,0.17135665,-0.021695167,0.9404584,-2.4506779
62187,-14.0,Baseline,-0.40703377,0.16582622,-0.024140317,0.9360416,-2.4545803
62187,-13.5,Baseline,-0.39498058,0.16019882,-0.026382279,0.9332657,-2.4655647
62187,-13.0,Baseline,-0.38384962,0.15446977,-0.028413957,0.9316958,-2.4849498
62187,-12.5,Baseline,-0.37365225,0.14867601,-0.030225337,0.9302149,-2.5131981
62187,-12.0,Baseline,-0.3643235,0.14288282,-0.031802118,0.92756087,-2.549806
62187,-11.5,Baseline,-0.3557765,0.13715082,-0.033122707,0.92272407,-2.5940528
62187,-11.0,Baseline,-0.34808314,0.13149741,-0.034151137,0.9154662,-2.647072
62187,-10.5,Baseline,-0.34153003,0.12592441,-0.03482728,0.906652,-2.712183
62187,-10.0,Baseline,-0.33661556,0.12047371,-0.035057157,0.89832574,-2.7940996
62187,-9.5,Baseline,-0.3341546,0.11523894,-0.03469766,0.89273685,-2.8996675
62187,-9.0,Baseline,-0.33518663,0.11034268,-0.0335613,0.88949174,-3.037688
62187,-8.5,Baseline,-0.34105295,0.10586847,-0.031414397,0.88586533,-3.221478
62187,-8.0,Baseline,-0.35348403,0.101833984,-0.028020144,0.87975144,-3.4711795
62187,-7.5,Baseline,-0.37354928,0.09811112,-0.023405474,0.87195754,-3.8074102
62187,-7.0,Baseline,-0.40014225,0.09422645,-0.018160671,0.8691563,-4.246602
62187,-6.5,Baseline,-0.42643845,0.08968955,-0.013625157,0.8770729,-4.754606
62187,-6.0,Baseline,-0.44154447,0.08499355,-0.011248183,0.86226934,-5.195035
62187,-5.5,Baseline,-0.4470057,0.08154326,-0.009147155,0.6505854,-5.4818225
62187,-5.0,Baseline,-0.45204577,0.06649843,-0.028085556,0.48088965,-6.7978415
62187,-4.5,Baseline,-0.39276665,0.0484493,-0.045445915,0.880932,-8.106756
62187,-4.0,Baseline,-0.3482337,0.03975624,-0.04930544,0.9623694,-8.759221
62187,-3.5,Baseline,-0.30227435,0.035898328,-0.050691366,0.9759921,-8.42029
62187,-3.0,Baseline,-0.2398215,0.034004487,-0.054168172,0.9797804,-7.0526423
62187,-2.5,Baseline,-0.14554507,0.03258434,-0.06291537,0.98185617,-4.466718
62187,-2.0,Baseline,-0.051052153,0.031398058,-0.071352884,0.98375237,-1.6259654
62187,-1.5,Baseline,0.031903863,0.030409796,-0.07742523,0.9853317,1.0491312
62187,-1.0,Baseline,0.11321291,0.029900208,-0.082862176,0.9865544,3.7863586
62187,-0.5,Baseline,0.18343347,0.02857075,-0.08395422,0.9811741,6.420324
62187,0.0,Baseline,0.25250265,0.029232657,-0.08702281,0.9817456,8.637691
62187,0.5,Baseline,0.32159713,0.030066462,-0.09010729,0.98211676,10.696208
62187,1.0,Baseline,0.3866057,0.03086558,-0.0924073,0.98373693,12.525464
62187,1.5,Baseline,0.44847217,0.03168621,-0.094062254,0.9859666,14.153544
62187,2.0,Baseline,0.5075745,0.032563448,-0.09515707,0.98796797,15.587247
62187,2.5,Baseline,0.5643483,0.033507336,-0.095764734,0.9891649,16.84253
62187,3.0,Baseline,0.6194267,0.034504514,-0.09594526,0.9893662,17.95205
62187,3.5,Baseline,0.67359906,0.03550364,-0.09578007,0.98849314,18.972675
62187,4.0,Baseline,0.7276945,0.036445655,-0.09534943,0.9863129,19.966564
62187,4.5,Baseline,0.78228176,0.037279386,-0.09469269,0.98137075,20.984299
62187,5.0,Baseline,0.8376149,0.037960026,-0.09383887,0.9713983,22.065708
62187,5.5,Baseline,0.8941249,0.038467146,-0.09283884,0.966252,23.243858
62187,6.0,Baseline,0.9529307,0.038746133,-0.09172901,0.96695733,24.594213
62187,6.5,Baseline,1.0160403,0.038603358,-0.09049598,0.9686952,26.319998
62187,7.0,Baseline,1.084254,0.03783256,-0.0891207,0.97381794,28.659285
62187,7.5,Baseline,1.1526022,0.036587182,-0.087568715,0.9823852,31.502895
62187,8.0,Baseline,1.2138805,0.035228055,-0.08552144,0.98952174,34.45778
62187,8.5,Baseline,1.2652937,0.033995442,-0.08228256,0.99287146,37.21951
62187,9.0,Baseline,1.3047267,0.03315083,-0.077127315,0.9935174,39.35729
62187,9.5,Baseline,1.326639,0.033048224,-0.06974415,0.9919945,40.14252
62187,10.0,Baseline,1.327707,0.03420209,-0.06061115,0.98925227,38.81947
62187,10.5,Baseline,1.3193307,0.037236456,-0.051981043,0.98561895,35.431156
62187,11.0,Baseline,1.3230987,0.04158035,-0.045767903,0.9814524,31.820288
62187,11.5,Baseline,1.347736,0.045883104,-0.042338494,0.9800757,29.373253
62187,12.0,Baseline,1.382097,0.05044834,-0.04033713,0.98109686,27.396284
62187,12.5,Baseline,1.4144785,0.05551154,-0.03833941,0.9825048,25.4808
62187,13.0,Baseline,1.4359539,0.06097294,-0.03526944,0.9819142,23.550674
62187,13.5,Baseline,1.4417177,0.06632995,-0.030597633,0.97681534,21.735548
62187,14.0,Baseline,1.4315745,0.07132717,-0.025087994,0.959993,20.070534
62187,14.5,Baseline,1.382574,0.08180735,-0.022874387,0.9022603,16.900364
62187,15.0,Baseline,1.277103,0.10043242,-0.03128635,0.8001022,12.7160425
62187,15.5,Baseline,1.0038289,0.16989824,-0.074638285,0.56007665,5.9084125
62187,16.0,Baseline,0.86977446,0.192027,-0.08598716,0.33045346,4.5294385
62187,16.5,Baseline,0.824511,0.201978,-0.08318766,0.40652415,4.0821824
62187,17.0,Baseline,0.8130469,0.2067374,-0.08253684,0.41420597,3.9327517
62187,17.5,Baseline,0.8046076,0.21135801,-0.082109585,0.42413524,3.806847
62187,18.0,Baseline,0.7940309,0.21624413,-0.081967965,0.44078404,3.6719189
62187,18.5,Baseline,0.7819807,0.22136487,-0.08212225,0.4621285,3.532542
62187,19.0,Baseline,0.77263844,0.22656,-0.08281801,0.4868207,3.4103038
62187,19.5,Baseline,0.76560414,0.23165677,-0.08381643,0.5135134,3.304907
62187,20.0,Baseline,0.75815964,0.23662211,-0.084751084,0.5384069,3.2040946
62187,20.5,Baseline,0.750284,0.24157009,-0.08566858,0.5535257,3.1058648
62187,21.0,Baseline,0.7430918,0.24664968,-0.08676179,0.55239767,3.0127418
62187,21.5,Baseline,0.73777133,0.2519276,-0.08820985,0.5392215,2.9285052
62187,22.0,Baseline,0.73576087,0.2573964,-0.0902067,0.5291494,2.8584738
62187,22.5,Baseline,0.7377074,0.26300225,-0.09282692,0.53555113,2.8049471
62187,23.0,Baseline,0.74302214,0.26867718,-0.095971756,0.55938524,2.765483
62187,23.5,Baseline,0.7506831,0.27436614,-0.09948412,0.59064317,2.7360632
62187,24.0,Baseline,0.75993776,0.28002584,-0.10324743,0.6144241,2.713813
62187,24.5,Baseline,0.7704429,0.28562552,-0.10720494,0.61508554,2.6973882
62187,25.0,Baseline,0.7821645,0.29115123,-0.11134491,0.57804865,2.6864545
62187,25.5,Baseline,0.7952287,0.29659998,-0.1156795,0.48906264,2.681149
62187,26.0,Baseline,0.80983204,0.30197558,-0.12023046,0.34426546,2.6817799
62187,26.5,Baseline,0.82615614,0.3072832,-0.12501644,0.17931181,2.6885822
62187,27.0,Baseline,0.8443207,0.31252608,-0.1300484,0.062399223,2.7016008
62187,27.5,Baseline,0.86437464,0.31770515,-0.13532607,0.014058702,2.720682
62187,28.0,Baseline,0.88626504,0.3228184,-0.14083603,0.0020482116,2.7453983
62187,28.5,Baseline,0.9098596,0.3278611,-0.14655384,0.00018894674,2.7751374
62187,29.0,Baseline,0.9349299,0.33282351,-0.15244141,1.0509057e-05,2.809086
62187,29.5,Baseline,0.9611593,0.33769333,-0.15844986,3.326182e-07,2.8462489
62187,30.0,Baseline,0.9881585,0.34245688,-0.16451956,5.5852767e-09,2.8854976
66878,-30.0,Baseline,-0.9103823,0.32077807,0.09669065,8.180431e-09,-2.838044
66878,-29.5,Baseline,-0.897731,0.31685573,0.0929478,5.2323037e-07,-2.8332484
66878,-29.0,Baseline,-0.884701,0.31282508,0.08912993,1.786363e-05,-2.8281012
66878,-28.5,Baseline,-0.8712922,0.3086877,0.0852412,0.00034859046,-2.8225687
66878,-28.0,Baseline,-0.8575069,0.30444437,0.081286,0.004136148,-2.8166292
66878,-27.5,Baseline,-0.8433434,0.30009606,0.07726911,0.031029517,-2.8102448
66878,-27.0,Baseline,-0.82880306,0.29564482,0.07319541,0.14435428,-2.8033743
66878,-26.5,Baseline,-0.81388974,0.29109362,0.06907079,0.38996494,-2.7959726
66878,-26.0,Baseline,-0.7986108,0.28644803,0.06490189,0.6455973,-2.787978
66878,-25.5,Baseline,-0.78298163,0.28171623,0.060696065,0.80271333,-2.7793274
66878,-25.0,Baseline,-0.7670213,0.2769088,0.056462396,0.88072944,-2.769942
66878,-24.5,Baseline,-0.7507546,0.27203783,0.052209724,0.9183384,-2.7597432
66878,-24.0,Baseline,-0.73420674,0.26711792,0.04794795,0.9365752,-2.748624
66878,-23.5,Baseline,-0.7174059,0.26216307,0.043686256,0.9447464,-2.7364874
66878,-23.0,Baseline,-0.70038366,0.25718668,0.039434124,0.94684976,-2.7232502
66878,-22.5,Baseline,-0.68317366,0.2521998,0.03520127,0.94456273,-2.708859
66878,-22.0,Baseline,-0.665818,0.24721122,0.030997759,0.9386688,-2.6933162
66878,-21.5,Baseline,-0.6483691,0.242226,0.026835894,0.9301968,-2.6767113
66878,-21.0,Baseline,-0.63089156,0.23724684,0.022730654,0.9214225,-2.65922
66878,-20.5,Baseline,-0.6134485,0.23227431,0.0186966,0.9157672,-2.6410518
66878,-20.0,Baseline,-0.5960822,0.22730756,0.0147442045,0.9154182,-2.6223598
66878,-19.5,Baseline,-0.57879764,0.22234479,0.010877562,0.91929567,-2.6031537
66878,-19.0,Baseline,-0.56157666,0.21738374,0.0070990743,0.9244674,-2.5833426
66878,-18.5,Baseline,-0.5444205,0.21241833,0.003414619,0.92909324,-2.5629637
66878,-18.0,Baseline,-0.5273859,0.20743455,-0.00016979575,0.9333508,-2.5424206
66878,-17.5,Baseline,-0.5105622,0.20241229,-0.003650856,0.93802863,-2.5223873
66878,-17.0,Baseline,-0.4940431,0.19732985,-0.007025987,0.94256914,-2.5036411
66878,-16.5,Baseline,-0.47790328,0.19216898,-0.01029036,0.94521326,-2.4868908
66878,-16.0,Baseline,-0.46221256,0.18691815,-0.013436472,0.94452894,-2.4728072
66878,-15.5,Baseline,-0.44705307,0.18157527,-0.016451914,0.9401116,-2.4620812
66878,-15.0,Baseline,-0.43253344,0.17614919,-0.019316977,0.9327187,-2.4554949
66878,-14.5,Baseline,-0.41877848,0.17064956,-0.02200951,0.9240826,-2.4540262
66878,-14.0,Baseline,-0.40587467,0.16507618,-0.024514925,0.91606784,-2.4587114
66878,-13.5,Baseline,-0.39385432,0.1594279,-0.02682218,0.90998477,-2.470423
66878,-13.0,Baseline,-0.38274908,0.15370344,-0.02891751,0.90601695,-2.490179
66878,-12.5,Baseline,-0.372622,0.14790632,-0.030783689,0.9031239,-2.519311
66878,-12.0,Baseline,-0.3635014,0.14207228,-0.032402895,0.89982915,-2.5585668
66878,-11.5,Baseline,-0.35534242,0.13626646,-0.033754002,0.89497805,-2.6077027
66878,-11.0,Baseline,-0.34809548,0.13055706,-0.034805696,0.88796324,-2.6662326
66878,-10.5,Baseline,-0.34195548,0.12497866,-0.035498887,0.87924755,-2.736111
66878,-10.0,Baseline,-0.33758584,0.11954322,-0.035728853,0.8707774,-2.8239648
66878,-9.5,Baseline,-0.3359744,0.11431974,-0.035348248,0.8642535,-2.938901
66878,-9.0,Baseline,-0.33812755,0.10942522,-0.034183353,0.85867083,-3.0900333
66878,-8.5,Baseline,-0.34530607,0.1049513,-0.032006852,0.85167646,-3.2901552
66878,-8.0,Baseline,-0.35921314,0.1009461,-0.028578293,0.84259653,-3.5584648
66878,-7.5,Baseline,-0.38100243,0.09727775,-0.023941088,0.83521664,-3.916645
66878,-7.0,Baseline,-0.40905774,0.09337793,-0.018831367,0.83958626,-4.380668
66878,-6.5,Baseline,-0.43425855,0.08878066,-0.014915252,0.8546517,-4.8913646
66878,-6.0,Baseline,-0.4462621,0.08395563,-0.013485283,0.8246736,-5.3154516
66878,-5.5,Baseline,-0.4525001,0.08027802,-0.012377376,0.5832814,-5.636663
66878,-5.0,Baseline,-0.45052248,0.06172505,-0.03564944,0.6128551,-7.2988596
66878,-4.5,Baseline,-0.39121404,0.045738503,-0.047019392,0.9131375,-8.553276
66878,-4.0,Baseline,-0.34671295,0.038134765,-0.05001562,0.96476114,-9.091782
66878,-3.5,Baseline,-0.28907683,0.034658447,-0.053102236,0.9747516,-8.340733
66878,-3.0,Baseline,-0.19904512,0.03260647,-0.061168283,0.9790323,-6.104467
66878,-2.5,Baseline,-0.102559716,0.031212308,-0.06987065,0.9818766,-3.2858741
66878,-2.0,Baseline,-0.01783815,0.030061338,-0.07615389,0.9831402,-0.5933918
66878,-1.5,Baseline,0.063375264,0.029021436,-0.08169619,0.98348606,2.1837397
66878,-1.0,Baseline,0.14277527,0.028455097,-0.0865727,0.9825612,5.017564
66878,-0.5,Baseline,0.21353859,0.027179051,-0.087596156,0.9765712,7.8567343
66878,0.0,Baseline,0.2812931,0.027676238,-0.090152085,0.9766619,10.163704
66878,0.5,Baseline,0.35047868,0.028265752,-0.092884764,0.9765496,12.399411
66878,1.0,Baseline,0.41615134,0.028791478,-0.09490551,0.9780774,14.453977
66878,1.5,Baseline,0.47927094,0.02931226,-0.09638302,0.9804262,16.350529
66878,2.0,Baseline,0.540026,0.029865725,-0.09736856,0.98249763,18.081799
66878,2.5,Baseline,0.59905374,0.03045311,-0.09793185,0.9835866,19.671349
66878,3.0,Baseline,0.65734786,0.031040998,-0.09816055,0.98362744,21.176764
66878,3.5,Baseline,0.7157056,0.031584688,-0.09812418,0.9828567,22.659891
66878,4.0,Baseline,0.77422374,0.032073934,-0.09781047,0.98143184,24.138721
66878,4.5,Baseline,0.83245087,0.032519177,-0.09718177,0.97819406,25.598768
66878,5.0,Baseline,0.89023876,0.032915827,-0.09628812,0.97188425,27.045918
66878,5.5,Baseline,0.94801605,0.033252668,-0.095225364,0.9726126,28.509474
66878,6.0,Baseline,1.006135,0.03350709,-0.094009496,0.9784818,30.027525
66878,6.5,Baseline,1.0644237,0.03360458,-0.09254862,0.9838504,31.674957
66878,7.0,Baseline,1.1217792,0.033454973,-0.090739496,0.98876256,33.531013
66878,7.5,Baseline,1.1766076,0.033008024,-0.088568255,0.9924379,35.646107
66878,8.0,Baseline,1.2286484,0.03227105,-0.08594034,0.994335,38.072777
66878,8.5,Baseline,1.2767256,0.031483077,-0.08237599,0.9949824,40.55276
66878,9.0,Baseline,1.3143737,0.0310353,-0.077182375,0.9944208,42.350925
66878,9.5,Baseline,1.3324496,0.03125301,-0.069621794,0.9922725,42.634277
66878,10.0,Baseline,1.3286736,0.032687258,-0.06022207,0.98933685,40.64806
66878,10.5,Baseline,1.3162639,0.036078095,-0.051505826,0.9852367,36.48374
66878,11.0,Baseline,1.3184495,0.040388502,-0.045279432,0.98091954,32.64418
66878,11.5,Baseline,1.3434381,0.04447291,-0.04187342,0.9797864,30.20801
66878,12.0,Baseline,1.3790187,0.048828974,-0.039941233,0.9812589,28.241812
66878,12.5,Baseline,1.4135342,0.053716168,-0.038214955,0.9833377,26.314873
66878,13.0,Baseline,1.4381356,0.059197783,-0.035681233,0.9840416,24.293741
66878,13.5,Baseline,1.4476409,0.06506634,-0.03184173,0.98209363,22.248692
66878,14.0,Baseline,1.439058,0.070804626,-0.02679379,0.97504485,20.324348
66878,14.5,Baseline,1.4119154,0.077081,-0.022277687,0.95195735,18.317295
66878,15.0,Baseline,1.3463061,0.09037198,-0.023484146,0.86326534,14.897384
66878,15.5,Baseline,1.1682838,0.12765567,-0.046945304,0.73440194,9.151836
66878,16.0,Baseline,0.9589397,0.18259403,-0.088143185,0.3651235,5.251758
66878,16.5,Baseline,0.84822047,0.19997185,-0.084616505,0.32336164,4.241699
66878,17.0,Baseline,0.8206069,0.20653605,-0.08285089,0.33566576,3.9731896
66878,17.5,Baseline,0.8109875,0.21111995,-0.082289256,0.34238243,3.8413587
66878,18.0,Baseline,0.8022227,0.21591139,-0.08231183,0.36170796,3.7155185
66878,18.5,Baseline,0.7923287,0.22096787,-0.082786545,0.38803023,3.585719
66878,19.0,Baseline,0.78477603,0.22614849,-0.08385327,0.41605923,3.4701803
66878,19.5,Baseline,0.7806101,0.2312746,-0.08537831,0.44304633,3.375252
66878,20.0,Baseline,0.77612025,0.23628972,-0.08682094,0.4665583,3.2846127
66878,20.5,Baseline,0.7696439,0.24128424,-0.0880141,0.48030943,3.1897812
66878,21.0,Baseline,0.7623322,0.24638127,-0.08916771,0.47846985,3.094116
66878,21.5,Baseline,0.75619996,0.25166023,-0.090586446,0.46542954,3.004845
66878,22.0,Baseline,0.7532902,0.2571396,-0.092552036,0.45706066,2.929499
66878,22.5,Baseline,0.75442827,0.26278448,-0.095157064,0.46697187,2.870901
66878,23.0,Baseline,0.7589674,0.2685259,-0.09828247,0.49605244,2.8264215
66878,23.5,Baseline,0.7657853,0.274286,-0.101747945,0.5342513,2.7919226
66878,24.0,Baseline,0.77400136,0.280003,-0.10541628,0.5657274,2.7642608
66878,24.5,Baseline,0.78309757,0.28563923,-0.10920825,0.57323897,2.7415617
66878,25.0,Baseline,0.7928525,0.29117718,-0.1130893,0.5415347,2.7229211
66878,25.5,Baseline,0.8032348,0.29661512,-0.11705272,0.4576059,2.7080035
66878,26.0,Baseline,0.8143466,0.30195773,-0.12110926,0.32040587,2.6968894
66878,26.5,Baseline,0.82635665,0.30721307,-0.12527809,0.16615655,2.6898487
66878,27.0,Baseline,0.8394713,0.31238887,-0.12958355,0.057900008,2.6872637
66878,27.5,Baseline,0.8539009,0.3174911,-0.1340508,0.013119914,2.689527
66878,28.0,Baseline,0.8698392,0.32252163,-0.1387028,0.0019231947,2.696995
66878,28.5,Baseline,0.8874368,0.32747853,-0.14355698,0.00017823577,2.7099085
66878,29.0,Baseline,0.90675765,0.332357,-0.1486191,9.942099e-06,2.728264
66878,29.5,Baseline,0.92775947,0.33715034,-0.1538796,3.1515813e-07,2.7517679
66878,30.0,Baseline,0.95026827,0.34184736,-0.15931033,5.2951794e-09,2.7798028
71406,-30.0,Baseline,-0.9101108,0.3207925,0.09686122,7.2082256e-09,-2.83707
71406,-29.5,Baseline,-0.8975158,0.31688234,0.0931239,4.5671538e-07,-2.8323312
71406,-29.0,Baseline,-0.8845401,0.3128624,0.08931146,1.5426083e-05,-2.8272495
71406,-28.5,Baseline,-0.8711872,0.30873337,0.085427836,0.00029740363,-2.821811
71406,-28.0,Baseline,-0.8574585,0.30449545,0.08147724,0.0034831942,-2.8159976
71406,-27.5,Baseline,-0.8433548,0.3001504,0.077464536,0.025864169,-2.8097742
71406,-27.0,Baseline,-0.8288748,0.29569966,0.073393926,0.12100667,-2.803097
71406,-26.5,Baseline,-0.81401944,0.29114747,0.06927111,0.33910552,-2.7959008
71406,-26.0,Baseline,-0.7987923,0.28649962,0.06510211,0.58991957,-2.7881095
71406,-25.5,Baseline,-0.7832026,0.28176486,0.060893893,0.7598466,-2.7796319
71406,-25.0,Baseline,-0.7672662,0.27695367,0.056654923,0.8499543,-2.7703776
71406,-24.5,Baseline,-0.75100505,0.2720778,0.0523941,0.8950876,-2.7602584
71406,-24.0,Baseline,-0.73444515,0.26715004,0.04812096,0.91745275,-2.749186
71406,-23.5,Baseline,-0.7176196,0.26218247,0.04384575,0.92759377,-2.7371
71406,-23.0,Baseline,-0.70056355,0.25718698,0.039577972,0.93021125,-2.7239463
71406,-22.5,Baseline,-0.68331397,0.25217435,0.03532766,0.9273098,-2.7096887
71406,-22.0,Baseline,-0.6659161,0.24715322,0.031105125,0.91979724,-2.6943452
71406,-21.5,Baseline,-0.64841986,0.24213009,0.026922226,0.90883857,-2.6779814
71406,-21.0,Baseline,-0.6308927,0.23710898,0.022793483,0.89717704,-2.6607711
71406,-20.5,Baseline,-0.61340296,0.23209184,0.018734682,0.8893077,-2.642932
71406,-20.0,Baseline,-0.5960032,0.2270785,0.014758373,0.88859975,-2.624657
71406,-19.5,Baseline,-0.57870996,0.22206798,0.010871035,0.8940601,-2.6060035
71406,-19.0,Baseline,-0.5615072,0.21705918,0.0070768893,0.901568,-2.5868855
71406,-18.5,Baseline,-0.54438734,0.21204814,0.0033822537,0.90811116,-2.5672817
71406,-18.0,Baseline,-0.52737606,0.20702364,-0.0002088964,0.9137125,-2.5474195
71406,-17.5,Baseline,-0.5105367,0.20196591,-0.0036978722,0.9198602,-2.5278358
71406,-17.0,Baseline,-0.49394345,0.19685385,-0.007087189,0.92638284,-2.5091887
71406,-16.5,Baseline,-0.47767153,0.19166839,-0.010374695,0.9309662,-2.4921768
71406,-16.0,Baseline,-0.46180287,0.18639508,-0.013552559,0.93140686,-2.4775486
71406,-15.5,Baseline,-0.44644505,0.18102825,-0.016606158,0.92682433,-2.4661624
71406,-15.0,Baseline,-0.4317382,0.1755746,-0.01951437,0.9177354,-2.4590015
71406,-14.5,Baseline,-0.41783813,0.17004329,-0.022254568,0.9059546,-2.4572456
71406,-14.0,Baseline,-0.4048662,0.16443285,-0.024811763,0.8939074,-2.4621978
71406,-13.5,Baseline,-0.39286867,0.15874495,-0.02717502,0.88383615,-2.474842
71406,-13.0,Baseline,-0.3818371,0.15299353,-0.029329335,0.8767667,-2.4957728
71406,-12.5,Baseline,-0.3717854,0.14719124,-0.031252455,0.8719753,-2.5258663
71406,-12.0,Baseline,-0.36276886,0.14135174,-0.032919556,0.8678672,-2.5664265
71406,-11.5,Baseline,-0.35482472,0.13551551,-0.034304976,0.8631668,-2.6183329
71406,-11.0,Baseline,-0.34796563,0.12974821,-0.035375785,0.8573633,-2.681853
71406,-10.5,Baseline,-0.3423331,0.12411397,-0.036073536,0.85062385,-2.7582157
71406,-10.0,Baseline,-0.33851475,0.1186588,-0.036292534,0.8439407,-2.8528414
71406,-9.5,Baseline,-0.3375839,0.113446295,-0.035883136,0.83784276,-2.9757154
71406,-9.0,Baseline,-0.3406556,0.10857232,-0.034674037,0.8304286,-3.1375916
71406,-8.5,Baseline,-0.34905136,0.10411622,-0.032440476,0.8196627,-3.3525167
71406,-8.0,Baseline,-0.36443496,0.100133695,-0.028963923,0.8063547,-3.6394837
71406,-7.5,Baseline,-0.38788146,0.096479,-0.024341691,0.7979962,-4.020372
71406,-7.0,Baseline,-0.41691825,0.09255796,-0.019427668,0.809368,-4.5044017
71406,-6.5,Baseline,-0.44044036,0.08797629,-0.016127218,0.82813764,-5.006353
71406,-6.0,Baseline,-0.45028502,0.083003916,-0.015486998,0.7750116,-5.424865
71406,-5.5,Baseline,-0.45833325,0.0781779,-0.016776133,0.5402007,-5.862696
71406,-5.0,Baseline,-0.44565737,0.057513885,-0.039918154,0.71616024,-7.748692
71406,-4.5,Baseline,-0.3896187,0.043276448,-0.04834072,0.9306851,-9.003019
71406,-4.0,Baseline,-0.33851868,0.036560282,-0.05177174,0.96580905,-9.259192
71406,-3.5,Baseline,-0.25726599,0.03321291,-0.058675747,0.9740451,-7.745963
71406,-3.0,Baseline,-0.15912715,0.03123129,-0.067793265,0.9790996,-5.0951195
71406,-2.5,Baseline,-0.0728575,0.029946888,-0.07430444,0.9813632,-2.4328904
71406,-2.0,Baseline,0.010257095,0.02877498,-0.080057435,0.98158455,0.3564588
71406,-1.5,Baseline,0.09003639,0.027732765,-0.085205525,0.98061025,3.246571
71406,-1.0,Baseline,0.16577615,0.027004357,-0.08911463,0.97662216,6.1388664
71406,-0.5,Baseline,0.2382625,0.025842182,-0.090386406,0.971047,9.219907
71406,0.0,Baseline,0.3057537,0.026185717,-0.09264593,0.9711123,11.676354
71406,0.5,Baseline,0.37568825,0.026565392,-0.09521494,0.97059107,14.142018
71406,1.0,Baseline,0.44247806,0.026852487,-0.09713087,0.9721381,16.478104
71406,1.5,Baseline,0.5069312,0.027115032,-0.09855802,0.9749288,18.695578
71406,2.0,Baseline,0.56927884,0.027393969,-0.09952618,0.9776483,20.781174
71406,2.5,Baseline,0.6303258,0.027689047,-0.10009141,0.97967005,22.764444
71406,3.0,Baseline,0.690768,0.027984649,-0.100296244,0.98120594,24.683819
71406,3.5,Baseline,0.75048363,0.028293079,-0.10012953,0.98256665,26.525343
71406,4.0,Baseline,0.8089316,0.028653307,-0.09958114,0.98363644,28.2317
71406,4.5,Baseline,0.8659808,0.02907522,-0.098726295,0.98323613,29.784153
71406,5.0,Baseline,0.9219327,0.029533666,-0.09767278,0.9807242,31.216331
71406,5.5,Baseline,0.9771735,0.030001644,-0.096479796,0.98312426,32.570663
71406,6.0,Baseline,1.031805,0.030435886,-0.09511559,0.98797053,33.900936
71406,6.5,Baseline,1.0857648,0.03072911,-0.093483284,0.9913803,35.333427
71406,7.0,Baseline,1.1389594,0.03074284,-0.0915144,0.993604,37.047955
71406,7.5,Baseline,1.1913705,0.030409738,-0.089211844,0.99485624,39.17727
71406,8.0,Baseline,1.2423441,0.029870568,-0.08646961,0.9954892,41.59091
71406,8.5,Baseline,1.2881542,0.029451946,-0.0827971,0.9956144,43.73749
71406,9.0,Baseline,1.321593,0.029378125,-0.07741296,0.9947877,44.985615
71406,9.5,Baseline,1.3350196,0.029871073,-0.06954511,0.99262094,44.692722
71406,10.0,Baseline,1.3276464,0.031589083,-0.05998216,0.98981386,42.028645
71406,10.5,Baseline,1.3131119,0.035267066,-0.05127486,0.98543245,37.233376
71406,11.0,Baseline,1.3148472,0.03946551,-0.045065958,0.981121,33.316364
71406,11.5,Baseline,1.3398554,0.043371726,-0.041620214,0.9800424,30.89237
71406,12.0,Baseline,1.376104,0.04750466,-0.0396946,0.9816664,28.96777
71406,12.5,Baseline,1.4121196,0.052124873,-0.0381211,0.9840613,27.09109
71406,13.0,Baseline,1.439024,0.05740487,-0.0358904,0.9853851,25.067978
71406,13.5,Baseline,1.4523197,0.063292354,-0.03253925,0.9847611,22.94621
71406,14.0,Baseline,1.4483701,0.06950278,-0.028092882,0.9811412,20.839024
71406,14.5,Baseline,1.424625,0.0759156,-0.023470402,0.97015756,18.765907
71406,15.0,Baseline,1.3770902,0.08582014,-0.021642324,0.9242068,16.046236
71406,15.5,Baseline,1.2851541,0.10333009,-0.030493062,0.8035635,12.437366
71406,16.0,Baseline,1.0385071,0.17257346,-0.07942947,0.5504958,6.0177684
71406,16.5,Baseline,0.8899276,0.19555527,-0.08722173,0.276703,4.550773
71406,17.0,Baseline,0.8285472,0.20598592,-0.08286174,0.2792342,4.0223484
71406,17.5,Baseline,0.81307465,0.21109518,-0.08198844,0.28692403,3.8516967
71406,18.0,Baseline,0.8044983,0.21576256,-0.08193872,0.30888504,3.7286282
71406,18.5,Baseline,0.7961212,0.22073661,-0.08251487,0.3387362,3.6066568
71406,19.0,Baseline,0.79041874,0.22592522,-0.08385213,0.36929974,3.4985857
71406,19.5,Baseline,0.7897686,0.23113802,-0.0859535,0.39637178,3.41687
71406,20.0,Baseline,0.79042315,0.23627374,-0.08820337,0.4183435,3.3453703
71406,20.5,Baseline,0.7884775,0.24136065,-0.09011255,0.43154046,3.266802
71406,21.0,Baseline,0.7837412,0.2464909,-0.09171395,0.43102223,3.1795948
71406,21.5,Baseline,0.7784289,0.25175548,-0.09334342,0.420572,3.0920038
71406,22.0,Baseline,0.77535075,0.25720963,-0.095385864,0.41520822,3.01447
71406,22.5,Baseline,0.7758943,0.26284626,-0.098004065,0.42770705,2.951894
71406,23.0,Baseline,0.77968633,0.26859877,-0.10111054,0.45894894,2.902792
71406,23.5,Baseline,0.78573555,0.274387,-0.10454067,0.49973556,2.8636034
71406,24.0,Baseline,0.79324335,0.28014442,-0.10816886,0.534577,2.8315516
71406,24.5,Baseline,0.80173194,0.28582567,-0.11192246,0.54552644,2.8049684
71406,25.0,Baseline,0.810935,0.2914063,-0.11576287,0.51665944,2.7828329
71406,25.5,Baseline,0.8207251,0.29687923,-0.11967031,0.4355143,2.7645082
71406,26.0,Baseline,0.83106625,0.302248,-0.123637535,0.30293378,2.749617
71406,26.5,Baseline,0.84197813,0.3075202,-0.12766412,0.15589778,2.7379603
71406,27.0,Baseline,0.8535583,0.3127032,-0.13176055,0.054070983,2.7296116
71406,27.5,Baseline,0.86595476,0.3178013,-0.1359443,0.012235776,2.7248309
71406,28.0,Baseline,0.8793536,0.32281533,-0.14023888,0.0017930144,2.7240143
71406,28.5,Baseline,0.8939548,0.32774457,-0.14466989,0.00016604432,2.727596
71406,29.0,Baseline,0.90993077,0.33258536,-0.14925918,9.24808e-06,2.7359314
71406,29.5,Baseline,0.92739385,0.33733332,-0.15402023,2.925324e-07,2.7491913
71406,30.0,Baseline,0.9463528,0.34198204,-0.1589512,4.90268e-09,2.7672586
75729,-30.0,Baseline,-0.9099332,0.32077086,0.09701274,6.1499126e-09,-2.8367078
75729,-29.5,Baseline,-0.8973875,0.3168725,0.09327991,3.8586663e-07,-2.8320143
75729,-29.0,Baseline,-0.88445795,0.31286412,0.08947221,1.2899595e-05,-2.8269715
75729,-28.5,Baseline,-0.87115157,0.3087464,0.08559387,0.00024601741,-2.8215764
75729,-28.0,Baseline,-0.8574701,0.3045198,0.08164899,0.002850316,-2.8158107
75729,-27.5,Baseline,-0.8434161,0.30018452,0.077641934,0.021008905,-2.8096588
75729,-27.0,Baseline,-0.8289885,0.29574156,0.073577054,0.099060304,-2.8030841
75729,-26.5,Baseline,-0.81418866,0.29119468,0.06945909,0.28829673,-2.7960286
75729,-26.0,Baseline,-0.7990167,0.28654975,0.06529399,0.5290507,-2.788405
75729,-25.5,Baseline,-0.7834791,0.28181484,0.061088122,0.709923,-2.7801201
75729,-25.0,Baseline,-0.76758677,0.2770009,0.056849074,0.8130151,-2.7710624
75729,-24.5,Baseline,-0.7513555,0.27212062,0.05258528,0.86692166,-2.761112
75729,-24.0,Baseline,-0.7348095,0.26718634,0.048306283,0.8943463,-2.7501762
75729,-23.5,Baseline,-0.71797645,0.26221004,0.04402136,0.90706706,-2.738173
75729,-23.0,Baseline,-0.70089597,0.2572024,0.039741226,0.91059434,-2.7250757
75729,-22.5,Baseline,-0.68360984,0.25217202,0.03547562,0.90735346,-2.710887
75729,-22.0,Baseline,-0.6661674,0.24712671,0.031235676,0.8984333,-2.695651
75729,-21.5,Baseline,-0.6486238,0.24207324,0.027033603,0.8851445,-2.679453
75729,-21.0,Baseline,-0.631046,0.23701634,0.022883672,0.8706194,-2.662458
75729,-20.5,Baseline,-0.613508,0.23195931,0.018802274,0.8603498,-2.6448948
75729,-20.0,Baseline,-0.59607124,0.22690374,0.01480363,0.85904527,-2.6269786
75729,-19.5,Baseline,-0.57876545,0.22184964,0.010896122,0.866127,-2.6088185
75729,-19.0,Baseline,-0.5615823,0.21679701,0.0070858537,0.8763164,-2.5903602
75729,-18.5,Baseline,-0.54450494,0.21174392,0.0033797622,0.88512045,-2.5715258
75729,-18.0,Baseline,-0.5275355,0.20668004,-0.00021868944,0.8921325,-2.5524259
75729,-17.5,Baseline,-0.5107109,0.20158659,-0.0037135899,0.8996211,-2.5334568
75729,-17.0,Baseline,-0.49409008,0.19644201,-0.007111347,0.9081384,-2.5151956
75729,-16.5,Baseline,-0.47773728,0.19122764,-0.01041429,0.9149165,-2.4982648
75729,-16.0,Baseline,-0.4617287,0.18593019,-0.013617277,0.9168102,-2.4833443
75729,-15.5,Baseline,-0.44617996,0.18054228,-0.016706228,0.91233695,-2.4713323
75729,-15.0,Baseline,-0.43126458,0.17506702,-0.019656563,0.901744,-2.4634256
75729,-14.5,Baseline,-0.41718033,0.16951168,-0.022442197,0.886855,-2.4610713
75729,-14.0,Baseline,-0.404083,0.16387436,-0.02504586,0.8705878,-2.4658098
75729,-13.5,Baseline,-0.3920407,0.1581546,-0.027456993,0.85624063,-2.4788446
75729,-13.0,Baseline,-0.38105252,0.15236735,-0.029661555,0.84590757,-2.5008805
75729,-12.5,Baseline,-0.37109792,0.14653811,-0.03163706,0.8392578,-2.5324328
75729,-12.0,Baseline,-0.36218488,0.14069006,-0.033354152,0.8345948,-2.574346
75729,-11.5,Baseline,-0.35437393,0.13484643,-0.034780156,0.8305156,-2.6279814
75729,-11.0,Baseline,-0.3477568,0.12905073,-0.035875212,0.8264939,-2.6947293
75729,-10.5,Baseline,-0.34254926,0.12336231,-0.036575865,0.8226884,-2.7767742
75729,-10.0,Baseline,-0.33931306,0.117857,-0.03677643,0.8192278,-2.8790233
75729,-9.5,Baseline,-0.33902335,0.1126372,-0.03633415,0.8147102,-3.0098703
75729,-9.0,Baseline,-0.34283674,0.107784666,-0.035080396,0.80627036,-3.180756
75729,-8.5,Baseline,-0.352226,0.1033549,-0.03278964,0.79220724,-3.4079273
75729,-8.0,Baseline,-0.36897737,0.09939947,-0.029264469,0.77413225,-3.7120657
75729,-7.5,Baseline,-0.39410788,0.09574333,-0.02465769,0.7633652,-4.116296
75729,-7.0,Baseline,-0.42373082,0.09181836,-0.019974088,0.7791345,-4.614881
75729,-6.5,Baseline,-0.4452487,0.08728726,-0.01731987,0.7941724,-5.1009583
75729,-6.0,Baseline,-0.45478317,0.082124114,-0.017332602,0.71097946,-5.5377545
75729,-5.5,Baseline,-0.46469635,0.07501545,-0.02258209,0.52737606,-6.1946754
75729,-5.0,Baseline,-0.43935394,0.053561807,-0.042846657,0.7907272,-8.202747
75729,-4.5,Baseline,-0.38538608,0.040983304,-0.04988786,0.9407084,-9.40349
75729,-4.0,Baseline,-0.31783405,0.034905475,-0.055630893,0.96584976,-9.105564
75729,-3.5,Baseline,-0.22057234,0.031769652,-0.064957924,0.973827,-6.942863
75729,-3.0,Baseline,-0.13186508,0.03003531,-0.07203919,0.9789449,-4.3903356
75729,-2.5,Baseline,-0.04821521,0.028771406,-0.07783936,0.9802388,-1.6758031
75729,-2.0,Baseline,0.03417474,0.027617099,-0.08332231,0.97942436,1.2374486
75729,-1.5,Baseline,0.11182597,0.026590105,-0.08796916,0.97700113,4.2055483
75729,-1.0,Baseline,0.18329395,0.025588147,-0.09071748,0.96885467,7.1632366
75729,-0.5,Baseline,0.25891426,0.024590673,-0.09259777,0.96542394,10.528962
75729,0.0,Baseline,0.32702553,0.024801627,-0.09476078,0.9659873,13.185649
75729,0.5,Baseline,0.39790747,0.025002073,-0.0972726,0.9654484,15.914979
75729,1.0,Baseline,0.46562314,0.025089841,-0.0991391,0.96770847,18.558233
75729,1.5,Baseline,0.5308489,0.025148034,-0.10050497,0.9717979,21.108963
75729,2.0,Baseline,0.59389573,0.0252285,-0.1013788,0.9761203,23.540667
75729,2.5,Baseline,0.65538466,0.025351178,-0.101782635,0.9800234,25.852238
75729,3.0,Baseline,0.71556664,0.025534024,-0.10174737,0.98346436,28.024044
75729,3.5,Baseline,0.7743423,0.025805788,-0.10133727,0.9862757,30.006536
75729,4.0,Baseline,0.83162737,0.026182782,-0.10062832,0.98817515,31.762377
75729,4.5,Baseline,0.8874288,0.026650203,-0.09967888,0.9885083,33.299137
75729,5.0,Baseline,0.94194293,0.027174793,-0.09854329,0.9871387,34.662376
75729,5.5,Baseline,0.9955294,0.027717086,-0.09726043,0.98898137,35.917538
75729,6.0,Baseline,1.0483694,0.028210236,-0.09580203,0.9921651,37.16273
75729,6.5,Baseline,1.1006362,0.028531868,-0.094087854,0.9940645,38.57568
75729,7.0,Baseline,1.1525629,0.028567415,-0.09206877,0.9950622,40.345367
75729,7.5,Baseline,1.2039528,0.028338391,-0.08975121,0.9956079,42.484867
75729,8.0,Baseline,1.2530092,0.028058708,-0.08695893,0.9959422,44.656696
75729,8.5,Baseline,1.2955537,0.027957574,-0.083148524,0.99588794,46.33999
75729,9.0,Baseline,1.3252486,0.028137274,-0.07754335,0.99498343,47.099396
75729,9.5,Baseline,1.3355927,0.028827436,-0.06946723,0.992937,46.330612
75729,10.0,Baseline,1.3261673,0.030796042,-0.059852898,0.99031025,43.062916
75729,10.5,Baseline,1.3105936,0.034667015,-0.051171936,0.9858612,37.805206
75729,11.0,Baseline,1.312198,0.03872923,-0.044994723,0.98181665,33.881332
75729,11.5,Baseline,1.3367627,0.042507984,-0.041485462,0.9807897,31.447332
75729,12.0,Baseline,1.3731027,0.04645983,-0.03952505,0.9823753,29.55462
75729,12.5,Baseline,1.4098678,0.05083955,-0.038010914,0.98482263,27.731712
75729,13.0,Baseline,1.43853,0.055861436,-0.035990946,0.9864449,25.751755
75729,13.5,Baseline,1.4547834,0.061583128,-0.03298303,0.9865116,23.623085
75729,14.0,Baseline,1.4559544,0.067846276,-0.028966162,0.9844245,21.459608
75729,14.5,Baseline,1.4369735,0.07460372,-0.024614802,0.97792816,19.261417
75729,15.0,Baseline,1.3965839,0.08310233,-0.021739177,0.9542736,16.805593
75729,15.5,Baseline,1.3317956,0.09697209,-0.025320396,0.85213196,13.733803
75729,16.0,Baseline,1.1321906,0.14403498,-0.056357853,0.6857116,7.860525
75729,16.5,Baseline,0.9480195,0.18916324,-0.08927238,0.30130002,5.0116477
75729,17.0,Baseline,0.8427389,0.20434386,-0.08306082,0.24260345,4.1241217
75729,17.5,Baseline,0.81360227,0.21111652,-0.08148824,0.24901186,3.8538067
75729,18.0,Baseline,0.804876,0.21578231,-0.08146522,0.2720851,3.730037
75729,18.5,Baseline,0.79805386,0.22062065,-0.08209151,0.30401662,3.6173127
75729,19.0,Baseline,0.7939317,0.22578683,-0.08356,0.33632547,3.5162888
75729,19.5,Baseline,0.79594356,0.23108539,-0.08604966,0.3639289,3.4443698
75729,20.0,Baseline,0.8014919,0.23636039,-0.08904195,0.38543582,3.390974
75729,20.5,Baseline,0.8051121,0.24158868,-0.09180746,0.3988424,3.332574
75729,21.0,Baseline,0.8045173,0.2468144,-0.09408215,0.400146,3.2596045
75729,21.5,Baseline,0.80124515,0.25211123,-0.096097104,0.39237556,3.1781416
75729,22.0,Baseline,0.79868245,0.25755376,-0.09830729,0.38918707,3.101032
75729,22.5,Baseline,0.7989747,0.26315552,-0.10097635,0.4024964,3.0361311
75729,23.0,Baseline,0.80216223,0.26886928,-0.1040738,0.4332793,2.9834654
75729,23.5,Baseline,0.80743265,0.27462915,-0.10746081,0.47336623,2.9400835
75729,24.0,Baseline,0.81410515,0.28037676,-0.11102954,0.50823164,2.9036114
75729,24.5,Baseline,0.82180053,0.28606755,-0.11472213,0.5197997,2.87275
75729,25.0,Baseline,0.8303403,0.29167217,-0.11851215,0.4915786,2.8468275
75729,25.5,Baseline,0.839618,0.29717773,-0.122383334,0.4115829,2.825306
75729,26.0,Baseline,0.8495599,0.30258268,-0.1263231,0.28281263,2.8076952
75729,26.5,Baseline,0.8601295,0.30788967,-0.13032468,0.14347832,2.793629
75729,27.0,Baseline,0.87132955,0.3131032,-0.13438587,0.049222916,2.782883
75729,27.5,Baseline,0.8832147,0.31822485,-0.1385128,0.011072223,2.7754424
75729,28.0,Baseline,0.89589864,0.32325435,-0.1427196,0.0016169493,2.7714975
75729,28.5,Baseline,0.9095263,0.32819012,-0.14702523,0.00014930073,2.7713397
75729,29.0,Baseline,0.92425907,0.3330291,-0.15144995,8.29096e-06,2.7753103
75729,29.5,Baseline,0.9402296,0.33776823,-0.15601072,2.6148817e-07,2.7836533
75729,30.0,Baseline,0.9575069,0.34240228,-0.16071406,4.369292e-09,2.7964385
79805,-30.0,Baseline,-0.9098221,0.3207291,0.097149275,5.1869904e-09,-2.8367307
79805,-29.5,Baseline,-0.8973156,0.3168383,0.0934185,3.225642e-07,-2.8320932
79805,-29.0,Baseline,-0.88442326,0.31283927,0.089613244,1.0687456e-05,-2.8270853
79805,-28.5,Baseline,-0.8711508,0.30873278,0.085738085,0.00020202,-2.8216984
79805,-28.0,Baseline,-0.85750425,0.30451813,0.08179709,0.002321301,-2.8159382
79805,-27.5,Baseline,-0.84348464,0.30019474,0.07779447,0.017024837,-2.8097916
79805,-27.0,Baseline,-0.8290937,0.29576412,0.07373421,0.080908306,-2.803226
79805,-26.5,Baseline,-0.81433094,0.29122767,0.06962112,0.24355099,-2.7962005
79805,-26.0,Baseline,-0.7992016,0.2865906,0.065460525,0.47015378,-2.7886524
79805,-25.5,Baseline,-0.7837069,0.28186047,0.061258305,0.657993,-2.7804782
79805,-25.0,Baseline,-0.76785815,0.277048,0.057021685,0.7731316,-2.771571
79805,-24.5,Baseline,-0.7516657,0.27216488,0.052758563,0.83609533,-2.7618027
79805,-24.0,Baseline,-0.7351513,0.2672247,0.048477836,0.8690634,-2.7510605
79805,-23.5,Baseline,-0.718336,0.2622396,0.044188343,0.88479584,-2.7392354
79805,-23.0,Baseline,-0.70125437,0.25722095,0.039900154,0.8896005,-2.7262723
79805,-22.5,Baseline,-0.68395096,0.25217682,0.035623662,0.8863543,-2.712188
79805,-22.0,Baseline,-0.66647625,0.24711393,0.031369783,0.87636775,-2.6970403
79805,-21.5,Baseline,-0.6488921,0.24203712,0.027151221,0.8610887,-2.6809611
79805,-21.0,Baseline,-0.6312689,0.23695102,0.02298293,0.8439425,-2.6641326
79805,-20.5,Baseline,-0.61368656,0.23185977,0.018881667,0.83123046,-2.6468005
79805,-20.0,Baseline,-0.5962148,0.22676654,0.014862967,0.8290115,-2.6292007
79805,-19.5,Baseline,-0.5788927,0.221673,0.010937196,0.837466,-2.6114714
79805,-19.0,Baseline,-0.5617242,0.21658033,0.0071113706,0.85039884,-2.5936067
79805,-18.5,Baseline,-0.54468673,0.21148807,0.0033932508,0.8616717,-2.5754962
79805,-18.0,Baseline,-0.5277665,0.20638779,-0.00021349787,0.870135,-2.5571597
79805,-17.5,Baseline,-0.5109718,0.20126075,-0.0037146867,0.8787471,-2.5388546
79805,-17.0,Baseline,-0.49435097,0.19608489,-0.007119155,0.8890478,-2.521107
79805,-16.5,Baseline,-0.47796082,0.19084169,-0.010431928,0.89804024,-2.5044885
79805,-16.0,Baseline,-0.46186757,0.18551803,-0.013651675,0.9015785,-2.4896102
79805,-15.5,Baseline,-0.4461754,0.18010843,-0.016767312,0.89746296,-2.4772599
79805,-15.0,Baseline,-0.43107063,0.17461465,-0.019754345,0.8856107,-2.4686968
79805,-14.5,Baseline,-0.41679478,0.16904098,-0.022581726,0.8678019,-2.4656434
79805,-14.0,Baseline,-0.40354416,0.16338342,-0.025227923,0.84738415,-2.469921
79805,-13.5,Baseline,-0.39141247,0.15764047,-0.027681042,0.828767,-2.482944
79805,-13.0,Baseline,-0.38041243,0.15182537,-0.029928213,0.8153367,-2.505592
79805,-12.5,Baseline,-0.3705214,0.14596535,-0.031948455,0.8072785,-2.5384202
79805,-12.0,Baseline,-0.3617164,0.14009422,-0.033712156,0.8026599,-2.581951
79805,-11.5,Baseline,-0.35402536,0.13424017,-0.035181522,0.79982334,-2.6372535
79805,-11.0,Baseline,-0.34757805,0.12842838,-0.036306687,0.7981482,-2.7063959
79805,-10.5,Baseline,-0.34266934,0.12270445,-0.03701482,0.7976074,-2.79264
79805,-10.0,Baseline,-0.33991566,0.117156886,-0.03719738,0.7976346,-2.9013717
79805,-9.5,Baseline,-0.34023258,0.11191722,-0.036720168,0.79516757,-3.0400379
79805,-9.0,Baseline,-0.34470826,0.10707421,-0.035423167,0.78627074,-3.2193398
79805,-8.5,Baseline,-0.35493785,0.10266782,-0.03308342,0.7693495,-3.4571478
79805,-8.0,Baseline,-0.372927,0.09873529,-0.02951842,0.74648386,-3.7770388
79805,-7.5,Baseline,-0.39963007,0.095075876,-0.02492265,0.73299825,-4.203275
79805,-7.0,Baseline,-0.4294569,0.0911872,-0.020483255,0.7494503,-4.709618
79805,-6.5,Baseline,-0.44910884,0.08667816,-0.018501576,0.7520122,-5.181338
79805,-6.0,Baseline,-0.46017644,0.08125741,-0.019062608,0.63820153,-5.6631937
79805,-5.5,Baseline,-0.47043025,0.07132889,-0.028700579,0.53863305,-6.5952272
79805,-5.0,Baseline,-0.43310916,0.049987674,-0.045374732,0.840125,-8.664319
79805,-4.5,Baseline,-0.37504476,0.03880282,-0.052329503,0.9461186,-9.6654
79805,-4.0,Baseline,-0.28826803,0.033271004,-0.060931332,0.96545017,-8.664242
79805,-3.5,Baseline,-0.19364116,0.03055283,-0.06939317,0.97362286,-6.337912
79805,-3.0,Baseline,-0.11065245,0.028967177,-0.07518258,0.97831434,-3.819925
79805,-2.5,Baseline,-0.027038783,0.027727423,-0.080838755,0.97875255,-0.97516394
79805,-2.0,Baseline,0.05383268,0.026609017,-0.0859506,0.97690463,2.0230992
79805,-1.5,Baseline,0.12943095,0.025593687,-0.0901141,0.9729691,5.0571437
79805,-1.0,Baseline,0.19727653,0.024283528,-0.09179296,0.95976496,8.123882
79805,-0.5,Baseline,0.27669612,0.023449881,-0.09446716,0.9603255,11.799468
79805,0.0,Baseline,0.34579366,0.023548499,-0.09664219,0.9620225,14.684319
79805,0.5,Baseline,0.4173134,0.023599684,-0.09910186,0.96224254,17.683008
79805,1.0,Baseline,0.48521224,0.023533944,-0.10085628,0.9661113,20.617548
79805,1.5,Baseline,0.55022115,0.023452146,-0.10205121,0.9720738,23.461441
79805,2.0,Baseline,0.61280584,0.023422815,-0.10270629,0.9780596,26.162775
79805,2.5,Baseline,0.67361647,0.023483053,-0.102878675,0.98317194,28.685217
79805,3.0,Baseline,0.7330599,0.023652323,-0.102674186,0.9871349,30.993145
79805,3.5,Baseline,0.7911125,0.023941973,-0.10217218,0.98986596,33.04291
79805,4.0,Baseline,0.8475361,0.024349166,-0.10138657,0.9914518,34.807602
79805,4.5,Baseline,0.9023323,0.024850477,-0.10034528,0.9916732,36.310463
79805,5.0,Baseline,0.95582515,0.025409233,-0.09911649,0.99051064,37.617237
79805,5.5,Baseline,1.0084307,0.025977936,-0.09775223,0.99173075,38.81874
79805,6.0,Baseline,1.0603422,0.026480254,-0.096228704,0.9939383,40.04275
79805,6.5,Baseline,1.1117599,0.026804712,-0.09447555,0.9951061,41.476288
79805,7.0,Baseline,1.1628418,0.026883792,-0.0924585,0.99564606,43.254383
79805,7.5,Baseline,1.2129517,0.026794253,-0.09015411,0.9959764,45.269096
79805,8.0,Baseline,1.2598482,0.02673255,-0.087294504,0.9961641,47.127876
79805,8.5,Baseline,1.2997143,0.026840217,-0.08334519,0.9959935,48.424137
79805,9.0,Baseline,1.3268893,0.027181676,-0.07757223,0.9950594,48.815582
79805,9.5,Baseline,1.3355074,0.028018977,-0.06940447,0.99315745,47.664387
79805,10.0,Baseline,1.3249463,0.030200507,-0.05980111,0.99070567,43.871655
79805,10.5,Baseline,1.3088061,0.0341822,-0.05114444,0.98640233,38.289112
79805,11.0,Baseline,1.3102077,0.038123302,-0.045006376,0.9828692,34.367634
79805,11.5,Baseline,1.3339425,0.04181827,-0.041431617,0.9819763,31.89856
79805,12.0,Baseline,1.3698629,0.045636907,-0.039411135,0.98341364,30.01656
79805,12.5,Baseline,1.4067156,0.04982951,-0.037881367,0.9856758,28.230574
79805,13.0,Baseline,1.4366014,0.05461642,-0.035985824,0.9873405,26.30347
79805,13.5,Baseline,1.4553883,0.06010536,-0.03325624,0.9877747,24.213951
79805,14.0,Baseline,1.4608779,0.06625269,-0.029600937,0.9864993,22.05009
79805,14.5,Baseline,1.4482603,0.07302533,-0.02548286,0.9820286,19.8323
79805,15.0,Baseline,1.4118745,0.08131505,-0.022384414,0.96751094,17.363016
79805,15.5,Baseline,1.3560996,0.09348907,-0.023147443,0.8991088,14.505434
79805,16.0,Baseline,1.2342421,0.11746062,-0.0381606,0.75984645,10.5077095
79805,16.5,Baseline,1.0031607,0.18264237,-0.08636983,0.39830026,5.4924865
79805,17.0,Baseline,0.86796165,0.20133433,-0.084064975,0.22428018,4.3110466
79805,17.5,Baseline,0.8152405,0.2108993,-0.080962405,0.22275116,3.865544
79805,18.0,Baseline,0.80377716,0.21591617,-0.080915,0.24521652,3.7226353
79805,18.5,Baseline,0.7985801,0.22058488,-0.08163664,0.2782414,3.6202848
79805,19.0,Baseline,0.7961397,0.22565584,-0.083195336,0.31193927,3.5281148
79805,19.5,Baseline,0.800176,0.2309961,-0.08592049,0.34042647,3.4640238
79805,20.0,Baseline,0.80949485,0.23640631,-0.089461416,0.36218837,3.4241676
79805,20.5,Baseline,0.81817234,0.24180968,-0.09299239,0.37616658,3.3835385
79805,21.0,Baseline,0.8220819,0.24719147,-0.095977575,0.37914804,3.3256888
79805,21.5,Baseline,0.82156444,0.2525816,-0.098465145,0.37345016,3.2526693
79805,22.0,Baseline,0.8201675,0.25804898,-0.100921296,0.37143117,3.1783404
79805,22.5,Baseline,0.8207636,0.26362687,-0.10370749,0.38427803,3.1133533
79805,23.0,Baseline,0.82385695,0.2692909,-0.10685837,0.4130308,3.059357
79805,23.5,Baseline,0.8288151,0.274994,-0.110260725,0.45042795,3.013939
79805,24.0,Baseline,0.8350134,0.2806928,-0.113815665,0.48305726,2.9748302
79805,24.5,Baseline,0.8421284,0.2863521,-0.11747454,0.49308884,2.9408844
79805,25.0,Baseline,0.8500449,0.29194728,-0.12121973,0.46373034,2.9116385
79805,25.5,Baseline,0.8587383,0.29746276,-0.12504652,0.3837896,2.8868766
79805,26.0,Baseline,0.8682022,0.30289125,-0.128952,0.25901535,2.8663826
79805,26.5,Baseline,0.8784263,0.30822885,-0.13293338,0.12879007,2.849916
79805,27.0,Baseline,0.88940173,0.31347346,-0.13698782,0.04351137,2.8372474
79805,27.5,Baseline,0.9011459,0.31862426,-0.14111708,0.00970293,2.82824
79805,28.0,Baseline,0.9137124,0.32367873,-0.14532766,0.0014099925,2.822899
79805,28.5,Baseline,0.92718637,0.3286348,-0.1496303,0.00012972135,2.8213274
79805,29.0,Baseline,0.9416799,0.3334896,-0.15403913,7.181103e-06,2.823716
79805,29.5,Baseline,0.9572904,0.33823997,-0.15856525,2.2585415e-07,2.8302107
79805,30.0,Baseline,0.97406703,0.34288114,-0.16321258,3.7648267e-09,2.84083
83594,-30.0,Baseline,-0.90974784,0.3206837,0.09727266,4.401529e-09,-2.836901
83594,-29.5,Baseline,-0.89726794,0.31679666,0.093541205,2.71809e-07,-2.832315
83594,-29.0,Baseline,-0.88440114,0.31280392,0.08973591,8.9437035e-06,-2.827334
83594,-28.5,Baseline,-0.8711523,0.30870503,0.085861206,0.0001679409,-2.8219569
83594,-28.0,Baseline,-0.8575275,0.30450004,0.081921406,0.0019183006,-2.816182
83594,-27.5,Baseline,-0.8435285,0.30018845,0.07792066,0.0140260495,-2.8099966
83594,-27.0,Baseline,-0.8291569,0.2957699,0.07386272,0.06711493,-2.803385
83594,-26.5,Baseline,-0.8144169,0.29124585,0.069752626,0.20763431,-2.796321
83594,-26.0,Baseline,-0.79931027,0.28661957,0.06559507,0.41861704,-2.7887497
83594,-25.5,Baseline,-0.78384304,0.28189796,0.061395966,0.609149,-2.7805915
83594,-25.0,Baseline,-0.7680249,0.2770904,0.057162173,0.73405427,-2.7717485
83594,-24.5,Baseline,-0.75186574,0.2722082,0.052900754,0.8053672,-2.7620978
83594,-24.0,Baseline,-0.7353836,0.26726407,0.04862054,0.8437885,-2.7515244
83594,-23.5,Baseline,-0.71859753,0.26227155,0.044329856,0.86265993,-2.739899
83594,-23.0,Baseline,-0.7015376,0.25724164,0.04003796,0.8689641,-2.7271543
83594,-22.5,Baseline,-0.68424,0.25218445,0.035754777,0.8660097,-2.713252
83594,-22.0,Baseline,-0.66675675,0.24710633,0.03149138,0.8553199,-2.6982584
83594,-21.5,Baseline,-0.64914864,0.24201103,0.027260352,0.838459,-2.68231
83594,-21.0,Baseline,-0.6314934,0.2369022,0.023076987,0.8190373,-2.665629
83594,-20.5,Baseline,-0.61387587,0.23178306,0.018959027,0.803954,-2.6484933
83594,-20.0,Baseline,-0.5963738,0.22665751,0.014923376,0.8004974,-2.6311672
83594,-19.5,Baseline,-0.57903826,0.22152881,0.010981768,0.8098644,-2.6138282
83594,-19.0,Baseline,-0.5618777,0.2163999,0.007141912,0.8253154,-2.5964787
83594,-18.5,Baseline,-0.5448742,0.21127196,0.003412187,0.839085,-2.579018
83594,-18.0,Baseline,-0.5279979,0.20613812,-0.00020348429,0.84901184,-2.5613792
83594,-17.5,Baseline,-0.5112395,0.20098038,-0.003711456,0.8585348,-2.5437286
83594,-17.0,Baseline,-0.4946326,0.19577602,-0.0071222363,0.87029815,-2.5265229
83594,-16.5,Baseline,-0.47823203,0.19050556,-0.010442478,0.8813222,-2.510331
83594,-16.0,Baseline,-0.46209532,0.18515679,-0.013673192,0.88651985,-2.4956973
83594,-15.5,Baseline,-0.44631538,0.17972517,-0.016806573,0.88293314,-2.4833214
83594,-15.0,Baseline,-0.43107364,0.17421347,-0.01982062,0.87011534,-2.474399
83594,-14.5,Baseline,-0.41662994,0.16862452,-0.022683054,0.849735,-2.4707553
83594,-14.0,Baseline,-0.4032253,0.16295162,-0.025366938,0.82548326,-2.4745092
83594,-13.5,Baseline,-0.39098516,0.15719153,-0.027857268,0.80285555,-2.487317
83594,-13.0,Baseline,-0.37993976,0.15135628,-0.030140907,0.78663695,-2.5102346
83594,-12.5,Baseline,-0.37006694,0.1454719,-0.032199144,0.77768487,-2.5439067
83594,-12.0,Baseline,-0.3613383,0.1395745,-0.034003474,0.77378935,-2.588856
83594,-11.5,Baseline,-0.35375962,0.13369884,-0.03551349,0.7728123,-2.6459439
83594,-11.0,Baseline,-0.34745347,0.12786822,-0.03667114,0.7738861,-2.7172778
83594,-10.5,Baseline,-0.34276587,0.122119345,-0.037392177,0.77669305,-2.8068106
83594,-10.0,Baseline,-0.34037656,0.11654773,-0.03756153,0.7798341,-2.9204905
83594,-9.5,Baseline,-0.3411993,0.11129476,-0.037051328,0.779052,-3.0657265
83594,-9.0,Baseline,-0.34627336,0.10645193,-0.035713803,0.76982814,-3.2528613
83594,-8.5,Baseline,-0.35727054,0.10205945,-0.03333401,0.7502043,-3.5006123
83594,-8.0,Baseline,-0.37641805,0.09814158,-0.029735703,0.72264636,-3.8354595
83594,-7.5,Baseline,-0.4044785,0.094486535,-0.025146062,0.70670795,-4.2808056
83594,-7.0,Baseline,-0.43410033,0.09067115,-0.020968324,0.7200219,-4.7876344
83594,-6.5,Baseline,-0.45244533,0.08610047,-0.019660613,0.7034882,-5.2548532
83594,-6.0,Baseline,-0.4661106,0.08033559,-0.020764783,0.56721205,-5.802044
83594,-5.5,Baseline,-0.47350264,0.06766083,-0.03382089,0.5671578,-6.9981794
83594,-5.0,Baseline,-0.42643735,0.04683952,-0.047782257,0.87148184,-9.104221
83594,-4.5,Baseline,-0.35742536,0.036764566,-0.05589453,0.94870424,-9.722007
83594,-4.0,Baseline,-0.26128295,0.031870186,-0.06565217,0.9649443,-8.19835
83594,-3.5,Baseline,-0.17458117,0.029532054,-0.07237508,0.9731313,-5.9115825
83594,-3.0,Baseline,-0.09254962,0.028028592,-0.077818125,0.9773457,-3.301972
83594,-2.5,Baseline,-0.009380251,0.026828822,-0.08331251,0.977104,-0.34963337
83594,-2.0,Baseline,0.06973383,0.02574247,-0.08802793,0.97421026,2.7089021
83594,-1.5,Baseline,0.14372249,0.024730464,-0.09179503,0.9688445,5.8115563
83594,-1.0,Baseline,0.20942122,0.023150157,-0.09270982,0.9501708,9.046211
83594,-0.5,Baseline,0.2923346,0.022432407,-0.096134566,0.95609856,13.031797
83594,0.0,Baseline,0.36227202,0.022433974,-0.09833411,0.9596407,16.148367
83594,0.5,Baseline,0.43375087,0.022365877,-0.10066857,0.96141607,19.393421
83594,1.0,Baseline,0.50094664,0.022193514,-0.10220444,0.9672597,22.571758
83594,1.5,Baseline,0.56500536,0.022033028,-0.10315076,0.9747216,25.643564
83594,2.0,Baseline,0.6267902,0.021962544,-0.103597105,0.9814029,28.539053
83594,2.5,Baseline,0.68708146,0.022017311,-0.103647806,0.9865072,31.206419
83594,3.0,Baseline,0.7460517,0.022204049,-0.10337808,0.99002117,33.599804
83594,3.5,Baseline,0.80335677,0.02252091,-0.102791786,0.992199,35.671597
83594,4.0,Baseline,0.8588226,0.022955038,-0.10189073,0.9933489,37.41325
83594,4.5,Baseline,0.91273034,0.023478765,-0.100742176,0.99337125,38.874718
83594,5.0,Baseline,0.96551466,0.024054775,-0.09943737,0.99219877,40.138172
83594,5.5,Baseline,1.0175427,0.02463278,-0.09802705,0.9930298,41.30848
83594,6.0,Baseline,1.0689284,0.025136597,-0.09647958,0.994753,42.524784
83594,6.5,Baseline,1.119792,0.02547331,-0.09472618,0.99560416,43.959423
83594,7.0,Baseline,1.1701009,0.02561118,-0.092729464,0.9959766,45.687115
83594,7.5,Baseline,1.2189155,0.025643423,-0.09041871,0.9961964,47.53326
83594,8.0,Baseline,1.2640111,0.025732357,-0.08747856,0.996265,49.121468
83594,8.5,Baseline,1.301992,0.025973495,-0.08341868,0.99600935,50.12772
83594,9.0,Baseline,1.327584,0.026425201,-0.07754093,0.99506515,50.239315
83594,9.5,Baseline,1.3353188,0.027377086,-0.069361866,0.9932997,48.77505
83594,10.0,Baseline,1.3241069,0.029734377,-0.05979523,0.990995,44.53118
83594,10.5,Baseline,1.3076499,0.033767134,-0.051161844,0.9869861,38.72552
83594,11.0,Baseline,1.3087268,0.037618864,-0.045061626,0.98408604,34.78911
83594,11.5,Baseline,1.3314117,0.041262887,-0.041425474,0.98342025,32.266567
83594,12.0,Baseline,1.3665366,0.04498601,-0.03932941,0.9847189,30.376925
83594,12.5,Baseline,1.403008,0.049034864,-0.037745073,0.98668057,28.612457
83594,13.0,Baseline,1.4336321,0.05362764,-0.035915893,0.98817563,26.733082
83594,13.5,Baseline,1.4545172,0.058892995,-0.033401098,0.98874086,24.697628
83594,14.0,Baseline,1.463614,0.064847104,-0.030064574,0.9879138,22.570229
83594,14.5,Baseline,1.4569414,0.07149795,-0.026181873,0.98449916,20.377388
83594,15.0,Baseline,1.4264323,0.07954048,-0.022987813,0.97416854,17.933413
83594,15.5,Baseline,1.3720526,0.09105355,-0.022560403,0.9309053,15.068633
83594,16.0,Baseline,1.2845143,0.10881,-0.03186228,0.79842144,11.805113
83594,16.5,Baseline,1.041893,0.17510422,-0.07573227,0.5201121,5.950131
83594,17.0,Baseline,0.9033829,0.19724871,-0.085877515,0.22480094,4.579918
83594,17.5,Baseline,0.82191575,0.21018508,-0.080802664,0.20457524,3.910438
83594,18.0,Baseline,0.80228186,0.21608704,-0.0803592,0.22473997,3.7127717
83594,18.5,Baseline,0.7978413,0.22061181,-0.08115452,0.2581056,3.6164942
83594,19.0,Baseline,0.7969034,0.2255138,-0.08277278,0.29308873,3.5337234
83594,19.5,Baseline,0.8025115,0.23083699,-0.08563494,0.3226988,3.4765291
83594,20.0,Baseline,0.81453073,0.2363553,-0.08954535,0.345085,3.446213
83594,20.5,Baseline,0.8272249,0.24193338,-0.093672216,0.35972375,3.4192262
83594,21.0,Baseline,0.835232,0.24749948,-0.097286806,0.36403263,3.374682
83594,21.5,Baseline,0.8376245,0.25302726,-0.10024695,0.35986915,3.310412
83594,22.0,Baseline,0.8377699,0.25856104,-0.10298476,0.35849312,3.2401242
83594,22.5,Baseline,0.83909243,0.26414567,-0.105935134,0.37043163,3.1766276
83594,23.0,Baseline,0.84256494,0.26977775,-0.10919626,0.3966769,3.1231818
83594,23.5,Baseline,0.8477253,0.2754282,-0.11267884,0.43065354,3.0778449
83594,24.0,Baseline,0.8539753,0.28106794,-0.11628795,0.4599327,3.0383234
83594,24.5,Baseline,0.8609794,0.28667533,-0.11997382,0.46709314,3.0033257
83594,25.0,Baseline,0.8686326,0.29223487,-0.1237211,0.43540633,2.9723785
83594,25.5,Baseline,0.8769567,0.2977345,-0.12753189,0.3548941,2.945432
83594,26.0,Baseline,0.886026,0.303165,-0.13141526,0.23436171,2.922587
83594,26.5,Baseline,0.8959076,0.3085177,-0.13537897,0.11384992,2.90391
83594,27.0,Baseline,0.90665215,0.31378505,-0.13942885,0.03780052,2.8894053
83594,27.5,Baseline,0.91829586,0.31896147,-0.14356993,0.008346905,2.879018
83594,28.0,Baseline,0.9308825,0.32404226,-0.1478074,0.0012062484,2.8727195
83594,28.5,Baseline,0.94447064,0.32902366,-0.15214846,0.00011056414,2.8705251
83594,29.0,Baseline,0.9591185,0.33390188,-0.15659949,6.1028522e-06,2.872456
83594,29.5,Baseline,0.9748745,0.3386738,-0.16116512,1.9149137e-07,2.8785057
83594,30.0,Baseline,0.9917437,0.34333384,-0.16584268,3.1861056e-09,2.8885696
87061,-30.0,Baseline,-0.9096875,0.3206448,0.097382665,3.8023096e-09,-2.8370569
87061,-29.5,Baseline,-0.8972237,0.31675923,0.09364891,2.3362098e-07,-2.83251
87061,-29.0,Baseline,-0.8843707,0.31276923,0.089841425,7.649688e-06,-2.8275502
87061,-28.5,Baseline,-0.8711351,0.30867517,0.08596486,0.00014298433,-2.8221743
87061,-28.0,Baseline,-0.857522,0.30447724,0.08202398,0.0016268202,-2.8163748
87061,-27.5,Baseline,-0.84353256,0.30017415,0.07802246,0.011873221,-2.810144
87061,-27.0,Baseline,-0.829171,0.29576594,0.0739647,0.057122998,-2.8034701
87061,-26.5,Baseline,-0.8144392,0.29125252,0.06985523,0.18044469,-2.7963336
87061,-26.0,Baseline,-0.79934275,0.28663749,0.065699056,0.37663928,-2.788689
87061,-25.5,Baseline,-0.7838876,0.2819256,0.06150166,0.5666485,-2.780477
87061,-25.0,Baseline,-0.76808596,0.277125,0.057269525,0.6986367,-2.7716227
87061,-24.5,Baseline,-0.7519485,0.2722464,0.053009987,0.77697253,-2.7620144
87061,-24.0,Baseline,-0.7354927,0.26730168,0.048730917,0.82029885,-2.7515454
87061,-23.5,Baseline,-0.7187362,0.2623035,0.04444039,0.8421431,-2.7400937
87061,-23.0,Baseline,-0.7017051,0.25726438,0.040147353,0.8499937,-2.727564
87061,-22.5,Baseline,-0.68443084,0.25219432,0.035861142,0.8475216,-2.7139027
87061,-22.0,Baseline,-0.6669575,0.24710155,0.03159206,0.8364401,-2.6991231
87061,-21.5,Baseline,-0.64934695,0.24199031,0.027352463,0.8183936,-2.6833591
87061,-21.0,Baseline,-0.63167536,0.23686314,0.023157965,0.79708284,-2.666837
87061,-20.5,Baseline,-0.6140341,0.23172173,0.019026393,0.7798066,-2.649877
87061,-20.0,Baseline,-0.596511,0.22657004,0.014976591,0.77488464,-2.6327887
87061,-19.5,Baseline,-0.5791639,0.22141169,0.011021626,0.78464884,-2.6157784
87061,-19.0,Baseline,-0.5620108,0.21625078,0.0071699442,0.8021955,-2.5988846
87061,-18.5,Baseline,-0.545033,0.21109086,0.0034299314,0.8183106,-2.5819829
87061,-18.0,Baseline,-0.5281928,0.20592685,-0.00019449592,0.82966506,-2.5649536
87061,-17.5,Baseline,-0.5114683,0.20074128,-0.003709352,0.8399275,-2.547898
87061,-17.0,Baseline,-0.4948834,0.19551122,-0.0071263313,0.8528209,-2.5312276
87061,-16.5,Baseline,-0.47848666,0.19021659,-0.010452712,0.8655836,-2.5154834
87061,-16.0,Baseline,-0.46233404,0.18484491,-0.013690996,0.87231094,-2.5011997
87061,-15.5,Baseline,-0.44650906,0.17939214,-0.016835773,0.86931366,-2.4890113
87061,-15.0,Baseline,-0.43118164,0.1738625,-0.019867932,0.85580146,-2.480015
87061,-14.5,Baseline,-0.41661528,0.16825947,-0.022756273,0.8332992,-2.4760287
87061,-14.0,Baseline,-0.403078,0.16257465,-0.025471289,0.80571866,-2.479341
87061,-13.5,Baseline,-0.39073154,0.15680194,-0.027993554,0.77952564,-2.4918795
87061,-13.0,Baseline,-0.37962517,0.15095165,-0.030308789,0.7608956,-2.5148792
87061,-12.5,Baseline,-0.3697427,0.14504932,-0.032399364,0.75144714,-2.5490825
87061,-12.0,Baseline,-0.36105403,0.13912916,-0.034238108,0.74875635,-2.5950997
87061,-11.5,Baseline,-0.35356033,0.13322684,-0.03578375,0.7500902,-2.653822
87061,-11.0,Baseline,-0.3473737,0.12737069,-0.036972374,0.75412,-2.7272656
87061,-10.5,Baseline,-0.34285846,0.12160128,-0.037709184,0.7601289,-2.81953
87061,-10.0,Baseline,-0.34075192,0.11601751,-0.037870727,0.765863,-2.937073
87061,-9.5,Baseline,-0.34197727,0.11076092,-0.03733229,0.76613164,-3.0875266
87061,-9.0,Baseline,-0.34756908,0.10591796,-0.0359594,0.7562718,-3.2814934
87061,-8.5,Baseline,-0.35928252,0.10153172,-0.033547085,0.7338092,-3.5386233
87061,-8.0,Baseline,-0.37952667,0.09762227,-0.029916102,0.7017746,-3.887706
87061,-7.5,Baseline,-0.40869308,0.09398767,-0.025328234,0.6835104,-4.348369
87061,-7.0,Baseline,-0.43776587,0.09026438,-0.02143536,0.6902771,-4.8498187
87061,-6.5,Baseline,-0.4555873,0.085525066,-0.020774234,0.65167344,-5.326945
87061,-6.0,Baseline,-0.47200036,0.07931009,-0.022552932,0.507337,-5.9513283
87061,-5.5,Baseline,-0.47306165,0.06390851,-0.03768871,0.60988295,-7.4021697
87061,-5.0,Baseline,-0.41797045,0.044078276,-0.050287314,0.89131373,-9.482459
87061,-4.5,Baseline,-0.3362394,0.034975752,-0.059939075,0.94976205,-9.6135
87061,-4.0,Baseline,-0.24163815,0.030752767,-0.06898324,0.9643487,-7.8574443
87061,-3.5,Baseline,-0.1593883,0.028662285,-0.07467196,0.9723698,-5.560907
87061,-3.0,Baseline,-0.077210546,0.02722663,-0.08003453,0.9762092,-2.8358464
87061,-2.5,Baseline,0.0050255656,0.026066724,-0.08530504,0.97542614,0.19279622
87061,-2.0,Baseline,0.08258033,0.02500249,-0.08967045,0.9715055,3.302884
87061,-1.5,Baseline,0.15543556,0.023985606,-0.09313877,0.96492904,6.4803686
87061,-1.0,Baseline,0.22052231,0.022198725,-0.09364171,0.9409117,9.934008
87061,-0.5,Baseline,0.3061011,0.021539789,-0.09764577,0.95288414,14.210961
87061,0.0,Baseline,0.3763995,0.021457747,-0.09981538,0.9588653,17.541426
87061,0.5,Baseline,0.4470962,0.021301657,-0.10192953,0.96255565,20.9888
87061,1.0,Baseline,0.5130391,0.021065798,-0.103186525,0.9699776,24.354128
87061,1.5,Baseline,0.5761004,0.020873172,-0.10391535,0.9780187,27.60004
87061,2.0,Baseline,0.6373963,0.020800333,-0.10425152,0.98446935,30.64356
87061,2.5,Baseline,0.6973574,0.020872824,-0.10424676,0.9889815,33.409824
87061,3.0,Baseline,0.7557095,0.021085957,-0.10389507,0.99187285,35.83947
87061,3.5,Baseline,0.81210184,0.021429198,-0.10318451,0.99356693,37.896976
87061,4.0,Baseline,0.8666824,0.021883963,-0.102163434,0.99440503,39.603542
87061,4.5,Baseline,0.9199483,0.022421757,-0.10093627,0.9942789,41.02927
87061,5.0,Baseline,0.9723066,0.023006883,-0.09959471,0.9930513,42.261555
87061,5.5,Baseline,1.0240113,0.023589035,-0.098174855,0.99366754,43.410477
87061,6.0,Baseline,1.0750787,0.024095885,-0.0966322,0.9951727,44.61669
87061,6.5,Baseline,1.1255153,0.024450976,-0.09489329,0.9958968,46.03151
87061,7.0,Baseline,1.1751095,0.02464309,-0.09290758,0.99619555,47.685154
87061,7.5,Baseline,1.2227929,0.0247654,-0.090567395,0.9963288,49.37505
87061,8.0,Baseline,1.2665374,0.024954788,-0.08755315,0.9963018,50.753284
87061,8.5,Baseline,1.3032372,0.02528514,-0.08341522,0.99598503,51.541626
87061,9.0,Baseline,1.3278534,0.025816817,-0.07748096,0.99503845,51.433662
87061,9.5,Baseline,1.335185,0.02685855,-0.069333665,0.9933842,49.711735
87061,10.0,Baseline,1.3235893,0.02935768,-0.05981014,0.9911807,45.084946
87061,10.5,Baseline,1.3069983,0.03340413,-0.051203042,0.98751754,39.126846
87061,11.0,Baseline,1.3076922,0.037199248,-0.045136847,0.98522437,35.153725
87061,11.5,Baseline,1.3292608,0.040815756,-0.04144447,0.98482114,32.567345
87061,12.0,Baseline,1.3633728,0.044470284,-0.03926257,0.986054,30.658064
87061,12.5,Baseline,1.3991891,0.048406832,-0.03760398,0.98775977,28.904785
87061,13.0,Baseline,1.4301782,0.05284071,-0.03580851,0.9890055,27.06584
87061,13.5,Baseline,1.4527115,0.057913765,-0.0334646,0.98951906,25.084044
87061,14.0,Baseline,1.4647574,0.06366476,-0.030394018,0.988922,23.00735
87061,14.5,Baseline,1.4629648,0.07013512,-0.026749045,0.9861119,20.859234
87061,15.0,Baseline,1.4388198,0.07787877,-0.023493798,0.978001,18.47512
87061,15.5,Baseline,1.3863211,0.08897404,-0.022528846,0.9485414,15.581186
87061,16.0,Baseline,1.3143208,0.10467454,-0.029208157,0.8323377,12.55626
87061,16.5,Baseline,1.1009498,0.15643802,-0.06027367,0.62651473,7.0376096
87061,17.0,Baseline,0.9425999,0.1929898,-0.08764684,0.24659823,4.8841953
87061,17.5,Baseline,0.8358722,0.20881669,-0.08128874,0.19279754,4.002899
87061,18.0,Baseline,0.80208623,0.21620181,-0.079953946,0.20881614,3.709896
87061,18.5,Baseline,0.79653007,0.22069304,-0.08069952,0.24177818,3.6092215
87061,19.0,Baseline,0.7966124,0.22538099,-0.08233697,0.27786264,3.5345147
87061,19.5,Baseline,0.8033607,0.23062982,-0.085263506,0.30876443,3.483334
87061,20.0,Baseline,0.8172733,0.23621295,-0.0894116,0.3320233,3.4599006
87061,20.5,Baseline,0.8329708,0.24193898,-0.09397251,0.34734112,3.4428961
87061,21.0,Baseline,0.8443608,0.24768502,-0.09809532,0.35267892,3.4090106
87061,21.5,Baseline,0.84944427,0.25336882,-0.10147755,0.34969234,3.3525999
87061,22.0,Baseline,0.8512074,0.2589986,-0.10449197,0.3487715,3.2865326
87061,22.5,Baseline,0.85343033,0.26462027,-0.10761839,0.35985664,3.2251132
87061,23.0,Baseline,0.8575021,0.2702473,-0.11101107,0.38383022,3.1730273
87061,23.5,Baseline,0.8631466,0.2758651,-0.11460586,0.41454616,3.128872
87061,24.0,Baseline,0.86978954,0.28145823,-0.118310735,0.44033486,3.090297
87061,24.5,Baseline,0.8770674,0.28701565,-0.12207185,0.44421268,3.0558174
87061,25.0,Baseline,0.88483983,0.292531,-0.12587035,0.40974042,3.0247726
87061,25.5,Baseline,0.8931389,0.29799896,-0.1297102,0.32844082,2.9971209
87061,26.0,Baseline,0.9020723,0.3034133,-0.13360548,0.21201244,2.9730809
87061,26.5,Baseline,0.91177034,0.30876458,-0.13757321,0.10059041,2.9529629
87061,27.0,Baseline,0.9223624,0.31404296,-0.14162998,0.032818653,2.937058
87061,27.5,Baseline,0.93394375,0.31923804,-0.14578907,0.0071742013,2.9255402
87061,28.0,Baseline,0.9466003,0.32434237,-0.15006128,0.0010309205,2.918522
87061,28.5,Baseline,0.96038556,0.32934967,-0.15445308,9.414662e-05,2.9160058
87061,29.0,Baseline,0.975339,0.33425456,-0.15896837,5.182907e-06,2.9179528
87061,29.5,Baseline,0.9914578,0.3390519,-0.16360448,1.6231341e-07,2.9242067
87061,30.0,Baseline,1.0086882,0.34373626,-0.16835088,2.6970024e-09,2.934483
90170,-30.0,Baseline,-0.90963185,0.32061702,0.097479165,3.3618044e-09,-2.837129
90170,-29.5,Baseline,-0.8971741,0.31673074,0.09374176,2.05868e-07,-2.8326082
90170,-29.0,Baseline,-0.88432777,0.31274143,0.08993094,6.71918e-06,-2.8276644
90170,-28.5,Baseline,-0.8710977,0.30864978,0.086051464,0.00012521328,-2.8222852
90170,-28.0,Baseline,-0.8574866,0.3044556,0.08210746,0.0014209801,-2.8164585
90170,-27.5,Baseline,-0.8435001,0.30015832,0.078103684,0.010359935,-2.8101838
90170,-27.0,Baseline,-0.82914066,0.2957572,0.07404429,0.050044786,-2.8034503
90170,-26.5,Baseline,-0.8144099,0.29125258,0.069933824,0.16051747,-2.7962325
90170,-26.0,Baseline,-0.7993148,0.28664663,0.06577717,0.34401962,-2.7885022
90170,-25.5,Baseline,-0.7838639,0.28194362,0.061580054,0.53168154,-2.780215
90170,-25.0,Baseline,-0.7680684,0.27715057,0.057348657,0.66837037,-2.7713037
90170,-24.5,Baseline,-0.7519423,0.27227682,0.053090155,0.7522179,-2.761683
90170,-24.0,Baseline,-0.7355042,0.2673336,0.048812173,0.79966307,-2.7512598
90170,-23.5,Baseline,-0.71877074,0.26233292,0.044522543,0.82412446,-2.7399182
90170,-23.0,Baseline,-0.70176685,0.25728658,0.040229578,0.8334204,-2.7275689
90170,-22.5,Baseline,-0.6845206,0.25220588,0.035942174,0.83151394,-2.7141342
90170,-22.0,Baseline,-0.66707003,0.2470999,0.031670164,0.8202678,-2.6995964
90170,-21.5,Baseline,-0.64947224,0.2419737,0.027425403,0.80138177,-2.6840613
90170,-21.0,Baseline,-0.63180006,0.23683071,0.023222595,0.77857107,-2.6677287
90170,-20.5,Baseline,-0.6141472,0.2316719,0.019080948,0.7593665,-2.6509352
90170,-20.0,Baseline,-0.5966103,0.2264995,0.01501978,0.75290275,-2.634047
90170,-19.5,Baseline,-0.57925606,0.2213167,0.011053735,0.76262873,-2.6173174
90170,-19.0,Baseline,-0.56210816,0.2161291,0.007192135,0.7817811,-2.6007981
90170,-18.5,Baseline,-0.5451504,0.21094133,0.0034430325,0.79995996,-2.58437
90170,-18.0,Baseline,-0.52833873,0.20575052,-0.00018897056,0.8126457,-2.5678608
90170,-17.5,Baseline,-0.5116439,0.2005406,-0.0037102997,0.8235147,-2.5513232
90170,-17.0,Baseline,-0.4950806,0.19528788,-0.0071329116,0.8372491,-2.5351322
90170,-16.5,Baseline,-0.47869825,0.18997216,-0.010464537,0.8514234,-2.5198338
90170,-16.0,Baseline,-0.46254575,0.18458024,-0.013708472,0.8594674,-2.5059333
90170,-15.5,Baseline,-0.4467021,0.17910855,-0.01686067,0.85703087,-2.49403
90170,-15.0,Baseline,-0.43132818,0.1735622,-0.019904345,0.84302723,-2.4851503
90170,-14.5,Baseline,-0.41668406,0.16794574,-0.022810364,0.8188556,-2.4810636
90170,-14.0,Baseline,-0.4030475,0.1622507,-0.025548805,0.7885497,-2.4841034
90170,-13.5,Baseline,-0.39061043,0.1564685,-0.028097559,0.75935024,-2.4964159
90170,-13.0,Baseline,-0.37944326,0.15060733,-0.030439544,0.7387071,-2.5194209
90170,-12.5,Baseline,-0.36953732,0.14469108,-0.03255736,0.7290286,-2.5539744
90170,-12.0,Baseline,-0.36086264,0.1387521,-0.034425177,0.727755,-2.6007724
90170,-11.5,Baseline,-0.35342252,0.13282351,-0.036000717,0.7315707,-2.6608431
90170,-11.0,Baseline,-0.3473256,0.12693934,-0.037216157,0.73856044,-2.736154
90170,-10.5,Baseline,-0.34294635,0.12115138,-0.037968986,0.7474836,-2.830726
90170,-10.0,Baseline,-0.3410664,0.1155614,-0.03812647,0.75527686,-2.9513867
90170,-9.5,Baseline,-0.34261897,0.110306196,-0.037565906,0.7560586,-3.106072
90170,-9.0,Baseline,-0.34865084,0.10546483,-0.036164347,0.7451449,-3.3058493
90170,-8.5,Baseline,-0.36102253,0.10108208,-0.033725306,0.7195572,-3.571578
90170,-8.0,Baseline,-0.38227773,0.09718095,-0.030058097,0.6833559,-3.9336696
90170,-7.5,Baseline,-0.41228753,0.09358579,-0.025471061,0.66261154,-4.4054503
90170,-7.0,Baseline,-0.44060424,0.08995231,-0.021881785,0.66029674,-4.898198
90170,-6.5,Baseline,-0.45869428,0.08494232,-0.021813998,0.6002689,-5.400068
90170,-6.0,Baseline,-0.47737736,0.07815801,-0.024490967,0.46410686,-6.107849
90170,-5.5,Baseline,-0.47009444,0.05998232,-0.040753152,0.6597955,-7.837217
90170,-5.0,Baseline,-0.40723434,0.041703656,-0.05297016,0.9039429,-9.7649555
90170,-4.5,Baseline,-0.31678486,0.033518013,-0.06355001,0.95007175,-9.451182
90170,-4.0,Baseline,-0.2275716,0.029863197,-0.07127862,0.96364856,-7.62047
90170,-3.5,Baseline,-0.14667928,0.027930837,-0.07656538,0.97146815,-5.251518
90170,-3.0,Baseline,-0.06454718,0.02655604,-0.08185226,0.9750377,-2.4306028
90170,-2.5,Baseline,0.016634434,0.025427498,-0.086890034,0.97381645,0.6541908
90170,-2.0,Baseline,0.09297001,0.024376385,-0.09097605,0.9689435,3.8139377
90170,-1.5,Baseline,0.16508369,0.023347968,-0.0942312,0.96145517,7.0705805
90170,-1.0,Baseline,0.2305963,0.021412779,-0.09458862,0.93264985,10.769097
90170,-0.5,Baseline,0.31798697,0.020770837,-0.098987594,0.9506694,15.309299
90170,0.0,Baseline,0.38807005,0.02062089,-0.10104922,0.9593402,18.819267
90170,0.5,Baseline,0.45749444,0.020407148,-0.10288439,0.9647624,22.418343
90170,1.0,Baseline,0.52216077,0.020141004,-0.103884295,0.97302264,25.92526
90170,1.5,Baseline,0.5845568,0.019944344,-0.104478255,0.98090726,29.309404
90170,2.0,Baseline,0.64556897,0.019887391,-0.104760274,0.98674196,32.46122
90170,2.5,Baseline,0.70508665,0.01998526,-0.10468785,0.9906094,35.280334
90170,3.0,Baseline,0.7626685,0.02022437,-0.10422236,0.99299836,37.71037
90170,3.5,Baseline,0.81820786,0.020588908,-0.10338799,0.99435955,39.740227
90170,4.0,Baseline,0.8721367,0.021057822,-0.10227946,0.99500066,41.416283
90170,4.5,Baseline,0.92500794,0.02160413,-0.10101231,0.9947747,42.816254
90170,5.0,Baseline,0.97713363,0.022194412,-0.09966506,0.9934863,44.02611
90170,5.5,Baseline,1.0286564,0.022779241,-0.098256215,0.99399054,45.157623
90170,6.0,Baseline,1.079504,0.023290507,-0.096729115,0.99541074,46.349525
90170,6.5,Baseline,1.129579,0.02366379,-0.09500294,0.9960873,47.73449
90170,7.0,Baseline,1.178539,0.023898253,-0.09301317,0.9963427,49.31486
90170,7.5,Baseline,1.2253096,0.024083652,-0.09063358,0.99640614,50.877235
90170,8.0,Baseline,1.2680812,0.024341132,-0.087560534,0.9963084,52.09623
90170,8.5,Baseline,1.303913,0.02473398,-0.083371215,0.99594754,52.717476
90170,9.0,Baseline,1.327934,0.025325172,-0.07741188,0.9949982,52.43534
90170,9.5,Baseline,1.3351219,0.026436739,-0.06931311,0.9934223,50.502518
90170,10.0,Baseline,1.3232944,0.029048698,-0.05983027,0.9912717,45.554344
90170,10.5,Baseline,1.3067193,0.033089217,-0.051256575,0.9879381,39.49079
90170,11.0,Baseline,1.3070388,0.03685415,-0.045221943,0.98615056,35.46517
90170,11.5,Baseline,1.3275297,0.04045858,-0.041480567,0.9859892,32.81207
90170,12.0,Baseline,1.3605585,0.044063177,-0.0392101,0.987207,30.877449
90170,12.5,Baseline,1.3956077,0.04791093,-0.03746876,0.9887516,29.129215
90170,13.0,Baseline,1.426705,0.052215077,-0.035681847,0.98979366,27.323622
90170,13.5,Baseline,1.450486,0.05712614,-0.033474427,0.9901708,25.390932
90170,14.0,Baseline,1.4648604,0.06269582,-0.030625593,0.98965657,23.364561
90170,14.5,Baseline,1.4668574,0.06897223,-0.027193148,0.98722434,21.267363
90170,15.0,Baseline,1.4484144,0.07643225,-0.023926731,0.9804349,18.950304
90170,15.5,Baseline,1.4001238,0.0869921,-0.022626232,0.9585479,16.09484
90170,16.0,Baseline,1.3368028,0.100977734,-0.026977563,0.8659549,13.23859
90170,16.5,Baseline,1.1670226,0.13840462,-0.04831192,0.7011364,8.431962
90170,17.0,Baseline,0.97611344,0.18990678,-0.08802281,0.28990865,5.1399612
90170,17.5,Baseline,0.8566007,0.20679528,-0.082433105,0.18671156,4.1422644
90170,18.0,Baseline,0.8046028,0.21617486,-0.079846635,0.19652133,3.722
90170,18.5,Baseline,0.7954339,0.2208132,-0.08034098,0.22838663,3.6022933
90170,19.0,Baseline,0.7958604,0.22527848,-0.08194629,0.26522654,3.532785
90170,19.5,Baseline,0.80335426,0.2304091,-0.08488415,0.29744032,3.4866428
90170,20.0,Baseline,0.81857544,0.23601373,-0.08917679,0.32172695,3.4683383
90170,20.5,Baseline,0.8364586,0.24185131,-0.0940436,0.33776915,3.4585655
90170,21.0,Baseline,0.85049474,0.24775293,-0.098556615,0.34397426,3.4328341
90170,21.5,Baseline,0.857883,0.25358915,-0.10229306,0.34195775,3.382964
90170,22.0,Baseline,0.86117345,0.25932756,-0.10555862,0.34145015,3.320794
90170,22.5,Baseline,0.8643117,0.2650061,-0.10885265,0.3519122,3.2614787
90170,23.0,Baseline,0.869022,0.27064934,-0.11237383,0.37410665,3.210878
90170,23.5,Baseline,0.87521636,0.2762566,-0.11608249,0.40214717,3.1681285
90170,24.0,Baseline,0.88236696,0.28182217,-0.11989252,0.42489916,3.1309352
90170,24.5,Baseline,0.8900936,0.287343,-0.12374816,0.4257411,3.0976694
90170,25.0,Baseline,0.8982273,0.29281974,-0.12762696,0.3886361,3.0675094
90170,25.5,Baseline,0.9067671,0.298253,-0.13152923,0.30656418,3.0402613
90170,26.0,Baseline,0.9158176,0.30364168,-0.13546905,0.19371888,3.016113
90170,26.5,Baseline,0.9255463,0.30898044,-0.13946827,0.08993374,2.995485
90170,27.0,Baseline,0.9361339,0.31425896,-0.143551,0.0288689,2.9788616
90170,27.5,Baseline,0.9477501,0.3194659,-0.14774013,0.006250017,2.9666705
90170,28.0,Baseline,0.96052843,0.32458916,-0.15205336,0.000893103,2.9592128
90170,28.5,Baseline,0.9745571,0.3296202,-0.15650137,8.127111e-05,2.956606
90170,29.0,Baseline,0.9898729,0.3345511,-0.16108778,4.4633484e-06,2.9588091
90170,29.5,Baseline,1.0064371,0.33937508,-0.16580494,1.3955456e-07,2.9655597
90170,30.0,Baseline,1.024142,0.3440849,-0.17063503,2.3164097e-09,2.9764225
92894,-30.0,Baseline,-0.90958047,0.32059932,0.097562045,3.043783e-09,-2.8371253
92894,-29.5,Baseline,-0.89712274,0.3167115,0.093820795,1.859889e-07,-2.8326182
92894,-29.0,Baseline,-0.8842747,0.31272137,0.09000592,6.057832e-06,-2.827676
92894,-28.5,Baseline,-0.8710437,0.30863,0.086122535,0.00011267365,-2.8222911
92894,-28.0,Baseline,-0.85743225,0.3044376,0.08217503,0.0012765196,-2.8164465
92894,-27.5,Baseline,-0.84344447,0.3001438,0.07816805,0.009300773,-2.8101344
92894,-27.0,Baseline,-0.8290814,0.2957472,0.074105784,0.04505895,-2.803345
92894,-26.5,Baseline,-0.8143482,0.2912487,0.069993176,0.14611101,-2.7960577
92894,-26.0,Baseline,-0.7992514,0.28664964,0.0658352,0.3193336,-2.7882519
92894,-25.5,Baseline,-0.78379875,0.28195402,0.0616372,0.5039568,-2.7798815
92894,-25.0,Baseline,-0.76800466,0.27716756,0.05740585,0.64354944,-2.7709038
92894,-24.5,Baseline,-0.75188375,0.27229896,0.053147692,0.7315241,-2.7612436
92894,-24.0,Baseline,-0.73545444,0.26735827,0.04887037,0.78226095,-2.75082
92894,-23.5,Baseline,-0.7187371,0.2623568,0.044581514,0.8089059,-2.7395408
92894,-23.0,Baseline,-0.7017543,0.25730622,0.040289003,0.81947297,-2.7273118
92894,-22.5,Baseline,-0.6845342,0.25221753,0.036001574,0.818133,-2.7140627
92894,-22.0,Baseline,-0.6671103,0.24710025,0.031728275,0.8068711,-2.6997557
92894,-21.5,Baseline,-0.6495329,0.24196124,0.027480263,0.7874162,-2.6844501
92894,-21.0,Baseline,-0.6318711,0.23680401,0.02327236,0.7634629,-2.6683295
92894,-20.5,Baseline,-0.6142177,0.23163065,0.019123185,0.7426495,-2.6517117
92894,-20.0,Baseline,-0.596673,0.22644179,0.015052909,0.7347124,-2.6349952
92894,-19.5,Baseline,-0.579314,0.22124025,0.011077821,0.7441115,-2.6184838
92894,-19.0,Baseline,-0.5621711,0.21603096,0.0072080493,0.7644102,-2.602271
92894,-18.5,Baseline,-0.5452277,0.21082002,0.0034512759,0.7843112,-2.5862236
92894,-18.0,Baseline,-0.5284388,0.20560649,-0.0001872301,0.7981806,-2.5701466
92894,-17.5,Baseline,-0.5117671,0.20037542,-0.0037143826,0.80955344,-2.5540411
92894,-17.0,Baseline,-0.4952248,0.19510317,-0.007141769,0.8239006,-2.5382714
92894,-16.5,Baseline,-0.47885904,0.18976927,-0.010477859,0.83917683,-2.523375
92894,-16.0,Baseline,-0.46271563,0.18436012,-0.013726008,0.84829676,-2.5098467
92894,-15.5,Baseline,-0.44686913,0.17887221,-0.016883206,0.846341,-2.498259
92894,-15.0,Baseline,-0.43147644,0.17331107,-0.019934142,0.8319832,-2.4896069
92894,-14.5,Baseline,-0.41678774,0.1676823,-0.022851635,0.8065346,-2.4855797
92894,-14.0,Baseline,-0.4030862,0.16197802,-0.025606757,0.7740947,-2.488524
92894,-13.5,Baseline,-0.39057815,0.15618855,-0.028175885,0.7424791,-2.5006838
92894,-13.0,Baseline,-0.3793574,0.15031916,-0.030539919,0.7202149,-2.5236797
92894,-12.5,Baseline,-0.36942497,0.14439212,-0.032680612,0.7104667,-2.5584843
92894,-12.0,Baseline,-0.3607504,0.1384369,-0.03457238,0.71061647,-2.6058834
92894,-11.5,Baseline,-0.35333952,0.13248472,-0.03617243,0.71682376,-2.667021
92894,-11.0,Baseline,-0.34730178,0.12657437,-0.037410278,0.7265833,-2.7438555
92894,-10.5,Baseline,-0.34302643,0.120769836,-0.038177162,0.73806703,-2.840332
92894,-10.0,Baseline,-0.3413304,0.1151767,-0.038332954,0.74744385,-2.963537
92894,-9.5,Baseline,-0.34315345,0.10992392,-0.03775584,0.7483548,-3.1217358
92894,-9.0,Baseline,-0.3495634,0.105084255,-0.036332443,0.73607826,-3.326506
92894,-8.5,Baseline,-0.3625274,0.10070488,-0.0338705,0.7071853,-3.599899
92894,-8.0,Baseline,-0.3846783,0.09681671,-0.030162904,0.6671999,-3.9732635
92894,-7.5,Baseline,-0.4152822,0.093277074,-0.025579497,0.6436805,-4.4521356
92894,-7.0,Baseline,-0.4427824,0.08971455,-0.022299718,0.63098276,-4.935458
92894,-6.5,Baseline,-0.46178564,0.0843524,-0.02275679,0.5529899,-5.4744816
92894,-6.0,Baseline,-0.4819017,0.07691138,-0.026540881,0.43787292,-6.2656746
92894,-5.5,Baseline,-0.46578062,0.056299455,-0.043364555,0.7067369,-8.273271
92894,-5.0,Baseline,-0.39526266,0.039731413,-0.05567491,0.91206485,-9.948366
92894,-4.5,Baseline,-0.30154893,0.032385148,-0.066319026,0.95001537,-9.311334
92894,-4.0,Baseline,-0.21687499,0.029149976,-0.072967626,0.9628995,-7.4399714
92894,-3.5,Baseline,-0.13612607,0.02732863,-0.078127265,0.97054917,-4.981079
92894,-3.0,Baseline,-0.054314494,0.026004534,-0.08331087,0.9739242,-2.0886548
92894,-2.5,Baseline,0.025915384,0.02489792,-0.08814248,0.97234726,1.0408654
92894,-2.0,Baseline,0.10136026,0.023853278,-0.09201752,0.9666444,4.249322
92894,-1.5,Baseline,0.17301676,0.022809088,-0.09512665,0.95855135,7.5854306
92894,-1.0,Baseline,0.23939507,0.02077,-0.09548376,0.9257678,11.526002
92894,-0.5,Baseline,0.32794496,0.02012264,-0.10013404,0.9493012,16.297314
92894,0.0,Baseline,0.39735764,0.019922016,-0.10202668,0.96052814,19.945654
92894,0.5,Baseline,0.46539646,0.019675104,-0.10358312,0.9672134,23.65408
92894,1.0,Baseline,0.52906215,0.019399611,-0.1043905,0.9756988,27.271791
92894,1.5,Baseline,0.59106237,0.01921308,-0.1049091,0.9830998,30.76354
92894,2.0,Baseline,0.65177697,0.019178485,-0.10514067,0.98829925,33.9848
92894,2.5,Baseline,0.7107352,0.019301463,-0.10497904,0.99164796,36.82287
92894,3.0,Baseline,0.76757616,0.019562162,-0.1043994,0.99368274,39.237797
92894,3.5,Baseline,0.8224557,0.01994227,-0.103468895,0.99482757,41.24183
92894,4.0,Baseline,0.87596226,0.020420412,-0.102308854,0.9953465,42.896404
92894,4.5,Baseline,0.92861277,0.020971855,-0.10102971,0.99505275,44.279
92894,5.0,Baseline,0.98061454,0.021565333,-0.09969308,0.9937063,45.4718
92894,5.5,Baseline,1.0320231,0.022152167,-0.09830251,0.9941538,46.587906
92894,6.0,Baseline,1.0827006,0.022667859,-0.09679096,0.995552,47.76369
92894,6.5,Baseline,1.1324612,0.023055956,-0.09507034,0.9962134,49.117947
92894,7.0,Baseline,1.1808858,0.023321103,-0.09306691,0.99643904,50.635933
92894,7.5,Baseline,1.226953,0.023550414,-0.09064851,0.99644995,52.099003
92894,8.0,Baseline,1.2690299,0.02385533,-0.08753265,0.9963025,53.19691
92894,8.5,Baseline,1.3042703,0.024293188,-0.08331047,0.995909,53.688725
92894,9.0,Baseline,1.3279349,0.024928909,-0.07734454,0.99495393,53.26887
92894,9.5,Baseline,1.335106,0.026094308,-0.06929599,0.99342793,51.164646
92894,10.0,Baseline,1.323138,0.028795501,-0.05984936,0.9912951,45.94947
92894,10.5,Baseline,1.3066859,0.03282196,-0.05131606,0.9882494,39.81133
92894,11.0,Baseline,1.30668,0.036574624,-0.04531216,0.9868602,35.72641
92894,11.5,Baseline,1.3261992,0.040176213,-0.041530717,0.98689795,33.009563
92894,12.0,Baseline,1.3581789,0.043743942,-0.039176147,0.98811543,31.048388
92894,12.5,Baseline,1.3924558,0.047521666,-0.037352167,0.9895635,29.301495
92894,13.0,Baseline,1.4235092,0.05172115,-0.03555558,0.99047476,27.52277
92894,13.5,Baseline,1.4482055,0.05649733,-0.03344972,0.99071926,25.633165
92894,14.0,Baseline,1.4643716,0.061913162,-0.030784857,0.9901992,23.652023
92894,14.5,Baseline,1.4692253,0.06801345,-0.027531585,0.9880216,21.60198
92894,15.0,Baseline,1.4554279,0.07522403,-0.024293125,0.98208743,19.347912
92894,15.5,Baseline,1.4121614,0.085247025,-0.02274641,0.9646568,16.565521
92894,16.0,Baseline,1.3518387,0.09836537,-0.025419328,0.8929363,13.743035
92894,16.5,Baseline,1.2122297,0.12882282,-0.042194307,0.74587184,9.410054
92894,17.0,Baseline,0.9986424,0.18827327,-0.08601212,0.35021883,5.304218
92894,17.5,Baseline,0.8815617,0.20431086,-0.08402308,0.1857403,4.314806
92894,18.0,Baseline,0.8103423,0.21595767,-0.080103785,0.18725221,3.75232
92894,18.5,Baseline,0.7951643,0.22094986,-0.08013439,0.21749398,3.598845
92894,19.0,Baseline,0.79516363,0.22521532,-0.08164586,0.25468156,3.5306818
92894,19.5,Baseline,0.8030443,0.23020259,-0.08455567,0.288061,3.4884243
92894,20.0,Baseline,0.81913686,0.23579416,-0.08892685,0.31341136,3.473949
92894,20.5,Baseline,0.8385862,0.24170858,-0.09400406,0.3302231,3.4694102
92894,21.0,Baseline,0.85463005,0.24773574,-0.0988083,0.33722278,3.449765
92894,21.5,Baseline,0.86390567,0.25370708,-0.10283071,0.33605683,3.4051304
92894,22.0,Baseline,0.86855763,0.25955322,-0.106315434,0.33596802,3.3463566
92894,22.5,Baseline,0.8725631,0.26529676,-0.109762095,0.34604007,3.289008
92894,23.0,Baseline,0.87787855,0.2709695,-0.11339935,0.36694393,3.2397687
92894,23.5,Baseline,0.8845862,0.27658218,-0.11720991,0.392955,3.1982763
92894,24.0,Baseline,0.8922289,0.282137,-0.12111707,0.41332492,3.162396
92894,24.5,Baseline,0.9004319,0.2876359,-0.12506607,0.41169676,3.1304572
92894,25.0,Baseline,0.90900505,0.29308426,-0.1290318,0.372392,3.1015143
92894,25.5,Baseline,0.9179164,0.2984872,-0.13301083,0.28966707,3.075229
92894,26.0,Baseline,0.9272507,0.3038501,-0.13701478,0.17970541,3.0516713
92894,26.5,Baseline,0.93717283,0.3091716,-0.14106512,0.081883036,3.0312386
92894,27.0,Baseline,0.9479008,0.31444436,-0.14519124,0.025914123,3.0145261
92894,27.5,Baseline,0.9596508,0.31965625,-0.14942181,0.005561026,3.0021336
92894,28.0,Baseline,0.9726134,0.32479322,-0.15378201,0.00079047173,2.994562
92894,28.5,Baseline,0.98691577,0.3298445,-0.15828827,7.169059e-05,2.9920638
92894,29.0,Baseline,1.0026035,0.33479884,-0.16294518,3.928644e-06,2.9946446
92894,29.5,Baseline,1.0196253,0.3396477,-0.16774353,1.2266966e-07,3.0020084
92894,30.0,Baseline,1.0378264,0.34438217,-0.17265873,2.0345154e-09,3.0135894
95204,-30.0,Baseline,-0.90953463,0.3205899,0.09763118,2.8167686e-09,-2.8370657
95204,-29.5,Baseline,-0.897073,0.31669942,0.09388606,1.7189602e-07,-2.8325691
95204,-29.0,Baseline,-0.8842208,0.31270766,0.09006719,5.5913615e-06,-2.8276274
95204,-28.5,Baseline,-0.87098527,0.30861586,0.08617991,0.00010386609,-2.822231
95204,-28.0,Baseline,-0.85736966,0.30442375,0.0822287,0.0011754754,-2.816369
95204,-27.5,Baseline,-0.84337664,0.3001314,0.078218274,0.008560677,-2.8100245
95204,-27.0,Baseline,-0.82900894,0.2957378,0.07415293,0.041557856,-2.803189
95204,-26.5,Baseline,-0.8142719,0.29124328,0.07003777,0.13579866,-2.795848
95204,-26.0,Baseline,-0.79917073,0.28664896,0.06587769,0.30105036,-2.787977
95204,-25.5,Baseline,-0.78371525,0.2819586,0.061678477,0.48264524,-2.77954
95204,-25.0,Baseline,-0.7679198,0.27717742,0.057446204,0.6239241,-2.770499
95204,-24.5,Baseline,-0.75179994,0.2723134,0.053188004,0.7148788,-2.7607896
95204,-24.0,Baseline,-0.73537624,0.26737568,0.048910964,0.7681411,-2.7503483
95204,-23.5,Baseline,-0.7186689,0.26237482,0.044622682,0.7965232,-2.7390924
95204,-23.0,Baseline,-0.7017025,0.25732186,0.040330935,0.8081422,-2.7269447
95204,-22.5,Baseline,-0.6845018,0.25222746,0.03604365,0.8073204,-2.7138276
95204,-22.0,Baseline,-0.6671016,0.2471016,0.031769864,0.79612696,-2.6997058
95204,-21.5,Baseline,-0.6495459,0.24195178,0.027520305,0.77630764,-2.684609
95204,-21.0,Baseline,-0.6319002,0.23678301,0.023309028,0.7515153,-2.6686888
95204,-20.5,Baseline,-0.61425275,0.23159724,0.01915434,0.72942233,-2.6522455
95204,-20.0,Baseline,-0.5967072,0.22639541,0.01507743,0.7201911,-2.635686
95204,-19.5,Baseline,-0.5793457,0.22117923,0.011095142,0.7291243,-2.6193495
95204,-19.0,Baseline,-0.5622055,0.21595319,0.00721848,0.75019497,-2.6033673
95204,-18.5,Baseline,-0.54527307,0.21072394,0.0034556328,0.77146244,-2.587618
95204,-18.0,Baseline,-0.5285001,0.20549162,-0.00018858313,0.78633475,-2.5718815
95204,-17.5,Baseline,-0.51184654,0.20024315,-0.003720355,0.7981219,-2.5561252
95204,-17.0,Baseline,-0.49532312,0.19495475,-0.007151723,0.8129087,-2.540708
95204,-16.5,Baseline,-0.47897378,0.18960547,-0.010491419,0.82901704,-2.52616
95204,-16.0,Baseline,-0.46284416,0.184182,-0.013742859,0.8389753,-2.5129716
95204,-15.5,Baseline,-0.4470048,0.17868057,-0.01690349,0.83740187,-2.5016978
95204,-15.0,Baseline,-0.43160465,0.17310703,-0.019959152,0.82278293,-2.493282
95204,-14.5,Baseline,-0.41689634,0.1674676,-0.022883814,0.7963768,-2.489415
95204,-14.0,Baseline,-0.4031548,0.16175538,-0.025650078,0.76232725,-2.4923732
95204,-13.5,Baseline,-0.39059812,0.15595977,-0.028234338,0.728856,-2.50448
95204,-13.0,Baseline,-0.37933448,0.15008442,-0.030615723,0.70533925,-2.5274742
95204,-12.5,Baseline,-0.36937612,0.14414869,-0.032774936,0.69561154,-2.562466
95204,-12.0,Baseline,-0.3606959,0.13817978,-0.034686107,0.6970517,-2.6103377
95204,-11.5,Baseline,-0.3532986,0.13220721,-0.036305785,0.70538336,-2.6723096
95204,-11.0,Baseline,-0.34729636,0.12627481,-0.037561607,0.7175674,-2.7503219
95204,-10.5,Baseline,-0.34309795,0.12045665,-0.038339864,0.7312091,-2.8483107
95204,-10.0,Baseline,-0.3415489,0.11486112,-0.038494766,0.74177456,-2.9735813
95204,-9.5,Baseline,-0.34359536,0.10961055,-0.037905756,0.7425676,-3.1346924
95204,-9.0,Baseline,-0.35032833,0.10477157,-0.03646655,0.72878873,-3.3437347
95204,-8.5,Baseline,-0.36380875,0.10039603,-0.033984426,0.6966716,-3.6237364
95204,-8.0,Baseline,-0.38671717,0.09652626,-0.0302346,0.65337926,-4.0063415
95204,-7.5,Baseline,-0.41770202,0.09305069,-0.02565997,0.6268981,-4.4889727
95204,-7.0,Baseline,-0.44444704,0.08953115,-0.022676218,0.6038509,-4.964161
95204,-6.5,Baseline,-0.46476695,0.0837715,-0.023582703,0.5127618,-5.548032
95204,-6.0,Baseline,-0.48533586,0.07565588,-0.028562045,0.425532,-6.415045
95204,-5.5,Baseline,-0.4607998,0.05325195,-0.045619108,0.74448246,-8.653201
95204,-5.0,Baseline,-0.38376933,0.038164325,-0.05813366,0.9173127,-10.055709
95204,-4.5,Baseline,-0.2904268,0.0315279,-0.06829761,0.949786,-9.21174
95204,-4.0,Baseline,-0.20847854,0.028584862,-0.0742657,0.9621815,-7.2933197
95204,-3.5,Baseline,-0.12761423,0.026846124,-0.07938208,0.969703,-4.753544
95204,-3.0,Baseline,-0.046241403,0.025561111,-0.08445415,0.9729354,-1.809053
95204,-2.5,Baseline,0.03322321,0.024468672,-0.089119375,0.9710742,1.3577857
95204,-2.0,Baseline,0.10804735,0.023426194,-0.09284111,0.96469426,4.612245
95204,-1.5,Baseline,0.17943746,0.022364736,-0.09585344,0.956259,8.0232315
95204,-1.0,Baseline,0.2467023,0.020254051,-0.09626372,0.92039925,12.180392
95204,-0.5,Baseline,0.33596608,0.019593049,-0.101067826,0.94855493,17.147207
95204,0.0,Baseline,0.4044871,0.019357627,-0.10276725,0.9619444,20.89549
95204,0.5,Baseline,0.4712998,0.019094164,-0.10408676,0.9694188,24.682924
95204,1.0,Baseline,0.53427243,0.018820455,-0.10476432,0.97779024,28.38786
95204,1.5,Baseline,0.59599346,0.018649481,-0.10523287,0.9846592,31.957644
95204,2.0,Baseline,0.6563585,0.018637188,-0.10540559,0.98933697,35.217678
95204,2.5,Baseline,0.7147579,0.0187814,-0.10515229,0.9923092,38.05669
95204,3.0,Baseline,0.77099377,0.019058537,-0.1044782,0.9941043,40.453987
95204,3.5,Baseline,0.8254136,0.01944948,-0.10348302,0.99510986,42.43885
95204,4.0,Baseline,0.8786657,0.019933458,-0.10229792,0.99555224,44.07994
95204,4.5,Baseline,0.9311979,0.020488085,-0.101021625,0.9952107,45.450703
95204,5.0,Baseline,0.9831309,0.021083655,-0.099701166,0.99381155,46.63
95204,5.5,Baseline,1.034459,0.021671943,-0.09832841,0.994231,47.732635
95204,6.0,Baseline,1.084996,0.02219114,-0.09682868,0.9956357,48.893204
95204,6.5,Baseline,1.1344912,0.022590114,-0.09510781,0.99629515,50.220695
95204,7.0,Baseline,1.1824851,0.022876745,-0.093087286,0.9965,51.689396
95204,7.5,Baseline,1.2280269,0.023136737,-0.09063592,0.9964736,53.076927
95204,8.0,Baseline,1.269614,0.023475211,-0.087490514,0.99629277,54.083176
95204,8.5,Baseline,1.30445,0.02394569,-0.08324803,0.9958746,54.47536
95204,9.0,Baseline,1.3279068,0.024614364,-0.0772853,0.99491185,53.948452
95204,9.5,Baseline,1.3351134,0.025820928,-0.069281064,0.9934161,51.70664
95204,10.0,Baseline,1.3230586,0.028591754,-0.05986504,0.99128145,46.27413
95204,10.5,Baseline,1.3067946,0.03260246,-0.051376324,0.98847604,40.082703
95204,11.0,Baseline,1.3065292,0.0363533,-0.045402013,0.98739076,35.939766
95204,11.5,Baseline,1.3252192,0.03995683,-0.041588895,0.98758197,33.166275
95204,12.0,Baseline,1.3562571,0.043497566,-0.039160237,0.9887988,31.180069
95204,12.5,Baseline,1.3898249,0.047221284,-0.037261527,0.9901834,29.43217
95204,13.0,Baseline,1.4207537,0.051338464,-0.035444915,0.9910164,27.674255
95204,13.5,Baseline,1.4461006,0.05600507,-0.03340841,0.9911642,25.820887
95204,14.0,Baseline,1.4636102,0.061294094,-0.0308887,0.99060297,23.878487
95204,14.5,Baseline,1.4705727,0.06724816,-0.02778466,0.9886,21.867851
95204,15.0,Baseline,1.4603435,0.07425101,-0.024590999,0.98325205,19.667658
95204,15.5,Baseline,1.4217588,0.083821684,-0.022863,0.9685976,16.961706
95204,16.0,Baseline,1.3614458,0.09680706,-0.02463368,0.91176915,14.063497
95204,16.5,Baseline,1.2417254,0.12361477,-0.039290406,0.77385396,10.045122
95204,17.0,Baseline,1.0150084,0.18626252,-0.081862524,0.41789126,5.4493437
95204,17.5,Baseline,0.9071114,0.2017216,-0.08572402,0.18902726,4.496848
95204,18.0,Baseline,0.81875014,0.21555716,-0.08068256,0.18052876,3.7982972
95204,18.5,Baseline,0.7959836,0.22107969,-0.08010118,0.2088449,3.6004374
95204,19.0,Baseline,0.7948314,0.22518933,-0.0814574,0.24603492,3.529614
95204,19.5,Baseline,0.8027917,0.23002747,-0.084310785,0.2803349,3.489982
95204,20.0,Baseline,0.8194294,0.23558377,-0.08871542,0.3066663,3.4782932
95204,20.5,Baseline,0.8399734,0.24154687,-0.09393269,0.32424,3.477476
95204,21.0,Baseline,0.8574938,0.24766995,-0.09894801,0.3319755,3.462244
95204,21.5,Baseline,0.86825556,0.2537532,-0.10319309,0.33156767,3.4216537
95204,22.0,Baseline,0.87406313,0.25969616,-0.10686107,0.3318995,3.3657146
95204,22.5,Baseline,0.878847,0.26550508,-0.11044154,0.34175706,3.3100948
95204,23.0,Baseline,0.8847065,0.2712128,-0.114179865,0.36175656,3.2620382
95204,23.5,Baseline,0.8918621,0.27683967,-0.11807742,0.38630846,3.2215834
95204,24.0,Baseline,0.89993215,0.28239468,-0.12206707,0.4049333,3.1867886
95204,24.5,Baseline,0.9085678,0.287883,-0.12609836,0.40144575,3.1560311
95204,25.0,Baseline,0.91756487,0.29331276,-0.13014479,0.36044925,3.1282816
95204,25.5,Baseline,0.9268699,0.2986935,-0.13419965,0.27720866,3.1030803
95204,26.0,Baseline,0.9365465,0.30403447,-0.138272,0.1694361,3.0803957
95204,26.5,Baseline,0.9467497,0.30933875,-0.14238219,0.07603812,3.0605597
95204,27.0,Baseline,0.9577019,0.3146026,-0.1465595,0.023782337,3.044164
95204,27.5,Baseline,0.9696541,0.31981504,-0.15083763,0.0050649843,3.0319214
95204,28.0,Baseline,0.9828382,0.3249616,-0.15524688,0.00071656145,3.0244749
95204,28.5,Baseline,0.9974196,0.33002818,-0.15980911,6.4792825e-05,3.0222256
95204,29.0,Baseline,1.0134622,0.33500278,-0.16453157,3.5439118e-06,3.0252352
95204,29.5,Baseline,1.0309026,0.33987272,-0.1694031,1.1053148e-07,3.033202
95204,30.0,Baseline,1.0495546,0.3446284,-0.17439485,1.8321025e-09,3.0454676
97080,-30.0,Baseline,-0.9094968,0.3205853,0.097686626,2.6572866e-09,-2.8369882
97080,-29.5,Baseline,-0.89702904,0.3166923,0.09393808,1.6203393e-07,-2.832494
97080,-29.0,Baseline,-0.88417155,0.31269854,0.09011581,5.2661926e-06,-2.8275526
97080,-28.5,Baseline,-0.8709304,0.3086056,0.08622485,9.774588e-05,-2.822147
97080,-28.0,Baseline,-0.8573092,0.30441353,0.08227046,0.001105427,-2.816265
97080,-27.5,Baseline,-0.84331083,0.3001215,0.07825642,0.008047986,-2.8098981
97080,-27.0,Baseline,-0.82893777,0.29572958,0.074188404,0.03912248,-2.8030262
97080,-26.5,Baseline,-0.8141954,0.29123732,0.07007046,0.128525,-2.7956424
97080,-26.0,Baseline,-0.7990899,0.28664637,0.06590819,0.2878152,-2.7877204
97080,-25.5,Baseline,-0.7836312,0.2819594,0.061707415,0.46676365,-2.779234
97080,-25.0,Baseline,-0.7678336,0.27718222,0.057474293,0.60897046,-2.7701402
97080,-24.5,Baseline,-0.7517141,0.2723216,0.053215664,0.7020114,-2.760391
97080,-24.0,Baseline,-0.7352928,0.26738656,0.04893876,0.75713784,-2.7499244
97080,-23.5,Baseline,-0.7185924,0.26238695,0.04465083,0.78684545,-2.7386744
97080,-23.0,Baseline,-0.7016354,0.2573331,0.040359594,0.79929596,-2.726565
97080,-22.5,Baseline,-0.6844504,0.25223508,0.036072843,0.7989095,-2.7135415
97080,-22.0,Baseline,-0.6670685,0.24710308,0.03179909,0.7878181,-2.6995554
97080,-21.5,Baseline,-0.64953244,0.2419452,0.02754848,0.7677787,-2.684626
97080,-21.0,Baseline,-0.6319033,0.23676664,0.023335004,0.7423946,-2.6688867
97080,-20.5,Baseline,-0.61426544,0.2315709,0.01917689,0.7193327,-2.652602
97080,-20.0,Baseline,-0.59672177,0.22635898,0.015094912,0.7090454,-2.6361744
97080,-19.5,Baseline,-0.5793607,0.22113188,0.011107182,0.71749485,-2.6199784
97080,-19.0,Baseline,-0.56222284,0.21589336,0.007225281,0.73905784,-2.6041691
97080,-18.5,Baseline,-0.5452975,0.21064994,0.0034573018,0.7613618,-2.588643
97080,-18.0,Baseline,-0.5285363,0.20540321,-0.00019147992,0.77703696,-2.573165
97080,-17.5,Baseline,-0.51189554,0.20014061,-0.003726971,0.78915566,-2.5576794
97080,-17.0,Baseline,-0.49538624,0.1948395,-0.007161635,0.80425406,-2.5425348
97080,-16.5,Baseline,-0.4790518,0.18947813,-0.010503953,0.8209706,-2.5282695
97080,-16.0,Baseline,-0.46293518,0.18404317,-0.013757909,0.8315531,-2.515362
97080,-15.5,Baseline,-0.4471057,0.17853084,-0.016920943,0.8302635,-2.5043612
97080,-15.0,Baseline,-0.4317091,0.17294759,-0.019979376,0.81545013,-2.4961846
97080,-14.5,Baseline,-0.41699085,0.1672996,-0.022908747,0.788344,-2.4924796
97080,-14.0,Baseline,-0.4032289,0.16158055,-0.02568242,0.75312096,-2.4955287
97080,-13.5,Baseline,-0.39064062,0.15578009,-0.028277248,0.718285,-2.5076416
97080,-13.0,Baseline,-0.37934548,0.14990003,-0.030671751,0.69384205,-2.5306563
97080,-12.5,Baseline,-0.3693656,0.1439576,-0.03284523,0.68417734,-2.5657945
97080,-12.0,Baseline,-0.36067784,0.13797712,-0.034771495,0.6867021,-2.6140409
97080,-11.5,Baseline,-0.35328493,0.13198788,-0.03640642,0.69679165,-2.6766467
97080,-11.0,Baseline,-0.347303,0.12603813,-0.037676036,0.7109632,-2.7555392
97080,-10.5,Baseline,-0.343159,0.12020923,-0.038463116,0.72633356,-2.8546808
97080,-10.0,Baseline,-0.34172583,0.114611804,-0.03861738,0.7377637,-2.9815936
97080,-9.5,Baseline,-0.34395015,0.10936268,-0.03802003,0.7383098,-3.1450415
97080,-9.0,Baseline,-0.35095012,0.104523614,-0.036569707,0.7230644,-3.3576157
97080,-8.5,Baseline,-0.36486277,0.1001522,-0.034069773,0.6880686,-3.6430829
97080,-8.0,Baseline,-0.38838,0.09630376,-0.030279825,0.64203185,-4.032864
97080,-7.5,Baseline,-0.41958296,0.092891976,-0.025718506,0.61267287,-4.5168915
97080,-7.0,Baseline,-0.44571272,0.08938722,-0.022998461,0.5804223,-4.9863133
97080,-6.5,Baseline,-0.46746892,0.083232895,-0.02427576,0.480949,-5.6163964
97080,-6.0,Baseline,-0.48763138,0.07448809,-0.030383285,0.4227442,-6.5464344
97080,-5.5,Baseline,-0.4557859,0.050926097,-0.047498252,0.77206326,-8.949947
97080,-5.0,Baseline,-0.3740519,0.036976244,-0.06015088,0.9206911,-10.116006
97080,-4.5,Baseline,-0.28250605,0.03089388,-0.069676824,0.94950145,-9.144402
97080,-4.0,Baseline,-0.20195965,0.028149862,-0.075261794,0.961558,-7.1744456
97080,-3.5,Baseline,-0.121008664,0.026472677,-0.08035262,0.96898615,-4.571078
97080,-3.0,Baseline,-0.040063858,0.025215968,-0.085323945,0.9721129,-1.5888288
97080,-2.5,Baseline,0.038826406,0.024132214,-0.08986311,0.9700323,1.6089035
97080,-2.0,Baseline,0.113233685,0.023089461,-0.09347739,0.963134,4.9041286
97080,-1.5,Baseline,0.18447569,0.022011636,-0.09642714,0.95454735,8.380826
97080,-1.0,Baseline,0.25244763,0.019852767,-0.09689363,0.9164649,12.715993
97080,-0.5,Baseline,0.3421473,0.01917759,-0.10179062,0.9482045,17.840996
97080,0.0,Baseline,0.40977165,0.018919779,-0.103307344,0.96326965,21.658375
97080,0.5,Baseline,0.47562748,0.018649545,-0.10444586,0.97118485,25.503437
97080,1.0,Baseline,0.5381344,0.01838237,-0.105037965,0.9793185,29.274483
97080,1.5,Baseline,0.59962004,0.018227242,-0.105465546,0.9857303,32.896915
97080,2.0,Baseline,0.6596346,0.01823397,-0.10557836,0.9900204,36.176136
97080,2.5,Baseline,0.7175574,0.018394647,-0.10524602,0.99273103,39.009033
97080,3.0,Baseline,0.77334553,0.018683625,-0.104502365,0.9943667,41.39162
97080,3.5,Baseline,0.82746446,0.019081844,-0.10346721,0.9952826,43.363968
97080,4.0,Baseline,0.8805677,0.019569518,-0.10227235,0.99567634,44.996902
97080,4.5,Baseline,0.9330376,0.020126147,-0.10100497,0.9953003,46.359474
97080,5.0,Baseline,0.9849293,0.02072307,-0.09970032,0.9938554,47.52816
97080,5.5,Baseline,1.0361962,0.021312295,-0.098342285,0.99426115,48.619648
97080,6.0,Baseline,1.0866199,0.02183388,-0.09685028,0.99568295,49.7676
97080,6.5,Baseline,1.1359022,0.022240337,-0.09512588,0.9963463,51.073963
97080,7.0,Baseline,1.1835645,0.022541692,-0.09308902,0.9965371,52.505577
97080,7.5,Baseline,1.2287257,0.022823129,-0.09061218,0.99648595,53.836864
97080,8.0,Baseline,1.269971,0.023185315,-0.08744714,0.996283,54.774803
97080,8.5,Baseline,1.304534,0.023679182,-0.08319248,0.99584633,55.09202
97080,9.0,Baseline,1.3278723,0.02437173,-0.077236935,0.9948757,54.48412
97080,9.5,Baseline,1.3351271,0.025609214,-0.06926827,0.9933981,52.13464
97080,10.0,Baseline,1.3230209,0.028433023,-0.059877247,0.99125403,46.53114
97080,10.5,Baseline,1.3069644,0.032429475,-0.051432163,0.9886391,40.301743
97080,11.0,Baseline,1.3065081,0.036183447,-0.045484442,0.9877787,36.107895
97080,11.5,Baseline,1.324528,0.039790794,-0.041647565,0.9880832,33.287296
97080,12.0,Baseline,1.3547744,0.043312285,-0.039157767,0.98929626,31.279217
97080,12.5,Baseline,1.3877376,0.046995945,-0.037196584,0.99063605,29.52888
97080,13.0,Baseline,1.418515,0.05105065,-0.035357274,0.9914214,27.786423
97080,13.5,Baseline,1.4443052,0.055631608,-0.0333649,0.9915065,25.961952
97080,14.0,Baseline,1.4627934,0.060819883,-0.03095277,0.9909016,24.051235
97080,14.5,Baseline,1.4712795,0.06665906,-0.02796897,0.98901504,22.07171
97080,15.0,Baseline,1.4636708,0.07349862,-0.024822185,0.98408127,19.914263
97080,15.5,Baseline,1.4289386,0.08272012,-0.02296646,0.9712101,17.274378
97080,16.0,Baseline,1.3685197,0.095728286,-0.024280686,0.9241804,14.295876
97080,16.5,Baseline,1.2631232,0.11991294,-0.037571203,0.79403764,10.5336685
97080,17.0,Baseline,1.0322242,0.18234828,-0.07686935,0.48155946,5.660729
97080,17.5,Baseline,0.92976856,0.19941725,-0.087219045,0.19523892,4.662428
97080,18.0,Baseline,0.82846,0.21503542,-0.08144835,0.17588928,3.8526676
97080,18.5,Baseline,0.7977308,0.22118524,-0.080215015,0.20221215,3.6066186
97080,19.0,Baseline,0.79493374,0.22519112,-0.08137441,0.23919037,3.5300405
97080,19.5,Baseline,0.80274546,0.2298915,-0.084155135,0.27414796,3.491845
97080,20.0,Baseline,0.8196988,0.23540264,-0.08856582,0.3013044,3.4821138
97080,20.5,Baseline,0.8409799,0.24139357,-0.09387185,0.31956315,3.4838538
97080,21.0,Baseline,0.8595517,0.2475863,-0.09903505,0.3279488,3.4717257
97080,21.5,Baseline,0.87143123,0.25375682,-0.10344646,0.32819217,3.4341195
97080,22.0,Baseline,0.8781716,0.25978118,-0.10726102,0.3289149,3.380428
97080,22.5,Baseline,0.8836172,0.26564825,-0.11095293,0.33867344,3.326268
97080,23.0,Baseline,0.8899356,0.27139068,-0.11477487,0.358051,3.279168
97080,23.5,Baseline,0.8974652,0.2770353,-0.118743494,0.3815846,3.239534
97080,24.0,Baseline,0.9058858,0.2825958,-0.12280025,0.39899158,3.2055883
97080,24.5,Baseline,0.91487557,0.2880808,-0.12689832,0.39418453,3.1757603
97080,25.0,Baseline,0.92423636,0.2934999,-0.13101244,0.35195103,3.1490178
97080,25.5,Baseline,0.9338974,0.29886532,-0.13513389,0.26833248,3.1248102
97080,26.0,Baseline,0.9439045,0.30418906,-0.13926925,0.16214666,3.1030192
97080,26.5,Baseline,0.9543967,0.30947918,-0.14343646,0.071919344,3.0838802
97080,27.0,Baseline,0.9655976,0.31473404,-0.1476648,0.022286903,3.0679796
97080,27.5,Baseline,0.97777337,0.31994474,-0.15198931,0.00471725,3.0560696
97080,28.0,Baseline,0.9911846,0.32509708,-0.15644506,0.00066473073,3.048888
97080,28.5,Baseline,1.0060248,0.33017552,-0.16105719,5.995427e-05,3.0469396
97080,29.0,Baseline,1.0223696,0.33516496,-0.16583472,3.2741254e-06,3.0503476
97080,29.5,Baseline,1.04016,0.34005234,-0.17076696,1.0202429e-07,3.058823
97080,30.0,Baseline,1.0591867,0.3448258,-0.17582221,1.6902892e-09,3.0716572
98503,-30.0,Baseline,-0.9094684,0.3205834,0.097728334,2.549159e-09,-2.8369167
98503,-29.5,Baseline,-0.8969959,0.31668854,0.09397693,1.5537407e-07,-2.832423
98503,-29.0,Baseline,-0.88413256,0.31269303,0.090151824,5.0470817e-06,-2.8274777
98503,-28.5,Baseline,-0.8708854,0.3085987,0.08625821,9.363306e-05,-2.8220644
98503,-28.0,Baseline,-0.8572583,0.3044058,0.0823008,0.0010584173,-2.8161695
98503,-27.5,Baseline,-0.84325504,0.30011404,0.078284405,0.0077041173,-2.809782
98503,-27.0,Baseline,-0.82887757,0.29572287,0.07421368,0.037484087,-2.8028862
98503,-26.5,Baseline,-0.8141309,0.2912321,0.07009367,0.12358269,-2.795471
98503,-26.0,Baseline,-0.7990217,0.28664294,0.06592965,0.27864638,-2.7875159
98503,-25.5,Baseline,-0.7835597,0.28195852,0.061727393,0.4555306,-2.778989
98503,-25.0,Baseline,-0.76775956,0.27718395,0.05749324,0.5982101,-2.7698557
98503,-24.5,Baseline,-0.7516395,0.27232596,0.05323402,0.69265014,-2.7600727
98503,-24.0,Baseline,-0.73521936,0.26739293,0.048957072,0.7490774,-2.7495842
98503,-23.5,Baseline,-0.7185223,0.26239446,0.044669304,0.7797358,-2.738329
98503,-23.0,Baseline,-0.7015724,0.25734007,0.040378474,0.7927966,-2.7262464
98503,-22.5,Baseline,-0.68439794,0.2522404,0.036091972,0.7927478,-2.7132766
98503,-22.0,Baseline,-0.66703,0.2471042,0.031818338,0.7817603,-2.6993876
98503,-21.5,Baseline,-0.6495095,0.24194025,0.027567565,0.7615947,-2.6845863
98503,-21.0,Baseline,-0.6318935,0.23675483,0.023352945,0.7358145,-2.6689782
98503,-20.5,Baseline,-0.6142658,0.23155159,0.019192243,0.7120657,-2.6528249
98503,-20.0,Baseline,-0.5967261,0.22633189,0.015106785,0.70098335,-2.6365092
98503,-19.5,Baseline,-0.5793655,0.22109704,0.011115176,0.7090156,-2.6204128
98503,-19.0,Baseline,-0.5622294,0.21584956,0.007229197,0.730875,-2.604728
98503,-18.5,Baseline,-0.5453077,0.21059611,0.003457588,0.753917,-2.589353
98503,-18.0,Baseline,-0.52855456,0.20533882,-0.00019466877,0.77019244,-2.5740604
98503,-17.5,Baseline,-0.51192373,0.20006609,-0.0037331283,0.7825599,-2.558773
98503,-17.0,Baseline,-0.49542487,0.19475521,-0.0071699857,0.7978719,-2.5438337
98503,-16.5,Baseline,-0.47910157,0.18938482,-0.010514438,0.8150094,-2.529778
98503,-16.0,Baseline,-0.46299678,0.1839414,-0.013770187,0.8260307,-2.5170887
98503,-15.5,Baseline,-0.4471764,0.17842102,-0.01693483,0.8249365,-2.5062988
98503,-15.0,Baseline,-0.43178502,0.17283024,-0.019995183,0.8099822,-2.4983187
98503,-14.5,Baseline,-0.41706568,0.16717571,-0.022927236,0.7823862,-2.4947743
98503,-14.0,Baseline,-0.40329337,0.16145162,-0.025705617,0.7463506,-2.4979208
98503,-13.5,Baseline,-0.39068556,0.15564734,-0.028307533,0.7105662,-2.510069
98503,-13.0,Baseline,-0.3793695,0.1497639,-0.03071124,0.6854808,-2.533117
98503,-12.5,Baseline,-0.36937365,0.14381632,-0.032895274,0.6758906,-2.5683708
98503,-12.0,Baseline,-0.36067772,0.1378269,-0.034832586,0.6792506,-2.616889
98503,-11.5,Baseline,-0.35328567,0.13182488,-0.036478586,0.69067985,-2.679962
98503,-11.0,Baseline,-0.3473144,0.1258625,-0.03775813,0.7063573,-2.7594748
98503,-10.5,Baseline,-0.3432081,0.12002578,-0.0385514,0.72301555,-2.8594532
98503,-10.0,Baseline,-0.34185997,0.11442691,-0.03870523,0.7350412,-2.9875836
98503,-9.5,Baseline,-0.34421834,0.109178275,-0.03810238,0.73530775,-3.1528099
98503,-9.0,Baseline,-0.35142544,0.10433874,-0.03664446,0.71879804,-3.3681204
98503,-8.5,Baseline,-0.3656736,0.09997141,-0.03412972,0.68148106,-3.6577816
98503,-8.0,Baseline,-0.3896477,0.096143425,-0.030305613,0.6333353,-4.0527754
98503,-7.5,Baseline,-0.42095792,0.09278666,-0.025759524,0.6014976,-4.5368366
98503,-7.0,Baseline,-0.44664344,0.08927649,-0.023253243,0.5619474,-5.0029235
98503,-6.5,Baseline,-0.46969318,0.08277974,-0.024818355,0.45777026,-5.674011
98503,-6.0,Baseline,-0.48893982,0.07349962,-0.031856887,0.42521292,-6.652277
98503,-5.5,Baseline,-0.45141163,0.04926832,-0.048953574,0.7907859,-9.162311
98503,-5.0,Baseline,-0.36671925,0.036129907,-0.061646573,0.92281044,-10.150019
98503,-4.5,Baseline,-0.2770419,0.030445648,-0.07061063,0.949238,-9.099557
98503,-4.0,Baseline,-0.197158,0.02783329,-0.07599077,0.96106935,-7.083532
98503,-3.5,Baseline,-0.11618373,0.026199918,-0.08105973,0.96843183,-4.4345074
98503,-3.0,Baseline,-0.035588652,0.02496244,-0.08595131,0.9714821,-1.425688
98503,-2.5,Baseline,0.042901278,0.0238837,-0.09040123,0.9692425,1.7962576
98503,-2.0,Baseline,0.117039666,0.022839637,-0.09394343,0.96197647,5.12441
98503,-1.5,Baseline,0.18820344,0.021748228,-0.09685427,0.9533533,8.653737
98503,-1.0,Baseline,0.25665635,0.019558243,-0.097361386,0.91378075,13.122668
98503,-0.5,Baseline,0.34661832,0.018871717,-0.102313876,0.94807273,18.367079
98503,0.0,Baseline,0.41348976,0.018600352,-0.103681505,0.9643336,22.230211
98503,0.5,Baseline,0.47866523,0.018328356,-0.1046931,0.9724726,26.116104
98503,1.0,Baseline,0.5408635,0.018068502,-0.105229236,0.98036826,29.934055
98503,1.5,Baseline,0.6021509,0.017926686,-0.105622604,0.98643714,33.58964
98503,2.0,Baseline,0.6618663,0.017947923,-0.10568391,0.99045885,36.87704
98503,2.5,Baseline,0.7194309,0.018120348,-0.10529169,0.9929958,39.70293
98503,3.0,Baseline,0.77491385,0.018417414,-0.104500994,0.9945281,42.07506
98503,3.5,Baseline,0.8288436,0.01882037,-0.103442885,0.9953875,44.039707
98503,4.0,Baseline,0.8818634,0.019310314,-0.10224594,0.9957504,45.668
98503,4.5,Baseline,0.93430084,0.019868193,-0.100987874,0.99535,47.024952
98503,5.0,Baseline,0.9861649,0.020465983,-0.099696144,0.9938684,48.185562
98503,5.5,Baseline,1.0373871,0.021055674,-0.09834892,0.9942675,49.26877
98503,6.0,Baseline,1.087725,0.02157873,-0.096861646,0.99570787,50.40728
98503,6.5,Baseline,1.1368462,0.021990031,-0.09513269,0.9963766,51.698254
98503,7.0,Baseline,1.1842704,0.022301182,-0.09308265,0.9965586,53.10348
98503,7.5,Baseline,1.2291684,0.022597134,-0.0905877,0.99649173,54.394882
98503,8.0,Baseline,1.270185,0.022975564,-0.08741032,0.9962748,55.284172
98503,8.5,Baseline,1.3045678,0.02348555,-0.083148584,0.99582493,55.54768
98503,9.0,Baseline,1.3278422,0.024194663,-0.07720068,0.994848,54.881615
98503,9.5,Baseline,1.3351405,0.025454374,-0.06925795,0.99338114,52.4523
98503,10.0,Baseline,1.3230052,0.028316407,-0.05988605,0.99122614,46.722214
98503,10.5,Baseline,1.307137,0.03230158,-0.051478587,0.9887523,40.46666
98503,11.0,Baseline,1.3065504,0.036060087,-0.04555263,0.9880498,36.23259
98503,11.5,Baseline,1.3240668,0.039671365,-0.041698735,0.9884333,33.37588
98503,12.0,Baseline,1.3537002,0.043179918,-0.039162338,0.9896415,31.350225
98503,12.5,Baseline,1.3861909,0.04683554,-0.037153594,0.9909492,29.596987
98503,13.0,Baseline,1.4168241,0.050845586,-0.035293885,0.9917054,27.865232
98503,13.5,Baseline,1.4429035,0.055363603,-0.03332774,0.9917522,26.062313
98503,14.0,Baseline,1.462068,0.060476754,-0.03098977,0.9911135,24.175701
98503,14.5,Baseline,1.4716096,0.06623121,-0.028096464,0.9893014,22.219276
98503,15.0,Baseline,1.4658241,0.07295141,-0.024990732,0.98465526,20.093157
98503,15.5,Baseline,1.4339664,0.081922136,-0.023050258,0.9729221,17.504017
98503,16.0,Baseline,1.3739601,0.09490663,-0.02411651,0.9320601,14.476967
98503,16.5,Baseline,1.2789402,0.117036395,-0.036334313,0.80913335,10.927713
98503,17.0,Baseline,1.050149,0.17747937,-0.072406754,0.53238213,5.91702
98503,17.5,Baseline,0.9472299,0.19766441,-0.08832066,0.20256427,4.792112
98503,18.0,Baseline,0.83773005,0.21449497,-0.082223296,0.17290221,3.905593
98503,18.5,Baseline,0.79990315,0.22125892,-0.0804099,0.19741456,3.6152356
98503,19.0,Baseline,0.7953497,0.22520797,-0.081368424,0.23410206,3.5316234
98503,19.5,Baseline,0.802892,0.22979489,-0.08407475,0.26949048,3.4939508
98503,20.0,Baseline,0.8200015,0.23526192,-0.088476576,0.29727355,3.4854834
98503,20.5,Baseline,0.8417593,0.24126676,-0.09383632,0.3160858,3.4889154
98503,21.0,Baseline,0.8610431,0.2475071,-0.09909817,0.3249964,3.4788623
98503,21.5,Baseline,0.873708,0.25374144,-0.10362607,0.32575887,3.4433005
98503,22.0,Baseline,0.88114643,0.259828,-0.107549295,0.32680407,3.3912683
98503,22.5,Baseline,0.88710785,0.2657419,-0.111326836,0.33652326,3.3382308
98503,23.0,Baseline,0.89379174,0.27151442,-0.11521437,0.35549292,3.2918758
98503,23.5,Baseline,0.90160793,0.27717564,-0.119236946,0.37834316,3.2528398
98503,24.0,Baseline,0.91029406,0.28274378,-0.12334423,0.39494276,3.2195015
98503,24.5,Baseline,0.919554,0.28822908,-0.12749282,0.38925233,3.1903582
98503,25.0,Baseline,0.9291932,0.29364234,-0.13165864,0.34617555,3.1643705
98503,25.5,Baseline,0.9391368,0.2989976,-0.13583252,0.26229063,3.140951
98503,26.0,Baseline,0.94941634,0.30431017,-0.14001846,0.1571998,3.119897
98503,26.5,Baseline,0.9601593,0.3095893,-0.14423297,0.06913935,3.101397
98503,27.0,Baseline,0.9715847,0.3148368,-0.14850478,0.02128016,3.0859947
98503,27.5,Baseline,0.983962,0.32004508,-0.15286914,0.0044832104,3.074448
98503,28.0,Baseline,0.9975677,0.3252004,-0.1573631,0.00062984263,3.0675476
98503,28.5,Baseline,1.0126171,0.3302862,-0.16201484,5.6696117e-05,3.0658777
98503,29.0,Baseline,1.0292016,0.33528635,-0.16683534,3.092454e-06,3.06962
98503,29.5,Baseline,1.047259,0.34018672,-0.17181413,9.629425e-08,3.0784829
98503,30.0,Baseline,1.0665643,0.34497374,-0.17691654,1.5948215e-09,3.091726
99459,-30.0,Baseline,-0.90944993,0.32058302,0.09775615,2.482094e-09,-2.8368626
99459,-29.5,Baseline,-0.89697313,0.31668657,0.09400294,1.5124368e-07,-2.8323686
99459,-29.0,Baseline,-0.8841065,0.31268975,0.090175994,4.9115174e-06,-2.827424
99459,-28.5,Baseline,-0.8708546,0.30859452,0.08628024,9.109145e-05,-2.822003
99459,-28.0,Baseline,-0.85722303,0.3044012,0.0823209,0.00102939,-2.8160963
99459,-27.5,Baseline,-0.84321505,0.30010903,0.078302555,0.0074918903,-2.8096957
99459,-27.0,Baseline,-0.82883424,0.29571822,0.07423007,0.036471464,-2.8027837
99459,-26.5,Baseline,-0.8140842,0.2912281,0.07010849,0.12050841,-2.7953491
99459,-26.0,Baseline,-0.7989719,0.28664023,0.06594312,0.272881,-2.7873683
99459,-25.5,Baseline,-0.7835081,0.28195733,0.061739832,0.44836447,-2.7788181
99459,-25.0,Baseline,-0.7677065,0.27718407,0.0575049,0.591265,-2.769663
99459,-24.5,Baseline,-0.75158584,0.27232793,0.053245217,0.6865534,-2.759856
99459,-24.0,Baseline,-0.7351661,0.26739618,0.04896807,0.7438064,-2.7493515
99459,-23.5,Baseline,-0.7184712,0.26239845,0.04468049,0.7750725,-2.7380924
99459,-23.0,Baseline,-0.7015251,0.25734425,0.040389746,0.7885331,-2.7260182
99459,-22.5,Baseline,-0.6843572,0.25224328,0.036103647,0.788711,-2.713084
99459,-22.0,Baseline,-0.6669978,0.24710473,0.03183021,0.7778056,-2.6992514
99459,-21.5,Baseline,-0.64948744,0.24193713,0.02757926,0.75757307,-2.6845298
99459,-21.0,Baseline,-0.6318815,0.23674706,0.023363858,0.73155105,-2.6690152
99459,-20.5,Baseline,-0.6142607,0.23153867,0.01920182,0.7073642,-2.6529508
99459,-20.0,Baseline,-0.596725,0.22631413,0.015114242,0.6957564,-2.6367111
99459,-19.5,Baseline,-0.5793656,0.2210739,0.011119897,0.70348734,-2.6206875
99459,-19.0,Baseline,-0.5622306,0.21582095,0.00723151,0.7255118,-2.6050787
99459,-18.5,Baseline,-0.5453121,0.21056081,0.0034572245,0.74902505,-2.5898082
99459,-18.0,Baseline,-0.5285631,0.20529673,-0.00019736886,0.765698,-2.5746298
99459,-17.5,Baseline,-0.5119386,0.20001726,-0.0037375868,0.77823174,-2.559472
99459,-17.0,Baseline,-0.4954458,0.1947001,-0.0071761906,0.7936772,-2.544661
99459,-16.5,Baseline,-0.47913003,0.18932378,-0.010521924,0.81107956,-2.530744
99459,-16.0,Baseline,-0.46303356,0.1838746,-0.01377886,0.82237715,-2.5182028
99459,-15.5,Baseline,-0.44722092,0.17834893,-0.016944308,0.8214048,-2.5075617
99459,-15.0,Baseline,-0.43183565,0.17275316,-0.02000584,0.8063578,-2.4997265
99459,-14.5,Baseline,-0.41711703,0.16709438,-0.022939604,0.77845204,-2.496296
99459,-14.0,Baseline,-0.4033397,0.1613668,-0.025720607,0.7419056,-2.499521
99459,-13.5,Baseline,-0.3907224,0.15555997,-0.028326755,0.705526,-2.5117154
99459,-13.0,Baseline,-0.3793922,0.14967416,-0.030736435,0.6800386,-2.5347877
99459,-12.5,Baseline,-0.36938563,0.14372306,-0.032927334,0.67051095,-2.5701208
99459,-12.0,Baseline,-0.3606846,0.13772763,-0.034871854,0.6744361,-2.6188252
99459,-11.5,Baseline,-0.3532917,0.13171694,-0.0365251,0.68676376,-2.682204
99459,-11.0,Baseline,-0.34732488,0.12574635,-0.03781127,0.7034485,-2.762107
99459,-10.5,Baseline,-0.34324262,0.119904615,-0.03860847,0.7209578,-2.8626306
99459,-10.0,Baseline,-0.34195083,0.11430448,-0.038761895,0.73335326,-2.9915786
99459,-9.5,Baseline,-0.3444,0.109056085,-0.038155667,0.73338675,-3.158008
99459,-9.0,Baseline,-0.35174754,0.104216054,-0.036692984,0.71595263,-3.3751762
99459,-8.5,Baseline,-0.3662253,0.09985193,-0.03416749,0.67701805,-3.6676838
99459,-8.0,Baseline,-0.39050242,0.096040055,-0.030318862,0.62744516,-4.066037
99459,-7.5,Baseline,-0.42185622,0.092723235,-0.025785735,0.5937992,-4.549628
99459,-7.0,Baseline,-0.44726437,0.089199305,-0.02342982,0.5492545,-5.0142136
99459,-6.5,Baseline,-0.47127157,0.08245261,-0.025192756,0.44280428,-5.715666
99459,-6.0,Baseline,-0.48955333,0.07277569,-0.032884236,0.42920047,-6.7268796
99459,-5.5,Baseline,-0.44821677,0.048206523,-0.04994431,0.80227226,-9.297845
99459,-5.0,Baseline,-0.3618971,0.03558861,-0.0626201,0.92404604,-10.168902
99459,-4.5,Baseline,-0.27358603,0.030158717,-0.07119299,0.94904286,-9.071541
99459,-4.0,Baseline,-0.19399525,0.0276268,-0.07646929,0.9607367,-7.021995
99459,-3.5,Baseline,-0.11303234,0.026021527,-0.08152068,0.9680569,-4.343801
99459,-3.0,Baseline,-0.03267792,0.024795856,-0.08635807,0.9710571,-1.3178782
99459,-2.5,Baseline,0.04556179,0.023719791,-0.090751454,0.96871424,1.9208344
99459,-2.0,Baseline,0.11954141,0.022674339,-0.0942495,0.9612158,5.272101
99459,-1.5,Baseline,0.19066575,0.021573339,-0.097137704,0.9526057,8.838027
99459,-1.0,Baseline,0.25939864,0.019364953,-0.09766799,0.9121373,13.395263
99459,-0.5,Baseline,0.34951192,0.018670859,-0.10265205,0.9480405,18.719648
99459,0.0,Baseline,0.415854,0.018391967,-0.10391657,0.96506184,22.610632
99459,0.5,Baseline,0.48059893,0.018120166,-0.10484842,0.97330385,26.522877
99459,1.0,Baseline,0.54260576,0.0178662,-0.10535008,0.9810208,30.37052
99459,1.5,Baseline,0.6037467,0.017733749,-0.10571823,0.9868656,34.04507
99459,2.0,Baseline,0.6632503,0.017764624,-0.10574289,0.99072003,37.335457
99459,2.5,Baseline,0.72058016,0.017944552,-0.10531124,0.99315095,40.15593
99459,3.0,Baseline,0.7758751,0.018246617,-0.10449209,0.9946215,42.521587
99459,3.5,Baseline,0.82969606,0.018652411,-0.10342165,0.9954472,44.48197
99459,4.0,Baseline,0.8826715,0.01914367,-0.10222546,0.99579215,46.107742
99459,4.5,Baseline,0.9350904,0.019702287,-0.10097474,0.9953759,47.46101
99459,5.0,Baseline,0.98693985,0.02030056,-0.09969212,0.9938684,48.616386
99459,5.5,Baseline,1.038131,0.020890467,-0.09835167,0.9942644,49.694008
99459,6.0,Baseline,1.0884107,0.02141431,-0.09686681,0.99571985,50.82633
99459,6.5,Baseline,1.1374263,0.021828473,-0.095134236,0.996393,52.10746
99459,7.0,Baseline,1.1846964,0.022145625,-0.09307514,0.9965702,53.49573
99459,7.5,Baseline,1.2294295,0.02245062,-0.09056871,0.9964941,54.761494
99459,8.0,Baseline,1.2703046,0.022839213,-0.08738397,0.9962691,55.619453
99459,8.5,Baseline,1.3045795,0.023359321,-0.08311838,0.9958106,55.848347
99459,9.0,Baseline,1.327821,0.024078852,-0.07717654,0.99482924,55.1447
99459,9.5,Baseline,1.3351493,0.02535299,-0.06925084,0.99336857,52.6624
99459,10.0,Baseline,1.3230002,0.028239818,-0.059891928,0.9912048,46.84875
99459,10.5,Baseline,1.3072729,0.03221731,-0.051511694,0.9888237,40.576725
99459,11.0,Baseline,1.3066055,0.03597972,-0.045601286,0.98822147,36.315052
99459,11.5,Baseline,1.3237879,0.039593995,-0.041736387,0.988655,33.43406
99459,12.0,Baseline,1.3530037,0.043094657,-0.03916876,0.9898589,31.39609
99459,12.5,Baseline,1.3851714,0.046732694,-0.037127912,0.9911457,29.640306
99459,13.0,Baseline,1.4156966,0.050714023,-0.035253443,0.9918848,27.915289
99459,13.5,Baseline,1.4419451,0.055190798,-0.03330171,0.9919098,26.126549
99459,14.0,Baseline,1.4615343,0.060254134,-0.03100953,0.99124956,24.256166
99459,14.5,Baseline,1.47174,0.06595276,-0.028176252,0.98948133,22.315062
99459,15.0,Baseline,1.4671016,0.07259519,-0.025100578,0.9850181,20.20935
99459,15.5,Baseline,1.4371307,0.08140472,-0.02310885,0.97396415,17.654144
99459,16.0,Baseline,1.377722,0.0943332,-0.024036834,0.93670684,14.604848
99459,16.5,Baseline,1.2894317,0.11505067,-0.035477962,0.819341,11.207511
99459,17.0,Baseline,1.0645604,0.17345804,-0.06926476,0.56637365,6.137279
99459,17.5,Baseline,0.95868975,0.19654235,-0.08899671,0.20897785,4.877777
99459,18.0,Baseline,0.8449222,0.21405149,-0.08284028,0.17117397,3.947285
99459,18.5,Baseline,0.80184996,0.22130235,-0.08060269,0.19430344,3.6233234
99459,19.0,Baseline,0.79583734,0.22522746,-0.081397764,0.23073253,3.5334828
99459,19.5,Baseline,0.8031112,0.22973451,-0.08404353,0.26637387,3.4958231
99459,20.0,Baseline,0.8202853,0.23516704,-0.08843284,0.29457363,3.4880965
99459,20.5,Baseline,0.8423273,0.2411776,-0.09382271,0.31377268,3.4925601
99459,21.0,Baseline,0.86204475,0.24744743,-0.0991439,0.3230479,3.4837492
99459,21.5,Baseline,0.8752095,0.25372276,-0.103745386,0.32417232,3.449472
99459,22.0,Baseline,0.8831058,0.25985122,-0.1077397,0.3254486,3.3985057
99459,22.5,Baseline,0.88941765,0.26579833,-0.111575365,0.33515728,3.3462124
99459,23.0,Baseline,0.8963545,0.27159232,-0.115507625,0.35387683,3.3003676
99459,23.5,Baseline,0.904365,0.27726638,-0.11956648,0.3763096,3.261719
99459,24.0,Baseline,0.91322976,0.28284067,-0.12370739,0.39242104,3.2287781
99459,24.5,Baseline,0.9226697,0.28832728,-0.12789005,0.38619316,3.2000778
99459,25.0,Baseline,0.9324977,0.29373798,-0.13209052,0.3425951,3.17459
99459,25.5,Baseline,0.94263357,0.29908806,-0.13629986,0.25854704,3.1516924
99459,26.0,Baseline,0.9531046,0.3043929,-0.14052114,0.15413775,3.1311657
99459,26.5,Baseline,0.9640281,0.30966502,-0.14476915,0.0674218,3.113132
99459,27.0,Baseline,0.9756164,0.31490728,-0.14907165,0.020659516,3.0981069
99459,27.5,Baseline,0.98814446,0.32011354,-0.15346484,0.004338955,3.0868561
99459,28.0,Baseline,1.0018919,0.32526997,-0.1579858,0.00060832896,3.0801857
99459,28.5,Baseline,1.0170894,0.33036023,-0.1626652,5.4685665e-05,3.0787282
99459,29.0,Baseline,1.0338354,0.33536765,-0.16751474,2.9803555e-06,3.0826926
99459,29.5,Baseline,1.0520695,0.34027636,-0.17252414,9.276191e-08,3.091809
99459,30.0,Baseline,1.0715554,0.34507206,-0.17765746,1.5359438e-09,3.105309
99940,-30.0,Baseline,-0.90944064,0.32058293,0.09777008,2.4498756e-09,-2.8368342
99940,-29.5,Baseline,-0.89696145,0.3166855,0.09401592,1.4926312e-07,-2.8323414
99940,-29.0,Baseline,-0.88409215,0.3126882,0.09018797,4.846618e-06,-2.827392
99940,-28.5,Baseline,-0.87083876,0.30859268,0.08629133,8.987555e-05,-2.8219683
99940,-28.0,Baseline,-0.8572054,0.30439872,0.08233087,0.0010155012,-2.816061
99940,-27.5,Baseline,-0.8431946,0.30010644,0.07831152,0.007390411,-2.8096519
99940,-27.0,Baseline,-0.8288115,0.29571575,0.07423828,0.035986483,-2.8027303
99940,-26.5,Baseline,-0.8140596,0.29122606,0.07011574,0.11903094,-2.7952843
99940,-26.0,Baseline,-0.79894596,0.2866386,0.06594969,0.27009073,-2.787294
99940,-25.5,Baseline,-0.7834809,0.28195643,0.061745726,0.44486806,-2.7787304
99940,-25.0,Baseline,-0.7676786,0.27718428,0.057510477,0.58785444,-2.7695606
99940,-24.5,Baseline,-0.7515576,0.2723285,0.0532506,0.68354493,-2.7597463
99940,-24.0,Baseline,-0.7351376,0.26739752,0.04897318,0.7411949,-2.749231
99940,-23.5,Baseline,-0.71844333,0.2624001,0.044685718,0.77275956,-2.7379692
99940,-23.0,Baseline,-0.70150006,0.2573459,0.04039513,0.7864193,-2.7259033
99940,-22.5,Baseline,-0.68433535,0.2522446,0.03610925,0.78671163,-2.7129831
99940,-22.0,Baseline,-0.66697973,0.24710485,0.031835742,0.77584875,-2.699177
99940,-21.5,Baseline,-0.64947426,0.2419355,0.027584761,0.7555892,-2.6844933
99940,-21.0,Baseline,-0.6318736,0.2367431,0.023369145,0.7294533,-2.6690264
99940,-20.5,Baseline,-0.614257,0.23153232,0.019206364,0.7050536,-2.6530075
99940,-20.0,Baseline,-0.59672356,0.22630529,0.015117735,0.6931835,-2.636808
99940,-19.5,Baseline,-0.5793649,0.2210624,0.011122239,0.70075774,-2.6208205
99940,-19.0,Baseline,-0.5622301,0.21580654,0.007232398,0.7228557,-2.6052506
99940,-18.5,Baseline,-0.5453135,0.21054344,0.00345698,0.7465984,-2.5900283
99940,-18.0,Baseline,-0.52856624,0.20527592,-0.00019880533,0.7634692,-2.574906
99940,-17.5,Baseline,-0.5119443,0.19999318,-0.0037400364,0.7760865,-2.5598087
99940,-17.0,Baseline,-0.49545512,0.19467291,-0.0071794214,0.79159653,-2.5450644
99940,-16.5,Baseline,-0.479143,0.18929362,-0.010525852,0.80912596,-2.5312157
99940,-16.0,Baseline,-0.46305117,0.18384151,-0.013783252,0.8205575,-2.5187519
99940,-15.5,Baseline,-0.44724303,0.17831323,-0.016949331,0.8196434,-2.5081878
99940,-15.0,Baseline,-0.4318594,0.17271489,-0.020011347,0.8045499,-2.500418
99940,-14.5,Baseline,-0.41714194,0.16705407,-0.022945875,0.77649385,-2.4970474
99940,-14.0,Baseline,-0.40336347,0.16132468,-0.025728147,0.7397007,-2.500321
99940,-13.5,Baseline,-0.39074147,0.15551655,-0.028336281,0.703034,-2.5125394
99940,-13.0,Baseline,-0.3794061,0.1496296,-0.03074879,0.6773537,-2.5356355
99940,-12.5,Baseline,-0.36939397,0.14367667,-0.03294307,0.6678619,-2.5710087
99940,-12.0,Baseline,-0.36068997,0.13767803,-0.034891117,0.6720715,-2.6198077
99940,-11.5,Baseline,-0.35329574,0.13166311,-0.036547877,0.68485063,-2.6833313
99940,-11.0,Baseline,-0.3473312,0.12568848,-0.037837286,0.70203954,-2.7634292
99940,-10.5,Baseline,-0.34326038,0.11984423,-0.038636398,0.7199714,-2.864221
99940,-10.0,Baseline,-0.34199697,0.11424348,-0.0387896,0.73254377,-2.9935799
99940,-9.5,Baseline,-0.34449124,0.108995125,-0.038181778,0.7324462,-3.1606114
99940,-9.0,Baseline,-0.35191077,0.1041547,-0.036716938,0.71452403,-3.3787315
99940,-8.5,Baseline,-0.3665055,0.09979255,-0.0341857,0.6747588,-3.6726742
99940,-8.0,Baseline,-0.3909337,0.095989354,-0.03032422,0.62446487,-4.0726776
99940,-7.5,Baseline,-0.42230028,0.09269349,-0.025798643,0.58986866,-4.555878
99940,-7.0,Baseline,-0.4475765,0.08915925,-0.02352033,0.5427959,-5.019967
99940,-6.5,Baseline,-0.47209,0.08228099,-0.0253845,0.43548554,-5.737534
99940,-6.0,Baseline,-0.48976895,0.07239017,-0.033410914,0.4319366,-6.765683
99940,-5.5,Baseline,-0.44653708,0.047687657,-0.05044626,0.8077245,-9.363788
99940,-5.0,Baseline,-0.3595158,0.03532461,-0.06309796,0.9246147,-10.177487
99940,-4.5,Baseline,-0.2719036,0.0300184,-0.07147429,0.94894004,-9.057898
99940,-4.0,Baseline,-0.19242266,0.027524741,-0.07670681,0.9605685,-6.990898
99940,-3.5,Baseline,-0.111472726,0.025933202,-0.081748515,0.9678679,-4.2984557
99940,-3.0,Baseline,-0.031240433,0.024713136,-0.08655856,0.970843,-1.2641226
99940,-2.5,Baseline,0.04687819,0.023638224,-0.09092449,0.9684497,1.9831519
99940,-2.0,Baseline,0.120783865,0.022591934,-0.09440149,0.96083903,5.346327
99940,-1.5,Baseline,0.19189204,0.02148598,-0.09727931,0.95224714,8.931035
99940,-1.0,Baseline,0.2607508,0.01926907,-0.09781949,0.91136134,13.532091
99940,-0.5,Baseline,0.35093412,0.018571243,-0.102818094,0.9480397,18.89664
99940,0.0,Baseline,0.41700482,0.018289013,-0.10403019,0.9654298,22.800838
99940,0.5,Baseline,0.48154083,0.018017706,-0.10492347,0.9737104,26.725979
99940,1.0,Baseline,0.5434548,0.017766945,-0.105408594,0.98133355,30.587973
99940,1.5,Baseline,0.60451865,0.017639302,-0.10576334,0.9870682,34.271122
99940,2.0,Baseline,0.66391313,0.017674975,-0.10576896,0.9908422,37.562325
99940,2.5,Baseline,0.7211268,0.01785855,-0.105317906,0.99322295,40.379917
99940,3.0,Baseline,0.776333,0.018162996,-0.104485475,0.99466443,42.74256
99940,3.5,Baseline,0.8301045,0.018570123,-0.10340972,0.9954745,44.701077
99940,4.0,Baseline,0.8830601,0.019061986,-0.10221456,0.995811,46.325714
99940,4.5,Baseline,0.9354724,0.019620946,-0.10096779,0.9953868,47.677235
99940,5.0,Baseline,0.9873132,0.020219432,-0.0996895,0.9938659,48.829918
99940,5.5,Baseline,1.03849,0.020809416,-0.09835254,0.9942608,49.904816
99940,6.0,Baseline,1.0887395,0.02133358,-0.09686866,0.9957243,51.034073
99940,6.5,Baseline,1.1377017,0.021749074,-0.095133975,0.99640024,52.310356
99940,7.0,Baseline,1.1848966,0.022069082,-0.09307034,0.9965752,53.690346
99940,7.5,Baseline,1.2295511,0.022378428,-0.090558395,0.99649495,54.943584
99940,8.0,Baseline,1.270358,0.022771938,-0.087370284,0.9962662,55.786118
99940,8.5,Baseline,1.3045821,0.023296941,-0.08310322,0.99580353,55.998
99940,9.0,Baseline,1.3278103,0.0240215,-0.077164635,0.99481994,55.27591
99940,9.5,Baseline,1.335154,0.025302773,-0.06924715,0.99336207,52.767105
99940,10.0,Baseline,1.3229989,0.028201802,-0.05989475,0.9911936,46.911858
99940,10.5,Baseline,1.3073475,0.032175403,-0.05152902,0.98885834,40.631893
99940,11.0,Baseline,1.3066415,0.035939984,-0.04562638,0.98830485,36.356205
99940,11.5,Baseline,1.323657,0.039555892,-0.04175626,0.98876256,33.462955
99940,12.0,Baseline,1.352662,0.04305287,-0.039173063,0.98996407,31.418625
99940,12.5,Baseline,1.384666,0.046682388,-0.037116133,0.99124044,29.66142
99940,13.0,Baseline,1.4151317,0.050649654,-0.035233825,0.9919715,27.939611
99940,13.5,Baseline,1.4414587,0.05510603,-0.033288307,0.9919869,26.157913
99940,14.0,Baseline,1.4612526,0.06014448,-0.031017935,0.9913162,24.295706
99940,14.5,Baseline,1.4717793,0.06581538,-0.02821461,0.9895684,22.36224
99940,15.0,Baseline,1.4676958,0.07241941,-0.025154665,0.98519427,20.266607
99940,15.5,Baseline,1.4386582,0.08115008,-0.023139182,0.97445947,17.728365
99940,16.0,Baseline,1.379649,0.0940371,-0.024003187,0.93886864,14.671327
99940,16.5,Baseline,1.294632,0.11404661,-0.03503565,0.82449156,11.351779
99940,17.0,Baseline,1.072367,0.17129463,-0.0676836,0.5831208,6.2603655
99940,17.5,Baseline,0.9642851,0.19600771,-0.089306265,0.21271107,4.919628
99940,18.0,Baseline,0.8488351,0.21380167,-0.08317945,0.17039466,3.9701986
99940,18.5,Baseline,0.8029901,0.22132155,-0.08071995,0.19277255,3.6281602
99940,19.0,Baseline,0.79615706,0.22523971,-0.081424095,0.22905253,3.53471
99940,19.5,Baseline,0.80326605,0.22970565,-0.08403572,0.26480874,3.4969366
99940,20.0,Baseline,0.8204608,0.23511949,-0.08841715,0.29321742,3.4895482
99940,20.5,Baseline,0.842633,0.24113184,-0.0938199,0.312613,3.4944909
99940,21.0,Baseline,0.86255574,0.24741547,-0.099169075,0.32207748,3.4862645
99940,21.5,Baseline,0.8759631,0.25371096,-0.103806116,0.323386,3.4526026
99940,22.0,Baseline,0.8840856,0.25986052,-0.10783553,0.32478118,3.4021544
99940,22.5,Baseline,0.89057577,0.26582462,-0.11170046,0.33448938,3.350238
99940,23.0,Baseline,0.8976406,0.27163,-0.11565529,0.35309097,3.3046446
99940,23.5,Baseline,0.9057504,0.27731115,-0.11973263,0.3753238,3.2661881
99940,24.0,Baseline,0.9147048,0.28288904,-0.12389059,0.39120796,3.2334402
99940,24.5,Baseline,0.9242349,0.28837666,-0.12809007,0.38472712,3.2049575
99940,25.0,Baseline,0.9341586,0.29378638,-0.13230821,0.340878,3.1797206
99940,25.5,Baseline,0.9443937,0.2991335,-0.1365355,0.25675163,3.1570976
99940,26.0,Baseline,0.95496196,0.30443528,-0.1407747,0.15267335,3.1368308
99940,26.5,Baseline,0.9659771,0.30970374,-0.14503968,0.06660164,3.119036
99940,27.0,Baseline,0.97765106,0.31494316,-0.1493581,0.020363236,3.1042142
99940,27.5,Baseline,0.99025583,0.32014802,-0.15376593,0.0042701275,3.0931187
99940,28.0,Baseline,1.00408,0.325305,-0.15830131,0.0005980543,3.0865803
99940,28.5,Baseline,1.0193536,0.33039758,-0.16299465,5.372588e-05,3.0852334
99940,29.0,Baseline,1.0361813,0.33540812,-0.16785888,2.9267633e-06,3.089315
99940,29.5,Baseline,1.054501,0.34032083,-0.1728833,9.107328e-08,3.0985498
99940,30.0,Baseline,1.0740764,0.34512126,-0.17803194,1.5078225e-09,3.1121712
160,-30.0,Optimised,-0.9896319,0.48102716,0.08638601,5.481208e-13,-2.0573306
160,-29.5,Optimised,-0.9791266,0.4772296,0.08375726,4.1020378e-11,-2.0516887
160,-29.0,Optimised,-0.96826303,0.47339815,0.08104077,1.6388877e-09,-2.045346
160,-28.5,Optimised,-0.9570506,0.46953478,0.0782376,3.7378115e-08,-2.0382955
160,-28.0,Optimised,-0.9455023,0.4656414,0.0753492,5.172534e-07,-2.0305374
160,-27.5,Optimised,-0.93362963,0.46171847,0.07237692,4.5906477e-06,-2.0220757
160,-27.0,Optimised,-0.92145014,0.457767,0.06932315,2.7455506e-05,-2.012924
160,-26.5,Optimised,-0.90898377,0.45378703,0.06619091,0.0001160545,-2.0031066
160,-26.0,Optimised,-0.8962579,0.44977903,0.06298525,0.0003615444,-1.9926627
160,-25.5,Optimised,-0.8833076,0.44574577,0.05971281,0.0008643969,-1.9816399
160,-25.0,Optimised,-0.87017834,0.44168904,0.056383003,0.0016485112,-1.9701153
160,-24.5,Optimised,-0.85692364,0.4376128,0.053006936,0.0026046764,-1.9581777
160,-24.0,Optimised,-0.84360933,0.43352115,0.04959933,0.003544497,-1.9459473
160,-23.5,Optimised,-0.8303034,0.4294185,0.046175685,0.004314536,-1.9335529
160,-23.0,Optimised,-0.81707585,0.42530915,0.042752963,0.0048615085,-1.921134
160,-22.5,Optimised,-0.8039853,0.42119682,0.039347205,0.0052216216,-1.9088115
160,-22.0,Optimised,-0.79107594,0.4170841,0.035972826,0.005454174,-1.8966821
160,-21.5,Optimised,-0.7783673,0.41297513,0.032641362,0.0056092837,-1.88478
160,-21.0,Optimised,-0.76586163,0.40887344,0.029362231,0.0057114502,-1.873102
160,-20.5,Optimised,-0.75354624,0.40478706,0.026142115,0.0057687513,-1.8615868
160,-20.0,Optimised,-0.7414028,0.40072638,0.022986528,0.005782543,-1.8501472
160,-19.5,Optimised,-0.7294079,0.39670628,0.019899238,0.005753009,-1.8386599
160,-19.0,Optimised,-0.71753854,0.39274073,0.016882837,0.005682899,-1.8270031
160,-18.5,Optimised,-0.7057681,0.38884422,0.0139391245,0.005577973,-1.8150407
160,-18.0,Optimised,-0.6940768,0.38502508,0.011069929,0.005446745,-1.8026794
160,-17.5,Optimised,-0.6824477,0.3812831,0.008277351,0.0052994457,-1.7898712
160,-17.0,Optimised,-0.67088157,0.37761062,0.005565834,0.0051489873,-1.7766491
160,-16.5,Optimised,-0.65940034,0.37399125,0.002941966,0.0050069336,-1.7631438
160,-16.0,Optimised,-0.64804393,0.37040868,0.00041481853,0.0048817694,-1.7495376
160,-15.5,Optimised,-0.63687,0.3668496,-0.0020047664,0.004778074,-1.7360522
160,-15.0,Optimised,-0.6259415,0.36331058,-0.004305047,0.0046965154,-1.7228827
160,-14.5,Optimised,-0.6153076,0.35979715,-0.006475651,0.0046349154,-1.7101514
160,-14.0,Optimised,-0.6049682,0.3563193,-0.008510545,0.0045914245,-1.697826
160,-13.5,Optimised,-0.594829,0.35288715,-0.010412323,0.004568722,-1.685607
160,-13.0,Optimised,-0.5846498,0.34950584,-0.012196118,0.0045790602,-1.6727898
160,-12.5,Optimised,-0.57406336,0.34617758,-0.01388891,0.0046463953,-1.6582916
160,-12.0,Optimised,-0.5627311,0.3429151,-0.01551651,0.0047988687,-1.6410216
160,-11.5,Optimised,-0.5505527,0.33975297,-0.017087394,0.005053919,-1.62045
160,-11.0,Optimised,-0.53767025,0.33674976,-0.018593218,0.0054137455,-1.5966463
160,-10.5,Optimised,-0.52425826,0.33397904,-0.020027032,0.0058761723,-1.569734
160,-10.0,Optimised,-0.5103606,0.3315046,-0.021394681,0.006448176,-1.5395279
160,-9.5,Optimised,-0.49587142,0.32936114,-0.0227146,0.007149884,-1.5055554
160,-9.0,Optimised,-0.48060346,0.32753858,-0.024010602,0.008011047,-1.4673187
160,-8.5,Optimised,-0.4643568,0.32598203,-0.025307983,0.009062121,-1.4244859
160,-8.0,Optimised,-0.44696432,0.32460743,-0.026632894,0.010320201,-1.3769381
160,-7.5,Optimised,-0.4283054,0.3233147,-0.028011868,0.011773209,-1.3247322
160,-7.0,Optimised,-0.4082967,0.3219959,-0.029466737,0.01336723,-1.2680182
160,-6.5,Optimised,-0.386889,0.32054192,-0.031005314,0.015009017,-1.2069842
160,-6.0,Optimised,-0.36406064,0.31885237,-0.03261608,0.016595256,-1.1417843
160,-5.5,Optimised,-0.33980513,0.31685966,-0.034274735,0.018069357,-1.0724152
160,-5.0,Optimised,-0.3140921,0.31455994,-0.0359605,0.01947789,-0.99851274
160,-4.5,Optimised,-0.28681624,0.31201535,-0.037671287,0.020951856,-0.91923755
160,-4.0,Optimised,-0.25777203,0.3093194,-0.0394271,0.022593107,-0.83335227
160,-3.5,Optimised,-0.22661892,0.30655876,-0.041274182,0.02435728,-0.73923486
160,-3.0,Optimised,-0.19282496,0.30382207,-0.04330671,0.02606744,-0.6346641
160,-2.5,Optimised,-0.15575874,0.30127513,-0.045692988,0.027826957,-0.51699835
160,-2.0,Optimised,-0.11504775,0.299199,-0.048652302,0.031248227,-0.3845192
160,-1.5,Optimised,-0.07120919,0.29772967,-0.052234627,0.04134276,-0.239174
160,-1.0,Optimised,-0.026299834,0.29649273,-0.056021877,0.06930231,-0.08870313
160,-0.5,Optimised,0.01719299,0.2949661,-0.0594337,0.1332695,0.05828802
160,0.0,Optimised,0.058761984,0.29347065,-0.062266063,0.23064762,0.20023121
160,0.5,Optimised,0.100016594,0.29267123,-0.06475083,0.29867837,0.341737
160,1.0,Optimised,0.14285934,0.29235697,-0.06724429,0.29187408,0.48864695
160,1.5,Optimised,0.18834415,0.29209054,-0.06997141,0.24450664,0.6448143
160,2.0,Optimised,0.23612455,0.2918508,-0.07293542,0.19486973,0.8090591
160,2.5,Optimised,0.28511682,0.29175293,-0.076027654,0.15561518,0.97725433
160,3.0,Optimised,0.33421192,0.29189932,-0.07912101,0.12685741,1.1449561
160,3.5,Optimised,0.38237864,0.29239476,-0.08208321,0.106157415,1.307748
160,4.0,Optimised,0.42881224,0.29329425,-0.084805325,0.091127604,1.4620547
160,4.5,Optimised,0.47315112,0.29453793,-0.087238945,0.07984004,1.6064183
160,5.0,Optimised,0.5155353,0.2959691,-0.08941186,0.070894904,1.7418551
160,5.5,Optimised,0.5563929,0.29743248,-0.091405585,0.06339723,1.8706528
160,6.0,Optimised,0.59616053,0.29886404,-0.09331395,0.05684893,1.994755
160,6.5,Optimised,0.63511884,0.30031237,-0.095211685,0.051006697,2.1148608
160,7.0,Optimised,0.6732714,0.30189508,-0.09713682,0.045774806,2.2301502
160,7.5,Optimised,0.7102744,0.3037412,-0.099086605,0.041156184,2.3384197
160,8.0,Optimised,0.7455566,0.30595335,-0.10102775,0.03718404,2.436831
160,8.5,Optimised,0.77863383,0.30857104,-0.10291982,0.033832952,2.5233536
160,9.0,Optimised,0.80928123,0.3115475,-0.10474162,0.031001737,2.5976176
160,9.5,Optimised,0.837383,0.3147894,-0.10649147,0.028570423,2.660137
160,10.0,Optimised,0.862682,0.3182133,-0.108156204,0.026446458,2.7110178
160,10.5,Optimised,0.8846866,0.32177812,-0.10968564,0.024573304,2.7493684
160,11.0,Optimised,0.9027243,0.32549617,-0.11099136,0.022921298,2.7733793
160,11.5,Optimised,0.91613454,0.3294161,-0.11197026,0.021474194,2.7810862
160,12.0,Optimised,0.9246917,0.33356452,-0.11256341,0.020218713,2.7721524
160,12.5,Optimised,0.9291084,0.33793488,-0.11283436,0.01914326,2.749371
160,13.0,Optimised,0.9308735,0.34252623,-0.11297159,0.018230025,2.7176707
160,13.5,Optimised,0.93151605,0.34735042,-0.11319624,0.017444504,2.681776
160,14.0,Optimised,0.9321472,0.35240558,-0.113683365,0.01674684,2.6450977
160,14.5,Optimised,0.9335036,0.35767132,-0.1145464,0.016108414,2.6099482
160,15.0,Optimised,0.9361154,0.36313057,-0.11585896,0.015514796,2.577903
160,15.5,Optimised,0.94039303,0.36877304,-0.11767323,0.014962567,2.550059
160,16.0,Optimised,0.946653,0.37458378,-0.1200282,0.014454128,2.527213
160,16.5,Optimised,0.95508516,0.38052815,-0.12294459,0.013995083,2.5098937
160,17.0,Optimised,0.96575224,0.3865664,-0.12642202,0.013586349,2.498283
160,17.5,Optimised,0.9785535,0.39268428,-0.13043424,0.013209296,2.4919598
160,18.0,Optimised,0.9931302,0.3989237,-0.13491467,0.0128238695,2.4895241
160,18.5,Optimised,1.008758,0.40535125,-0.13973519,0.012385162,2.488602
160,19.0,Optimised,1.0243909,0.4120192,-0.1447102,0.011853366,2.48627
160,19.5,Optimised,1.0389291,0.4189462,-0.14963832,0.011210803,2.4798627
160,20.0,Optimised,1.0515511,0.4261319,-0.15435556,0.010461037,2.4676657
160,20.5,Optimised,1.0619321,0.43356052,-0.15877125,0.009627194,2.4493284
160,21.0,Optimised,1.0702419,0.44120342,-0.16287139,0.008752443,2.4257336
160,21.5,Optimised,1.0769701,0.44901124,-0.16669647,0.007885416,2.3985372
160,22.0,Optimised,1.0827107,0.45691302,-0.17030956,0.0070519787,2.369621
160,22.5,Optimised,1.0880014,0.46481895,-0.17377448,0.0062319855,2.3406992
160,23.0,Optimised,1.0932586,0.47262836,-0.17714374,0.005357827,2.3131466
160,23.5,Optimised,1.0987904,0.48024884,-0.18045937,0.004360852,2.2879605
160,24.0,Optimised,1.1048177,0.48760772,-0.18375318,0.0032535132,2.2657921
160,24.5,Optimised,1.1114944,0.49466214,-0.18704745,0.0021488909,2.2469769
160,25.0,Optimised,1.1189262,0.50140303,-0.19035588,0.0012162501,2.2315903
160,25.5,Optimised,1.1271553,0.5078419,-0.19368215,0.0005708933,2.2195005
160,26.0,Optimised,1.136152,0.5140012,-0.19701922,0.00021511773,2.2104075
160,26.5,Optimised,1.1458232,0.51990235,-0.20035318,6.288585e-05,2.2039201
160,27.0,Optimised,1.1559997,0.52555496,-0.20366116,1.3734089e-05,2.199579
160,27.5,Optimised,1.1664622,0.5309585,-0.20691586,2.1481706e-06,2.1968992
160,28.0,Optimised,1.1769595,0.5361026,-0.2100865,2.3000251e-07,2.1953998
160,28.5,Optimised,1.1872575,0.54097784,-0.2131455,1.6019012e-08,2.194651
160,29.0,Optimised,1.1971667,0.5455812,-0.21606922,6.848365e-10,2.194296
160,29.5,Optimised,1.2065732,0.54992265,-0.21884374,1.689472e-11,2.1940782
160,30.0,Optimised,1.215442,0.5540233,-0.22146317,2.2459675e-13,2.1938462
641,-30.0,Optimised,-0.9477815,0.34367758,0.0903661,4.2607016e-12,-2.7577636
641,-29.5,Optimised,-0.9351356,0.34019068,0.08716704,2.782438e-10,-2.7488573
641,-29.0,Optimised,-0.92208964,0.33662823,0.08389538,9.662926e-09,-2.739193
641,-28.5,Optimised,-0.908654,0.33299574,0.0805562,1.9101478e-07,-2.7287254
641,-28.0,Optimised,-0.8948382,0.32929847,0.07715433,2.2868417e-06,-2.7174077
641,-27.5,Optimised,-0.8806523,0.32553965,0.07369484,1.7551047e-05,-2.7052076
641,-27.0,Optimised,-0.8661034,0.32172352,0.07018284,9.080672e-05,-2.6920736
641,-26.5,Optimised,-0.85120106,0.31785375,0.066623986,0.00033244892,-2.6779644
641,-26.0,Optimised,-0.83595115,0.3139327,0.063023604,0.0008981777,-2.6628356
641,-25.5,Optimised,-0.8203582,0.30996478,0.05938797,0.0018637088,-2.6466177
641,-25.0,Optimised,-0.804431,0.30595374,0.055723943,0.003083358,-2.629257
641,-24.5,Optimised,-0.7881765,0.3019048,0.052039087,0.004218103,-2.610679
641,-24.0,Optimised,-0.77161115,0.2978232,0.04834311,0.0049547167,-2.5908363
641,-23.5,Optimised,-0.7547591,0.29371452,0.044647932,0.0051975697,-2.5697029
641,-23.0,Optimised,-0.7376582,0.28958485,0.04096847,0.0050700065,-2.5472956
641,-22.5,Optimised,-0.72036153,0.2854396,0.037322484,0.004790575,-2.5236917
641,-22.0,Optimised,-0.7029314,0.28128374,0.03372888,0.00452936,-2.499012
641,-21.5,Optimised,-0.6854303,0.2771217,0.030204564,0.004366437,-2.473391
641,-21.0,Optimised,-0.66790974,0.27295825,0.026761632,0.00430096,-2.44693
641,-20.5,Optimised,-0.65040785,0.26879805,0.023407262,0.004293548,-2.4196897
641,-20.0,Optimised,-0.63294804,0.26464874,0.020143926,0.0042990553,-2.3916533
641,-19.5,Optimised,-0.6155439,0.26051646,0.016971022,0.0042850045,-2.3627832
641,-19.0,Optimised,-0.59820426,0.25640815,0.013886875,0.0042359135,-2.3330157
641,-18.5,Optimised,-0.5809394,0.25233054,0.010889471,0.004149204,-2.3022952
641,-18.0,Optimised,-0.56376296,0.24829039,0.007976997,0.0040291357,-2.270579
641,-17.5,Optimised,-0.5466958,0.24429424,0.0051481547,0.003881926,-2.237858
641,-17.0,Optimised,-0.5297638,0.24034734,0.0024020195,0.0037148974,-2.2041593
641,-16.5,Optimised,-0.5129954,0.23645231,-0.0002618432,0.003534665,-2.1695514
641,-16.0,Optimised,-0.4964199,0.23260598,-0.0028429746,0.0033472055,-2.1341665
641,-15.5,Optimised,-0.48006526,0.22879872,-0.005339372,0.0031583435,-2.0981991
641,-15.0,Optimised,-0.46395612,0.2250134,-0.007747352,0.002973607,-2.0619044
641,-14.5,Optimised,-0.44811672,0.22122848,-0.010060787,0.0027978213,-2.0255833
641,-14.0,Optimised,-0.4325685,0.21742272,-0.012273592,0.002634256,-1.9895275
641,-13.5,Optimised,-0.4173235,0.2135835,-0.014382606,0.0024840697,-1.9539126
641,-13.0,Optimised,-0.40238535,0.20971316,-0.016388172,0.0023465033,-1.9187416
641,-12.5,Optimised,-0.38776183,0.20582391,-0.01829188,0.0022214751,-1.8839494
641,-12.0,Optimised,-0.37347257,0.20193082,-0.02009226,0.002110768,-1.8495076
641,-11.5,Optimised,-0.35954916,0.19804533,-0.021784624,0.0020180552,-1.8154893
641,-11.0,Optimised,-0.34603122,0.19417682,-0.023361266,0.0019481722,-1.7820418
641,-10.5,Optimised,-0.3329609,0.19033432,-0.024813289,0.0019062,-1.7493477
641,-10.0,Optimised,-0.32037875,0.18653116,-0.026130956,0.0018966934,-1.7175616
641,-9.5,Optimised,-0.30831987,0.18278918,-0.027303513,0.0019224397,-1.6867512
641,-9.0,Optimised,-0.29682013,0.17914134,-0.028318707,0.0019827452,-1.6569047
641,-8.5,Optimised,-0.2859134,0.17562434,-0.029164314,0.0020720284,-1.6279829
641,-8.0,Optimised,-0.27563435,0.1722668,-0.029831177,0.0021787612,-1.6000434
641,-7.5,Optimised,-0.26602668,0.16907907,-0.03031305,0.0022856644,-1.5733862
641,-7.0,Optimised,-0.25713068,0.16605102,-0.030604905,0.0023750735,-1.5485041
641,-6.5,Optimised,-0.24892396,0.16315034,-0.03070663,0.0024416381,-1.5257336
641,-6.0,Optimised,-0.24128333,0.16033164,-0.030630186,0.002496532,-1.5049015
641,-5.5,Optimised,-0.23402946,0.15755075,-0.030409735,0.0025582972,-1.4854226
641,-5.0,Optimised,-0.2269277,0.15477833,-0.030121487,0.0026457717,-1.4661465
641,-4.5,Optimised,-0.21952355,0.15201122,-0.029908467,0.0027748856,-1.4441273
641,-4.0,Optimised,-0.21087013,0.14928558,-0.029993674,0.002950776,-1.4125284
641,-3.5,Optimised,-0.19932094,0.14668079,-0.030684035,0.003159058,-1.3588756
641,-3.0,Optimised,-0.18245727,0.14430343,-0.03236714,0.003366769,-1.2644001
641,-2.5,Optimised,-0.15749118,0.14225172,-0.035441022,0.0035453865,-1.1071303
641,-2.0,Optimised,-0.12240185,0.1405959,-0.040163092,0.0037610396,-0.8705933
641,-1.5,Optimised,-0.07657206,0.1393585,-0.04658701,0.0044502765,-0.54946095
641,-1.0,Optimised,-0.020484716,0.13849226,-0.054513067,0.007145008,-0.14791235
641,-0.5,Optimised,0.04164383,0.13790931,-0.0627916,0.016595637,0.30196533
641,0.0,Optimised,0.10255706,0.13752978,-0.0696956,0.044300053,0.74570805
641,0.5,Optimised,0.16231084,0.13736841,-0.07537602,0.099807665,1.1815733
641,1.0,Optimised,0.22180659,0.13752666,-0.08037092,0.16230592,1.6128261
641,1.5,Optimised,0.27977225,0.13818312,-0.08468498,0.19692782,2.0246487
641,2.0,Optimised,0.33583254,0.13932109,-0.08839603,0.20298444,2.4104931
641,2.5,Optimised,0.3901955,0.14084528,-0.09165333,0.19120449,2.7703838
641,3.0,Optimised,0.44274455,0.14265174,-0.09450217,0.16891469,3.1036744
641,3.5,Optimised,0.493128,0.1446571,-0.09695045,0.14283934,3.4089441
641,4.0,Optimised,0.5409855,0.14681461,-0.0990554,0.118540436,3.6848207
641,4.5,Optimised,0.5859397,0.14910959,-0.10091084,0.098574266,3.9295912
641,5.0,Optimised,0.62759304,0.15155163,-0.10259678,0.08293342,4.141117
641,5.5,Optimised,0.66565245,0.15416889,-0.10418197,0.070773385,4.317683
641,6.0,Optimised,0.70005363,0.1570187,-0.10576469,0.06136696,4.4584093
641,6.5,Optimised,0.73103756,0.1602107,-0.10749762,0.054173805,4.562976
641,7.0,Optimised,0.7591592,0.16391328,-0.10956444,0.048682004,4.631469
641,7.5,Optimised,0.7849828,0.16828792,-0.11209514,0.0444136,4.6645226
641,8.0,Optimised,0.8087701,0.17339063,-0.11510277,0.041043833,4.6644397
641,8.5,Optimised,0.830647,0.17915902,-0.118521966,0.038319997,4.6363673
641,9.0,Optimised,0.85078895,0.1854747,-0.12226671,0.035952587,4.587089
641,9.5,Optimised,0.86929595,0.1922093,-0.12623294,0.03368696,4.5226526
641,10.0,Optimised,0.8860988,0.1992138,-0.13029264,0.031387426,4.447979
641,10.5,Optimised,0.90115637,0.20631242,-0.13432185,0.029047698,4.367921
641,11.0,Optimised,0.91467464,0.21336384,-0.13824844,0.026733218,4.2869244
641,11.5,Optimised,0.92711663,0.22029991,-0.14207175,0.024509368,4.2084293
641,12.0,Optimised,0.93905175,0.22710545,-0.14584014,0.022412796,4.134871
641,12.5,Optimised,0.95099294,0.23378739,-0.14961623,0.020459235,4.0677686
641,13.0,Optimised,0.9633141,0.24035892,-0.15345459,0.018650265,4.0078154
641,13.5,Optimised,0.97622925,0.24683599,-0.15739088,0.016978815,3.9549713
641,14.0,Optimised,0.9897903,0.25323427,-0.1614376,0.015432578,3.9085956
641,14.5,Optimised,1.0038815,0.25956926,-0.16558085,0.013999907,3.8674898
641,15.0,Optimised,1.0182382,0.2658537,-0.16978192,0.012671499,3.8300695
641,15.5,Optimised,1.0325731,0.27209848,-0.17399547,0.011441728,3.7948506
641,16.0,Optimised,1.0468817,0.2783219,-0.1782129,0.010311006,3.7614062
641,16.5,Optimised,1.061644,0.28456104,-0.18249483,0.009288035,3.7308128
641,17.0,Optimised,1.0775793,0.2908597,-0.18694285,0.008382625,3.7048078
641,17.5,Optimised,1.0952013,0.29724893,-0.19163823,0.0075964346,3.6844583
641,18.0,Optimised,1.1146648,0.3037335,-0.1966157,0.0069220713,3.6698778
641,18.5,Optimised,1.1357733,0.31030107,-0.20186052,0.006343915,3.6602302
641,19.0,Optimised,1.1580286,0.31694415,-0.20731433,0.0058297734,3.6537309
641,19.5,Optimised,1.1806675,0.32367927,-0.21287796,0.0053409752,3.6476464
641,20.0,Optimised,1.2027241,0.3305382,-0.21841535,0.0048489473,3.638684
641,20.5,Optimised,1.2231727,0.3375454,-0.22377391,0.004349385,3.6237278
641,21.0,Optimised,1.2411301,0.34470218,-0.22881892,0.0038627451,3.6005867
641,21.5,Optimised,1.2560573,0.35198456,-0.233465,0.0034186172,3.568501
641,22.0,Optimised,1.2679042,0.35934657,-0.23769622,0.0030357882,3.5283604
641,22.5,Optimised,1.2771046,0.36672813,-0.24156158,0.0027075384,3.4824288
641,23.0,Optimised,1.2844446,0.3740763,-0.24515545,0.0023978187,3.433643
641,23.5,Optimised,1.2908182,0.38135666,-0.24858558,0.0020552021,3.3848057
641,24.0,Optimised,1.2969993,0.38855386,-0.25194445,0.0016480153,3.338017
641,24.5,Optimised,1.3035154,0.39566025,-0.25529358,0.0011893343,3.2945323
641,25.0,Optimised,1.3106446,0.4026702,-0.25866324,0.000744124,3.2548835
641,25.5,Optimised,1.3184749,0.40957573,-0.26206,0.00038875407,3.2191236
641,26.0,Optimised,1.3269795,0.41636676,-0.26547626,0.00016350117,3.1870449
641,26.5,Optimised,1.3360718,0.42303452,-0.26889798,5.3325955e-05,3.1583045
641,27.0,Optimised,1.3456556,0.42957005,-0.27231064,1.2957889e-05,3.1325638
641,27.5,Optimised,1.355633,0.43596637,-0.27569968,2.2448141e-06,3.10949
641,28.0,Optimised,1.3659166,0.44221905,-0.27905312,2.647055e-07,3.0887783
641,28.5,Optimised,1.3764323,0.44832397,-0.28236082,2.0177524e-08,3.0701733
641,29.0,Optimised,1.3871164,0.45427924,-0.2856151,9.384417e-10,3.0534444
641,29.5,Optimised,1.3979065,0.46008116,-0.28880793,2.5051973e-11,3.038391
641,30.0,Optimised,1.4087466,0.46572867,-0.29193324,3.5895115e-13,3.0248225
1597,-30.0,Optimised,-0.89677846,0.317311,0.09048497,3.5525614e-09,-2.8261817
1597,-29.5,Optimised,-0.8840022,0.31336725,0.087062046,2.2440514e-07,-2.8209784
1597,-29.0,Optimised,-0.8708738,0.30937,0.08356763,7.5517187e-06,-2.814991
1597,-28.5,Optimised,-0.8574046,0.30532646,0.08000781,0.00014511358,-2.8081567
1597,-28.0,Optimised,-0.8436065,0.3012438,0.07638851,0.0016937645,-2.800411
1597,-27.5,Optimised,-0.8294896,0.29712826,0.072715655,0.012619339,-2.7916887
1597,-27.0,Optimised,-0.8150603,0.29298413,0.068995364,0.06127126,-2.7819266
1597,-26.5,Optimised,-0.80032253,0.28881538,0.0652341,0.19170474,-2.7710524
1597,-26.0,Optimised,-0.78527796,0.28462467,0.061438065,0.38983512,-2.7589948
1597,-25.5,Optimised,-0.7699262,0.280414,0.057613827,0.5700021,-2.7456768
1597,-25.0,Optimised,-0.75426733,0.2761845,0.053769015,0.68673074,-2.7310271
1597,-24.5,Optimised,-0.73830163,0.27193746,0.04991173,0.7489253,-2.7149684
1597,-24.0,Optimised,-0.72203517,0.26767296,0.046051793,0.77514124,-2.6974528
1597,-23.5,Optimised,-0.7054806,0.26339054,0.04220091,0.77749014,-2.6784582
1597,-23.0,Optimised,-0.6886586,0.25908977,0.03837394,0.7626449,-2.6579924
1597,-22.5,Optimised,-0.67160136,0.25476882,0.034588385,0.7357255,-2.6361208
1597,-22.0,Optimised,-0.6543442,0.25042677,0.030863658,0.7023883,-2.6129165
1597,-21.5,Optimised,-0.63692653,0.24606332,0.02721864,0.66910934,-2.588466
1597,-21.0,Optimised,-0.6193799,0.24168092,0.023667162,0.64058805,-2.5628002
1597,-20.5,Optimised,-0.6017289,0.23728502,0.020215666,0.6181144,-2.5358908
1597,-20.0,Optimised,-0.58399594,0.23288333,0.016864497,0.60043633,-2.507676
1597,-19.5,Optimised,-0.5662,0.22848488,0.013610631,0.5856465,-2.4780633
1597,-19.0,Optimised,-0.5483599,0.22409733,0.010450822,0.5724003,-2.446972
1597,-18.5,Optimised,-0.5304949,0.21972564,0.0073833168,0.56006455,-2.4143515
1597,-18.0,Optimised,-0.5126257,0.21537334,0.0044083893,0.5484751,-2.3801725
1597,-17.5,Optimised,-0.49477968,0.21104194,0.0015280067,0.53763205,-2.3444614
1597,-17.0,Optimised,-0.47698897,0.20673293,-0.0012532175,0.5276301,-2.3072715
1597,-16.5,Optimised,-0.45929,0.20244995,-0.003928435,0.5185374,-2.2686596
1597,-16.0,Optimised,-0.44171956,0.19819771,-0.006488526,0.51040816,-2.2286816
1597,-15.5,Optimised,-0.42431098,0.19398145,-0.008923262,0.50324476,-2.1873791
1597,-15.0,Optimised,-0.40709877,0.18980512,-0.011223411,0.49686256,-2.144825
1597,-14.5,Optimised,-0.39011896,0.18567087,-0.013383424,0.49075118,-2.1011317
1597,-14.0,Optimised,-0.37340662,0.18158147,-0.015402043,0.4842057,-2.0564137
1597,-13.5,Optimised,-0.35699177,0.17754133,-0.017280227,0.47663543,-2.010753
1597,-13.0,Optimised,-0.340896,0.17355458,-0.019020468,0.46780396,-1.9642005
1597,-12.5,Optimised,-0.32513106,0.1696208,-0.020625532,0.45791054,-1.9168113
1597,-12.0,Optimised,-0.30970514,0.16573566,-0.022098374,0.44748646,-1.8686693
1597,-11.5,Optimised,-0.2946218,0.16189088,-0.023441756,0.43727252,-1.8198789
1597,-11.0,Optimised,-0.2798882,0.15807687,-0.024659067,0.4281349,-1.770583
1597,-10.5,Optimised,-0.2655141,0.15428376,-0.025754828,0.42099944,-1.7209466
1597,-10.0,Optimised,-0.25151622,0.1505028,-0.026733935,0.41674557,-1.6711731
1597,-9.5,Optimised,-0.23791552,0.14672665,-0.027601397,0.41602787,-1.6214881
1597,-9.0,Optimised,-0.22473699,0.14294922,-0.028358381,0.4190582,-1.5721456
1597,-8.5,Optimised,-0.21201131,0.13916773,-0.029001478,0.42554873,-1.523423
1597,-8.0,Optimised,-0.19977558,0.13538447,-0.02952249,0.43491587,-1.4756167
1597,-7.5,Optimised,-0.18807632,0.13160908,-0.029910272,0.44660056,-1.4290527
1597,-7.0,Optimised,-0.17696777,0.12786122,-0.030150231,0.46011466,-1.3840613
1597,-6.5,Optimised,-0.16651443,0.124175005,-0.030223543,0.4747576,-1.3409657
1597,-6.0,Optimised,-0.15679827,0.12060157,-0.030108247,0.48939967,-1.3001345
1597,-5.5,Optimised,-0.14793769,0.11719974,-0.029785756,0.5028924,-1.2622697
1597,-5.0,Optimised,-0.14009231,0.11399743,-0.02925166,0.5150383,-1.2289077
1597,-4.5,Optimised,-0.13347638,0.11094963,-0.028516661,0.5273905,-1.2030358
1597,-4.0,Optimised,-0.12842968,0.10795108,-0.027591515,0.5422446,-1.1897026
1597,-3.5,Optimised,-0.12536964,0.10488426,-0.02648578,0.55925506,-1.1953142
1597,-3.0,Optimised,-0.124176174,0.10167483,-0.025272742,0.5735894,-1.2213069
1597,-2.5,Optimised,-0.12319112,0.09839037,-0.024235066,0.5786664,-1.2520648
1597,-2.0,Optimised,-0.11853014,0.09524574,-0.024058748,0.57308835,-1.2444665
1597,-1.5,Optimised,-0.10337174,0.09244308,-0.026083335,0.5666506,-1.1182204
1597,-1.0,Optimised,-0.067825824,0.09013341,-0.032262716,0.57921404,-0.75250477
1597,-0.5,Optimised,0.0018766224,0.088691756,-0.045487117,0.6242963,0.021158928
1597,0.0,Optimised,0.10925287,0.08891453,-0.06601773,0.69933623,1.2287403
1597,0.5,Optimised,0.20665005,0.090294234,-0.08177772,0.78192765,2.2886295
1597,1.0,Optimised,0.2845817,0.09201364,-0.09110056,0.83096504,3.0928206
1597,1.5,Optimised,0.35237795,0.093743324,-0.09722197,0.84470224,3.7589657
1597,2.0,Optimised,0.4140228,0.09548675,-0.10163088,0.83913535,4.335919
1597,2.5,Optimised,0.4712475,0.09732935,-0.10493187,0.82454276,4.841782
1597,3.0,Optimised,0.5248531,0.09933865,-0.10743697,0.805529,5.2834735
1597,3.5,Optimised,0.57503766,0.10158867,-0.10940127,0.7842188,5.660451
1597,4.0,Optimised,0.6211088,0.10417241,-0.11104517,0.7641998,5.9623156
1597,4.5,Optimised,0.6617638,0.107213944,-0.11255934,0.7509396,6.1723666
1597,5.0,Optimised,0.6962435,0.110875696,-0.11420286,0.7479728,6.279496
1597,5.5,Optimised,0.7250583,0.11537126,-0.116363145,0.7535947,6.2845664
1597,6.0,Optimised,0.7494754,0.12095377,-0.11942979,0.7623418,6.196379
1597,6.5,Optimised,0.77051336,0.12771244,-0.12347963,0.7695887,6.0331893
1597,7.0,Optimised,0.78938556,0.13526522,-0.1281554,0.7731123,5.8358355
1597,7.5,Optimised,0.8078387,0.14302273,-0.13309951,0.7732726,5.6483235
1597,8.0,Optimised,0.82682997,0.15070815,-0.13819176,0.773335,5.486299
1597,8.5,Optimised,0.8465075,0.15827715,-0.14333837,0.7762773,5.348261
1597,9.0,Optimised,0.8668728,0.16570544,-0.14844435,0.7817785,5.231408
1597,9.5,Optimised,0.88784957,0.17296775,-0.15346444,0.78766036,5.133035
1597,10.0,Optimised,0.9092589,0.18006808,-0.15839872,0.792363,5.0495286
1597,10.5,Optimised,0.9308891,0.18702996,-0.16326669,0.7952683,4.9772196
1597,11.0,Optimised,0.9525382,0.19388205,-0.16808681,0.79622835,4.9129777
1597,11.5,Optimised,0.9740178,0.20065448,-0.17286783,0.7952323,4.854204
1597,12.0,Optimised,0.9951596,0.20737946,-0.17760786,0.79230696,4.7987375
1597,12.5,Optimised,1.015808,0.2140867,-0.18229626,0.7875552,4.744844
1597,13.0,Optimised,1.0358083,0.2207963,-0.18691623,0.78117365,4.6912394
1597,13.5,Optimised,1.0549525,0.2275143,-0.19144437,0.7734,4.6368623
1597,14.0,Optimised,1.0729425,0.23423892,-0.19585006,0.7643694,4.5805473
1597,14.5,Optimised,1.089438,0.24097207,-0.20010014,0.753982,4.5210133
1597,15.0,Optimised,1.1041574,0.24771856,-0.2041668,0.7418363,4.457306
1597,15.5,Optimised,1.1169823,0.2544852,-0.20803651,0.72737473,4.389184
1597,16.0,Optimised,1.1280955,0.26128456,-0.21172659,0.7100692,4.3174977
1597,16.5,Optimised,1.1380968,0.26813656,-0.21530204,0.6896,4.2444673
1597,17.0,Optimised,1.1479635,0.27506676,-0.21887402,0.6659722,4.1733994
1597,17.5,Optimised,1.1587069,0.2820978,-0.2225624,0.6394459,4.1074653
1597,18.0,Optimised,1.1710129,0.28924122,-0.22645488,0.6104568,4.0485682
1597,18.5,Optimised,1.1852432,0.29649866,-0.2306062,0.57973784,3.9974658
1597,19.0,Optimised,1.2016253,0.3038656,-0.2350574,0.54841155,3.954463
1597,19.5,Optimised,1.2202659,0.31133482,-0.23983236,0.51810193,3.9194648
1597,20.0,Optimised,1.2410247,0.31889722,-0.24491794,0.49050277,3.8916135
1597,20.5,Optimised,1.2634375,0.32654473,-0.2502529,0.46727195,3.86911
1597,21.0,Optimised,1.286874,0.33427036,-0.25574994,0.4505204,3.8498
1597,21.5,Optimised,1.3107346,0.34206438,-0.26132202,0.4424553,3.831836
1597,22.0,Optimised,1.334569,0.34990856,-0.2669006,0.443771,3.8140507
1597,22.5,Optimised,1.3580859,0.35777223,-0.27243665,0.45177212,3.7959511
1597,23.0,Optimised,1.3811066,0.36562002,-0.27789518,0.45966497,3.7774372
1597,23.5,Optimised,1.4035265,0.37341726,-0.28325167,0.45790094,3.7586012
1597,24.0,Optimised,1.4252812,0.38113576,-0.28848797,0.43692473,3.739563
1597,24.5,Optimised,1.4463372,0.3887544,-0.29359275,0.3885271,3.7204394
1597,25.0,Optimised,1.4666861,0.3962601,-0.2985596,0.3096779,3.7013216
1597,25.5,Optimised,1.486339,0.40364292,-0.30338645,0.20892692,3.6823115
1597,26.0,Optimised,1.5053272,0.4108973,-0.30807534,0.11138998,3.663512
1597,26.5,Optimised,1.5236902,0.4180181,-0.31263018,0.044219762,3.645034
1597,27.0,Optimised,1.5414617,0.4250002,-0.3170546,0.012594,3.6269672
1597,27.5,Optimised,1.5586605,0.43183964,-0.32135105,0.0025040954,3.6093502
1597,28.0,Optimised,1.5752754,0.43853045,-0.32551712,0.0003360182,3.5921688
1597,28.5,Optimised,1.5912745,0.44506964,-0.32954818,2.900973e-05,3.5753381
1597,29.0,Optimised,1.6066115,0.4514531,-0.33343658,1.5195559e-06,3.558756
1597,29.5,Optimised,1.6212364,0.45767817,-0.33717495,4.5348283e-08,3.5423067
1597,30.0,Optimised,1.6351163,0.46374246,-0.3407574,7.197863e-10,3.5259147
3020,-30.0,Optimised,-0.88940585,0.31821892,0.0918224,1.0309661e-08,-2.7949495
3020,-29.5,Optimised,-0.87562025,0.31365877,0.088207476,6.624881e-07,-2.7916331
3020,-29.0,Optimised,-0.8614733,0.3090247,0.08451024,2.266831e-05,-2.7877169
3020,-28.5,Optimised,-0.84698457,0.30432993,0.08074027,0.00044209286,-2.783113
3020,-28.0,Optimised,-0.83216774,0.2995866,0.07690575,0.0052076653,-2.7777202
3020,-27.5,Optimised,-0.81702936,0.2948061,0.073014535,0.038245413,-2.7714126
3020,-27.0,Optimised,-0.8015742,0.28999928,0.069074295,0.16930848,-2.7640557
3020,-26.5,Optimised,-0.7858039,0.28517532,0.06509235,0.42513254,-2.7555115
3020,-26.0,Optimised,-0.7697212,0.28034246,0.061076712,0.6645092,-2.7456462
3020,-25.5,Optimised,-0.7533296,0.275506,0.057035603,0.80293447,-2.7343493
3020,-25.0,Optimised,-0.73663414,0.27067083,0.052978218,0.8697538,-2.7215128
3020,-24.5,Optimised,-0.7196459,0.2658404,0.048914663,0.9002705,-2.7070599
3020,-24.0,Optimised,-0.70238364,0.26101714,0.04485675,0.91245294,-2.6909482
3020,-23.5,Optimised,-0.6848778,0.25620073,0.04081785,0.91411716,-2.673208
3020,-23.0,Optimised,-0.6671725,0.25139078,0.0368147,0.9088279,-2.653926
3020,-22.5,Optimised,-0.6493251,0.24658483,0.03286634,0.89909244,-2.6332726
3020,-22.0,Optimised,-0.6314022,0.24177787,0.028994614,0.8877546,-2.6114972
3020,-21.5,Optimised,-0.61346424,0.23696616,0.025220787,0.8782746,-2.5888264
3020,-21.0,Optimised,-0.5955497,0.23214912,0.021560442,0.8731804,-2.5653756
3020,-20.5,Optimised,-0.5776608,0.22733082,0.018020283,0.8728063,-2.541058
3020,-20.0,Optimised,-0.5597805,0.22252017,0.014598221,0.8757246,-2.5156393
3020,-19.5,Optimised,-0.5418867,0.21772738,0.011287028,0.88009983,-2.4888313
3020,-19.0,Optimised,-0.52396554,0.21295834,0.008078337,0.88457334,-2.4604135
3020,-18.5,Optimised,-0.5060103,0.20821644,0.0049656928,0.8883897,-2.430213
3020,-18.0,Optimised,-0.4880214,0.2035024,0.0019467771,0.891229,-2.3981113
3020,-17.5,Optimised,-0.47001383,0.19881733,-0.0009754539,0.89302015,-2.3640487
3020,-17.0,Optimised,-0.4520154,0.19416589,-0.003792435,0.8938617,-2.3279858
3020,-16.5,Optimised,-0.43406844,0.18955666,-0.0064913034,0.89392895,-2.289914
3020,-16.0,Optimised,-0.41622564,0.18499824,-0.009057206,0.89344406,-2.2498896
3020,-15.5,Optimised,-0.3985411,0.18049619,-0.011478543,0.89267975,-2.2080305
3020,-15.0,Optimised,-0.38106063,0.17605338,-0.0137501955,0.89194775,-2.164461
3020,-14.5,Optimised,-0.3638161,0.17167123,-0.015871013,0.89152724,-2.1192608
3020,-14.0,Optimised,-0.3468344,0.1673515,-0.01784026,0.89161354,-2.0724905
3020,-13.5,Optimised,-0.330141,0.16309364,-0.01965614,0.8922945,-2.0242422
3020,-13.0,Optimised,-0.31376272,0.15889399,-0.021316249,0.8935603,-1.9746671
3020,-12.5,Optimised,-0.2977301,0.15474516,-0.022818888,0.89532226,-1.9240025
3020,-12.0,Optimised,-0.28207564,0.15063736,-0.024162645,0.8974387,-1.8725477
3020,-11.5,Optimised,-0.2668327,0.14656016,-0.025346357,0.8997265,-1.820636
3020,-11.0,Optimised,-0.25203574,0.14250481,-0.026369208,0.9019705,-1.7686121
3020,-10.5,Optimised,-0.23772264,0.13846716,-0.027229983,0.9039118,-1.716816
3020,-10.0,Optimised,-0.22393623,0.13444903,-0.02792787,0.90525675,-1.6655846
3020,-9.5,Optimised,-0.21072477,0.130456,-0.028463423,0.90572023,-1.6152939
3020,-9.0,Optimised,-0.19812721,0.12649246,-0.028841088,0.9051009,-1.5663164
3020,-8.5,Optimised,-0.18616158,0.12255516,-0.029069934,0.90333,-1.5190023
3020,-8.0,Optimised,-0.17481792,0.11863606,-0.02916019,0.9004438,-1.4735649
3020,-7.5,Optimised,-0.16407004,0.11472986,-0.029118354,0.8965969,-1.4300553
3020,-7.0,Optimised,-0.15389118,0.110841066,-0.02894603,0.8922665,-1.388395
3020,-6.5,Optimised,-0.14426154,0.10698528,-0.028640902,0.8885315,-1.3484242
3020,-6.0,Optimised,-0.1351561,0.10318686,-0.0281971,0.8869167,-1.3098189
3020,-5.5,Optimised,-0.12650174,0.09947405,-0.02760911,0.88871145,-1.271706
3020,-5.0,Optimised,-0.118139476,0.095876336,-0.026888851,0.8946647,-1.2322068
3020,-4.5,Optimised,-0.109882414,0.092422456,-0.026084742,0.9047703,-1.1889147
3020,-4.0,Optimised,-0.10175437,0.089130685,-0.025267124,0.9171855,-1.1416311
3020,-3.5,Optimised,-0.09434405,0.08598226,-0.024449665,0.92837846,-1.0972501
3020,-3.0,Optimised,-0.088932455,0.08290453,-0.02347849,0.9358493,-1.0727092
3020,-2.5,Optimised,-0.08691323,0.0798033,-0.022064626,0.93962127,-1.0890931
3020,-2.0,Optimised,-0.08782485,0.076655,-0.020226363,0.9406457,-1.1457158
3020,-1.5,Optimised,-0.08758134,0.07360972,-0.018806001,0.93862206,-1.1898067
3020,-1.0,Optimised,-0.07793224,0.07084417,-0.01958907,0.9333421,-1.1000515
3020,-0.5,Optimised,-0.04174161,0.06851346,-0.026011636,0.9313292,-0.60924685
3020,0.0,Optimised,0.06260994,0.06749791,-0.048003815,0.9434301,0.9275834
3020,0.5,Optimised,0.23020542,0.069201306,-0.0830506,0.96219194,3.326605
3020,1.0,Optimised,0.3436322,0.071702264,-0.10180841,0.97536784,4.792487
3020,1.5,Optimised,0.4216746,0.07398923,-0.11000632,0.9807916,5.6991353
3020,2.0,Optimised,0.4883185,0.07590901,-0.114777945,0.9811131,6.4329453
3020,2.5,Optimised,0.54896647,0.07769821,-0.11805689,0.9779178,7.065368
3020,3.0,Optimised,0.60464007,0.0796051,-0.12037547,0.9723442,7.595494
3020,3.5,Optimised,0.6548143,0.081880584,-0.12212135,0.96647245,7.9971867
3020,4.0,Optimised,0.6976994,0.084883854,-0.12371822,0.9633695,8.21946
3020,4.5,Optimised,0.7315059,0.08910419,-0.12570074,0.96395755,8.209557
3020,5.0,Optimised,0.75563174,0.09509043,-0.12876815,0.9654477,7.9464545
3020,5.5,Optimised,0.7715187,0.102936715,-0.13324015,0.9653399,7.495078
3020,6.0,Optimised,0.78382635,0.111632235,-0.13837841,0.9631388,7.0215054
3020,6.5,Optimised,0.7975269,0.12016949,-0.14353077,0.95977575,6.6366835
3020,7.0,Optimised,0.8134113,0.12846139,-0.14865574,0.95661974,6.3319516
3020,7.5,Optimised,0.8306334,0.13659596,-0.15366581,0.95464164,6.080951
3020,8.0,Optimised,0.8488755,0.14454429,-0.15846698,0.95382947,5.8727713
3020,8.5,Optimised,0.86802435,0.15226127,-0.16306964,0.9535341,5.700887
3020,9.0,Optimised,0.8878856,0.15975988,-0.16754505,0.9532563,5.5576253
3020,9.5,Optimised,0.90823317,0.16709462,-0.17196181,0.95280415,5.4354424
3020,10.0,Optimised,0.92887574,0.17432839,-0.1763612,0.95222056,5.3283105
3020,10.5,Optimised,0.94966805,0.18151075,-0.18075876,0.9516555,5.232021
3020,11.0,Optimised,0.97051233,0.18866572,-0.18516058,0.9512347,5.144084
3020,11.5,Optimised,0.99135494,0.1957918,-0.18957701,0.9510669,5.063312
3020,12.0,Optimised,1.0121834,0.20288071,-0.19402395,0.9512636,4.989057
3020,12.5,Optimised,1.0330223,0.20993078,-0.19851485,0.95182574,4.920776
3020,13.0,Optimised,1.0538946,0.21695079,-0.20305328,0.9526219,4.857759
3020,13.5,Optimised,1.0747924,0.2239578,-0.20763305,0.95348114,4.799084
3020,14.0,Optimised,1.095689,0.23097363,-0.21224359,0.95425415,4.743784
3020,14.5,Optimised,1.1165602,0.23801889,-0.21687524,0.9548292,4.691057
3020,15.0,Optimised,1.1373972,0.245108,-0.22152165,0.9551485,4.640392
3020,15.5,Optimised,1.158206,0.2522499,-0.22618166,0.9552369,4.591502
3020,16.0,Optimised,1.1789967,0.2594525,-0.23085885,0.9551857,4.544172
3020,16.5,Optimised,1.1997552,0.2667221,-0.23555455,0.9550934,4.4981465
3020,17.0,Optimised,1.2204452,0.27406076,-0.24026594,0.95502996,4.4531918
3020,17.5,Optimised,1.241021,0.28146648,-0.2449896,0.9550464,4.4091253
3020,18.0,Optimised,1.2614448,0.2889366,-0.24972472,0.9552151,4.365819
3020,18.5,Optimised,1.2816825,0.29646897,-0.254473,0.95568085,4.3231587
3020,19.0,Optimised,1.3017069,0.3040647,-0.2592396,0.95666796,4.2810197
3020,19.5,Optimised,1.3214831,0.31172878,-0.2640309,0.9585205,4.239208
3020,20.0,Optimised,1.340975,0.319471,-0.2688521,0.9616214,4.197486
3020,20.5,Optimised,1.3601595,0.3273055,-0.27370396,0.96618307,4.155627
3020,21.0,Optimised,1.3790368,0.33524168,-0.27858186,0.9719591,4.11356
3020,21.5,Optimised,1.3976083,0.3432696,-0.2834715,0.9781068,4.07146
3020,22.0,Optimised,1.4158647,0.35135874,-0.28835297,0.9835594,4.029684
3020,22.5,Optimised,1.4337733,0.35946593,-0.29320207,0.98764205,3.9886208
3020,23.0,Optimised,1.4512985,0.36754963,-0.2979959,0.9902498,3.9485784
3020,23.5,Optimised,1.4684043,0.37557498,-0.30271524,0.99155843,3.90975
3020,24.0,Optimised,1.4850693,0.38351744,-0.30734542,0.99169135,3.8722339
3020,24.5,Optimised,1.5012724,0.39136034,-0.3118752,0.99041957,3.8360362
3020,25.0,Optimised,1.517001,0.3990916,-0.31629595,0.9867313,3.801135
3020,25.5,Optimised,1.5322424,0.4067034,-0.32060084,0.9774,3.7674687
3020,26.0,Optimised,1.5469861,0.41418916,-0.3247844,0.9518654,3.7349749
3020,26.5,Optimised,1.5612254,0.42154324,-0.3288428,0.87333727,3.703595
3020,27.0,Optimised,1.5749555,0.4287614,-0.33277363,0.63893694,3.6732678
3020,27.5,Optimised,1.5881767,0.43583977,-0.3365757,0.2430189,3.6439464
3020,28.0,Optimised,1.600897,0.44277683,-0.34024915,0.03789743,3.6155844
3020,28.5,Optimised,1.6131285,0.44956934,-0.34379548,0.0030998103,3.588164
3020,29.0,Optimised,1.624883,0.45621547,-0.34721607,0.00014911222,3.561657
3020,29.5,Optimised,1.6361755,0.46271357,-0.35051316,4.0901523e-06,3.536044
3020,30.0,Optimised,1.6470208,0.46906015,-0.35368887,5.999838e-08,3.511321
4896,-30.0,Optimised,-0.9674337,0.3544128,0.10009086,6.2910246e-09,-2.7296805
4896,-29.5,Optimised,-0.9540807,0.35021496,0.097275056,4.3854166e-07,-2.7242718
4896,-29.0,Optimised,-0.9398668,0.3458253,0.094396606,1.6246768e-05,-2.71775
4896,-28.5,Optimised,-0.9247836,0.34121794,0.09145014,0.0003413175,-2.7102432
4896,-28.0,Optimised,-0.908911,0.33636236,0.088429734,0.0042971186,-2.702178
4896,-27.5,Optimised,-0.89244497,0.33124167,0.08532686,0.033429746,-2.6942413
4896,-27.0,Optimised,-0.8756913,0.32587618,0.08213173,0.15540236,-2.6871903
4896,-26.5,Optimised,-0.8589767,0.32033044,0.0788347,0.40451384,-2.6815333
4896,-26.0,Optimised,-0.84249115,0.31467056,0.07543586,0.6443945,-2.677375
4896,-25.5,Optimised,-0.8261063,0.30887893,0.071966186,0.78501934,-2.6745312
4896,-25.0,Optimised,-0.8091459,0.30272773,0.068476275,0.85423857,-2.6728504
4896,-24.5,Optimised,-0.78929794,0.2953892,0.06465671,0.88844115,-2.672061
4896,-24.0,Optimised,-0.75914496,0.2846428,0.05866939,0.9063382,-2.6670094
4896,-23.5,Optimised,-0.7128642,0.2695886,0.048735384,0.91563964,-2.644267
4896,-23.0,Optimised,-0.66537523,0.2551166,0.0380589,0.9171922,-2.6081219
4896,-22.5,Optimised,-0.6352191,0.24590181,0.031136483,0.91331667,-2.5832226
4896,-22.0,Optimised,-0.61762166,0.24029663,0.027194548,0.90920746,-2.570247
4896,-21.5,Optimised,-0.6010518,0.2352147,0.023674464,0.9056315,-2.5553327
4896,-21.0,Optimised,-0.58309245,0.22997564,0.019993817,0.9030097,-2.535453
4896,-20.5,Optimised,-0.564672,0.22476399,0.016344149,0.9021577,-2.5122886
4896,-20.0,Optimised,-0.54629993,0.21965446,0.012833881,0.90350765,-2.487088
4896,-19.5,Optimised,-0.52799034,0.21461375,0.009461397,0.90679204,-2.4601889
4896,-19.0,Optimised,-0.5096663,0.20960718,0.0062034726,0.9113182,-2.4315307
4896,-18.5,Optimised,-0.49129984,0.20462184,0.0030469596,0.9163526,-2.4010136
4896,-18.0,Optimised,-0.47290742,0.19965559,-1.0418892e-05,0.9213268,-2.3686159
4896,-17.5,Optimised,-0.4545284,0.19470915,-0.0029631793,0.92583823,-2.3343966
4896,-17.0,Optimised,-0.43621463,0.18978575,-0.005797255,0.9295989,-2.2984583
4896,-16.5,Optimised,-0.41803375,0.18489239,-0.008494359,0.9324112,-2.260957
4896,-16.0,Optimised,-0.40006113,0.1800394,-0.011038398,0.93429244,-2.2220755
4896,-15.5,Optimised,-0.3823563,0.17523937,-0.013422298,0.93552065,-2.1819086
4896,-15.0,Optimised,-0.3649576,0.17050353,-0.015642922,0.93647003,-2.1404696
4896,-14.5,Optimised,-0.34789327,0.16583939,-0.017696071,0.93743974,-2.0977724
4896,-14.0,Optimised,-0.33118248,0.1612495,-0.019576699,0.9386186,-2.0538511
4896,-13.5,Optimised,-0.31483704,0.1567325,-0.021281296,0.9400944,-2.008754
4896,-13.0,Optimised,-0.29886132,0.15228437,-0.022809941,0.94187033,-1.9625213
4896,-12.5,Optimised,-0.28325224,0.1478993,-0.024166357,0.9438782,-1.9151696
4896,-12.0,Optimised,-0.2680043,0.14357038,-0.025356615,0.9459999,-1.8667103
4896,-11.5,Optimised,-0.25312054,0.13929047,-0.026386136,0.94809574,-1.8172137
4896,-11.0,Optimised,-0.23861793,0.13505228,-0.027258229,0.950033,-1.766856
4896,-10.5,Optimised,-0.22453573,0.1308487,-0.027972614,0.95170015,-1.7159951
4896,-10.0,Optimised,-0.21092919,0.12667112,-0.028527075,0.95299685,-1.6651719
4896,-9.5,Optimised,-0.19785959,0.12251017,-0.0289199,0.95381355,-1.6150461
4896,-9.0,Optimised,-0.18538004,0.11835637,-0.029152561,0.95401436,-1.566287
4896,-8.5,Optimised,-0.17353025,0.114202656,-0.02922992,0.9534427,-1.519494
4896,-8.0,Optimised,-0.16233718,0.11005045,-0.029156512,0.951933,-1.4751161
4896,-7.5,Optimised,-0.15182707,0.10591702,-0.028931718,0.94930923,-1.433453
4896,-7.0,Optimised,-0.14201623,0.10183779,-0.02854622,0.9454265,-1.3945338
4896,-6.5,Optimised,-0.13287461,0.09784855,-0.027990729,0.9404286,-1.357962
4896,-6.0,Optimised,-0.12428486,0.09396449,-0.027268618,0.93524426,-1.322679
4896,-5.5,Optimised,-0.116048366,0.09018442,-0.026398879,0.9318313,-1.2867895
4896,-5.0,Optimised,-0.10789251,0.086503424,-0.02542283,0.9324761,-1.247263
4896,-4.5,Optimised,-0.099475235,0.08291807,-0.02442131,0.93829405,-1.199681
4896,-4.0,Optimised,-0.090539515,0.0794297,-0.023503799,0.94835114,-1.1398698
4896,-3.5,Optimised,-0.08128804,0.07604642,-0.02273399,0.9597653,-1.0689266
4896,-3.0,Optimised,-0.07264343,0.07277778,-0.022040661,0.969173,-0.998154
4896,-2.5,Optimised,-0.06588262,0.06961469,-0.021180853,0.97488594,-0.9463896
4896,-2.0,Optimised,-0.06233847,0.06654702,-0.019768232,0.9768307,-0.9367583
4896,-1.5,Optimised,-0.061676294,0.063601114,-0.017860409,0.97563404,-0.96973604
4896,-1.0,Optimised,-0.06092757,0.060813487,-0.016334165,0.97116256,-1.001876
4896,-0.5,Optimised,-0.04971865,0.058240034,-0.017432973,0.9644262,-0.8536851
4896,0.0,Optimised,0.015856147,0.05632071,-0.03044973,0.9658887,0.28153315
4896,0.5,Optimised,0.20651674,0.057098143,-0.07279696,0.9762388,3.6168733
4896,1.0,Optimised,0.38431382,0.060240574,-0.10845886,0.9853667,6.3796506
4896,1.5,Optimised,0.4766037,0.06304106,-0.120037414,0.99025434,7.56021
4896,2.0,Optimised,0.54745626,0.06518591,-0.12524542,0.99161726,8.398383
4896,2.5,Optimised,0.610106,0.06700343,-0.12835845,0.9908444,9.105594
4896,3.0,Optimised,0.6664212,0.06889466,-0.13040872,0.98873734,9.673045
4896,3.5,Optimised,0.7144568,0.07140587,-0.13207504,0.9863209,10.005575
4896,4.0,Optimised,0.75053936,0.07545583,-0.1342118,0.9846832,9.946738
4896,4.5,Optimised,0.77180463,0.08218397,-0.13794471,0.98439366,9.391182
4896,5.0,Optimised,0.7807887,0.091441184,-0.14326599,0.9849103,8.538699
4896,5.5,Optimised,0.78738046,0.10111209,-0.14876738,0.9849049,7.787204
4896,6.0,Optimised,0.79779935,0.110221624,-0.15404122,0.98449093,7.238138
4896,6.5,Optimised,0.8115407,0.11903226,-0.15907688,0.98403513,6.817822
4896,7.0,Optimised,0.8275543,0.1276099,-0.16375974,0.98352045,6.4850326
4896,7.5,Optimised,0.84523594,0.13589656,-0.16808662,0.98276675,6.219701
4896,8.0,Optimised,0.86394835,0.14387982,-0.17216802,0.9816906,6.004653
4896,8.5,Optimised,0.88318783,0.15160273,-0.17610557,0.98018366,5.825672
4896,9.0,Optimised,0.9026967,0.15912637,-0.17996486,0.9780377,5.672829
4896,9.5,Optimised,0.92236495,0.16649751,-0.18379399,0.9751024,5.539812
4896,10.0,Optimised,0.9421643,0.17374516,-0.18763773,0.97153014,5.4226794
4896,10.5,Optimised,0.9621289,0.18090676,-0.19154398,0.96788913,5.318369
4896,11.0,Optimised,0.9823101,0.18803847,-0.19555402,0.9649029,5.2239847
4896,11.5,Optimised,1.0027461,0.19519715,-0.19968954,0.96305126,5.137094
4896,12.0,Optimised,1.0234315,0.20241804,-0.20394829,0.9624172,5.0560293
4896,12.5,Optimised,1.0443074,0.20970751,-0.20830604,0.9628343,4.979828
4896,13.0,Optimised,1.0652878,0.21704903,-0.21272835,0.9640711,4.9080515
4896,13.5,Optimised,1.0863023,0.2244201,-0.21718936,0.9658842,4.8404856
4896,14.0,Optimised,1.1073018,0.23180997,-0.22168079,0.9680233,4.7767653
4896,14.5,Optimised,1.1282545,0.23922123,-0.22620103,0.9702865,4.7163644
4896,15.0,Optimised,1.1491361,0.24666144,-0.23074536,0.97255087,4.6587586
4896,15.5,Optimised,1.1699305,0.25413802,-0.2353076,0.9747594,4.6035237
4896,16.0,Optimised,1.1906245,0.2616594,-0.23988228,0.97688043,4.5502834
4896,16.5,Optimised,1.2112088,0.26923615,-0.24446902,0.9788824,4.498686
4896,17.0,Optimised,1.2316706,0.2768821,-0.24907012,0.9807328,4.4483576
4896,17.5,Optimised,1.2519963,0.28461224,-0.2536912,0.9824091,4.3989544
4896,18.0,Optimised,1.272169,0.2924412,-0.25833946,0.98391473,4.35017
4896,18.5,Optimised,1.2921683,0.30037847,-0.26302144,0.9852963,4.3018007
4896,19.0,Optimised,1.3119711,0.30842525,-0.2677453,0.9866403,4.253773
4896,19.5,Optimised,1.3315523,0.31657135,-0.2725179,0.98807216,4.2061677
4896,20.0,Optimised,1.350889,0.3247953,-0.27734345,0.98969704,4.159201
4896,20.5,Optimised,1.3699715,0.33307418,-0.2822187,0.9915091,4.1131124
4896,21.0,Optimised,1.3888121,0.3413837,-0.2871315,0.99335337,4.0681853
4896,21.5,Optimised,1.407418,0.34969133,-0.29206094,0.99500257,4.0247436
4896,22.0,Optimised,1.4257656,0.3579585,-0.29697818,0.9962921,3.9830472
4896,22.5,Optimised,1.4437798,0.36615598,-0.30184877,0.9971819,3.9430733
4896,23.0,Optimised,1.461312,0.37427035,-0.30662483,0.99770904,3.9044292
4896,23.5,Optimised,1.4781016,0.38232002,-0.3112352,0.9979054,3.866137
4896,24.0,Optimised,1.4937884,0.39034367,-0.31558573,0.99771523,3.8268545
4896,24.5,Optimised,1.5085969,0.39825913,-0.31971997,0.99692494,3.7879782
4896,25.0,Optimised,1.5260633,0.40538448,-0.3244627,0.9956701,3.764484
4896,25.5,Optimised,1.5503588,0.40948102,-0.3308714,0.99540555,3.7861555
4896,26.0,Optimised,1.5736991,0.40860635,-0.33725438,0.9945815,3.851382
4896,26.5,Optimised,1.5924358,0.40638936,-0.34249687,0.9864892,3.9184978
4896,27.0,Optimised,1.6090863,0.4059745,-0.34695783,0.93710595,3.9635155
4896,27.5,Optimised,1.6241812,0.40741733,-0.35081202,0.65397143,3.9865294
4896,28.0,Optimised,1.6381664,0.4100498,-0.35419345,0.13643144,3.9950426
4896,28.5,Optimised,1.6521924,0.41338688,-0.35723954,0.008645363,3.9967217
4896,29.0,Optimised,1.6661744,0.41741168,-0.3600331,0.00031140068,3.9916813
4896,29.5,Optimised,1.6790841,0.42236534,-0.36261922,6.829477e-06,3.9754305
4896,30.0,Optimised,1.6913176,0.42821544,-0.36502805,8.3908326e-08,3.9496884
7206,-30.0,Optimised,-0.9374973,0.3447127,0.086418495,2.093029e-09,-2.7196484
7206,-29.5,Optimised,-0.9259285,0.34105948,0.083385654,1.4781608e-07,-2.7148592
7206,-29.0,Optimised,-0.9140332,0.33732253,0.08029918,5.59754e-06,-2.7096713
7206,-28.5,Optimised,-0.9018215,0.333506,0.07716649,0.000121586985,-2.704064
7206,-28.0,Optimised,-0.8893056,0.3296121,0.07399575,0.0016087161,-2.698037
7206,-27.5,Optimised,-0.87649333,0.3256449,0.07079436,0.013580898,-2.6915617
7206,-27.0,Optimised,-0.8633883,0.3216077,0.06756944,0.07379349,-2.6846008
7206,-26.5,Optimised,-0.84998673,0.31750488,0.06432901,0.24651153,-2.6770823
7206,-26.0,Optimised,-0.8362727,0.3133411,0.06108121,0.49804595,-2.6688893
7206,-25.5,Optimised,-0.82222635,0.30912125,0.057835095,0.69779056,-2.659883
7206,-25.0,Optimised,-0.8078321,0.30485016,0.054599922,0.81042457,-2.6499317
7206,-24.5,Optimised,-0.79309916,0.30053076,0.05138529,0.8673199,-2.638995
7206,-24.0,Optimised,-0.77805054,0.29616195,0.048200965,0.89594084,-2.6271117
7206,-23.5,Optimised,-0.76271486,0.29173663,0.04505828,0.9109434,-2.6143951
7206,-23.0,Optimised,-0.74710864,0.28724116,0.041971523,0.91978806,-2.6009805
7206,-22.5,Optimised,-0.7312207,0.28265738,0.038961522,0.92636883,-2.5869508
7206,-22.0,Optimised,-0.7150142,0.27795398,0.036062866,0.93224347,-2.5724194
7206,-21.5,Optimised,-0.69844174,0.27306494,0.03332286,0.93762153,-2.5577862
7206,-21.0,Optimised,-0.68152833,0.26790562,0.030777091,0.9420674,-2.543912
7206,-20.5,Optimised,-0.66448414,0.262419,0.028419226,0.9450287,-2.5321496
7206,-20.0,Optimised,-0.6476383,0.25656262,0.02622431,0.9461062,-2.5242894
7206,-19.5,Optimised,-0.6309483,0.25032625,0.02418686,0.9453399,-2.520504
7206,-19.0,Optimised,-0.61349094,0.24373661,0.02232496,0.9433899,-2.5170243
7206,-18.5,Optimised,-0.59400403,0.23685765,0.020614099,0.94106805,-2.5078523
7206,-18.0,Optimised,-0.5734337,0.22966053,0.018887509,0.93747866,-2.4968753
7206,-17.5,Optimised,-0.5516235,0.22073482,0.016840667,0.931958,-2.4990327
7206,-17.0,Optimised,-0.49461773,0.20327522,0.0077343225,0.93408644,-2.4332416
7206,-16.5,Optimised,-0.40944153,0.18320832,-0.008530694,0.9442385,-2.2348413
7206,-16.0,Optimised,-0.38416228,0.17633224,-0.013086217,0.94928664,-2.1786277
7206,-15.5,Optimised,-0.37270045,0.17225283,-0.014507258,0.9525707,-2.1636825
7206,-15.0,Optimised,-0.35586828,0.16722678,-0.016813219,0.9543634,-2.128058
7206,-14.5,Optimised,-0.33766744,0.16209713,-0.019184524,0.954444,-2.083118
7206,-14.0,Optimised,-0.3203758,0.15729305,-0.021158617,0.9533899,-2.0368083
7206,-13.5,Optimised,-0.30406317,0.15273553,-0.022771418,0.9521263,-1.9907821
7206,-13.0,Optimised,-0.28839386,0.14828327,-0.024137473,0.9512545,-1.9448847
7206,-12.5,Optimised,-0.27319777,0.14386651,-0.02531504,0.9509165,-1.8989671
7206,-12.0,Optimised,-0.25842845,0.13946114,-0.02632535,0.9509781,-1.8530499
7206,-11.5,Optimised,-0.24407858,0.13505994,-0.02717765,0.9512112,-1.8071871
7206,-11.0,Optimised,-0.23014507,0.13066071,-0.027878594,0.9514029,-1.7613945
7206,-10.5,Optimised,-0.21662685,0.12626563,-0.028433006,0.9513914,-1.7156439
7206,-10.0,Optimised,-0.20352435,0.12187984,-0.028844321,0.95104414,-1.669877
7206,-9.5,Optimised,-0.19084013,0.11751082,-0.029115409,0.9502281,-1.6240218
7206,-9.0,Optimised,-0.17858654,0.11316583,-0.029247522,0.9488371,-1.5780959
7206,-8.5,Optimised,-0.1667892,0.10885136,-0.029240023,0.94688696,-1.5322657
7206,-8.0,Optimised,-0.15547782,0.10457371,-0.029091883,0.94456714,-1.4867773
7206,-7.5,Optimised,-0.14468011,0.10034163,-0.028804332,0.94218814,-1.4418752
7206,-7.0,Optimised,-0.1344257,0.09616603,-0.028378982,0.9400508,-1.3978502
7206,-6.5,Optimised,-0.124759555,0.09206161,-0.027810624,0.938346,-1.3551747
7206,-6.0,Optimised,-0.11571789,0.088053055,-0.027084315,0.9371522,-1.3141837
7206,-5.5,Optimised,-0.10722801,0.08416689,-0.026193673,0.936664,-1.2739928
7206,-5.0,Optimised,-0.09897968,0.08039654,-0.025175923,0.93789417,-1.2311436
7206,-4.5,Optimised,-0.090298325,0.07669741,-0.024150442,0.9426497,-1.1773322
7206,-4.0,Optimised,-0.0805189,0.07305844,-0.023271564,0.9511534,-1.1021163
7206,-3.5,Optimised,-0.07142934,0.06961954,-0.02226029,0.9608827,-1.0259956
7206,-3.0,Optimised,-0.06932655,0.06667076,-0.019896278,0.96946263,-1.0398344
7206,-2.5,Optimised,-0.07442585,0.06409664,-0.016117524,0.9768097,-1.1611506
7206,-2.0,Optimised,-0.07899019,0.061479308,-0.012617573,0.98262215,-1.2848257
7206,-1.5,Optimised,-0.06915265,0.058334656,-0.012490693,0.9838674,-1.1854472
7206,-1.0,Optimised,-0.045151055,0.054534122,-0.015652508,0.9790604,-0.82794136
7206,-0.5,Optimised,-0.047658175,0.051558446,-0.013567999,0.9736235,-0.9243524
7206,0.0,Optimised,-0.011123598,0.049380593,-0.019840162,0.9753469,-0.22526254
7206,0.5,Optimised,0.16491997,0.049206574,-0.05886689,0.98390895,3.3515842
7206,1.0,Optimised,0.40624386,0.052654497,-0.11063538,0.9902497,7.715274
7206,1.5,Optimised,0.5187229,0.055822372,-0.12715493,0.99391466,9.292383
7206,2.0,Optimised,0.593576,0.05812828,-0.13300835,0.9953153,10.211485
7206,2.5,Optimised,0.65661764,0.060001742,-0.13582936,0.9953414,10.94331
7206,3.0,Optimised,0.7113863,0.062042784,-0.1376768,0.99466056,11.466061
7206,3.5,Optimised,0.7546327,0.06530306,-0.13981874,0.993747,11.555856
7206,4.0,Optimised,0.7805225,0.071549684,-0.14385459,0.99229676,10.908818
7206,4.5,Optimised,0.7876595,0.081337884,-0.1496884,0.98911244,9.683797
7206,5.0,Optimised,0.78868985,0.09210944,-0.15544972,0.9865151,8.56253
7206,5.5,Optimised,0.7937569,0.10201619,-0.16095461,0.98728323,7.7806954
7206,6.0,Optimised,0.8040813,0.11112139,-0.1658783,0.9879461,7.2360625
7206,6.5,Optimised,0.81904006,0.1197777,-0.1702176,0.987329,6.8380013
7206,7.0,Optimised,0.83701515,0.12810123,-0.1741283,0.9862547,6.5340133
7206,7.5,Optimised,0.85632277,0.13618512,-0.17775866,0.98524135,6.287932
7206,8.0,Optimised,0.87594897,0.1440594,-0.18125471,0.9843588,6.0804706
7206,8.5,Optimised,0.8951586,0.15173092,-0.18463406,0.98374695,5.899645
7206,9.0,Optimised,0.91359985,0.15916835,-0.18786924,0.9825889,5.739834
7206,9.5,Optimised,0.9319564,0.16641925,-0.19112363,0.9795002,5.600052
7206,10.0,Optimised,0.95076716,0.17362423,-0.19456239,0.974533,5.476005
7206,10.5,Optimised,0.970065,0.18088242,-0.19821744,0.96915966,5.362959
7206,11.0,Optimised,0.989903,0.18823291,-0.20207754,0.9648483,5.258926
7206,11.5,Optimised,1.0102664,0.19565153,-0.20610137,0.96246034,5.163601
7206,12.0,Optimised,1.0310329,0.20308387,-0.21024187,0.9621756,5.0768824
7206,12.5,Optimised,1.0520563,0.21050012,-0.21446922,0.9635536,4.9978895
7206,13.0,Optimised,1.0732262,0.21791044,-0.21876793,0.96584284,4.9250793
7206,13.5,Optimised,1.0944808,0.2253468,-0.22312982,0.9683848,4.8568726
7206,14.0,Optimised,1.115774,0.23284696,-0.22754979,0.9708009,4.7918773
7206,14.5,Optimised,1.1370668,0.2404469,-0.23202471,0.9729697,4.728973
7206,15.0,Optimised,1.1583183,0.24817747,-0.23655108,0.97493374,4.6672983
7206,15.5,Optimised,1.179486,0.25605765,-0.24112439,0.97681546,4.60633
7206,16.0,Optimised,1.2005299,0.2640884,-0.24573755,0.9787404,4.54594
7206,16.5,Optimised,1.2213974,0.27224767,-0.25037843,0.9807746,4.4863467
7206,17.0,Optimised,1.2419916,0.28049624,-0.2550228,0.98287386,4.427837
7206,17.5,Optimised,1.2621166,0.28879616,-0.2596229,0.9848518,4.370268
7206,18.0,Optimised,1.2813883,0.29713967,-0.26408872,0.9863652,4.312411
7206,18.5,Optimised,1.2994608,0.30554217,-0.26834434,0.98713404,4.252967
7206,19.0,Optimised,1.3188751,0.31374687,-0.27301595,0.98898226,4.203628
7206,19.5,Optimised,1.3465562,0.31988603,-0.27987182,0.99471515,4.2094874
7206,20.0,Optimised,1.37539,0.32176787,-0.28737077,0.99749017,4.2744794
7206,20.5,Optimised,1.4013473,0.32341838,-0.29405913,0.9980122,4.332924
7206,21.0,Optimised,1.4252911,0.32688498,-0.29986128,0.9980623,4.360222
7206,21.5,Optimised,1.4484599,0.33137614,-0.304814,0.9979231,4.3710446
7206,22.0,Optimised,1.4731544,0.33664462,-0.30909434,0.9978357,4.375993
7206,22.5,Optimised,1.4951633,0.34302106,-0.31287837,0.9979122,4.358809
7206,23.0,Optimised,1.5156958,0.35045534,-0.31640738,0.99795216,4.3249326
7206,23.5,Optimised,1.5357825,0.3581807,-0.31982565,0.9977763,4.2877307
7206,24.0,Optimised,1.5555644,0.3657297,-0.3230876,0.997232,4.2533174
7206,24.5,Optimised,1.5760883,0.3726661,-0.32605296,0.9959972,4.2292237
7206,25.0,Optimised,1.5970521,0.37869576,-0.32867277,0.99321824,4.217243
7206,25.5,Optimised,1.6170232,0.38414043,-0.3310118,0.98627704,4.2094584
7206,26.0,Optimised,1.6353844,0.3894539,-0.33318132,0.9657806,4.1991735
7206,26.5,Optimised,1.6520027,0.39470977,-0.33531436,0.89474696,4.1853604
7206,27.0,Optimised,1.6669848,0.39982808,-0.33747905,0.6538838,4.169254
7206,27.5,Optimised,1.6806433,0.40479746,-0.33966762,0.22924128,4.151813
7206,28.0,Optimised,1.6932907,0.40963903,-0.34185225,0.030789262,4.1336164
7206,28.5,Optimised,1.7051152,0.41437414,-0.34400558,0.0021892514,4.114917
7206,29.0,Optimised,1.7162263,0.41898876,-0.3461223,9.2657356e-05,4.0961156
7206,29.5,Optimised,1.726695,0.4234645,-0.34822044,2.2497843e-06,4.0775433
7206,30.0,Optimised,1.7365646,0.4278132,-0.35031766,2.9311794e-08,4.0591655
9930,-30.0,Optimised,-0.9177678,0.33565515,0.08013911,9.027867e-10,-2.7342582
9930,-29.5,Optimised,-0.9051744,0.33202493,0.07681378,6.13938e-08,-2.7262242
9930,-29.0,Optimised,-0.89222765,0.32833013,0.07343641,2.2665972e-06,-2.7174711
9930,-28.5,Optimised,-0.8789513,0.32457042,0.070015244,4.8663598e-05,-2.708045
9930,-28.0,Optimised,-0.8653729,0.3207441,0.06655978,0.00064631604,-2.6980166
9930,-27.5,Optimised,-0.8515194,0.3168482,0.06307827,0.005592473,-2.687468
9930,-27.0,Optimised,-0.8374103,0.31288022,0.05957813,0.032490864,-2.6764565
9930,-26.5,Optimised,-0.8230544,0.30883688,0.056064893,0.12590629,-2.6650133
9930,-26.0,Optimised,-0.8084482,0.30471703,0.0525423,0.31546906,-2.6531112
9930,-25.5,Optimised,-0.7935858,0.3005243,0.049015123,0.53264797,-2.640671
9930,-25.0,Optimised,-0.7784613,0.2962662,0.045490347,0.6925352,-2.6275737
9930,-24.5,Optimised,-0.76307523,0.29195535,0.041978292,0.7861371,-2.613671
9930,-24.0,Optimised,-0.7474363,0.28760475,0.038490634,0.8369245,-2.5988314
9930,-23.5,Optimised,-0.73156315,0.28322485,0.03504061,0.86443263,-2.5829766
9930,-23.0,Optimised,-0.71548283,0.27882373,0.03164217,0.8805074,-2.5660758
9930,-22.5,Optimised,-0.699224,0.27440664,0.028310616,0.89234704,-2.5481308
9930,-22.0,Optimised,-0.68279624,0.26997465,0.025060242,0.90353143,-2.5291123
9930,-21.5,Optimised,-0.66617537,0.26552597,0.021902442,0.9147216,-2.5088897
9930,-21.0,Optimised,-0.64930004,0.26105553,0.018842703,0.92506593,-2.4872105
9930,-20.5,Optimised,-0.6320809,0.25656256,0.015875911,0.9339252,-2.4636521
9930,-20.0,Optimised,-0.6143897,0.25205666,0.01298185,0.9413386,-2.4375064
9930,-19.5,Optimised,-0.5960543,0.24755903,0.0101301195,0.94766027,-2.407726
9930,-19.0,Optimised,-0.57688236,0.24309665,0.007291579,0.9531895,-2.3730576
9930,-18.5,Optimised,-0.5567889,0.23868792,0.0044535277,0.95802087,-2.3327067
9930,-18.0,Optimised,-0.5359701,0.23432735,0.0016359508,0.9620956,-2.2872708
9930,-17.5,Optimised,-0.5149561,0.2299741,-0.0010918617,0.9653382,-2.2391918
9930,-17.0,Optimised,-0.49455395,0.22554864,-0.0035883188,0.96775067,-2.192671
9930,-16.5,Optimised,-0.4758753,0.22095934,-0.005613732,0.96934885,-2.1536782
9930,-16.0,Optimised,-0.46016228,0.21612012,-0.0068712533,0.9700566,-2.129197
9930,-15.5,Optimised,-0.44807673,0.2108735,-0.0071749864,0.9696498,-2.1248603
9930,-15.0,Optimised,-0.43923146,0.20506176,-0.00663293,0.96775204,-2.141947
9930,-14.5,Optimised,-0.43239778,0.1986657,-0.0055979253,0.9640057,-2.1765096
9930,-14.0,Optimised,-0.42536822,0.19175199,-0.00439803,0.9582667,-2.218325
9930,-13.5,Optimised,-0.4149413,0.18444492,-0.0031719445,0.9507924,-2.249676
9930,-13.0,Optimised,-0.40341684,0.17603189,-0.0016544163,0.93936056,-2.2917259
9930,-12.5,Optimised,-0.34802717,0.15733835,-0.0085170325,0.931927,-2.2119665
9930,-12.0,Optimised,-0.2441108,0.13619013,-0.026640296,0.9443891,-1.7924265
9930,-11.5,Optimised,-0.2371935,0.13199484,-0.026686871,0.95163906,-1.7969906
9930,-11.0,Optimised,-0.22924912,0.12775484,-0.026858766,0.9569757,-1.7944458
9930,-10.5,Optimised,-0.21383509,0.12260169,-0.028219521,0.96000683,-1.7441448
9930,-10.0,Optimised,-0.19923076,0.11785405,-0.029066961,0.96037143,-1.6904871
9930,-9.5,Optimised,-0.18653002,0.11351456,-0.029291462,0.9591563,-1.6432256
9930,-9.0,Optimised,-0.17471606,0.10927521,-0.02923066,0.95720154,-1.5988628
9930,-8.5,Optimised,-0.1632691,0.10502106,-0.029044801,0.95464545,-1.5546321
9930,-8.0,Optimised,-0.15209058,0.10075989,-0.0287701,0.95148915,-1.5094357
9930,-7.5,Optimised,-0.14120507,0.09652865,-0.028407376,0.9479899,-1.4628307
9930,-7.0,Optimised,-0.13067675,0.09236091,-0.027946036,0.9446721,-1.4148492
9930,-6.5,Optimised,-0.1206218,0.08827658,-0.027364697,0.9419519,-1.3664078
9930,-6.0,Optimised,-0.11128527,0.08427802,-0.026618298,0.93957025,-1.3204542
9930,-5.5,Optimised,-0.10300055,0.080355264,-0.025633711,0.9363335,-1.2818146
9930,-5.0,Optimised,-0.09525433,0.07647326,-0.024479175,0.9309491,-1.2455901
9930,-4.5,Optimised,-0.084836364,0.07250535,-0.02379189,0.92382467,-1.1700704
9930,-4.0,Optimised,-0.07639626,0.06892328,-0.022545347,0.91627455,-1.1084245
9930,-3.5,Optimised,-0.105231196,0.068060815,-0.012999022,0.90539825,-1.5461348
9930,-3.0,Optimised,-0.16999856,0.0695537,0.004675454,0.898369,-2.4441338
9930,-2.5,Optimised,-0.22642592,0.069717586,0.01941216,0.92233396,-3.2477589
9930,-2.0,Optimised,-0.26683158,0.06867764,0.026708812,0.96664774,-3.8852758
9930,-1.5,Optimised,-0.25963098,0.06523543,0.02371372,0.98760146,-3.9799075
9930,-1.0,Optimised,-0.19183612,0.060647495,0.008807194,0.99268794,-3.1631334
9930,-0.5,Optimised,-0.09895882,0.055234764,-0.0076829433,0.9878692,-1.7916039
9930,0.0,Optimised,-0.009854704,0.048885856,-0.021400368,0.97027045,-0.201586
9930,0.5,Optimised,0.16386274,0.04565825,-0.057584696,0.9760109,3.5888965
9930,1.0,Optimised,0.39952168,0.047696628,-0.106501,0.9895446,8.376308
9930,1.5,Optimised,0.5449872,0.050694548,-0.13069558,0.9947314,10.750411
9930,2.0,Optimised,0.6285432,0.05317779,-0.13864973,0.9964881,11.819656
9930,2.5,Optimised,0.6918025,0.05531816,-0.14153728,0.9967899,12.505884
9930,3.0,Optimised,0.7436626,0.05791168,-0.14351134,0.99631244,12.841323
9930,3.5,Optimised,0.78025144,0.06279441,-0.14727183,0.9948232,12.425492
9930,4.0,Optimised,0.791054,0.07210019,-0.15351208,0.98938483,10.971594
9930,4.5,Optimised,0.7799006,0.08400817,-0.1579067,0.96180695,9.2836275
9930,5.0,Optimised,0.78962255,0.095412135,-0.16392572,0.8928255,8.275913
9930,5.5,Optimised,0.8504488,0.10470065,-0.17685722,0.90909535,8.12267
9930,6.0,Optimised,0.8993504,0.11275905,-0.18603007,0.9575465,7.9758596
9930,6.5,Optimised,0.92608446,0.12106603,-0.19103812,0.9744682,7.6494164
9930,7.0,Optimised,0.94276416,0.12959561,-0.1946294,0.9764232,7.2746615
9930,7.5,Optimised,0.94647956,0.13811618,-0.1966475,0.9672157,6.8527784
9930,8.0,Optimised,0.92567086,0.14558963,-0.19424912,0.944281,6.3580823
9930,8.5,Optimised,0.9047339,0.15210457,-0.19077122,0.9476033,5.9481044
9930,9.0,Optimised,0.9207498,0.1599302,-0.19355923,0.97276264,5.757198
9930,9.5,Optimised,0.9367384,0.16740021,-0.19631082,0.9787662,5.595802
9930,10.0,Optimised,0.9542278,0.1746887,-0.1994544,0.9766092,5.462447
9930,10.5,Optimised,0.97343993,0.18193178,-0.20299676,0.97226286,5.350577
9930,11.0,Optimised,0.99392605,0.18919495,-0.20680313,0.9682371,5.2534494
9930,11.5,Optimised,1.0153894,0.19652033,-0.21081476,0.9654557,5.166842
9930,12.0,Optimised,1.037431,0.20391999,-0.21498013,0.96399665,5.0874414
9930,12.5,Optimised,1.0597005,0.21140946,-0.21925595,0.9635686,5.01255
9930,13.0,Optimised,1.0819134,0.21900995,-0.22360201,0.96388775,4.940019
9930,13.5,Optimised,1.1037483,0.22672756,-0.22795832,0.9646658,4.8681703
9930,14.0,Optimised,1.1247044,0.23454572,-0.23221397,0.9652624,4.7952456
9930,14.5,Optimised,1.1442891,0.24245185,-0.23624897,0.96483487,4.719655
9930,15.0,Optimised,1.1652079,0.2505219,-0.24069552,0.9684533,4.6511216
9930,15.5,Optimised,1.1951742,0.25800198,-0.24750872,0.98486876,4.6324224
9930,16.0,Optimised,1.2254789,0.26268816,-0.25480646,0.9920805,4.665147
9930,16.5,Optimised,1.2540426,0.267326,-0.26144433,0.9933676,4.691061
9930,17.0,Optimised,1.2816769,0.2729064,-0.2672755,0.99311346,4.6963973
9930,17.5,Optimised,1.3114527,0.2788813,-0.27224398,0.992308,4.702548
9930,18.0,Optimised,1.340653,0.2854122,-0.27638963,0.99272317,4.697252
9930,18.5,Optimised,1.3666852,0.2923606,-0.28000087,0.99377775,4.6746554
9930,19.0,Optimised,1.3919373,0.29963952,-0.28344998,0.9946385,4.645373
9930,19.5,Optimised,1.4161245,0.30692172,-0.28674746,0.9951871,4.61396
9930,20.0,Optimised,1.4398241,0.31400633,-0.28969425,0.9955569,4.585335
9930,20.5,Optimised,1.4623533,0.3206178,-0.2923242,0.99587315,4.5610485
9930,21.0,Optimised,1.4837914,0.32694882,-0.2947173,0.99616134,4.5382986
9930,21.5,Optimised,1.5042477,0.33328104,-0.29702288,0.99638546,4.513451
9930,22.0,Optimised,1.5232717,0.33952236,-0.299447,0.99653816,4.4865136
9930,22.5,Optimised,1.5408597,0.34558582,-0.30203804,0.996599,4.458689
9930,23.0,Optimised,1.5573651,0.3514928,-0.30474526,0.9965056,4.430717
9930,23.5,Optimised,1.5730368,0.3573005,-0.30751067,0.9961488,4.4025598
9930,24.0,Optimised,1.5879899,0.36297405,-0.31029907,0.9953253,4.374941
9930,24.5,Optimised,1.6023197,0.3684687,-0.31311512,0.9935504,4.3485913
9930,25.0,Optimised,1.6160858,0.37381482,-0.31597653,0.9895499,4.3232255
9930,25.5,Optimised,1.6292663,0.3790553,-0.3188848,0.9795008,4.2982287
9930,26.0,Optimised,1.6418728,0.38420546,-0.32182488,0.95036936,4.2734237
9930,26.5,Optimised,1.654006,0.3892606,-0.32477623,0.8549056,4.249097
9930,27.0,Optimised,1.6657445,0.39420962,-0.32772732,0.57282835,4.2255297
9930,27.5,Optimised,1.6770998,0.39904374,-0.33067292,0.17793751,4.202797
9930,28.0,Optimised,1.6880578,0.40376872,-0.33359927,0.023131743,4.180754
9930,28.5,Optimised,1.6986088,0.4084013,-0.3364867,0.0016650233,4.159166
9930,29.0,Optimised,1.7087364,0.4129638,-0.3393207,7.1379654e-05,4.1377387
9930,29.5,Optimised,1.7184204,0.4174737,-0.34209532,1.7465792e-06,4.116236
9930,30.0,Optimised,1.7276394,0.4219381,-0.3448072,2.2829616e-08,4.094533
13039,-30.0,Optimised,-0.9134257,0.331384,0.078889444,1.1290743e-09,-2.7563965
13039,-29.5,Optimised,-0.90054417,0.32754812,0.07538988,7.275912e-08,-2.7493494
13039,-29.0,Optimised,-0.88723046,0.32364222,0.07182171,2.5207535e-06,-2.7413929
13039,-28.5,Optimised,-0.87349033,0.31967324,0.06819137,5.0329218e-05,-2.7324474
13039,-28.0,Optimised,-0.85933197,0.31564927,0.06450576,0.00061700953,-2.7224267
13039,-27.5,Optimised,-0.844767,0.3115781,0.060772557,0.0049089123,-2.7112527
13039,-27.0,Optimised,-0.8298092,0.3074689,0.0570005,0.02634161,-2.6988394
13039,-26.5,Optimised,-0.8144754,0.30332708,0.053198315,0.09672666,-2.6851392
13039,-26.0,Optimised,-0.7987907,0.29915634,0.049375545,0.24213208,-2.6701446
13039,-25.5,Optimised,-0.7827856,0.29495597,0.045541942,0.4279612,-2.6539066
13039,-25.0,Optimised,-0.7664908,0.29072255,0.041707598,0.58769184,-2.6365027
13039,-24.5,Optimised,-0.74993646,0.28645247,0.037883304,0.69528574,-2.6180136
13039,-24.0,Optimised,-0.73315954,0.28214312,0.034081884,0.7598973,-2.5985377
13039,-23.5,Optimised,-0.71620286,0.2777946,0.03031848,0.7967231,-2.578174
13039,-23.0,Optimised,-0.69913447,0.2734114,0.026613032,0.81720155,-2.5570788
13039,-22.5,Optimised,-0.6820477,0.26900253,0.022989517,0.82948744,-2.5354695
13039,-22.0,Optimised,-0.66504896,0.2645787,0.019473832,0.8394122,-2.513615
13039,-21.5,Optimised,-0.6482193,0.26014933,0.01608709,0.8507383,-2.49172
13039,-21.0,Optimised,-0.63158906,0.25572145,0.012841338,0.864337,-2.4698322
13039,-20.5,Optimised,-0.6151368,0.25129798,0.009740854,0.8788821,-2.4478383
13039,-20.0,Optimised,-0.5988139,0.24688137,0.0067878603,0.8927036,-2.4255128
13039,-19.5,Optimised,-0.58256555,0.24247792,0.0039852797,0.90496165,-2.402551
13039,-19.0,Optimised,-0.56633645,0.23809801,0.0013329268,0.9155692,-2.3785853
13039,-18.5,Optimised,-0.5500623,0.2337544,-0.001178521,0.9246817,-2.3531635
13039,-18.0,Optimised,-0.5336658,0.22945398,-0.0035682023,0.9323918,-2.3258073
13039,-17.5,Optimised,-0.5170759,0.22519192,-0.005857122,0.93868226,-2.2961564
13039,-17.0,Optimised,-0.50028205,0.2209526,-0.008046883,0.9435093,-2.2642052
13039,-16.5,Optimised,-0.4834047,0.21671334,-0.010097986,0.946841,-2.230618
13039,-16.0,Optimised,-0.46668577,0.21245186,-0.01194002,0.94879436,-2.196666
13039,-15.5,Optimised,-0.45030144,0.20816001,-0.013532639,0.9498683,-2.1632466
13039,-15.0,Optimised,-0.434242,0.20384882,-0.014885592,0.9508211,-2.130216
13039,-14.5,Optimised,-0.41844922,0.19953105,-0.015990179,0.952272,-2.0971634
13039,-14.0,Optimised,-0.40314242,0.19519612,-0.016765088,0.9545429,-2.0653198
13039,-13.5,Optimised,-0.38918626,0.19078737,-0.017065888,0.9576259,-2.0398953
13039,-13.0,Optimised,-0.37785804,0.18618561,-0.016729986,0.9610318,-2.0294695
13039,-12.5,Optimised,-0.36997333,0.18124086,-0.015628094,0.9637303,-2.041335
13039,-12.0,Optimised,-0.36530033,0.17588103,-0.013724839,0.9646336,-2.076974
13039,-11.5,Optimised,-0.3627041,0.17002471,-0.011162853,0.9634149,-2.1332436
13039,-11.0,Optimised,-0.3608618,0.16361135,-0.008293062,0.96024424,-2.2056038
13039,-10.5,Optimised,-0.3581068,0.15685765,-0.005599743,0.9545567,-2.283005
13039,-10.0,Optimised,-0.35261804,0.14995408,-0.0028905808,0.9448021,-2.3515067
13039,-9.5,Optimised,-0.31908622,0.13389559,-0.0038924753,0.93317086,-2.3830974
13039,-9.0,Optimised,-0.17179677,0.10756658,-0.027054781,0.94978,-1.5971203
13039,-8.5,Optimised,-0.16439453,0.10289736,-0.026785184,0.95700127,-1.5976554
13039,-8.0,Optimised,-0.15892312,0.09862466,-0.026312599,0.96115017,-1.6113933
13039,-7.5,Optimised,-0.14496773,0.09367696,-0.027022306,0.9621845,-1.5475281
13039,-7.0,Optimised,-0.13186556,0.08921121,-0.02720211,0.96034855,-1.4781277
13039,-6.5,Optimised,-0.12066692,0.08519706,-0.026802653,0.9568265,-1.4163272
13039,-6.0,Optimised,-0.11097938,0.08140973,-0.026019454,0.9518515,-1.3632201
13039,-5.5,Optimised,-0.10272205,0.07768915,-0.024929147,0.94377315,-1.3222188
13039,-5.0,Optimised,-0.09560567,0.073958956,-0.023551632,0.929053,-1.2926855
13039,-4.5,Optimised,-0.08747652,0.07016634,-0.022198018,0.9036887,-1.2467021
13039,-4.0,Optimised,-0.07325435,0.06615082,-0.021965722,0.86701375,-1.1073837
13039,-3.5,Optimised,-0.07073644,0.063258536,-0.01910385,0.82017475,-1.1182117
13039,-3.0,Optimised,-0.13051406,0.06454755,-0.0022752224,0.7653735,-2.021983
13039,-2.5,Optimised,-0.2055187,0.06560967,0.017368566,0.7747157,-3.132445
13039,-2.0,Optimised,-0.2713018,0.065381564,0.0301058,0.87010247,-4.149515
13039,-1.5,Optimised,-0.27665657,0.063691266,0.025130784,0.95678294,-4.343713
13039,-1.0,Optimised,-0.124807894,0.0611084,-0.014755693,0.9906466,-2.0424016
13039,-0.5,Optimised,0.021310002,0.056059886,-0.044572476,0.996055,0.38012925
13039,0.0,Optimised,0.16087389,0.05041673,-0.06771286,0.9941036,3.1908832
13039,0.5,Optimised,0.26305133,0.04528662,-0.08289585,0.98808634,5.8085885
13039,1.0,Optimised,0.39673105,0.04465568,-0.10548286,0.9906036,8.884224
13039,1.5,Optimised,0.55306077,0.047128484,-0.13090119,0.99512285,11.73517
13039,2.0,Optimised,0.65210783,0.049845256,-0.1422915,0.9968874,13.082646
13039,2.5,Optimised,0.7163267,0.052519105,-0.14595091,0.9969348,13.639355
13039,3.0,Optimised,0.7618985,0.056109253,-0.14882714,0.9951143,13.578839
13039,3.5,Optimised,0.78318346,0.06256927,-0.1542242,0.98766077,12.517063
13039,4.0,Optimised,0.9307601,0.0676155,-0.17976508,0.96852285,13.765484
13039,4.5,Optimised,1.0684472,0.07166053,-0.19560798,0.9558689,14.909842
13039,5.0,Optimised,1.0899011,0.07909572,-0.19313179,0.9598915,13.77952
13039,5.5,Optimised,1.0831668,0.08980428,-0.19182536,0.9760894,12.061417
13039,6.0,Optimised,1.0618367,0.101892635,-0.19219057,0.9878033,10.421133
13039,6.5,Optimised,1.051087,0.11314455,-0.19521214,0.99271166,9.289772
13039,7.0,Optimised,1.0496316,0.12349838,-0.19941577,0.99388736,8.499153
13039,7.5,Optimised,1.0421654,0.13407227,-0.2033606,0.99117076,7.7731614
13039,8.0,Optimised,1.0154612,0.14506581,-0.2062619,0.9726008,7.0000033
13039,8.5,Optimised,0.9402677,0.15250768,-0.19915745,0.927896,6.1653795
13039,9.0,Optimised,0.9244338,0.16005276,-0.19760378,0.9567812,5.775807
13039,9.5,Optimised,0.94152725,0.16801618,-0.20046058,0.9771398,5.6037893
13039,10.0,Optimised,0.95907164,0.17547935,-0.20347235,0.9782501,5.465439
13039,10.5,Optimised,0.97939444,0.18291053,-0.20708089,0.9738917,5.3545
13039,11.0,Optimised,1.0001919,0.19033368,-0.21075995,0.96817154,5.254939
13039,11.5,Optimised,1.0200741,0.19767582,-0.21423216,0.96047115,5.1603384
13039,12.0,Optimised,1.0408684,0.20510621,-0.21797352,0.95415163,5.0747776
13039,12.5,Optimised,1.0719094,0.21288985,-0.22429352,0.9694229,5.0350423
13039,13.0,Optimised,1.1035864,0.21905538,-0.23123953,0.9810761,5.0379333
13039,13.5,Optimised,1.1330209,0.2250236,-0.23758154,0.9838568,5.0351205
13039,14.0,Optimised,1.1624895,0.23160867,-0.24350992,0.9828655,5.019197
13039,14.5,Optimised,1.1945703,0.23853028,-0.24879798,0.9794555,5.0080447
13039,15.0,Optimised,1.2271969,0.24584846,-0.2532109,0.9795982,4.99168
13039,15.5,Optimised,1.2560897,0.25305358,-0.2567683,0.9822709,4.9637303
13039,16.0,Optimised,1.2842256,0.26016012,-0.25997967,0.9846875,4.9362893
13039,16.5,Optimised,1.3120524,0.26699784,-0.26284534,0.9864814,4.9140935
13039,17.0,Optimised,1.3391912,0.27344972,-0.26523167,0.98799217,4.8973947
13039,17.5,Optimised,1.3638362,0.2795781,-0.2673307,0.9893917,4.878194
13039,18.0,Optimised,1.3869419,0.2857601,-0.26923704,0.9905158,4.8535185
13039,18.5,Optimised,1.4086378,0.29210585,-0.2711773,0.9913052,4.822354
13039,19.0,Optimised,1.4286089,0.29846826,-0.2733686,0.9918646,4.7864685
13039,19.5,Optimised,1.4472204,0.3047993,-0.27583784,0.99230266,4.74811
13039,20.0,Optimised,1.4649177,0.31112722,-0.2785339,0.9927192,4.7084203
13039,20.5,Optimised,1.481859,0.3174254,-0.28138575,0.99319917,4.6683693
13039,21.0,Optimised,1.4981344,0.32358652,-0.28435716,0.99375856,4.62978
13039,21.5,Optimised,1.51386,0.32961076,-0.28744784,0.99434125,4.5928717
13039,22.0,Optimised,1.5290327,0.3355381,-0.29065767,0.9948725,4.5569572
13039,22.5,Optimised,1.5436509,0.34138083,-0.29396868,0.99527574,4.5217853
13039,23.0,Optimised,1.5578684,0.34712934,-0.29735097,0.9954621,4.487861
13039,23.5,Optimised,1.5718069,0.3527648,-0.30078977,0.9953101,4.45568
13039,24.0,Optimised,1.5854657,0.358276,-0.3042797,0.99461234,4.4252634
13039,24.5,Optimised,1.5988202,0.3636769,-0.307794,0.99288577,4.3962655
13039,25.0,Optimised,1.6118453,0.3690046,-0.31130067,0.9888708,4.3680897
13039,25.5,Optimised,1.6244994,0.37429804,-0.31478897,0.9787906,4.3401227
13039,26.0,Optimised,1.6367373,0.3795818,-0.31825644,0.9498387,4.311949
13039,26.5,Optimised,1.6485428,0.38484943,-0.32168898,0.8555631,4.2836046
13039,27.0,Optimised,1.6599253,0.3900739,-0.32506254,0.57546294,4.2554126
13039,27.5,Optimised,1.6709074,0.39523345,-0.32835978,0.17793146,4.227647
13039,28.0,Optimised,1.6815244,0.4003173,-0.3315759,0.022439035,4.200479
13039,28.5,Optimised,1.6918046,0.405321,-0.3347114,0.0015331046,4.173987
13039,29.0,Optimised,1.7017465,0.41023716,-0.33776385,6.13814e-05,4.1482015
13039,29.5,Optimised,1.7113161,0.41505313,-0.34072542,1.3888874e-06,4.1231256
13039,30.0,Optimised,1.7204778,0.41975385,-0.34358823,1.673605e-08,4.098778
16506,-30.0,Optimised,-0.91292095,0.3293539,0.079237096,1.9783848e-09,-2.7718542
16506,-29.5,Optimised,-0.90019655,0.32544774,0.07567557,1.2869826e-07,-2.7660248
16506,-29.0,Optimised,-0.8870282,0.32147324,0.072039045,4.48369e-06,-2.75926
16506,-28.5,Optimised,-0.87341726,0.31743556,0.06833291,8.961736e-05,-2.751479
16506,-28.0,Optimised,-0.85936457,0.31333962,0.0645626,0.0010935487,-2.7425978
16506,-27.5,Optimised,-0.8448732,0.30919015,0.0607343,0.008581185,-2.7325358
16506,-27.0,Optimised,-0.82995,0.30499077,0.05685562,0.044548243,-2.7212298
16506,-26.5,Optimised,-0.81460756,0.30074507,0.052934874,0.15233542,-2.7086315
16506,-26.0,Optimised,-0.7988657,0.296455,0.0489819,0.34073204,-2.6947284
16506,-25.5,Optimised,-0.78275216,0.29212385,0.045006927,0.53555644,-2.6795216
16506,-25.0,Optimised,-0.7663021,0.28775483,0.041021757,0.67384607,-2.6630383
16506,-24.5,Optimised,-0.7495617,0.283355,0.03703984,0.7541416,-2.6453097
16506,-24.0,Optimised,-0.732587,0.27893305,0.03307593,0.7955439,-2.62639
16506,-23.5,Optimised,-0.71544135,0.2745015,0.02914713,0.81310457,-2.6063294
16506,-23.0,Optimised,-0.69819784,0.27007493,0.02527309,0.81602603,-2.5852005
16506,-22.5,Optimised,-0.68094033,0.26566693,0.021476025,0.81098413,-2.5631354
16506,-22.0,Optimised,-0.663755,0.26128593,0.017778223,0.80387986,-2.5403397
16506,-21.5,Optimised,-0.6467215,0.25693333,0.014199478,0.79988265,-2.5170789
16506,-21.0,Optimised,-0.62989306,0.25260425,0.010754448,0.80158025,-2.4935966
16506,-20.5,Optimised,-0.61329377,0.24828985,0.007452118,0.80859244,-2.4700718
16506,-20.0,Optimised,-0.59692144,0.24398161,0.004300344,0.81910896,-2.4465837
16506,-19.5,Optimised,-0.5807725,0.23967205,0.0013086319,0.8314803,-2.4231968
16506,-19.0,Optimised,-0.5648637,0.2353596,-0.0015099645,0.8446608,-2.4000027
16506,-18.5,Optimised,-0.54924643,0.23105013,-0.004139781,0.8579516,-2.3771744
16506,-18.0,Optimised,-0.53399944,0.2267528,-0.0065650167,0.8706735,-2.354985
16506,-17.5,Optimised,-0.5192033,0.22246951,-0.008771097,0.8819929,-2.3338177
16506,-17.0,Optimised,-0.50491846,0.21819122,-0.010746544,0.89103895,-2.3141098
16506,-16.5,Optimised,-0.49119395,0.21389946,-0.012478286,0.8971262,-2.2963777
16506,-16.0,Optimised,-0.47807148,0.20957461,-0.0139524285,0.9001442,-2.2811518
16506,-15.5,Optimised,-0.46552342,0.20520976,-0.015166921,0.90089893,-2.2685246
16506,-15.0,Optimised,-0.453432,0.20081724,-0.016131723,0.90076596,-2.2579336
16506,-14.5,Optimised,-0.44168368,0.19641685,-0.016854579,0.901012,-2.2487056
16506,-14.0,Optimised,-0.43022752,0.1920215,-0.017341327,0.9025593,-2.2405174
16506,-13.5,Optimised,-0.4190879,0.18763013,-0.017599374,0.906045,-2.2335851
16506,-13.0,Optimised,-0.40833157,0.18323039,-0.01762418,0.91188043,-2.2285144
16506,-12.5,Optimised,-0.3980503,0.17880398,-0.017385464,0.9201762,-2.2261827
16506,-12.0,Optimised,-0.38839138,0.17433283,-0.016852016,0.9304795,-2.2278728
16506,-11.5,Optimised,-0.37953457,0.16979575,-0.016009891,0.94163656,-2.235242
16506,-11.0,Optimised,-0.3715525,0.16515358,-0.014817119,0.95207167,-2.2497394
16506,-10.5,Optimised,-0.3645006,0.16034499,-0.013188845,0.96029866,-2.2732275
16506,-10.0,Optimised,-0.35883152,0.15528873,-0.011075521,0.9653997,-2.3107378
16506,-9.5,Optimised,-0.3549299,0.1498859,-0.008537513,0.9673002,-2.3680007
16506,-9.0,Optimised,-0.35236752,0.14410914,-0.0056947293,0.96655923,-2.4451435
16506,-8.5,Optimised,-0.35024172,0.13800631,-0.0026006817,0.9632928,-2.5378673
16506,-8.0,Optimised,-0.3479772,0.1319092,0.0006758094,0.9554125,-2.6380053
16506,-7.5,Optimised,-0.35071862,0.12514122,0.0052616238,0.9378008,-2.8025827
16506,-7.0,Optimised,-0.23790896,0.10041154,-0.0086382385,0.9366313,-2.3693388
16506,-6.5,Optimised,-0.11585289,0.08285077,-0.0250485,0.94969153,-1.3983321
16506,-6.0,Optimised,-0.10759044,0.07877971,-0.024304662,0.94947654,-1.3657125
16506,-5.5,Optimised,-0.106039375,0.07548826,-0.022817194,0.943617,-1.4047134
16506,-5.0,Optimised,-0.09688431,0.07157304,-0.022361115,0.93046653,-1.3536425
16506,-4.5,Optimised,-0.08633262,0.06774971,-0.021573827,0.90237695,-1.2742877
16506,-4.0,Optimised,-0.07439351,0.06408675,-0.020730775,0.8511269,-1.1608251
16506,-3.5,Optimised,-0.057700813,0.060364235,-0.021005368,0.78197944,-0.9558775
16506,-3.0,Optimised,-0.071633816,0.058918454,-0.014249539,0.70294404,-1.2158129
16506,-2.5,Optimised,-0.1453841,0.060167387,0.0059199035,0.65799654,-2.4163272
16506,-2.0,Optimised,-0.22415742,0.060125254,0.025364405,0.70721406,-3.7281742
16506,-1.5,Optimised,-0.28214198,0.060360752,0.032061793,0.82628727,-4.674262
16506,-1.0,Optimised,-0.11935666,0.059225284,-0.020046229,0.95451844,-2.015299
16506,-0.5,Optimised,0.08504555,0.054981016,-0.06463043,0.99175406,1.5468166
16506,0.0,Optimised,0.230219,0.04983785,-0.08899206,0.9947082,4.619361
16506,0.5,Optimised,0.33826244,0.045782104,-0.10241985,0.9932795,7.38853
16506,1.0,Optimised,0.42493778,0.04329998,-0.11126928,0.9927229,9.81381
16506,1.5,Optimised,0.5555991,0.044613883,-0.13029568,0.9960524,12.453503
16506,2.0,Optimised,0.6626729,0.04744854,-0.14359221,0.9974986,13.966139
16506,2.5,Optimised,0.72694063,0.050358966,-0.14872918,0.99688846,14.435178
16506,3.0,Optimised,0.77339137,0.053545836,-0.15350285,0.99218565,14.443539
16506,3.5,Optimised,1.0278026,0.051196635,-0.18854722,0.98681086,20.075588
16506,4.0,Optimised,1.1688595,0.050728507,-0.1959841,0.99145186,23.041471
16506,4.5,Optimised,1.2490305,0.0547575,-0.19964129,0.98917353,22.810219
16506,5.0,Optimised,1.2916743,0.061388846,-0.20060834,0.9814269,21.040863
16506,5.5,Optimised,1.2919301,0.07035889,-0.19875348,0.9801404,18.362003
16506,6.0,Optimised,1.2566099,0.081982315,-0.19644657,0.9855912,15.327817
16506,6.5,Optimised,1.2045879,0.09553633,-0.19584446,0.9904331,12.60869
16506,7.0,Optimised,1.1577628,0.110062174,-0.19848122,0.99162406,10.519171
16506,7.5,Optimised,1.1185567,0.12528753,-0.20414165,0.9855984,8.9279175
16506,8.0,Optimised,1.0565088,0.14085479,-0.20884708,0.9518289,7.5006948
16506,8.5,Optimised,0.9403064,0.15044418,-0.19975753,0.9200561,6.250201
16506,9.0,Optimised,0.9363781,0.1600106,-0.20182157,0.9580452,5.8519754
16506,9.5,Optimised,0.94984573,0.16793641,-0.20398657,0.97486216,5.6559844
16506,10.0,Optimised,0.9669869,0.17582737,-0.20704286,0.9750397,5.499638
16506,10.5,Optimised,0.9971378,0.18343118,-0.21316114,0.9817333,5.4360323
16506,11.0,Optimised,1.0255511,0.1897986,-0.21891566,0.9846341,5.403365
16506,11.5,Optimised,1.0548012,0.19682103,-0.22440605,0.9835203,5.3591895
16506,12.0,Optimised,1.0851096,0.204177,-0.22965431,0.97838724,5.3145533
16506,12.5,Optimised,1.1209481,0.21191643,-0.23461428,0.9724396,5.289576
16506,13.0,Optimised,1.1540973,0.21942729,-0.2387031,0.97202736,5.2595887
16506,13.5,Optimised,1.1847862,0.22675842,-0.24196672,0.97320366,5.224883
16506,14.0,Optimised,1.2150549,0.23364502,-0.2447484,0.9742367,5.2004313
16506,14.5,Optimised,1.2463034,0.24006511,-0.2468631,0.9755206,5.1915226
16506,15.0,Optimised,1.2749937,0.24598162,-0.24855895,0.97749853,5.1832886
16506,15.5,Optimised,1.3007605,0.25182828,-0.250005,0.9796578,5.165268
16506,16.0,Optimised,1.3244941,0.25788704,-0.2513984,0.9814138,5.1359468
16506,16.5,Optimised,1.3460126,0.26406634,-0.2530232,0.9827976,5.097252
16506,17.0,Optimised,1.3657506,0.2703231,-0.2549847,0.983888,5.0522895
16506,17.5,Optimised,1.384373,0.27667332,-0.2572681,0.9847771,5.0036373
16506,18.0,Optimised,1.4022155,0.28305373,-0.25980273,0.98561573,4.9538846
16506,18.5,Optimised,1.4194572,0.28933972,-0.2625429,0.9864563,4.90585
16506,19.0,Optimised,1.4362012,0.29554644,-0.26548094,0.9872843,4.859477
16506,19.5,Optimised,1.4523609,0.301715,-0.2686169,0.988162,4.813685
16506,20.0,Optimised,1.4679171,0.30784893,-0.27192968,0.9891705,4.7683034
16506,20.5,Optimised,1.4830743,0.31392586,-0.27538466,0.990333,4.724282
16506,21.0,Optimised,1.4979713,0.31991225,-0.27897194,0.99161035,4.682444
16506,21.5,Optimised,1.5126255,0.3257926,-0.28268006,0.99290884,4.642909
16506,22.0,Optimised,1.5270481,0.3315914,-0.2864639,0.99409133,4.6052103
16506,22.5,Optimised,1.5412145,0.33735842,-0.29029125,0.99502337,4.568478
16506,23.0,Optimised,1.5550585,0.34314147,-0.29415977,0.9956085,4.531829
16506,23.5,Optimised,1.568541,0.3489499,-0.2980557,0.9957695,4.4950323
16506,24.0,Optimised,1.5816846,0.35474977,-0.3019402,0.9953673,4.4585924
16506,24.5,Optimised,1.5945396,0.3605088,-0.3057818,0.99399614,4.4230256
16506,25.0,Optimised,1.6071506,0.36621848,-0.3095708,0.9904544,4.388502
16506,25.5,Optimised,1.6195316,0.37187862,-0.3133044,0.980846,4.3550005
16506,26.0,Optimised,1.6316392,0.37748098,-0.31697282,0.9510461,4.322441
16506,26.5,Optimised,1.643412,0.3830018,-0.32056248,0.84718984,4.2908726
16506,27.0,Optimised,1.6548076,0.38841474,-0.32406485,0.536632,4.260414
16506,27.5,Optimised,1.6658032,0.39369678,-0.32747692,0.14589801,4.231183
16506,28.0,Optimised,1.6763937,0.39883545,-0.3307969,0.016763696,4.2032213
16506,28.5,Optimised,1.6865727,0.40382946,-0.3340226,0.0010941473,4.176448
16506,29.0,Optimised,1.6963351,0.40868497,-0.33715072,4.276953e-05,4.150716
16506,29.5,Optimised,1.7056637,0.41340935,-0.34017608,9.555397e-07,4.125847
16506,30.0,Optimised,1.7145345,0.41801172,-0.34309348,1.1431208e-08,4.101642
20295,-30.0,Optimised,-0.91305643,0.3282913,0.07994948,3.4687713e-09,-2.7812386
20295,-29.5,Optimised,-0.90052795,0.3243147,0.07635341,2.2747777e-07,-2.77671
20295,-29.0,Optimised,-0.8875712,0.32026988,0.07268278,7.979883e-06,-2.7713227
20295,-28.5,Optimised,-0.8741908,0.31616104,0.06894275,0.00016042002,-2.7650175
20295,-28.0,Optimised,-0.860394,0.31199288,0.065139286,0.0019654676,-2.757736
20295,-27.5,Optimised,-0.84618753,0.30776945,0.06127879,0.015389399,-2.7494202
20295,-27.0,Optimised,-0.83158284,0.3034962,0.057368495,0.07785268,-2.7400107
20295,-26.5,Optimised,-0.8165934,0.29917857,0.05341661,0.24573651,-2.7294514
20295,-26.0,Optimised,-0.801234,0.29482368,0.049431574,0.4835373,-2.7176719
20295,-25.5,Optimised,-0.7855251,0.2904387,0.0454231,0.6754823,-2.7046156
20295,-25.0,Optimised,-0.7694935,0.28603208,0.041401844,0.7873439,-2.6902351
20295,-24.5,Optimised,-0.75317377,0.28161153,0.037379853,0.8444668,-2.6745133
20295,-24.0,Optimised,-0.73660934,0.27718535,0.033370934,0.8710678,-2.6574614
20295,-23.5,Optimised,-0.7198554,0.2727601,0.029390777,0.88011354,-2.6391523
20295,-23.0,Optimised,-0.70297444,0.26834145,0.025457436,0.8778616,-2.6197011
20295,-22.5,Optimised,-0.6860421,0.26393265,0.02159084,0.8681955,-2.5993073
20295,-22.0,Optimised,-0.6691362,0.2595338,0.017812163,0.85485494,-2.578224
20295,-21.5,Optimised,-0.6523272,0.25514483,0.014140743,0.8421471,-2.5566936
20295,-21.0,Optimised,-0.6356629,0.25076357,0.010590851,0.8331913,-2.5349095
20295,-20.5,Optimised,-0.61915994,0.24638943,0.0071712257,0.82845664,-2.512932
20295,-20.0,Optimised,-0.6028179,0.24202314,0.0038887202,0.8265909,-2.4907448
20295,-19.5,Optimised,-0.58663356,0.237668,0.0007528722,0.8262358,-2.46829
20295,-19.0,Optimised,-0.5706203,0.23332861,-0.002221924,0.82683986,-2.445565
20295,-18.5,Optimised,-0.55482054,0.22900948,-0.0050181327,0.82842356,-2.4226968
20295,-18.0,Optimised,-0.53931296,0.22471158,-0.007616943,0.8311114,-2.400023
20295,-17.5,Optimised,-0.524202,0.22043058,-0.009999627,0.83471966,-2.378082
20295,-17.0,Optimised,-0.5095979,0.2161583,-0.012146222,0.83864164,-2.3575218
20295,-16.5,Optimised,-0.49560595,0.21188097,-0.014034659,0.8420954,-2.3390772
20295,-16.0,Optimised,-0.4822919,0.20757985,-0.015648644,0.84481514,-2.3234043
20295,-15.5,Optimised,-0.46965274,0.20324333,-0.016986012,0.8474394,-2.3107905
20295,-15.0,Optimised,-0.4576491,0.19887422,-0.018052733,0.85086274,-2.3011987
20295,-14.5,Optimised,-0.44627467,0.19448149,-0.018849682,0.85550874,-2.2946897
20295,-14.0,Optimised,-0.43557218,0.19006735,-0.019371683,0.861376,-2.2916727
20295,-13.5,Optimised,-0.42558074,0.18562315,-0.019620175,0.8683969,-2.2927136
20295,-13.0,Optimised,-0.41629145,0.1811364,-0.019609619,0.8766572,-2.2982209
20295,-12.5,Optimised,-0.40769997,0.17660245,-0.019353032,0.8862636,-2.308575
20295,-12.0,Optimised,-0.3998385,0.17203182,-0.018845623,0.897054,-2.3242126
20295,-11.5,Optimised,-0.3927455,0.16744341,-0.018067444,0.90849996,-2.3455417
20295,-11.0,Optimised,-0.3864334,0.16285017,-0.017006624,0.9198957,-2.3729382
20295,-10.5,Optimised,-0.38088185,0.15824504,-0.015680004,0.9306169,-2.4069116
20295,-10.0,Optimised,-0.3760106,0.15360658,-0.014108223,0.9402847,-2.4478807
20295,-9.5,Optimised,-0.37167957,0.14891344,-0.012278599,0.94867057,-2.4959438
20295,-9.0,Optimised,-0.3678175,0.14415506,-0.010187035,0.95541644,-2.5515406
20295,-8.5,Optimised,-0.36442563,0.13932252,-0.007839536,0.9600812,-2.6156979
20295,-8.0,Optimised,-0.36145484,0.13439368,-0.0051771523,0.96247494,-2.6895227
20295,-7.5,Optimised,-0.35944217,0.129356,-0.0021436333,0.9625643,-2.7787051
20295,-7.0,Optimised,-0.35969478,0.124242164,0.0012427152,0.95959437,-2.8951104
20295,-6.5,Optimised,-0.36277843,0.11916453,0.0049823285,0.95036334,-3.0443492
20295,-6.0,Optimised,-0.368088,0.114108406,0.009302127,0.92601126,-3.2257748
20295,-5.5,Optimised,-0.3774652,0.10800213,0.015174496,0.8688061,-3.494979
20295,-5.0,Optimised,-0.30817473,0.09121525,0.008795297,0.80749774,-3.3785439
20295,-4.5,Optimised,-0.13447377,0.07042639,-0.013001924,0.8265953,-1.909423
20295,-4.0,Optimised,-0.0653227,0.06176072,-0.019700492,0.8351595,-1.0576738
20295,-3.5,Optimised,-0.05449766,0.058201443,-0.019212212,0.80474746,-0.9363627
20295,-3.0,Optimised,-0.046904743,0.055293515,-0.018364483,0.75793254,-0.8482865
20295,-2.5,Optimised,-0.07983625,0.054473102,-0.007088351,0.7059334,-1.4656086
20295,-2.0,Optimised,-0.15709004,0.055190336,0.0138500575,0.6770106,-2.8463323
20295,-1.5,Optimised,-0.24244502,0.056619138,0.032610297,0.6725314,-4.282033
20295,-1.0,Optimised,-0.15871021,0.056609865,-0.012934583,0.812487,-2.8035786
20295,-0.5,Optimised,0.13873547,0.053216726,-0.08134483,0.97338593,2.60699
20295,0.0,Optimised,0.28862724,0.049238175,-0.104473606,0.9899378,5.861859
20295,0.5,Optimised,0.3906057,0.046101995,-0.11531706,0.9916916,8.472642
20295,1.0,Optimised,0.4703121,0.043209113,-0.12125075,0.9930992,10.884558
20295,1.5,Optimised,0.56776,0.043031782,-0.1318241,0.9961816,13.193969
20295,2.0,Optimised,0.6662822,0.045020826,-0.1433729,0.9975677,14.799421
20295,2.5,Optimised,0.7355272,0.047401085,-0.15035976,0.9958247,15.5170965
20295,3.0,Optimised,0.92103475,0.045289747,-0.1732705,0.9885782,20.336496
20295,3.5,Optimised,1.1567782,0.04210427,-0.19371064,0.9926877,27.47413
20295,4.0,Optimised,1.2493248,0.04471901,-0.19679503,0.99570847,27.93722
20295,4.5,Optimised,1.3186252,0.049379487,-0.1987443,0.9910919,26.703907
20295,5.0,Optimised,1.3612,0.055453923,-0.19839564,0.9763806,24.546505
20295,5.5,Optimised,1.3809842,0.06299015,-0.19678433,0.9662141,21.923811
20295,6.0,Optimised,1.3755251,0.07237378,-0.19482735,0.96856624,19.00585
20295,6.5,Optimised,1.3348933,0.0844773,-0.19406459,0.97401965,15.8018
20295,7.0,Optimised,1.2659485,0.099518076,-0.19609037,0.9719704,12.72079
20295,7.5,Optimised,1.1846536,0.11777602,-0.20362417,0.93454087,10.05853
20295,8.0,Optimised,1.0257586,0.13884257,-0.20668507,0.84077996,7.387926
20295,8.5,Optimised,0.95807314,0.15183829,-0.20514628,0.90746754,6.309826
20295,9.0,Optimised,0.9676929,0.15955193,-0.20865902,0.974444,6.0650654
20295,9.5,Optimised,0.9834877,0.16616282,-0.21217923,0.9878324,5.9188194
20295,10.0,Optimised,1.0075071,0.17408603,-0.21647362,0.9877622,5.787409
20295,10.5,Optimised,1.0354546,0.18222731,-0.22082762,0.98450905,5.6822143
20295,11.0,Optimised,1.070509,0.19055371,-0.22516136,0.9825036,5.6178856
20295,11.5,Optimised,1.1026368,0.19830997,-0.22869742,0.9824975,5.5601683
20295,12.0,Optimised,1.1344976,0.20569554,-0.23144189,0.98122346,5.515422
20295,12.5,Optimised,1.1694126,0.2124929,-0.23331574,0.97893345,5.503302
20295,13.0,Optimised,1.2037811,0.2186987,-0.23453069,0.977401,5.5042906
20295,13.5,Optimised,1.2332401,0.2246337,-0.2354894,0.9775313,5.490005
20295,14.0,Optimised,1.2591816,0.23072657,-0.23633842,0.97846234,5.457463
20295,14.5,Optimised,1.2820615,0.23691678,-0.23738539,0.97959673,5.4114423
20295,15.0,Optimised,1.3025031,0.24315682,-0.23879404,0.9806009,5.356638
20295,15.5,Optimised,1.3213733,0.24950494,-0.24056771,0.9813665,5.295981
20295,16.0,Optimised,1.3392015,0.25590453,-0.24265572,0.98203045,5.233207
20295,16.5,Optimised,1.3563755,0.26224685,-0.24504861,0.982643,5.1721325
20295,17.0,Optimised,1.3731266,0.26853487,-0.24773796,0.9831564,5.1134014
20295,17.5,Optimised,1.3894339,0.2747695,-0.25068623,0.98356146,5.056725
20295,18.0,Optimised,1.4053755,0.28093368,-0.25383106,0.98389006,5.0025167
20295,18.5,Optimised,1.4211273,0.28701073,-0.25712973,0.98423564,4.951478
20295,19.0,Optimised,1.4366932,0.29299098,-0.2605942,0.98477626,4.9035406
20295,19.5,Optimised,1.4520096,0.2988914,-0.26422217,0.98570794,4.8579836
20295,20.0,Optimised,1.4670497,0.30476397,-0.2679738,0.9871178,4.813724
20295,20.5,Optimised,1.4817584,0.31067017,-0.27183717,0.98894787,4.7695546
20295,21.0,Optimised,1.4960787,0.31665426,-0.2758211,0.9910042,4.724644
20295,21.5,Optimised,1.5100399,0.32270175,-0.2798973,0.99298215,4.679367
20295,22.0,Optimised,1.5237385,0.3287655,-0.28401396,0.9945695,4.6347275
20295,22.5,Optimised,1.5372726,0.3348248,-0.28814155,0.9955913,4.5912747
20295,23.0,Optimised,1.5506889,0.3408844,-0.2922677,0.99602664,4.549017
20295,23.5,Optimised,1.5639505,0.34694105,-0.29637292,0.99588484,4.5078278
20295,24.0,Optimised,1.5769897,0.35296535,-0.30043474,0.99503833,4.467831
20295,24.5,Optimised,1.5897787,0.35891503,-0.30444202,0.9929595,4.4294014
20295,25.0,Optimised,1.60231,0.36475366,-0.30839175,0.98806727,4.392855
20295,25.5,Optimised,1.614572,0.37046045,-0.31227958,0.9753644,4.3582845
20295,26.0,Optimised,1.626555,0.3760338,-0.31609908,0.9373633,4.325555
20295,26.5,Optimised,1.6382248,0.38147998,-0.3198405,0.8121555,4.2943926
20295,27.0,Optimised,1.6495372,0.38680962,-0.32349223,0.47894487,4.2644677
20295,27.5,Optimised,1.6604364,0.3920363,-0.32704338,0.1211043,4.235415
20295,28.0,Optimised,1.6708757,0.3971717,-0.33048385,0.013729168,4.2069354
20295,28.5,Optimised,1.6808258,0.4022198,-0.3338062,0.0009005016,4.178874
20295,29.0,Optimised,1.690274,0.4071728,-0.3370034,3.537089e-05,4.151245
20295,29.5,Optimised,1.6992172,0.41201624,-0.34007114,7.93327e-07,4.124151
20295,30.0,Optimised,1.7076523,0.4167354,-0.3430055,9.531132e-09,4.0976896
24371,-30.0,Optimised,-0.9124364,0.327785,0.08070365,6.082613e-09,-2.7836432
24371,-29.5,Optimised,-0.90008426,0.3237468,0.07708181,3.9871495e-07,-2.7802105
24371,-29.0,Optimised,-0.88733095,0.3196384,0.0733868,1.3958072e-05,-2.776046
24371,-28.5,Optimised,-0.87417495,0.31546652,0.069623604,0.00027952818,-2.7710545
24371,-28.0,Optimised,-0.86061555,0.31123805,0.0657973,0.0034022194,-2.765136
24371,-27.5,Optimised,-0.8466556,0.30695918,0.061914217,0.026206886,-2.7582026
24371,-27.0,Optimised,-0.8323053,0.30263594,0.057980858,0.1260295,-2.7501867
24371,-26.5,Optimised,-0.8175777,0.2982745,0.054005183,0.35550365,-2.7410247
24371,-26.0,Optimised,-0.80248964,0.29388005,0.04999559,0.6110315,-2.7306707
24371,-25.5,Optimised,-0.7870686,0.28945854,0.045961875,0.7759246,-2.7191064
24371,-25.0,Optimised,-0.7713463,0.28501567,0.0419148,0.8594355,-2.7063293
24371,-24.5,Optimised,-0.7553593,0.28055665,0.037866037,0.8991346,-2.6923592
24371,-24.0,Optimised,-0.73914874,0.27608654,0.033828277,0.9169487,-2.6772356
24371,-23.5,Optimised,-0.72275674,0.2716111,0.029815096,0.9227036,-2.6609986
24371,-23.0,Optimised,-0.7062289,0.267136,0.025841285,0.9205771,-2.6437054
24371,-22.5,Optimised,-0.6896132,0.26266617,0.021923114,0.91277665,-2.625436
24371,-22.0,Optimised,-0.67295855,0.25820658,0.01807921,0.9014442,-2.6062796
24371,-21.5,Optimised,-0.65631664,0.25376058,0.014328634,0.8897014,-2.5863616
24371,-21.0,Optimised,-0.63972175,0.24932975,0.010687381,0.8805988,-2.5657659
24371,-20.5,Optimised,-0.62319255,0.24491265,0.0071668327,0.87521726,-2.5445502
24371,-20.0,Optimised,-0.6067332,0.24050681,0.0037752152,0.8724603,-2.5227277
24371,-19.5,Optimised,-0.5903522,0.23610839,0.0005230665,0.87069726,-2.5003438
24371,-19.0,Optimised,-0.5740794,0.23171373,-0.0025737644,0.86898494,-2.4775372
24371,-18.5,Optimised,-0.5579708,0.22732182,-0.005496067,0.8671859,-2.4545414
24371,-18.0,Optimised,-0.5421098,0.22293362,-0.00822295,0.8656192,-2.4317095
24371,-17.5,Optimised,-0.5266037,0.21855265,-0.0107331155,0.8645326,-2.409505
24371,-17.0,Optimised,-0.511567,0.21418309,-0.013003802,0.86371917,-2.3884566
24371,-16.5,Optimised,-0.49710673,0.20982704,-0.015013272,0.86267114,-2.3691263
24371,-16.0,Optimised,-0.48330683,0.20548207,-0.01674651,0.861289,-2.3520634
24371,-15.5,Optimised,-0.4702031,0.2011484,-0.018202126,0.8602453,-2.337593
24371,-15.0,Optimised,-0.45780835,0.19682437,-0.019385314,0.86048144,-2.325974
24371,-14.5,Optimised,-0.44613767,0.19250005,-0.020301174,0.86264324,-2.3175976
24371,-14.0,Optimised,-0.43522844,0.18815942,-0.020952886,0.86696494,-2.3130834
24371,-13.5,Optimised,-0.42513108,0.18378708,-0.021340644,0.8733821,-2.3131719
24371,-13.0,Optimised,-0.41589016,0.17937246,-0.021461863,0.8816462,-2.3185842
24371,-12.5,Optimised,-0.4075406,0.17491454,-0.021311522,0.8912769,-2.3299413
24371,-12.0,Optimised,-0.400131,0.17042163,-0.020882081,0.90151083,-2.3478885
24371,-11.5,Optimised,-0.39373133,0.16590488,-0.020164471,0.9114546,-2.3732355
24371,-11.0,Optimised,-0.38837802,0.16136369,-0.019159216,0.9203364,-2.406849
24371,-10.5,Optimised,-0.38394716,0.15678224,-0.01790132,0.92771965,-2.44892
24371,-10.0,Optimised,-0.3801864,0.1521504,-0.016447514,0.9335764,-2.4987538
24371,-9.5,Optimised,-0.37692827,0.1474884,-0.014819342,0.9381141,-2.555647
24371,-9.0,Optimised,-0.3741472,0.14284667,-0.012981105,0.94148755,-2.6192224
24371,-8.5,Optimised,-0.37196496,0.13827473,-0.010877168,0.9436014,-2.690043
24371,-8.0,Optimised,-0.37066483,0.13379169,-0.008463889,0.9441154,-2.7704625
24371,-7.5,Optimised,-0.37060687,0.12938589,-0.005661905,0.9427954,-2.8643532
24371,-7.0,Optimised,-0.3721734,0.12501657,-0.002382171,0.9397975,-2.9769926
24371,-6.5,Optimised,-0.37561065,0.12061917,0.0013375164,0.93489873,-3.114021
24371,-6.0,Optimised,-0.38045812,0.11612093,0.0053406595,0.9262624,-3.2763958
24371,-5.5,Optimised,-0.38561338,0.11149557,0.009409237,0.9104858,-3.4585533
24371,-5.0,Optimised,-0.3903744,0.10678287,0.013315732,0.8826412,-3.6557775
24371,-4.5,Optimised,-0.39410484,0.10198866,0.016902322,0.8334053,-3.8642025
24371,-4.0,Optimised,-0.39522547,0.0966246,0.020764649,0.74019116,-4.090319
24371,-3.5,Optimised,-0.3747207,0.08634351,0.023747075,0.5910996,-4.3398824
24371,-3.0,Optimised,-0.24024814,0.067472324,0.009789735,0.5806924,-3.5606916
24371,-2.5,Optimised,-0.13257363,0.054951187,0.00016700625,0.676375,-2.412571
24371,-2.0,Optimised,-0.14137113,0.051950857,0.010046089,0.71001995,-2.7212474
24371,-1.5,Optimised,-0.21021248,0.053457323,0.03049007,0.6231837,-3.932342
24371,-1.0,Optimised,-0.19200712,0.054817338,-0.004768765,0.6163754,-3.5026715
24371,-0.5,Optimised,0.19399908,0.051885325,-0.096638896,0.9395877,3.7389972
24371,0.0,Optimised,0.33860636,0.04844246,-0.11711353,0.98322034,6.989867
24371,0.5,Optimised,0.4329316,0.045923598,-0.1257749,0.98925483,9.427215
24371,1.0,Optimised,0.5105875,0.043245815,-0.13033861,0.9925487,11.806634
24371,1.5,Optimised,0.5928389,0.042118587,-0.13633612,0.99538356,14.07547
24371,2.0,Optimised,0.675537,0.04268971,-0.14418879,0.9962703,15.824351
24371,2.5,Optimised,0.79377735,0.041816313,-0.15619831,0.991135,18.982481
24371,3.0,Optimised,1.1005592,0.03735121,-0.19087079,0.9895068,29.465157
24371,3.5,Optimised,1.189501,0.03961933,-0.1922046,0.99634016,30.02325
24371,4.0,Optimised,1.2647152,0.043294456,-0.19460449,0.99745005,29.211943
24371,4.5,Optimised,1.3243496,0.047957957,-0.19517055,0.99226975,27.614805
24371,5.0,Optimised,1.3716565,0.053664513,-0.19467942,0.97594255,25.559843
24371,5.5,Optimised,1.4058771,0.060595047,-0.19334283,0.95859957,23.201189
24371,6.0,Optimised,1.42327,0.06900534,-0.19174038,0.9501128,20.625505
24371,6.5,Optimised,1.411681,0.079509765,-0.1910409,0.9435559,17.754814
24371,7.0,Optimised,1.3520833,0.093759075,-0.19365862,0.9072706,14.420826
24371,7.5,Optimised,1.1619484,0.118978605,-0.2049808,0.75233084,9.766028
24371,8.0,Optimised,0.99412096,0.14134488,-0.20863919,0.86264986,7.0333004
24371,8.5,Optimised,0.97435576,0.15006879,-0.20966701,0.9647454,6.4927273
24371,9.0,Optimised,0.99382156,0.15812327,-0.21295996,0.98437446,6.285106
24371,9.5,Optimised,1.0153482,0.16674218,-0.21595612,0.9848204,6.08933
24371,10.0,Optimised,1.04774,0.17478602,-0.21932268,0.9852498,5.9944153
24371,10.5,Optimised,1.0785537,0.18243665,-0.22220802,0.9871242,5.9119353
24371,11.0,Optimised,1.1156937,0.18960425,-0.2238677,0.98701805,5.8843284
24371,11.5,Optimised,1.1556631,0.1962972,-0.22438812,0.98559904,5.8873134
24371,12.0,Optimised,1.1888437,0.20275213,-0.22462054,0.9843538,5.8635325
24371,12.5,Optimised,1.2162404,0.20930487,-0.22481427,0.9834962,5.810856
24371,13.0,Optimised,1.2394576,0.21584761,-0.22529152,0.98301643,5.742281
24371,13.5,Optimised,1.2596555,0.22235243,-0.22623262,0.9828965,5.66513
24371,14.0,Optimised,1.2779481,0.22889921,-0.227579,0.9831579,5.583017
24371,14.5,Optimised,1.295093,0.23540427,-0.22930531,0.98372906,5.50157
24371,15.0,Optimised,1.3116035,0.24183494,-0.2314275,0.9843535,5.4235487
24371,15.5,Optimised,1.3276107,0.24820167,-0.23390874,0.9848542,5.3489194
24371,16.0,Optimised,1.343224,0.25449562,-0.23668416,0.9851843,5.277985
24371,16.5,Optimised,1.3587211,0.26069835,-0.23968992,0.98537177,5.2118516
24371,17.0,Optimised,1.3742177,0.26678774,-0.24290359,0.98546857,5.150978
24371,17.5,Optimised,1.3896924,0.27275354,-0.24630252,0.98551524,5.0950484
24371,18.0,Optimised,1.405118,0.27862504,-0.24982771,0.9855509,5.0430427
24371,18.5,Optimised,1.420412,0.2844712,-0.2534588,0.9856996,4.993166
24371,19.0,Optimised,1.435422,0.2903764,-0.25724077,0.98617667,4.943315
24371,19.5,Optimised,1.4500487,0.29637668,-0.2611933,0.9871458,4.892587
24371,20.0,Optimised,1.4643189,0.3024432,-0.265275,0.98856187,4.8416324
24371,20.5,Optimised,1.4783453,0.3085539,-0.26945058,0.99018586,4.791206
24371,21.0,Optimised,1.4922408,0.31471768,-0.2737069,0.99173635,4.741522
24371,21.5,Optimised,1.5060023,0.3209364,-0.27801633,0.9930379,4.6925254
24371,22.0,Optimised,1.5195782,0.32717347,-0.2823425,0.9940236,4.644564
24371,22.5,Optimised,1.5329679,0.33337417,-0.2866654,0.99465585,4.5983405
24371,23.0,Optimised,1.5461893,0.33949047,-0.2909748,0.9948833,4.554441
24371,23.5,Optimised,1.5592633,0.34550226,-0.29526106,0.9945962,4.513034
24371,24.0,Optimised,1.572191,0.35141253,-0.2995109,0.9935313,4.4739184
24371,24.5,Optimised,1.5849361,0.35723448,-0.30370855,0.9909887,4.436683
24371,25.0,Optimised,1.5974308,0.36298633,-0.30783695,0.9850374,4.4008017
24371,25.5,Optimised,1.6096069,0.36868513,-0.31188107,0.9697138,4.3658037
24371,26.0,Optimised,1.6214138,0.37433487,-0.31582773,0.92466277,4.331453
24371,26.5,Optimised,1.6328328,0.37991714,-0.31966674,0.7820969,4.2978654
24371,27.0,Optimised,1.6438609,0.3854034,-0.32338938,0.435637,4.2653
24371,27.5,Optimised,1.6544946,0.39076585,-0.3269888,0.10485204,4.2339797
24371,28.0,Optimised,1.6647184,0.39598575,-0.33045936,0.011853472,4.2039857
24371,28.5,Optimised,1.67451,0.4010548,-0.33379593,0.0007883519,4.175265
24371,29.0,Optimised,1.68384,0.40597352,-0.33699483,3.1514173e-05,4.14766
24371,29.5,Optimised,1.6926739,0.4107503,-0.34005234,7.2094923e-07,4.1209316
24371,30.0,Optimised,1.7009795,0.41539505,-0.34296632,8.855317e-09,4.0948477
28694,-30.0,Optimised,-0.9114194,0.32752016,0.081396595,1.0404621e-08,-2.7827888
28694,-29.5,Optimised,-0.8990531,0.32346496,0.077747755,6.781682e-07,-2.7794452
28694,-29.0,Optimised,-0.8863174,0.31933403,0.074025564,2.354478e-05,-2.7755182
28694,-28.5,Optimised,-0.8732152,0.31513333,0.070235446,0.0004664188,-2.7709389
28694,-28.0,Optimised,-0.8597517,0.3108689,0.066383004,0.0055927644,-2.765641
28694,-27.5,Optimised,-0.84592855,0.30654824,0.06247431,0.04186045,-2.7595284
28694,-27.0,Optimised,-0.83174986,0.3021794,0.058516134,0.1872313,-2.7525036
28694,-26.5,Optimised,-0.81722087,0.2977702,0.054515827,0.46422896,-2.7444682
28694,-26.0,Optimised,-0.8023505,0.29332858,0.0504816,0.7081671,-2.73533
28694,-25.5,Optimised,-0.7871545,0.2888613,0.046422478,0.8403809,-2.7250257
28694,-25.0,Optimised,-0.7716526,0.28437483,0.042348202,0.90163505,-2.7135053
28694,-24.5,Optimised,-0.75586617,0.2798747,0.038268857,0.9296213,-2.7007306
28694,-24.0,Optimised,-0.739824,0.27536538,0.034195513,0.94190353,-2.6866994
28694,-23.5,Optimised,-0.7235559,0.27085036,0.030139584,0.9456676,-2.6714232
28694,-23.0,Optimised,-0.7070992,0.26633167,0.026114315,0.94376606,-2.6549573
28694,-22.5,Optimised,-0.6904937,0.26181105,0.022135079,0.9375288,-2.6373742
28694,-22.0,Optimised,-0.6737939,0.25728872,0.018220097,0.92820233,-2.618824
28694,-21.5,Optimised,-0.65705633,0.2527652,0.014389986,0.91802,-2.599473
28694,-21.0,Optimised,-0.6403345,0.24824108,0.010663736,0.90977347,-2.5794864
28694,-20.5,Optimised,-0.6236594,0.24371615,0.007055265,0.9050359,-2.5589578
28694,-20.0,Optimised,-0.60704625,0.23919152,0.0035740673,0.9031933,-2.5379088
28694,-19.5,Optimised,-0.5905018,0.23466967,0.00023029446,0.9025997,-2.5163107
28694,-19.0,Optimised,-0.5740508,0.230155,-0.0029610097,0.90197736,-2.4941921
28694,-18.5,Optimised,-0.5577409,0.2256559,-0.0059794486,0.9007966,-2.4716434
28694,-18.0,Optimised,-0.54164875,0.22118229,-0.008801794,0.8991681,-2.4488795
28694,-17.5,Optimised,-0.5258769,0.21674341,-0.011403596,0.8975585,-2.4262648
28694,-17.0,Optimised,-0.5105468,0.2123442,-0.013758403,0.89627016,-2.404336
28694,-16.5,Optimised,-0.49577886,0.20797993,-0.01584199,0.8951521,-2.3837821
28694,-16.0,Optimised,-0.48168802,0.20363514,-0.017638957,0.89409924,-2.3654466
28694,-15.5,Optimised,-0.4683673,0.19929509,-0.019145703,0.8934423,-2.3501196
28694,-15.0,Optimised,-0.45587713,0.1949501,-0.020365143,0.8936971,-2.3384297
28694,-14.5,Optimised,-0.4442472,0.19059741,-0.021303153,0.89521503,-2.3308144
28694,-14.0,Optimised,-0.43348795,0.18623875,-0.021967893,0.8980583,-2.3275926
28694,-13.5,Optimised,-0.4235972,0.18187916,-0.022367787,0.9020709,-2.3290033
28694,-13.0,Optimised,-0.4145723,0.17752406,-0.022508556,0.90698,-2.335302
28694,-12.5,Optimised,-0.40643492,0.17317453,-0.0223913,0.912434,-2.346967
28694,-12.0,Optimised,-0.39923808,0.16882268,-0.02201287,0.9180397,-2.364837
28694,-11.5,Optimised,-0.39303583,0.1644548,-0.021371966,0.923438,-2.3899322
28694,-11.0,Optimised,-0.3878296,0.16005768,-0.020475155,0.9283891,-2.4230616
28694,-10.5,Optimised,-0.38354188,0.15562007,-0.019340914,0.9328001,-2.4646041
28694,-10.0,Optimised,-0.380068,0.15114085,-0.017991578,0.9366206,-2.514661
28694,-9.5,Optimised,-0.37740168,0.14663649,-0.01643287,0.93968695,-2.5737228
28694,-9.0,Optimised,-0.37570137,0.14213713,-0.014635635,0.9416721,-2.6432319
28694,-8.5,Optimised,-0.3751277,0.13767484,-0.012561548,0.9421699,-2.724737
28694,-8.0,Optimised,-0.3756812,0.13328782,-0.010185689,0.9408675,-2.818571
28694,-7.5,Optimised,-0.3773701,0.12901449,-0.007458246,0.93751115,-2.925021
28694,-7.0,Optimised,-0.38011676,0.124843724,-0.0043342113,0.9317716,-3.0447407
28694,-6.5,Optimised,-0.38343716,0.12065926,-0.00091902015,0.9230914,-3.177851
28694,-6.0,Optimised,-0.38617128,0.116292626,0.0024482727,0.9109228,-3.3206859
28694,-5.5,Optimised,-0.38676274,0.1116703,0.005360818,0.895619,-3.4634342
28694,-5.0,Optimised,-0.38498828,0.10687135,0.0076700808,0.8778306,-3.6023524
28694,-4.5,Optimised,-0.38288173,0.102052435,0.009607786,0.8568866,-3.7518137
28694,-4.0,Optimised,-0.38052994,0.097257674,0.011189389,0.82667565,-3.9125955
28694,-3.5,Optimised,-0.372842,0.09220843,0.012024683,0.76557535,-4.04347
28694,-3.0,Optimised,-0.35569257,0.08630411,0.013101453,0.6527754,-4.121386
28694,-2.5,Optimised,-0.34085363,0.07874858,0.018214267,0.4917846,-4.328378
28694,-2.0,Optimised,-0.35233277,0.06825883,0.029858362,0.38301858,-5.161717
28694,-1.5,Optimised,-0.3153429,0.057658527,0.04051721,0.41185993,-5.469146
28694,-1.0,Optimised,-0.19443434,0.054793086,-0.008215243,0.5008866,-3.5485196
28694,-0.5,Optimised,0.25238043,0.050713852,-0.11091139,0.92277,4.976558
28694,0.0,Optimised,0.3797345,0.047123145,-0.12729195,0.9786244,8.058343
28694,0.5,Optimised,0.4699301,0.045152564,-0.1345621,0.9876435,10.407606
28694,1.0,Optimised,0.549064,0.04312097,-0.138748,0.9913161,12.7331085
28694,1.5,Optimised,0.62215364,0.041404836,-0.14196864,0.9928275,15.026111
28694,2.0,Optimised,0.70825386,0.03947844,-0.14749186,0.9903341,17.94027
28694,2.5,Optimised,1.0023204,0.03427392,-0.18261771,0.9837865,29.244406
28694,3.0,Optimised,1.1212761,0.03564462,-0.1887736,0.99325997,31.457092
28694,3.5,Optimised,1.1933297,0.039100833,-0.19147165,0.99822813,30.51929
28694,4.0,Optimised,1.2618332,0.042876683,-0.19325441,0.9983759,29.429356
28694,4.5,Optimised,1.3213438,0.047416173,-0.19380966,0.99448544,27.866943
28694,5.0,Optimised,1.372476,0.052866507,-0.19346347,0.9820148,25.961163
28694,5.5,Optimised,1.4145502,0.05920089,-0.19238201,0.9639892,23.89407
28694,6.0,Optimised,1.4455063,0.06655137,-0.19096665,0.9448288,21.720158
28694,6.5,Optimised,1.4570954,0.07573518,-0.18986292,0.9182841,19.239346
28694,7.0,Optimised,1.4057533,0.090042666,-0.19179337,0.83574283,15.61208
28694,7.5,Optimised,1.056412,0.12654476,-0.20355728,0.7814017,8.348129
28694,8.0,Optimised,0.96162033,0.14219746,-0.20798774,0.9288021,6.7625704
28694,8.5,Optimised,0.9910756,0.15071067,-0.2113657,0.9735888,6.5760145
28694,9.0,Optimised,1.0285757,0.15859374,-0.21402264,0.98371744,6.4856005
28694,9.5,Optimised,1.0528631,0.16626272,-0.21608754,0.98637354,6.3325267
28694,10.0,Optimised,1.088707,0.17300372,-0.21724343,0.98585236,6.2929688
28694,10.5,Optimised,1.1320187,0.1794757,-0.21703172,0.9843529,6.307365
28694,11.0,Optimised,1.1672323,0.18633384,-0.21647277,0.98357725,6.2641993
28694,11.5,Optimised,1.1946611,0.19348538,-0.21596542,0.98323154,6.174426
28694,12.0,Optimised,1.2168665,0.20055513,-0.21590133,0.9830632,6.067491
28694,12.5,Optimised,1.2356782,0.2075469,-0.21636546,0.9831835,5.9537296
28694,13.0,Optimised,1.2525753,0.21442589,-0.21738105,0.98368406,5.84153
28694,13.5,Optimised,1.2684929,0.22114548,-0.21898726,0.9843609,5.736011
28694,14.0,Optimised,1.2837541,0.22771433,-0.22108014,0.98503834,5.637564
28694,14.5,Optimised,1.2986646,0.2341344,-0.22353706,0.98561954,5.546663
28694,15.0,Optimised,1.3135504,0.24040751,-0.2262787,0.98607093,5.463849
28694,15.5,Optimised,1.3284899,0.24653798,-0.22927971,0.98640513,5.388581
28694,16.0,Optimised,1.3434782,0.25254938,-0.23249611,0.986648,5.3196654
28694,16.5,Optimised,1.3585212,0.25848684,-0.23586273,0.98683304,5.2556686
28694,17.0,Optimised,1.3735623,0.26440603,-0.23936239,0.9870094,5.194898
28694,17.5,Optimised,1.3884866,0.2703639,-0.24302003,0.9872191,5.1356215
28694,18.0,Optimised,1.4032204,0.2763742,-0.24683622,0.9874635,5.0772486
28694,18.5,Optimised,1.4177983,0.2824107,-0.25078806,0.9877044,5.020342
28694,19.0,Optimised,1.4322785,0.28847775,-0.25488096,0.98787457,4.964953
28694,19.5,Optimised,1.4466447,0.2946201,-0.25911948,0.98798966,4.9102035
28694,20.0,Optimised,1.4607694,0.30085954,-0.26346835,0.98828065,4.8553205
28694,20.5,Optimised,1.4746277,0.30715573,-0.26789072,0.9890114,4.8009124
28694,21.0,Optimised,1.4883006,0.3134396,-0.27236953,0.9901967,4.748285
28694,21.5,Optimised,1.5018682,0.31965774,-0.27689064,0.9915742,4.6983633
28694,22.0,Optimised,1.515382,0.32579184,-0.2814331,0.9928012,4.6513815
28694,22.5,Optimised,1.5288413,0.33184624,-0.28597087,0.99364704,4.607077
28694,23.0,Optimised,1.542189,0.33784023,-0.29047745,0.9939932,4.564847
28694,23.5,Optimised,1.555342,0.34380558,-0.29493058,0.99371284,4.5238996
28694,24.0,Optimised,1.5682355,0.34975985,-0.29931298,0.9925183,4.4837494
28694,24.5,Optimised,1.5808473,0.35568863,-0.30361095,0.9896288,4.4444695
28694,25.0,Optimised,1.5931801,0.36155808,-0.3078141,0.9828904,4.4064293
28694,25.5,Optimised,1.605237,0.36733377,-0.31191343,0.965732,4.3699684
28694,26.0,Optimised,1.6170076,0.37299037,-0.31590152,0.9162511,4.335253
28694,26.5,Optimised,1.6284723,0.37851578,-0.31977242,0.7649279,4.3022575
28694,27.0,Optimised,1.6395946,0.3839119,-0.32352,0.41682875,4.270757
28694,27.5,Optimised,1.6503346,0.3891885,-0.32713872,0.10011111,4.2404504
28694,28.0,Optimised,1.6606488,0.39435476,-0.33062267,0.011600774,4.211053
28694,28.5,Optimised,1.6704988,0.39941466,-0.33396602,0.0007980673,4.1823673
28694,29.0,Optimised,1.6798476,0.40436783,-0.33716372,3.3142085e-05,4.1542563
28694,29.5,Optimised,1.6886522,0.40920982,-0.34021008,7.9028314e-07,4.126617
28694,30.0,Optimised,1.6968727,0.41393602,-0.34310016,1.0140052e-08,4.09936
33222,-30.0,Optimised,-0.91067904,0.3273079,0.08196802,1.6606064e-08,-2.7823312
33222,-29.5,Optimised,-0.89823085,0.32324153,0.07829572,1.0779946e-06,-2.7788224
33222,-29.0,Optimised,-0.88541716,0.3190999,0.074547894,3.717139e-05,-2.7747333
33222,-28.5,Optimised,-0.87224096,0.31488955,0.070729814,0.0007290085,-2.7699902
33222,-28.0,Optimised,-0.8587102,0.31061637,0.0668474,0.008606381,-2.7645361
33222,-27.5,Optimised,-0.84483516,0.306287,0.0629076,0.062267065,-2.7583122
33222,-27.0,Optimised,-0.830626,0.30190602,0.05891745,0.2559707,-2.7512734
33222,-26.5,Optimised,-0.81609404,0.29748008,0.054884993,0.559451,-2.743357
33222,-26.0,Optimised,-0.8012517,0.2930151,0.050818324,0.77721053,-2.7345066
33222,-25.5,Optimised,-0.7861117,0.28851804,0.04672625,0.8813567,-2.7246535
33222,-25.0,Optimised,-0.7706852,0.28399527,0.042618074,0.92706716,-2.7137256
33222,-24.5,Optimised,-0.7549882,0.27945265,0.03850316,0.94748396,-2.7016678
33222,-24.0,Optimised,-0.7390344,0.27489486,0.03439225,0.95626926,-2.6884258
33222,-23.5,Optimised,-0.7228434,0.27032587,0.030296003,0.95873463,-2.6739705
33222,-23.0,Optimised,-0.7064375,0.26574758,0.026226979,0.9568785,-2.6583028
33222,-22.5,Optimised,-0.68984485,0.26116174,0.022199392,0.95149744,-2.6414468
33222,-22.0,Optimised,-0.67310756,0.25656945,0.01823011,0.9432564,-2.6234908
33222,-21.5,Optimised,-0.6562799,0.25197256,0.014338994,0.9336744,-2.604569
33222,-21.0,Optimised,-0.6394143,0.2473727,0.010545683,0.9251795,-2.5848217
33222,-20.5,Optimised,-0.62255704,0.24277143,0.0068668304,0.91973615,-2.5643752
33222,-20.0,Optimised,-0.60573524,0.23816915,0.0033142865,0.91739273,-2.5432985
33222,-19.5,Optimised,-0.5889718,0.23356627,-0.00010023117,0.91678417,-2.5216475
33222,-19.0,Optimised,-0.5723028,0.22896525,-0.0033603073,0.91656166,-2.4995182
33222,-18.5,Optimised,-0.555784,0.22437195,-0.0064447164,0.91597056,-2.4770653
33222,-18.0,Optimised,-0.5394933,0.21979648,-0.009329557,0.9148001,-2.454513
33222,-17.5,Optimised,-0.5235382,0.2152524,-0.011989117,0.91329855,-2.432206
33222,-17.0,Optimised,-0.5080488,0.21075171,-0.014396047,0.9120291,-2.4106507
33222,-16.5,Optimised,-0.49316195,0.20629987,-0.016524946,0.91145897,-2.39051
33222,-16.0,Optimised,-0.4790075,0.20189182,-0.018358594,0.9116794,-2.3725948
33222,-15.5,Optimised,-0.46567845,0.19752152,-0.01989134,0.91243976,-2.3576086
33222,-15.0,Optimised,-0.45322898,0.19318447,-0.021123117,0.91352564,-2.3460944
33222,-14.5,Optimised,-0.44168356,0.18887496,-0.022058357,0.9150192,-2.3384972
33222,-14.0,Optimised,-0.43106237,0.1845833,-0.022705454,0.9171183,-2.335327
33222,-13.5,Optimised,-0.42138964,0.1802958,-0.023074752,0.91992474,-2.3372128
33222,-13.0,Optimised,-0.41268972,0.17599908,-0.023175288,0.9234135,-2.3448403
33222,-12.5,Optimised,-0.40497532,0.17168957,-0.023013717,0.9274295,-2.358765
33222,-12.0,Optimised,-0.39823446,0.16737305,-0.022595644,0.93165886,-2.3793225
33222,-11.5,Optimised,-0.39242184,0.16305958,-0.021930045,0.93568826,-2.4066162
33222,-11.0,Optimised,-0.38745674,0.15875387,-0.021033626,0.9391198,-2.4406128
33222,-10.5,Optimised,-0.38326636,0.15444577,-0.019929105,0.9416949,-2.4815595
33222,-10.0,Optimised,-0.37984365,0.15011427,-0.018636584,0.9433247,-2.5303633
33222,-9.5,Optimised,-0.37728536,0.14575145,-0.017156357,0.9440009,-2.5885532
33222,-9.0,Optimised,-0.37579456,0.14138295,-0.015455383,0.9437154,-2.6579907
33222,-8.5,Optimised,-0.37562677,0.13706383,-0.013472915,0.9424753,-2.7405243
33222,-8.0,Optimised,-0.37698394,0.13285145,-0.011144822,0.94026005,-2.837635
33222,-7.5,Optimised,-0.37990925,0.12876122,-0.008434391,0.9367969,-2.9504943
33222,-7.0,Optimised,-0.38400024,0.12471693,-0.0053958,0.9312372,-3.0789745
33222,-6.5,Optimised,-0.38786927,0.120552815,-0.0022928596,0.9225837,-3.217422
33222,-6.0,Optimised,-0.38930467,0.11612685,0.00041611196,0.9111673,-3.3524086
33222,-5.5,Optimised,-0.38646102,0.11142188,0.0023162544,0.8978347,-3.4684482
33222,-5.0,Optimised,-0.3799767,0.10651951,0.0034123182,0.8823033,-3.5672026
33222,-4.5,Optimised,-0.37303704,0.1015141,0.00413273,0.86437553,-3.6747313
33222,-4.0,Optimised,-0.36660263,0.09639461,0.004585779,0.84250456,-3.8031445
33222,-3.5,Optimised,-0.35461718,0.0910418,0.0037376285,0.8014466,-3.8951027
33222,-3.0,Optimised,-0.33095506,0.08547617,0.0010375262,0.7138848,-3.8718987
33222,-2.5,Optimised,-0.30326635,0.080006614,-0.0004929245,0.5587555,-3.790516
33222,-2.0,Optimised,-0.2964649,0.07414835,0.0066176653,0.36318105,-3.998267
33222,-1.5,Optimised,-0.35993555,0.06700381,0.030067265,0.22367226,-5.371867
33222,-1.0,Optimised,-0.09122634,0.055028055,-0.04113757,0.47026226,-1.6578151
33222,-0.5,Optimised,0.3020397,0.048753373,-0.12324476,0.9270539,6.1952577
33222,0.0,Optimised,0.41384768,0.045525778,-0.13540639,0.97436154,9.090404
33222,0.5,Optimised,0.5013231,0.043966968,-0.14155975,0.9832364,11.402267
33222,1.0,Optimised,0.5811413,0.042581826,-0.14546259,0.9874511,13.647636
33222,1.5,Optimised,0.6529431,0.040049028,-0.14734372,0.98562706,16.303595
33222,2.0,Optimised,0.8637592,0.03384169,-0.168731,0.97341305,25.523527
33222,2.5,Optimised,1.0512869,0.032177795,-0.18594341,0.97976375,32.671192
33222,3.0,Optimised,1.117767,0.035507824,-0.18832377,0.99615604,31.479456
33222,3.5,Optimised,1.1927242,0.03878898,-0.19184789,0.9988279,30.749046
33222,4.0,Optimised,1.2613485,0.04245001,-0.19358437,0.99876213,29.713737
33222,4.5,Optimised,1.321985,0.04694489,-0.19407606,0.99592614,28.16036
33222,5.0,Optimised,1.3738749,0.05227252,-0.19350037,0.98596835,26.282928
33222,5.5,Optimised,1.4169314,0.058223523,-0.19209401,0.9683205,24.336063
33222,6.0,Optimised,1.4533547,0.06469685,-0.19074118,0.947545,22.464073
33222,6.5,Optimised,1.4823534,0.07257141,-0.18992145,0.9179202,20.426134
33222,7.0,Optimised,1.4097301,0.088702366,-0.19036612,0.8151646,15.892813
33222,7.5,Optimised,0.98767275,0.13102242,-0.2010129,0.8181021,7.538196
33222,8.0,Optimised,0.9720074,0.14121532,-0.20685983,0.94204444,6.883158
33222,8.5,Optimised,1.0360315,0.14983986,-0.21083955,0.9735431,6.914258
33222,9.0,Optimised,1.0611999,0.15660262,-0.21226077,0.9830031,6.7763867
33222,9.5,Optimised,1.0964019,0.16298294,-0.21196909,0.98276603,6.727096
33222,10.0,Optimised,1.1371261,0.16953835,-0.2107482,0.9798876,6.707191
33222,10.5,Optimised,1.1680443,0.176617,-0.20956989,0.9780854,6.613431
33222,11.0,Optimised,1.1918684,0.18408164,-0.20874195,0.97700685,6.474673
33222,11.5,Optimised,1.2109872,0.19161001,-0.20839353,0.97717744,6.3200626
33222,12.0,Optimised,1.2274172,0.19902757,-0.20871767,0.9786284,6.1670713
33222,12.5,Optimised,1.2424297,0.20619966,-0.20984244,0.9805299,6.0253725
33222,13.0,Optimised,1.2567004,0.21309069,-0.21159759,0.9823407,5.897491
33222,13.5,Optimised,1.270829,0.21970358,-0.21381512,0.9838483,5.784289
33222,14.0,Optimised,1.2850013,0.22606327,-0.21640782,0.9850151,5.684255
33222,14.5,Optimised,1.2992322,0.23221767,-0.2192966,0.98586524,5.5948896
33222,15.0,Optimised,1.3135593,0.23823917,-0.2223916,0.98645717,5.513616
33222,15.5,Optimised,1.3279649,0.24420689,-0.22565944,0.98689574,5.437868
33222,16.0,Optimised,1.3423706,0.2501962,-0.22911692,0.9872953,5.365272
33222,16.5,Optimised,1.3567224,0.2562399,-0.23276386,0.987705,5.294735
33222,17.0,Optimised,1.3710626,0.2623159,-0.23656578,0.9880519,5.2267613
33222,17.5,Optimised,1.3854839,0.2683989,-0.24050614,0.98813707,5.162032
33222,18.0,Optimised,1.3999966,0.2745057,-0.2445931,0.98773104,5.100064
33222,18.5,Optimised,1.4144378,0.2806808,-0.24882224,0.9868519,5.0393105
33222,19.0,Optimised,1.4286487,0.2869302,-0.25317636,0.9858937,4.979081
33222,19.5,Optimised,1.4426115,0.29320455,-0.25764427,0.985372,4.9201536
33222,20.0,Optimised,1.4563833,0.29945248,-0.2622126,0.98562485,4.8634872
33222,20.5,Optimised,1.4700763,0.30565423,-0.26685995,0.98667866,4.8096056
33222,21.0,Optimised,1.4837775,0.3118122,-0.27155846,0.98828274,4.7585616
33222,21.5,Optimised,1.4974921,0.31794393,-0.2762774,0.99002683,4.709925
33222,22.0,Optimised,1.5111659,0.32407734,-0.28098685,0.99152434,4.662979
33222,22.5,Optimised,1.5247445,0.3302233,-0.28566235,0.99254805,4.617314
33222,23.0,Optimised,1.5382129,0.3363534,-0.29028392,0.9929958,4.5732045
33222,23.5,Optimised,1.5515602,0.34242553,-0.2948361,0.99275416,4.531088
33222,24.0,Optimised,1.5647563,0.34840924,-0.29930645,0.9915417,4.4911447
33222,24.5,Optimised,1.5777613,0.3542871,-0.303685,0.9885816,4.453341
33222,25.0,Optimised,1.5905285,0.36005992,-0.30796322,0.9817676,4.4173994
33222,25.5,Optimised,1.6030078,0.3657406,-0.31213284,0.964825,4.3829093
33222,26.0,Optimised,1.615155,0.37134102,-0.31618565,0.9173821,4.3495193
33222,26.5,Optimised,1.6269395,0.37686357,-0.320113,0.77548766,4.317052
33222,27.0,Optimised,1.6383204,0.3823023,-0.32390612,0.44276655,4.2854056
33222,27.5,Optimised,1.6492597,0.3876478,-0.3275564,0.11461929,4.2545314
33222,28.0,Optimised,1.659703,0.39289236,-0.3310554,0.014063534,4.22432
33222,28.5,Optimised,1.6695956,0.39802894,-0.3343954,0.0010085506,4.1946588
33222,29.0,Optimised,1.678874,0.4030521,-0.33756962,4.3329987e-05,4.165402
33222,29.5,Optimised,1.6874866,0.40795755,-0.3405726,1.0617425e-06,4.136427
33222,30.0,Optimised,1.6953889,0.41274104,-0.3434003,1.3902382e-08,4.1076336
37913,-30.0,Optimised,-0.91019344,0.32715663,0.082370974,2.3871854e-08,-2.7821336
37913,-29.5,Optimised,-0.8976727,0.32307705,0.07868162,1.547608e-06,-2.7785096
37913,-29.0,Optimised,-0.88477975,0.3189198,0.07491388,5.324267e-05,-2.7743018
37913,-28.5,Optimised,-0.87152326,0.31469208,0.07107319,0.0010399687,-2.7694478
37913,-28.0,Optimised,-0.8579111,0.3104014,0.067165665,0.012169116,-2.7638764
37913,-27.5,Optimised,-0.84395236,0.30605528,0.063197896,0.08551273,-2.7575161
37913,-27.0,Optimised,-0.8296559,0.30166054,0.0591772,0.32421494,-2.7502964
37913,-26.5,Optimised,-0.8150328,0.29722363,0.055111516,0.6363892,-2.7421534
37913,-26.0,Optimised,-0.80009794,0.2927503,0.051009655,0.8259286,-2.733039
37913,-25.5,Optimised,-0.78486675,0.28824434,0.046880785,0.9087676,-2.7229216
37913,-25.0,Optimised,-0.76935655,0.28370902,0.042734377,0.9438211,-2.7117803
37913,-24.5,Optimised,-0.7535867,0.27914754,0.038581003,0.95920694,-2.6996
37913,-24.0,Optimised,-0.7375754,0.27456284,0.03443123,0.9656677,-2.686363
37913,-23.5,Optimised,-0.7213402,0.26995668,0.030295622,0.96723104,-2.672059
37913,-23.0,Optimised,-0.70490044,0.2653315,0.026186084,0.9653244,-2.6566782
37913,-22.5,Optimised,-0.6882816,0.26068944,0.022116106,0.9603893,-2.640236
37913,-22.0,Optimised,-0.6715169,0.25603276,0.01810208,0.95267326,-2.6227772
37913,-21.5,Optimised,-0.65465266,0.25136447,0.0141631905,0.9431191,-2.604396
37913,-21.0,Optimised,-0.63774204,0.24668844,0.010321063,0.9337779,-2.5852125
37913,-20.5,Optimised,-0.6208278,0.24200797,0.006594348,0.92693704,-2.5653195
37913,-20.0,Optimised,-0.60393953,0.23732649,0.0029968321,0.92337155,-2.5447624
37913,-19.5,Optimised,-0.5870969,0.23264614,-0.00045971276,0.92208,-2.523562
37913,-19.0,Optimised,-0.57032776,0.22797024,-0.0037605106,0.92162865,-2.501764
37913,-18.5,Optimised,-0.5536858,0.22330418,-0.00688566,0.9210627,-2.4795136
37913,-18.0,Optimised,-0.53724945,0.21865684,-0.009810513,0.9199451,-2.457044
37913,-17.5,Optimised,-0.52113056,0.21404096,-0.012507563,0.9182304,-2.4347234
37913,-17.0,Optimised,-0.5054743,0.2094707,-0.014946329,0.91629726,-2.4131026
37913,-16.5,Optimised,-0.49044853,0.2049535,-0.017098283,0.9150022,-2.3929746
37913,-16.0,Optimised,-0.47622284,0.20048892,-0.018943936,0.9153688,-2.3753076
37913,-15.5,Optimised,-0.46292368,0.19607362,-0.02047497,0.9174773,-2.3609686
37913,-15.0,Optimised,-0.45061067,0.19170341,-0.021690238,0.9202452,-2.3505616
37913,-14.5,Optimised,-0.43929747,0.187373,-0.022595674,0.9227472,-2.344508
37913,-14.0,Optimised,-0.42897537,0.18307745,-0.023203362,0.9248842,-2.343136
37913,-13.5,Optimised,-0.4196294,0.17881355,-0.023527777,0.9270141,-2.3467429
37913,-13.0,Optimised,-0.41123778,0.17457882,-0.02358126,0.92951274,-2.3555996
37913,-12.5,Optimised,-0.40378565,0.1703685,-0.02337206,0.9325541,-2.3700724
37913,-12.0,Optimised,-0.39726725,0.1661709,-0.022906732,0.9360255,-2.3907151
37913,-11.5,Optimised,-0.39167777,0.16196477,-0.022196168,0.93958473,-2.41829
37913,-11.0,Optimised,-0.38697684,0.15772793,-0.021261673,0.9428147,-2.4534452
37913,-10.5,Optimised,-0.3830763,0.15344626,-0.020133864,0.9453628,-2.4964852
37913,-10.0,Optimised,-0.37988916,0.14912203,-0.018841337,0.9469869,-2.5475054
37913,-9.5,Optimised,-0.37744287,0.14478146,-0.017386878,0.9475036,-2.6069834
37913,-9.0,Optimised,-0.37597936,0.14047803,-0.0157291,0.9467197,-2.6764283
37913,-8.5,Optimised,-0.37590995,0.1362749,-0.013792133,0.94451404,-2.758468
37913,-8.0,Optimised,-0.37758514,0.13221481,-0.011504811,0.94094867,-2.855846
37913,-7.5,Optimised,-0.3810098,0.12828097,-0.008851546,0.9361216,-2.9701195
37913,-7.0,Optimised,-0.3855161,0.12436501,-0.005946219,0.9299092,-3.099876
37913,-6.5,Optimised,-0.38947582,0.1203009,-0.003110975,0.92248684,-3.2375138
37913,-6.0,Optimised,-0.3904721,0.115955904,-0.00085923076,0.9147578,-3.367419
37913,-5.5,Optimised,-0.3865966,0.11126754,0.00037353634,0.90619195,-3.4744778
37913,-5.0,Optimised,-0.3782816,0.10626773,0.0006130695,0.89511585,-3.5597034
37913,-4.5,Optimised,-0.36793882,0.10107232,0.0003284812,0.8816527,-3.640352
37913,-4.0,Optimised,-0.3565293,0.09571393,-0.00028763415,0.86610734,-3.7249467
37913,-3.5,Optimised,-0.33933175,0.09010172,-0.0022377372,0.8335448,-3.7660964
37913,-3.0,Optimised,-0.3105204,0.08432219,-0.0065877466,0.7492516,-3.6825466
37913,-2.5,Optimised,-0.27207553,0.07899442,-0.012560358,0.5832172,-3.4442372
37913,-2.0,Optimised,-0.24179173,0.07422812,-0.013059601,0.32853585,-3.2574139
37913,-1.5,Optimised,-0.28558868,0.067962095,0.0056830645,0.18210381,-4.202176
37913,-1.0,Optimised,0.09654689,0.05275991,-0.089068055,0.56936574,1.829929
37913,-0.5,Optimised,0.34314972,0.046181887,-0.13348874,0.9293833,7.430396
37913,0.0,Optimised,0.4436583,0.043850932,-0.14217189,0.9682782,10.11742
37913,0.5,Optimised,0.52770185,0.042644735,-0.14705512,0.9750895,12.3743725
37913,1.0,Optimised,0.6038976,0.041398644,-0.15010265,0.97802645,14.587376
37913,1.5,Optimised,0.7301877,0.036029004,-0.15829268,0.9678602,20.266665
37913,2.0,Optimised,0.98138696,0.030918978,-0.18564501,0.9572867,31.7406
37913,2.5,Optimised,1.0439703,0.03218279,-0.18505919,0.9850022,32.438778
37913,3.0,Optimised,1.1184059,0.035280764,-0.18927601,0.9973999,31.700163
37913,3.5,Optimised,1.1960375,0.038312003,-0.19300513,0.99891794,31.21835
37913,4.0,Optimised,1.2648181,0.041930653,-0.19465394,0.99878424,30.16452
37913,4.5,Optimised,1.3242751,0.046421103,-0.1947082,0.99620783,28.527437
37913,5.0,Optimised,1.3740064,0.05167107,-0.19342698,0.9865261,26.591406
37913,5.5,Optimised,1.4160439,0.057397887,-0.19148287,0.96921647,24.670662
37913,6.0,Optimised,1.4538002,0.06352402,-0.19018786,0.9480693,22.885834
37913,6.5,Optimised,1.4934282,0.070312954,-0.18990327,0.9009843,21.23973
37913,7.0,Optimised,1.3909013,0.088421926,-0.1886101,0.773774,15.730276
37913,7.5,Optimised,0.973066,0.13253458,-0.19797783,0.807011,7.341978
37913,8.0,Optimised,1.0151973,0.13845627,-0.20370364,0.93895805,7.332259
37913,8.5,Optimised,1.0703963,0.1469185,-0.20765011,0.96848595,7.2856464
37913,9.0,Optimised,1.1020705,0.15348771,-0.20716873,0.97452253,7.1801867
37913,9.5,Optimised,1.1393433,0.15938035,-0.20495057,0.9721452,7.1485806
37913,10.0,Optimised,1.1660732,0.16662721,-0.20332722,0.9693498,6.998096
37913,10.5,Optimised,1.1867398,0.17433026,-0.20244241,0.9675772,6.8074226
37913,11.0,Optimised,1.2036797,0.18218437,-0.20203266,0.9669566,6.6069317
37913,11.5,Optimised,1.2181381,0.19003555,-0.20236237,0.96810216,6.4100537
37913,12.0,Optimised,1.2314947,0.19758925,-0.2034556,0.9708896,6.2325997
37913,12.5,Optimised,1.2448204,0.20469981,-0.20516565,0.97443026,6.081199
37913,13.0,Optimised,1.2583233,0.21138437,-0.20738061,0.97779685,5.9527736
37913,13.5,Optimised,1.2719464,0.21774763,-0.20996681,0.9805079,5.841379
37913,14.0,Optimised,1.2856351,0.22391216,-0.21281758,0.9825167,5.741694
37913,14.5,Optimised,1.2993116,0.22998913,-0.2159067,0.98398787,5.649448
37913,15.0,Optimised,1.3129255,0.2360588,-0.21923324,0.9851007,5.5618577
37913,15.5,Optimised,1.3265225,0.24214603,-0.22276643,0.9859578,5.4781923
37913,16.0,Optimised,1.3402345,0.24824712,-0.22647429,0.98655206,5.398792
37913,16.5,Optimised,1.3541979,0.254362,-0.23035479,0.9867432,5.3239
37913,17.0,Optimised,1.3683877,0.26050764,-0.23440342,0.98632807,5.252774
37913,17.5,Optimised,1.3825822,0.26670882,-0.23858687,0.98527956,5.1838636
37913,18.0,Optimised,1.3966252,0.27295363,-0.24288411,0.9838489,5.116712
37913,18.5,Optimised,1.4105155,0.27918893,-0.24730599,0.9824206,5.0521903
37913,19.0,Optimised,1.4243146,0.28537476,-0.2518616,0.9813898,4.991032
37913,19.5,Optimised,1.4380898,0.29151845,-0.25653717,0.98108107,4.9331007
37913,20.0,Optimised,1.4518665,0.29765183,-0.26130167,0.98167026,4.877734
37913,20.5,Optimised,1.4656441,0.3038175,-0.266121,0.9831004,4.824094
37913,21.0,Optimised,1.4794354,0.31004536,-0.27096605,0.98509306,4.771674
37913,21.5,Optimised,1.4932901,0.31631213,-0.27581254,0.9872497,4.720938
37913,22.0,Optimised,1.5072526,0.32256222,-0.2806389,0.9891777,4.67275
37913,22.5,Optimised,1.521307,0.32874858,-0.2854259,0.99060225,4.6275697
37913,23.0,Optimised,1.5353843,0.33484578,-0.29015654,0.991376,4.5853477
37913,23.5,Optimised,1.549391,0.340853,-0.29481596,0.9913747,4.545628
37913,24.0,Optimised,1.5632308,0.3467883,-0.29939157,0.9903397,4.507738
37913,24.5,Optimised,1.5768243,0.35266674,-0.30386993,0.9875514,4.4711456
37913,25.0,Optimised,1.5901179,0.35849178,-0.30823937,0.9810616,4.435577
37913,25.5,Optimised,1.6030676,0.364255,-0.31248775,0.9651302,4.4009485
37913,26.0,Optimised,1.6156293,0.3699457,-0.31660435,0.92132103,4.3672066
37913,26.5,Optimised,1.6277504,0.3755517,-0.3205782,0.791044,4.334291
37913,27.0,Optimised,1.6393745,0.3810647,-0.32439965,0.47343126,4.3020897
37913,27.5,Optimised,1.650441,0.386476,-0.32805943,0.13055982,4.270488
37913,28.0,Optimised,1.6608832,0.3917784,-0.33154887,0.016567653,4.239343
37913,28.5,Optimised,1.6706419,0.39696723,-0.33486095,0.0012052602,4.2085133
37913,29.0,Optimised,1.679656,0.40203744,-0.33798903,5.2140273e-05,4.17786
37913,29.5,Optimised,1.6878752,0.40698782,-0.34092808,1.2807301e-06,4.147238
37913,30.0,Optimised,1.6952603,0.41181707,-0.3436746,1.6751253e-08,4.116537
42721,-30.0,Optimised,-0.90976834,0.32707238,0.08259748,3.0360383e-08,-2.7815504
42721,-29.5,Optimised,-0.8972126,0.32298285,0.07889769,1.9676138e-06,-2.7778957
42721,-29.0,Optimised,-0.88427055,0.31881374,0.07511723,6.771185e-05,-2.7736275
42721,-28.5,Optimised,-0.87095284,0.31457245,0.07126163,0.0013230684,-2.7686875
42721,-28.0,Optimised,-0.8572738,0.31026542,0.067336924,0.015443139,-2.7630336
42721,-27.5,Optimised,-0.8432424,0.3059002,0.0633497,0.10640045,-2.7565932
42721,-27.0,Optimised,-0.8288723,0.3014838,0.059307337,0.37902412,-2.7493095
42721,-26.5,Optimised,-0.81417537,0.29702365,0.05521766,0.6896125,-2.741113
42721,-26.0,Optimised,-0.7991624,0.2925257,0.05108901,0.85716516,-2.731939
42721,-25.5,Optimised,-0.7838466,0.28799567,0.046930708,0.9261096,-2.7217307
42721,-25.0,Optimised,-0.768244,0.28343832,0.04275211,0.9545456,-2.7104452
42721,-24.5,Optimised,-0.7523689,0.27885658,0.038563974,0.9668487,-2.6980498
42721,-24.0,Optimised,-0.7362431,0.2742524,0.034377407,0.9718979,-2.6845458
42721,-23.5,Optimised,-0.71988916,0.2696258,0.030203957,0.972934,-2.6699564
42721,-23.0,Optimised,-0.70333326,0.26497677,0.02605633,0.97104025,-2.6543205
42721,-22.5,Optimised,-0.6866064,0.26030394,0.021948457,0.96643174,-2.6377103
42721,-22.0,Optimised,-0.66974676,0.25560793,0.017896414,0.9590535,-2.6202111
42721,-21.5,Optimised,-0.65279955,0.25089166,0.013918901,0.9493482,-2.6019182
42721,-21.0,Optimised,-0.63581944,0.2461595,0.010037487,0.9389286,-2.5829573
42721,-20.5,Optimised,-0.61885464,0.2414174,0.0062728403,0.9302903,-2.563422
42721,-20.0,Optimised,-0.60193783,0.2366703,0.0026411652,0.92502695,-2.5433602
42721,-19.5,Optimised,-0.5850867,0.23192254,-0.00084445474,0.9226873,-2.5227678
42721,-19.0,Optimised,-0.5683211,0.22717802,-0.0041699647,0.92177975,-2.5016553
42721,-18.5,Optimised,-0.5516849,0.22244193,-0.007315737,0.92108047,-2.4801302
42721,-18.0,Optimised,-0.5352485,0.21772353,-0.010256851,0.9199298,-2.4583862
42721,-17.5,Optimised,-0.51911473,0.21303761,-0.012965816,0.91804534,-2.436728
42721,-17.0,Optimised,-0.5034226,0.20840114,-0.015412432,0.91547,-2.4156423
42721,-16.5,Optimised,-0.48834565,0.20382622,-0.017568702,0.9128053,-2.3958921
42721,-16.0,Optimised,-0.47407848,0.19931515,-0.01941445,0.9115686,-2.3785372
42721,-15.5,Optimised,-0.46078724,0.1948672,-0.020938223,0.91319823,-2.3646219
42721,-15.0,Optimised,-0.4485613,0.19047904,-0.02213366,0.9171838,-2.3549116
42721,-14.5,Optimised,-0.43741724,0.18614353,-0.023003196,0.921584,-2.3498921
42721,-14.0,Optimised,-0.42733404,0.18185355,-0.023559397,0.9250939,-2.3498802
42721,-13.5,Optimised,-0.4182731,0.17760289,-0.023821259,0.9276565,-2.355103
42721,-13.0,Optimised,-0.41019785,0.17338824,-0.023807447,0.9298531,-2.3657765
42721,-12.5,Optimised,-0.4030721,0.16920647,-0.023533206,0.932249,-2.3821316
42721,-12.0,Optimised,-0.39686257,0.16505311,-0.023010844,0.9350461,-2.4044538
42721,-11.5,Optimised,-0.39152008,0.16091561,-0.022254873,0.9380518,-2.433077
42721,-11.0,Optimised,-0.38697433,0.1567693,-0.021288294,0.940872,-2.4684317
42721,-10.5,Optimised,-0.38314414,0.1525795,-0.020142425,0.9431478,-2.5111115
42721,-10.0,Optimised,-0.3799867,0.14831966,-0.018846547,0.9446872,-2.5619442
42721,-9.5,Optimised,-0.37759867,0.14399841,-0.017403036,0.9454173,-2.622242
42721,-9.0,Optimised,-0.3762789,0.13967824,-0.015767675,0.9451896,-2.6938977
42721,-8.5,Optimised,-0.37643084,0.13545828,-0.013862622,0.94379336,-2.778943
42721,-8.0,Optimised,-0.3783467,0.1314221,-0.011616617,0.94110805,-2.8788667
42721,-7.5,Optimised,-0.38200164,0.12757443,-0.009016061,0.93694824,-2.9943433
42721,-7.0,Optimised,-0.38679066,0.12380389,-0.0061794696,0.93108475,-3.1242206
42721,-6.5,Optimised,-0.39116737,0.11992426,-0.0034505248,0.9243994,-3.2617867
42721,-6.0,Optimised,-0.3924905,0.11573969,-0.0014208078,0.9188699,-3.3911488
42721,-5.5,Optimised,-0.3883525,0.1111119,-0.0006066263,0.9144074,-3.4951477
42721,-5.0,Optimised,-0.3789848,0.1060818,-0.0009432316,0.90896606,-3.5725715
42721,-4.5,Optimised,-0.36612508,0.100772776,-0.0020423592,0.9018129,-3.6331744
42721,-4.0,Optimised,-0.3498314,0.095222265,-0.0038518966,0.89319235,-3.6738403
42721,-3.5,Optimised,-0.32663962,0.08944142,-0.007094669,0.8706141,-3.6519952
42721,-3.0,Optimised,-0.2933634,0.08354819,-0.012742674,0.7985663,-3.5113077
42721,-2.5,Optimised,-0.24715087,0.07808917,-0.021329215,0.62673455,-3.1649826
42721,-2.0,Optimised,-0.19767886,0.073241025,-0.027198786,0.30567583,-2.6990182
42721,-1.5,Optimised,-0.18855226,0.065450855,-0.02429076,0.18444234,-2.880822
42721,-1.0,Optimised,0.22626257,0.04866486,-0.1209358,0.6924423,4.6494036
42721,-0.5,Optimised,0.37869507,0.043482892,-0.14165704,0.93050826,8.709059
42721,0.0,Optimised,0.4703113,0.042142794,-0.1478091,0.9587704,11.159946
42721,0.5,Optimised,0.54965436,0.04126875,-0.15139577,0.96170527,13.3189
42721,1.0,Optimised,0.6314253,0.038553946,-0.15447989,0.9553638,16.37771
42721,1.5,Optimised,0.878435,0.03209908,-0.18226893,0.9461734,27.366362
42721,2.0,Optimised,0.98986024,0.030368498,-0.18662497,0.957639,32.59497
42721,2.5,Optimised,1.0447055,0.032310486,-0.18628117,0.9911527,32.33333
42721,3.0,Optimised,1.1242712,0.034816194,-0.19081427,0.9977106,32.291615
42721,3.5,Optimised,1.2022443,0.037723105,-0.19456533,0.9987859,31.870235
42721,4.0,Optimised,1.2691269,0.041316047,-0.19585632,0.99854976,30.71753
42721,4.5,Optimised,1.3250561,0.045787744,-0.19518144,0.99564004,28.939098
42721,5.0,Optimised,1.3720373,0.050952196,-0.19320521,0.98490775,26.927933
42721,5.5,Optimised,1.413028,0.056575187,-0.19079003,0.96536225,24.976109
42721,6.0,Optimised,1.4501634,0.062789544,-0.1890785,0.9382351,23.09562
42721,6.5,Optimised,1.4946457,0.069352895,-0.18912482,0.8756841,21.55131
42721,7.0,Optimised,1.391835,0.08699758,-0.18634802,0.7184616,15.998548
42721,7.5,Optimised,0.98621464,0.13378346,-0.1938627,0.7614409,7.371723
42721,8.0,Optimised,1.0422338,0.13701358,-0.19825645,0.9214067,7.606792
42721,8.5,Optimised,1.1095824,0.14253987,-0.20173077,0.9550898,7.784365
42721,9.0,Optimised,1.1434845,0.14983091,-0.19998929,0.95785,7.631833
42721,9.5,Optimised,1.1676764,0.15651259,-0.19742636,0.9546477,7.4605913
42721,10.0,Optimised,1.1831386,0.16415372,-0.19623436,0.9531407,7.207504
42721,10.5,Optimised,1.1968277,0.17235874,-0.19618993,0.9524946,6.9438176
42721,11.0,Optimised,1.2095398,0.18059738,-0.19680408,0.9522345,6.6974382
42721,11.5,Optimised,1.2216613,0.18857321,-0.19793428,0.95393276,6.478446
42721,12.0,Optimised,1.2338808,0.19608292,-0.19959608,0.9579648,6.292648
42721,12.5,Optimised,1.2465339,0.20307487,-0.20170888,0.96333873,6.138297
42721,13.0,Optimised,1.2595761,0.20964228,-0.20416065,0.96867174,6.008216
42721,13.5,Optimised,1.2727401,0.21594572,-0.20691657,0.97312826,5.8937964
42721,14.0,Optimised,1.2858088,0.22212973,-0.20996857,0.97654736,5.788549
42721,14.5,Optimised,1.2987579,0.22826937,-0.21327719,0.97904533,5.6895847
42721,15.0,Optimised,1.3117453,0.23439316,-0.21680412,0.98072296,5.5963464
42721,15.5,Optimised,1.3249847,0.24051805,-0.22053906,0.9815807,5.508878
42721,16.0,Optimised,1.3385441,0.2466665,-0.2244716,0.9815664,5.4265337
42721,16.5,Optimised,1.352267,0.25286347,-0.22856538,0.98074466,5.347815
42721,17.0,Optimised,1.3659886,0.25910163,-0.23278518,0.9793815,5.2720184
42721,17.5,Optimised,1.3796413,0.26532397,-0.23711824,0.9777819,5.1998367
42721,18.0,Optimised,1.3932556,0.27147934,-0.24157295,0.9761555,5.132087
42721,18.5,Optimised,1.4069386,0.27756792,-0.2461652,0.9747005,5.068808
42721,19.0,Optimised,1.420723,0.28363428,-0.25089198,0.9737379,5.008996
42721,19.5,Optimised,1.4345386,0.2897502,-0.2557258,0.97362095,4.9509497
42721,20.0,Optimised,1.4483553,0.29596698,-0.26063266,0.97455037,4.893638
42721,20.5,Optimised,1.4622791,0.30226067,-0.26558295,0.97654015,4.837808
42721,21.0,Optimised,1.4764447,0.30856618,-0.27055293,0.9793601,4.784856
42721,21.5,Optimised,1.4908916,0.31483024,-0.27552134,0.98251987,4.7355413
42721,22.0,Optimised,1.5055635,0.3210274,-0.2804684,0.9854512,4.689829
42721,22.5,Optimised,1.5203398,0.3271632,-0.28537434,0.98773617,4.647038
42721,23.0,Optimised,1.5350871,0.33325815,-0.29021963,0.98916316,4.6063004
42721,23.5,Optimised,1.549693,0.33932337,-0.29498544,0.9896059,4.5670094
42721,24.0,Optimised,1.5640776,0.34535477,-0.29965496,0.98883176,4.528901
42721,24.5,Optimised,1.5781726,0.35133812,-0.30421296,0.98613924,4.491891
42721,25.0,Optimised,1.5919178,0.35726097,-0.3086467,0.9795688,4.455896
42721,25.5,Optimised,1.605253,0.3631103,-0.31294432,0.9633066,4.420841
42721,26.0,Optimised,1.6181165,0.3688761,-0.31709546,0.9187481,4.3866124
42721,26.5,Optimised,1.6304485,0.37454915,-0.32109058,0.7872896,4.353096
42721,27.0,Optimised,1.6421797,0.38012075,-0.32491904,0.46985123,4.3201528
42721,27.5,Optimised,1.653239,0.38558564,-0.32857096,0.12953699,4.2876053
42721,28.0,Optimised,1.66355,0.39093918,-0.33203563,0.016476866,4.2552657
42721,28.5,Optimised,1.6730452,0.39617783,-0.33530492,0.0012014105,4.2229652
42721,29.0,Optimised,1.6816664,0.4012987,-0.33837217,5.206907e-05,4.1905603
42721,29.5,Optimised,1.6893692,0.40629935,-0.3412336,1.2810905e-06,4.1579423
42721,30.0,Optimised,1.6961322,0.4111768,-0.34388798,1.6782273e-08,4.1250677
47599,-30.0,Optimised,-0.909258,0.3270398,0.08269256,3.389692e-08,-2.780267
47599,-29.5,Optimised,-0.8967105,0.3229476,0.07898812,2.1937901e-06,-2.776644
47599,-29.0,Optimised,-0.8837605,0.3187749,0.075201,7.546954e-05,-2.7723653
47599,-28.5,Optimised,-0.8704222,0.3145276,0.07133694,0.0014756008,-2.7673953
47599,-28.0,Optimised,-0.8567099,0.3102129,0.06740225,0.017227124,-2.7616835
47599,-27.5,Optimised,-0.8426373,0.3058369,0.06340375,0.11772761,-2.7551854
47599,-27.0,Optimised,-0.8282176,0.30140632,0.0593485,0.4069805,-2.7478442
47599,-26.5,Optimised,-0.8134651,0.29692736,0.055244245,0.7148587,-2.7396097
47599,-26.0,Optimised,-0.79839337,0.29240596,0.05109934,0.8716895,-2.7304277
47599,-25.5,Optimised,-0.7830148,0.28784773,0.046922356,0.93432206,-2.7202396
47599,-25.0,Optimised,-0.7673465,0.28325835,0.04272316,0.9598012,-2.7089987
47599,-24.5,Optimised,-0.7514019,0.2786414,0.03851164,0.97074234,-2.696663
47599,-24.0,Optimised,-0.7351996,0.27400103,0.034299362,0.97519773,-2.6832001
47599,-23.5,Optimised,-0.71875954,0.26933956,0.03009786,0.976065,-2.6685998
47599,-23.0,Optimised,-0.7021067,0.26465818,0.025920028,0.97427577,-2.6528811
47599,-22.5,Optimised,-0.6852697,0.2599564,0.021779846,0.96993065,-2.6360948
47599,-22.0,Optimised,-0.6682895,0.25523373,0.017693598,0.96277153,-2.618343
47599,-21.5,Optimised,-0.6512152,0.25048995,0.013680357,0.95282984,-2.5997658
47599,-21.0,Optimised,-0.63411,0.2457271,0.009762913,0.94123435,-2.5805454
47599,-20.5,Optimised,-0.6170362,0.24094898,0.005964005,0.9305111,-2.5608585
47599,-20.0,Optimised,-0.6000378,0.23616035,0.0023028136,0.92308956,-2.5408068
47599,-19.5,Optimised,-0.58314013,0.23136622,-0.0012061357,0.91932136,-2.5204203
47599,-19.0,Optimised,-0.5663628,0.22657134,-0.004549193,0.9177705,-2.4997108
47599,-18.5,Optimised,-0.549742,0.22178169,-0.0077082096,0.9168536,-2.4787529
47599,-18.0,Optimised,-0.5333415,0.21700644,-0.010658783,0.91559887,-2.457722
47599,-17.5,Optimised,-0.51725745,0.21226114,-0.01337182,0.9135258,-2.4368918
47599,-17.0,Optimised,-0.5016209,0.20756555,-0.015816063,0.91046315,-2.4166868
47599,-16.5,Optimised,-0.48660433,0.20293403,-0.01796304,0.906683,-2.397845
47599,-16.0,Optimised,-0.47240525,0.19837177,-0.019794006,0.9035135,-2.3814137
47599,-15.5,Optimised,-0.4591987,0.19388112,-0.021297395,0.90324044,-2.368455
47599,-15.0,Optimised,-0.4470914,0.18946286,-0.022466427,0.90703547,-2.359784
47599,-14.5,Optimised,-0.43610695,0.1851138,-0.023301214,0.9132892,-2.3558857
47599,-14.0,Optimised,-0.42621118,0.18082699,-0.023813117,0.9192736,-2.3570108
47599,-13.5,Optimised,-0.4173562,0.1765935,-0.024020482,0.9235512,-2.3633723
47599,-13.0,Optimised,-0.40949708,0.17240518,-0.02394386,0.92628115,-2.3752017
47599,-12.5,Optimised,-0.40259996,0.16825506,-0.023602033,0.92832434,-2.3927956
47599,-12.0,Optimised,-0.3966244,0.16413407,-0.023013365,0.93040824,-2.416466
47599,-11.5,Optimised,-0.3915157,0.16002685,-0.02219916,0.93272614,-2.4465625
47599,-11.0,Optimised,-0.3871906,0.15590963,-0.021187758,0.9350178,-2.4834297
47599,-10.5,Optimised,-0.38353816,0.1517532,-0.020014893,0.9369254,-2.527381
47599,-10.0,Optimised,-0.38048965,0.14753553,-0.018711258,0.93830764,-2.5789695
47599,-9.5,Optimised,-0.37815037,0.1432623,-0.017276924,0.93920255,-2.6395667
47599,-9.0,Optimised,-0.37687138,0.13898681,-0.015661895,0.9394896,-2.7115622
47599,-8.5,Optimised,-0.3771172,0.13480027,-0.013784999,0.9389156,-2.7975996
47599,-8.0,Optimised,-0.37920874,0.1307823,-0.0115767,0.9373771,-2.8995416
47599,-7.5,Optimised,-0.38310394,0.12694533,-0.009028184,0.9347379,-3.0178654
47599,-7.0,Optimised,-0.3881653,0.123214774,-0.0062612295,0.93097126,-3.1503146
47599,-6.5,Optimised,-0.39287332,0.11944658,-0.0036214173,0.9271048,-3.289113
47599,-6.0,Optimised,-0.39470196,0.115418196,-0.0016994178,0.9242057,-3.419755
47599,-5.5,Optimised,-0.3911635,0.11089655,-0.0010359704,0.921499,-3.527283
47599,-5.0,Optimised,-0.38151237,0.10586567,-0.0017119705,0.9188712,-3.6037402
47599,-4.5,Optimised,-0.36635715,0.1004819,-0.0034809024,0.9171514,-3.6460016
47599,-4.0,Optimised,-0.34552675,0.09482272,-0.006303209,0.9148327,-3.6439238
47599,-3.5,Optimised,-0.31674778,0.08890554,-0.0108614,0.89977694,-3.562745
47599,-3.0,Optimised,-0.2786327,0.08283303,-0.018021345,0.8414052,-3.3637874
47599,-2.5,Optimised,-0.22357571,0.077143125,-0.029105157,0.6767653,-2.8981936
47599,-2.0,Optimised,-0.16118321,0.07174618,-0.03804002,0.29886118,-2.2465756
47599,-1.5,Optimised,-0.056025982,0.059669577,-0.062898956,0.24258807,-0.9389371
47599,-1.0,Optimised,0.29152477,0.044534963,-0.13602276,0.783319,6.545975
47599,-0.5,Optimised,0.4096073,0.041086596,-0.14813264,0.93084925,9.969365
47599,0.0,Optimised,0.4937449,0.04049326,-0.15250437,0.94603425,12.193261
47599,0.5,Optimised,0.56915605,0.039582517,-0.15516181,0.9390496,14.378976
47599,1.0,Optimised,0.71796227,0.03427418,-0.16822763,0.91587746,20.947613
47599,1.5,Optimised,0.9283455,0.030090142,-0.1898413,0.9257557,30.852148
47599,2.0,Optimised,0.98423886,0.030449452,-0.18660624,0.97198135,32.323696
47599,2.5,Optimised,1.0533398,0.032172505,-0.18851455,0.9935762,32.740376
47599,3.0,Optimised,1.1331577,0.034254856,-0.19285966,0.99757737,33.080208
47599,3.5,Optimised,1.2087048,0.03709805,-0.19622545,0.9985141,32.581356
47599,4.0,Optimised,1.2718054,0.040673453,-0.19689727,0.9981085,31.268684
47599,4.5,Optimised,1.3240932,0.045088653,-0.19555807,0.99449736,29.36644
47599,5.0,Optimised,1.3693724,0.050140575,-0.19314447,0.9817043,27.310663
47599,5.5,Optimised,1.4096844,0.05574332,-0.19036682,0.95819837,25.288849
47599,6.0,Optimised,1.4458224,0.06216774,-0.188059,0.9267383,23.256794
47599,6.5,Optimised,1.4893693,0.069285974,-0.18783578,0.85927236,21.495972
47599,7.0,Optimised,1.4301338,0.08332749,-0.18452704,0.6704747,17.16281
47599,7.5,Optimised,1.0184338,0.13291393,-0.18838558,0.681299,7.6623554
47599,8.0,Optimised,1.0600314,0.13669796,-0.19101456,0.87990016,7.754552
47599,8.5,Optimised,1.149962,0.1372879,-0.19417362,0.9307146,8.376281
47599,9.0,Optimised,1.1773053,0.14560036,-0.19270185,0.93039316,8.085868
47599,9.5,Optimised,1.1878624,0.15381335,-0.19066393,0.92862934,7.7227526
47599,10.0,Optimised,1.1940113,0.16212186,-0.19037129,0.9316078,7.3649
47599,10.5,Optimised,1.2023886,0.17072058,-0.19130738,0.93364894,7.043021
47599,11.0,Optimised,1.2131655,0.17911819,-0.19278245,0.9341754,6.7729893
47599,11.5,Optimised,1.2247535,0.18704963,-0.1945791,0.9359768,6.547746
47599,12.0,Optimised,1.236544,0.1945133,-0.19664142,0.9402413,6.3571177
47599,12.5,Optimised,1.2485641,0.20155858,-0.19898519,0.9467475,6.194547
47599,13.0,Optimised,1.2608172,0.2082519,-0.20163426,0.9541769,6.0542893
47599,13.5,Optimised,1.2731645,0.21467203,-0.20457554,0.9608411,5.9307423
47599,14.0,Optimised,1.2855397,0.22090971,-0.20778862,0.9658124,5.819299
47599,14.5,Optimised,1.2980642,0.22705586,-0.21126938,0.968933,5.7169375
47599,15.0,Optimised,1.3108736,0.23318368,-0.21500134,0.9703683,5.6216354
47599,15.5,Optimised,1.323923,0.23934388,-0.21893573,0.9704378,5.531468
47599,16.0,Optimised,1.3370996,0.24555083,-0.2230225,0.96959466,5.445307
47599,16.5,Optimised,1.3503541,0.25176555,-0.2272375,0.96832085,5.363538
47599,17.0,Optimised,1.3636893,0.2579238,-0.23157501,0.96692663,5.287179
47599,17.5,Optimised,1.377155,0.26399434,-0.23603821,0.9654346,5.216608
47599,18.0,Optimised,1.3908007,0.27000347,-0.24063781,0.9638152,5.1510477
47599,18.5,Optimised,1.4046003,0.27602696,-0.24538004,0.9622785,5.088634
47599,19.0,Optimised,1.4184812,0.28214824,-0.2502524,0.9612862,5.0274324
47599,19.5,Optimised,1.4324644,0.28837872,-0.25522622,0.96144557,4.967303
47599,20.0,Optimised,1.446676,0.29466793,-0.26027015,0.96317965,4.909513
47599,20.5,Optimised,1.4612244,0.3009588,-0.26535463,0.96649975,4.855231
47599,21.0,Optimised,1.4761267,0.30721536,-0.27045378,0.9710262,4.8048596
47599,21.5,Optimised,1.4913043,0.31343466,-0.2755445,0.97602785,4.757943
47599,22.0,Optimised,1.5066237,0.3196363,-0.2806045,0.9806364,4.713557
47599,22.5,Optimised,1.5219548,0.3258316,-0.28561068,0.9842189,4.6709857
47599,23.0,Optimised,1.5371875,0.3320159,-0.29054108,0.9865086,4.629861
47599,23.5,Optimised,1.5522311,0.33817515,-0.29537684,0.9874264,4.590021
47599,24.0,Optimised,1.5670077,0.34429365,-0.30010238,0.9867927,4.5513697
47599,24.5,Optimised,1.5814455,0.3503561,-0.3047047,0.9838755,4.513823
47599,25.0,Optimised,1.5954785,0.3563485,-0.3091725,0.976502,4.4772983
47599,25.5,Optimised,1.6090434,0.36225992,-0.3134962,0.95815885,4.441682
47599,26.0,Optimised,1.6220675,0.36808035,-0.31766376,0.9082346,4.40683
47599,26.5,Optimised,1.6344726,0.37380385,-0.32166338,0.764414,4.372541
47599,27.0,Optimised,1.6461722,0.37942535,-0.32548222,0.43738684,4.338593
47599,27.5,Optimised,1.6570853,0.384939,-0.32910842,0.115506835,4.3048
47599,28.0,Optimised,1.6671375,0.3903392,-0.33253175,0.014501945,4.270997
47599,28.5,Optimised,1.6762592,0.39562082,-0.33574408,0.0010574331,4.237035
47599,29.0,Optimised,1.6844047,0.40077972,-0.3387404,4.596212e-05,4.2028193
47599,29.5,Optimised,1.6915385,0.4058119,-0.34151784,1.1353742e-06,4.168282
47599,30.0,Optimised,1.6976504,0.41071552,-0.3440772,1.49423e-08,4.133397
52501,-30.0,Optimised,-0.9086227,0.32704198,0.08271996,3.3610753e-08,-2.778306
52501,-29.5,Optimised,-0.89611435,0.32295358,0.079014316,2.1681656e-06,-2.7747467
52501,-29.0,Optimised,-0.88318765,0.31878403,0.0752238,7.442049e-05,-2.770489
52501,-28.5,Optimised,-0.86985976,0.3145393,0.07135466,0.0014536482,-2.7655041
52501,-28.0,Optimised,-0.8561474,0.31022474,0.06741341,0.016979849,-2.7597651
52501,-27.5,Optimised,-0.8420665,0.30584696,0.063407496,0.11638868,-2.7532284
52501,-27.0,Optimised,-0.8276297,0.30141166,0.059343804,0.4046418,-2.745845
52501,-26.5,Optimised,-0.81285167,0.29692346,0.055230103,0.71379834,-2.7375798
52501,-26.0,Optimised,-0.79774666,0.29238883,0.051074773,0.87173826,-2.728376
52501,-25.5,Optimised,-0.7823279,0.2878117,0.046886154,0.9347363,-2.7181935
52501,-25.0,Optimised,-0.7666104,0.2831971,0.042673837,0.9603172,-2.7069852
52501,-24.5,Optimised,-0.75061095,0.27854952,0.03844785,0.97130954,-2.6947126
52501,-24.0,Optimised,-0.73434854,0.27387297,0.034219068,0.9758312,-2.6813471
52501,-23.5,Optimised,-0.7178451,0.26917094,0.029999226,0.97680396,-2.6668744
52501,-23.0,Optimised,-0.7011248,0.26444602,0.02580132,0.97516835,-2.6512964
52501,-22.5,Optimised,-0.6842172,0.25970092,0.021639008,0.9710042,-2.6346352
52501,-22.0,Optimised,-0.6671569,0.25493652,0.017528092,0.963943,-2.616953
52501,-21.5,Optimised,-0.64999056,0.25015533,0.013487411,0.95371443,-2.598348
52501,-21.0,Optimised,-0.6327755,0.24535963,0.009539152,0.940965,-2.5789714
52501,-20.5,Optimised,-0.61558026,0.24055286,0.005708116,0.92802817,-2.559023
52501,-20.0,Optimised,-0.5984632,0.23573822,0.0020169914,0.9180108,-2.538677
52501,-19.5,Optimised,-0.5814672,0.23091829,-0.0015160262,0.91229635,-2.5180647
52501,-19.0,Optimised,-0.5646229,0.22609496,-0.0048763035,0.909769,-2.497282
52501,-18.5,Optimised,-0.5479681,0.22127311,-0.008046055,0.90848196,-2.4764333
52501,-18.0,Optimised,-0.53156745,0.21646078,-0.0110015925,0.90702647,-2.4557219
52501,-17.5,Optimised,-0.51551336,0.21167415,-0.013714355,0.9046543,-2.43541
52501,-17.0,Optimised,-0.49993315,0.20693481,-0.016152471,0.90104103,-2.415897
52501,-16.5,Optimised,-0.48499945,0.20225875,-0.01828761,0.89626503,-2.3979158
52501,-16.0,Optimised,-0.4709043,0.1976529,-0.020101517,0.89135027,-2.382481
52501,-15.5,Optimised,-0.4578223,0.19312055,-0.021582568,0.8887155,-2.3706555
52501,-15.0,Optimised,-0.44586605,0.1886642,-0.02272283,0.8909837,-2.3632786
52501,-14.5,Optimised,-0.4350687,0.18428478,-0.023520816,0.8982071,-2.3608499
52501,-14.0,Optimised,-0.425388,0.17998004,-0.023987383,0.90721935,-2.3635287
52501,-13.5,Optimised,-0.416748,0.17574422,-0.024143219,0.91463983,-2.3713326
52501,-13.0,Optimised,-0.4090797,0.17156942,-0.024012107,0.9191999,-2.3843393
52501,-12.5,Optimised,-0.4023442,0.16744453,-0.023614973,0.9214756,-2.4028506
52501,-12.0,Optimised,-0.39651948,0.16335422,-0.022970617,0.9227146,-2.4273598
52501,-11.5,Optimised,-0.39156798,0.15927729,-0.02210179,0.9238729,-2.4584043
52501,-11.0,Optimised,-0.38741067,0.15518568,-0.021040583,0.92521214,-2.496433
52501,-10.5,Optimised,-0.38393784,0.15104781,-0.019827724,0.92656744,-2.5418298
52501,-10.0,Optimised,-0.38107836,0.14684147,-0.018497694,0.92787534,-2.5951686
52501,-9.5,Optimised,-0.37893814,0.14257996,-0.017050589,0.9292414,-2.6577237
52501,-9.0,Optimised,-0.37785667,0.13833171,-0.0154347,0.93044907,-2.7315261
52501,-8.5,Optimised,-0.37826863,0.13419697,-0.013568985,0.9310173,-2.8187568
52501,-8.0,Optimised,-0.38045973,0.1302464,-0.01138851,0.9307091,-2.9210768
52501,-7.5,Optimised,-0.38439474,0.12647437,-0.00889008,0.9294939,-3.0393095
52501,-7.0,Optimised,-0.389542,0.12279643,-0.006197542,0.92788875,-3.1722584
52501,-6.5,Optimised,-0.39456272,0.119063646,-0.0036534846,0.9272388,-3.3138807
52501,-6.0,Optimised,-0.3969205,0.11505314,-0.0018435776,0.92748934,-3.4498885
52501,-5.5,Optimised,-0.39377207,0.11055582,-0.001317072,0.92668986,-3.5617487
52501,-5.0,Optimised,-0.38404125,0.10555368,-0.0021974624,0.92525214,-3.6383502
52501,-4.5,Optimised,-0.36749727,0.10015686,-0.0043973057,0.92565054,-3.669217
52501,-4.0,Optimised,-0.34302542,0.094434485,-0.008043641,0.9270056,-3.632417
52501,-3.5,Optimised,-0.309595,0.088397115,-0.013737845,0.91688687,-3.50232
52501,-3.0,Optimised,-0.2661354,0.082088836,-0.022495281,0.86721545,-3.2420413
52501,-2.5,Optimised,-0.2006802,0.076062076,-0.036182784,0.70385253,-2.6383739
52501,-2.0,Optimised,-0.13132966,0.06993462,-0.047004666,0.29855105,-1.8778919
52501,-1.5,Optimised,0.08306152,0.052035548,-0.100723244,0.36490455,1.5962456
52501,-1.0,Optimised,0.3311339,0.041319326,-0.14429654,0.8382335,8.01402
52501,-0.5,Optimised,0.43590263,0.03911105,-0.15328309,0.9287438,11.145254
52501,0.0,Optimised,0.5138346,0.03897736,-0.1564877,0.9293275,13.182899
52501,0.5,Optimised,0.5970953,0.03690443,-0.1598792,0.90047675,16.179502
52501,1.0,Optimised,0.83053875,0.030878173,-0.18713196,0.8771996,26.897276
52501,1.5,Optimised,0.92743045,0.029161522,-0.1892664,0.92064995,31.803225
52501,2.0,Optimised,0.9868229,0.030406004,-0.18799263,0.9810161,32.45487
52501,2.5,Optimised,1.0646088,0.031847507,-0.19118974,0.9940976,33.428326
52501,3.0,Optimised,1.1422461,0.033690955,-0.19502398,0.9972339,33.903645
52501,3.5,Optimised,1.213463,0.036487162,-0.19764557,0.99812144,33.25726
52501,4.0,Optimised,1.2727271,0.040028952,-0.19769764,0.9974752,31.795164
52501,4.5,Optimised,1.3229288,0.044340357,-0.19597049,0.992957,29.835772
52501,5.0,Optimised,1.3676387,0.04927281,-0.19337204,0.97804093,27.756458
52501,5.5,Optimised,1.4078279,0.05484075,-0.19041565,0.9517158,25.6712
52501,6.0,Optimised,1.4433434,0.06138864,-0.18762475,0.91877425,23.51157
52501,6.5,Optimised,1.4821486,0.06923149,-0.1865205,0.8557518,21.408592
52501,7.0,Optimised,1.4869169,0.07930264,-0.18440935,0.6599316,18.749905
52501,7.5,Optimised,1.0900724,0.12584838,-0.18162051,0.58957475,8.661791
52501,8.0,Optimised,1.0758884,0.13554744,-0.18336722,0.803574,7.9373565
52501,8.5,Optimised,1.1830267,0.1325445,-0.18641648,0.89401436,8.925506
52501,9.0,Optimised,1.2044675,0.14148927,-0.18652104,0.8942323,8.512784
52501,9.5,Optimised,1.2043449,0.15101688,-0.18558325,0.8965236,7.9749026
52501,10.0,Optimised,1.2031947,0.16006611,-0.18588835,0.9076304,7.516861
52501,10.5,Optimised,1.2074103,0.16897205,-0.18739551,0.91554683,7.145622
52501,11.0,Optimised,1.2167131,0.1775172,-0.18949275,0.91806716,6.8540573
52501,11.5,Optimised,1.2281162,0.18552616,-0.19178823,0.9189722,6.6196384
52501,12.0,Optimised,1.2397045,0.19306122,-0.19422416,0.9215308,6.4213023
52501,12.5,Optimised,1.2510501,0.2002167,-0.19684458,0.92692864,6.2484803
52501,13.0,Optimised,1.2623968,0.20704994,-0.19968954,0.9344126,6.0970645
52501,13.5,Optimised,1.2739791,0.21360871,-0.20279816,0.9417296,5.9640784
52501,14.0,Optimised,1.2859046,0.21995841,-0.20620112,0.94704026,5.846126
52501,14.5,Optimised,1.2981458,0.22618726,-0.20987804,0.94994456,5.7392526
52501,15.0,Optimised,1.3105724,0.23238271,-0.21376295,0.9509684,5.6397157
52501,15.5,Optimised,1.3231299,0.23857999,-0.21780065,0.9508651,5.5458546
52501,16.0,Optimised,1.3358536,0.24475212,-0.2219706,0.95028174,5.4579854
52501,16.5,Optimised,1.348831,0.25084937,-0.22627454,0.94955367,5.3770556
52501,17.0,Optimised,1.3621423,0.25685295,-0.23072083,0.94863623,5.303199
52501,17.5,Optimised,1.3757675,0.26280367,-0.23531298,0.9473207,5.234963
52501,18.0,Optimised,1.3896084,0.26879776,-0.2400537,0.94555366,5.1697173
52501,18.5,Optimised,1.4036267,0.27490312,-0.24494061,0.94381255,5.105896
52501,19.0,Optimised,1.417886,0.281102,-0.24995694,0.94305825,5.044027
52501,19.5,Optimised,1.432458,0.28734806,-0.25507194,0.9441881,4.9850974
52501,20.0,Optimised,1.4473796,0.29360437,-0.26024976,0.9476299,4.9296937
52501,20.5,Optimised,1.4626372,0.29985225,-0.2654558,0.9532858,4.8778596
52501,21.0,Optimised,1.478154,0.3060979,-0.27066082,0.96052676,4.8290234
52501,21.5,Optimised,1.4938296,0.312354,-0.27584082,0.96819824,4.7824893
52501,22.0,Optimised,1.5095584,0.3186202,-0.28097337,0.9750106,4.7377987
52501,22.5,Optimised,1.5252383,0.32488585,-0.28603706,0.980139,4.6946898
52501,23.0,Optimised,1.5407747,0.33113697,-0.29101276,0.9833583,4.652983
52501,23.5,Optimised,1.5560797,0.33735648,-0.2958842,0.9847098,4.6125684
52501,24.0,Optimised,1.5710816,0.3435279,-0.30063826,0.98408383,4.5733743
52501,24.5,Optimised,1.5857121,0.3496363,-0.30526417,0.98066986,4.535319
52501,25.0,Optimised,1.5999005,0.3556695,-0.30975074,0.97191226,4.4982786
52501,25.5,Optimised,1.6135666,0.36161923,-0.31408525,0.95012426,4.46206
52501,26.0,Optimised,1.6266228,0.36747885,-0.31825453,0.8914434,4.4264393
52501,26.5,Optimised,1.6389812,0.37324104,-0.32224458,0.7284575,4.391214
52501,27.0,Optimised,1.6505518,0.37889934,-0.32604223,0.3904453,4.356175
52501,27.5,Optimised,1.6612489,0.38444564,-0.32963517,0.0969128,4.321154
52501,28.0,Optimised,1.6709946,0.38987184,-0.33301267,0.011930807,4.2860103
52501,28.5,Optimised,1.679724,0.39517286,-0.33616686,0.0008677874,4.2506056
52501,29.0,Optimised,1.6873955,0.40034366,-0.33909297,3.7758175e-05,4.2148676
52501,29.5,Optimised,1.6939805,0.40538198,-0.34178907,9.3493253e-07,4.1787267
52501,30.0,Optimised,1.6994793,0.41028666,-0.344257,1.2344557e-08,4.142175
57379,-30.0,Optimised,-0.9078601,0.3270738,0.082721196,3.0461365e-08,-2.7757041
57379,-29.5,Optimised,-0.895418,0.32299194,0.07901842,1.9568683e-06,-2.7722611
57379,-29.0,Optimised,-0.8825382,0.31882843,0.07522715,6.69457e-05,-2.7680662
57379,-28.5,Optimised,-0.8692419,0.31458926,0.07135458,0.0013048135,-2.7631009
57379,-28.0,Optimised,-0.85554945,0.3102797,0.06740831,0.015251186,-2.7573493
57379,-27.5,Optimised,-0.8414787,0.30590543,0.06339575,0.10567227,-2.7507806
57379,-27.0,Optimised,-0.8270462,0.30147114,0.059324503,0.37923357,-2.7433677
57379,-26.5,Optimised,-0.81226575,0.2969816,0.05520267,0.6923007,-2.735071
57379,-26.0,Optimised,-0.7971518,0.29244176,0.051038407,0.8603935,-2.7258482
57379,-25.5,Optimised,-0.7817176,0.28785515,0.046840407,0.92893827,-2.7156632
57379,-25.0,Optimised,-0.76597583,0.28322598,0.042617984,0.9570029,-2.7044687
57379,-24.5,Optimised,-0.74994314,0.27855796,0.03838118,0.9691412,-2.6922338
57379,-24.0,Optimised,-0.7336386,0.2738552,0.034140687,0.97422665,-2.6789286
57379,-23.5,Optimised,-0.71708417,0.2691206,0.029908061,0.97548807,-2.6645458
57379,-23.0,Optimised,-0.70030725,0.26435825,0.025696237,0.9739923,-2.649084
57379,-22.5,Optimised,-0.68333864,0.2595703,0.021518875,0.96986276,-2.6325765
57379,-22.0,Optimised,-0.6662152,0.25476068,0.01739161,0.96269155,-2.6150627
57379,-21.5,Optimised,-0.64898163,0.24993296,0.013332355,0.95202345,-2.596623
57379,-21.0,Optimised,-0.63169324,0.24509174,0.0093628345,0.9381307,-2.5773747
57379,-20.5,Optimised,-0.61441493,0.24024267,0.0055081784,0.9230454,-2.5574763
57379,-20.0,Optimised,-0.59721017,0.23539147,0.0017932176,0.9102782,-2.5370936
57379,-19.5,Optimised,-0.58012605,0.23054153,-0.0017611623,0.90224504,-2.5163624
57379,-19.0,Optimised,-0.5632015,0.22569528,-0.005138129,0.8984053,-2.4954066
57379,-18.5,Optimised,-0.54648113,0.22085431,-0.008319276,0.8965471,-2.4743965
57379,-18.0,Optimised,-0.53003424,0.21602362,-0.01128074,0.894739,-2.453594
57379,-17.5,Optimised,-0.51396334,0.21121556,-0.01399262,0.89187425,-2.4333594
57379,-17.0,Optimised,-0.49840084,0.20645005,-0.016422946,0.8874772,-2.4141474
57379,-16.5,Optimised,-0.4835174,0.20174439,-0.01854406,0.88154006,-2.3966832
57379,-16.0,Optimised,-0.46950674,0.19710651,-0.020338941,0.8748944,-2.3819952
57379,-15.5,Optimised,-0.45653483,0.19254074,-0.021797638,0.8698141,-2.3711078
57379,-15.0,Optimised,-0.44471514,0.18805057,-0.022912156,0.86969733,-2.36487
57379,-14.5,Optimised,-0.43408555,0.18363899,-0.023679674,0.87655175,-2.3637984
57379,-14.0,Optimised,-0.42460987,0.17930713,-0.024108315,0.88817143,-2.368059
57379,-13.5,Optimised,-0.41619703,0.17505296,-0.024218518,0.8996743,-2.3775494
57379,-13.0,Optimised,-0.40875334,0.17087026,-0.02403599,0.9076042,-2.3921854
57379,-12.5,Optimised,-0.4022137,0.16674885,-0.02358598,0.91135883,-2.4120927
57379,-12.0,Optimised,-0.39654565,0.16267228,-0.02289148,0.91217434,-2.4376965
57379,-11.5,Optimised,-0.39172444,0.1586162,-0.021976804,0.9117792,-2.469637
57379,-11.0,Optimised,-0.38770077,0.15454721,-0.020873457,0.9114143,-2.5086234
57379,-10.5,Optimised,-0.38439006,0.15042855,-0.019621056,0.91158664,-2.5553
57379,-10.0,Optimised,-0.38173902,0.1462365,-0.018254673,0.9125663,-2.6104224
57379,-9.5,Optimised,-0.37985316,0.1419882,-0.016774874,0.914609,-2.6752446
57379,-9.0,Optimised,-0.37905672,0.13776225,-0.01513024,0.91730094,-2.7515283
57379,-8.5,Optimised,-0.3797283,0.13366893,-0.013244438,0.91968924,-2.840812
57379,-8.0,Optimised,-0.3820821,0.12978116,-0.011063266,0.92120636,-2.9440491
57379,-7.5,Optimised,-0.38604826,0.12608592,-0.008597171,0.9218957,-3.0617871
57379,-7.0,Optimised,-0.39116833,0.122482605,-0.0059809326,0.9227238,-3.1936643
57379,-6.5,Optimised,-0.39626253,0.118791334,-0.0035529435,0.9249053,-3.3357866
57379,-6.0,Optimised,-0.3988924,0.114757,-0.0018764257,0.9273859,-3.4759743
57379,-5.5,Optimised,-0.39598686,0.11019051,-0.0015080273,0.92811114,-3.5936565
57379,-5.0,Optimised,-0.38589042,0.10515282,-0.0026174397,0.9279213,-3.6698058
57379,-4.5,Optimised,-0.3680214,0.09975235,-0.005171886,0.92926747,-3.6893506
57379,-4.0,Optimised,-0.34108725,0.0940022,-0.009423283,0.93164223,-3.6285028
57379,-3.5,Optimised,-0.3045132,0.08784948,-0.016061941,0.92310745,-3.466306
57379,-3.0,Optimised,-0.25536224,0.081322685,-0.026442086,0.8759097,-3.1401107
57379,-2.5,Optimised,-0.17914665,0.074945495,-0.042400822,0.6986589,-2.3903592
57379,-2.0,Optimised,-0.10028583,0.06780459,-0.057098307,0.30761278,-1.4790419
57379,-1.5,Optimised,0.1873709,0.045608908,-0.12677774,0.5242774,4.108208
57379,-1.0,Optimised,0.36113206,0.038953464,-0.15008447,0.8700965,9.270859
57379,-0.5,Optimised,0.4576725,0.037520558,-0.15741499,0.9235374,12.197913
57379,0.0,Optimised,0.53189045,0.03748028,-0.1600749,0.90634227,14.191208
57379,0.5,Optimised,0.6598258,0.03344902,-0.17019744,0.8500153,19.726313
57379,1.0,Optimised,0.8761363,0.028829202,-0.19415449,0.84838355,30.390585
57379,1.5,Optimised,0.9244428,0.028597685,-0.18886416,0.9299903,32.325794
57379,2.0,Optimised,0.99453425,0.030127455,-0.19010872,0.9837347,33.010895
57379,2.5,Optimised,1.0756572,0.03144835,-0.19386669,0.9939173,34.203934
57379,3.0,Optimised,1.1494533,0.033165645,-0.19687733,0.9967616,34.65795
57379,3.5,Optimised,1.2161467,0.0358982,-0.19866917,0.9975904,33.87765
57379,4.0,Optimised,1.2730707,0.039367124,-0.19832237,0.9966304,32.33842
57379,4.5,Optimised,1.3226639,0.04354459,-0.19647455,0.991172,30.37493
57379,5.0,Optimised,1.3674817,0.04833449,-0.19386736,0.9747771,28.292048
57379,5.5,Optimised,1.4079179,0.05381496,-0.1908668,0.9475803,26.162203
57379,6.0,Optimised,1.4432307,0.060370237,-0.18777978,0.91541296,23.90633
57379,6.5,Optimised,1.4773327,0.06863704,-0.18568464,0.8615578,21.52384
57379,7.0,Optimised,1.5161151,0.077836566,-0.1848126,0.6931076,19.478186
57379,7.5,Optimised,1.2194399,0.11192793,-0.1758616,0.5250424,10.894867
57379,8.0,Optimised,1.095031,0.13267441,-0.17633939,0.6964332,8.253521
57379,8.5,Optimised,1.2071047,0.1286416,-0.17923942,0.8470363,9.383471
57379,9.0,Optimised,1.2268914,0.13768733,-0.1814148,0.8603919,8.9107065
57379,9.5,Optimised,1.2195966,0.14816682,-0.18176325,0.8675382,8.231239
57379,10.0,Optimised,1.2132307,0.15776391,-0.18249033,0.88629216,7.6901665
57379,10.5,Optimised,1.2134095,0.16697247,-0.18419361,0.9005962,7.267123
57379,11.0,Optimised,1.2206159,0.17573361,-0.1866341,0.906379,6.9458303
57379,11.5,Optimised,1.2314739,0.18394889,-0.18937781,0.9068173,6.6946526
57379,12.0,Optimised,1.2429423,0.19164889,-0.1922238,0.9060113,6.485518
57379,12.5,Optimised,1.2539555,0.19891527,-0.19514778,0.90654135,6.303968
57379,13.0,Optimised,1.2648093,0.20584923,-0.19823715,0.90948474,6.1443477
57379,13.5,Optimised,1.2760069,0.21255507,-0.2015814,0.9140494,6.003183
57379,14.0,Optimised,1.2875712,0.21910417,-0.20518532,0.91836494,5.8765254
57379,14.5,Optimised,1.2993138,0.2255238,-0.20899585,0.9213681,5.761316
57379,15.0,Optimised,1.3111699,0.23182309,-0.21295878,0.9231436,5.655907
57379,15.5,Optimised,1.3232235,0.23801026,-0.21704969,0.9241755,5.559523
57379,16.0,Optimised,1.3356415,0.24408762,-0.2212768,0.92475796,5.471976
57379,16.5,Optimised,1.3485603,0.25006056,-0.22566035,0.92489254,5.392935
57379,17.0,Optimised,1.3619685,0.25597996,-0.23021121,0.9243378,5.320606
57379,17.5,Optimised,1.3757405,0.26194566,-0.23492698,0.9228448,5.252007
57379,18.0,Optimised,1.3898275,0.26801166,-0.23980121,0.9207884,5.185698
57379,18.5,Optimised,1.4042842,0.2741563,-0.24482313,0.91927683,5.122203
57379,19.0,Optimised,1.4191275,0.28034288,-0.249968,0.9195326,5.0621133
57379,19.5,Optimised,1.4343157,0.28655002,-0.25519824,0.922507,5.0054636
57379,20.0,Optimised,1.4497864,0.29277557,-0.26047236,0.9286009,4.9518695
57379,20.5,Optimised,1.4654735,0.29902655,-0.26575413,0.9375381,4.900814
57379,21.0,Optimised,1.4813175,0.30530477,-0.27101654,0.9483248,4.8519306
57379,21.5,Optimised,1.4972528,0.31160328,-0.27623978,0.95927745,4.804997
57379,22.0,Optimised,1.5131979,0.31791142,-0.28140536,0.96865493,4.75981
57379,22.5,Optimised,1.5290608,0.3242151,-0.28649482,0.9754953,4.7161922
57379,23.0,Optimised,1.544755,0.33049756,-0.29149133,0.9796928,4.6740284
57379,23.5,Optimised,1.5602046,0.3367418,-0.29638124,0.9814503,4.633237
57379,24.0,Optimised,1.5753353,0.34293324,-0.3011521,0.98072284,4.5937085
57379,24.5,Optimised,1.5900693,0.34906024,-0.30579132,0.97655505,4.5552864
57379,25.0,Optimised,1.6043236,0.35511407,-0.31028605,0.9658334,4.51777
57379,25.5,Optimised,1.6180111,0.36108643,-0.31462264,0.93923646,4.4809523
57379,26.0,Optimised,1.6310391,0.36696857,-0.3187868,0.86864424,4.444629
57379,26.5,Optimised,1.643309,0.37275124,-0.3227635,0.6819969,4.408594
57379,27.0,Optimised,1.6547278,0.37842393,-0.32653868,0.33719817,4.372683
57379,27.5,Optimised,1.6652015,0.3839782,-0.3300987,0.078165226,4.3367085
57379,28.0,Optimised,1.6746492,0.3894058,-0.33343232,0.009416503,4.3005247
57379,28.5,Optimised,1.6830063,0.39470074,-0.33653104,0.0006818226,4.264006
57379,29.0,Optimised,1.690235,0.39986002,-0.33939043,2.9637762e-05,4.227067
57379,29.5,Optimised,1.6963149,0.40488183,-0.34200963,7.341787e-07,4.1896544
57379,30.0,Optimised,1.7012523,0.4097656,-0.34439152,9.7092965e-09,4.1517696
62187,-30.0,Optimised,-0.9069699,0.32713985,0.0827141,2.6263399e-08,-2.7724226
62187,-29.5,Optimised,-0.89462364,0.32306325,0.07901875,1.6807602e-06,-2.7691903
62187,-29.0,Optimised,-0.88181293,0.31890565,0.075230226,5.732054e-05,-2.7651217
62187,-28.5,Optimised,-0.8685654,0.31467235,0.07135695,0.0011148305,-2.7602215
62187,-28.0,Optimised,-0.85490596,0.3103684,0.06740702,0.013040746,-2.7544878
62187,-27.5,Optimised,-0.8408569,0.3059986,0.06338869,0.09156824,-2.747911
62187,-27.0,Optimised,-0.82643825,0.3015672,0.059309978,0.34288818,-2.740478
62187,-26.5,Optimised,-0.8116659,0.29707855,0.055179894,0.65833515,-2.7321591
62187,-26.0,Optimised,-0.7965551,0.29253727,0.051006846,0.84123707,-2.7229183
62187,-25.5,Optimised,-0.7811194,0.28794622,0.046799332,0.91868806,-2.7127266
62187,-25.0,Optimised,-0.7653719,0.28330898,0.042567343,0.9508856,-2.7015448
62187,-24.5,Optimised,-0.7493267,0.2786287,0.038320523,0.9649371,-2.6893377
62187,-24.0,Optimised,-0.733003,0.27390882,0.034069538,0.97092515,-2.676084
62187,-23.5,Optimised,-0.71641994,0.2691516,0.029826175,0.9725772,-2.661771
62187,-23.0,Optimised,-0.69960654,0.2643609,0.025603289,0.97116315,-2.646407
62187,-22.5,Optimised,-0.68259144,0.25953972,0.02141422,0.96688175,-2.6300075
62187,-22.0,Optimised,-0.66541445,0.2546918,0.017274696,0.9593197,-2.612626
62187,-21.5,Optimised,-0.64812136,0.24982226,0.013202322,0.947925,-2.5943298
62187,-21.0,Optimised,-0.63076985,0.24493606,0.009218568,0.93273884,-2.5752428
62187,-20.5,Optimised,-0.61342335,0.24004102,0.0053480742,0.915551,-2.5554938
62187,-20.0,Optimised,-0.59615064,0.23514411,0.0016168535,0.9000839,-2.5352566
62187,-19.5,Optimised,-0.5790067,0.23025249,-0.0019520998,0.88962364,-2.51466
62187,-19.0,Optimised,-0.5620302,0.22537018,-0.0053400276,0.8843416,-2.493809
62187,-18.5,Optimised,-0.5452643,0.22050144,-0.008528626,0.8818892,-2.472838
62187,-18.0,Optimised,-0.52877676,0.21565138,-0.011493659,0.8797462,-2.451998
62187,-17.5,Optimised,-0.51266956,0.21082981,-0.014204937,0.87632537,-2.431675
62187,-17.0,Optimised,-0.4970881,0.20605248,-0.016629029,0.8709477,-2.4124343
62187,-16.5,Optimised,-0.48221448,0.20133173,-0.018737685,0.86358935,-2.395124
62187,-16.0,Optimised,-0.4682463,0.19667478,-0.02051441,0.85502905,-2.3808153
62187,-15.5,Optimised,-0.4553462,0.19208616,-0.021950906,0.8473893,-2.370531
62187,-15.0,Optimised,-0.44362256,0.18757024,-0.023040717,0.8443771,-2.3651009
62187,-14.5,Optimised,-0.43311948,0.18313134,-0.023781508,0.8495824,-2.3650756
62187,-14.0,Optimised,-0.42380744,0.17877337,-0.024179941,0.8626415,-2.3706408
62187,-13.5,Optimised,-0.4155972,0.1744965,-0.02425453,0.8782574,-2.3816936
62187,-13.0,Optimised,-0.40837643,0.17029652,-0.024030995,0.8906316,-2.3980315
62187,-12.5,Optimised,-0.40206045,0.1661638,-0.023535352,0.89720535,-2.4196632
62187,-12.0,Optimised,-0.39660016,0.16208221,-0.022793394,0.89852685,-2.4469073
62187,-11.5,Optimised,-0.3919642,0.15802836,-0.021832567,0.8967205,-2.4803407
62187,-11.0,Optimised,-0.38811183,0.15396914,-0.020686954,0.8940773,-2.520712
62187,-10.5,Optimised,-0.38498002,0.14986596,-0.019396205,0.8921883,-2.568829
62187,-10.0,Optimised,-0.38254493,0.14569332,-0.01799184,0.8921105,-2.6256862
62187,-9.5,Optimised,-0.3809272,0.14147028,-0.016470492,0.8945778,-2.6926305
62187,-9.0,Optimised,-0.3804305,0.13728093,-0.01478042,0.89903367,-2.7711825
62187,-8.5,Optimised,-0.38138023,0.1332373,-0.012851971,0.9038195,-2.8624134
62187,-8.0,Optimised,-0.38392597,0.12940606,-0.010645163,0.90785486,-2.9668314
62187,-7.5,Optimised,-0.38795495,0.12576827,-0.008190799,0.91127616,-3.0846806
62187,-7.0,Optimised,-0.39303023,0.12221893,-0.0056420444,0.91536087,-3.2157886
62187,-6.5,Optimised,-0.39805436,0.11855796,-0.0033376038,0.92064774,-3.3574665
62187,-6.0,Optimised,-0.4006623,0.11450051,-0.0018145323,0.924837,-3.4992185
62187,-5.5,Optimised,-0.39767992,0.10986465,-0.0016210973,0.92617136,-3.619726
62187,-5.0,Optimised,-0.38701984,0.10475096,-0.0029802471,0.92674935,-3.6946664
62187,-4.5,Optimised,-0.36764896,0.099297926,-0.0059093237,0.92888147,-3.702484
62187,-4.0,Optimised,-0.33869356,0.093491346,-0.010687324,0.9314435,-3.6227264
62187,-3.5,Optimised,-0.30019215,0.08720385,-0.018105943,0.9219688,-3.4424183
62187,-3.0,Optimised,-0.24529672,0.08051898,-0.030109173,0.87058294,-3.0464458
62187,-2.5,Optimised,-0.1601553,0.07383547,-0.047679268,0.66128093,-2.1690834
62187,-2.0,Optimised,-0.052098393,0.06441918,-0.0725032,0.3376338,-0.8087404
62187,-1.5,Optimised,0.24877548,0.041436475,-0.14024512,0.6629882,6.00378
62187,-1.0,Optimised,0.38583001,0.037160456,-0.1546789,0.88819057,10.382812
62187,-0.5,Optimised,0.47558296,0.03623057,-0.1608206,0.9148367,13.126565
62187,0.0,Optimised,0.552493,0.035698015,-0.16391793,0.8746829,15.476854
62187,0.5,Optimised,0.75243807,0.03033213,-0.18589859,0.80944026,24.806635
62187,1.0,Optimised,0.8799125,0.027615294,-0.1938256,0.84064496,31.863232
62187,1.5,Optimised,0.92839324,0.028132658,-0.18987224,0.93886966,33.000553
62187,2.0,Optimised,1.003968,0.029707167,-0.1924291,0.9835734,33.795483
62187,2.5,Optimised,1.084891,0.031038325,-0.19619223,0.9934575,34.95327
62187,3.0,Optimised,1.1542016,0.032680333,-0.19823822,0.99617404,35.31793
62187,3.5,Optimised,1.2176006,0.035318673,-0.19936904,0.9968876,34.474697
62187,4.0,Optimised,1.2737193,0.03868072,-0.1988703,0.99556375,32.929047
62187,4.5,Optimised,1.3234798,0.042700022,-0.19706409,0.9892362,30.994825
62187,5.0,Optimised,1.3686807,0.047319006,-0.1945252,0.97212744,28.924545
62187,5.5,Optimised,1.4094898,0.05266198,-0.1915395,0.94574994,26.764845
62187,6.0,Optimised,1.4449056,0.05911756,-0.18830587,0.9159518,24.441227
62187,6.5,Optimised,1.4760436,0.06744569,-0.18548265,0.8723841,21.884922
62187,7.0,Optimised,1.5163751,0.07745861,-0.18436745,0.74471474,19.576584
62187,7.5,Optimised,1.3831329,0.09679347,-0.17534342,0.51859176,14.289527
62187,8.0,Optimised,1.1301526,0.12784402,-0.17057899,0.58312213,8.84009
62187,8.5,Optimised,1.2212992,0.12564775,-0.17274709,0.7884524,9.720024
62187,9.0,Optimised,1.2471796,0.1340101,-0.17677943,0.83551073,9.306609
62187,9.5,Optimised,1.233726,0.14554653,-0.17859153,0.8465296,8.476506
62187,10.0,Optimised,1.2237285,0.1555025,-0.1798503,0.86911935,7.8695107
62187,10.5,Optimised,1.2204843,0.16490774,-0.18162501,0.8880861,7.4010124
62187,11.0,Optimised,1.2249714,0.17386039,-0.18422411,0.8971511,7.045719
62187,11.5,Optimised,1.2346305,0.1822826,-0.18730721,0.897971,6.773167
62187,12.0,Optimised,1.24595,0.1901688,-0.1905451,0.8936624,6.5518107
62187,12.5,Optimised,1.2570676,0.19761705,-0.19384035,0.8875477,6.361129
62187,13.0,Optimised,1.2678922,0.2047377,-0.19724126,0.88281536,6.1927643
62187,13.5,Optimised,1.2788652,0.2116194,-0.20080891,0.8817626,6.0432324
62187,14.0,Optimised,1.2901212,0.2183311,-0.2045588,0.8838877,5.9090123
62187,14.5,Optimised,1.3015313,0.22489639,-0.20846692,0.88717484,5.7872486
62187,15.0,Optimised,1.3130441,0.23128675,-0.2124979,0.8902944,5.6771264
62187,15.5,Optimised,1.3247974,0.2374805,-0.21663952,0.8927945,5.5785522
62187,16.0,Optimised,1.3370194,0.24350421,-0.22091858,0.8945017,5.4907446
62187,16.5,Optimised,1.3498334,0.24943702,-0.22537045,0.89514565,5.41152
62187,17.0,Optimised,1.3631948,0.25538766,-0.23000903,0.89442784,5.3377476
62187,17.5,Optimised,1.3770559,0.26141348,-0.23482688,0.8926254,5.2677307
62187,18.0,Optimised,1.3914218,0.2675051,-0.2398078,0.8907711,5.2014775
62187,18.5,Optimised,1.4062668,0.2736348,-0.24492972,0.89024276,5.1392107
62187,19.0,Optimised,1.4215069,0.27978665,-0.25015944,0.892295,5.080682
62187,19.5,Optimised,1.4370296,0.28596732,-0.25545478,0.8978346,5.025153
62187,20.0,Optimised,1.4527442,0.29218876,-0.26077327,0.9071952,4.971937
62187,20.5,Optimised,1.4686079,0.29845098,-0.26608366,0.9199766,4.920768
62187,21.0,Optimised,1.4845879,0.3047448,-0.27136558,0.9348423,4.8715773
62187,21.5,Optimised,1.5006367,0.31105852,-0.27660367,0.94950026,4.8242908
62187,22.0,Optimised,1.5166808,0.31737804,-0.2817816,0.96169394,4.7787833
62187,22.5,Optimised,1.5326378,0.32368752,-0.28688264,0.9703542,4.73493
62187,23.0,Optimised,1.5484262,0.32997027,-0.29189086,0.9755461,4.692623
62187,23.5,Optimised,1.5639615,0.336213,-0.29679188,0.9776544,4.6516986
62187,24.0,Optimised,1.5791643,0.34240398,-0.3015719,0.9766778,4.6119914
62187,24.5,Optimised,1.5939472,0.34853452,-0.30621746,0.9714437,4.5732837
62187,25.0,Optimised,1.6082233,0.35459468,-0.31071493,0.9580947,4.5353847
62187,25.5,Optimised,1.6218998,0.3605738,-0.31505015,0.92521644,4.498108
62187,26.0,Optimised,1.6348772,0.3664605,-0.3192076,0.83973104,4.4612646
62187,26.5,Optimised,1.6470516,0.37224323,-0.32317114,0.6273752,4.424665
62187,27.0,Optimised,1.6583153,0.37791127,-0.32692462,0.28383517,4.388108
62187,27.5,Optimised,1.6685737,0.38345414,-0.33045357,0.06160655,4.3514295
62187,28.0,Optimised,1.6777444,0.38886452,-0.33374614,0.0072735464,4.3144703
62187,28.5,Optimised,1.6857659,0.39413747,-0.33679396,0.0005240124,4.277101
62187,29.0,Optimised,1.6926007,0.399271,-0.33959332,2.2738503e-05,4.239228
62187,29.5,Optimised,1.6982352,0.4042649,-0.34214443,5.6310284e-07,4.200798
62187,30.0,Optimised,1.7026834,0.40911958,-0.3444518,7.453341e-09,4.1618233
66878,-30.0,Optimised,-0.9059661,0.32724625,0.08270433,2.2470873e-08,-2.7684538
66878,-29.5,Optimised,-0.89374316,0.32317334,0.07902174,1.4339611e-06,-2.7655225
66878,-29.0,Optimised,-0.88102394,0.3190196,0.07524026,4.878571e-05,-2.761661
66878,-28.5,Optimised,-0.8678412,0.3147897,0.071369216,0.0009472508,-2.7568917
66878,-28.0,Optimised,-0.85422736,0.31048903,0.06741758,0.011087522,-2.7512321
66878,-27.5,Optimised,-0.8402072,0.30612177,0.063394524,0.07876855,-2.744683
66878,-27.0,Optimised,-0.8258068,0.30169198,0.059309263,0.30694258,-2.7372515
66878,-26.5,Optimised,-0.81104577,0.29720366,0.05517106,0.62089115,-2.7289226
66878,-26.0,Optimised,-0.7959415,0.29266104,0.05098884,0.8186672,-2.71967
66878,-25.5,Optimised,-0.7805095,0.2880667,0.046771865,0.9061761,-2.709475
66878,-25.0,Optimised,-0.76476324,0.28342378,0.042530138,0.9432397,-2.698303
66878,-24.5,Optimised,-0.74871755,0.27873468,0.038273305,0.95957243,-2.6861298
66878,-24.0,Optimised,-0.7323874,0.27400234,0.034012295,0.966619,-2.672924
66878,-23.5,Optimised,-0.71579504,0.26922855,0.02975871,0.96868527,-2.6586893
66878,-23.0,Optimised,-0.6989632,0.26441693,0.02552529,0.9672737,-2.6434133
66878,-22.5,Optimised,-0.681924,0.25957018,0.02132585,0.9626644,-2.6271276
66878,-22.0,Optimised,-0.6647136,0.2546923,0.017175633,0.9544419,-2.6098695
66878,-21.5,Optimised,-0.6473784,0.24978843,0.013092649,0.9419982,-2.5917068
66878,-21.0,Optimised,-0.6299747,0.24486454,0.009097934,0.9252669,-2.572748
66878,-20.5,Optimised,-0.6125701,0.23992877,0.005216169,0.9059363,-2.5531332
66878,-20.0,Optimised,-0.5952369,0.23498948,0.0014739394,0.8879015,-2.5330365
66878,-19.5,Optimised,-0.57803553,0.23005483,-0.0021042705,0.8751138,-2.512599
66878,-19.0,Optimised,-0.5610151,0.22513184,-0.005498451,0.8684217,-2.4919405
66878,-18.5,Optimised,-0.54422015,0.2202265,-0.008689147,0.86547965,-2.4711838
66878,-18.0,Optimised,-0.52771497,0.21534649,-0.011652887,0.8632165,-2.450539
66878,-17.5,Optimised,-0.5115953,0.21050283,-0.014359677,0.85946256,-2.4303489
66878,-17.0,Optimised,-0.49600247,0.20571044,-0.016776145,0.8532217,-2.411168
66878,-16.5,Optimised,-0.48112473,0.20097914,-0.01887384,0.84442234,-2.3939037
66878,-16.0,Optimised,-0.46716774,0.19631195,-0.020635521,0.8338728,-2.3797214
66878,-15.5,Optimised,-0.45429948,0.19171086,-0.022053074,0.82362896,-2.3697119
66878,-15.0,Optimised,-0.44263127,0.18717831,-0.023121137,0.8174755,-2.3647573
66878,-14.5,Optimised,-0.43220773,0.18271968,-0.023838192,0.82006466,-2.3654144
66878,-14.0,Optimised,-0.4230111,0.17834044,-0.024210561,0.8330784,-2.3719304
66878,-13.5,Optimised,-0.41495866,0.17404291,-0.024256099,0.8519556,-2.3842318
66878,-13.0,Optimised,-0.407937,0.16982386,-0.023999656,0.8690553,-2.4021182
66878,-12.5,Optimised,-0.40184346,0.16567455,-0.023467958,0.87938726,-2.425499
66878,-12.0,Optimised,-0.3966132,0.16157958,-0.022686422,0.88216424,-2.4545999
66878,-11.5,Optimised,-0.39220628,0.15751702,-0.021683251,0.8793916,-2.4899297
66878,-11.0,Optimised,-0.38858384,0.15345581,-0.020493751,0.87419546,-2.53222
66878,-10.5,Optimised,-0.38569045,0.14935972,-0.01915877,0.8694174,-2.5822923
66878,-10.0,Optimised,-0.38351,0.14520568,-0.017709523,0.867254,-2.6411502
66878,-9.5,Optimised,-0.3821679,0.14101651,-0.016140055,0.86935735,-2.7100933
66878,-9.0,Optimised,-0.38195637,0.13687669,-0.014397186,0.87534857,-2.7905145
66878,-8.5,Optimised,-0.38316348,0.13289194,-0.012417024,0.8827955,-2.883271
66878,-8.0,Optimised,-0.38588092,0.12911646,-0.010175521,0.88996744,-2.9886267
66878,-7.5,Optimised,-0.38996235,0.12552114,-0.007725018,0.8971069,-3.1067464
66878,-7.0,Optimised,-0.39498207,0.121995606,-0.0052377405,0.9055558,-3.2376745
66878,-6.5,Optimised,-0.39987752,0.11833176,-0.0030505776,0.9146246,-3.3792915
66878,-6.0,Optimised,-0.4022739,0.11424353,-0.0016814054,0.9206761,-3.5211964
66878,-5.5,Optimised,-0.39894617,0.10956007,-0.0016699195,0.9223529,-3.6413462
66878,-5.0,Optimised,-0.38749084,0.10438515,-0.0032806755,0.922961,-3.712126
66878,-4.5,Optimised,-0.36656243,0.098853014,-0.006588069,0.92538977,-3.7081563
66878,-4.0,Optimised,-0.33590943,0.09293553,-0.011865949,0.9277925,-3.614435
66878,-3.5,Optimised,-0.29589424,0.086477816,-0.020009944,0.9160213,-3.4216201
66878,-3.0,Optimised,-0.23496103,0.07967545,-0.033611502,0.8548412,-2.9489765
66878,-2.5,Optimised,-0.1441353,0.072752915,-0.052180864,0.598465,-1.9811618
66878,-2.0,Optimised,0.018075109,0.058371384,-0.09329065,0.39229012,0.309657
66878,-1.5,Optimised,0.28414133,0.038866557,-0.14670527,0.75427556,7.3106894
66878,-1.0,Optimised,0.40656984,0.035742156,-0.15852475,0.89759165,11.375078
66878,-0.5,Optimised,0.49097702,0.03512351,-0.16380338,0.9021593,13.978587
66878,0.0,Optimised,0.5855354,0.03342439,-0.16959837,0.8361259,17.518208
66878,0.5,Optimised,0.8187665,0.028063009,-0.19688088,0.7891217,29.176004
66878,1.0,Optimised,0.8779479,0.026774226,-0.19285072,0.8481336,32.790787
66878,1.5,Optimised,0.9357178,0.027692197,-0.19150278,0.9429986,33.789944
66878,2.0,Optimised,1.0131457,0.029239878,-0.19461271,0.98247325,34.64945
66878,2.5,Optimised,1.0916817,0.030640982,-0.19799386,0.9928833,35.62816
66878,3.0,Optimised,1.1570643,0.032218736,-0.19916447,0.99548584,35.912777
66878,3.5,Optimised,1.2186583,0.034736183,-0.19988006,0.9960174,35.083256
66878,4.0,Optimised,1.2748308,0.037970606,-0.19938967,0.99430805,33.57415
66878,4.5,Optimised,1.3250346,0.0418163,-0.19768818,0.98727757,31.687035
66878,5.0,Optimised,1.370682,0.04624869,-0.19523272,0.9702158,29.637207
66878,5.5,Optimised,1.4118767,0.05141535,-0.19227831,0.9458598,27.460217
66878,6.0,Optimised,1.4475821,0.057681076,-0.18898451,0.9193656,25.09631
66878,6.5,Optimised,1.4773692,0.06580365,-0.18572971,0.885054,22.451176
66878,7.0,Optimised,1.5106016,0.07631071,-0.18372801,0.7935311,19.795408
66878,7.5,Optimised,1.4945358,0.08853584,-0.17835273,0.5708623,16.880575
66878,8.0,Optimised,1.2045608,0.12017496,-0.16703348,0.49673358,10.023393
66878,8.5,Optimised,1.2228786,0.123909906,-0.1671347,0.70999646,9.869095
66878,9.0,Optimised,1.2654617,0.13044731,-0.17229357,0.81340766,9.700941
66878,9.5,Optimised,1.2471403,0.14316322,-0.17561105,0.83110046,8.711318
66878,10.0,Optimised,1.2336413,0.15359731,-0.17765088,0.8541462,8.031659
66878,10.5,Optimised,1.2279831,0.16304791,-0.17963481,0.8759833,7.531425
66878,11.0,Optimised,1.2298557,0.17207593,-0.18228993,0.88750976,7.1471686
66878,11.5,Optimised,1.2377864,0.18064332,-0.18557903,0.88893926,6.852102
66878,12.0,Optimised,1.2486382,0.18873581,-0.18916853,0.8825297,6.615799
66878,12.5,Optimised,1.2599208,0.19642024,-0.19284575,0.8714665,6.4144144
66878,13.0,Optimised,1.2708182,0.20377006,-0.19653717,0.8598818,6.236531
66878,13.5,Optimised,1.2816436,0.21081871,-0.20027888,0.8521753,6.079364
66878,14.0,Optimised,1.2927408,0.21761829,-0.20413136,0.8501867,5.9404054
66878,14.5,Optimised,1.304082,0.22423708,-0.20811665,0.85223854,5.8156395
66878,15.0,Optimised,1.3155816,0.23068723,-0.21222298,0.85576963,5.70288
66878,15.5,Optimised,1.3272958,0.2369321,-0.21643707,0.85907173,5.6020093
66878,16.0,Optimised,1.3393884,0.24299444,-0.2207798,0.8612071,5.5120125
66878,16.5,Optimised,1.3520097,0.2489858,-0.2252928,0.86168665,5.4300675
66878,17.0,Optimised,1.3652524,0.2550001,-0.22999859,0.8606752,5.3539286
66878,17.5,Optimised,1.3791447,0.26105884,-0.23488787,0.8590382,5.2828884
66878,18.0,Optimised,1.3936434,0.26715028,-0.23993757,0.8580848,5.216702
66878,18.5,Optimised,1.4086525,0.27325857,-0.2451168,0.85925674,5.155017
66878,19.0,Optimised,1.4240378,0.27938658,-0.25038671,0.8636408,5.097016
66878,19.5,Optimised,1.4396647,0.28555152,-0.25570425,0.8720086,5.041699
66878,20.0,Optimised,1.4554541,0.29176342,-0.2610328,0.88475937,4.9884734
66878,20.5,Optimised,1.4713737,0.29801887,-0.26634738,0.9015412,4.937183
66878,21.0,Optimised,1.4874068,0.30430627,-0.27163267,0.9206932,4.8878613
66878,21.5,Optimised,1.5035088,0.31061137,-0.27687508,0.93922675,4.840482
66878,22.0,Optimised,1.5196131,0.3169186,-0.2820588,0.95431864,4.7949634
66878,22.5,Optimised,1.5356343,0.32321188,-0.28716674,0.964808,4.751169
66878,23.0,Optimised,1.5514809,0.32947752,-0.29218155,0.9709527,4.708913
66878,23.5,Optimised,1.5670649,0.33570668,-0.29708782,0.97332054,4.6679587
66878,24.0,Optimised,1.5823,0.3418887,-0.3018714,0.9719263,4.628114
66878,24.5,Optimised,1.5971,0.34801388,-0.3065194,0.9653056,4.5891848
66878,25.0,Optimised,1.6113758,0.35407007,-0.3110177,0.948675,4.551008
66878,25.5,Optimised,1.6250257,0.36004514,-0.3153507,0.9081594,4.5133944
66878,26.0,Optimised,1.6379445,0.3659253,-0.31950188,0.80559796,4.4761715
66878,26.5,Optimised,1.6500213,0.37169817,-0.32345343,0.5688921,4.439143
66878,27.0,Optimised,1.6611462,0.37735158,-0.32718813,0.23565766,4.4021177
66878,27.5,Optimised,1.6712189,0.38287553,-0.33069056,0.04832394,4.3649144
66878,28.0,Optimised,1.680156,0.38826346,-0.33394894,0.005611492,4.3273606
66878,28.5,Optimised,1.687899,0.39351135,-0.33695582,0.00040253322,4.289327
66878,29.0,Optimised,1.6944096,0.39861766,-0.3397072,1.7440627e-05,4.250714
66878,29.5,Optimised,1.6996812,0.40358382,-0.342205,4.3183496e-07,4.21147
66878,30.0,Optimised,1.7037302,0.4084108,-0.34445414,5.7219602e-09,4.1716094
71406,-30.0,Optimised,-0.9048782,0.32739156,0.08269202,1.9584647e-08,-2.763902
71406,-29.5,Optimised,-0.89280236,0.32331985,0.07902708,1.2474118e-06,-2.7613595
71406,-29.0,Optimised,-0.8801949,0.3191671,0.07525675,4.2367603e-05,-2.757787
71406,-28.5,Optimised,-0.8670926,0.31493822,0.07139112,0.00082152244,-2.7532148
71406,-28.0,Optimised,-0.8535334,0.31063816,0.067440234,0.009618942,-2.747677
71406,-27.5,Optimised,-0.8395493,0.30627063,0.06341441,0.06892031,-2.741201
71406,-27.0,Optimised,-0.8251698,0.3018399,0.059323378,0.27711952,-2.7337997
71406,-26.5,Optimised,-0.81042135,0.29735017,0.05517762,0.58646387,-2.725478
71406,-26.0,Optimised,-0.7953251,0.29280412,0.050986767,0.79646564,-2.716236
71406,-25.5,Optimised,-0.77989644,0.2882055,0.04676054,0.8934263,-2.7060428
71406,-25.0,Optimised,-0.7641525,0.28355646,0.042508982,0.9352816,-2.6948867
71406,-24.5,Optimised,-0.7481084,0.27885938,0.03824246,0.953894,-2.6827443
71406,-24.0,Optimised,-0.7317792,0.2741161,0.033971757,0.96198946,-2.669596
71406,-23.5,Optimised,-0.7151844,0.26932877,0.029708594,0.9644342,-2.6554325
71406,-23.0,Optimised,-0.6983489,0.26450017,0.025465142,0.96295285,-2.6402588
71406,-22.5,Optimised,-0.6812997,0.25963277,0.021255761,0.9578963,-2.6240897
71406,-22.0,Optimised,-0.6640729,0.25473055,0.017095815,0.9488354,-2.606962
71406,-21.5,Optimised,-0.6467152,0.24979891,0.013002997,0.935119,-2.5889432
71406,-21.0,Optimised,-0.62928,0.24484399,0.008998645,0.9166377,-2.5701263
71406,-20.5,Optimised,-0.6118351,0.23987426,0.005107552,0.8951144,-2.5506494
71406,-20.0,Optimised,-0.594453,0.23489895,0.001356864,0.87467647,-2.5306752
71406,-19.5,Optimised,-0.57720184,0.22992668,-0.0022280873,0.85980064,-2.5103736
71406,-19.0,Optimised,-0.56013644,0.22496648,-0.005625707,0.85187024,-2.4898663
71406,-18.5,Optimised,-0.54331034,0.2200256,-0.008815968,0.84859556,-2.469305
71406,-18.0,Optimised,-0.5267879,0.21511316,-0.0117753865,0.84645426,-2.448887
71406,-17.5,Optimised,-0.5106645,0.21024176,-0.014474392,0.8427017,-2.4289396
71406,-17.0,Optimised,-0.49507883,0.20542642,-0.016880477,0.8359527,-2.4100056
71406,-16.5,Optimised,-0.48021406,0.20067748,-0.018965412,0.8260195,-2.3929644
71406,-16.0,Optimised,-0.46627146,0.19599758,-0.0207125,0.8137315,-2.3789654
71406,-15.5,Optimised,-0.4534201,0.19138665,-0.022113997,0.801109,-2.3691313
71406,-15.0,Optimised,-0.44177613,0.18684456,-0.023164421,0.7919086,-2.3644047
71406,-14.5,Optimised,-0.43139386,0.18237397,-0.023862273,0.79139745,-2.3654356
71406,-14.0,Optimised,-0.4222685,0.17798023,-0.0242132,0.80305946,-2.3725586
71406,-13.5,Optimised,-0.4143304,0.1736666,-0.024234021,0.82382786,-2.3857806
71406,-13.0,Optimised,-0.4074707,0.16943084,-0.023949778,0.8451247,-2.4049382
71406,-12.5,Optimised,-0.40158033,0.16526465,-0.023387289,0.8595297,-2.4299228
71406,-12.0,Optimised,-0.39658132,0.16115412,-0.022572447,0.86444473,-2.4608822
71406,-11.5,Optimised,-0.39242154,0.15707947,-0.021532679,0.8612431,-2.4982357
71406,-11.0,Optimised,-0.38905767,0.15301232,-0.020302141,0.85344994,-2.5426557
71406,-10.5,Optimised,-0.38644037,0.14891984,-0.018920887,0.84503996,-2.5949557
71406,-10.0,Optimised,-0.38455302,0.1447829,-0.017419916,0.8395768,-2.6560664
71406,-9.5,Optimised,-0.38351354,0.14062843,-0.015793432,0.8401062,-2.727141
71406,-9.0,Optimised,-0.38358754,0.1365414,-0.013991153,0.84693336,-2.809313
71406,-8.5,Optimised,-0.3850209,0.13261695,-0.011957598,0.85699964,-2.9032557
71406,-8.0,Optimised,-0.3878616,0.12889332,-0.009684032,0.8678812,-3.0091677
71406,-7.5,Optimised,-0.39194417,0.12532909,-0.0072425217,0.8798482,-3.12732
71406,-7.0,Optimised,-0.3968759,0.12180675,-0.0048166215,0.89382,-3.2582421
71406,-6.5,Optimised,-0.4016168,0.118112415,-0.0027369917,0.9073358,-3.4002929
71406,-6.0,Optimised,-0.40372905,0.11397564,-0.0015090614,0.915569,-3.54224
71406,-5.5,Optimised,-0.399888,0.1092578,-0.0016718894,0.9177552,-3.6600409
71406,-5.0,Optimised,-0.38748533,0.10404624,-0.003522426,0.91813135,-3.7241645
71406,-4.5,Optimised,-0.3650542,0.09843889,-0.0071837157,0.92023605,-3.7084346
71406,-4.0,Optimised,-0.33309677,0.09238078,-0.012919051,0.92182994,-3.6056936
71406,-3.5,Optimised,-0.29150742,0.085743204,-0.021805376,0.9066323,-3.399773
71406,-3.0,Optimised,-0.22425008,0.07883681,-0.03692219,0.830335,-2.8444843
71406,-2.5,Optimised,-0.12977219,0.07173262,-0.056565195,0.5244705,-1.8091098
71406,-2.0,Optimised,0.09385246,0.05062709,-0.11438756,0.46446437,1.8537992
71406,-1.5,Optimised,0.3087879,0.037120167,-0.15073644,0.8077712,8.318603
71406,-1.0,Optimised,0.4240743,0.03457889,-0.16182642,0.90116227,12.263965
71406,-0.5,Optimised,0.50604934,0.034057975,-0.16673388,0.8852843,14.858468
71406,0.0,Optimised,0.6413765,0.030832415,-0.17902362,0.8011514,20.80202
71406,0.5,Optimised,0.84101576,0.026569523,-0.19981048,0.78605866,31.6534
71406,1.0,Optimised,0.879977,0.026136026,-0.19293484,0.8586195,33.66912
71406,1.5,Optimised,0.94378114,0.02726114,-0.1932389,0.94422346,34.620018
71406,2.0,Optimised,1.0210878,0.028779618,-0.19648042,0.98138314,35.479546
71406,2.5,Optimised,1.0961876,0.030256925,-0.19927208,0.99232304,36.229313
71406,3.0,Optimised,1.1588271,0.031764213,-0.19979407,0.99475217,36.48216
71406,3.5,Optimised,1.2196368,0.034146484,-0.20028809,0.99503326,35.717785
71406,4.0,Optimised,1.2761635,0.03724804,-0.19987589,0.99295455,34.261223
71406,4.5,Optimised,1.3268701,0.04091903,-0.19828735,0.9855047,32.426723
71406,5.0,Optimised,1.3729563,0.045162737,-0.1959084,0.96915925,30.4002
71406,5.5,Optimised,1.4145422,0.05012652,-0.19298983,0.94745463,28.219439
71406,6.0,Optimised,1.450646,0.056141343,-0.18967941,0.9245207,25.839176
71406,6.5,Optimised,1.4801214,0.06390345,-0.18619552,0.8975651,23.161839
71406,7.0,Optimised,1.5078601,0.074285895,-0.18341164,0.83277404,20.298067
71406,7.5,Optimised,1.5330305,0.08545312,-0.18023403,0.64873993,17.940018
71406,8.0,Optimised,1.3213853,0.10947965,-0.16696072,0.46270394,12.069689
71406,8.5,Optimised,1.2208102,0.12275735,-0.16275755,0.6128466,9.944904
71406,9.0,Optimised,1.2778586,0.12744656,-0.16798013,0.7825119,10.026623
71406,9.5,Optimised,1.26047,0.14079791,-0.1726696,0.81665057,8.952334
71406,10.0,Optimised,1.2424898,0.15212117,-0.17566332,0.83866936,8.167764
71406,10.5,Optimised,1.2350373,0.16159156,-0.17807992,0.86198974,7.6429567
71406,11.0,Optimised,1.2349913,0.17057443,-0.18081589,0.87574536,7.2401905
71406,11.5,Optimised,1.241112,0.17919956,-0.18421243,0.8779573,6.925865
71406,12.0,Optimised,1.2510757,0.1874676,-0.188063,0.87101537,6.673557
71406,12.5,Optimised,1.2622392,0.19536938,-0.1920515,0.8577836,6.4607835
71406,13.0,Optimised,1.2731344,0.20291573,-0.1959815,0.8421952,6.2742023
71406,13.5,Optimised,1.283838,0.21010402,-0.19986002,0.82901335,6.110488
71406,14.0,Optimised,1.2948208,0.21696879,-0.20378327,0.8217312,5.9677744
71406,14.5,Optimised,1.3061576,0.22360018,-0.20781794,0.8202616,5.8414874
71406,15.0,Optimised,1.3177588,0.23007019,-0.21198586,0.8222316,5.7276382
71406,15.5,Optimised,1.3295965,0.23638575,-0.21628237,0.8250554,5.62469
71406,16.0,Optimised,1.3417058,0.24255499,-0.22070818,0.82681787,5.531553
71406,16.5,Optimised,1.3542422,0.24864274,-0.22528955,0.8269181,5.4465384
71406,17.0,Optimised,1.3674042,0.2547141,-0.23005223,0.8259645,5.368388
71406,17.5,Optimised,1.3812593,0.26079613,-0.23499152,0.82507366,5.2963185
71406,18.0,Optimised,1.3957528,0.26688635,-0.24008194,0.8256421,5.2297645
71406,18.5,Optimised,1.410773,0.27298063,-0.24528837,0.8289525,5.1680336
71406,19.0,Optimised,1.4261755,0.27908912,-0.25057074,0.83577496,5.110108
71406,19.5,Optimised,1.4418217,0.28523165,-0.2558897,0.84681803,5.054915
71406,20.0,Optimised,1.4576287,0.29142144,-0.2612148,0.8627118,5.0017896
71406,20.5,Optimised,1.4735727,0.29765615,-0.26652628,0.8832715,4.9505873
71406,21.0,Optimised,1.489638,0.30392343,-0.27181125,0.90655196,4.9013596
71406,21.5,Optimised,1.5057844,0.31020623,-0.27705616,0.9288459,4.85414
71406,22.0,Optimised,1.5219386,0.3164888,-0.28224397,0.9467411,4.8088226
71406,22.5,Optimised,1.5380044,0.32275802,-0.28735572,0.958976,4.7651935
71406,23.0,Optimised,1.553886,0.32900405,-0.29237312,0.965996,4.7229996
71406,23.5,Optimised,1.5694903,0.33521792,-0.29728097,0.96853024,4.682
71406,24.0,Optimised,1.5847361,0.34138906,-0.3020662,0.96657336,4.6420236
71406,24.5,Optimised,1.5995363,0.34750605,-0.30671543,0.958299,4.602902
71406,25.0,Optimised,1.6137986,0.35355532,-0.3112142,0.93786794,4.564487
71406,25.5,Optimised,1.6274154,0.3595231,-0.3155457,0.88876337,4.526595
71406,26.0,Optimised,1.6402802,0.36539447,-0.31969213,0.76835775,4.489067
71406,26.5,Optimised,1.6522756,0.37115613,-0.32363456,0.51171386,4.4516997
71406,27.0,Optimised,1.6632872,0.3767945,-0.32735497,0.1957029,4.4143085
71406,27.5,Optimised,1.6732144,0.38230103,-0.33083805,0.038355764,4.3766932
71406,28.0,Optimised,1.6819736,0.38766843,-0.33407196,0.0043986365,4.338691
71406,28.5,Optimised,1.689501,0.39289415,-0.33704895,0.0003145597,4.3001432
71406,29.0,Optimised,1.6957632,0.39797723,-0.3397662,1.3617287e-05,4.2609553
71406,29.5,Optimised,1.7007542,0.4029192,-0.3422256,3.3728475e-07,4.22108
71406,30.0,Optimised,1.7044939,0.4077209,-0.34443307,4.475484e-09,4.180541
75729,-30.0,Optimised,-0.90374136,0.32756132,0.08267398,1.745956e-08,-2.758999
75729,-29.5,Optimised,-0.89183176,0.32348886,0.07903032,1.1108093e-06,-2.7569165
75729,-29.0,Optimised,-0.8793506,0.3193361,0.0752748,3.7683425e-05,-2.7536838
75729,-28.5,Optimised,-0.86634195,0.3151063,0.071417615,0.0007299932,-2.7493641
75729,-28.0,Optimised,-0.85284764,0.31080455,0.06747021,0.008548322,-2.744
75729,-27.5,Optimised,-0.83890516,0.30643505,0.063443415,0.061620336,-2.737628
75729,-27.0,Optimised,-0.8245517,0.30200177,0.059348315,0.2536934,-2.7302876
75729,-26.5,Optimised,-0.8098173,0.29750857,0.055196147,0.5569959,-2.7219965
75729,-26.0,Optimised,-0.7947273,0.29295808,0.050997436,0.7762604,-2.712768
75729,-25.5,Optimised,-0.7793015,0.2883541,0.046762507,0.88145155,-2.7025852
75729,-25.0,Optimised,-0.7635598,0.28369805,0.042501856,0.9276703,-2.6914525
75729,-24.5,Optimised,-0.7475163,0.2789925,0.038226027,0.9483917,-2.6793418
75729,-24.0,Optimised,-0.73118985,0.27423885,0.033946306,0.9574536,-2.666252
75729,-23.5,Optimised,-0.71459615,0.26943898,0.029673899,0.96022564,-2.6521633
75729,-23.0,Optimised,-0.6977609,0.2645951,0.025421536,0.9586334,-2.6370893
75729,-22.5,Optimised,-0.68070966,0.25970972,0.021203209,0.9530829,-2.6210403
75729,-22.0,Optimised,-0.66347843,0.2547868,0.017034095,0.9431255,-2.6040535
75729,-21.5,Optimised,-0.64610994,0.24983162,0.012932283,0.9280657,-2.5861816
75729,-21.0,Optimised,-0.6286583,0.24485059,0.008919251,0.90778375,-2.567518
75729,-20.5,Optimised,-0.61119014,0.23985264,0.005019826,0.8841099,-2.54819
75729,-20.0,Optimised,-0.5937774,0.23484693,0.0012617528,0.86147165,-2.5283592
75729,-19.5,Optimised,-0.57649064,0.22984365,-0.0023289323,0.84480435,-2.508186
75729,-19.0,Optimised,-0.55939,0.22485177,-0.005729097,0.83588773,-2.4878168
75729,-18.5,Optimised,-0.54253197,0.21988028,-0.008918261,0.8324608,-2.467397
75729,-18.0,Optimised,-0.5259872,0.21493906,-0.011872691,0.8306419,-2.4471457
75729,-17.5,Optimised,-0.5098547,0.21004142,-0.014563108,0.82718176,-2.4274006
75729,-17.0,Optimised,-0.49427357,0.20520222,-0.016957456,0.8202984,-2.4087145
75729,-16.5,Optimised,-0.4794271,0.20043162,-0.019028384,0.8096443,-2.3919735
75729,-16.0,Optimised,-0.46550906,0.19573309,-0.020760333,0.7960526,-2.378285
75729,-15.5,Optimised,-0.4526839,0.19110769,-0.022145975,0.78151536,-2.3687372
75729,-15.0,Optimised,-0.4410609,0.1865553,-0.023180818,0.7696839,-2.3642368
75729,-14.5,Optimised,-0.43070194,0.18207645,-0.023863029,0.7660979,-2.3655005
75729,-14.0,Optimised,-0.42161718,0.17767417,-0.024197286,0.7756115,-2.3729796
75729,-13.5,Optimised,-0.4137556,0.17335033,-0.024198115,0.7969264,-2.3868175
75729,-13.0,Optimised,-0.40702066,0.1691022,-0.023889994,0.82141155,-2.4069507
75729,-12.5,Optimised,-0.40130454,0.16492173,-0.02330016,0.83962375,-2.433303
75729,-12.0,Optimised,-0.39652124,0.16079657,-0.022455066,0.84696996,-2.4659808
75729,-11.5,Optimised,-0.3926071,0.15670994,-0.021381712,0.8438129,-2.5053108
75729,-11.0,Optimised,-0.3895128,0.15263706,-0.020112824,0.83361596,-2.5518887
75729,-10.5,Optimised,-0.3871835,0.14854838,-0.018686842,0.8211185,-2.606447
75729,-10.0,Optimised,-0.38560113,0.14442916,-0.017132962,0.81120753,-2.669829
75729,-9.5,Optimised,-0.38487217,0.14030926,-0.01544624,0.80871576,-2.7430277
75729,-9.0,Optimised,-0.38523215,0.13627152,-0.013580936,0.8153359,-2.8269453
75729,-8.5,Optimised,-0.3868743,0.13240045,-0.011493951,0.8277969,-2.9220011
75729,-8.0,Optimised,-0.38979328,0.12871853,-0.009194737,0.8429669,-3.028261
75729,-7.5,Optimised,-0.3938187,0.12517378,-0.006771234,0.86085415,-3.1461759
75729,-7.0,Optimised,-0.39862114,0.12164075,-0.004409465,0.8812709,-3.2770362
75729,-6.5,Optimised,-0.4031879,0.117902584,-0.0024273754,0.89961207,-3.4196696
75729,-6.0,Optimised,-0.4049962,0.11370807,-0.0013239204,0.91020674,-3.561719
75729,-5.5,Optimised,-0.40059316,0.108956695,-0.0016444087,0.913108,-3.6766274
75729,-5.0,Optimised,-0.38719687,0.10372519,-0.0037114352,0.91328067,-3.7329109
75729,-4.5,Optimised,-0.36344177,0.0980536,-0.0076838164,0.91469496,-3.7065623
75729,-4.0,Optimised,-0.33057496,0.09185228,-0.01382148,0.91467434,-3.598985
75729,-3.5,Optimised,-0.28702936,0.08505984,-0.023502816,0.8948365,-3.3744404
75729,-3.0,Optimised,-0.21368021,0.07805135,-0.03994984,0.79733706,-2.7376876
75729,-2.5,Optimised,-0.11365232,0.07066834,-0.06191661,0.45679584,-1.6082494
75729,-2.0,Optimised,0.15525663,0.04412701,-0.13046114,0.539801,3.5184035
75729,-1.5,Optimised,0.3294714,0.035759773,-0.15422988,0.8391329,9.213465
75729,-1.0,Optimised,0.43911737,0.033590082,-0.16472548,0.9003732,13.072828
75729,-0.5,Optimised,0.5241224,0.032895602,-0.17013392,0.8650533,15.932902
75729,0.0,Optimised,0.710444,0.028388973,-0.19063374,0.78183764,25.025349
75729,0.5,Optimised,0.8427413,0.02554163,-0.19915953,0.7924608,32.994812
75729,1.0,Optimised,0.8844274,0.025636405,-0.19366097,0.86779374,34.498886
75729,1.5,Optimised,0.95136327,0.026848339,-0.19484754,0.94482726,35.434715
75729,2.0,Optimised,1.027482,0.02834952,-0.1979811,0.9807943,36.243366
75729,2.5,Optimised,1.0989501,0.029880133,-0.2001261,0.9918813,36.778625
75729,3.0,Optimised,1.1600077,0.03131154,-0.20024152,0.9940382,37.047287
75729,3.5,Optimised,1.2205219,0.033560857,-0.20062652,0.99401265,36.367424
75729,4.0,Optimised,1.2774508,0.03653396,-0.20030935,0.99163777,34.96612
75729,4.5,Optimised,1.3286446,0.040040206,-0.19882277,0.98409593,33.182762
75729,5.0,Optimised,1.3751621,0.044099994,-0.1965125,0.9688913,31.18282
75729,5.5,Optimised,1.4171647,0.048847876,-0.19363394,0.94993436,29.011797
75729,6.0,Optimised,1.4537382,0.054583333,-0.19032955,0.9303419,26.633371
75729,6.5,Optimised,1.4834765,0.061923526,-0.18673423,0.90890324,23.95659
75729,7.0,Optimised,1.5084382,0.07182181,-0.18342772,0.86254215,21.00251
75729,7.5,Optimised,1.5392035,0.083322085,-0.18075591,0.7224631,18.472935
75729,8.0,Optimised,1.4366348,0.099626526,-0.16969508,0.48440814,14.420203
75729,8.5,Optimised,1.2368414,0.120645106,-0.16008449,0.5203488,10.251899
75729,9.0,Optimised,1.2802631,0.12536241,-0.16394022,0.73430413,10.212496
75729,9.5,Optimised,1.2730734,0.1383301,-0.16976473,0.7996393,9.2031555
75729,10.0,Optimised,1.250343,0.15091631,-0.17377034,0.82128865,8.285009
75729,10.5,Optimised,1.2410158,0.16058701,-0.1767946,0.84500855,7.727996
75729,11.0,Optimised,1.2398365,0.16946611,-0.17973503,0.8612386,7.316132
75729,11.5,Optimised,1.2445198,0.1780599,-0.18318811,0.86499363,6.989332
75729,12.0,Optimised,1.253354,0.18640614,-0.18717936,0.8584297,6.7237806
75729,12.5,Optimised,1.264057,0.19445562,-0.19138019,0.84493333,6.500491
75729,13.0,Optimised,1.2748337,0.20215066,-0.19550206,0.82786185,6.3063545
75729,13.5,Optimised,1.2854122,0.20945972,-0.19949764,0.8113444,6.136799
75729,14.0,Optimised,1.2962482,0.21639499,-0.2034752,0.79940933,5.990195
75729,14.5,Optimised,1.3075165,0.2230467,-0.20753816,0.7934014,5.862075
75729,15.0,Optimised,1.31917,0.2295267,-0.21174452,0.7920025,5.747349
75729,15.5,Optimised,1.3311645,0.23590071,-0.21611066,0.7928251,5.6429014
75729,16.0,Optimised,1.34346,0.24217801,-0.2206268,0.79362535,5.547407
75729,16.5,Optimised,1.356111,0.24836232,-0.22528954,0.7934917,5.4602127
75729,17.0,Optimised,1.369282,0.25449005,-0.23011072,0.7929786,5.380493
75729,17.5,Optimised,1.3830872,0.26059544,-0.23509017,0.7932677,5.307411
75729,18.0,Optimised,1.3975217,0.2666863,-0.2402055,0.7956735,5.2403207
75729,18.5,Optimised,1.412497,0.27276668,-0.24542253,0.80116373,5.1784077
75729,19.0,Optimised,1.427878,0.27885008,-0.25070438,0.81020296,5.120594
75729,19.5,Optimised,1.4435189,0.28496295,-0.25601718,0.8235201,5.065637
75729,20.0,Optimised,1.4593321,0.29112443,-0.2613357,0.8420632,5.0127435
75729,20.5,Optimised,1.4752932,0.29733372,-0.26664364,0.865905,4.961742
75729,21.0,Optimised,1.4913902,0.3035754,-0.2719285,0.8928958,4.9127507
75729,21.5,Optimised,1.5075784,0.30983195,-0.2771757,0.9186436,4.8657937
75729,22.0,Optimised,1.5237706,0.3160896,-0.28236598,0.93913716,4.820692
75729,22.5,Optimised,1.539864,0.32233775,-0.28747898,0.95299184,4.7771754
75729,23.0,Optimised,1.5557607,0.32856756,-0.29249677,0.96080565,4.7349796
75729,23.5,Optimised,1.5713717,0.33476946,-0.29740524,0.96343255,4.693892
75729,24.0,Optimised,1.5866158,0.34093168,-0.30219167,0.96081066,4.6537647
75729,24.5,Optimised,1.601407,0.34704247,-0.30684215,0.9507065,4.614441
75729,25.0,Optimised,1.6156476,0.35308704,-0.31134173,0.92616636,4.575777
75729,25.5,Optimised,1.6292343,0.3590492,-0.31567258,0.86808777,4.5376353
75729,26.0,Optimised,1.6420506,0.36491373,-0.3198157,0.7305474,4.499832
75729,26.5,Optimised,1.6539818,0.37066543,-0.323752,0.45985502,4.462196
75729,27.0,Optimised,1.6649079,0.37629202,-0.3274627,0.16439894,4.4245105
75729,27.5,Optimised,1.6747293,0.3817835,-0.3309332,0.03114134,4.3865943
75729,28.0,Optimised,1.6833544,0.38713428,-0.3341509,0.0035400433,4.348244
75729,28.5,Optimised,1.6907222,0.3923411,-0.33710843,0.00025268688,4.309317
75729,29.0,Optimised,1.6967981,0.3974036,-0.33980268,1.0937591e-05,4.26971
75729,29.5,Optimised,1.7015736,0.40232357,-0.34223565,2.711219e-07,4.229366
75729,30.0,Optimised,1.7050717,0.40710348,-0.3444134,3.6028533e-09,4.1883006
79805,-30.0,Optimised,-0.9025947,0.32773787,0.08264722,1.582701e-08,-2.754014
79805,-29.5,Optimised,-0.89086187,0.3236647,0.07902804,1.0062544e-06,-2.752422
79805,-29.0,Optimised,-0.8785193,0.31951034,0.07528981,3.41155e-05,-2.7495801
79805,-28.5,Optimised,-0.86561364,0.31527922,0.0714438,0.0006605532,-2.745546
79805,-28.0,Optimised,-0.8521904,0.3109753,0.067501806,0.007736742,-2.7403796
79805,-27.5,Optimised,-0.83829623,0.30660334,0.0634761,0.05603158,-2.7341392
79805,-27.0,Optimised,-0.8239713,0.30216658,0.05937866,0.23498836,-2.7268775
79805,-26.5,Optimised,-0.8092527,0.29766884,0.055221476,0.5318199,-2.7186341
79805,-26.0,Optimised,-0.7941682,0.29311353,0.051015865,0.7581212,-2.7094219
79805,-25.5,Optimised,-0.7787455,0.2885029,0.046773173,0.870427,-2.6992638
79805,-25.0,Optimised,-0.7630037,0.28383958,0.042504318,0.9205751,-2.6881511
79805,-24.5,Optimised,-0.7469615,0.27912557,0.038220108,0.94322467,-2.676077
79805,-24.0,Optimised,-0.73063594,0.27436167,0.03393199,0.953172,-2.6630394
79805,-23.5,Optimised,-0.7140444,0.26955003,0.029651392,0.95623744,-2.6490235
79805,-23.0,Optimised,-0.6972112,0.2646922,0.025391042,0.9545267,-2.6340454
79805,-22.5,Optimised,-0.6801617,0.25979078,0.021164645,0.9484957,-2.6181133
79805,-22.0,Optimised,-0.6629302,0.2548495,0.016987573,0.9376742,-2.6012616
79805,-21.5,Optimised,-0.64555883,0.24987379,0.012877959,0.92132753,-2.5835397
79805,-21.0,Optimised,-0.62810063,0.2448705,0.008857036,0.8993409,-2.5650318
79805,-20.5,Optimised,-0.61062,0.23984829,0.0049502375,0.87368155,-2.5458593
79805,-20.0,Optimised,-0.59319043,0.23481727,0.0011853635,0.8490996,-2.5261788
79805,-19.5,Optimised,-0.5758815,0.22978765,-0.0024104775,0.8309509,-2.5061464
79805,-19.0,Optimised,-0.5587578,0.22476956,-0.005813277,0.82130754,-2.485914
79805,-18.5,Optimised,-0.54187703,0.21977264,-0.009001804,0.8178979,-2.4656255
79805,-18.0,Optimised,-0.525313,0.21480766,-0.011951834,0.8165414,-2.4455042
79805,-17.5,Optimised,-0.5091662,0.20988823,-0.014634281,0.813573,-2.4258919
79805,-17.0,Optimised,-0.49358118,0.20502852,-0.017017405,0.8068491,-2.4073782
79805,-16.5,Optimised,-0.4787438,0.20023784,-0.01907466,0.7958366,-2.3908758
79805,-16.0,Optimised,-0.464848,0.19551998,-0.02079146,0.7813579,-2.3774962
79805,-15.5,Optimised,-0.45205057,0.19087736,-0.022161376,0.76539415,-2.3682775
79805,-15.0,Optimised,-0.44045746,0.18631083,-0.023180973,0.75147706,-2.3641002
79805,-14.5,Optimised,-0.4301246,0.18182173,-0.023849022,0.74520075,-2.3656392
79805,-14.0,Optimised,-0.42106882,0.17741227,-0.024169195,0.7523379,-2.3733916
79805,-13.5,Optimised,-0.41326022,0.1730821,-0.02415418,0.7732522,-2.3876543
79805,-13.0,Optimised,-0.40661958,0.16882643,-0.02382641,0.7998569,-2.4085066
79805,-12.5,Optimised,-0.40104762,0.16463557,-0.023212522,0.82126486,-2.435972
79805,-12.0,Optimised,-0.3964564,0.16049866,-0.022339046,0.8309765,-2.4701538
79805,-11.5,Optimised,-0.39277393,0.15640199,-0.02123345,0.8281677,-2.5113103
79805,-11.0,Optimised,-0.3899416,0.1523246,-0.019927751,0.8159092,-2.5599384
79805,-10.5,Optimised,-0.38789722,0.14824124,-0.018458545,0.7992855,-2.616662
79805,-10.0,Optimised,-0.38661414,0.14414056,-0.016853858,0.78423226,-2.6822023
79805,-9.5,Optimised,-0.3861832,0.14005429,-0.015108788,0.777481,-2.7573822
79805,-9.0,Optimised,-0.3868098,0.13606119,-0.013183522,0.78275764,-2.8429105
79805,-8.5,Optimised,-0.38863167,0.13223344,-0.011048028,0.79723704,-2.9389818
79805,-8.0,Optimised,-0.39159182,0.12858064,-0.008730021,0.8171806,-3.0454957
79805,-7.5,Optimised,-0.39552602,0.1250428,-0.006331208,0.84183055,-3.1631253
79805,-7.0,Optimised,-0.40017658,0.121488996,-0.004033074,0.869139,-3.2939327
79805,-6.5,Optimised,-0.40455964,0.117703035,-0.0021373718,0.89227855,-3.4371216
79805,-6.0,Optimised,-0.4060664,0.113453686,-0.0011409462,0.9051856,-3.5791378
79805,-5.5,Optimised,-0.4011181,0.10867062,-0.0015979469,0.90887225,-3.6911366
79805,-5.0,Optimised,-0.3868012,0.10342269,-0.003851202,0.9088857,-3.7400036
79805,-4.5,Optimised,-0.36197734,0.0976971,-0.008084917,0.9093886,-3.7050982
79805,-4.0,Optimised,-0.3285284,0.09136367,-0.014574396,0.9071123,-3.595832
79805,-3.5,Optimised,-0.28251815,0.08445579,-0.02510513,0.88151234,-3.3451602
79805,-3.0,Optimised,-0.20388848,0.077351354,-0.042630058,0.75618714,-2.6358747
79805,-2.5,Optimised,-0.09085193,0.0691138,-0.06936364,0.408712,-1.3145267
79805,-2.0,Optimised,0.19612217,0.04001127,-0.14003018,0.6055924,4.901673
79805,-1.5,Optimised,0.34799606,0.0346099,-0.1576,0.8585689,10.054812
79805,-1.0,Optimised,0.45280406,0.032711606,-0.16738978,0.8959664,13.842306
79805,-0.5,Optimised,0.5491724,0.031551857,-0.17463562,0.84410304,17.405392
79805,0.0,Optimised,0.7649569,0.026465893,-0.19952539,0.7788768,28.903498
79805,0.5,Optimised,0.84168893,0.02476873,-0.1982735,0.80223966,33.981915
79805,1.0,Optimised,0.8895309,0.025228854,-0.1946055,0.8758774,35.258472
79805,1.5,Optimised,0.95799756,0.026464941,-0.19624262,0.94617385,36.198742
79805,2.0,Optimised,1.032361,0.027957434,-0.19913325,0.9808503,36.926174
79805,2.5,Optimised,1.1005387,0.029510876,-0.20067939,0.99158233,37.29265
79805,3.0,Optimised,1.1608548,0.030870209,-0.2005775,0.9933861,37.604374
79805,3.5,Optimised,1.2212383,0.032998245,-0.20090492,0.99303883,37.00919
79805,4.0,Optimised,1.2785401,0.035850637,-0.20067677,0.99047893,35.662968
79805,4.5,Optimised,1.3301855,0.039207105,-0.1992797,0.9831057,33.927155
79805,5.0,Optimised,1.3771362,0.043091986,-0.19703487,0.9691844,31.95806
79805,5.5,Optimised,1.419587,0.047624223,-0.19420077,0.95272845,29.808088
79805,6.0,Optimised,1.4566734,0.05307914,-0.19091591,0.93603915,27.443424
79805,6.5,Optimised,1.4869596,0.059999283,-0.18727426,0.9186887,24.782955
79805,7.0,Optimised,1.5109718,0.069288075,-0.18365596,0.8847041,21.807096
79805,7.5,Optimised,1.5387526,0.08082659,-0.18080789,0.7808047,19.037703
79805,8.0,Optimised,1.510307,0.09339052,-0.17282721,0.54436374,16.171951
79805,8.5,Optimised,1.2836226,0.11653404,-0.15947416,0.4605401,11.015001
79805,9.0,Optimised,1.2744379,0.123939626,-0.16032061,0.669712,10.282732
79805,9.5,Optimised,1.2829261,0.13587365,-0.16690847,0.7783221,9.442053
79805,10.0,Optimised,1.2573416,0.1497372,-0.17192069,0.80242,8.396989
79805,10.5,Optimised,1.2457035,0.15993416,-0.17564651,0.82555556,7.7888517
79805,11.0,Optimised,1.2439139,0.16873628,-0.17893119,0.84416485,7.371941
79805,11.5,Optimised,1.2477357,0.17723902,-0.18244605,0.8505006,7.039848
79805,12.0,Optimised,1.2554979,0.18556303,-0.1864759,0.84494966,6.765884
79805,12.5,Optimised,1.2655206,0.19367461,-0.19079486,0.83184916,6.5342617
79805,13.0,Optimised,1.2760617,0.2014731,-0.19506808,0.8146871,6.3336577
79805,13.5,Optimised,1.2865012,0.2088874,-0.19917357,0.7967264,6.1588264
79805,14.0,Optimised,1.2971725,0.21590273,-0.2032042,0.78173023,6.008134
79805,14.5,Optimised,1.3083122,0.22259785,-0.20728831,0.7717724,5.87747
79805,15.0,Optimised,1.3199408,0.2291026,-0.21151623,0.76650566,5.7613525
79805,15.5,Optimised,1.332056,0.23551773,-0.21593061,0.7644034,5.6558633
79805,16.0,Optimised,1.3446063,0.24187045,-0.2205257,0.76374334,5.5592003
79805,16.5,Optimised,1.3575121,0.24813712,-0.22527345,0.7634265,5.470814
79805,17.0,Optimised,1.3708057,0.25432009,-0.2301585,0.7635753,5.3900805
79805,17.5,Optimised,1.3846072,0.26044628,-0.23517546,0.7651953,5.316287
79805,18.0,Optimised,1.3989903,0.26653355,-0.24030805,0.7693896,5.2488337
79805,18.5,Optimised,1.413919,0.2725932,-0.24552825,0.7768006,5.186919
79805,19.0,Optimised,1.4292725,0.2786465,-0.25080493,0.7876414,5.1293397
79805,19.5,Optimised,1.4449015,0.28472722,-0.25611,0.80269676,5.074687
79805,20.0,Optimised,1.4607147,0.2908597,-0.26142216,0.82326853,5.0220594
79805,20.5,Optimised,1.4766911,0.297043,-0.26672715,0.84976673,4.9713044
79805,21.0,Optimised,1.4928169,0.30326042,-0.27201238,0.87993264,4.922558
79805,21.5,Optimised,1.5090348,0.30949438,-0.27726096,0.90874696,4.875807
79805,22.0,Optimised,1.5252492,0.3157334,-0.28245184,0.93160486,4.830814
79805,22.5,Optimised,1.5413554,0.32196707,-0.2875647,0.9469571,4.7873077
79805,23.0,Optimised,1.5572534,0.32818627,-0.29258227,0.95549893,4.745029
79805,23.5,Optimised,1.5728624,0.33438075,-0.29749134,0.95817024,4.703807
79805,24.0,Optimised,1.5880959,0.34053865,-0.30227882,0.954827,4.663482
79805,24.5,Optimised,1.6028708,0.34664637,-0.30693063,0.9428127,4.6239367
79805,25.0,Optimised,1.6170888,0.3526885,-0.31143087,0.9140722,4.5850344
79805,25.5,Optimised,1.6306444,0.3586478,-0.31576124,0.847146,4.5466456
79805,26.0,Optimised,1.6434222,0.36450732,-0.31990224,0.69423485,4.5086126
79805,26.5,Optimised,1.6553037,0.3702523,-0.3238345,0.41515964,4.470745
79805,27.0,Optimised,1.6661676,0.37586862,-0.32754,0.14055768,4.4328456
79805,27.5,Optimised,1.6759083,0.38134775,-0.33100274,0.025972987,4.3946986
79805,28.0,Optimised,1.6844361,0.38668346,-0.33421087,0.0029356256,4.356111
79805,28.5,Optimised,1.6916841,0.3918732,-0.3371563,0.0002093784,4.316917
79805,29.0,Optimised,1.6976175,0.39691725,-0.33983588,9.066509e-06,4.277006
79805,29.5,Optimised,1.7022228,0.401818,-0.34225067,2.2496117e-07,4.236303
79805,30.0,Optimised,1.7055242,0.40657845,-0.3444068,2.9936915e-09,4.194822
83594,-30.0,Optimised,-0.9014772,0.32790637,0.082611635,1.4506461e-08,-2.749191
83594,-29.5,Optimised,-0.88992447,0.32383242,0.0790182,9.222592e-07,-2.7481017
83594,-29.0,Optimised,-0.87772405,0.31967682,0.07529881,3.1265532e-05,-2.7456605
83594,-28.5,Optimised,-0.8649251,0.3154441,0.071465544,0.0006053131,-2.741928
83594,-28.0,Optimised,-0.85157824,0.31113833,0.06753087,0.007093281,-2.7369764
83594,-27.5,Optimised,-0.8377358,0.30676362,0.06350796,0.051576167,-2.7308836
83594,-27.0,Optimised,-0.8234417,0.30232337,0.05940958,0.2196202,-2.7237117
83594,-26.5,Optimised,-0.80873954,0.2978214,0.055248737,0.51000094,-2.7155185
83594,-26.0,Optimised,-0.7936626,0.29326096,0.051037796,0.74176687,-2.7063358
83594,-25.5,Optimised,-0.7782416,0.28864437,0.046788335,0.8602991,-2.6961951
83594,-25.0,Optimised,-0.76249945,0.28397396,0.042512197,0.9140078,-2.6851034
83594,-24.5,Optimised,-0.7464558,0.27925152,0.03822068,0.9384322,-2.673059
83594,-24.0,Optimised,-0.73013,0.2744782,0.033925038,0.94920117,-2.6600657
83594,-23.5,Optimised,-0.7135409,0.2696555,0.029637337,0.9525436,-2.6461203
83594,-23.0,Optimised,-0.69670993,0.264785,0.02536996,0.9507302,-2.631229
83594,-22.5,Optimised,-0.6796635,0.2598692,0.0211366,0.9442682,-2.6154063
83594,-22.0,Optimised,-0.6624352,0.25491166,0.016952854,0.9326689,-2.5986853
83594,-21.5,Optimised,-0.6450638,0.24991812,0.012836325,0.91516614,-2.5811007
83594,-21.0,Optimised,-0.6276028,0.24489531,0.008808702,0.8916598,-2.5627391
83594,-20.5,Optimised,-0.61011696,0.2398523,0.004895353,0.86425805,-2.5437195
83594,-20.0,Optimised,-0.59267855,0.23479974,0.0011245668,0.83802456,-2.5241873
83594,-19.5,Optimised,-0.57535875,0.2297481,-0.0024758577,0.81868696,-2.5043025
83594,-19.0,Optimised,-0.5582206,0.22470853,-0.0058814823,0.8085459,-2.4841986
83594,-18.5,Optimised,-0.541326,0.21969076,-0.009069884,0.80528235,-2.4640362
83594,-18.0,Optimised,-0.524749,0.21470654,-0.012016505,0.8044651,-2.4440289
83594,-17.5,Optimised,-0.5085918,0.20976932,-0.014692265,0.80209315,-2.4245288
83594,-17.0,Optimised,-0.49300036,0.20489311,-0.017065566,0.7957133,-2.4061344
83594,-16.5,Optimised,-0.47816345,0.20008613,-0.019110745,0.7846114,-2.3897882
83594,-16.0,Optimised,-0.4642778,0.19535187,-0.020813692,0.76957464,-2.3766234
83594,-15.5,Optimised,-0.45150283,0.1906932,-0.022168774,0.75258493,-2.3676922
83594,-15.0,Optimised,-0.4399377,0.18611167,-0.023173803,0.7370767,-2.3638372
83594,-14.5,Optimised,-0.4296354,0.18161026,-0.023828268,0.72860706,-2.3657
83594,-14.0,Optimised,-0.420613,0.17719185,-0.024135489,0.7335371,-2.3737717
83594,-13.5,Optimised,-0.41285014,0.17285594,-0.024106711,0.7535937,-2.3884058
83594,-13.0,Optimised,-0.40628457,0.1685951,-0.023762304,0.781477,-2.4098241
83594,-12.5,Optimised,-0.40083188,0.1643978,-0.023127615,0.8053788,-2.4381826
83594,-12.0,Optimised,-0.39640743,0.16025257,-0.022228485,0.817159,-2.4736416
83594,-11.5,Optimised,-0.3929344,0.15614834,-0.021092068,0.81481224,-2.5164175
83594,-11.0,Optimised,-0.39034525,0.15206842,-0.019750511,0.8008508,-2.5669053
83594,-10.5,Optimised,-0.38856965,0.14799154,-0.018239683,0.7803914,-2.6256208
83594,-10.0,Optimised,-0.38756698,0.14390938,-0.016587084,0.7600786,-2.6931322
83594,-9.5,Optimised,-0.38741004,0.13985458,-0.014788556,0.7484044,-2.770092
83594,-9.0,Optimised,-0.38826895,0.13590035,-0.012810206,0.75147367,-2.8570123
83594,-8.5,Optimised,-0.39023027,0.13210683,-0.010634747,0.76753545,-2.9538994
83594,-8.0,Optimised,-0.3931965,0.12847193,-0.008306292,0.7924584,-3.0605636
83594,-7.5,Optimised,-0.39702398,0.124930404,-0.0059354366,0.8242166,-3.177961
83594,-7.0,Optimised,-0.4015287,0.12134917,-0.0036953806,0.8583298,-3.3088706
83594,-6.5,Optimised,-0.40573975,0.11751665,-0.00187276,0.88589114,-3.452615
83594,-6.0,Optimised,-0.40696532,0.11322146,-0.000965327,0.90086275,-3.5944185
83594,-5.5,Optimised,-0.40152285,0.10841329,-0.0015361517,0.9052508,-3.7036314
83594,-5.0,Optimised,-0.38642868,0.10314834,-0.0039429693,0.9050677,-3.7463393
83594,-4.5,Optimised,-0.36082122,0.09737359,-0.008390183,0.90447706,-3.7055347
83594,-4.0,Optimised,-0.32699928,0.090924606,-0.015195382,0.8995274,-3.5963783
83594,-3.5,Optimised,-0.27810246,0.083937734,-0.02660079,0.8672839,-3.3131995
83594,-3.0,Optimised,-0.19533241,0.07675621,-0.04495834,0.7080533,-2.5448418
83594,-2.5,Optimised,-0.057733297,0.066360995,-0.07935344,0.38403758,-0.86998844
83594,-2.0,Optimised,0.2215884,0.037643287,-0.1450009,0.6575122,5.886532
83594,-1.5,Optimised,0.3645584,0.033610046,-0.16079363,0.87116057,10.846709
83594,-1.0,Optimised,0.46658382,0.031891532,-0.17004673,0.8887624,14.630336
83594,-0.5,Optimised,0.58301306,0.030048318,-0.18052132,0.82631403,19.40252
83594,0.0,Optimised,0.79443413,0.025094353,-0.20390649,0.78484607,31.657885
83594,0.5,Optimised,0.8420117,0.02417254,-0.19788274,0.8129994,34.833397
83594,1.0,Optimised,0.89448106,0.024884395,-0.19556077,0.883734,35.94546
83594,1.5,Optimised,0.9635825,0.02611808,-0.19741069,0.9486282,36.893314
83594,2.0,Optimised,1.035919,0.02760594,-0.1999884,0.98139554,37.52522
83594,2.5,Optimised,1.1014116,0.029156474,-0.20103809,0.9913884,37.775883
83594,3.0,Optimised,1.161478,0.030454664,-0.20084047,0.99282056,38.137936
83594,3.5,Optimised,1.22176,0.032473553,-0.201129,0.9921795,37.623234
83594,4.0,Optimised,1.2793874,0.035215326,-0.2009776,0.98953944,36.330414
83594,4.5,Optimised,1.3314424,0.038438827,-0.19965973,0.9824814,34.637955
83594,5.0,Optimised,1.3788246,0.04216165,-0.19747892,0.9697889,32.70329
83594,5.5,Optimised,1.4217409,0.046489418,-0.1946929,0.9554462,30.582033
83594,6.0,Optimised,1.459361,0.051680595,-0.19143587,0.94116455,28.238083
83594,6.5,Optimised,1.4903135,0.05821617,-0.18778424,0.92685264,25.59965
83594,7.0,Optimised,1.5143596,0.06690282,-0.18399271,0.9011103,22.635214
83594,7.5,Optimised,1.5389374,0.07808831,-0.18081573,0.8235458,19.707653
83594,8.0,Optimised,1.5454468,0.08959986,-0.17507279,0.61724377,17.248316
83594,8.5,Optimised,1.3520865,0.11062427,-0.1606951,0.44273192,12.222332
83594,9.0,Optimised,1.2692811,0.12257422,-0.15745538,0.6001475,10.355205
83594,9.5,Optimised,1.2877487,0.13366868,-0.16413617,0.75206167,9.633885
83594,10.0,Optimised,1.2634406,0.14841665,-0.1700931,0.7834517,8.512795
83594,10.5,Optimised,1.2491919,0.15945828,-0.17455313,0.8050285,7.833973
83594,11.0,Optimised,1.2470052,0.16829036,-0.17827985,0.8253363,7.4098434
83594,11.5,Optimised,1.2504833,0.17668547,-0.18190815,0.83485216,7.077454
83594,12.0,Optimised,1.2574589,0.18492976,-0.18592206,0.83104664,6.799657
83594,12.5,Optimised,1.266756,0.19303194,-0.19028287,0.8183775,6.562417
83594,13.0,Optimised,1.2769678,0.20088956,-0.1946682,0.8015494,6.356566
83594,13.5,Optimised,1.287247,0.20839156,-0.19887927,0.7833687,6.1770587
83594,14.0,Optimised,1.2977607,0.21549061,-0.20296955,0.76683766,6.022354
83594,14.5,Optimised,1.308762,0.22224696,-0.20707805,0.75419873,5.8887734
83594,15.0,Optimised,1.320324,0.2287915,-0.21132016,0.74574876,5.7708607
83594,15.5,Optimised,1.3325022,0.235241,-0.21576424,0.7408022,5.6644135
83594,16.0,Optimised,1.3452721,0.24164197,-0.2204177,0.73846483,5.567212
83594,16.5,Optimised,1.3584683,0.24797028,-0.22524062,0.7378541,5.478351
83594,17.0,Optimised,1.3719689,0.2541999,-0.23019011,0.7386684,5.397205
83594,17.5,Optimised,1.3858428,0.2603408,-0.23524527,0.7415022,5.323187
83594,18.0,Optimised,1.4002179,0.2664169,-0.24039288,0.7471863,5.2557397
83594,18.5,Optimised,1.41512,0.2724496,-0.2456139,0.7560969,5.1940613
83594,19.0,Optimised,1.4304533,0.2784695,-0.250885,0.76823825,5.13684
83594,19.5,Optimised,1.44607,0.28451762,-0.25618297,0.78445584,5.0825324
83594,20.0,Optimised,1.4618838,0.29062247,-0.2614902,0.80641764,5.0301814
83594,20.5,Optimised,1.4778717,0.29678234,-0.266793,0.83492345,4.979648
83594,21.0,Optimised,1.4940146,0.30297995,-0.2720781,0.86769795,4.9310675
83594,21.5,Optimised,1.5102466,0.30919856,-0.2773264,0.89918244,4.884391
83594,22.0,Optimised,1.5264695,0.3154257,-0.28251675,0.92418426,4.839395
83594,22.5,Optimised,1.5425767,0.3216515,-0.28762895,0.94092953,4.7958016
83594,23.0,Optimised,1.5584706,0.32786548,-0.2926465,0.95015246,4.753384
83594,23.5,Optimised,1.5740685,0.334057,-0.2975564,0.95284367,4.711976
83594,24.0,Optimised,1.5892882,0.34021404,-0.30234513,0.9487636,4.6714363
83594,24.5,Optimised,1.6040428,0.34632206,-0.30699795,0.9348401,4.6316504
83594,25.0,Optimised,1.6182387,0.35236374,-0.31149864,0.9019807,4.5925236
83594,25.5,Optimised,1.6317679,0.35832146,-0.31582874,0.82670784,4.5539217
83594,26.0,Optimised,1.6445138,0.3641779,-0.31996888,0.66068304,4.515688
83594,26.5,Optimised,1.6563554,0.36991623,-0.32389945,0.3777852,4.4776497
83594,27.0,Optimised,1.667173,0.37552387,-0.32760262,0.122547515,4.439593
83594,27.5,Optimised,1.6768563,0.3809913,-0.33106226,0.022248087,4.401298
83594,28.0,Optimised,1.6853111,0.38631257,-0.33426583,0.002506015,4.3625584
83594,28.5,Optimised,1.6924672,0.3914867,-0.3372044,0.00017873509,4.3231792
83594,29.0,Optimised,1.6982845,0.39651433,-0.33987442,7.744977e-06,4.2830343
83594,29.5,Optimised,1.7027494,0.40139955,-0.3422764,1.9235327e-07,4.242031
83594,30.0,Optimised,1.7058823,0.40614566,-0.34441608,2.5623352e-09,4.200174
87061,-30.0,Optimised,-0.9004214,0.32805815,0.08256929,1.3413213e-08,-2.7447004
87061,-29.5,Optimised,-0.8890457,0.32398346,0.079001226,8.5303907e-07,-2.7441084
87061,-29.0,Optimised,-0.87698466,0.31982723,0.07530129,2.8926606e-05,-2.7420576
87061,-28.5,Optimised,-0.8642925,0.31559336,0.071481586,0.0005602046,-2.738627
87061,-28.0,Optimised,-0.8510229,0.3112862,0.06755547,0.006569653,-2.733892
87061,-27.5,Optimised,-0.8372326,0.3069089,0.06353657,0.04794032,-2.7279515
87061,-27.0,Optimised,-0.8229711,0.30246577,0.05943861,0.20677975,-2.7208736
87061,-26.5,Optimised,-0.8082858,0.29796034,0.05527531,0.49097458,-2.7127295
87061,-26.0,Optimised,-0.7932164,0.29339516,0.05105988,0.72701824,-2.703577
87061,-25.5,Optimised,-0.77779686,0.28877336,0.046805035,0.8510384,-2.693451
87061,-25.0,Optimised,-0.7620529,0.28409654,0.04252266,0.9079839,-2.682373
87061,-24.5,Optimised,-0.7460082,0.2793664,0.03822462,0.9340417,-2.6703577
87061,-24.0,Optimised,-0.72968125,0.27458465,0.033922635,0.9455757,-2.6574
87061,-23.5,Optimised,-0.7130929,0.2697517,0.02962876,0.94918805,-2.643516
87061,-23.0,Optimised,-0.6962646,0.26486966,0.025355417,0.94730175,-2.6287067
87061,-22.5,Optimised,-0.67922074,0.2599409,0.021116305,0.94047457,-2.6129816
87061,-22.0,Optimised,-0.6619947,0.25496936,0.016926622,0.92820674,-2.5963695
87061,-21.5,Optimised,-0.6446257,0.24995995,0.012804264,0.90971315,-2.578916
87061,-21.0,Optimised,-0.62716573,0.24492042,0.008771002,0.8849086,-2.5606918
87061,-20.5,Optimised,-0.6096777,0.23985973,0.004852128,0.8560369,-2.5418093
87061,-20.0,Optimised,-0.59223366,0.23478894,0.0010762333,0.8284363,-2.5224087
87061,-19.5,Optimised,-0.5749079,0.22971913,-0.0025283098,0.80816627,-2.5026557
87061,-19.0,Optimised,-0.5577632,0.22466128,-0.0059363903,0.7977023,-2.482685
87061,-18.5,Optimised,-0.5408621,0.21962655,-0.009125161,0.79466546,-2.4626443
87061,-18.0,Optimised,-0.52427876,0.21462685,-0.012069416,0.7944072,-2.4427454
87061,-17.5,Optimised,-0.5081166,0.20967552,-0.014739943,0.7926604,-2.4233472
87061,-17.0,Optimised,-0.49252054,0.20478621,-0.017105127,0.78671986,-2.4050474
87061,-16.5,Optimised,-0.47768182,0.19996643,-0.01913991,0.7756989,-2.38881
87061,-16.0,Optimised,-0.46379936,0.19521959,-0.02083065,0.7603406,-2.375783
87061,-15.5,Optimised,-0.45103526,0.19054799,-0.022172606,0.7426226,-2.3670428
87061,-15.0,Optimised,-0.43949008,0.18595365,-0.02316432,0.7259121,-2.3634388
87061,-14.5,Optimised,-0.42921633,0.18144009,-0.023806024,0.7157089,-2.3656092
87061,-14.0,Optimised,-0.42022857,0.17701165,-0.024101203,0.7187638,-2.3740165
87061,-13.5,Optimised,-0.4125123,0.17266834,-0.024059802,0.73786306,-2.3890443
87061,-13.0,Optimised,-0.40601566,0.16840258,-0.023700679,0.76649773,-2.4109824
87061,-12.5,Optimised,-0.40066537,0.16420077,-0.023047656,0.7922838,-2.4400945
87061,-12.0,Optimised,-0.3963834,0.16005036,-0.022125512,0.80575114,-2.4766166
87061,-11.5,Optimised,-0.39309537,0.15594144,-0.02096073,0.8038363,-2.5207884
87061,-11.0,Optimised,-0.39072427,0.15186092,-0.019585067,0.78847146,-2.5729086
87061,-10.5,Optimised,-0.3891917,0.1477914,-0.018034983,0.7646287,-2.6333852
87061,-10.0,Optimised,-0.38844258,0.1437269,-0.016337955,0.73938394,-2.7026436
87061,-9.5,Optimised,-0.3885274,0.13970038,-0.014491838,0.72273433,-2.7811477
87061,-9.0,Optimised,-0.3895801,0.13577886,-0.012468415,0.7231891,-2.869225
87061,-8.5,Optimised,-0.39164057,0.13201115,-0.010262576,0.7404768,-2.9667234
87061,-8.0,Optimised,-0.39458278,0.1283861,-0.00793131,0.77025014,-3.0734074
87061,-7.5,Optimised,-0.39829907,0.12483429,-0.005589819,0.8088939,-3.1906223
87061,-7.0,Optimised,-0.40267804,0.12122249,-0.003399235,0.8492667,-3.3218098
87061,-6.5,Optimised,-0.40675056,0.1173479,-0.0016345143,0.880669,-3.4661937
87061,-6.0,Optimised,-0.4077343,0.113017514,-0.0007976651,0.89734644,-3.607709
87061,-5.5,Optimised,-0.40186846,0.108192414,-0.0014595777,0.9022495,-3.7143867
87061,-5.0,Optimised,-0.38615975,0.102911,-0.0039889393,0.90177447,-3.752366
87061,-4.5,Optimised,-0.36003438,0.097088225,-0.008608666,0.89994085,-3.7083218
87061,-4.0,Optimised,-0.3259346,0.090540454,-0.01570806,0.89209163,-3.599878
87061,-3.5,Optimised,-0.27394366,0.08350167,-0.027969262,0.85256165,-3.2806969
87061,-3.0,Optimised,-0.1881656,0.076272056,-0.046985906,0.6553316,-2.467032
87061,-2.5,Optimised,-0.016178727,0.062093794,-0.09100702,0.3788526,-0.26055303
87061,-2.0,Optimised,0.23904273,0.036207438,-0.1478419,0.69760627,6.602034
87061,-1.5,Optimised,0.3792052,0.03273371,-0.16370943,0.8790549,11.584547
87061,-1.0,Optimised,0.48176023,0.03109794,-0.17290771,0.8800116,15.49171
87061,-0.5,Optimised,0.62192947,0.028510883,-0.18714006,0.81460124,21.813757
87061,0.0,Optimised,0.8068243,0.024124626,-0.2052968,0.79352695,33.444016
87061,0.5,Optimised,0.8434247,0.023714103,-0.19786938,0.8239854,35.566376
87061,1.0,Optimised,0.89895797,0.024588596,-0.19643942,0.89166605,36.559956
87061,1.5,Optimised,0.9681667,0.025811363,-0.19836876,0.9518641,37.509323
87061,2.0,Optimised,1.038418,0.027295526,-0.20060873,0.9821646,38.043526
87061,2.5,Optimised,1.1018803,0.028826067,-0.20127782,0.9912587,38.225136
87061,3.0,Optimised,1.161937,0.030075654,-0.20105135,0.99235475,38.633804
87061,3.5,Optimised,1.2221063,0.031995986,-0.20130548,0.9914692,38.195614
87061,4.0,Optimised,1.2800047,0.034639627,-0.2012175,0.988822,36.952038
87061,4.5,Optimised,1.3324273,0.03774707,-0.19997072,0.9821302,35.298824
87061,5.0,Optimised,1.3802286,0.041323747,-0.19785254,0.970518,33.400375
87061,5.5,Optimised,1.4236054,0.045465834,-0.19511609,0.9578857,31.311543
87061,6.0,Optimised,1.4617544,0.050419807,-0.19189191,0.9455339,28.99167
87061,6.5,Optimised,1.4933996,0.056619637,-0.1882503,0.93347853,26.376001
87061,7.0,Optimised,1.5179423,0.06477024,-0.18437068,0.9132286,23.4358
87061,7.5,Optimised,1.5405447,0.07541837,-0.18089774,0.853859,20.426651
87061,8.0,Optimised,1.5602105,0.086723804,-0.17640589,0.68402404,17.990568
87061,8.5,Optimised,1.4218266,0.10439247,-0.16293715,0.45925066,13.620011
87061,9.0,Optimised,1.2738706,0.1209,-0.15568233,0.53996545,10.536564
87061,9.5,Optimised,1.28679,0.13184066,-0.16150999,0.72114533,9.760191
87061,10.0,Optimised,1.268282,0.14695483,-0.16829011,0.76558775,8.630421
87061,10.5,Optimised,1.2516841,0.15900578,-0.17347273,0.7849389,7.871941
87061,11.0,Optimised,1.2491249,0.16801639,-0.17768776,0.8059305,7.4345417
87061,11.5,Optimised,1.2526138,0.17632508,-0.18149868,0.8185012,7.1040025
87061,12.0,Optimised,1.2591627,0.18447535,-0.18549082,0.8170997,6.825642
87061,12.5,Optimised,1.2678221,0.192527,-0.18984196,0.8049432,6.5851655
87061,13.0,Optimised,1.2776575,0.20040491,-0.19430056,0.788339,6.37538
87061,13.5,Optimised,1.2877619,0.20797384,-0.19860998,0.77051264,6.1919417
87061,14.0,Optimised,1.2981325,0.21515265,-0.20276645,0.75354195,6.0335417
87061,14.5,Optimised,1.309012,0.22197688,-0.2069057,0.73943895,5.897065
87061,15.0,Optimised,1.3205028,0.22857031,-0.21116185,0.7288904,5.777228
87061,15.5,Optimised,1.3327038,0.23505369,-0.21562445,0.72181624,5.669785
87061,16.0,Optimised,1.3456187,0.24148889,-0.22031613,0.7180227,5.5721765
87061,16.5,Optimised,1.359059,0.2478611,-0.22519696,0.71705765,5.4831476
87061,17.0,Optimised,1.372798,0.2541249,-0.2302042,0.7184082,5.40206
87061,17.5,Optimised,1.3868082,0.26027253,-0.23529673,0.7221944,5.3282924
87061,18.0,Optimised,1.4012272,0.26633078,-0.24045976,0.72896665,5.261229
87061,18.5,Optimised,1.4161326,0.27233157,-0.24568245,0.7389095,5.200031
87061,19.0,Optimised,1.4314566,0.27831638,-0.25094923,0.75185716,5.143271
87061,19.5,Optimised,1.4470699,0.28433233,-0.25624198,0.76870495,5.089361
87061,20.0,Optimised,1.4628842,0.29041094,-0.26154524,0.79147065,5.03729
87061,20.5,Optimised,1.4788773,0.29655084,-0.26684636,0.821368,4.9869266
87061,21.0,Optimised,1.4950272,0.30273438,-0.27213043,0.8562013,4.938412
87061,21.5,Optimised,1.5112641,0.3089439,-0.27737802,0.889977,4.8917103
87061,22.0,Optimised,1.527486,0.31516543,-0.2825676,0.91691786,4.8466163
87061,22.5,Optimised,1.5435853,0.32138804,-0.28767934,0.9349639,4.802871
87061,23.0,Optimised,1.5594709,0.32760113,-0.29269743,0.94483227,4.760273
87061,23.5,Optimised,1.5750558,0.3337933,-0.29760823,0.9475366,4.718656
87061,24.0,Optimised,1.5902584,0.3399519,-0.30239785,0.9427372,4.677892
87061,24.5,Optimised,1.6049943,0.34606138,-0.30705184,0.9269675,4.637889
87061,25.0,Optimised,1.6191697,0.3521039,-0.31155318,0.89019865,4.5985565
87061,25.5,Optimised,1.6326749,0.35806066,-0.31588364,0.80731356,4.559772
87061,26.0,Optimised,1.6453974,0.36391318,-0.32002407,0.63050896,4.521401
87061,26.5,Optimised,1.6572117,0.3696447,-0.32395524,0.34704942,4.4832554
87061,27.0,Optimised,1.6679959,0.3752431,-0.32765865,0.10890629,4.4451075
87061,27.5,Optimised,1.6776366,0.38069874,-0.3311185,0.019527385,4.40673
87061,28.0,Optimised,1.6860347,0.38600728,-0.3343205,0.0021954505,4.367883
87061,28.5,Optimised,1.6931163,0.39116743,-0.33725587,0.00015666758,4.328367
87061,29.0,Optimised,1.6988358,0.39618275,-0.3399198,6.7942738e-06,4.2880106
87061,29.5,Optimised,1.7031801,0.40105605,-0.34231266,1.6887664e-07,4.2467384
87061,30.0,Optimised,1.706166,0.40579218,-0.34443974,2.2511273e-09,4.2045317
90170,-30.0,Optimised,-0.8994576,0.328188,0.08252313,1.2504731e-08,-2.7406778
90170,-29.5,Optimised,-0.888247,0.32411325,0.078979455,7.95726e-07,-2.7405453
90170,-29.0,Optimised,-0.876318,0.31995666,0.07529833,2.699753e-05,-2.7388647
90170,-28.5,Optimised,-0.86372817,0.3157222,0.07149216,0.00052313256,-2.735722
90170,-28.0,Optimised,-0.8505331,0.31141368,0.06757485,0.00614076,-2.7312002
90170,-27.5,Optimised,-0.8367937,0.30703536,0.06356071,0.04495852,-2.7253985
90170,-27.0,Optimised,-0.8225634,0.3025899,0.05946388,0.19605169,-2.71841
90170,-26.5,Optimised,-0.80789614,0.29808128,0.05529932,0.47449896,-2.7103217
90170,-26.0,Optimised,-0.79283345,0.29351243,0.05108068,0.7138934,-2.7011921
90170,-25.5,Optimised,-0.77741474,0.28888595,0.046821218,0.84270334,-2.6910784
90170,-25.0,Optimised,-0.7616686,0.28420323,0.042533685,0.90255445,-2.680014
90170,-24.5,Optimised,-0.7456213,0.27946687,0.03823018,0.93009835,-2.6680133
90170,-24.0,Optimised,-0.7292932,0.27467722,0.03392284,0.9423395,-2.6550918
90170,-23.5,Optimised,-0.7127039,0.2698355,0.029623598,0.94621176,-2.6412532
90170,-23.0,Optimised,-0.69587713,0.2649437,0.025345247,0.9442831,-2.6265097
90170,-22.5,Optimised,-0.678836,0.26000375,0.021101046,0.9371606,-2.6108701
90170,-22.0,Optimised,-0.66161275,0.2550198,0.016906524,0.92434204,-2.5943582
90170,-21.5,Optimised,-0.6442468,0.2499972,0.012779665,0.90502703,-2.577016
90170,-21.0,Optimised,-0.6267876,0.2449433,0.008741516,0.87915206,-2.558909
90170,-20.5,Optimised,-0.60929817,0.23986773,0.004818052,0.84907293,-2.5401423
90170,-20.0,Optimised,-0.5918529,0.23478161,0.001037854,0.8203713,-2.5208657
90170,-19.5,Optimised,-0.57452404,0.22969651,-0.0025701881,0.79937714,-2.501231
90170,-19.0,Optimised,-0.55737597,0.22462422,-0.0059804795,0.78871065,-2.4813707
90170,-18.5,Optimised,-0.5404724,0.2195755,-0.00916965,0.7859341,-2.4614422
90170,-18.0,Optimised,-0.5238869,0.21456331,-0.0121123195,0.7862118,-2.4416425
90170,-17.5,Optimised,-0.5077245,0.20960099,-0.014778656,0.7850671,-2.4223385
90170,-17.0,Optimised,-0.49212843,0.20470127,-0.017137432,0.77959114,-2.4041297
90170,-16.5,Optimised,-0.47728908,0.19987157,-0.01916365,0.7687475,-2.3879788
90170,-16.0,Optimised,-0.46340752,0.19511516,-0.020844156,0.75322247,-2.3750463
90170,-15.5,Optimised,-0.45064843,0.190434,-0.0221748,0.73499066,-2.3664284
90170,-15.0,Optimised,-0.43911391,0.18582985,-0.023155099,0.7173705,-2.3629892
90170,-14.5,Optimised,-0.42886072,0.18130633,-0.023785537,0.7058139,-2.365393
90170,-14.0,Optimised,-0.4199044,0.1768683,-0.024069656,0.7073494,-2.3741078
90170,-13.5,Optimised,-0.41223434,0.17251727,-0.024016768,0.72557956,-2.389525
90170,-13.0,Optimised,-0.40580294,0.16824567,-0.023644168,0.75468314,-2.4119666
90170,-12.5,Optimised,-0.40054512,0.16403952,-0.0229747,0.78189474,-2.4417598
90170,-12.0,Optimised,-0.39638752,0.15988559,-0.022032034,0.79668295,-2.4791949
90170,-11.5,Optimised,-0.39325842,0.15577419,-0.020841628,0.79510415,-2.5245416
90170,-11.0,Optimised,-0.39107773,0.15169479,-0.019435143,0.778566,-2.5780563
90170,-10.5,Optimised,-0.38975668,0.14763282,-0.017849028,0.75183254,-2.6400409
90170,-10.0,Optimised,-0.38922676,0.14358479,-0.016112018,0.72223395,-2.71078
90170,-9.5,Optimised,-0.38951573,0.13958262,-0.014224273,0.7010045,-2.7905748
90170,-9.0,Optimised,-0.3907246,0.13568777,-0.01216388,0.6988657,-2.879586
90170,-8.5,Optimised,-0.39284906,0.13193911,-0.009936025,0.717133,-2.9775026
90170,-8.0,Optimised,-0.39574766,0.12831835,-0.0076076984,0.75136024,-3.0841079
90170,-7.5,Optimised,-0.3993578,0.124753185,-0.005294529,0.7962205,-3.201183
90170,-7.0,Optimised,-0.40364072,0.12111176,-0.003144306,0.8420052,-3.3327954
90170,-6.5,Optimised,-0.40761384,0.117201306,-0.00142259,0.8765782,-3.477895
90170,-6.0,Optimised,-0.4084088,0.112845466,-0.00063833594,0.8945797,-3.6191866
90170,-5.5,Optimised,-0.40220058,0.10801055,-0.0013699144,0.8997867,-3.7237155
90170,-5.0,Optimised,-0.38603318,0.10271439,-0.0039948374,0.89892006,-3.7583165
90170,-4.5,Optimised,-0.35960495,0.096844785,-0.008753965,0.89575285,-3.7132094
90170,-4.0,Optimised,-0.32523763,0.09021363,-0.016133567,0.8849424,-3.605194
90170,-3.5,Optimised,-0.2701968,0.08314073,-0.029187525,0.837728,-3.2498727
90170,-3.0,Optimised,-0.1822682,0.07589041,-0.048796304,0.6017747,-2.401729
90170,-2.5,Optimised,0.02640152,0.056959197,-0.10256082,0.38631925,0.46351635
90170,-2.0,Optimised,0.25326595,0.035223857,-0.15006052,0.7291847,7.190182
90170,-1.5,Optimised,0.3922288,0.031965487,-0.1663194,0.8833404,12.270385
90170,-1.0,Optimised,0.49870023,0.03032727,-0.1760281,0.8711469,16.443954
90170,-0.5,Optimised,0.6586096,0.027093068,-0.19324192,0.80921894,24.309156
90170,0.0,Optimised,0.8111031,0.023419827,-0.20536268,0.8022147,34.63318
90170,0.5,Optimised,0.84526825,0.023362942,-0.19805244,0.8346945,36.17987
90170,1.0,Optimised,0.90284604,0.024335343,-0.19720903,0.8994252,37.100197
90170,1.5,Optimised,0.97184634,0.025546513,-0.19914155,0.9553256,38.04223
90170,2.0,Optimised,1.0401269,0.027025895,-0.20105293,0.9829532,38.48631
90170,2.5,Optimised,1.1021322,0.02852753,-0.20144482,0.99117017,38.633987
90170,3.0,Optimised,1.1622703,0.02973946,-0.20122194,0.9919898,39.081757
90170,3.5,Optimised,1.2223165,0.031572074,-0.20144208,0.99091196,38.715115
90170,4.0,Optimised,1.2804276,0.034131374,-0.20140448,0.98829716,37.51468
90170,4.5,Optimised,1.3331769,0.03713927,-0.20022163,0.9819639,35.89669
90170,5.0,Optimised,1.3813677,0.04058799,-0.19816282,0.9712549,34.0339
90170,5.5,Optimised,1.4251786,0.044567443,-0.19547491,0.95996785,31.978022
90170,6.0,Optimised,1.463833,0.049315494,-0.19228613,0.94911677,29.683023
90170,6.5,Optimised,1.4961431,0.055231247,-0.18866563,0.9387236,27.088707
90170,7.0,Optimised,1.5213528,0.06293084,-0.18474844,0.9221529,24.174997
90170,7.5,Optimised,1.5430181,0.07301527,-0.18105653,0.8750854,21.132812
90170,8.0,Optimised,1.5666615,0.084188186,-0.17714798,0.73701584,18.609041
90170,8.5,Optimised,1.4781871,0.09912892,-0.16536696,0.49637827,14.911765
90170,9.0,Optimised,1.290725,0.11882861,-0.15505132,0.49806067,10.862073
90170,9.5,Optimised,1.2819273,0.13030474,-0.15913175,0.6873944,9.837918
90170,10.0,Optimised,1.2712976,0.14548378,-0.16654256,0.74930423,8.738415
90170,10.5,Optimised,1.2533717,0.15850015,-0.17240033,0.76652575,7.9077005
90170,11.0,Optimised,1.2504121,0.16782549,-0.17710869,0.78715664,7.450669
90170,11.5,Optimised,1.2541211,0.17609015,-0.18115929,0.8021584,7.12204
90170,12.0,Optimised,1.2605437,0.18415803,-0.1851559,0.80346155,6.8449025
90170,12.5,Optimised,1.2687305,0.19214644,-0.1894714,0.7921082,6.6029353
90170,13.0,Optimised,1.2781945,0.20001817,-0.1939688,0.77550185,6.3903923
90170,13.5,Optimised,1.2881203,0.20763291,-0.19836363,0.75814533,6.2038345
90170,14.0,Optimised,1.2983639,0.21488106,-0.20258904,0.74139243,6.0422444
90170,14.5,Optimised,1.309143,0.22177175,-0.20676503,0.7267385,5.9031096
90170,15.0,Optimised,1.3205738,0.22841594,-0.2110374,0.71506006,5.7814436
90170,15.5,Optimised,1.3327733,0.23493402,-0.21551308,0.7066867,5.672969
90170,16.0,Optimised,1.3457723,0.24139725,-0.22022884,0.70191807,5.574928
90170,16.5,Optimised,1.3593895,0.24780001,-0.22514972,0.7007018,5.485833
90170,17.0,Optimised,1.3733453,0.25408664,-0.23020275,0.7024679,5.4050274
90170,17.5,Optimised,1.3875239,0.26023445,-0.2353296,0.70694035,5.3318224
90170,18.0,Optimised,1.4020262,0.26627085,-0.24050856,0.7144204,5.2654138
90170,18.5,Optimised,1.4169605,0.27223814,-0.24573445,0.72496575,5.204857
90170,19.0,Optimised,1.4322939,0.27818736,-0.2509989,0.73829275,5.1486664
90170,19.5,Optimised,1.4479108,0.284172,-0.2562882,0.75533426,5.0951915
90170,20.0,Optimised,1.4637284,0.29022628,-0.26158893,0.778414,5.043404
90170,20.5,Optimised,1.4797252,0.29634997,-0.26688856,0.80915886,4.9931684
90170,21.0,Optimised,1.4958739,0.30252346,-0.27217132,0.84554756,4.9446545
90170,21.5,Optimised,1.5121069,0.30872837,-0.27741778,0.88124794,4.8978553
90170,22.0,Optimised,1.5283222,0.31494835,-0.28260666,0.9099187,4.852612
90170,22.5,Optimised,1.5444136,0.32117125,-0.2877185,0.9291671,4.808692
90170,23.0,Optimised,1.5602885,0.32738602,-0.29273745,0.9396445,4.7658987
90170,23.5,Optimised,1.5758595,0.3335809,-0.29764938,0.9423653,4.72407
90170,24.0,Optimised,1.5910463,0.3397422,-0.3024404,0.9368901,4.683099
90170,24.5,Optimised,1.6057645,0.3458537,-0.30709535,0.91939473,4.6429014
90170,25.0,Optimised,1.6199223,0.3518966,-0.31159776,0.8790298,4.603404
90170,25.5,Optimised,1.6334114,0.3578512,-0.3159294,0.7894226,4.564499
90170,26.0,Optimised,1.6461154,0.36369896,-0.3200714,0.6040507,4.526038
90170,26.5,Optimised,1.6579112,0.36942357,-0.3240049,0.32210416,4.4878325
90170,27.0,Optimised,1.6686721,0.3750119,-0.32771078,0.09854145,4.4496512
90170,27.5,Optimised,1.6782815,0.3804564,-0.33117253,0.017516254,4.4112325
90170,28.0,Optimised,1.6866353,0.38575318,-0.33437556,0.001967708,4.3723173
90170,28.5,Optimised,1.6936544,0.39090285,-0.33730975,0.0001405195,4.3326735
90170,29.0,Optimised,1.699289,0.39590862,-0.33996996,6.098826e-06,4.2921243
90170,29.5,Optimised,1.7035291,0.40077358,-0.34235615,1.5168352e-07,4.2506022
90170,30.0,Optimised,1.7063897,0.40550146,-0.34447342,2.022745e-09,4.2080975
92894,-30.0,Optimised,-0.898607,0.32829514,0.08247659,1.1756791e-08,-2.7371926
92894,-29.5,Optimised,-0.8875445,0.32422024,0.07895516,7.4864477e-07,-2.7374742
92894,-29.0,Optimised,-0.8757367,0.3200637,0.07529145,2.5417974e-05,-2.7361324
92894,-28.5,Optimised,-0.86323947,0.31582895,0.071498066,0.00049287674,-2.73325
92894,-28.0,Optimised,-0.85011387,0.31152007,0.06758933,0.0057915444,-2.7289217
92894,-27.5,Optimised,-0.83642095,0.3071406,0.06357987,0.042527087,-2.723251
92894,-27.0,Optimised,-0.8222216,0.30269367,0.059485156,0.18717642,-2.716349
92894,-26.5,Optimised,-0.80756974,0.29818276,0.05531984,0.46045354,-2.7083046
92894,-26.0,Optimised,-0.792514,0.29361096,0.05109886,0.702437,-2.6991978
92894,-25.5,Optimised,-0.7770954,0.2889804,0.04683587,0.8353611,-2.6890938
92894,-25.0,Optimised,-0.7613468,0.2842935,0.04254405,0.8977724,-2.678031
92894,-24.5,Optimised,-0.7452965,0.27955142,0.038236238,0.92664003,-2.6660445
92894,-24.0,Optimised,-0.7289647,0.27475518,0.033924133,0.93951803,-2.6531427
92894,-23.5,Optimised,-0.7123749,0.26990628,0.029620463,0.9436372,-2.6393418
92894,-23.0,Optimised,-0.6955487,0.2650061,0.02533782,0.94169426,-2.6246517
92894,-22.5,Optimised,-0.67850935,0.26005694,0.021089768,0.9343424,-2.6090798
92894,-22.0,Optimised,-0.66128874,0.2550625,0.016891342,0.9210829,-2.5926538
92894,-21.5,Optimised,-0.64392483,0.2500286,0.012760502,0.90110904,-2.5754046
92894,-21.0,Optimised,-0.6264671,0.24496275,0.00871852,0.8743743,-2.5573974
92894,-20.5,Optimised,-0.6089789,0.2398747,0.0047911643,0.8433304,-2.5387375
92894,-20.0,Optimised,-0.5915319,0.234776,0.0010075271,0.81375474,-2.5195584
92894,-19.5,Optimised,-0.5742011,0.22967848,-0.002603352,0.79220194,-2.5000215
92894,-19.0,Optimised,-0.55705214,0.22459418,-0.0060156286,0.7814113,-2.4802608
92894,-18.5,Optimised,-0.5401481,0.21953462,-0.009205366,0.77889186,-2.4604232
92894,-18.0,Optimised,-0.5235647,0.21451235,-0.012146669,0.7796537,-2.4407206
92894,-17.5,Optimised,-0.50740397,0.20954134,-0.014809924,0.7790526,-2.4214983
92894,-17.0,Optimised,-0.49181002,0.20463336,-0.01716367,0.7740212,-2.4033718
92894,-16.5,Optimised,-0.4769722,0.19979626,-0.019183028,0.76339394,-2.3872929
92894,-16.0,Optimised,-0.4630925,0.19503266,-0.020855164,0.7478008,-2.3744357
92894,-15.5,Optimised,-0.4503341,0.19034448,-0.022176504,0.72920704,-2.36589
92894,-15.0,Optimised,-0.4388064,0.18573326,-0.023146857,0.710895,-2.3625624
92894,-14.5,Optimised,-0.42856643,0.18120219,-0.02376777,0.6982894,-2.3651283
92894,-14.0,Optimised,-0.41963515,0.17675659,-0.02404226,0.6986251,-2.374085
92894,-13.5,Optimised,-0.41200563,0.17239836,-0.023979062,0.7161408,-2.3898466
92894,-13.0,Optimised,-0.40563592,0.1681208,-0.023594458,0.7455745,-2.4127645
92894,-12.5,Optimised,-0.40046126,0.16391015,-0.022910291,0.7738825,-2.4431756
92894,-12.0,Optimised,-0.39641297,0.15975302,-0.021949405,0.78969043,-2.4814115
92894,-11.5,Optimised,-0.39342,0.15564047,-0.020736635,0.7883421,-2.5277488
92894,-11.0,Optimised,-0.39140028,0.1515632,-0.019302886,0.7708158,-2.582423
92894,-10.5,Optimised,-0.39025795,0.14750886,-0.01768515,0.74166656,-2.6456578
92894,-10.0,Optimised,-0.38991177,0.14347532,-0.015913308,0.7083795,-2.7176225
92894,-9.5,Optimised,-0.39036804,0.13949373,-0.013990301,0.68319684,-2.7984629
92894,-9.0,Optimised,-0.3916974,0.13561991,-0.01190005,0.67875534,-2.8881998
92894,-8.5,Optimised,-0.39385885,0.13188493,-0.009656745,0.6978502,-2.9863825
92894,-8.0,Optimised,-0.39670575,0.12826492,-0.007334733,0.7359675,-3.0928624
92894,-7.5,Optimised,-0.4002248,0.12468625,-0.005046916,0.7861349,-3.2098553
92894,-7.0,Optimised,-0.40443653,0.12101855,-0.002928263,0.8363758,-3.3419383
92894,-6.5,Optimised,-0.40834755,0.117079176,-0.0012365908,0.8734554,-3.4877896
92894,-6.0,Optimised,-0.40900967,0.11270586,-0.000489074,0.89243233,-3.629001
92894,-5.5,Optimised,-0.40254256,0.107866004,-0.0012713224,0.8977635,-3.7318761
92894,-5.0,Optimised,-0.3860483,0.102557406,-0.003969857,0.8964359,-3.7642167
92894,-4.5,Optimised,-0.35947156,0.096643284,-0.008841944,0.8919189,-3.719571
92894,-4.0,Optimised,-0.32480103,0.08994281,-0.016488785,0.878231,-3.6111948
92894,-3.5,Optimised,-0.26696047,0.082846954,-0.03024062,0.8232065,-3.222333
92894,-3.0,Optimised,-0.17731237,0.075587675,-0.05047878,0.55157423,-2.3457842
92894,-2.5,Optimised,0.06277114,0.052040994,-0.11251316,0.40016282,1.2061864
92894,-2.0,Optimised,0.26610798,0.034473907,-0.15220313,0.7543739,7.719113
92894,-1.5,Optimised,0.40402716,0.031296644,-0.16865702,0.885011,12.9096
92894,-1.0,Optimised,0.51656765,0.029598568,-0.17925875,0.8632861,17.452454
92894,-0.5,Optimised,0.68812716,0.02589026,-0.19802377,0.80843747,26.578613
92894,0.0,Optimised,0.81221473,0.02289485,-0.2050077,0.81014925,35.475872
92894,0.5,Optimised,0.84714985,0.023093823,-0.19831511,0.84463143,36.68296
92894,1.0,Optimised,0.9061235,0.024121515,-0.19786179,0.9065865,37.56495
92894,1.5,Optimised,0.9747416,0.025323087,-0.19975518,0.95856583,38.49221
92894,2.0,Optimised,1.0412807,0.02679585,-0.20137033,0.98365754,38.85978
92894,2.5,Optimised,1.1022711,0.028265974,-0.20156617,0.9911102,38.996395
92894,3.0,Optimised,1.1625102,0.029448876,-0.20135999,0.9917163,39.475536
92894,3.5,Optimised,1.2224262,0.031205462,-0.20154603,0.99049115,39.17347
92894,4.0,Optimised,1.2807012,0.033694193,-0.20154767,0.9879247,38.009552
92894,4.5,Optimised,1.3337325,0.03661832,-0.20042077,0.981912,36.42255
92894,5.0,Optimised,1.3822722,0.03995827,-0.19841644,0.9719349,34.592896
92894,5.5,Optimised,1.4264752,0.043799702,-0.19577405,0.9616838,32.56815
92894,6.0,Optimised,1.4655919,0.04837424,-0.19262053,0.9519707,30.29695
92894,6.5,Optimised,1.4985093,0.05405522,-0.18902685,0.94279087,27.721823
92894,7.0,Optimised,1.5244071,0.061387777,-0.18510093,0.9287078,24.83242
92894,7.5,Optimised,1.5457742,0.07096193,-0.18126136,0.88992006,21.783148
92894,8.0,Optimised,1.5701039,0.0819246,-0.17757297,0.776155,19.16523
92894,8.5,Optimised,1.5180227,0.095107816,-0.16749647,0.5410058,15.961072
92894,9.0,Optimised,1.3164188,0.116370894,-0.15529782,0.47545806,11.312268
92894,9.5,Optimised,1.2765429,0.12891674,-0.15712884,0.65392953,9.902073
92894,10.0,Optimised,1.272159,0.14414398,-0.1648977,0.7345474,8.825613
92894,10.5,Optimised,1.2543957,0.15794234,-0.17135896,0.75056267,7.942112
92894,11.0,Optimised,1.2510461,0.1676658,-0.17653474,0.7699798,7.461546
92894,11.5,Optimised,1.2550948,0.17592993,-0.18085536,0.78664184,7.1340604
92894,12.0,Optimised,1.2615855,0.1839363,-0.18489233,0.790535,6.8588176
92894,12.5,Optimised,1.2694801,0.19186792,-0.18916781,0.7803185,6.6164274
92894,13.0,Optimised,1.2786126,0.19972043,-0.19367726,0.76360106,6.4020123
92894,13.5,Optimised,1.2883699,0.20736346,-0.19814129,0.7465996,6.2131
92894,14.0,Optimised,1.2985045,0.21466713,-0.20243359,0.730379,6.048921
92894,14.5,Optimised,1.3092014,0.22161756,-0.20664935,0.71576023,5.9074802
92894,15.0,Optimised,1.3205838,0.22831057,-0.21094021,0.70364404,5.7841554
92894,15.5,Optimised,1.3327742,0.23486301,-0.21542673,0.69463897,5.6746874
92894,16.0,Optimised,1.3458171,0.24135011,-0.2201577,0.6893759,5.5762024
92894,16.5,Optimised,1.3595511,0.24777444,-0.22510473,0.68809485,5.4870515
92894,17.0,Optimised,1.3736813,0.25407544,-0.23019123,0.6902251,5.4065886
92894,17.5,Optimised,1.3880265,0.26021907,-0.23534659,0.6951936,5.3340693
92894,18.0,Optimised,1.4026333,0.26623252,-0.24054079,0.7030975,5.268452
92894,18.5,Optimised,1.4176159,0.2721672,-0.24577124,0.7139184,5.208621
92894,19.0,Optimised,1.4329716,0.2780823,-0.25103536,0.7273041,5.1530485
92894,19.5,Optimised,1.4486,0.28403693,-0.25632277,0.7442233,5.1000414
92894,20.0,Optimised,1.4644253,0.2900691,-0.2616219,0.7672483,5.0485396
92894,20.5,Optimised,1.4804227,0.29617903,-0.2669199,0.79840493,4.998405
92894,21.0,Optimised,1.4965677,0.3023463,-0.2722014,0.8359077,4.9498467
92894,21.5,Optimised,1.512794,0.3085491,-0.27744693,0.8731823,4.902928
92894,22.0,Optimised,1.5290015,0.31476974,-0.28263578,0.9033608,4.8575234
92894,22.5,Optimised,1.5450851,0.32099503,-0.2877482,0.9236922,4.8134236
92894,23.0,Optimised,1.5609462,0.32721293,-0.2927682,0.9347321,4.7704296
92894,23.5,Optimised,1.5765048,0.3334113,-0.29768142,0.9374749,4.7284083
92894,24.0,Optimised,1.5916772,0.33957556,-0.3024736,0.9313888,4.687255
92894,24.5,Optimised,1.6063814,0.34568816,-0.3071298,0.9123331,4.6469088
92894,25.0,Optimised,1.6205246,0.35173053,-0.31163362,0.8687714,4.6072903
92894,25.5,Optimised,1.634002,0.3576819,-0.31596738,0.7734083,4.5683103
92894,26.0,Optimised,1.6466953,0.36352348,-0.32011232,0.58143264,4.529818
92894,26.5,Optimised,1.6584773,0.36923987,-0.32404894,0.30212995,4.4915986
92894,27.0,Optimised,1.6692235,0.37481856,-0.32775864,0.09066087,4.4534173
92894,27.5,Optimised,1.6788069,0.380253,-0.33122346,0.016018366,4.4149737
92894,28.0,Optimised,1.6871252,0.38554043,-0.3344286,0.0017989452,4.376001
92894,28.5,Optimised,1.694092,0.39068222,-0.3373633,0.00012857078,4.3362403
92894,29.0,Optimised,1.6996584,0.39568046,-0.34002137,5.584088e-06,4.2955327
92894,29.5,Optimised,1.7038078,0.4005389,-0.34240264,1.3894356e-07,4.253789
92894,30.0,Optimised,1.7065651,0.4052608,-0.3445127,1.853225e-09,4.2110295
95204,-30.0,Optimised,-0.89788353,0.32837975,0.08243304,1.1154399e-08,-2.7342842
95204,-29.5,Optimised,-0.8869497,0.32430527,0.07893099,7.1080296e-07,-2.7349224
95204,-29.0,Optimised,-0.87524647,0.32014865,0.07528252,2.4150953e-05,-2.7338753
95204,-28.5,Optimised,-0.8628311,0.31591412,0.07150038,0.00046865118,-2.7312205
95204,-28.0,Optimised,-0.8497662,0.31160498,0.06759961,0.0055125933,-2.7270622
95204,-27.5,Optimised,-0.8361155,0.30722487,0.06359484,0.04058227,-2.7215097
95204,-27.0,Optimised,-0.8219423,0.30277693,0.059502147,0.17998375,-2.7146795
95204,-26.5,Optimised,-0.8073051,0.29826468,0.055336785,0.4487952,-2.7066734
95204,-26.0,Optimised,-0.79225516,0.29369044,0.051113985,0.69274914,-2.6975858
95204,-25.5,Optimised,-0.77683675,0.28905717,0.046848178,0.82910734,-2.6874847
95204,-25.0,Optimised,-0.761086,0.28436673,0.042553168,0.8936998,-2.6764243
95204,-24.5,Optimised,-0.7450316,0.27961993,0.038241617,0.92370737,-2.6644437
95204,-24.0,Optimised,-0.72869784,0.27481878,0.03392605,0.9371411,-2.6515577
95204,-23.5,Optimised,-0.71210617,0.26996377,0.029618884,0.941484,-2.6377842
95204,-23.0,Optimised,-0.69527876,0.26505676,0.025332725,0.9395451,-2.6231315
95204,-22.5,Optimised,-0.67824113,0.26009992,0.021081407,0.93202263,-2.6076176
95204,-22.0,Optimised,-0.6610217,0.2550972,0.016879756,0.91842306,-2.5912542
95204,-21.5,Optimised,-0.6436604,0.25005418,0.012745798,0.897937,-2.5740838
95204,-21.0,Optimised,-0.6262042,0.24497846,0.008700674,0.87053245,-2.5561602
95204,-20.5,Optimised,-0.608716,0.23988043,0.0047703446,0.8387362,-2.537581
95204,-20.0,Optimised,-0.59126866,0.23477142,0.0009838224,0.8084804,-2.5184865
95204,-19.5,Optimised,-0.5739367,0.22966415,-0.002629572,0.7865024,-2.499026
95204,-19.0,Optimised,-0.5567877,0.22457018,-0.0060433685,0.7756378,-2.4793484
95204,-18.5,Optimised,-0.5398842,0.2195019,-0.009233457,0.7733469,-2.4595878
95204,-18.0,Optimised,-0.52330315,0.21447201,-0.012173939,0.7745232,-2.43996
95204,-17.5,Optimised,-0.50714517,0.20949417,-0.01483472,0.7743872,-2.420808
95204,-17.0,Optimised,-0.49155623,0.20458017,-0.017184407,0.7697505,-2.402756
95204,-16.5,Optimised,-0.47672236,0.199737,-0.019198388,0.7593427,-2.3867505
95204,-16.0,Optimised,-0.46284458,0.19496813,-0.020863991,0.7437377,-2.37395
95204,-15.5,Optimised,-0.45008847,0.19027506,-0.022177761,0.7248871,-2.3654623
95204,-15.0,Optimised,-0.4385638,0.18565878,-0.023140173,0.7060527,-2.3622034
95204,-14.5,Optimised,-0.42833176,0.18112268,-0.023753215,0.69264144,-2.364871
95204,-14.0,Optimised,-0.41941836,0.1766714,-0.024019778,0.6920529,-2.3740027
95204,-13.5,Optimised,-0.4118216,0.17230718,-0.023947751,0.7090178,-2.3900433
95204,-13.0,Optimised,-0.4055044,0.16802424,-0.02355274,0.7387088,-2.4133685
95204,-12.5,Optimised,-0.40040424,0.16380909,-0.022855783,0.7678694,-2.4443347
95204,-12.0,Optimised,-0.3964501,0.1596489,-0.02187931,0.78445536,-2.4832625
95204,-11.5,Optimised,-0.39357206,0.15553549,-0.020647233,0.78325284,-2.5304325
95204,-11.0,Optimised,-0.39168468,0.15146075,-0.01919042,0.7649041,-2.5860474
95204,-10.5,Optimised,-0.39068824,0.14741352,-0.01754595,0.7337867,-2.6502876
95204,-10.0,Optimised,-0.39048958,0.14339253,-0.015744984,0.69749045,-2.723221
95204,-9.5,Optimised,-0.39107805,0.13942753,-0.013792956,0.66907203,-2.8048842
95204,-9.0,Optimised,-0.3924965,0.1355701,-0.011679271,0.6627435,-2.8951554
95204,-8.5,Optimised,-0.39467815,0.1318446,-0.009425411,0.6825509,-2.9935102
95204,-8.0,Optimised,-0.39747402,0.12822366,-0.0071107717,0.72391075,-3.0998492
95204,-7.5,Optimised,-0.400918,0.124632716,-0.0048443885,0.7783892,-3.216796
95204,-7.0,Optimised,-0.4050844,0.12094347,-0.0027491034,0.8321388,-3.3493698
95204,-6.5,Optimised,-0.4089637,0.11698197,-0.0010773838,0.87112004,-3.4959552
95204,-6.0,Optimised,-0.40954086,0.11259692,-0.00035369396,0.8907793,-3.6372297
95204,-5.5,Optimised,-0.40289003,0.107755505,-0.0011713237,0.8961104,-3.7389276
95204,-5.0,Optimised,-0.38617486,0.10243637,-0.003925511,0.8943029,-3.7698998
95204,-4.5,Optimised,-0.3595468,0.09648162,-0.008888805,0.8885002,-3.7265835
95204,-4.0,Optimised,-0.32453334,0.08972533,-0.016783234,0.87215924,-3.6169646
95204,-3.5,Optimised,-0.26428863,0.08261371,-0.03111856,0.8095635,-3.1990895
95204,-3.0,Optimised,-0.17295629,0.07533391,-0.052081455,0.508308,-2.2958624
95204,-2.5,Optimised,0.089901626,0.04804362,-0.120181814,0.41595092,1.87125
95204,-2.0,Optimised,0.27770287,0.033872984,-0.154291,0.7740656,8.198359
95204,-1.5,Optimised,0.41472784,0.030727219,-0.17073707,0.88505584,13.497084
95204,-1.0,Optimised,0.53373647,0.02894354,-0.18231949,0.85701406,18.440607
95204,-0.5,Optimised,0.7096637,0.024932237,-0.20140806,0.81018376,28.4637
95204,0.0,Optimised,0.8122805,0.02250251,-0.2046046,0.8171043,36.09733
95204,0.5,Optimised,0.84886837,0.022888819,-0.1985904,0.85333973,37.086597
95204,1.0,Optimised,0.908797,0.02394569,-0.19839707,0.9127783,37.952427
95204,1.5,Optimised,0.9769623,0.025140187,-0.20023172,0.9613287,38.860584
95204,2.0,Optimised,1.0420566,0.026604773,-0.20159642,0.9842397,39.16803
95204,2.5,Optimised,1.1023521,0.02804507,-0.20165654,0.9910715,39.30645
95204,3.0,Optimised,1.1626806,0.029205725,-0.20147009,0.99151987,39.810024
95204,3.5,Optimised,1.2224699,0.030898927,-0.20162363,0.9901839,39.563507
95204,4.0,Optimised,1.2808657,0.033330392,-0.2016546,0.98766774,38.42936
95204,4.5,Optimised,1.3341353,0.036186,-0.20057559,0.98192453,36.868828
95204,5.0,Optimised,1.3829708,0.039436452,-0.19861849,0.9725227,35.068336
95204,5.5,Optimised,1.427513,0.04316492,-0.19601671,0.9630507,33.071136
95204,6.0,Optimised,1.4670341,0.047597967,-0.19289656,0.95417887,30.82136
95204,6.5,Optimised,1.50048,0.053090062,-0.18933073,0.94587237,28.262918
95204,7.0,Optimised,1.5270046,0.060132638,-0.18541111,0.93348,25.39394
95204,7.5,Optimised,1.5484107,0.0692817,-0.1814782,0.90025455,22.349491
95204,8.0,Optimised,1.5724425,0.079988554,-0.17783913,0.8039607,19.658344
95204,8.5,Optimised,1.5443237,0.0921123,-0.16915688,0.5836177,16.765661
95204,9.0,Optimised,1.3453184,0.11370853,-0.15603825,0.468082,11.831288
95204,9.5,Optimised,1.2732347,0.12764338,-0.1556016,0.62409073,9.974937
95204,10.0,Optimised,1.2711347,0.1430086,-0.16341622,0.7213008,8.888519
95204,10.5,Optimised,1.2548467,0.15738076,-0.17039223,0.73744285,7.973317
95204,11.0,Optimised,1.2512071,0.1675178,-0.17598481,0.7551181,7.4690995
95204,11.5,Optimised,1.2556558,0.1758132,-0.18057549,0.77274275,7.1419883
95204,12.0,Optimised,1.2623172,0.18377915,-0.1846821,0.77883166,6.868664
95204,12.5,Optimised,1.2700675,0.19166693,-0.18892586,0.7699344,6.6264296
95204,13.0,Optimised,1.2789333,0.19949804,-0.19343093,0.7531441,6.410756
95204,13.5,Optimised,1.2885399,0.20715724,-0.1979464,0.7363248,6.2201056
95204,14.0,Optimised,1.2985834,0.21450366,-0.20229904,0.7207203,6.0538983
95204,14.5,Optimised,1.3092144,0.22150399,-0.20655425,0.7064534,5.9105678
95204,15.0,Optimised,1.3205583,0.22824058,-0.2108647,0.6943267,5.785817
95204,15.5,Optimised,1.3327364,0.23482443,-0.21536073,0.68513054,5.675459
95204,16.0,Optimised,1.3458009,0.2413324,-0.2201016,0.6797257,5.576545
95204,16.5,Optimised,1.3596096,0.24777147,-0.22506508,0.6785485,5.4873533
95204,17.0,Optimised,1.3738732,0.25408056,-0.23017469,0.6810293,5.4072347
95204,17.5,Optimised,1.3883617,0.26021856,-0.23535192,0.68638074,5.3353677
95204,18.0,Optimised,1.4030735,0.2662108,-0.24055958,0.69453,5.270536
95204,18.5,Optimised,1.418115,0.27211568,-0.24579525,0.7054169,5.211442
95204,19.0,Optimised,1.4335005,0.27799985,-0.25106034,0.71866363,5.1564794
95204,19.5,Optimised,1.4491467,0.28392744,-0.25634718,0.73526865,5.1039333
95204,20.0,Optimised,1.4649808,0.28993994,-0.26164508,0.758006,5.0527043
95204,20.5,Optimised,1.4809786,0.2960387,-0.266942,0.78926444,5.002652
95204,21.0,Optimised,1.4971192,0.30220172,-0.27222228,0.82751733,4.954039
95204,21.5,Optimised,1.5133383,0.3084038,-0.27746725,0.86602867,4.907003
95204,22.0,Optimised,1.5295391,0.31462651,-0.28265628,0.8974696,4.861444
95204,22.5,Optimised,1.5456121,0.32085493,-0.28776962,0.91874003,4.8171678
95204,23.0,Optimised,1.5614637,0.3270763,-0.29279083,0.93027914,4.7740045
95204,23.5,Optimised,1.5770088,0.33327785,-0.29770523,0.9330496,4.731814
95204,24.0,Optimised,1.5921695,0.33944443,-0.3024987,0.9264358,4.690516
95204,24.5,Optimised,1.6068627,0.34555715,-0.30715632,0.9060302,4.6500635
95204,25.0,Optimised,1.6209973,0.3515974,-0.31166202,0.8597387,4.610379
95204,25.5,Optimised,1.6344664,0.3575443,-0.3159984,0.7596376,4.5713677
95204,26.0,Optimised,1.6471536,0.36337948,-0.32014662,0.5627358,4.5328746
95204,26.5,Optimised,1.658928,0.36908776,-0.3240873,0.28646716,4.494671
95204,27.0,Optimised,1.6696615,0.37465775,-0.327801,0.08472234,4.456498
95204,27.5,Optimised,1.6792274,0.38008368,-0.3312695,0.014906531,4.4180465
95204,28.0,Optimised,1.6875141,0.3853638,-0.33447728,0.001674157,4.3790154
95204,28.5,Optimised,1.6944389,0.39049867,-0.33741298,0.0001197362,4.339167
95204,29.0,Optimised,1.699949,0.39549202,-0.34007016,5.2033606e-06,4.2983146
95204,29.5,Optimised,1.7040278,0.40034518,-0.34244835,1.2950802e-07,4.2563963
95204,30.0,Optimised,1.7067006,0.40506142,-0.3445531,1.7274747e-09,4.2134366
97080,-30.0,Optimised,-0.8972969,0.32844412,0.08239523,1.0686585e-08,-2.7319622
97080,-29.5,Optimised,-0.88646907,0.32436976,0.078909054,6.814259e-07,-2.7328968
97080,-29.0,Optimised,-0.87485206,0.3202133,0.07527304,2.3168246e-05,-2.7320917
97080,-28.5,Optimised,-0.8625045,0.3159793,0.0715007,0.00044989513,-2.7296233
97080,-28.0,Optimised,-0.84949,0.31166992,0.06760657,0.00529679,-2.7256079
97080,-27.5,Optimised,-0.83587444,0.30728927,0.06360584,0.039075963,-2.720155
97080,-27.0,Optimised,-0.8217242,0.30284107,0.05951497,0.17436299,-2.7133842
97080,-26.5,Optimised,-0.8070994,0.29832774,0.055349898,0.43949902,-2.705412
97080,-26.0,Optimised,-0.7920549,0.29375198,0.051126003,0.6848876,-2.696339
97080,-25.5,Optimised,-0.77663636,0.28911656,0.04685831,0.82400167,-2.6862397
97080,-25.0,Optimised,-0.7608828,0.28442332,0.04256056,0.8903779,-2.6751773
97080,-24.5,Optimised,-0.7448245,0.27967334,0.038246173,0.9213254,-2.6631947
97080,-24.0,Optimised,-0.72848797,0.27486798,0.0339278,0.9352205,-2.6503196
97080,-23.5,Optimised,-0.71189404,0.27000856,0.029617816,0.9397561,-2.636561
97080,-23.0,Optimised,-0.6950662,0.26509622,0.025329059,0.93783355,-2.6219394
97080,-22.5,Optimised,-0.6780292,0.2601332,0.021075124,0.93018866,-2.6064692
97080,-22.0,Optimised,-0.6608113,0.25512397,0.016871125,0.916336,-2.5901577
97080,-21.5,Optimised,-0.64345145,0.25007367,0.012734783,0.895465,-2.5730476
97080,-21.0,Optimised,-0.62599623,0.2449905,0.00868724,0.8675572,-2.5551858
97080,-20.5,Optimised,-0.6085083,0.2398845,0.0047545433,0.83519405,-2.536672
97080,-20.0,Optimised,-0.5910616,0.2347675,0.0009657979,0.80442554,-2.5176466
97080,-19.5,Optimised,-0.5737293,0.22965237,-0.0026494383,0.78213096,-2.498251
97080,-19.0,Optimised,-0.5565796,0.22455129,-0.0060646,0.7712197,-2.47863
97080,-18.5,Optimised,-0.5396773,0.21947648,-0.009254998,0.76912016,-2.4589303
97080,-18.0,Optimised,-0.52309793,0.21444072,-0.01219486,0.7706296,-2.4393592
97080,-17.5,Optimised,-0.50694406,0.20945767,-0.014853763,0.7708702,-2.4202697
97080,-17.0,Optimised,-0.49135885,0.20453921,-0.017200505,0.76656204,-2.4022722
97080,-16.5,Optimised,-0.4765304,0.1996919,-0.019210314,0.7563506,-2.386328
97080,-16.0,Optimised,-0.46265566,0.19491881,-0.020870794,0.740761,-2.3735814
97080,-15.5,Optimised,-0.44990075,0.19022231,-0.022178655,0.7217328,-2.3651314
97080,-15.0,Optimised,-0.43837848,0.18560271,-0.023134928,0.7025115,-2.3619184
97080,-14.5,Optimised,-0.4281519,0.18106288,-0.023741644,0.6884951,-2.3646586
97080,-14.0,Optimised,-0.41925097,0.17660782,-0.024001818,0.6872128,-2.3739095
97080,-13.5,Optimised,-0.4116797,0.17223945,-0.023922777,0.70377177,-2.3901591
97080,-13.0,Optimised,-0.40540493,0.16795206,-0.023519373,0.7336729,-2.4138134
97080,-12.5,Optimised,-0.40036565,0.16373298,-0.022811914,0.7634876,-2.4452353
97080,-12.0,Optimised,-0.39649004,0.15956989,-0.021822333,0.78065586,-2.4847422
97080,-11.5,Optimised,-0.39370507,0.1554556,-0.02057454,0.77954215,-2.5325885
97080,-11.0,Optimised,-0.39192382,0.1513832,-0.019099057,0.7605321,-2.5889518
97080,-10.5,Optimised,-0.39104182,0.14734209,-0.017433167,0.72786427,-2.6539724
97080,-10.0,Optimised,-0.3909568,0.14333132,-0.015608924,0.6892122,-2.7276437
97080,-9.5,Optimised,-0.39164415,0.13937944,-0.013634056,0.65827274,-2.8099134
97080,-9.0,Optimised,-0.39312664,0.1355342,-0.011502435,0.6504951,-2.9005716
97080,-8.5,Optimised,-0.39531687,0.13181527,-0.009241501,0.6709081,-2.9990218
97080,-8.0,Optimised,-0.39806834,0.1281927,-0.0069337757,0.7148382,-3.1052341
97080,-7.5,Optimised,-0.4014563,0.124591425,-0.0046842573,0.772652,-3.2221825
97080,-7.0,Optimised,-0.405597,0.1208857,-0.002605504,0.8290465,-3.3552108
97080,-6.5,Optimised,-0.40946588,0.11690816,-0.0009462774,0.8694118,-3.5024576
97080,-6.0,Optimised,-0.40999457,0.11251604,-0.00023704767,0.8895251,-3.6438768
97080,-5.5,Optimised,-0.4032215,0.10767425,-0.0010780513,0.8947881,-3.7448275
97080,-5.0,Optimised,-0.38636357,0.10234639,-0.0038734316,0.8925303,-3.775058
97080,-4.5,Optimised,-0.3597394,0.09635668,-0.008909026,0.8855832,-3.7334142
97080,-4.0,Optimised,-0.32436922,0.08955709,-0.017021637,0.86694014,-3.6219268
97080,-3.5,Optimised,-0.26218647,0.08243473,-0.031819154,0.7974458,-3.1805341
97080,-3.0,Optimised,-0.1690084,0.07510507,-0.053586148,0.47393426,-2.2502928
97080,-2.5,Optimised,0.108465195,0.045118794,-0.12562373,0.43096027,2.4039915
97080,-2.0,Optimised,0.28763503,0.033392105,-0.15617733,0.7887949,8.613863
97080,-1.5,Optimised,0.4241218,0.030261058,-0.17252985,0.884313,14.015431
97080,-1.0,Optimised,0.54866356,0.02839093,-0.18495119,0.8524121,19.325312
97080,-0.5,Optimised,0.7245629,0.024207387,-0.20367756,0.8128752,29.931479
97080,0.0,Optimised,0.8120931,0.02221401,-0.20427433,0.82293236,36.557697
97080,0.5,Optimised,0.85032177,0.022735368,-0.19884045,0.8605125,37.400837
97080,1.0,Optimised,0.9108927,0.023806497,-0.19881913,0.91779464,38.26236
97080,1.5,Optimised,0.97861445,0.024996102,-0.200591,0.9635205,39.150684
97080,2.0,Optimised,1.0425739,0.026451971,-0.20175609,0.9846942,39.413845
97080,2.5,Optimised,1.1024008,0.02786671,-0.20172386,0.9910479,39.559776
97080,3.0,Optimised,1.1627983,0.029010616,-0.20155525,0.9913844,40.08182
97080,3.5,Optimised,1.2224754,0.030653432,-0.20167999,0.989967,39.88054
97080,4.0,Optimised,1.2809563,0.033040073,-0.20173216,0.98749536,38.76978
97080,4.5,Optimised,1.334415,0.035841636,-0.20069166,0.9819666,37.23086
97080,5.0,Optimised,1.3834922,0.039021526,-0.19877401,0.9730013,35.45459
97080,5.5,Optimised,1.4283136,0.042661272,-0.19620667,0.9640992,33.480335
97080,6.0,Optimised,1.4681714,0.046983443,-0.19311574,0.9558315,31.248697
97080,6.5,Optimised,1.5020516,0.05232876,-0.18957569,0.94814205,28.70413
97080,7.0,Optimised,1.5291035,0.059149887,-0.18566856,0.93689436,25.851334
97080,7.5,Optimised,1.5506917,0.06796573,-0.18167953,0.9073858,22.815788
97080,8.0,Optimised,1.5742527,0.07842288,-0.1780223,0.8231968,20.073895
97080,8.5,Optimised,1.5611466,0.089899585,-0.17035982,0.619119,17.365448
97080,9.0,Optimised,1.372461,0.11115814,-0.15693708,0.47012237,12.346923
97080,9.5,Optimised,1.2726479,0.12653704,-0.15455578,0.6001099,10.057512
97080,10.0,Optimised,1.2690178,0.14208582,-0.16215742,0.70980155,8.931347
97080,10.5,Optimised,1.2548374,0.15687224,-0.16954783,0.7272132,7.999104
97080,11.0,Optimised,1.2510692,0.16738242,-0.17548928,0.74299854,7.4743166
97080,11.5,Optimised,1.2559263,0.17572466,-0.18032432,0.7610556,7.147126
97080,12.0,Optimised,1.2627983,0.18366557,-0.1845146,0.7688404,6.8755307
97080,12.5,Optimised,1.2705026,0.19152386,-0.18873934,0.761236,6.6336513
97080,13.0,Optimised,1.2791702,0.19933715,-0.19323236,0.7444734,6.4171185
97080,13.5,Optimised,1.2886523,0.20700513,-0.19778341,0.7277026,6.2252192
97080,14.0,Optimised,1.2986244,0.21438223,-0.20218658,0.71266204,6.057519
97080,14.5,Optimised,1.3092014,0.22142267,-0.20647757,0.6988673,5.9126797
97080,15.0,Optimised,1.3205148,0.22819576,-0.21080653,0.6869455,5.786763
97080,15.5,Optimised,1.3326814,0.23480657,-0.21531129,0.677803,5.6756563
97080,16.0,Optimised,1.3457557,0.2413313,-0.22005859,0.67246056,5.576383
97080,16.5,Optimised,1.3596122,0.2477804,-0.22503206,0.6714805,5.4871664
97080,17.0,Optimised,1.3739711,0.2540942,-0.23015694,0.6742925,5.4073296
97080,17.5,Optimised,1.388575,0.2602259,-0.2353502,0.67995274,5.3360367
97080,18.0,Optimised,1.4033808,0.2662,-0.24056892,0.68825144,5.2719035
97080,18.5,Optimised,1.418479,0.27208,-0.2458097,0.69910014,5.213463
97080,19.0,Optimised,1.4338973,0.27793795,-0.25107637,0.7121196,5.159055
97080,19.5,Optimised,1.4495635,0.2838427,-0.2563631,0.7283368,5.106925
97080,20.0,Optimised,1.4654069,0.2898386,-0.26166043,0.7506825,5.055941
97080,20.5,Optimised,1.4814049,0.2959284,-0.26695627,0.78185266,5.0059576
97080,21.0,Optimised,1.4975411,0.3020879,-0.2722357,0.82057655,4.9573026
97080,21.5,Optimised,1.5137544,0.30829072,-0.27748066,0.86001706,4.9101524
97080,22.0,Optimised,1.5299472,0.31451553,-0.28267002,0.8924648,4.8644567
97080,22.5,Optimised,1.5460125,0.32074684,-0.28778425,0.9145068,4.8200397
97080,23.0,Optimised,1.5618541,0.3269715,-0.29280645,0.9264644,4.7767286
97080,23.5,Optimised,1.57739,0.33317536,-0.29772225,0.9292649,4.7344136
97080,24.0,Optimised,1.5925419,0.33934304,-0.30251694,0.9222174,4.6930146
97080,24.5,Optimised,1.6072267,0.3454555,-0.30717605,0.9007028,4.6524854
97080,25.0,Optimised,1.6213548,0.35149294,-0.31168374,0.8521958,4.6127663
97080,25.5,Optimised,1.634819,0.3574353,-0.31602272,0.7483589,4.573748
97080,26.0,Optimised,1.6475017,0.36326408,-0.3201743,0.5479184,4.5352726
97080,26.5,Optimised,1.6592731,0.36896485,-0.324119,0.27456957,4.4971037
97080,27.0,Optimised,1.6699986,0.37452742,-0.3278367,0.08034541,4.458949
97080,27.5,Optimised,1.6795492,0.3799465,-0.3313089,0.014095731,4.420489
97080,28.0,Optimised,1.687813,0.38522086,-0.33451924,0.0015833443,4.381417
97080,28.5,Optimised,1.6947042,0.39035112,-0.33745623,0.00011330848,4.3414865
97080,29.0,Optimised,1.7001703,0.39533967,-0.34011322,4.926139e-06,4.3005304
97080,29.5,Optimised,1.7041965,0.40018904,-0.34248963,1.2263247e-07,4.2584786
97080,30.0,Optimised,1.7068045,0.40490055,-0.34459072,1.6357086e-09,4.2153673
98503,-30.0,Optimised,-0.89685476,0.32849017,0.08236502,1.0343558e-08,-2.7302332
98503,-29.5,Optimised,-0.88610625,0.32441586,0.0788909,6.599375e-07,-2.73139
98503,-29.0,Optimised,-0.8745562,0.32026002,0.07526485,2.2449542e-05,-2.7307692
98503,-28.5,Optimised,-0.86226034,0.3160257,0.07149985,0.00043618528,-2.72845
98503,-28.0,Optimised,-0.8492851,0.31171644,0.06761089,0.005139316,-2.7245438
98503,-27.5,Optimised,-0.83569777,0.30733624,0.06361361,0.03797601,-2.7191644
98503,-27.0,Optimised,-0.8215641,0.3028872,0.059524275,0.17022398,-2.7124424
98503,-26.5,Optimised,-0.80694866,0.29837334,0.055359382,0.43254846,-2.704493
98503,-26.0,Optimised,-0.7919085,0.29379666,0.051134873,0.67892826,-2.6954305
98503,-25.5,Optimised,-0.7764901,0.2891598,0.04686574,0.8201108,-2.685332
98503,-25.0,Optimised,-0.76073384,0.28446442,0.04256629,0.8878491,-2.674267
98503,-24.5,Optimised,-0.7446736,0.27971208,0.03824968,0.91951656,-2.6622863
98503,-24.0,Optimised,-0.7283337,0.2749041,0.033929177,0.9337704,-2.64941
98503,-23.5,Optimised,-0.71173835,0.27004108,0.02961712,0.93845814,-2.6356668
98503,-23.0,Optimised,-0.6949096,0.26512477,0.025326485,0.9365559,-2.6210663
98503,-22.5,Optimised,-0.67787284,0.26015753,0.021070618,0.92882824,-2.6056244
98503,-22.0,Optimised,-0.66065586,0.25514325,0.016864926,0.9147975,-2.5893526
98503,-21.5,Optimised,-0.6432967,0.2500878,0.012726831,0.89365375,-2.5722835
98503,-21.0,Optimised,-0.62584245,0.24499908,0.0086775,0.8653873,-2.5544686
98503,-20.5,Optimised,-0.60835505,0.23988718,0.0047430396,0.83261955,-2.5360048
98503,-20.0,Optimised,-0.59090775,0.23476443,0.00095267297,0.8014861,-2.5170243
98503,-19.5,Optimised,-0.5735751,0.22964361,-0.0026639819,0.77896506,-2.497675
98503,-19.0,Optimised,-0.5564255,0.2245371,-0.0060799,0.7680252,-2.4781005
98503,-18.5,Optimised,-0.53952396,0.21945754,-0.009270763,0.7660705,-2.4584434
98503,-18.0,Optimised,-0.5229464,0.21441771,-0.01220997,0.7678294,-2.4389143
98503,-17.5,Optimised,-0.50679564,0.20943116,-0.014867502,0.76835454,-2.4198675
98503,-17.0,Optimised,-0.4912145,0.20450956,-0.017212134,0.76429707,-2.4019148
98503,-16.5,Optimised,-0.47639003,0.19965896,-0.019218992,0.75424397,-2.3860188
98503,-16.0,Optimised,-0.46251854,0.19488327,-0.020875793,0.7386787,-2.3733106
98503,-15.5,Optimised,-0.44976604,0.1901842,-0.022179436,0.7195319,-2.364897
98503,-15.0,Optimised,-0.43824553,0.18556252,-0.023131091,0.7000348,-2.3617136
98503,-14.5,Optimised,-0.42802194,0.18102057,-0.02373315,0.6855852,-2.3644934
98503,-14.0,Optimised,-0.41913003,0.1765628,-0.02398858,0.6838098,-2.3738298
98503,-13.5,Optimised,-0.41157728,0.17219141,-0.02390421,0.700087,-2.3902311
98503,-13.0,Optimised,-0.4053341,0.16790093,-0.023494339,0.7301534,-2.4141264
98503,-12.5,Optimised,-0.4003415,0.16367874,-0.02277878,0.76044744,-2.445898
98503,-12.0,Optimised,-0.3965253,0.15951315,-0.021779288,0.77803284,-2.4858472
98503,-11.5,Optimised,-0.39381194,0.15539813,-0.020519406,0.7769688,-2.5342128
98503,-11.0,Optimised,-0.39211023,0.15132742,-0.019029688,0.7574598,-2.5911381
98503,-10.5,Optimised,-0.39131185,0.14729118,-0.017347652,0.7236454,-2.6567228
98503,-10.0,Optimised,-0.39130953,0.14328809,-0.015506083,0.68325883,-2.7309284
98503,-9.5,Optimised,-0.3920683,0.139346,-0.013514429,0.65047884,-2.8136315
98503,-9.0,Optimised,-0.3935938,0.1355094,-0.011369911,0.64166695,-2.9045496
98503,-8.5,Optimised,-0.3957859,0.13179478,-0.009104246,0.66255856,-3.0030468
98503,-8.0,Optimised,-0.3985023,0.12817073,-0.0068023354,0.70839345,-3.109152
98503,-7.5,Optimised,-0.4018522,0.12456184,-0.004565075,0.7686255,-3.226126
98503,-7.0,Optimised,-0.40598008,0.12084406,-0.0024974644,0.8268975,-3.359537
98503,-6.5,Optimised,-0.40985093,0.11685569,-0.0008452207,0.868216,-3.5073254
98503,-6.0,Optimised,-0.41035566,0.112459294,-0.0001441747,0.8886134,-3.648926
98503,-5.5,Optimised,-0.40350732,0.10761781,-0.0009998977,0.8937849,-3.7494473
98503,-5.0,Optimised,-0.38656408,0.10228299,-0.0038243472,0.8911511,-3.7793581
98503,-4.5,Optimised,-0.35996512,0.09626545,-0.008914268,0.88327265,-3.7392972
98503,-4.0,Optimised,-0.32426736,0.08943449,-0.017203856,0.8627949,-3.625753
98503,-3.5,Optimised,-0.26064062,0.08230488,-0.03234239,0.7875561,-3.16677
98503,-3.0,Optimised,-0.16555318,0.07489775,-0.054900043,0.44895166,-2.2103891
98503,-2.5,Optimised,0.12039006,0.043143436,-0.12921885,0.4434878,2.7904606
98503,-2.0,Optimised,0.29544818,0.033026338,-0.15770917,0.7990977,8.945835
98503,-1.5,Optimised,0.43175185,0.02990462,-0.17396542,0.88337094,14.43763
98503,-1.0,Optimised,0.5603099,0.027962381,-0.1869868,0.8492965,20.037989
98503,-0.5,Optimised,0.7343862,0.023692481,-0.20513205,0.8155117,30.996593
98503,0.0,Optimised,0.81190675,0.022011327,-0.2040402,0.82747084,36.88586
98503,0.5,Optimised,0.8514496,0.022625608,-0.19904251,0.8659677,37.63212
98503,1.0,Optimised,0.9124357,0.02370303,-0.19913135,0.9215496,38.494476
98503,1.5,Optimised,0.97978175,0.02488941,-0.20084782,0.96512914,39.365406
98503,2.0,Optimised,1.0429119,0.026337352,-0.20186523,0.98502606,39.598206
98503,2.5,Optimised,1.1024318,0.027732197,-0.2017723,0.99103445,39.752773
98503,3.0,Optimised,1.1628784,0.028864112,-0.2016178,0.9912957,40.288036
98503,3.5,Optimised,1.2224627,0.03046948,-0.20171896,0.9898211,40.120888
98503,4.0,Optimised,1.2810001,0.032823056,-0.20178552,0.9873842,39.02745
98503,4.5,Optimised,1.3346024,0.035584614,-0.20077434,0.9820149,37.50504
98503,5.0,Optimised,1.3838618,0.03871233,-0.1988869,0.97336304,35.747314
98503,5.5,Optimised,1.4288955,0.04228667,-0.19634649,0.96485746,33.790684
98503,6.0,Optimised,1.4690121,0.046527185,-0.19327901,0.95700413,31.5732
98503,6.5,Optimised,1.5032241,0.05176499,-0.1897601,0.94973236,29.039396
98503,7.0,Optimised,1.5306827,0.05842606,-0.18586627,0.93923885,26.19863
98503,7.5,Optimised,1.552479,0.06699838,-0.18184516,0.91214967,23.17189
98503,8.0,Optimised,1.5756497,0.07724785,-0.17815232,0.83598816,20.397327
98503,8.5,Optimised,1.5715845,0.08832408,-0.17117587,0.64560956,17.793386
98503,9.0,Optimised,1.3945261,0.10902673,-0.15776008,0.4762463,12.790681
98503,9.5,Optimised,1.2739584,0.12565923,-0.15391451,0.5828069,10.138201
98503,10.0,Optimised,1.2667166,0.14137223,-0.16117445,0.70053244,8.960152
98503,10.5,Optimised,1.2545389,0.15646178,-0.16887105,0.71975833,8.018182
98503,11.0,Optimised,1.2507956,0.16726917,-0.17508253,0.73385537,7.4777412
98503,11.5,Optimised,1.2560154,0.1756583,-0.18011549,0.75200766,7.1503334
98503,12.0,Optimised,1.2630929,0.18358484,-0.18438658,0.76099163,6.880159
98503,12.5,Optimised,1.2708014,0.19142458,-0.1886032,0.75447494,6.6386533
98503,13.0,Optimised,1.279336,0.19922578,-0.19308311,0.7378207,6.4215384
98503,13.5,Optimised,1.2887224,0.20689826,-0.19765691,0.72102886,6.2287736
98503,14.0,Optimised,1.2986411,0.2142972,-0.20209882,0.70643145,6.06
98503,14.5,Optimised,1.3091784,0.22136694,-0.20641896,0.6930904,5.9140644
98503,15.0,Optimised,1.3204689,0.22816822,-0.2107639,0.6814373,5.7872605
98503,15.5,Optimised,1.3326256,0.23480041,-0.21527565,0.67244804,5.6755676
98503,16.0,Optimised,1.3457034,0.24133803,-0.22002728,0.66724914,5.57601
98503,16.5,Optimised,1.3595906,0.24779345,-0.22500698,0.6664837,5.48679
98503,17.0,Optimised,1.3740141,0.25410917,-0.23014124,0.66957915,5.4071803
98503,17.5,Optimised,1.3887028,0.2602357,-0.23534532,0.67548317,5.336327
98503,18.0,Optimised,1.4035822,0.2661959,-0.24057226,0.68387777,5.272742
98503,18.5,Optimised,1.4187285,0.27205652,-0.24581721,0.6946542,5.21483
98503,19.0,Optimised,1.4341775,0.27789402,-0.2510856,0.70744306,5.1608796
98503,19.5,Optimised,1.4498618,0.28378114,-0.25637287,0.7232934,5.109084
98503,20.0,Optimised,1.4657137,0.28976429,-0.2616698,0.7452535,5.0582967
98503,20.5,Optimised,1.4817121,0.295847,-0.26696485,0.77625656,5.008373
98503,21.0,Optimised,1.4978466,0.30200437,-0.27224407,0.81525075,4.9596853
98503,21.5,Optimised,1.5140536,0.3082076,-0.27748868,0.8553477,4.9124475
98503,22.0,Optimised,1.5302407,0.31443417,-0.28267854,0.88854223,4.8666487
98503,22.5,Optimised,1.546299,0.3206681,-0.28779358,0.91117245,4.822117
98503,23.0,Optimised,1.5621339,0.32689512,-0.29281694,0.9234552,4.778701
98503,23.5,Optimised,1.5776612,0.33310086,-0.2977335,0.92628044,4.7362866
98503,24.0,Optimised,1.5928072,0.3392691,-0.30252963,0.91890335,4.6948195
98503,24.5,Optimised,1.6074867,0.34538054,-0.30719003,0.89654124,4.654248
98503,25.0,Optimised,1.6216103,0.35141551,-0.3116996,0.84636295,4.6145096
98503,25.5,Optimised,1.6350725,0.3573532,-0.316041,0.739771,4.575508
98503,26.0,Optimised,1.6477528,0.3631766,-0.32019547,0.53692424,4.5370564
98503,26.5,Optimised,1.6595204,0.36887103,-0.32414335,0.2660164,4.4989176
98503,27.0,Optimised,1.6702414,0.37442806,-0.32786465,0.077265844,4.46078
98503,27.5,Optimised,1.6797806,0.3798419,-0.33133963,0.013529781,4.422315
98503,28.0,Optimised,1.6880277,0.38511193,-0.33455244,0.0015200655,4.3832135
98503,28.5,Optimised,1.6948955,0.3902387,-0.33749074,0.00010882798,4.3432274
98503,29.0,Optimised,1.7003281,0.39522412,-0.34014773,4.732645e-06,4.302187
98503,29.5,Optimised,1.7043175,0.40007,-0.34252325,1.17827916e-07,4.260048
98503,30.0,Optimised,1.7068801,0.40477806,-0.34462196,1.5715013e-09,4.2168293
99459,-30.0,Optimised,-0.8965577,0.3285194,0.08234413,1.0118878e-08,-2.729086
99459,-29.5,Optimised,-0.88586485,0.3244454,0.07887839,6.458309e-07,-2.7303975
99459,-29.0,Optimised,-0.87435925,0.32028958,0.07525878,2.1978753e-05,-2.7299023
99459,-28.5,Optimised,-0.8620989,0.3160556,0.07149886,0.00042720995,-2.7276812
99459,-28.0,Optimised,-0.8491491,0.31174663,0.067613386,0.005036137,-2.7238438
99459,-27.5,Optimised,-0.83558047,0.30736628,0.06361836,0.037255194,-2.718517
99459,-27.0,Optimised,-0.8214595,0.3029173,0.059530295,0.16749616,-2.7118275
99459,-26.5,Optimised,-0.806851,0.29840267,0.05536572,0.42792052,-2.7039
99459,-26.0,Optimised,-0.79181254,0.29382554,0.051140666,0.6749287,-2.694839
99459,-25.5,Optimised,-0.77639437,0.2891878,0.04687062,0.8174911,-2.6847413
99459,-25.0,Optimised,-0.7606373,0.28449136,0.042569946,0.8861462,-2.6736743
99459,-24.5,Optimised,-0.74457407,0.2797373,0.038252085,0.91830283,-2.6616905
99459,-24.0,Optimised,-0.72823286,0.27492738,0.03393019,0.93279994,-2.648819
99459,-23.5,Optimised,-0.71163607,0.27006218,0.029616881,0.9375929,-2.6350822
99459,-23.0,Optimised,-0.69480646,0.26514354,0.025324922,0.93570775,-2.6204917
99459,-22.5,Optimised,-0.6777694,0.2601732,0.021067906,0.9279291,-2.60507
99459,-22.0,Optimised,-0.66055286,0.25515568,0.016860927,0.91378605,-2.5888228
99459,-21.5,Optimised,-0.64319354,0.25009707,0.012721658,0.89246804,-2.5717757
99459,-21.0,Optimised,-0.62574065,0.24500446,0.0086712,0.8639712,-2.553997
99459,-20.5,Optimised,-0.6082537,0.23988879,0.0047356784,0.8309449,-2.5355654
99459,-20.0,Optimised,-0.5908065,0.2347624,0.00094431045,0.79957366,-2.5166147
99459,-19.5,Optimised,-0.57347333,0.22963753,-0.002673334,0.7769076,-2.497298
99459,-19.0,Optimised,-0.5563234,0.22452767,-0.006089902,0.76595116,-2.4777498
99459,-18.5,Optimised,-0.53942305,0.21944512,-0.009280962,0.7640941,-2.4581227
99459,-18.0,Optimised,-0.5228469,0.21440253,-0.01221987,0.7660187,-2.4386227
99459,-17.5,Optimised,-0.5066985,0.20941374,-0.014876634,0.7667329,-2.4196048
99459,-17.0,Optimised,-0.4911199,0.20449011,-0.01721974,0.7628449,-2.4016805
99459,-16.5,Optimised,-0.4762981,0.19963764,-0.019224614,0.7529018,-2.3858132
99459,-16.0,Optimised,-0.46242982,0.19486022,-0.020879036,0.73736113,-2.373136
99459,-15.5,Optimised,-0.4496791,0.19015954,-0.02217983,0.71813804,-2.3647463
99459,-15.0,Optimised,-0.43815967,0.18553638,-0.02312861,0.6984648,-2.3615835
99459,-14.5,Optimised,-0.4279378,0.18099317,-0.023727614,0.68373543,-2.3643866
99459,-14.0,Optimised,-0.41905147,0.17653388,-0.023979943,0.6816436,-2.3737736
99459,-13.5,Optimised,-0.41151005,0.17216077,-0.02389204,0.6977444,-2.390266
99459,-13.0,Optimised,-0.40528834,0.16786823,-0.023477752,0.72792524,-2.4143243
99459,-12.5,Optimised,-0.40032706,0.16364385,-0.022756707,0.7585352,-2.4463313
99459,-12.0,Optimised,-0.396552,0.15947671,-0.02175042,0.7763902,-2.4865825
99459,-11.5,Optimised,-0.39388618,0.15536094,-0.020482386,0.775352,-2.5352974
99459,-11.0,Optimised,-0.39223766,0.15129134,-0.018983077,0.75551015,-2.5925982
99459,-10.5,Optimised,-0.39149472,0.14725825,-0.017290425,0.7209385,-2.6585588
99459,-10.0,Optimised,-0.3915459,0.14326057,-0.015437389,0.679412,-2.733103
99459,-9.5,Optimised,-0.3923498,0.13932481,-0.013434529,0.6454331,-2.8160799
99459,-9.0,Optimised,-0.39390233,0.13549393,-0.01128169,0.6359602,-2.9071584
99459,-8.5,Optimised,-0.39609393,0.13178189,-0.009013209,0.65718544,-3.005678
99459,-8.0,Optimised,-0.3987868,0.12815665,-0.0067152977,0.70427346,-3.111714
99459,-7.5,Optimised,-0.40211302,0.12454271,-0.004485935,0.76607335,-3.2287157
99459,-7.0,Optimised,-0.40623653,0.120817244,-0.002424994,0.82554376,-3.3624053
99459,-6.5,Optimised,-0.41011307,0.116822176,-0.00077657995,0.86745596,-3.5105755
99459,-6.0,Optimised,-0.41060892,0.11242348,-7.944703e-05,0.88801557,-3.6523414
99459,-5.5,Optimised,-0.40371773,0.10758238,-0.00094367267,0.8931074,-3.7526379
99459,-5.0,Optimised,-0.38672745,0.10224278,-0.0037868142,0.8902029,-3.7824426
99459,-4.5,Optimised,-0.3601539,0.09620579,-0.008913428,0.8816681,-3.7435782
99459,-4.0,Optimised,-0.32420626,0.08935456,-0.017327642,0.8599137,-3.6283123
99459,-3.5,Optimised,-0.25962895,0.082220465,-0.03268973,0.78054446,-3.157717
99459,-3.0,Optimised,-0.16291013,0.07473162,-0.055887688,0.43292126,-2.179936
99459,-2.5,Optimised,0.12742358,0.041940212,-0.13137297,0.45242786,3.03822
99459,-2.0,Optimised,0.30081773,0.03277872,-0.1587801,0.80555665,9.177226
99459,-1.5,Optimised,0.4371412,0.02966369,-0.17496967,0.88259035,14.736576
99459,-1.0,Optimised,0.5681845,0.027671045,-0.18835409,0.8474051,20.533539
99459,-0.5,Optimised,0.7403231,0.023363933,-0.20599115,0.8175144,31.68658
99459,0.0,Optimised,0.81178296,0.021882445,-0.20389485,0.8305768,37.097454
99459,0.5,Optimised,0.8522177,0.022554707,-0.19918326,0.86962247,37.78447
99459,1.0,Optimised,0.9134499,0.023634527,-0.19933732,0.9240336,38.64896
99459,1.5,Optimised,0.9805255,0.024818959,-0.20101312,0.9661776,39.50712
99459,2.0,Optimised,1.0431163,0.026260937,-0.2019335,0.98524255,39.721214
99459,2.5,Optimised,1.1024498,0.027642269,-0.20180383,0.99102765,39.88275
99459,3.0,Optimised,1.1629258,0.028766412,-0.20165856,0.991243,40.426517
99459,3.5,Optimised,1.222447,0.030347059,-0.20174353,0.9897316,40.282227
99459,4.0,Optimised,1.281019,0.032678857,-0.2018187,0.9873186,39.200237
99459,4.5,Optimised,1.3347157,0.035414014,-0.2008272,0.98205423,37.688915
99459,5.0,Optimised,1.3840967,0.038507316,-0.19896027,0.97360456,35.943733
99459,5.5,Optimised,1.4292742,0.04203868,-0.19643831,0.96534926,33.999027
99459,6.0,Optimised,1.4695659,0.046225518,-0.19338715,0.9577539,31.791225
99459,6.5,Optimised,1.5040017,0.05139292,-0.18988332,0.9507404,29.264765
99459,7.0,Optimised,1.5317354,0.057950117,-0.18599994,0.94070554,26.431965
99459,7.5,Optimised,1.5537001,0.06636372,-0.181962,0.9150728,23.411888
99459,8.0,Optimised,1.5766152,0.07646726,-0.17823842,0.84378725,20.618174
99459,8.5,Optimised,1.5776219,0.08730716,-0.17167675,0.66290534,18.069788
99459,9.0,Optimised,1.409782,0.10752022,-0.15836748,0.482432,13.111785
99459,9.5,Optimised,1.2758266,0.125051,-0.15356806,0.57189685,10.20245
99459,10.0,Optimised,1.2649004,0.14087813,-0.1605036,0.6940164,8.978686
99459,10.5,Optimised,1.2541685,0.15617663,-0.16839883,0.7149069,8.03045
99459,11.0,Optimised,1.2505242,0.16718778,-0.17479353,0.72776604,7.4797583
99459,11.5,Optimised,1.2560164,0.17561387,-0.17996505,0.7458613,7.1521482
99459,12.0,Optimised,1.2632561,0.18353197,-0.18429878,0.75559825,6.88303
99459,12.5,Optimised,1.2709873,0.19136119,-0.18851396,0.74985284,6.641824
99459,13.0,Optimised,1.279441,0.19915573,-0.19298375,0.7333234,6.424324
99459,13.5,Optimised,1.2887622,0.20683083,-0.19757064,0.7164947,6.2309966
99459,14.0,Optimised,1.2986465,0.214243,-0.20203832,0.70219445,6.0615587
99459,14.5,Optimised,1.3091568,0.2213322,-0.20637918,0.6891991,5.914895
99459,15.0,Optimised,1.3204303,0.22815266,-0.21073541,0.6777747,5.7874856
99459,15.5,Optimised,1.3325793,0.2347994,-0.21525231,0.668938,5.6753945
99459,16.0,Optimised,1.3456593,0.2413458,-0.22000666,0.6638776,5.5756483
99459,16.5,Optimised,1.3595648,0.24780491,-0.22498977,0.6632861,5.486432
99459,17.0,Optimised,1.374029,0.25412133,-0.23012963,0.6665877,5.4069805
99459,17.5,Optimised,1.3887725,0.26024425,-0.23534031,0.67266303,5.3364196
99459,18.0,Optimised,1.4037018,0.26619482,-0.2405726,0.68111974,5.2732124
99459,18.5,Optimised,1.4188844,0.27204213,-0.24582072,0.6918331,5.215679
99459,19.0,Optimised,1.4343555,0.277866,-0.2510905,0.7044409,5.16204
99459,19.5,Optimised,1.4500521,0.28374094,-0.25637817,0.72001237,5.1104794
99459,20.0,Optimised,1.4659109,0.2897155,-0.26167494,0.74167114,5.059829
99459,20.5,Optimised,1.4819112,0.29579395,-0.26696947,0.77251923,5.009944
99459,21.0,Optimised,1.4980421,0.30194938,-0.27224827,0.8116522,4.961236
99459,21.5,Optimised,1.5142472,0.3081531,-0.27749315,0.852162,4.9139442
99459,22.0,Optimised,1.5304307,0.31438094,-0.2826834,0.88584936,4.8680773
99459,22.5,Optimised,1.5464835,0.32061657,-0.28779906,0.9088748,4.8234673
99459,23.0,Optimised,1.5623144,0.32684523,-0.29282326,0.92137873,4.779982
99459,23.5,Optimised,1.577837,0.33305195,-0.29774067,0.9242225,4.73751
99459,24.0,Optimised,1.5929776,0.33922023,-0.30253738,0.9166233,4.695998
99459,24.5,Optimised,1.6076534,0.3453308,-0.3071989,0.89369184,4.655401
99459,25.0,Optimised,1.6217762,0.3513635,-0.31170982,0.8423969,4.615665
99459,25.5,Optimised,1.6352351,0.35729793,-0.31605285,0.73399967,4.576671
99459,26.0,Optimised,1.6479149,0.3631173,-0.32020962,0.5296616,4.538244
99459,26.5,Optimised,1.6596822,0.3688077,-0.32415992,0.26048756,4.5001287
99459,27.0,Optimised,1.6703975,0.3743602,-0.32788348,0.07530339,4.462006
99459,27.5,Optimised,1.6799304,0.37977117,-0.33136088,0.013170828,4.4235334
99459,28.0,Optimised,1.6881669,0.3850384,-0.33457533,0.0014799413,4.384412
99459,28.5,Optimised,1.6950172,0.3901627,-0.3375147,0.000105986386,4.3443856
99459,29.0,Optimised,1.7004324,0.39514583,-0.340172,4.609956e-06,4.3033032
99459,29.5,Optimised,1.7043954,0.39998913,-0.34254688,1.1477901e-07,4.2611046
99459,30.0,Optimised,1.7069302,0.40469489,-0.3446444,1.5307468e-09,4.21782
99940,-30.0,Optimised,-0.8964094,0.32853395,0.082333505,1.0007477e-08,-2.7285137
99940,-29.5,Optimised,-0.885743,0.3244598,0.07887169,6.3884505e-07,-2.7299008
99940,-29.0,Optimised,-0.87425995,0.32030416,0.075255476,2.1745498e-05,-2.729468
99940,-28.5,Optimised,-0.8620175,0.31607014,0.07149817,0.0004227641,-2.7272983
99940,-28.0,Optimised,-0.84908175,0.3117615,0.06761451,0.0049850577,-2.7234979
99940,-27.5,Optimised,-0.8355228,0.3073807,0.063620724,0.036897473,-2.7182016
99940,-27.0,Optimised,-0.8214072,0.30293196,0.059533037,0.1661424,-2.7115238
99940,-26.5,Optimised,-0.8068025,0.2984174,0.055368733,0.42560405,-2.7036042
99940,-26.0,Optimised,-0.79176545,0.2938398,0.05114358,0.6729153,-2.694548
99940,-25.5,Optimised,-0.7763466,0.28920138,0.046873044,0.81617063,-2.68445
99940,-25.0,Optimised,-0.76058894,0.28450438,0.042571742,0.88528836,-2.673382
99940,-24.5,Optimised,-0.7445252,0.2797497,0.038253285,0.9176918,-2.6613977
99940,-24.0,Optimised,-0.7281822,0.27493876,0.03393067,0.93231225,-2.648525
99940,-23.5,Optimised,-0.71158504,0.27007255,0.029616619,0.9371595,-2.634792
99940,-23.0,Optimised,-0.6947551,0.2651525,0.025324035,0.935284,-2.6202092
99940,-22.5,Optimised,-0.67771816,0.2601811,0.0210666,0.9274815,-2.604794
99940,-22.0,Optimised,-0.6605019,0.25516212,0.016859006,0.91328335,-2.5885577
99940,-21.5,Optimised,-0.64314306,0.25010142,0.012719107,0.89188033,-2.5715292
99940,-21.0,Optimised,-0.6256894,0.24500702,0.008668071,0.8632717,-2.553761
99940,-20.5,Optimised,-0.6082032,0.23988964,0.004732138,0.83011806,-2.5353458
99940,-20.0,Optimised,-0.59075546,0.23476118,0.0009400427,0.7986321,-2.5164104
99940,-19.5,Optimised,-0.5734227,0.22963473,-0.0026780306,0.7758938,-2.4971077
99940,-19.0,Optimised,-0.5562733,0.22452307,-0.0060947835,0.7649299,-2.4775774
99940,-18.5,Optimised,-0.5393732,0.21943885,-0.009285981,0.7631221,-2.4579659
99940,-18.0,Optimised,-0.5227968,0.21439506,-0.012224829,0.76512885,-2.4384742
99940,-17.5,Optimised,-0.5066495,0.20940514,-0.014881169,0.76593715,-2.4194703
99940,-17.0,Optimised,-0.4910729,0.20448041,-0.017223561,0.76213443,-2.4015646
99940,-16.5,Optimised,-0.47625315,0.19962707,-0.01922747,0.7522479,-2.3857143
99940,-16.0,Optimised,-0.46238595,0.19484875,-0.02088061,0.73671925,-2.3730507
99940,-15.5,Optimised,-0.44963613,0.19014727,-0.022180086,0.71746206,-2.3646731
99940,-15.0,Optimised,-0.4381172,0.18552369,-0.023127336,0.6977021,-2.3615162
99940,-14.5,Optimised,-0.42789719,0.18097983,-0.023724806,0.6828354,-2.3643363
99940,-14.0,Optimised,-0.41901356,0.17651978,-0.023975562,0.68058854,-2.3737485
99940,-13.5,Optimised,-0.4114777,0.17214568,-0.023885887,0.6966043,-2.3902879
99940,-13.0,Optimised,-0.40526584,0.16785227,-0.023469472,0.7268438,-2.41442
99940,-12.5,Optimised,-0.40031996,0.16362691,-0.022745674,0.7576115,-2.446541
99940,-12.0,Optimised,-0.39656603,0.15945876,-0.021735972,0.77559936,-2.4869504
99940,-11.5,Optimised,-0.3939245,0.15534267,-0.02046376,0.7745719,-2.5358422
99940,-11.0,Optimised,-0.39230263,0.15127377,-0.018959677,0.7545626,-2.5933287
99940,-10.5,Optimised,-0.3915871,0.14724235,-0.017261613,0.7196134,-2.6594734
99940,-10.0,Optimised,-0.39166486,0.14324714,-0.015402919,0.6775218,-2.7341897
99940,-9.5,Optimised,-0.39249074,0.13931455,-0.013394648,0.6429499,-2.8172991
99940,-9.0,Optimised,-0.3940558,0.13548641,-0.011237612,0.6331569,-2.9084527
99940,-8.5,Optimised,-0.39624608,0.13177562,-0.00896782,0.65455383,-3.0069757
99940,-8.0,Optimised,-0.3989281,0.1281498,-0.0066719353,0.70226425,-3.1129827
99940,-7.5,Optimised,-0.40224314,0.12453333,-0.0044463812,0.76483625,-3.2300038
99940,-7.0,Optimised,-0.4063648,0.12080419,-0.002388543,0.8248884,-3.3638303
99940,-6.5,Optimised,-0.4102467,0.11680594,-0.0007416457,0.8670854,-3.5122075
99940,-6.0,Optimised,-0.41073868,0.11240622,-4.621446e-05,0.88771766,-3.6540565
99940,-5.5,Optimised,-0.4038289,0.1075653,-0.0009142965,0.89276475,-3.7542675
99940,-5.0,Optimised,-0.38681853,0.10222326,-0.00376662,0.8897193,-3.7840557
99940,-4.5,Optimised,-0.36026034,0.096176304,-0.008911553,0.8808441,-3.7458327
99940,-4.0,Optimised,-0.3241777,0.08931501,-0.017390424,0.85843474,-3.6295993
99940,-3.5,Optimised,-0.25912827,0.08217883,-0.03286317,0.7768983,-3.1532242
99940,-3.0,Optimised,-0.1614599,0.07463715,-0.056421053,0.42512813,-2.1632643
99940,-2.5,Optimised,0.13069236,0.041372083,-0.13238005,0.45708388,3.1589506
99940,-2.0,Optimised,0.30355293,0.032653406,-0.15932992,0.80865824,9.29621
99940,-1.5,Optimised,0.43993407,0.029542048,-0.17548731,0.8821601,14.891793
99940,-1.0,Optimised,0.57214105,0.027523693,-0.18903832,0.84651667,20.78722
99940,-0.5,Optimised,0.7431201,0.02320399,-0.20638986,0.8185814,32.02553
99940,0.0,Optimised,0.81172395,0.021819714,-0.20382574,0.8321567,37.2014
99940,0.5,Optimised,0.85260725,0.022519823,-0.19925547,0.8714546,37.8603
99940,1.0,Optimised,0.9139525,0.023600377,-0.19943982,0.92526907,38.726185
99940,1.5,Optimised,0.98088807,0.024783906,-0.20109415,0.96669424,39.57762
99940,2.0,Optimised,1.0432127,0.026222639,-0.20196643,0.9853495,39.7829
99940,2.5,Optimised,1.1024585,0.027597168,-0.20181945,0.991025,39.948246
99940,3.0,Optimised,1.1629492,0.028717471,-0.20167899,0.99121827,40.496227
99940,3.5,Optimised,1.2224367,0.030285837,-0.20175521,0.98968923,40.36331
99940,4.0,Optimised,1.2810245,0.0326068,-0.20183472,0.9872881,39.287033
99940,4.5,Optimised,1.334769,0.03532882,-0.20085318,0.9820759,37.781307
99940,5.0,Optimised,1.3842113,0.038405005,-0.19899651,0.9737256,36.042473
99940,5.5,Optimised,1.4294612,0.04191502,-0.19648391,0.96559125,34.103794
99940,6.0,Optimised,1.4698414,0.046075247,-0.19344111,0.9581199,31.900888
99940,6.5,Optimised,1.50439,0.051207732,-0.18994507,0.95123,29.37818
99940,7.0,Optimised,1.5322632,0.057713732,-0.18606754,0.94141287,26.549368
99940,7.5,Optimised,1.5543196,0.0660491,-0.18202242,0.91646546,23.532791
99940,8.0,Optimised,1.5771116,0.07607762,-0.17828198,0.8474862,20.730297
99940,8.5,Optimised,1.5803938,0.0868069,-0.17191467,0.6714066,18.205854
99940,9.0,Optimised,1.4175304,0.10674459,-0.15868679,0.48613796,13.279647
99940,9.5,Optimised,1.277088,0.12473861,-0.15342107,0.56668335,10.238113
99940,10.0,Optimised,1.2639259,0.14062336,-0.16016409,0.6906485,8.988023
99940,10.5,Optimised,1.2539234,0.15603097,-0.16815569,0.7125155,8.036375
99940,11.0,Optimised,1.2503592,0.16714518,-0.17464328,0.72472584,7.4806776
99940,11.5,Optimised,1.2559988,0.17559122,-0.17988615,0.742754,7.152971
99940,12.0,Optimised,1.263328,0.18350562,-0.1842539,0.7528517,6.88441
99940,12.5,Optimised,1.2710745,0.1913304,-0.18846965,0.74750215,6.643348
99940,13.0,Optimised,1.2794919,0.19912155,-0.19293402,0.731054,6.4256825
99940,13.5,Optimised,1.2887799,0.20679799,-0.19752677,0.714201,6.2320714
99940,14.0,Optimised,1.2986473,0.2142167,-0.20200746,0.7000484,6.0623064
99940,14.5,Optimised,1.3091439,0.22131574,-0.20635895,0.68723786,5.915277
99940,15.0,Optimised,1.3204097,0.22814581,-0.21072128,0.67594457,5.787569
99940,15.5,Optimised,1.3325552,0.23479997,-0.21524091,0.66719747,5.675278
99940,16.0,Optimised,1.3456354,0.24135064,-0.21999653,0.6622185,5.5754375
99940,16.5,Optimised,1.3595486,0.24781136,-0.224981,0.6617231,5.4862237
99940,17.0,Optimised,1.3740323,0.2541283,-0.2301234,0.66513324,5.4068446
99940,17.5,Optimised,1.3888035,0.26024896,-0.2353374,0.6712962,5.336442
99940,18.0,Optimised,1.4037579,0.26619482,-0.24057226,0.6797839,5.273423
99940,18.5,Optimised,1.4189591,0.27203578,-0.245822,0.69046235,5.2160754
99940,19.0,Optimised,1.4344413,0.27785268,-0.2510925,0.7029735,5.1625967
99940,19.5,Optimised,1.4501455,0.2837209,-0.25638038,0.71839535,5.111169
99940,20.0,Optimised,1.4660076,0.2896914,-0.26167718,0.73989177,5.060584
99940,20.5,Optimised,1.4820089,0.29576722,-0.26697165,0.7706463,5.0107274
99940,21.0,Optimised,1.4981391,0.3019223,-0.27225024,0.8098376,4.9620023
99940,21.5,Optimised,1.5143425,0.30812582,-0.2774951,0.8505465,4.914689
99940,22.0,Optimised,1.5305223,0.31435442,-0.28268555,0.8844772,4.8687797
99940,22.5,Optimised,1.5465745,0.32059088,-0.28780156,0.90770143,4.824137
99940,23.0,Optimised,1.5624015,0.32682046,-0.29282594,0.92031723,4.780611
99940,23.5,Optimised,1.5779223,0.3330278,-0.2977439,0.923172,4.73811
99940,24.0,Optimised,1.5930603,0.33919615,-0.30254108,0.91546106,4.696575
99940,24.5,Optimised,1.6077356,0.34530586,-0.30720326,0.8922441,4.6559753
99940,25.0,Optimised,1.6218553,0.35133746,-0.3117147,0.84038806,4.616232
99940,25.5,Optimised,1.635316,0.35727006,-0.31605896,0.7310981,4.577255
99940,26.0,Optimised,1.647994,0.36308727,-0.32021675,0.5260471,4.5388374
99940,26.5,Optimised,1.6597605,0.36877578,-0.32416835,0.25777185,4.5007305
99940,27.0,Optimised,1.6704752,0.3743263,-0.3278933,0.0743469,4.462618
99940,27.5,Optimised,1.6800044,0.37973514,-0.33137178,0.012996332,4.4241476
99940,28.0,Optimised,1.688235,0.38500085,-0.3345872,0.0014604485,4.3850164
99940,28.5,Optimised,1.6950785,0.3901241,-0.3375271,0.000104605206,4.3449726
99940,29.0,Optimised,1.7004819,0.39510617,-0.34018454,4.5503166e-06,4.3038607
99940,29.5,Optimised,1.7044339,0.3999487,-0.3425591,1.1329768e-07,4.2616315
99940,30.0,Optimised,1.7069547,0.40465292,-0.34465617,1.5109145e-09,4.218318
