Re,alpha,baseline_CL,baseline_CD,baseline_CDp,baseline_Cm,baseline_Top Xtr,baseline_Bot Xtr,baseline_Cpmin,baseline_Chinge,baseline_XCp,baseline_has_data,optimised_CL,optimised_CD,optimised_CDp,optimised_Cm,optimised_Top Xtr,optimised_Bot Xtr,optimised_Cpmin,optimised_Chinge,optimised_XCp,optimised_has_data,status
160,-30.0,,,,,,,,,,False,,,,,,,,,,False,none_converged
160,-29.5,-0.5793,0.51035,0.38615,0.0357,1.0,1.0,-1.3668,0.0,0.0,True,-1.0227,0.52462,0.37426,0.1033,1.0,1.0,-2.3242,0.0,0.0,True,both_converged
160,-29.0,-0.5746,0.5056,0.38021,0.033,1.0,1.0,-1.3752,0.0,0.0,True,-1.011,0.51944,0.36826,0.0986,1.0,1.0,-2.3226,0.0,0.0,True,both_converged
160,-28.5,-0.5697,0.50088,0.37431,0.0303,1.0,1.0,-1.3862,0.0,0.0,True,-0.9991,0.51428,0.36232,0.0939,1.0,1.0,-2.3201,0.0,0.0,True,both_converged
160,-28.0,-0.5648,0.4962,0.36845,0.0277,1.0,1.0,-1.3962,0.0,0.0,True,-0.987,0.50916,0.35644,0.0893,1.0,1.0,-2.3204,0.0,0.0,True,both_converged
160,-27.5,-0.5596,0.49141,0.36233,0.0251,1.0,1.0,-1.4047,0.0,0.0,True,-0.9744,0.50397,0.35031,0.0849,1.0,1.0,-2.3219,0.0,0.0,True,both_converged
160,-27.0,-0.5543,0.48668,0.35642,0.0225,1.0,1.0,-1.4137,0.0,0.0,True,-0.9618,0.49883,0.34445,0.0805,1.0,1.0,-2.3246,0.0,0.0,True,both_converged
160,-26.5,-0.549,0.482,0.35057,0.02,1.0,1.0,-1.4216,0.0,0.0,True,-0.9492,0.49371,0.33864,0.0761,1.0,1.0,-2.3266,0.0,0.0,True,both_converged
160,-26.0,-0.5436,0.47736,0.34478,0.0174,1.0,1.0,-1.4283,0.0,0.0,True,-0.9363,0.48863,0.3329,0.0718,1.0,1.0,-2.3277,0.0,0.0,True,both_converged
160,-25.5,-0.5381,0.47278,0.33907,0.0149,1.0,1.0,-1.4351,0.0,0.0,True,-0.9234,0.48359,0.32723,0.0675,1.0,1.0,-2.3278,0.0,0.0,True,both_converged
160,-25.0,-0.5324,0.46807,0.33306,0.0126,1.0,1.0,-1.4431,0.0,0.0,True,-0.91,0.47845,0.32127,0.0634,1.0,1.0,-2.3267,0.0,0.0,True,both_converged
160,-24.5,-0.5268,0.46347,0.32731,0.0101,1.0,1.0,-1.4513,0.0,0.0,True,-0.8967,0.47339,0.31563,0.0593,1.0,1.0,-2.3265,0.0,0.0,True,both_converged
160,-24.0,-0.5211,0.45893,0.32164,0.0077,1.0,1.0,-1.4584,0.0,0.0,True,-0.8834,0.46838,0.31005,0.0553,1.0,1.0,-2.3253,0.0,0.0,True,both_converged
160,-23.5,-0.5153,0.45445,0.31604,0.0054,1.0,1.0,-1.4643,0.0,0.0,True,-0.87,0.46341,0.30454,0.0514,1.0,1.0,-2.3229,0.0,0.0,True,both_converged
160,-23.0,-0.5094,0.44994,0.31033,0.0032,1.0,1.0,-1.4673,0.0,0.0,True,-0.8562,0.45841,0.29886,0.0476,1.0,1.0,-2.3169,0.0,0.0,True,both_converged
160,-22.5,-0.5036,0.44546,0.30471,0.0009,1.0,1.0,-1.4714,0.0,0.0,True,-0.8425,0.45343,0.29339,0.0438,1.0,1.0,-2.3136,0.0,0.0,True,both_converged
160,-22.0,-0.4978,0.44105,0.29918,-0.0013,1.0,1.0,-1.4781,0.0,0.0,True,-0.8288,0.4485,0.28801,0.0401,1.0,1.0,-2.309,0.0,0.0,True,both_converged
160,-21.5,-0.4919,0.43672,0.29374,-0.0035,1.0,1.0,-1.4838,0.0,0.0,True,-0.8151,0.44363,0.2827,0.0365,1.0,1.0,-2.3094,0.0,0.0,True,both_converged
160,-21.0,-0.4861,0.43247,0.28842,-0.0056,1.0,1.0,-1.4881,0.0,0.0,True,-0.8013,0.43881,0.27748,0.033,1.0,1.0,-2.3086,0.0,0.0,True,both_converged
160,-20.5,-0.4801,0.42812,0.2829,-0.0076,1.0,1.0,-1.4899,0.0,0.0,True,-0.7872,0.43391,0.27203,0.0297,1.0,1.0,-2.3052,0.0,0.0,True,both_converged
160,-20.0,-0.4743,0.42389,0.27756,-0.0096,1.0,1.0,-1.4923,0.0,0.0,True,-0.7734,0.42906,0.26682,0.0263,1.0,1.0,-2.3038,0.0,0.0,True,both_converged
160,-19.5,-0.4685,0.41973,0.27231,-0.0116,1.0,1.0,-1.4934,0.0,0.0,True,-0.7597,0.42427,0.2617,0.023,1.0,1.0,-2.301,0.0,0.0,True,both_converged
160,-19.0,-0.4628,0.41567,0.26716,-0.0135,1.0,1.0,-1.4966,0.0,0.0,True,-0.7459,0.41955,0.25667,0.0199,1.0,1.0,-2.2967,0.0,0.0,True,both_converged
160,-18.5,-0.457,0.41161,0.262,-0.0152,1.0,1.0,-1.4973,0.0,0.0,True,-0.732,0.41484,0.25156,0.0169,1.0,1.0,-2.2873,0.0,0.0,True,both_converged
160,-18.0,-0.4515,0.40759,0.25686,-0.017,1.0,1.0,-1.4989,0.0,0.0,True,-0.7182,0.41014,0.24659,0.0139,1.0,1.0,-2.2815,0.0,0.0,True,both_converged
160,-17.5,-0.4461,0.40367,0.25181,-0.0187,1.0,1.0,-1.4993,0.0,0.0,True,-0.7045,0.4055,0.24172,0.011,1.0,1.0,-2.2739,0.0,0.0,True,both_converged
160,-17.0,-0.4408,0.39984,0.24686,-0.0203,1.0,1.0,-1.4985,0.0,0.0,True,-0.6909,0.40093,0.23694,0.0082,1.0,1.0,-2.2646,0.0,0.0,True,both_converged
160,-16.5,-0.4354,0.39608,0.24203,-0.0217,1.0,1.0,-1.4952,0.0,0.0,True,-0.6774,0.39644,0.23226,0.0055,1.0,1.0,-2.2536,0.0,0.0,True,both_converged
160,-16.0,-0.4304,0.39225,0.23702,-0.0232,1.0,1.0,-1.4954,0.0,0.0,True,-0.6636,0.39193,0.22749,0.0031,1.0,1.0,-2.237,0.0,0.0,True,both_converged
160,-15.5,-0.4253,0.38847,0.23206,-0.0246,1.0,1.0,-1.4938,0.0,0.0,True,-0.6502,0.38754,0.22295,0.0006,1.0,1.0,-2.2272,0.0,0.0,True,both_converged
160,-15.0,-0.4203,0.38474,0.22717,-0.0259,1.0,1.0,-1.4905,0.0,0.0,True,-0.637,0.38322,0.2185,-0.0018,1.0,1.0,-2.2181,0.0,0.0,True,both_converged
160,-14.5,-0.4141,0.38323,0.22468,-0.0277,1.0,1.0,-1.4954,0.0,0.0,True,-0.6238,0.37912,0.21431,-0.0041,1.0,1.0,-2.2071,0.0,0.0,True,both_converged
160,-14.0,-0.409,0.37943,0.21979,-0.0288,1.0,1.0,-1.4891,0.0,0.0,True,-0.6105,0.37519,0.21024,-0.0062,1.0,1.0,-2.1902,0.0,0.0,True,both_converged
160,-13.5,-0.404,0.37566,0.2149,-0.0297,1.0,1.0,-1.4805,0.0,0.0,True,-0.5975,0.37138,0.20635,-0.0082,1.0,1.0,-2.1761,0.0,0.0,True,both_converged
160,-13.0,-0.3989,0.37195,0.20998,-0.0306,1.0,1.0,-1.4705,0.0,0.0,True,-0.5846,0.36784,0.20273,-0.0102,1.0,1.0,-2.16,0.0,0.0,True,both_converged
160,-12.5,-0.3936,0.36828,0.20504,-0.0314,1.0,1.0,-1.461,0.0,0.0,True,-0.572,0.36464,0.19945,-0.0121,1.0,1.0,-2.1421,0.0,0.0,True,both_converged
160,-12.0,-0.3881,0.36469,0.20007,-0.0321,1.0,1.0,-1.4488,0.0,0.0,True,-0.5597,0.36172,0.19642,-0.0138,1.0,1.0,-2.1224,0.0,0.0,True,both_converged
160,-11.5,-0.3824,0.3612,0.19508,-0.0327,1.0,1.0,-1.4336,0.0,0.0,True,-0.5471,0.359,0.1935,-0.0153,1.0,1.0,-2.0966,0.0,0.0,True,both_converged
160,-11.0,-0.3763,0.35785,0.19007,-0.0332,1.0,1.0,-1.4162,0.0,0.0,True,-0.5348,0.35631,0.19055,-0.0168,1.0,1.0,-2.0726,0.0,0.0,True,both_converged
160,-10.5,-0.3696,0.35471,0.18511,-0.0336,1.0,1.0,-1.3981,0.0,0.0,True,-0.5225,0.3536,0.18747,-0.0183,1.0,1.0,-2.0461,0.0,0.0,True,both_converged
160,-10.0,-0.3625,0.35205,0.18041,-0.0339,1.0,1.0,-1.3768,0.0,0.0,True,-0.5099,0.35086,0.18423,-0.0197,1.0,1.0,-2.0223,0.0,0.0,True,both_converged
160,-9.5,-0.3548,0.34965,0.17573,-0.0341,1.0,1.0,-1.3521,0.0,0.0,True,-0.4964,0.34809,0.18081,-0.021,1.0,1.0,-1.9927,0.0,0.0,True,both_converged
160,-9.0,-0.3461,0.34728,0.17088,-0.0343,1.0,1.0,-1.3259,0.0,0.0,True,-0.4822,0.34511,0.17689,-0.0225,1.0,1.0,-1.9615,0.0,0.0,True,both_converged
160,-8.5,-0.3364,0.34494,0.16587,-0.0344,1.0,1.0,-1.2963,0.0,0.0,True,-0.4667,0.34207,0.17266,-0.0241,1.0,1.0,-1.926,0.0,0.0,True,both_converged
160,-8.0,-0.3255,0.34264,0.16072,-0.0345,1.0,1.0,-1.2621,0.0,0.0,True,-0.4499,0.33896,0.16808,-0.0258,1.0,1.0,-1.8857,0.0,0.0,True,both_converged
160,-7.5,-0.3132,0.34037,0.15543,-0.0345,1.0,1.0,-1.2257,0.0,0.0,True,-0.4312,0.33588,0.16336,-0.0276,1.0,1.0,-1.8388,0.0,0.0,True,both_converged
160,-7.0,-0.2996,0.33812,0.15006,-0.0345,1.0,1.0,-1.1861,0.0,0.0,True,-0.4107,0.33257,0.15795,-0.0295,1.0,1.0,-1.7857,0.0,0.0,True,both_converged
160,-6.5,-0.2847,0.33593,0.14469,-0.0345,1.0,1.0,-1.1424,0.0,0.0,True,-0.3884,0.32928,0.15229,-0.0316,1.0,1.0,-1.7314,0.0,0.0,True,both_converged
160,-6.0,-0.2685,0.33382,0.1394,-0.0345,1.0,1.0,-1.0987,0.0,0.0,True,-0.3642,0.32604,0.14644,-0.0338,1.0,1.0,-1.6738,0.0,0.0,True,both_converged
160,-5.5,-0.251,0.33187,0.13469,-0.0345,1.0,1.0,-1.0527,0.0,0.0,True,-0.3379,0.32288,0.1406,-0.036,1.0,1.0,-1.6089,0.0,0.0,True,both_converged
160,-5.0,-0.2321,0.32983,0.12942,-0.0344,1.0,1.0,-1.0021,0.0,0.0,True,-0.3096,0.31969,0.1343,-0.0384,1.0,1.0,-1.5371,0.0,0.0,True,both_converged
160,-4.5,-0.2122,0.32791,0.12434,-0.0343,1.0,1.0,-0.9515,0.0,0.0,True,-0.2797,0.31666,0.12805,-0.0408,1.0,1.0,-1.4626,0.0,0.0,True,both_converged
160,-4.0,-0.2143,0.33344,0.1087,-0.0368,1.0,1.0,-1.0362,0.0,0.0,True,,,,,,,,,,False,baseline_only
160,-3.5,-0.1867,0.33158,0.10368,-0.037,1.0,1.0,-0.9717,0.0,0.0,True,-0.224,0.31265,0.1189,-0.0457,1.0,1.0,-1.3725,0.0,0.0,True,both_converged
160,-3.0,-0.1587,0.32992,0.09898,-0.0373,1.0,1.0,-0.9076,0.0,0.0,True,-0.1886,0.30997,0.11296,-0.0481,1.0,1.0,-1.2849,0.0,0.0,True,both_converged
160,-2.5,-0.1235,0.32167,0.1077,-0.0338,1.0,1.0,-0.7448,0.0,0.0,True,-0.1515,0.3075,0.1072,-0.0505,1.0,1.0,-1.1927,0.0,0.0,True,both_converged
160,-2.0,-0.0984,0.32026,0.10361,-0.0335,1.0,1.0,-0.6878,0.0,0.0,True,-0.1128,0.30527,0.10168,-0.0529,1.0,1.0,-1.0991,0.0,0.0,True,both_converged
160,-1.5,-0.0729,0.31902,0.09989,-0.0331,1.0,1.0,-0.6334,0.0,0.0,True,-0.0727,0.3033,0.09645,-0.0553,1.0,1.0,-1.0041,0.0,0.0,True,both_converged
160,-1.0,-0.0471,0.31798,0.09656,-0.0328,1.0,1.0,-0.5806,0.0,0.0,True,-0.0313,0.3016,0.09156,-0.0577,1.0,1.0,-0.9102,0.0,0.0,True,both_converged
160,-0.5,-0.0263,0.3176,0.09472,-0.0332,1.0,1.0,-0.5467,0.0,0.0,True,0.0111,0.30018,0.08707,-0.0601,1.0,1.0,-0.8165,0.0,0.0,True,both_converged
160,0.0,0.0005,0.31683,0.09233,-0.0327,1.0,1.0,-0.4941,0.0,0.0,True,0.0545,0.29906,0.08301,-0.0624,1.0,1.0,-0.7247,0.0,0.0,True,both_converged
160,0.5,0.0275,0.31623,0.09028,-0.0323,1.0,1.0,-0.4437,0.0,0.0,True,0.0986,0.29825,0.07942,-0.0648,1.0,1.0,-0.6365,0.0,0.0,True,both_converged
160,1.0,0.0547,0.31579,0.08858,-0.0317,1.0,1.0,-0.4339,0.0,0.0,True,0.1428,0.29776,0.07642,-0.0671,1.0,1.0,-0.5538,0.0,0.0,True,both_converged
160,1.5,0.082,0.31552,0.08723,-0.0312,1.0,1.0,-0.4477,0.0,0.0,True,0.1865,0.29758,0.07407,-0.0694,1.0,1.0,-0.4888,0.0,0.0,True,both_converged
160,2.0,0.1091,0.31541,0.08623,-0.0307,1.0,1.0,-0.462,0.0,0.0,True,0.2289,0.29782,0.07311,-0.0715,1.0,1.0,-0.5337,0.0,0.0,True,both_converged
160,2.5,0.1361,0.31546,0.08557,-0.0301,1.0,1.0,-0.4767,0.0,0.0,True,0.2729,0.2982,0.07194,-0.0737,1.0,1.0,-0.5818,0.0,0.0,True,both_converged
160,3.0,0.1625,0.31567,0.08535,-0.0296,1.0,1.0,-0.492,0.0,0.0,True,0.3148,0.29899,0.07227,-0.0758,1.0,1.0,-0.629,0.0,0.0,True,both_converged
160,3.5,0.1881,0.31606,0.08559,-0.0291,1.0,1.0,-0.5077,0.0,0.0,True,0.3586,0.29989,0.07227,-0.0779,1.0,1.0,-0.6804,0.0,0.0,True,both_converged
160,4.0,0.2131,0.3166,0.08635,-0.0287,1.0,1.0,-0.5238,0.0,0.0,True,0.4013,0.30102,0.07273,-0.08,1.0,1.0,-0.7313,0.0,0.0,True,both_converged
160,4.5,0.2378,0.31726,0.08739,-0.0282,1.0,1.0,-0.5404,0.0,0.0,True,0.4425,0.30251,0.07473,-0.082,1.0,1.0,-0.783,0.0,0.0,True,both_converged
160,5.0,0.262,0.31807,0.08882,-0.0278,1.0,1.0,-0.5576,0.0,0.0,True,0.4843,0.3041,0.07637,-0.084,1.0,1.0,-0.8369,0.0,0.0,True,both_converged
160,5.5,0.2855,0.31901,0.09062,-0.0274,1.0,1.0,-0.5753,0.0,0.0,True,0.5241,0.30592,0.07887,-0.0861,1.0,1.0,-0.889,0.0,0.0,True,both_converged
160,6.0,0.3086,0.32009,0.09275,-0.027,1.0,1.0,-0.5938,0.0,0.0,True,0.5642,0.30789,0.08155,-0.0881,1.0,1.0,-0.944,0.0,0.0,True,both_converged
160,6.5,0.3313,0.32132,0.09531,-0.0265,1.0,1.0,-0.6131,0.0,0.0,True,0.6021,0.31,0.0848,-0.0902,1.0,1.0,-0.9976,0.0,0.0,True,both_converged
160,7.0,0.3534,0.32267,0.09813,-0.0261,1.0,1.0,-0.6334,0.0,0.0,True,0.6396,0.31231,0.08857,-0.0923,1.0,1.0,-1.0506,0.0,0.0,True,both_converged
160,7.5,0.3749,0.32419,0.10123,-0.0257,1.0,1.0,-0.6549,0.0,0.0,True,0.6759,0.31475,0.09275,-0.0944,1.0,1.0,-1.1057,0.0,0.0,True,both_converged
160,8.0,0.3961,0.3261,0.10473,-0.0254,1.0,1.0,-0.6783,0.0,0.0,True,0.7107,0.31732,0.09756,-0.0966,1.0,1.0,-1.159,0.0,0.0,True,both_converged
160,8.5,0.4165,0.32837,0.10871,-0.0252,1.0,1.0,-0.7029,0.0,0.0,True,0.7451,0.32005,0.10267,-0.0989,1.0,1.0,-1.2114,0.0,0.0,True,both_converged
160,9.0,0.4361,0.33084,0.11299,-0.025,1.0,1.0,-0.7287,0.0,0.0,True,0.7789,0.32293,0.10807,-0.1013,1.0,1.0,-1.2664,0.0,0.0,True,both_converged
160,9.5,0.455,0.33352,0.11755,-0.0249,1.0,1.0,-0.7558,0.0,0.0,True,0.812,0.32597,0.11375,-0.1037,1.0,1.0,-1.3201,0.0,0.0,True,both_converged
160,10.0,0.4732,0.33637,0.12235,-0.0249,1.0,1.0,-0.784,0.0,0.0,True,0.8444,0.32936,0.1198,-0.1063,1.0,1.0,-1.3722,0.0,0.0,True,both_converged
160,10.5,0.4906,0.33937,0.12736,-0.025,1.0,1.0,-0.8129,0.0,0.0,True,0.876,0.33305,0.12618,-0.109,1.0,1.0,-1.4265,0.0,0.0,True,both_converged
160,11.0,0.5072,0.34251,0.13257,-0.0251,1.0,1.0,-0.8423,0.0,0.0,True,0.9066,0.33707,0.13288,-0.1119,1.0,1.0,-1.4778,0.0,0.0,True,both_converged
160,11.5,0.5229,0.34576,0.13795,-0.0253,1.0,1.0,-0.8732,0.0,0.0,True,0.9363,0.34149,0.13996,-0.1149,1.0,1.0,-1.528,0.0,0.0,True,both_converged
160,12.0,0.5378,0.34913,0.1435,-0.0257,1.0,1.0,-0.904,0.0,0.0,True,0.9649,0.34628,0.14738,-0.118,1.0,1.0,-1.5784,0.0,0.0,True,both_converged
160,12.5,0.5519,0.3526,0.1492,-0.0261,1.0,1.0,-0.9343,0.0,0.0,True,0.9925,0.35139,0.15505,-0.1213,1.0,1.0,-1.6253,0.0,0.0,True,both_converged
160,13.0,0.5653,0.35617,0.15505,-0.0266,1.0,1.0,-0.9656,0.0,0.0,True,1.0189,0.35679,0.16294,-0.1247,1.0,1.0,-1.6722,0.0,0.0,True,both_converged
160,13.5,0.5779,0.35983,0.16103,-0.0272,1.0,1.0,-0.9961,0.0,0.0,True,1.0443,0.3624,0.17095,-0.1282,1.0,1.0,-1.7175,0.0,0.0,True,both_converged
160,14.0,0.5896,0.36357,0.16714,-0.028,1.0,1.0,-1.0258,0.0,0.0,True,1.0688,0.3682,0.17906,-0.1318,1.0,1.0,-1.7594,0.0,0.0,True,both_converged
160,14.5,0.5982,0.36701,0.17631,-0.0301,1.0,1.0,-1.0377,0.0,0.0,True,1.0923,0.37417,0.18722,-0.1356,1.0,1.0,-1.8027,0.0,0.0,True,both_converged
160,15.0,0.6095,0.3711,0.18307,-0.0311,1.0,1.0,-1.0678,0.0,0.0,True,1.115,0.38029,0.19543,-0.1395,1.0,1.0,-1.8433,0.0,0.0,True,both_converged
160,15.5,0.6201,0.37526,0.18987,-0.0321,1.0,1.0,-1.0965,0.0,0.0,True,1.1368,0.38655,0.20369,-0.1435,1.0,1.0,-1.8809,0.0,0.0,True,both_converged
160,16.0,0.6302,0.37949,0.19673,-0.0332,1.0,1.0,-1.1247,0.0,0.0,True,1.1579,0.39294,0.212,-0.1477,1.0,1.0,-1.9208,0.0,0.0,True,both_converged
160,16.5,0.6399,0.38383,0.20364,-0.0343,1.0,1.0,-1.1524,0.0,0.0,True,1.1783,0.39945,0.22037,-0.152,1.0,1.0,-1.9576,0.0,0.0,True,both_converged
160,17.0,0.6493,0.38828,0.21063,-0.0356,1.0,1.0,-1.1792,0.0,0.0,True,1.1979,0.40603,0.2288,-0.1564,1.0,1.0,-1.9927,0.0,0.0,True,both_converged
160,17.5,0.6584,0.39285,0.21768,-0.037,1.0,1.0,-1.2057,0.0,0.0,True,0.8489,0.39267,0.24523,-0.1068,1.0,1.0,-1.2955,0.0,0.0,True,both_converged
160,18.0,0.6671,0.39752,0.22479,-0.0385,1.0,1.0,-1.231,0.0,0.0,True,0.8566,0.39872,0.25361,-0.1092,1.0,1.0,-1.3025,0.0,0.0,True,both_converged
160,18.5,0.6755,0.40228,0.23197,-0.0401,1.0,1.0,-1.2555,0.0,0.0,True,0.8641,0.40488,0.26206,-0.1116,1.0,1.0,-1.3107,0.0,0.0,True,both_converged
160,19.0,0.6835,0.40714,0.23919,-0.0417,1.0,1.0,-1.2792,0.0,0.0,True,0.8715,0.41114,0.27057,-0.114,1.0,1.0,-1.3169,0.0,0.0,True,both_converged
160,19.5,0.6912,0.41208,0.24645,-0.0435,1.0,1.0,-1.3009,0.0,0.0,True,0.8786,0.4175,0.27914,-0.1165,1.0,1.0,-1.3249,0.0,0.0,True,both_converged
160,20.0,0.6987,0.41709,0.25376,-0.0453,1.0,1.0,-1.3231,0.0,0.0,True,0.8856,0.42395,0.28777,-0.119,1.0,1.0,-1.332,0.0,0.0,True,both_converged
160,20.5,0.7057,0.42218,0.2611,-0.0471,1.0,1.0,-1.3427,0.0,0.0,True,0.8923,0.43048,0.29645,-0.1215,1.0,1.0,-1.3386,0.0,0.0,True,both_converged
160,21.0,0.7125,0.42733,0.26847,-0.0491,1.0,1.0,-1.3618,0.0,0.0,True,0.8989,0.43708,0.30519,-0.124,1.0,1.0,-1.3468,0.0,0.0,True,both_converged
160,21.5,0.719,0.43254,0.27587,-0.051,1.0,1.0,-1.3802,0.0,0.0,True,0.9053,0.44374,0.31397,-0.1266,1.0,1.0,-1.353,0.0,0.0,True,both_converged
160,22.0,0.7252,0.4378,0.28329,-0.0531,1.0,1.0,-1.3961,0.0,0.0,True,0.9115,0.45048,0.3228,-0.1291,1.0,1.0,-1.3616,0.0,0.0,True,both_converged
160,22.5,0.7311,0.44309,0.29073,-0.0552,1.0,1.0,-1.4119,0.0,0.0,True,0.9175,0.45726,0.33167,-0.1317,1.0,1.0,-1.3689,0.0,0.0,True,both_converged
160,23.0,0.7366,0.4484,0.29818,-0.0574,1.0,1.0,-1.4268,0.0,0.0,True,0.9232,0.4641,0.34057,-0.1342,1.0,1.0,-1.3767,0.0,0.0,True,both_converged
160,23.5,1.148,0.47968,0.30422,-0.1168,1.0,1.0,-2.375,0.0,0.0,True,0.9288,0.47098,0.3495,-0.1368,1.0,1.0,-1.385,0.0,0.0,True,both_converged
160,24.0,1.1631,0.48609,0.31287,-0.1214,1.0,1.0,-2.4136,0.0,0.0,True,0.9341,0.47788,0.35845,-0.1393,1.0,1.0,-1.3921,0.0,0.0,True,both_converged
160,24.5,1.178,0.49259,0.32161,-0.1261,1.0,1.0,-2.4497,0.0,0.0,True,0.9391,0.48482,0.36741,-0.1419,1.0,1.0,-1.4015,0.0,0.0,True,both_converged
160,25.0,1.1927,0.49916,0.3304,-0.1309,1.0,1.0,-2.4859,0.0,0.0,True,0.9439,0.49177,0.37638,-0.1444,1.0,1.0,-1.409,0.0,0.0,True,both_converged
160,25.5,1.2072,0.50579,0.3392,-0.1358,1.0,1.0,-2.5222,0.0,0.0,True,0.9485,0.49873,0.38535,-0.147,1.0,1.0,-1.4184,0.0,0.0,True,both_converged
160,26.0,1.2215,0.51245,0.34801,-0.1407,1.0,1.0,-2.556,0.0,0.0,True,0.9527,0.5057,0.39431,-0.1495,1.0,1.0,-1.427,0.0,0.0,True,both_converged
160,26.5,1.2356,0.51916,0.35682,-0.1458,1.0,1.0,-2.5873,0.0,0.0,True,0.9567,0.51266,0.40326,-0.152,1.0,1.0,-1.4355,0.0,0.0,True,both_converged
160,27.0,1.2495,0.52592,0.36564,-0.1509,1.0,1.0,-2.6181,0.0,0.0,True,0.9604,0.5196,0.41218,-0.1545,1.0,1.0,-1.4453,0.0,0.0,True,both_converged
160,27.5,1.2631,0.5327,0.37446,-0.156,1.0,1.0,-2.65,0.0,0.0,True,0.9637,0.52651,0.42107,-0.157,1.0,1.0,-1.4531,0.0,0.0,True,both_converged
160,28.0,1.2765,0.53951,0.38328,-0.1612,1.0,1.0,-2.6795,0.0,0.0,True,,,,,,,,,,False,baseline_only
160,28.5,1.2896,0.54635,0.39209,-0.1665,1.0,1.0,-2.7066,0.0,0.0,True,,,,,,,,,,False,baseline_only
160,29.0,1.3025,0.55321,0.40089,-0.1719,1.0,1.0,-2.7316,0.0,0.0,True,,,,,,,,,,False,baseline_only
160,29.5,1.3151,0.56008,0.40969,-0.1772,1.0,1.0,-2.7586,0.0,0.0,True,,,,,,,,,,False,baseline_only
160,30.0,1.3275,0.56696,0.41847,-0.1827,1.0,1.0,-2.7847,0.0,0.0,True,,,,,,,,,,False,baseline_only
641,-30.0,-0.892,0.38286,0.31,0.1032,1.0,1.0,-1.9133,0.0,0.0,True,-0.9288,0.38117,0.30968,0.101,1.0,1.0,-1.7036,0.0,0.0,True,both_converged
641,-29.5,-0.8775,0.3775,0.30424,0.0981,1.0,1.0,-1.9067,0.0,0.0,True,-0.9154,0.37583,0.30395,0.0961,1.0,1.0,-1.6968,0.0,0.0,True,both_converged
641,-29.0,-0.8628,0.37214,0.2985,0.0932,1.0,1.0,-1.8992,0.0,0.0,True,-0.9018,0.3705,0.29808,0.0914,1.0,1.0,-1.6962,0.0,0.0,True,both_converged
641,-28.5,-0.8478,0.3668,0.29279,0.0883,1.0,1.0,-1.8905,0.0,0.0,True,-0.8879,0.36519,0.29241,0.0867,1.0,1.0,-1.6952,0.0,0.0,True,both_converged
641,-28.0,-0.8326,0.36147,0.28695,0.0834,1.0,1.0,-1.881,0.0,0.0,True,-0.8738,0.35989,0.28676,0.082,1.0,1.0,-1.6938,0.0,0.0,True,both_converged
641,-27.5,-0.8172,0.35616,0.28128,0.0786,1.0,1.0,-1.8702,0.0,0.0,True,-0.8594,0.35461,0.28115,0.0775,1.0,1.0,-1.6921,0.0,0.0,True,both_converged
641,-27.0,-0.8016,0.35086,0.27563,0.0739,1.0,1.0,-1.8629,0.0,0.0,True,-0.8449,0.34934,0.27541,0.073,1.0,1.0,-1.6902,0.0,0.0,True,both_converged
641,-26.5,-0.7858,0.34559,0.27002,0.0692,1.0,1.0,-1.8571,0.0,0.0,True,-0.8301,0.3441,0.26986,0.0686,1.0,1.0,-1.6876,0.0,0.0,True,both_converged
641,-26.0,-0.7697,0.34033,0.2643,0.0645,1.0,1.0,-1.8505,0.0,0.0,True,-0.8151,0.33887,0.26436,0.0642,1.0,1.0,-1.6845,0.0,0.0,True,both_converged
641,-25.5,-0.7536,0.33509,0.25875,0.06,1.0,1.0,-1.8426,0.0,0.0,True,-0.8,0.33367,0.25889,0.06,1.0,1.0,-1.6808,0.0,0.0,True,both_converged
641,-25.0,-0.7372,0.32989,0.25323,0.0555,1.0,1.0,-1.8336,0.0,0.0,True,-0.7846,0.32849,0.2533,0.0558,1.0,1.0,-1.6766,0.0,0.0,True,both_converged
641,-24.5,-0.7207,0.3247,0.24775,0.0511,1.0,1.0,-1.8234,0.0,0.0,True,-0.7691,0.32333,0.24791,0.0517,1.0,1.0,-1.6717,0.0,0.0,True,both_converged
641,-24.0,-0.7041,0.31954,0.24218,0.0467,1.0,1.0,-1.8119,0.0,0.0,True,-0.7535,0.31821,0.24257,0.0477,1.0,1.0,-1.666,0.0,0.0,True,both_converged
641,-23.5,-0.6874,0.31442,0.23678,0.0424,1.0,1.0,-1.8032,0.0,0.0,True,-0.7377,0.31311,0.23727,0.0437,1.0,1.0,-1.6646,0.0,0.0,True,both_converged
641,-23.0,-0.6705,0.30932,0.23142,0.0382,1.0,1.0,-1.7968,0.0,0.0,True,-0.7218,0.30809,0.23192,0.0399,1.0,1.0,-1.6676,0.0,0.0,True,both_converged
641,-22.5,-0.6536,0.30426,0.22611,0.034,1.0,1.0,-1.7892,0.0,0.0,True,-0.7058,0.30321,0.22688,0.0361,1.0,1.0,-1.6702,0.0,0.0,True,both_converged
641,-22.0,-0.6366,0.29922,0.22071,0.03,1.0,1.0,-1.7805,0.0,0.0,True,-0.6898,0.29836,0.22189,0.0325,1.0,1.0,-1.6725,0.0,0.0,True,both_converged
641,-21.5,-0.6196,0.29423,0.21549,0.026,1.0,1.0,-1.7705,0.0,0.0,True,-0.6736,0.29355,0.21695,0.0289,1.0,1.0,-1.6743,0.0,0.0,True,both_converged
641,-21.0,-0.6025,0.28928,0.21033,0.022,1.0,1.0,-1.759,0.0,0.0,True,-0.6573,0.28876,0.21191,0.0254,1.0,1.0,-1.676,0.0,0.0,True,both_converged
641,-20.5,-0.5855,0.28437,0.20521,0.0182,1.0,1.0,-1.7461,0.0,0.0,True,-0.6411,0.28401,0.20708,0.022,1.0,1.0,-1.6771,0.0,0.0,True,both_converged
641,-20.0,-0.5684,0.27953,0.20008,0.0144,1.0,1.0,-1.7382,0.0,0.0,True,-0.6247,0.27931,0.20231,0.0187,1.0,1.0,-1.6776,0.0,0.0,True,both_converged
641,-19.5,-0.5514,0.27483,0.1952,0.0108,1.0,1.0,-1.7303,0.0,0.0,True,-0.6084,0.27464,0.19759,0.0155,1.0,1.0,-1.6774,0.0,0.0,True,both_converged
641,-19.0,-0.5345,0.27016,0.19037,0.0072,1.0,1.0,-1.7211,0.0,0.0,True,-0.592,0.27,0.19279,0.0124,1.0,1.0,-1.6766,0.0,0.0,True,both_converged
641,-18.5,-0.5177,0.26555,0.1856,0.0037,1.0,1.0,-1.7104,0.0,0.0,True,-0.5757,0.26541,0.18819,0.0094,1.0,1.0,-1.6751,0.0,0.0,True,both_converged
641,-18.0,-0.501,0.26096,0.18078,0.0003,1.0,1.0,-1.6984,0.0,0.0,True,-0.5594,0.26086,0.18365,0.0065,1.0,1.0,-1.6727,0.0,0.0,True,both_converged
641,-17.5,-0.4844,0.25644,0.17614,-0.003,1.0,1.0,-1.685,0.0,0.0,True,-0.5431,0.25636,0.17918,0.0037,1.0,1.0,-1.6692,0.0,0.0,True,both_converged
641,-17.0,-0.468,0.25196,0.17155,-0.0063,1.0,1.0,-1.6749,0.0,0.0,True,-0.5269,0.25189,0.17463,0.001,1.0,1.0,-1.6647,0.0,0.0,True,both_converged
641,-16.5,-0.4519,0.24754,0.16704,-0.0094,1.0,1.0,-1.6658,0.0,0.0,True,-0.5108,0.24746,0.17028,-0.0015,1.0,1.0,-1.667,0.0,0.0,True,both_converged
641,-16.0,-0.4359,0.24315,0.16248,-0.0124,1.0,1.0,-1.6556,0.0,0.0,True,-0.4948,0.24309,0.166,-0.004,1.0,1.0,-1.6712,0.0,0.0,True,both_converged
641,-15.5,-0.4203,0.23883,0.15809,-0.0153,1.0,1.0,-1.6439,0.0,0.0,True,-0.479,0.23876,0.16178,-0.0064,1.0,1.0,-1.6745,0.0,0.0,True,both_converged
641,-15.0,-0.4049,0.23457,0.15378,-0.0181,1.0,1.0,-1.6307,0.0,0.0,True,-0.4633,0.23448,0.15764,-0.0087,1.0,1.0,-1.6769,0.0,0.0,True,both_converged
641,-14.5,-0.3899,0.23036,0.14954,-0.0208,1.0,1.0,-1.6163,0.0,0.0,True,-0.4478,0.23023,0.15342,-0.0108,1.0,1.0,-1.679,0.0,0.0,True,both_converged
641,-14.0,-0.3753,0.22618,0.14526,-0.0234,1.0,1.0,-1.6073,0.0,0.0,True,-0.4325,0.22605,0.14941,-0.0129,1.0,1.0,-1.6798,0.0,0.0,True,both_converged
641,-13.5,-0.3611,0.22206,0.14114,-0.0258,1.0,1.0,-1.5969,0.0,0.0,True,-0.4174,0.22191,0.14546,-0.0148,1.0,1.0,-1.6795,0.0,0.0,True,both_converged
641,-13.0,-0.3474,0.21799,0.13708,-0.0281,1.0,1.0,-1.585,0.0,0.0,True,-0.4026,0.21781,0.14158,-0.0166,1.0,1.0,-1.6778,0.0,0.0,True,both_converged
641,-12.5,-0.3343,0.21394,0.13299,-0.0303,1.0,1.0,-1.5714,0.0,0.0,True,-0.388,0.21373,0.13762,-0.0183,1.0,1.0,-1.6753,0.0,0.0,True,both_converged
641,-12.0,-0.3217,0.20995,0.12904,-0.0324,1.0,1.0,-1.5568,0.0,0.0,True,-0.3738,0.2097,0.13385,-0.0199,1.0,1.0,-1.6715,0.0,0.0,True,both_converged
641,-11.5,-0.3097,0.20601,0.12516,-0.0343,1.0,1.0,-1.5469,0.0,0.0,True,-0.36,0.20571,0.13014,-0.0214,1.0,1.0,-1.6663,0.0,0.0,True,both_converged
641,-11.0,-0.2984,0.20211,0.12134,-0.0361,1.0,1.0,-1.5357,0.0,0.0,True,-0.3465,0.20177,0.1265,-0.0228,1.0,1.0,-1.6595,0.0,0.0,True,both_converged
641,-10.5,-0.2878,0.19825,0.11749,-0.0377,1.0,1.0,-1.5229,0.0,0.0,True,-0.3334,0.19785,0.1228,-0.024,1.0,1.0,-1.6511,0.0,0.0,True,both_converged
641,-10.0,-0.2779,0.19444,0.11379,-0.0391,1.0,1.0,-1.5091,0.0,0.0,True,-0.3208,0.19398,0.11928,-0.0251,1.0,1.0,-1.6432,0.0,0.0,True,both_converged
641,-9.5,-0.2689,0.19069,0.11017,-0.0404,1.0,1.0,-1.4952,0.0,0.0,True,-0.3086,0.19016,0.11582,-0.0261,1.0,1.0,-1.6417,0.0,0.0,True,both_converged
641,-9.0,-0.2608,0.187,0.10661,-0.0414,1.0,1.0,-1.484,0.0,0.0,True,-0.297,0.18638,0.11244,-0.027,1.0,1.0,-1.6389,0.0,0.0,True,both_converged
641,-8.5,-0.2536,0.18336,0.10304,-0.0423,1.0,1.0,-1.4711,0.0,0.0,True,-0.2859,0.18264,0.10913,-0.0277,1.0,1.0,-1.6346,0.0,0.0,True,both_converged
641,-8.0,-0.2475,0.1798,0.09962,-0.0429,1.0,1.0,-1.4569,0.0,0.0,True,-0.2753,0.17893,0.10576,-0.0283,1.0,1.0,-1.6291,0.0,0.0,True,both_converged
641,-7.5,-0.2423,0.17633,0.09627,-0.0433,1.0,1.0,-1.441,0.0,0.0,True,-0.2654,0.17529,0.10258,-0.0288,1.0,1.0,-1.6223,0.0,0.0,True,both_converged
641,-7.0,-0.2379,0.17297,0.09298,-0.0434,1.0,1.0,-1.4269,0.0,0.0,True,-0.2562,0.1717,0.09948,-0.0291,1.0,1.0,-1.6141,0.0,0.0,True,both_converged
641,-6.5,-0.2342,0.16976,0.08974,-0.0432,1.0,1.0,-1.4106,0.0,0.0,True,-0.2476,0.16818,0.09648,-0.0293,1.0,1.0,-1.6045,0.0,0.0,True,both_converged
641,-6.0,-0.2305,0.16674,0.08642,-0.0428,1.0,1.0,-1.3899,0.0,0.0,True,-0.2397,0.16471,0.09345,-0.0294,1.0,1.0,-1.5927,0.0,0.0,True,both_converged
641,-5.5,-0.226,0.16404,0.08318,-0.0423,1.0,1.0,-1.3638,0.0,0.0,True,-0.2325,0.16134,0.09063,-0.0293,1.0,1.0,-1.5802,0.0,0.0,True,both_converged
641,-5.0,-0.2196,0.16165,0.07988,-0.0416,1.0,1.0,-1.3335,0.0,0.0,True,-0.226,0.15813,0.08795,-0.0292,1.0,1.0,-1.5661,0.0,0.0,True,both_converged
641,-4.5,-0.2102,0.15955,0.07646,-0.041,1.0,1.0,-1.295,0.0,0.0,True,-0.2199,0.15516,0.08545,-0.029,1.0,1.0,-1.5556,0.0,0.0,True,both_converged
641,-4.0,-0.1971,0.15768,0.07281,-0.0405,1.0,1.0,-1.2454,0.0,0.0,True,-0.213,0.15236,0.08298,-0.0291,1.0,1.0,-1.5441,0.0,0.0,True,both_converged
641,-3.5,-0.1801,0.15607,0.06925,-0.0401,1.0,1.0,-1.1886,0.0,0.0,True,-0.2023,0.14972,0.08028,-0.0301,1.0,1.0,-1.5246,0.0,0.0,True,both_converged
641,-3.0,-0.1597,0.15472,0.06579,-0.0397,1.0,1.0,-1.1243,0.0,0.0,True,-0.1849,0.14745,0.07759,-0.0325,1.0,1.0,-1.4931,0.0,0.0,True,both_converged
641,-2.5,-0.1363,0.15357,0.0624,-0.0393,1.0,1.0,-1.0526,0.0,0.0,True,-0.158,0.14534,0.07449,-0.0367,1.0,1.0,-1.4424,0.0,0.0,True,both_converged
641,-2.0,-0.1106,0.15261,0.05929,-0.039,1.0,1.0,-0.9791,0.0,0.0,True,-0.1206,0.14331,0.07087,-0.0424,1.0,1.0,-1.3676,0.0,0.0,True,both_converged
641,-1.5,-0.0832,0.15181,0.05639,-0.0385,1.0,1.0,-0.902,0.0,0.0,True,-0.0736,0.14153,0.06681,-0.0493,1.0,1.0,-1.2754,0.0,0.0,True,both_converged
641,-1.0,-0.0544,0.15121,0.05383,-0.0381,1.0,1.0,-0.8254,0.0,0.0,True,-0.02,0.14013,0.06283,-0.0563,1.0,1.0,-1.1637,0.0,0.0,True,both_converged
641,-0.5,-0.0247,0.15084,0.05159,-0.0376,1.0,1.0,-0.7494,0.0,0.0,True,0.0372,0.13913,0.05901,-0.0629,1.0,1.0,-1.0375,0.0,0.0,True,both_converged
641,0.0,0.0057,0.1507,0.04978,-0.0371,1.0,1.0,-0.6744,0.0,0.0,True,0.0953,0.13854,0.05573,-0.0687,1.0,1.0,-0.909,0.0,0.0,True,both_converged
641,0.5,0.0364,0.1508,0.04835,-0.0366,1.0,1.0,-0.6032,0.0,0.0,True,0.1532,0.13833,0.05299,-0.0738,1.0,1.0,-0.7799,0.0,0.0,True,both_converged
641,1.0,0.0674,0.15112,0.0473,-0.036,1.0,1.0,-0.5348,0.0,0.0,True,0.2101,0.13859,0.05106,-0.0782,1.0,1.0,-0.6551,0.0,0.0,True,both_converged
641,1.5,0.0983,0.15164,0.04666,-0.0355,1.0,1.0,-0.502,0.0,0.0,True,0.2658,0.1393,0.04989,-0.0821,1.0,1.0,-0.5814,0.0,0.0,True,both_converged
641,2.0,0.1293,0.15237,0.04634,-0.0349,1.0,1.0,-0.5209,0.0,0.0,True,0.3197,0.14035,0.04948,-0.0854,1.0,1.0,-0.6464,0.0,0.0,True,both_converged
641,2.5,0.1599,0.15331,0.04643,-0.0344,1.0,1.0,-0.5403,0.0,0.0,True,0.372,0.14167,0.04971,-0.0883,1.0,1.0,-0.7118,0.0,0.0,True,both_converged
641,3.0,0.1904,0.15447,0.04689,-0.0339,1.0,1.0,-0.5606,0.0,0.0,True,0.4221,0.14327,0.05064,-0.0909,1.0,1.0,-0.7775,0.0,0.0,True,both_converged
641,3.5,0.2205,0.15587,0.04775,-0.0335,1.0,1.0,-0.5817,0.0,0.0,True,0.4708,0.14515,0.05218,-0.0932,1.0,1.0,-0.8452,0.0,0.0,True,both_converged
641,4.0,0.2503,0.15749,0.04899,-0.0332,1.0,1.0,-0.6039,0.0,0.0,True,0.5169,0.14732,0.05443,-0.0954,1.0,1.0,-0.9106,0.0,0.0,True,both_converged
641,4.5,0.2797,0.15933,0.0506,-0.0329,1.0,1.0,-0.6273,0.0,0.0,True,0.5614,0.14979,0.05723,-0.0974,1.0,1.0,-0.9771,0.0,0.0,True,both_converged
641,5.0,0.3085,0.16137,0.05257,-0.0327,1.0,1.0,-0.6522,0.0,0.0,True,0.6037,0.15262,0.06068,-0.0995,1.0,1.0,-1.0421,0.0,0.0,True,both_converged
641,5.5,0.3368,0.16361,0.05487,-0.0326,1.0,1.0,-0.6787,0.0,0.0,True,0.6437,0.1558,0.06482,-0.1016,1.0,1.0,-1.103,0.0,0.0,True,both_converged
641,6.0,0.3644,0.16606,0.05753,-0.0326,1.0,1.0,-0.7072,0.0,0.0,True,0.6815,0.15936,0.06946,-0.1038,1.0,1.0,-1.1647,0.0,0.0,True,both_converged
641,6.5,0.3916,0.16873,0.0605,-0.0328,1.0,1.0,-0.738,0.0,0.0,True,0.7168,0.16332,0.07465,-0.1062,1.0,1.0,-1.2207,0.0,0.0,True,both_converged
641,7.0,0.4181,0.17161,0.0638,-0.033,1.0,1.0,-0.7715,0.0,0.0,True,0.7493,0.16769,0.08044,-0.1088,1.0,1.0,-1.2707,0.0,0.0,True,both_converged
641,7.5,0.444,0.17467,0.06745,-0.0334,1.0,1.0,-0.8078,0.0,0.0,True,0.7792,0.17249,0.08657,-0.1117,1.0,1.0,-1.3185,0.0,0.0,True,both_converged
641,8.0,0.4693,0.17793,0.07134,-0.034,1.0,1.0,-0.8476,0.0,0.0,True,0.8064,0.17776,0.09307,-0.1148,1.0,1.0,-1.3584,0.0,0.0,True,both_converged
641,8.5,0.4941,0.18139,0.07559,-0.0347,1.0,1.0,-0.8903,0.0,0.0,True,0.8311,0.18346,0.10001,-0.1182,1.0,1.0,-1.3913,0.0,0.0,True,both_converged
641,9.0,0.5182,0.18504,0.08005,-0.0356,1.0,1.0,-0.9357,0.0,0.0,True,0.8535,0.18956,0.10705,-0.1219,1.0,1.0,-1.4222,0.0,0.0,True,both_converged
641,9.5,0.5417,0.18889,0.08478,-0.0366,1.0,1.0,-0.9836,0.0,0.0,True,0.8745,0.196,0.11427,-0.1258,1.0,1.0,-1.4467,0.0,0.0,True,both_converged
641,10.0,0.5647,0.19292,0.08983,-0.0379,1.0,1.0,-1.0338,0.0,0.0,True,0.8946,0.20272,0.12163,-0.13,1.0,1.0,-1.4662,0.0,0.0,True,both_converged
641,10.5,0.5871,0.19713,0.09506,-0.0393,1.0,1.0,-1.0863,0.0,0.0,True,0.9143,0.20962,0.12922,-0.1343,1.0,1.0,-1.4887,0.0,0.0,True,both_converged
641,11.0,0.609,0.20154,0.10062,-0.0409,1.0,1.0,-1.1403,0.0,0.0,True,0.9338,0.21666,0.13679,-0.1388,1.0,1.0,-1.5081,0.0,0.0,True,both_converged
641,11.5,0.6303,0.20612,0.10629,-0.0428,1.0,1.0,-1.1948,0.0,0.0,True,0.9534,0.2238,0.14447,-0.1434,1.0,1.0,-1.525,0.0,0.0,True,both_converged
641,12.0,0.6511,0.21088,0.11218,-0.0448,1.0,1.0,-1.2492,0.0,0.0,True,0.9731,0.23103,0.15226,-0.1481,1.0,1.0,-1.5458,0.0,0.0,True,both_converged
641,12.5,0.6714,0.21581,0.11836,-0.0471,1.0,1.0,-1.3054,0.0,0.0,True,0.9929,0.23832,0.16022,-0.1528,1.0,1.0,-1.5659,0.0,0.0,True,both_converged
641,13.0,0.6913,0.22089,0.1246,-0.0495,1.0,1.0,-1.3603,0.0,0.0,True,1.0128,0.24569,0.16821,-0.1576,1.0,1.0,-1.5836,0.0,0.0,True,both_converged
641,13.5,0.7108,0.22614,0.13102,-0.0522,1.0,1.0,-1.4141,0.0,0.0,True,1.0328,0.25313,0.17631,-0.1625,1.0,1.0,-1.606,0.0,0.0,True,both_converged
641,14.0,0.7298,0.23154,0.13769,-0.055,1.0,1.0,-1.4684,0.0,0.0,True,1.053,0.26063,0.18458,-0.1673,1.0,1.0,-1.6269,0.0,0.0,True,both_converged
641,14.5,0.7485,0.23708,0.14438,-0.058,1.0,1.0,-1.5195,0.0,0.0,True,1.073,0.26816,0.19283,-0.1723,1.0,1.0,-1.647,0.0,0.0,True,both_converged
641,15.0,0.7669,0.24276,0.15121,-0.0613,1.0,1.0,-1.5709,0.0,0.0,True,1.093,0.27576,0.20118,-0.1773,1.0,1.0,-1.6706,0.0,0.0,True,both_converged
641,15.5,0.7851,0.24859,0.15826,-0.0647,1.0,1.0,-1.6194,0.0,0.0,True,1.1131,0.28341,0.20972,-0.1823,1.0,1.0,-1.6921,0.0,0.0,True,both_converged
641,16.0,0.8029,0.25451,0.16528,-0.0683,1.0,1.0,-1.6666,0.0,0.0,True,1.1329,0.29107,0.21818,-0.1874,1.0,1.0,-1.7155,0.0,0.0,True,both_converged
641,16.5,0.8206,0.26054,0.17239,-0.072,1.0,1.0,-1.7118,0.0,0.0,True,1.1528,0.29879,0.22674,-0.1926,1.0,1.0,-1.7399,0.0,0.0,True,both_converged
641,17.0,0.8381,0.26669,0.17969,-0.0759,1.0,1.0,-1.7533,0.0,0.0,True,1.1725,0.30656,0.23537,-0.1978,1.0,1.0,-1.7619,0.0,0.0,True,both_converged
641,17.5,0.8554,0.2729,0.18691,-0.08,1.0,1.0,-1.7959,0.0,0.0,True,1.1922,0.31436,0.24415,-0.2029,1.0,1.0,-1.7892,0.0,0.0,True,both_converged
641,18.0,0.8726,0.27919,0.1942,-0.0842,1.0,1.0,-1.8345,0.0,0.0,True,1.2117,0.32219,0.25288,-0.2082,1.0,1.0,-1.8141,0.0,0.0,True,both_converged
641,18.5,0.8897,0.28556,0.20153,-0.0884,1.0,1.0,-1.8697,0.0,0.0,True,1.2311,0.33007,0.26169,-0.2135,1.0,1.0,-1.8406,0.0,0.0,True,both_converged
641,19.0,0.9068,0.29198,0.20899,-0.0928,1.0,1.0,-1.9069,0.0,0.0,True,1.2504,0.33799,0.27065,-0.2188,1.0,1.0,-1.8684,0.0,0.0,True,both_converged
641,19.5,0.9238,0.29844,0.21636,-0.0973,1.0,1.0,-1.9401,0.0,0.0,True,1.2694,0.34593,0.27954,-0.2242,1.0,1.0,-1.8953,0.0,0.0,True,both_converged
641,20.0,0.9406,0.30495,0.22376,-0.1019,1.0,1.0,-1.9696,0.0,0.0,True,1.2883,0.35391,0.2885,-0.2296,1.0,1.0,-1.9256,0.0,0.0,True,both_converged
641,20.5,0.9575,0.31151,0.23131,-0.1066,1.0,1.0,-2.0011,0.0,0.0,True,1.3071,0.36194,0.29762,-0.235,1.0,1.0,-1.9535,0.0,0.0,True,both_converged
641,21.0,0.9743,0.31808,0.23873,-0.1114,1.0,1.0,-2.0304,0.0,0.0,True,1.3255,0.36997,0.30663,-0.2405,1.0,1.0,-1.9865,0.0,0.0,True,both_converged
641,21.5,0.991,0.32469,0.24618,-0.1162,1.0,1.0,-2.0565,0.0,0.0,True,1.3438,0.37803,0.31571,-0.246,1.0,1.0,-2.0167,0.0,0.0,True,both_converged
641,22.0,1.0076,0.33133,0.25365,-0.1211,1.0,1.0,-2.0798,0.0,0.0,True,1.3618,0.38614,0.32483,-0.2516,1.0,1.0,-2.0518,0.0,0.0,True,both_converged
641,22.5,1.0241,0.338,0.26124,-0.126,1.0,1.0,-2.107,0.0,0.0,True,1.3796,0.39428,0.3341,-0.2571,1.0,1.0,-2.0848,0.0,0.0,True,both_converged
641,23.0,1.0406,0.34467,0.26872,-0.131,1.0,1.0,-2.1312,0.0,0.0,True,1.3972,0.40244,0.34328,-0.2627,1.0,1.0,-2.1229,0.0,0.0,True,both_converged
641,23.5,1.0569,0.35137,0.27622,-0.136,1.0,1.0,-2.1526,0.0,0.0,True,1.4144,0.41063,0.3525,-0.2683,1.0,1.0,-2.1595,0.0,0.0,True,both_converged
641,24.0,1.0731,0.35811,0.28386,-0.1411,1.0,1.0,-2.1713,0.0,0.0,True,1.4315,0.41886,0.36188,-0.274,1.0,1.0,-2.2008,0.0,0.0,True,both_converged
641,24.5,1.0892,0.36484,0.29137,-0.1463,1.0,1.0,-2.1939,0.0,0.0,True,1.4482,0.42707,0.37112,-0.2797,1.0,1.0,-2.2427,0.0,0.0,True,both_converged
641,25.0,1.1051,0.37158,0.2989,-0.1514,1.0,1.0,-2.215,0.0,0.0,True,1.4647,0.43532,0.3804,-0.2854,1.0,1.0,-2.2862,0.0,0.0,True,both_converged
641,25.5,1.1209,0.37834,0.30644,-0.1567,1.0,1.0,-2.2336,0.0,0.0,True,1.4808,0.44359,0.38971,-0.2911,1.0,1.0,-2.3332,0.0,0.0,True,both_converged
641,26.0,1.1365,0.38513,0.31413,-0.1619,1.0,1.0,-2.2498,0.0,0.0,True,1.4967,0.45189,0.39917,-0.2968,1.0,1.0,-2.3827,0.0,0.0,True,both_converged
641,26.5,1.1519,0.39191,0.32168,-0.1672,1.0,1.0,-2.2652,0.0,0.0,True,1.5123,0.46019,0.4085,-0.3026,1.0,1.0,-2.4348,0.0,0.0,True,both_converged
641,27.0,1.167,0.3987,0.32925,-0.1725,1.0,1.0,-2.2848,0.0,0.0,True,1.5275,0.4685,0.41785,-0.3084,1.0,1.0,-2.4834,0.0,0.0,True,both_converged
641,27.5,1.182,0.40551,0.33683,-0.1779,1.0,1.0,-2.3022,0.0,0.0,True,1.5424,0.47685,0.42738,-0.3142,1.0,1.0,-2.5296,0.0,0.0,True,both_converged
641,28.0,1.1967,0.41234,0.34457,-0.1832,1.0,1.0,-2.3173,0.0,0.0,True,1.5569,0.48519,0.43674,-0.32,1.0,1.0,-2.5812,0.0,0.0,True,both_converged
641,28.5,1.2112,0.41917,0.35217,-0.1886,1.0,1.0,-2.3307,0.0,0.0,True,1.5711,0.49354,0.44611,-0.3259,1.0,1.0,-2.6293,0.0,0.0,True,both_converged
641,29.0,1.2254,0.426,0.35978,-0.1941,1.0,1.0,-2.3422,0.0,0.0,True,1.5849,0.5019,0.45549,-0.3318,1.0,1.0,-2.6738,0.0,0.0,True,both_converged
641,29.5,1.2394,0.43284,0.3674,-0.1996,1.0,1.0,-2.3588,0.0,0.0,True,1.5984,0.51028,0.46505,-0.3376,1.0,1.0,-2.715,0.0,0.0,True,both_converged
641,30.0,1.253,0.43969,0.37517,-0.2051,1.0,1.0,-2.3739,0.0,0.0,True,1.6115,0.51864,0.47442,-0.3435,1.0,1.0,-2.7531,0.0,0.0,True,both_converged
1597,-30.0,-0.8666,0.3488,0.30429,0.1063,1.0,1.0,-1.682,0.0,0.0,True,-0.8944,0.34685,0.30256,0.0986,1.0,1.0,-1.4699,0.0,0.0,True,both_converged
1597,-29.5,-0.8514,0.34311,0.29836,0.1012,1.0,1.0,-1.6726,0.0,0.0,True,-0.8802,0.34132,0.29668,0.0936,1.0,1.0,-1.4632,0.0,0.0,True,both_converged
1597,-29.0,-0.8359,0.33742,0.29244,0.0962,1.0,1.0,-1.6619,0.0,0.0,True,-0.8658,0.33581,0.29093,0.0887,1.0,1.0,-1.4557,0.0,0.0,True,both_converged
1597,-28.5,-0.8202,0.33175,0.28645,0.0912,1.0,1.0,-1.65,0.0,0.0,True,-0.8512,0.33033,0.28522,0.0839,1.0,1.0,-1.4474,0.0,0.0,True,both_converged
1597,-28.0,-0.8042,0.32609,0.28057,0.0863,1.0,1.0,-1.6386,0.0,0.0,True,-0.8363,0.32486,0.27954,0.0791,1.0,1.0,-1.4382,0.0,0.0,True,both_converged
1597,-27.5,-0.788,0.32045,0.27472,0.0815,1.0,1.0,-1.6327,0.0,0.0,True,-0.8212,0.31942,0.27379,0.0745,1.0,1.0,-1.428,0.0,0.0,True,both_converged
1597,-27.0,-0.7715,0.31484,0.2689,0.0767,1.0,1.0,-1.6257,0.0,0.0,True,-0.8058,0.31401,0.26818,0.0699,1.0,1.0,-1.4253,0.0,0.0,True,both_converged
1597,-26.5,-0.7548,0.30924,0.26302,0.0719,1.0,1.0,-1.6176,0.0,0.0,True,-0.7902,0.30863,0.26261,0.0653,1.0,1.0,-1.4234,0.0,0.0,True,both_converged
1597,-26.0,-0.7378,0.30367,0.25725,0.0673,1.0,1.0,-1.6082,0.0,0.0,True,-0.7744,0.3033,0.25711,0.0609,1.0,1.0,-1.4211,0.0,0.0,True,both_converged
1597,-25.5,-0.7207,0.29818,0.25157,0.0626,1.0,1.0,-1.5974,0.0,0.0,True,-0.7584,0.29801,0.25156,0.0565,1.0,1.0,-1.4184,0.0,0.0,True,both_converged
1597,-25.0,-0.7033,0.29271,0.24593,0.0581,1.0,1.0,-1.5852,0.0,0.0,True,-0.7422,0.29275,0.24615,0.0522,1.0,1.0,-1.4152,0.0,0.0,True,both_converged
1597,-24.5,-0.6858,0.28727,0.24024,0.0536,1.0,1.0,-1.5732,0.0,0.0,True,-0.7258,0.28753,0.24079,0.048,1.0,1.0,-1.4114,0.0,0.0,True,both_converged
1597,-24.0,-0.6681,0.28187,0.23466,0.0492,1.0,1.0,-1.5674,0.0,0.0,True,-0.7093,0.28233,0.23547,0.0439,1.0,1.0,-1.407,0.0,0.0,True,both_converged
1597,-23.5,-0.6502,0.27649,0.22912,0.0448,1.0,1.0,-1.5603,0.0,0.0,True,-0.6926,0.27717,0.2301,0.0399,1.0,1.0,-1.402,0.0,0.0,True,both_converged
1597,-23.0,-0.6322,0.27114,0.22363,0.0405,1.0,1.0,-1.552,0.0,0.0,True,-0.6758,0.27204,0.22488,0.036,1.0,1.0,-1.3962,0.0,0.0,True,both_converged
1597,-22.5,-0.6141,0.26583,0.2181,0.0363,1.0,1.0,-1.5423,0.0,0.0,True,-0.6589,0.26695,0.2197,0.0321,1.0,1.0,-1.3895,0.0,0.0,True,both_converged
1597,-22.0,-0.5958,0.26055,0.21269,0.0322,1.0,1.0,-1.531,0.0,0.0,True,-0.6419,0.2619,0.21458,0.0284,1.0,1.0,-1.3821,0.0,0.0,True,both_converged
1597,-21.5,-0.5775,0.25532,0.20732,0.0282,1.0,1.0,-1.5181,0.0,0.0,True,-0.6248,0.25688,0.20941,0.0248,1.0,1.0,-1.3738,0.0,0.0,True,both_converged
1597,-21.0,-0.5591,0.25012,0.20194,0.0242,1.0,1.0,-1.5079,0.0,0.0,True,-0.6076,0.25191,0.20439,0.0212,1.0,1.0,-1.3742,0.0,0.0,True,both_converged
1597,-20.5,-0.5406,0.24497,0.19668,0.0203,1.0,1.0,-1.5015,0.0,0.0,True,-0.5904,0.24697,0.19943,0.0178,1.0,1.0,-1.3772,0.0,0.0,True,both_converged
1597,-20.0,-0.5221,0.23986,0.19147,0.0165,1.0,1.0,-1.4937,0.0,0.0,True,-0.5731,0.24208,0.19443,0.0145,1.0,1.0,-1.3802,0.0,0.0,True,both_converged
1597,-19.5,-0.5036,0.2348,0.18631,0.0127,1.0,1.0,-1.4843,0.0,0.0,True,-0.5558,0.23723,0.18958,0.0113,1.0,1.0,-1.3829,0.0,0.0,True,both_converged
1597,-19.0,-0.485,0.22978,0.18114,0.0091,1.0,1.0,-1.4734,0.0,0.0,True,-0.5385,0.23242,0.18479,0.0082,1.0,1.0,-1.3853,0.0,0.0,True,both_converged
1597,-18.5,-0.4665,0.22482,0.1761,0.0055,1.0,1.0,-1.4607,0.0,0.0,True,-0.5212,0.22766,0.18005,0.0052,1.0,1.0,-1.3874,0.0,0.0,True,both_converged
1597,-18.0,-0.4481,0.2199,0.17112,0.0021,1.0,1.0,-1.4481,0.0,0.0,True,-0.5039,0.22294,0.17529,0.0023,1.0,1.0,-1.3891,0.0,0.0,True,both_converged
1597,-17.5,-0.4297,0.21504,0.1662,-0.0013,1.0,1.0,-1.4416,0.0,0.0,True,-0.4867,0.21826,0.17067,-0.0005,1.0,1.0,-1.3903,0.0,0.0,True,both_converged
1597,-17.0,-0.4114,0.21023,0.16128,-0.0046,1.0,1.0,-1.4336,0.0,0.0,True,-0.4696,0.21363,0.16612,-0.0031,1.0,1.0,-1.3908,0.0,0.0,True,both_converged
1597,-16.5,-0.3933,0.20548,0.15648,-0.0078,1.0,1.0,-1.4238,0.0,0.0,True,-0.4526,0.20905,0.16162,-0.0057,1.0,1.0,-1.3907,0.0,0.0,True,both_converged
1597,-16.0,-0.3753,0.20078,0.15175,-0.0109,1.0,1.0,-1.4123,0.0,0.0,True,-0.4357,0.20452,0.15711,-0.0081,1.0,1.0,-1.3899,0.0,0.0,True,both_converged
1597,-15.5,-0.3575,0.19614,0.14703,-0.0139,1.0,1.0,-1.3991,0.0,0.0,True,-0.4189,0.20003,0.15274,-0.0103,1.0,1.0,-1.3881,0.0,0.0,True,both_converged
1597,-15.0,-0.3399,0.19156,0.14243,-0.0168,1.0,1.0,-1.3892,0.0,0.0,True,-0.4023,0.19559,0.14842,-0.0125,1.0,1.0,-1.3854,0.0,0.0,True,both_converged
1597,-14.5,-0.3226,0.18703,0.1379,-0.0195,1.0,1.0,-1.3817,0.0,0.0,True,-0.3859,0.19119,0.14417,-0.0145,1.0,1.0,-1.3817,0.0,0.0,True,both_converged
1597,-14.0,-0.3056,0.18257,0.13345,-0.0222,1.0,1.0,-1.3727,0.0,0.0,True,-0.3697,0.18684,0.13991,-0.0164,1.0,1.0,-1.377,0.0,0.0,True,both_converged
1597,-13.5,-0.2889,0.17816,0.129,-0.0248,1.0,1.0,-1.3621,0.0,0.0,True,-0.3538,0.18254,0.13578,-0.0182,1.0,1.0,-1.3807,0.0,0.0,True,both_converged
1597,-13.0,-0.2727,0.17382,0.12468,-0.0272,1.0,1.0,-1.3498,0.0,0.0,True,-0.3381,0.17828,0.1317,-0.0199,1.0,1.0,-1.3872,0.0,0.0,True,both_converged
1597,-12.5,-0.2569,0.16954,0.12044,-0.0296,1.0,1.0,-1.3397,0.0,0.0,True,-0.3227,0.17407,0.12769,-0.0214,1.0,1.0,-1.3931,0.0,0.0,True,both_converged
1597,-12.0,-0.2416,0.16532,0.11621,-0.0318,1.0,1.0,-1.3328,0.0,0.0,True,-0.3076,0.1699,0.12366,-0.0228,1.0,1.0,-1.3983,0.0,0.0,True,both_converged
1597,-11.5,-0.2269,0.16116,0.1121,-0.0339,1.0,1.0,-1.3244,0.0,0.0,True,-0.2929,0.16577,0.11976,-0.024,1.0,1.0,-1.4025,0.0,0.0,True,both_converged
1597,-11.0,-0.2129,0.15706,0.10807,-0.0358,1.0,1.0,-1.3146,0.0,0.0,True,-0.2786,0.16168,0.11591,-0.0251,1.0,1.0,-1.4057,0.0,0.0,True,both_converged
1597,-10.5,-0.1996,0.15303,0.10411,-0.0377,1.0,1.0,-1.3035,0.0,0.0,True,-0.2647,0.15764,0.11212,-0.0261,1.0,1.0,-1.4078,0.0,0.0,True,both_converged
1597,-10.0,-0.1871,0.14905,0.10017,-0.0393,1.0,1.0,-1.2976,0.0,0.0,True,-0.2512,0.15363,0.10832,-0.027,1.0,1.0,-1.4088,0.0,0.0,True,both_converged
1597,-9.5,-0.1755,0.14513,0.09637,-0.0409,1.0,1.0,-1.2917,0.0,0.0,True,-0.2381,0.14967,0.10464,-0.0277,1.0,1.0,-1.4086,0.0,0.0,True,both_converged
1597,-9.0,-0.165,0.14128,0.09264,-0.0422,1.0,1.0,-1.2847,0.0,0.0,True,-0.2256,0.14575,0.10101,-0.0283,1.0,1.0,-1.407,0.0,0.0,True,both_converged
1597,-8.5,-0.1556,0.13749,0.08898,-0.0434,1.0,1.0,-1.2768,0.0,0.0,True,-0.2136,0.14188,0.09744,-0.0288,1.0,1.0,-1.4041,0.0,0.0,True,both_converged
1597,-8.0,-0.1475,0.13375,0.08534,-0.0444,1.0,1.0,-1.2717,0.0,0.0,True,-0.2021,0.13805,0.09393,-0.0291,1.0,1.0,-1.3998,0.0,0.0,True,both_converged
1597,-7.5,-0.1408,0.13006,0.08184,-0.0452,1.0,1.0,-1.2688,0.0,0.0,True,-0.1913,0.13426,0.09042,-0.0293,1.0,1.0,-1.3943,0.0,0.0,True,both_converged
1597,-7.0,-0.1357,0.12644,0.07842,-0.0457,1.0,1.0,-1.2653,0.0,0.0,True,-0.1811,0.13051,0.08702,-0.0294,1.0,1.0,-1.3873,0.0,0.0,True,both_converged
1597,-6.5,-0.1324,0.12288,0.0751,-0.046,1.0,1.0,-1.2615,0.0,0.0,True,-0.1715,0.12682,0.0837,-0.0293,1.0,1.0,-1.3897,0.0,0.0,True,both_converged
1597,-6.0,-0.1312,0.11939,0.07187,-0.0459,1.0,1.0,-1.2591,0.0,0.0,True,-0.1627,0.12317,0.08044,-0.0291,1.0,1.0,-1.3915,0.0,0.0,True,both_converged
1597,-5.5,-0.1323,0.11595,0.06867,-0.0455,1.0,1.0,-1.2602,0.0,0.0,True,-0.1546,0.11958,0.07726,-0.0288,1.0,1.0,-1.392,0.0,0.0,True,both_converged
1597,-5.0,-0.1359,0.11258,0.06562,-0.0447,1.0,1.0,-1.2615,0.0,0.0,True,-0.1474,0.11603,0.0741,-0.0283,1.0,1.0,-1.3912,0.0,0.0,True,both_converged
1597,-4.5,-0.1422,0.10928,0.06264,-0.0434,1.0,1.0,-1.2628,0.0,0.0,True,-0.1411,0.11255,0.07107,-0.0277,1.0,1.0,-1.3892,0.0,0.0,True,both_converged
1597,-4.0,-0.1503,0.10611,0.05966,-0.0417,1.0,1.0,-1.262,0.0,0.0,True,-0.1357,0.10912,0.06812,-0.0269,1.0,1.0,-1.3858,0.0,0.0,True,both_converged
1597,-3.5,-0.1568,0.10324,0.05659,-0.0399,1.0,1.0,-1.2559,0.0,0.0,True,-0.1313,0.10573,0.06524,-0.026,1.0,1.0,-1.3811,0.0,0.0,True,both_converged
1597,-3.0,-0.1565,0.10092,0.05338,-0.0386,1.0,1.0,-1.2331,0.0,0.0,True,-0.1279,0.1024,0.06244,-0.025,1.0,1.0,-1.3753,0.0,0.0,True,both_converged
1597,-2.5,-0.1448,0.09924,0.05008,-0.0381,1.0,1.0,-1.184,0.0,0.0,True,-0.1252,0.09913,0.05963,-0.024,1.0,1.0,-1.3678,0.0,0.0,True,both_converged
1597,-2.0,-0.1239,0.09816,0.04709,-0.0379,1.0,1.0,-1.1144,0.0,0.0,True,-0.1205,0.09601,0.05691,-0.0237,1.0,1.0,-1.3582,0.0,0.0,True,both_converged
1597,-1.5,-0.0973,0.09755,0.04452,-0.0378,1.0,1.0,-1.0322,0.0,0.0,True,-0.1032,0.09314,0.05406,-0.0264,1.0,1.0,-1.3378,0.0,0.0,True,both_converged
1597,-1.0,-0.0676,0.09732,0.04236,-0.0376,1.0,1.0,-0.9436,0.0,0.0,True,-0.0604,0.09081,0.05103,-0.035,1.0,1.0,-1.2797,0.0,0.0,True,both_converged
1597,-0.5,-0.0364,0.09743,0.04072,-0.0373,1.0,1.0,-0.8527,0.0,0.0,True,0.0149,0.08946,0.04795,-0.0499,1.0,1.0,-1.1613,0.0,0.0,True,both_converged
1597,0.0,-0.0042,0.09783,0.03949,-0.0368,1.0,1.0,-0.7644,0.0,0.0,True,0.1097,0.0894,0.04539,-0.067,1.0,1.0,-1.0004,0.0,0.0,True,both_converged
1597,0.5,0.0283,0.0985,0.03875,-0.0364,1.0,1.0,-0.6781,0.0,0.0,True,0.2012,0.09027,0.04354,-0.0808,1.0,1.0,-0.8222,0.0,0.0,True,both_converged
1597,1.0,0.0608,0.09941,0.03839,-0.0359,1.0,1.0,-0.5954,0.0,0.0,True,0.2808,0.0916,0.04251,-0.0901,1.0,1.0,-0.6554,0.0,0.0,True,both_converged
1597,1.5,0.0931,0.10056,0.03847,-0.0354,1.0,1.0,-0.5185,0.0,0.0,True,0.3507,0.09318,0.04228,-0.0964,1.0,1.0,-0.6818,0.0,0.0,True,both_converged
1597,2.0,0.1251,0.10193,0.0389,-0.0349,1.0,1.0,-0.5123,0.0,0.0,True,0.4138,0.09497,0.04275,-0.1009,1.0,1.0,-0.7628,0.0,0.0,True,both_converged
1597,2.5,0.1565,0.10352,0.03973,-0.0344,1.0,1.0,-0.5316,0.0,0.0,True,0.4718,0.09698,0.04393,-0.1042,1.0,1.0,-0.8431,0.0,0.0,True,both_converged
1597,3.0,0.1874,0.10532,0.0409,-0.034,1.0,1.0,-0.5515,0.0,0.0,True,0.5257,0.09922,0.0458,-0.1068,1.0,1.0,-0.9212,0.0,0.0,True,both_converged
1597,3.5,0.2177,0.10733,0.04243,-0.0337,1.0,1.0,-0.5722,0.0,0.0,True,0.5761,0.10173,0.04836,-0.109,1.0,1.0,-1.0005,0.0,0.0,True,both_converged
1597,4.0,0.2474,0.10955,0.0443,-0.0335,1.0,1.0,-0.5937,0.0,0.0,True,0.623,0.10459,0.0516,-0.1109,1.0,1.0,-1.0743,0.0,0.0,True,both_converged
1597,4.5,0.2764,0.11197,0.0465,-0.0334,1.0,1.0,-0.6162,0.0,0.0,True,0.6662,0.10787,0.05563,-0.1129,1.0,1.0,-1.1458,0.0,0.0,True,both_converged
1597,5.0,0.3047,0.1146,0.04904,-0.0334,1.0,1.0,-0.6402,0.0,0.0,True,0.7053,0.11171,0.0604,-0.1151,1.0,1.0,-1.2099,0.0,0.0,True,both_converged
1597,5.5,0.3323,0.11744,0.05188,-0.0335,1.0,1.0,-0.6662,0.0,0.0,True,0.7393,0.1163,0.06605,-0.1177,1.0,1.0,-1.2609,0.0,0.0,True,both_converged
1597,6.0,0.3593,0.12048,0.05506,-0.0338,1.0,1.0,-0.6945,0.0,0.0,True,0.767,0.12183,0.0726,-0.1209,1.0,1.0,-1.3013,0.0,0.0,True,both_converged
1597,6.5,0.3855,0.12373,0.0585,-0.0342,1.0,1.0,-0.7254,0.0,0.0,True,0.7881,0.12841,0.08003,-0.1247,1.0,1.0,-1.3235,0.0,0.0,True,both_converged
1597,7.0,0.411,0.12717,0.06224,-0.0348,1.0,1.0,-0.7593,0.0,0.0,True,0.8044,0.13579,0.08781,-0.129,1.0,1.0,-1.3309,0.0,0.0,True,both_converged
1597,7.5,0.4358,0.13082,0.06631,-0.0355,1.0,1.0,-0.7974,0.0,0.0,True,0.8194,0.14354,0.09573,-0.1336,1.0,1.0,-1.3361,0.0,0.0,True,both_converged
1597,8.0,0.46,0.13467,0.0706,-0.0365,1.0,1.0,-0.8389,0.0,0.0,True,0.8349,0.15133,0.10363,-0.1382,1.0,1.0,-1.3409,0.0,0.0,True,both_converged
1597,8.5,0.4834,0.13871,0.07523,-0.0376,1.0,1.0,-0.8835,0.0,0.0,True,0.8514,0.1591,0.11162,-0.1428,1.0,1.0,-1.3452,0.0,0.0,True,both_converged
1597,9.0,0.5062,0.14295,0.08005,-0.0389,1.0,1.0,-0.9312,0.0,0.0,True,0.8689,0.1668,0.11944,-0.1474,1.0,1.0,-1.353,0.0,0.0,True,both_converged
1597,9.5,0.5284,0.14739,0.08513,-0.0404,1.0,1.0,-0.9815,0.0,0.0,True,0.887,0.17445,0.12724,-0.152,1.0,1.0,-1.3636,0.0,0.0,True,both_converged
1597,10.0,0.5499,0.15204,0.09052,-0.0421,1.0,1.0,-1.0337,0.0,0.0,True,0.9057,0.18205,0.13503,-0.1565,1.0,1.0,-1.3733,0.0,0.0,True,both_converged
1597,10.5,0.5708,0.15687,0.09607,-0.044,1.0,1.0,-1.0872,0.0,0.0,True,0.9249,0.18963,0.14282,-0.161,1.0,1.0,-1.3851,0.0,0.0,True,both_converged
1597,11.0,0.5912,0.1619,0.10192,-0.0462,1.0,1.0,-1.141,0.0,0.0,True,0.9444,0.19718,0.15075,-0.1655,1.0,1.0,-1.3999,0.0,0.0,True,both_converged
1597,11.5,0.611,0.1671,0.10788,-0.0486,1.0,1.0,-1.1957,0.0,0.0,True,0.9641,0.20472,0.15857,-0.17,1.0,1.0,-1.413,0.0,0.0,True,both_converged
1597,12.0,0.6303,0.17247,0.11404,-0.0512,1.0,1.0,-1.2499,0.0,0.0,True,0.984,0.21225,0.16641,-0.1745,1.0,1.0,-1.4284,0.0,0.0,True,both_converged
1597,12.5,0.6491,0.17802,0.12045,-0.054,1.0,1.0,-1.302,0.0,0.0,True,1.0042,0.21979,0.17441,-0.1791,1.0,1.0,-1.4458,0.0,0.0,True,both_converged
1597,13.0,0.6675,0.18372,0.12693,-0.057,1.0,1.0,-1.3538,0.0,0.0,True,1.0244,0.22734,0.18232,-0.1837,1.0,1.0,-1.4612,0.0,0.0,True,both_converged
1597,13.5,0.6857,0.18958,0.13355,-0.0603,1.0,1.0,-1.4026,0.0,0.0,True,1.0446,0.23491,0.19028,-0.1883,1.0,1.0,-1.4801,0.0,0.0,True,both_converged
1597,14.0,0.7035,0.19557,0.14037,-0.0637,1.0,1.0,-1.4497,0.0,0.0,True,1.0649,0.24249,0.19829,-0.1929,1.0,1.0,-1.4991,0.0,0.0,True,both_converged
1597,14.5,0.7212,0.20167,0.1472,-0.0674,1.0,1.0,-1.4935,0.0,0.0,True,1.0852,0.25011,0.20646,-0.1976,1.0,1.0,-1.5157,0.0,0.0,True,both_converged
1597,15.0,0.7386,0.20787,0.15411,-0.0712,1.0,1.0,-1.5358,0.0,0.0,True,1.1054,0.25776,0.21457,-0.2023,1.0,1.0,-1.5383,0.0,0.0,True,both_converged
1597,15.5,0.7561,0.21417,0.16108,-0.0752,1.0,1.0,-1.5728,0.0,0.0,True,1.1255,0.26545,0.22275,-0.2071,1.0,1.0,-1.5582,0.0,0.0,True,both_converged
1597,16.0,0.7735,0.22054,0.16818,-0.0793,1.0,1.0,-1.6111,0.0,0.0,True,1.1456,0.27317,0.23108,-0.2119,1.0,1.0,-1.579,0.0,0.0,True,both_converged
1597,16.5,0.7909,0.22698,0.17525,-0.0835,1.0,1.0,-1.6442,0.0,0.0,True,1.1656,0.28093,0.23936,-0.2167,1.0,1.0,-1.6021,0.0,0.0,True,both_converged
1597,17.0,0.8083,0.23348,0.18234,-0.0878,1.0,1.0,-1.6752,0.0,0.0,True,1.1854,0.28873,0.24771,-0.2216,1.0,1.0,-1.6224,0.0,0.0,True,both_converged
1597,17.5,0.8258,0.24003,0.18955,-0.0923,1.0,1.0,-1.7059,0.0,0.0,True,1.2051,0.29662,0.25625,-0.2265,1.0,1.0,-1.6483,0.0,0.0,True,both_converged
1597,18.0,0.8434,0.24662,0.19669,-0.0968,1.0,1.0,-1.7324,0.0,0.0,True,1.2246,0.30456,0.26477,-0.2315,1.0,1.0,-1.6714,0.0,0.0,True,both_converged
1597,18.5,0.861,0.25326,0.20386,-0.1014,1.0,1.0,-1.7575,0.0,0.0,True,1.244,0.31255,0.27334,-0.2365,1.0,1.0,-1.698,0.0,0.0,True,both_converged
1597,19.0,0.8787,0.25993,0.21106,-0.106,1.0,1.0,-1.7835,0.0,0.0,True,1.2632,0.32061,0.28208,-0.2416,1.0,1.0,-1.7238,0.0,0.0,True,both_converged
1597,19.5,0.8964,0.26665,0.21835,-0.1107,1.0,1.0,-1.8058,0.0,0.0,True,1.2822,0.3287,0.29078,-0.2467,1.0,1.0,-1.7525,0.0,0.0,True,both_converged
1597,20.0,0.9142,0.27338,0.22558,-0.1154,1.0,1.0,-1.8247,0.0,0.0,True,1.301,0.33684,0.29953,-0.2518,1.0,1.0,-1.7811,0.0,0.0,True,both_converged
1597,20.5,0.9319,0.28015,0.23284,-0.1202,1.0,1.0,-1.848,0.0,0.0,True,1.3196,0.34502,0.30834,-0.257,1.0,1.0,-1.8138,0.0,0.0,True,both_converged
1597,21.0,0.9496,0.28696,0.24019,-0.125,1.0,1.0,-1.8684,0.0,0.0,True,1.338,0.35327,0.31729,-0.2622,1.0,1.0,-1.8462,0.0,0.0,True,both_converged
1597,21.5,0.9673,0.29379,0.24749,-0.1299,1.0,1.0,-1.8858,0.0,0.0,True,1.3562,0.36156,0.32621,-0.2675,1.0,1.0,-1.8838,0.0,0.0,True,both_converged
1597,22.0,0.9849,0.3007,0.25486,-0.1348,1.0,1.0,-1.9017,0.0,0.0,True,1.3741,0.3699,0.33518,-0.2728,1.0,1.0,-1.9251,0.0,0.0,True,both_converged
1597,22.5,1.0024,0.30765,0.26227,-0.1397,1.0,1.0,-1.922,0.0,0.0,True,1.3918,0.37829,0.3443,-0.2781,1.0,1.0,-1.9721,0.0,0.0,True,both_converged
1597,23.0,1.0198,0.31463,0.26978,-0.1447,1.0,1.0,-1.9394,0.0,0.0,True,1.4092,0.38673,0.35337,-0.2835,1.0,1.0,-2.0363,0.0,0.0,True,both_converged
1597,23.5,1.0371,0.32164,0.27725,-0.1497,1.0,1.0,-1.9541,0.0,0.0,True,1.4264,0.39522,0.36249,-0.2889,1.0,1.0,-2.106,0.0,0.0,True,both_converged
1597,24.0,1.0542,0.32868,0.28474,-0.1547,1.0,1.0,-1.9663,0.0,0.0,True,1.4434,0.40376,0.37175,-0.2944,1.0,1.0,-2.1761,0.0,0.0,True,both_converged
1597,24.5,1.0712,0.33575,0.29225,-0.1597,1.0,1.0,-1.985,0.0,0.0,True,1.46,0.41234,0.38096,-0.2999,1.0,1.0,-2.2417,0.0,0.0,True,both_converged
1597,25.0,1.088,0.34284,0.29987,-0.1648,1.0,1.0,-2.0014,0.0,0.0,True,1.4764,0.42096,0.39021,-0.3054,1.0,1.0,-2.3025,0.0,0.0,True,both_converged
1597,25.5,1.1046,0.34995,0.30743,-0.17,1.0,1.0,-2.0154,0.0,0.0,True,1.4925,0.42962,0.39949,-0.311,1.0,1.0,-2.3585,0.0,0.0,True,both_converged
1597,26.0,1.1209,0.35709,0.31502,-0.1751,1.0,1.0,-2.0271,0.0,0.0,True,1.5083,0.43831,0.40889,-0.3165,1.0,1.0,-2.4096,0.0,0.0,True,both_converged
1597,26.5,1.137,0.36426,0.32271,-0.1803,1.0,1.0,-2.0391,0.0,0.0,True,1.5238,0.44702,0.41822,-0.3221,1.0,1.0,-2.4559,0.0,0.0,True,both_converged
1597,27.0,1.1529,0.37144,0.33034,-0.1855,1.0,1.0,-2.0559,0.0,0.0,True,1.539,0.45577,0.42757,-0.3278,1.0,1.0,-2.4974,0.0,0.0,True,both_converged
1597,27.5,1.1686,0.37865,0.338,-0.1907,1.0,1.0,-2.0704,0.0,0.0,True,1.5538,0.46454,0.43695,-0.3334,1.0,1.0,-2.5341,0.0,0.0,True,both_converged
1597,28.0,1.1839,0.38588,0.34568,-0.196,1.0,1.0,-2.0827,0.0,0.0,True,1.5683,0.47335,0.44645,-0.3391,1.0,1.0,-2.566,0.0,0.0,True,both_converged
1597,28.5,1.199,0.39312,0.35346,-0.2013,1.0,1.0,-2.0929,0.0,0.0,True,1.5825,0.48217,0.45586,-0.3448,1.0,1.0,-2.6069,0.0,0.0,True,both_converged
1597,29.0,1.2138,0.40038,0.36117,-0.2067,1.0,1.0,-2.1018,0.0,0.0,True,1.5963,0.49101,0.46529,-0.3505,1.0,1.0,-2.644,0.0,0.0,True,both_converged
1597,29.5,1.2282,0.40766,0.3689,-0.212,1.0,1.0,-2.1178,0.0,0.0,True,1.6098,0.49987,0.47473,-0.3562,1.0,1.0,-2.6766,0.0,0.0,True,both_converged
1597,30.0,1.2424,0.41494,0.37665,-0.2174,1.0,1.0,-2.1317,0.0,0.0,True,1.6228,0.50875,0.48428,-0.362,1.0,1.0,-2.7049,0.0,0.0,True,both_converged
3020,-30.0,-0.858,0.34394,0.31227,0.1088,1.0,1.0,-1.5561,0.0,0.0,True,-0.88,0.34032,0.30847,0.0981,1.0,1.0,-1.3595,0.0,0.0,True,both_converged
3020,-29.5,-0.8425,0.33777,0.30593,0.1036,1.0,1.0,-1.5479,0.0,0.0,True,-0.8655,0.33439,0.30235,0.093,1.0,1.0,-1.3451,0.0,0.0,True,both_converged
3020,-29.0,-0.8267,0.33161,0.29954,0.0986,1.0,1.0,-1.5404,0.0,0.0,True,-0.8507,0.32848,0.29627,0.088,1.0,1.0,-1.3353,0.0,0.0,True,both_converged
3020,-28.5,-0.8106,0.32547,0.29324,0.0936,1.0,1.0,-1.5317,0.0,0.0,True,-0.8356,0.32262,0.29025,0.0831,1.0,1.0,-1.3279,0.0,0.0,True,both_converged
3020,-28.0,-0.7943,0.3194,0.28701,0.0886,1.0,1.0,-1.5216,0.0,0.0,True,-0.8203,0.31688,0.28426,0.0782,1.0,1.0,-1.3194,0.0,0.0,True,both_converged
3020,-27.5,-0.7776,0.31342,0.28087,0.0837,1.0,1.0,-1.51,0.0,0.0,True,-0.8047,0.31116,0.27839,0.0735,1.0,1.0,-1.31,0.0,0.0,True,both_converged
3020,-27.0,-0.7607,0.30745,0.2747,0.0788,1.0,1.0,-1.4969,0.0,0.0,True,-0.7888,0.30547,0.27256,0.0687,1.0,1.0,-1.2995,0.0,0.0,True,both_converged
3020,-26.5,-0.7435,0.30151,0.26862,0.074,1.0,1.0,-1.4827,0.0,0.0,True,-0.7727,0.29981,0.26676,0.0641,1.0,1.0,-1.2878,0.0,0.0,True,both_converged
3020,-26.0,-0.7261,0.2956,0.26257,0.0693,1.0,1.0,-1.4767,0.0,0.0,True,-0.7564,0.29418,0.26093,0.0596,1.0,1.0,-1.2805,0.0,0.0,True,both_converged
3020,-25.5,-0.7085,0.28971,0.25655,0.0646,1.0,1.0,-1.4694,0.0,0.0,True,-0.7399,0.28858,0.25522,0.0551,1.0,1.0,-1.2784,0.0,0.0,True,both_converged
3020,-25.0,-0.6907,0.28385,0.2505,0.06,1.0,1.0,-1.4607,0.0,0.0,True,-0.7233,0.28302,0.24955,0.0507,1.0,1.0,-1.2758,0.0,0.0,True,both_converged
3020,-24.5,-0.6726,0.27802,0.24455,0.0555,1.0,1.0,-1.4506,0.0,0.0,True,-0.7064,0.27749,0.24392,0.0464,1.0,1.0,-1.2728,0.0,0.0,True,both_converged
3020,-24.0,-0.6544,0.27222,0.23864,0.051,1.0,1.0,-1.4389,0.0,0.0,True,-0.6894,0.272,0.23827,0.0422,1.0,1.0,-1.2693,0.0,0.0,True,both_converged
3020,-23.5,-0.636,0.26646,0.23276,0.0466,1.0,1.0,-1.4254,0.0,0.0,True,-0.6722,0.26654,0.23273,0.0381,1.0,1.0,-1.2652,0.0,0.0,True,both_converged
3020,-23.0,-0.6175,0.26073,0.22688,0.0423,1.0,1.0,-1.4124,0.0,0.0,True,-0.6549,0.26112,0.22725,0.0341,1.0,1.0,-1.2603,0.0,0.0,True,both_converged
3020,-22.5,-0.5988,0.25504,0.22109,0.038,1.0,1.0,-1.4065,0.0,0.0,True,-0.6374,0.25574,0.22181,0.0301,1.0,1.0,-1.2547,0.0,0.0,True,both_converged
3020,-22.0,-0.5799,0.24938,0.21534,0.0338,1.0,1.0,-1.3992,0.0,0.0,True,-0.6199,0.25041,0.21637,0.0263,1.0,1.0,-1.2483,0.0,0.0,True,both_converged
3020,-21.5,-0.561,0.24377,0.20964,0.0297,1.0,1.0,-1.3903,0.0,0.0,True,-0.6022,0.24512,0.21104,0.0226,1.0,1.0,-1.2411,0.0,0.0,True,both_converged
3020,-21.0,-0.5419,0.2382,0.20394,0.0257,1.0,1.0,-1.3797,0.0,0.0,True,-0.5845,0.23988,0.20577,0.019,1.0,1.0,-1.2328,0.0,0.0,True,both_converged
3020,-20.5,-0.5228,0.23267,0.19834,0.0217,1.0,1.0,-1.3673,0.0,0.0,True,-0.5668,0.23468,0.20056,0.0155,1.0,1.0,-1.2237,0.0,0.0,True,both_converged
3020,-20.0,-0.5036,0.22719,0.19279,0.0178,1.0,1.0,-1.3529,0.0,0.0,True,-0.549,0.22953,0.19535,0.0121,1.0,1.0,-1.2135,0.0,0.0,True,both_converged
3020,-19.5,-0.4843,0.22175,0.18725,0.0141,1.0,1.0,-1.3445,0.0,0.0,True,-0.5312,0.22443,0.19026,0.0088,1.0,1.0,-1.2139,0.0,0.0,True,both_converged
3020,-19.0,-0.4651,0.21637,0.18181,0.0104,1.0,1.0,-1.3378,0.0,0.0,True,-0.5134,0.21938,0.18523,0.0057,1.0,1.0,-1.2174,0.0,0.0,True,both_converged
3020,-18.5,-0.4458,0.21104,0.17643,0.0068,1.0,1.0,-1.3294,0.0,0.0,True,-0.4956,0.21437,0.1802,0.0026,1.0,1.0,-1.221,0.0,0.0,True,both_converged
3020,-18.0,-0.4265,0.20576,0.17111,0.0032,1.0,1.0,-1.3191,0.0,0.0,True,-0.4778,0.20941,0.17528,-0.0003,1.0,1.0,-1.2243,0.0,0.0,True,both_converged
3020,-17.5,-0.4073,0.20054,0.16581,-0.0002,1.0,1.0,-1.3069,0.0,0.0,True,-0.4602,0.20451,0.17043,-0.0031,1.0,1.0,-1.2275,0.0,0.0,True,both_converged
3020,-17.0,-0.3882,0.19538,0.16062,-0.0035,1.0,1.0,-1.2926,0.0,0.0,True,-0.4426,0.19965,0.16564,-0.0057,1.0,1.0,-1.2303,0.0,0.0,True,both_converged
3020,-16.5,-0.3691,0.19027,0.15548,-0.0067,1.0,1.0,-1.2845,0.0,0.0,True,-0.4252,0.19485,0.16087,-0.0082,1.0,1.0,-1.233,0.0,0.0,True,both_converged
3020,-16.0,-0.3502,0.18522,0.15038,-0.0099,1.0,1.0,-1.2775,0.0,0.0,True,-0.4079,0.1901,0.15621,-0.0106,1.0,1.0,-1.2351,0.0,0.0,True,both_converged
3020,-15.5,-0.3314,0.18023,0.14537,-0.0129,1.0,1.0,-1.2685,0.0,0.0,True,-0.3908,0.1854,0.15161,-0.0129,1.0,1.0,-1.2367,0.0,0.0,True,both_converged
3020,-15.0,-0.3128,0.1753,0.14044,-0.0158,1.0,1.0,-1.2576,0.0,0.0,True,-0.3739,0.18075,0.14708,-0.015,1.0,1.0,-1.2376,0.0,0.0,True,both_converged
3020,-14.5,-0.2944,0.17043,0.13554,-0.0186,1.0,1.0,-1.2447,0.0,0.0,True,-0.3573,0.17615,0.14255,-0.017,1.0,1.0,-1.2379,0.0,0.0,True,both_converged
3020,-14.0,-0.2764,0.16562,0.13074,-0.0213,1.0,1.0,-1.234,0.0,0.0,True,-0.3409,0.1716,0.13814,-0.0188,1.0,1.0,-1.2372,0.0,0.0,True,both_converged
3020,-13.5,-0.2586,0.16088,0.12601,-0.0239,1.0,1.0,-1.2277,0.0,0.0,True,-0.3248,0.1671,0.13378,-0.0205,1.0,1.0,-1.2357,0.0,0.0,True,both_converged
3020,-13.0,-0.2411,0.1562,0.12135,-0.0263,1.0,1.0,-1.2196,0.0,0.0,True,-0.309,0.16264,0.12948,-0.022,1.0,1.0,-1.2331,0.0,0.0,True,both_converged
3020,-12.5,-0.2241,0.15157,0.11672,-0.0287,1.0,1.0,-1.2096,0.0,0.0,True,-0.2935,0.15822,0.12519,-0.0234,1.0,1.0,-1.2295,0.0,0.0,True,both_converged
3020,-12.0,-0.2075,0.14702,0.1122,-0.0309,1.0,1.0,-1.1977,0.0,0.0,True,-0.2785,0.15385,0.12099,-0.0246,1.0,1.0,-1.2247,0.0,0.0,True,both_converged
3020,-11.5,-0.1914,0.14253,0.10775,-0.033,1.0,1.0,-1.1902,0.0,0.0,True,-0.2638,0.14952,0.11685,-0.0257,1.0,1.0,-1.2316,0.0,0.0,True,both_converged
3020,-11.0,-0.1759,0.13809,0.10333,-0.035,1.0,1.0,-1.1845,0.0,0.0,True,-0.2495,0.14522,0.11275,-0.0266,1.0,1.0,-1.2405,0.0,0.0,True,both_converged
3020,-10.5,-0.1611,0.13372,0.09901,-0.0368,1.0,1.0,-1.1772,0.0,0.0,True,-0.2357,0.14096,0.10865,-0.0274,1.0,1.0,-1.2488,0.0,0.0,True,both_converged
3020,-10.0,-0.1469,0.12942,0.09477,-0.0385,1.0,1.0,-1.1683,0.0,0.0,True,-0.2223,0.13674,0.10464,-0.0281,1.0,1.0,-1.2561,0.0,0.0,True,both_converged
3020,-9.5,-0.1336,0.12519,0.09061,-0.0401,1.0,1.0,-1.1608,0.0,0.0,True,-0.2094,0.13255,0.10068,-0.0286,1.0,1.0,-1.2624,0.0,0.0,True,both_converged
3020,-9.0,-0.1211,0.12103,0.0865,-0.0415,1.0,1.0,-1.1577,0.0,0.0,True,-0.197,0.12841,0.09677,-0.0289,1.0,1.0,-1.2676,0.0,0.0,True,both_converged
3020,-8.5,-0.1097,0.11695,0.08251,-0.0427,1.0,1.0,-1.1533,0.0,0.0,True,-0.185,0.1243,0.09286,-0.0292,1.0,1.0,-1.2716,0.0,0.0,True,both_converged
3020,-8.0,-0.0993,0.11296,0.07862,-0.0438,1.0,1.0,-1.1478,0.0,0.0,True,-0.1735,0.12025,0.08907,-0.0293,1.0,1.0,-1.274,0.0,0.0,True,both_converged
3020,-7.5,-0.0903,0.10905,0.07484,-0.0447,1.0,1.0,-1.1439,0.0,0.0,True,-0.1625,0.11626,0.08533,-0.0292,1.0,1.0,-1.275,0.0,0.0,True,both_converged
3020,-7.0,-0.0828,0.10526,0.07118,-0.0454,1.0,1.0,-1.1442,0.0,0.0,True,-0.1519,0.11232,0.08167,-0.0291,1.0,1.0,-1.2742,0.0,0.0,True,both_converged
3020,-6.5,-0.0772,0.10158,0.06762,-0.0459,1.0,1.0,-1.1443,0.0,0.0,True,-0.1419,0.10845,0.07808,-0.0288,1.0,1.0,-1.2718,0.0,0.0,True,both_converged
3020,-6.0,-0.0736,0.09801,0.06425,-0.0461,1.0,1.0,-1.1444,0.0,0.0,True,-0.1324,0.10465,0.07454,-0.0285,1.0,1.0,-1.2677,0.0,0.0,True,both_converged
3020,-5.5,-0.0726,0.09457,0.06104,-0.0459,1.0,1.0,-1.1472,0.0,0.0,True,-0.1235,0.10094,0.07114,-0.028,1.0,1.0,-1.2617,0.0,0.0,True,both_converged
3020,-5.0,-0.0746,0.09124,0.05798,-0.0454,1.0,1.0,-1.1546,0.0,0.0,True,-0.1152,0.09732,0.06784,-0.0273,1.0,1.0,-1.2595,0.0,0.0,True,both_converged
3020,-4.5,-0.0801,0.08801,0.05506,-0.0444,1.0,1.0,-1.1638,0.0,0.0,True,-0.1077,0.09378,0.06465,-0.0265,1.0,1.0,-1.2633,0.0,0.0,True,both_converged
3020,-4.0,-0.0896,0.08484,0.05224,-0.0429,1.0,1.0,-1.1757,0.0,0.0,True,-0.1012,0.09035,0.06157,-0.0256,1.0,1.0,-1.2655,0.0,0.0,True,both_converged
3020,-3.5,-0.1039,0.08168,0.04945,-0.0408,1.0,1.0,-1.1915,0.0,0.0,True,-0.0956,0.08699,0.05856,-0.0245,1.0,1.0,-1.2663,0.0,0.0,True,both_converged
3020,-3.0,-0.1231,0.07855,0.04669,-0.0381,1.0,1.0,-1.2121,0.0,0.0,True,-0.0912,0.08372,0.05569,-0.0232,1.0,1.0,-1.2657,0.0,0.0,True,both_converged
3020,-2.5,-0.1401,0.07571,0.04371,-0.0355,1.0,1.0,-1.2256,0.0,0.0,True,-0.088,0.08052,0.0529,-0.0217,1.0,1.0,-1.264,0.0,0.0,True,both_converged
3020,-2.0,-0.135,0.07381,0.0405,-0.0355,1.0,1.0,-1.1956,0.0,0.0,True,-0.086,0.07736,0.05019,-0.0201,1.0,1.0,-1.2612,0.0,0.0,True,both_converged
3020,-1.5,-0.109,0.07304,0.03777,-0.0367,1.0,1.0,-1.1166,0.0,0.0,True,-0.0848,0.07424,0.04752,-0.0185,1.0,1.0,-1.2569,0.0,0.0,True,both_converged
3020,-1.0,-0.0761,0.07299,0.03575,-0.0374,1.0,1.0,-1.0215,0.0,0.0,True,-0.0783,0.07122,0.04484,-0.0185,1.0,1.0,-1.2446,0.0,0.0,True,both_converged
3020,-0.5,-0.0415,0.07337,0.03443,-0.0376,1.0,1.0,-0.9191,0.0,0.0,True,-0.0384,0.06867,0.04199,-0.0267,1.0,1.0,-1.2008,0.0,0.0,True,both_converged
3020,0.0,-0.0066,0.07408,0.03361,-0.0376,1.0,1.0,-0.818,0.0,0.0,True,0.0727,0.06776,0.03951,-0.0512,1.0,1.0,-1.0583,0.0,0.0,True,both_converged
3020,0.5,0.028,0.07505,0.03331,-0.0373,1.0,1.0,-0.722,0.0,0.0,True,0.2218,0.06915,0.03819,-0.081,1.0,1.0,-0.8288,0.0,0.0,True,both_converged
3020,1.0,0.0621,0.07626,0.0334,-0.037,1.0,1.0,-0.6307,0.0,0.0,True,0.3367,0.07125,0.0379,-0.0991,1.0,1.0,-0.6666,0.0,0.0,True,both_converged
3020,1.5,0.0957,0.07771,0.03392,-0.0367,1.0,1.0,-0.5452,0.0,0.0,True,0.421,0.0733,0.03824,-0.1085,1.0,1.0,-0.7666,0.0,0.0,True,both_converged
3020,2.0,0.1285,0.07937,0.03479,-0.0364,1.0,1.0,-0.5135,0.0,0.0,True,0.4898,0.07533,0.0392,-0.1137,1.0,1.0,-0.8586,0.0,0.0,True,both_converged
3020,2.5,0.1606,0.08126,0.03604,-0.0362,1.0,1.0,-0.5327,0.0,0.0,True,0.5502,0.07745,0.04074,-0.117,1.0,1.0,-0.9485,0.0,0.0,True,both_converged
3020,3.0,0.192,0.08336,0.03763,-0.036,1.0,1.0,-0.5523,0.0,0.0,True,0.6051,0.07976,0.04294,-0.1194,1.0,1.0,-1.036,0.0,0.0,True,both_converged
3020,3.5,0.2226,0.08567,0.03956,-0.0359,1.0,1.0,-0.5724,0.0,0.0,True,0.6555,0.08237,0.04585,-0.1212,1.0,1.0,-1.1179,0.0,0.0,True,both_converged
3020,4.0,0.2524,0.08821,0.04181,-0.0359,1.0,1.0,-0.5932,0.0,0.0,True,0.7013,0.08547,0.04966,-0.1231,1.0,1.0,-1.1971,0.0,0.0,True,both_converged
3020,4.5,0.2814,0.09096,0.04439,-0.0361,1.0,1.0,-0.6151,0.0,0.0,True,0.7411,0.08941,0.05456,-0.1254,1.0,1.0,-1.2605,0.0,0.0,True,both_converged
3020,5.0,0.3096,0.09392,0.04729,-0.0364,1.0,1.0,-0.6384,0.0,0.0,True,0.7707,0.09492,0.06113,-0.1287,1.0,1.0,-1.3,0.0,0.0,True,both_converged
3020,5.5,0.337,0.0971,0.05049,-0.0367,1.0,1.0,-0.6636,0.0,0.0,True,0.7854,0.10273,0.06961,-0.1335,1.0,1.0,-1.3034,0.0,0.0,True,both_converged
3020,6.0,0.3635,0.1005,0.05401,-0.0373,1.0,1.0,-0.6909,0.0,0.0,True,0.793,0.11175,0.07877,-0.1389,1.0,1.0,-1.2859,0.0,0.0,True,both_converged
3020,6.5,0.3893,0.10412,0.0578,-0.038,1.0,1.0,-0.722,0.0,0.0,True,0.8031,0.1206,0.08767,-0.144,1.0,1.0,-1.2715,0.0,0.0,True,both_converged
3020,7.0,0.4143,0.10796,0.06192,-0.0388,1.0,1.0,-0.7564,0.0,0.0,True,0.8159,0.12909,0.09616,-0.1487,1.0,1.0,-1.2672,0.0,0.0,True,both_converged
3020,7.5,0.4385,0.11202,0.06629,-0.0398,1.0,1.0,-0.7942,0.0,0.0,True,0.8305,0.13734,0.10442,-0.1532,1.0,1.0,-1.2653,0.0,0.0,True,both_converged
3020,8.0,0.4619,0.11629,0.07094,-0.041,1.0,1.0,-0.836,0.0,0.0,True,0.8466,0.14541,0.11253,-0.1575,1.0,1.0,-1.2646,0.0,0.0,True,both_converged
3020,8.5,0.4845,0.12077,0.0759,-0.0424,1.0,1.0,-0.8813,0.0,0.0,True,0.8636,0.15334,0.12052,-0.1616,1.0,1.0,-1.2714,0.0,0.0,True,both_converged
3020,9.0,0.5064,0.12547,0.08107,-0.0439,1.0,1.0,-0.9294,0.0,0.0,True,0.8813,0.16117,0.12853,-0.1657,1.0,1.0,-1.2784,0.0,0.0,True,both_converged
3020,9.5,0.5275,0.13038,0.08649,-0.0457,1.0,1.0,-0.9796,0.0,0.0,True,0.8998,0.16892,0.13638,-0.1698,1.0,1.0,-1.2849,0.0,0.0,True,both_converged
3020,10.0,0.5478,0.1355,0.09221,-0.0477,1.0,1.0,-1.0312,0.0,0.0,True,0.9187,0.17661,0.1442,-0.1739,1.0,1.0,-1.2976,0.0,0.0,True,both_converged
3020,10.5,0.5675,0.1408,0.0981,-0.0499,1.0,1.0,-1.0833,0.0,0.0,True,0.938,0.18427,0.15201,-0.1779,1.0,1.0,-1.3098,0.0,0.0,True,both_converged
3020,11.0,0.5866,0.14631,0.10425,-0.0523,1.0,1.0,-1.1362,0.0,0.0,True,0.9576,0.19191,0.15992,-0.182,1.0,1.0,-1.3203,0.0,0.0,True,both_converged
3020,11.5,0.6052,0.15198,0.11053,-0.0549,1.0,1.0,-1.1884,0.0,0.0,True,0.9774,0.19955,0.16775,-0.1861,1.0,1.0,-1.3373,0.0,0.0,True,both_converged
3020,12.0,0.6233,0.15783,0.11698,-0.0578,1.0,1.0,-1.2382,0.0,0.0,True,0.9974,0.20718,0.1756,-0.1902,1.0,1.0,-1.3525,0.0,0.0,True,both_converged
3020,12.5,0.641,0.16384,0.12359,-0.0609,1.0,1.0,-1.2866,0.0,0.0,True,1.0175,0.21483,0.18349,-0.1944,1.0,1.0,-1.3666,0.0,0.0,True,both_converged
3020,13.0,0.6585,0.17,0.13039,-0.0642,1.0,1.0,-1.3325,0.0,0.0,True,1.0377,0.2225,0.19152,-0.1986,1.0,1.0,-1.3859,0.0,0.0,True,both_converged
3020,13.5,0.6757,0.17628,0.13724,-0.0677,1.0,1.0,-1.3749,0.0,0.0,True,1.0579,0.23021,0.19951,-0.2029,1.0,1.0,-1.4025,0.0,0.0,True,both_converged
3020,14.0,0.6929,0.18268,0.14419,-0.0714,1.0,1.0,-1.4153,0.0,0.0,True,1.0781,0.23796,0.20755,-0.2073,1.0,1.0,-1.4202,0.0,0.0,True,both_converged
3020,14.5,0.7101,0.18918,0.15127,-0.0753,1.0,1.0,-1.4518,0.0,0.0,True,1.0983,0.24573,0.21572,-0.2116,1.0,1.0,-1.4403,0.0,0.0,True,both_converged
3020,15.0,0.7273,0.19577,0.15837,-0.0793,1.0,1.0,-1.4854,0.0,0.0,True,1.1184,0.25355,0.22388,-0.2161,1.0,1.0,-1.4574,0.0,0.0,True,both_converged
3020,15.5,0.7447,0.20244,0.1655,-0.0835,1.0,1.0,-1.5174,0.0,0.0,True,1.1385,0.26142,0.2321,-0.2206,1.0,1.0,-1.479,0.0,0.0,True,both_converged
3020,16.0,0.7622,0.20917,0.17275,-0.0877,1.0,1.0,-1.5439,0.0,0.0,True,1.1584,0.26934,0.24046,-0.2252,1.0,1.0,-1.4992,0.0,0.0,True,both_converged
3020,16.5,0.7798,0.21596,0.17997,-0.0921,1.0,1.0,-1.5723,0.0,0.0,True,1.1783,0.27732,0.24882,-0.2298,1.0,1.0,-1.5191,0.0,0.0,True,both_converged
3020,17.0,0.7977,0.22281,0.18723,-0.0965,1.0,1.0,-1.5967,0.0,0.0,True,1.198,0.28535,0.25725,-0.2345,1.0,1.0,-1.5424,0.0,0.0,True,both_converged
3020,17.5,0.8157,0.22971,0.19453,-0.1009,1.0,1.0,-1.6171,0.0,0.0,True,1.2176,0.29345,0.26583,-0.2392,1.0,1.0,-1.5622,0.0,0.0,True,both_converged
3020,18.0,0.8339,0.23666,0.20191,-0.1055,1.0,1.0,-1.6411,0.0,0.0,True,1.237,0.30161,0.2744,-0.244,1.0,1.0,-1.5884,0.0,0.0,True,both_converged
3020,18.5,0.8521,0.24364,0.20925,-0.11,1.0,1.0,-1.6611,0.0,0.0,True,1.2562,0.30982,0.28304,-0.2489,1.0,1.0,-1.6111,0.0,0.0,True,both_converged
3020,19.0,0.8704,0.25067,0.21664,-0.1146,1.0,1.0,-1.6773,0.0,0.0,True,1.2752,0.31821,0.29193,-0.2537,1.0,1.0,-1.6387,0.0,0.0,True,both_converged
3020,19.5,0.8888,0.25774,0.22405,-0.1193,1.0,1.0,-1.698,0.0,0.0,True,1.294,0.32666,0.30082,-0.2587,1.0,1.0,-1.664,0.0,0.0,True,both_converged
3020,20.0,0.9072,0.26485,0.23156,-0.124,1.0,1.0,-1.7162,0.0,0.0,True,1.3125,0.33519,0.3098,-0.2636,1.0,1.0,-1.6962,0.0,0.0,True,both_converged
3020,20.5,0.9256,0.272,0.23904,-0.1287,1.0,1.0,-1.7311,0.0,0.0,True,1.3309,0.34379,0.31885,-0.2687,1.0,1.0,-1.7288,0.0,0.0,True,both_converged
3020,21.0,0.9439,0.2792,0.24656,-0.1334,1.0,1.0,-1.7463,0.0,0.0,True,1.3491,0.35247,0.32804,-0.2738,1.0,1.0,-1.7662,0.0,0.0,True,both_converged
3020,21.5,0.9622,0.28645,0.25419,-0.1382,1.0,1.0,-1.7647,0.0,0.0,True,1.3671,0.36121,0.33725,-0.2789,1.0,1.0,-1.8385,0.0,0.0,True,both_converged
3020,22.0,0.9803,0.29373,0.26179,-0.143,1.0,1.0,-1.7801,0.0,0.0,True,1.3848,0.37003,0.34652,-0.2841,1.0,1.0,-1.9225,0.0,0.0,True,both_converged
3020,22.5,0.9984,0.30105,0.26942,-0.1479,1.0,1.0,-1.7925,0.0,0.0,True,1.4023,0.37892,0.35593,-0.2893,1.0,1.0,-2.0017,0.0,0.0,True,both_converged
3020,23.0,1.0163,0.3084,0.27708,-0.1527,1.0,1.0,-1.8068,0.0,0.0,True,1.4196,0.38788,0.36535,-0.2945,1.0,1.0,-2.0756,0.0,0.0,True,both_converged
3020,23.5,1.034,0.31578,0.28483,-0.1577,1.0,1.0,-1.8241,0.0,0.0,True,1.4366,0.3969,0.37483,-0.2999,1.0,1.0,-2.1439,0.0,0.0,True,both_converged
3020,24.0,1.0515,0.32332,0.29267,-0.1626,1.0,1.0,-1.8385,0.0,0.0,True,1.4534,0.406,0.38438,-0.3052,1.0,1.0,-2.2064,0.0,0.0,True,both_converged
3020,24.5,1.0688,0.33089,0.30055,-0.1676,1.0,1.0,-1.8501,0.0,0.0,True,1.4699,0.41516,0.39404,-0.3106,1.0,1.0,-2.2627,0.0,0.0,True,both_converged
3020,25.0,1.0859,0.33849,0.30852,-0.1726,1.0,1.0,-1.8601,0.0,0.0,True,1.4862,0.42437,0.4037,-0.316,1.0,1.0,-2.3129,0.0,0.0,True,both_converged
3020,25.5,1.1028,0.34612,0.31646,-0.1776,1.0,1.0,-1.8776,0.0,0.0,True,1.5021,0.43363,0.4134,-0.3215,1.0,1.0,-2.3586,0.0,0.0,True,both_converged
3020,26.0,1.1194,0.35378,0.32443,-0.1827,1.0,1.0,-1.8926,0.0,0.0,True,1.5178,0.44294,0.4232,-0.3269,1.0,1.0,-2.4117,0.0,0.0,True,both_converged
3020,26.5,1.1357,0.36147,0.33243,-0.1878,1.0,1.0,-1.9051,0.0,0.0,True,1.5333,0.4523,0.43298,-0.3325,1.0,1.0,-2.4587,0.0,0.0,True,both_converged
3020,27.0,1.1518,0.36919,0.34052,-0.1929,1.0,1.0,-1.9151,0.0,0.0,True,1.5483,0.46171,0.44281,-0.338,1.0,1.0,-2.4995,0.0,0.0,True,both_converged
3020,27.5,1.1677,0.37693,0.34857,-0.1981,1.0,1.0,-1.9252,0.0,0.0,True,1.5631,0.47116,0.45267,-0.3436,1.0,1.0,-2.5344,0.0,0.0,True,both_converged
3020,28.0,1.1832,0.3847,0.35665,-0.2033,1.0,1.0,-1.9418,0.0,0.0,True,1.5776,0.48064,0.46262,-0.3492,1.0,1.0,-2.5635,0.0,0.0,True,both_converged
3020,28.5,1.1984,0.39248,0.36474,-0.2085,1.0,1.0,-1.956,0.0,0.0,True,1.5917,0.49016,0.47253,-0.3548,1.0,1.0,-2.5873,0.0,0.0,True,both_converged
3020,29.0,1.2133,0.40028,0.37292,-0.2138,1.0,1.0,-1.968,0.0,0.0,True,1.6055,0.4997,0.48247,-0.3604,1.0,1.0,-2.6059,0.0,0.0,True,both_converged
3020,29.5,1.2279,0.4081,0.38106,-0.2191,1.0,1.0,-1.9778,0.0,0.0,True,1.6189,0.50926,0.49241,-0.3661,1.0,1.0,-2.6199,0.0,0.0,True,both_converged
3020,30.0,1.2422,0.41594,0.38921,-0.2244,1.0,1.0,-1.9857,0.0,0.0,True,1.6319,0.51884,0.50244,-0.3717,1.0,1.0,-2.6295,0.0,0.0,True,both_converged
4896,-30.0,-0.9264,0.37577,0.35151,0.122,1.0,0.6669,-1.5906,0.0,0.0,True,-0.9455,0.38735,0.36274,0.1046,1.0,0.5048,-1.4327,0.0,0.0,True,both_converged
4896,-29.5,-0.9076,0.36556,0.3412,0.1174,1.0,0.6933,-1.569,0.0,0.0,True,-0.9321,0.38131,0.35657,0.1005,1.0,0.5218,-1.4161,0.0,0.0,True,both_converged
4896,-29.0,-0.892,0.3631,0.33868,0.1134,1.0,0.7207,-1.5503,0.0,0.0,True,-0.9166,0.37162,0.34675,0.0963,1.0,0.541,-1.3948,0.0,0.0,True,both_converged
4896,-28.5,-0.8729,0.35628,0.33166,0.1089,1.0,0.7522,-1.527,0.0,0.0,True,-0.9016,0.3643,0.33931,0.0923,1.0,0.5621,-1.3734,0.0,0.0,True,both_converged
4896,-28.0,-0.8523,0.34832,0.3236,0.1042,1.0,0.7858,-1.5112,0.0,0.0,True,-0.8888,0.36151,0.33645,0.0887,1.0,0.5833,-1.3594,0.0,0.0,True,both_converged
4896,-27.5,-0.8314,0.3422,0.3174,0.0994,1.0,0.8212,-1.4945,0.0,0.0,True,-0.8716,0.35139,0.32619,0.0846,1.0,0.6075,-1.3437,0.0,0.0,True,both_converged
4896,-27.0,-0.8041,0.32841,0.30344,0.093,1.0,0.8626,-1.4711,0.0,0.0,True,-0.8577,0.34753,0.32229,0.0812,1.0,0.6329,-1.3315,0.0,0.0,True,both_converged
4896,-26.5,-0.7787,0.32315,0.29801,0.0869,1.0,0.9068,-1.4485,0.0,0.0,True,-0.8419,0.34169,0.31636,0.0777,1.0,0.6624,-1.3158,0.0,0.0,True,both_converged
4896,-26.0,-0.7428,0.30796,0.2826,0.0775,1.0,0.9587,-1.4161,0.0,0.0,True,-0.8229,0.33185,0.30646,0.0739,1.0,0.6959,-1.2954,0.0,0.0,True,both_converged
4896,-25.5,-0.7025,0.29042,0.26477,0.0661,1.0,1.0,-1.3802,0.0,0.0,True,-0.8026,0.32205,0.2965,0.0699,1.0,0.7359,-1.2724,0.0,0.0,True,both_converged
4896,-25.0,-0.6845,0.28415,0.25835,0.0615,1.0,1.0,-1.3743,0.0,0.0,True,-0.7809,0.31267,0.28704,0.0658,1.0,0.782,-1.2517,0.0,0.0,True,both_converged
4896,-24.5,-0.6662,0.2779,0.25201,0.0569,1.0,1.0,-1.3669,0.0,0.0,True,-0.7548,0.30181,0.27609,0.0607,1.0,0.84,-1.2358,0.0,0.0,True,both_converged
4896,-24.0,-0.6477,0.2717,0.24572,0.0524,1.0,1.0,-1.358,0.0,0.0,True,-0.7163,0.28753,0.26156,0.0523,1.0,0.9254,-1.2106,0.0,0.0,True,both_converged
4896,-23.5,-0.629,0.26552,0.23946,0.048,1.0,1.0,-1.3474,0.0,0.0,True,-0.6606,0.26454,0.23822,0.0371,1.0,1.0,-1.1774,0.0,0.0,True,both_converged
4896,-23.0,-0.6102,0.25939,0.23321,0.0436,1.0,1.0,-1.335,0.0,0.0,True,-0.643,0.25878,0.2324,0.0331,1.0,1.0,-1.1734,0.0,0.0,True,both_converged
4896,-22.5,-0.5912,0.2533,0.22704,0.0393,1.0,1.0,-1.3207,0.0,0.0,True,-0.6252,0.25306,0.22658,0.0291,1.0,1.0,-1.1688,0.0,0.0,True,both_converged
4896,-22.0,-0.5721,0.24725,0.22092,0.0351,1.0,1.0,-1.3079,0.0,0.0,True,-0.6074,0.24739,0.22088,0.0252,1.0,1.0,-1.1633,0.0,0.0,True,both_converged
4896,-21.5,-0.5528,0.24124,0.21481,0.0309,1.0,1.0,-1.3021,0.0,0.0,True,-0.5895,0.24177,0.21523,0.0214,1.0,1.0,-1.1571,0.0,0.0,True,both_converged
4896,-21.0,-0.5335,0.23528,0.20878,0.0269,1.0,1.0,-1.2945,0.0,0.0,True,-0.5715,0.2362,0.20964,0.0177,1.0,1.0,-1.1499,0.0,0.0,True,both_converged
4896,-20.5,-0.514,0.22936,0.20281,0.0229,1.0,1.0,-1.2852,0.0,0.0,True,-0.5534,0.23068,0.20407,0.0142,1.0,1.0,-1.1418,0.0,0.0,True,both_converged
4896,-20.0,-0.4944,0.22349,0.19688,0.019,1.0,1.0,-1.274,0.0,0.0,True,-0.5353,0.22522,0.19861,0.0107,1.0,1.0,-1.1327,0.0,0.0,True,both_converged
4896,-19.5,-0.4748,0.21767,0.19098,0.0151,1.0,1.0,-1.2606,0.0,0.0,True,-0.5172,0.21982,0.19321,0.0074,1.0,1.0,-1.1225,0.0,0.0,True,both_converged
4896,-19.0,-0.4552,0.21191,0.18518,0.0114,1.0,1.0,-1.2451,0.0,0.0,True,-0.4992,0.21446,0.18788,0.0042,1.0,1.0,-1.1112,0.0,0.0,True,both_converged
4896,-18.5,-0.4355,0.2062,0.17943,0.0078,1.0,1.0,-1.2394,0.0,0.0,True,-0.4811,0.20916,0.18256,0.0011,1.0,1.0,-1.1092,0.0,0.0,True,both_converged
4896,-18.0,-0.4159,0.20054,0.17372,0.0042,1.0,1.0,-1.2324,0.0,0.0,True,-0.4631,0.20392,0.17736,-0.0018,1.0,1.0,-1.1133,0.0,0.0,True,both_converged
4896,-17.5,-0.3962,0.19495,0.1681,0.0008,1.0,1.0,-1.2234,0.0,0.0,True,-0.4452,0.19873,0.17222,-0.0046,1.0,1.0,-1.1175,0.0,0.0,True,both_converged
4896,-17.0,-0.3766,0.18942,0.16254,-0.0026,1.0,1.0,-1.2123,0.0,0.0,True,-0.4275,0.19359,0.1671,-0.0073,1.0,1.0,-1.1217,0.0,0.0,True,both_converged
4896,-16.5,-0.3571,0.18394,0.15702,-0.0059,1.0,1.0,-1.199,0.0,0.0,True,-0.4099,0.18852,0.1621,-0.0098,1.0,1.0,-1.1259,0.0,0.0,True,both_converged
4896,-16.0,-0.3377,0.17853,0.1516,-0.009,1.0,1.0,-1.1857,0.0,0.0,True,-0.3924,0.1835,0.15716,-0.0122,1.0,1.0,-1.1299,0.0,0.0,True,both_converged
4896,-15.5,-0.3184,0.17318,0.14624,-0.0121,1.0,1.0,-1.1802,0.0,0.0,True,-0.3752,0.17855,0.15229,-0.0145,1.0,1.0,-1.1337,0.0,0.0,True,both_converged
4896,-15.0,-0.2993,0.16789,0.14095,-0.015,1.0,1.0,-1.1726,0.0,0.0,True,-0.3582,0.17365,0.14745,-0.0166,1.0,1.0,-1.1371,0.0,0.0,True,both_converged
4896,-14.5,-0.2804,0.16267,0.13571,-0.0178,1.0,1.0,-1.1629,0.0,0.0,True,-0.3415,0.1688,0.14271,-0.0185,1.0,1.0,-1.14,0.0,0.0,True,both_converged
4896,-14.0,-0.2618,0.15755,0.13059,-0.0205,1.0,1.0,-1.1509,0.0,0.0,True,-0.3251,0.16401,0.13804,-0.0203,1.0,1.0,-1.1423,0.0,0.0,True,both_converged
4896,-13.5,-0.2433,0.15252,0.12558,-0.0231,1.0,1.0,-1.1374,0.0,0.0,True,-0.309,0.15927,0.13343,-0.0219,1.0,1.0,-1.1439,0.0,0.0,True,both_converged
4896,-13.0,-0.2252,0.14755,0.1206,-0.0256,1.0,1.0,-1.1324,0.0,0.0,True,-0.2933,0.15462,0.12887,-0.0234,1.0,1.0,-1.1447,0.0,0.0,True,both_converged
4896,-12.5,-0.2075,0.14264,0.11571,-0.028,1.0,1.0,-1.1254,0.0,0.0,True,-0.2779,0.15002,0.12442,-0.0247,1.0,1.0,-1.1445,0.0,0.0,True,both_converged
4896,-12.0,-0.1902,0.13779,0.11089,-0.0302,1.0,1.0,-1.1162,0.0,0.0,True,-0.263,0.14546,0.12002,-0.0258,1.0,1.0,-1.1433,0.0,0.0,True,both_converged
4896,-11.5,-0.1733,0.13299,0.10613,-0.0323,1.0,1.0,-1.105,0.0,0.0,True,-0.2485,0.14095,0.11566,-0.0268,1.0,1.0,-1.1409,0.0,0.0,True,both_converged
4896,-11.0,-0.157,0.12827,0.10142,-0.0343,1.0,1.0,-1.0974,0.0,0.0,True,-0.2344,0.13646,0.11132,-0.0276,1.0,1.0,-1.1375,0.0,0.0,True,both_converged
4896,-10.5,-0.1413,0.1236,0.09679,-0.0361,1.0,1.0,-1.0927,0.0,0.0,True,-0.2208,0.13202,0.10705,-0.0282,1.0,1.0,-1.1341,0.0,0.0,True,both_converged
4896,-10.0,-0.1262,0.119,0.09224,-0.0378,1.0,1.0,-1.0862,0.0,0.0,True,-0.2077,0.12761,0.10282,-0.0287,1.0,1.0,-1.1455,0.0,0.0,True,both_converged
4896,-9.5,-0.1118,0.11447,0.08774,-0.0393,1.0,1.0,-1.0779,0.0,0.0,True,-0.195,0.12325,0.09865,-0.0291,1.0,1.0,-1.156,0.0,0.0,True,both_converged
4896,-9.0,-0.0981,0.11002,0.08335,-0.0407,1.0,1.0,-1.0718,0.0,0.0,True,-0.1828,0.11892,0.09449,-0.0293,1.0,1.0,-1.1657,0.0,0.0,True,both_converged
4896,-8.5,-0.0854,0.10567,0.07907,-0.042,1.0,1.0,-1.0693,0.0,0.0,True,-0.1709,0.11465,0.09043,-0.0294,1.0,1.0,-1.174,0.0,0.0,True,both_converged
4896,-8.0,-0.0736,0.10142,0.07491,-0.0431,1.0,1.0,-1.0653,0.0,0.0,True,-0.1595,0.11045,0.08643,-0.0293,1.0,1.0,-1.1809,0.0,0.0,True,both_converged
4896,-7.5,-0.0629,0.0973,0.07085,-0.044,1.0,1.0,-1.0599,0.0,0.0,True,-0.1485,0.1063,0.08251,-0.0291,1.0,1.0,-1.1861,0.0,0.0,True,both_converged
4896,-7.0,-0.0535,0.09332,0.06697,-0.0447,1.0,1.0,-1.0584,0.0,0.0,True,-0.1379,0.10224,0.07868,-0.0288,1.0,1.0,-1.1895,0.0,0.0,True,both_converged
4896,-6.5,-0.0458,0.08949,0.06328,-0.0452,1.0,1.0,-1.0589,0.0,0.0,True,-0.1276,0.09826,0.07491,-0.0284,1.0,1.0,-1.191,0.0,0.0,True,both_converged
4896,-6.0,-0.0399,0.08584,0.05977,-0.0455,1.0,1.0,-1.0591,0.0,0.0,True,-0.1178,0.09438,0.07128,-0.0279,1.0,1.0,-1.1904,0.0,0.0,True,both_converged
4896,-5.5,-0.0364,0.08236,0.05647,-0.0454,1.0,1.0,-1.0595,0.0,0.0,True,-0.1086,0.09061,0.06776,-0.0272,1.0,1.0,-1.1877,0.0,0.0,True,both_converged
4896,-5.0,-0.0358,0.07906,0.05334,-0.045,1.0,1.0,-1.0666,0.0,0.0,True,-0.1,0.08695,0.06437,-0.0264,1.0,1.0,-1.183,0.0,0.0,True,both_converged
4896,-4.5,-0.0386,0.07591,0.05044,-0.0442,1.0,1.0,-1.0761,0.0,0.0,True,-0.092,0.0834,0.0611,-0.0255,1.0,1.0,-1.1763,0.0,0.0,True,both_converged
4896,-4.0,-0.0456,0.07289,0.04769,-0.043,1.0,1.0,-1.0888,0.0,0.0,True,-0.0848,0.07996,0.05793,-0.0243,1.0,1.0,-1.1717,0.0,0.0,True,both_converged
4896,-3.5,-0.0582,0.06996,0.04508,-0.0411,1.0,1.0,-1.1066,0.0,0.0,True,-0.0784,0.07663,0.0549,-0.0231,1.0,1.0,-1.1757,0.0,0.0,True,both_converged
4896,-3.0,-0.0775,0.06704,0.04254,-0.0384,1.0,1.0,-1.1325,0.0,0.0,True,-0.0731,0.0734,0.05199,-0.0216,1.0,1.0,-1.178,0.0,0.0,True,both_converged
4896,-2.5,-0.105,0.06401,0.03995,-0.0348,1.0,1.0,-1.1698,0.0,0.0,True,-0.069,0.07025,0.04918,-0.02,1.0,1.0,-1.1789,0.0,0.0,True,both_converged
4896,-2.0,-0.1339,0.06097,0.03701,-0.0315,1.0,1.0,-1.2074,0.0,0.0,True,-0.0662,0.06716,0.04644,-0.0181,1.0,1.0,-1.1785,0.0,0.0,True,both_converged
4896,-1.5,-0.1204,0.05924,0.03368,-0.0345,1.0,1.0,-1.173,0.0,0.0,True,-0.0647,0.06411,0.04376,-0.0161,1.0,1.0,-1.177,0.0,0.0,True,both_converged
4896,-1.0,-0.0821,0.05919,0.03151,-0.0373,1.0,1.0,-1.0722,0.0,0.0,True,-0.0641,0.06107,0.04108,-0.0142,1.0,1.0,-1.174,0.0,0.0,True,both_converged
4896,-0.5,-0.0435,0.05977,0.03038,-0.0383,1.0,1.0,-0.9615,0.0,0.0,True,-0.0575,0.05809,0.0384,-0.0139,1.0,1.0,-1.1626,0.0,0.0,True,both_converged
4896,0.0,-0.0062,0.06069,0.02987,-0.0387,1.0,1.0,-0.8527,0.0,0.0,True,0.0067,0.05584,0.03574,-0.0279,1.0,1.0,-1.0948,0.0,0.0,True,both_converged
4896,0.5,0.03,0.06187,0.0299,-0.0387,1.0,1.0,-0.7482,0.0,0.0,True,0.2043,0.05683,0.0344,-0.0723,1.0,1.0,-0.8474,0.0,0.0,True,both_converged
4896,1.0,0.0652,0.06329,0.03034,-0.0386,1.0,1.0,-0.6501,0.0,0.0,True,0.3714,0.05968,0.03475,-0.1039,1.0,1.0,-0.7127,0.0,0.0,True,both_converged
4896,1.5,0.0994,0.06494,0.03118,-0.0384,1.0,1.0,-0.5604,0.0,0.0,True,0.472,0.06206,0.03555,-0.1171,1.0,1.0,-0.8297,0.0,0.0,True,both_converged
4896,2.0,0.1328,0.0668,0.03238,-0.0383,1.0,1.0,-0.514,0.0,0.0,True,0.5457,0.06416,0.03674,-0.1233,1.0,1.0,-0.9312,0.0,0.0,True,both_converged
4896,2.5,0.1653,0.06889,0.03393,-0.0383,1.0,1.0,-0.533,0.0,0.0,True,0.6075,0.06624,0.03845,-0.1266,1.0,1.0,-1.0283,0.0,0.0,True,both_converged
4896,3.0,0.1969,0.07119,0.0358,-0.0384,1.0,1.0,-0.5521,0.0,0.0,True,0.6628,0.06848,0.04077,-0.1287,1.0,1.0,-1.1178,0.0,0.0,True,both_converged
4896,3.5,0.2276,0.07371,0.03801,-0.0385,1.0,1.0,-0.5717,0.0,0.0,True,0.7131,0.0711,0.04391,-0.1304,1.0,1.0,-1.2057,0.0,0.0,True,both_converged
4896,4.0,0.2575,0.07645,0.04053,-0.0387,1.0,1.0,-0.592,0.0,0.0,True,0.7566,0.07465,0.0484,-0.1327,1.0,1.0,-1.2748,0.0,0.0,True,both_converged
4896,4.5,0.2865,0.07942,0.04336,-0.0391,1.0,1.0,-0.6133,0.0,0.0,True,0.7834,0.08083,0.05569,-0.1368,1.0,1.0,-1.3019,0.0,0.0,True,both_converged
4896,5.0,0.3148,0.08262,0.04651,-0.0396,1.0,1.0,-0.636,0.0,0.0,True,0.7841,0.09106,0.06629,-0.1433,1.0,1.0,-1.2663,0.0,0.0,True,both_converged
4896,5.5,0.3421,0.08604,0.04996,-0.0402,1.0,1.0,-0.6606,0.0,0.0,True,0.7877,0.10105,0.07624,-0.1492,1.0,1.0,-1.2345,0.0,0.0,True,both_converged
4896,6.0,0.3686,0.08969,0.05372,-0.041,1.0,1.0,-0.6882,0.0,0.0,True,0.7974,0.11015,0.08531,-0.1542,1.0,1.0,-1.2153,0.0,0.0,True,both_converged
4896,6.5,0.3942,0.09357,0.05775,-0.0419,1.0,1.0,-0.7189,0.0,0.0,True,0.8101,0.1188,0.09399,-0.1587,1.0,1.0,-1.2093,0.0,0.0,True,both_converged
4896,7.0,0.4189,0.09768,0.06211,-0.0429,1.0,1.0,-0.7529,0.0,0.0,True,0.8246,0.12716,0.10234,-0.1628,1.0,1.0,-1.2062,0.0,0.0,True,both_converged
4896,7.5,0.4427,0.10202,0.06672,-0.0441,1.0,1.0,-0.7914,0.0,0.0,True,0.8404,0.13534,0.11051,-0.1667,1.0,1.0,-1.2044,0.0,0.0,True,both_converged
4896,8.0,0.4656,0.10659,0.07161,-0.0454,1.0,1.0,-0.8333,0.0,0.0,True,0.8572,0.14337,0.11856,-0.1704,1.0,1.0,-1.2099,0.0,0.0,True,both_converged
4896,8.5,0.4876,0.11139,0.07681,-0.047,1.0,1.0,-0.8783,0.0,0.0,True,0.8747,0.1513,0.12653,-0.1741,1.0,1.0,-1.2165,0.0,0.0,True,both_converged
4896,9.0,0.5088,0.11641,0.08224,-0.0487,1.0,1.0,-0.9259,0.0,0.0,True,0.8928,0.15919,0.13455,-0.1777,1.0,1.0,-1.2219,0.0,0.0,True,both_converged
4896,9.5,0.5291,0.12164,0.08791,-0.0506,1.0,1.0,-0.9755,0.0,0.0,True,0.9112,0.16707,0.1425,-0.1813,1.0,1.0,-1.2336,0.0,0.0,True,both_converged
4896,10.0,0.5486,0.12709,0.09386,-0.0527,1.0,1.0,-1.0262,0.0,0.0,True,0.9301,0.17493,0.15045,-0.1849,1.0,1.0,-1.245,0.0,0.0,True,both_converged
4896,10.5,0.5674,0.13275,0.1,-0.055,1.0,1.0,-1.0771,0.0,0.0,True,0.9493,0.18278,0.15841,-0.1886,1.0,1.0,-1.2546,0.0,0.0,True,both_converged
4896,11.0,0.5856,0.1386,0.10634,-0.0575,1.0,1.0,-1.1271,0.0,0.0,True,0.9687,0.19062,0.16646,-0.1923,1.0,1.0,-1.2707,0.0,0.0,True,both_converged
4896,11.5,0.6034,0.14463,0.11292,-0.0603,1.0,1.0,-1.1753,0.0,0.0,True,0.9883,0.19848,0.17447,-0.1961,1.0,1.0,-1.285,0.0,0.0,True,both_converged
4896,12.0,0.6207,0.15084,0.11962,-0.0633,1.0,1.0,-1.2228,0.0,0.0,True,1.0082,0.20636,0.18251,-0.2,1.0,1.0,-1.2981,0.0,0.0,True,both_converged
4896,12.5,0.6377,0.15722,0.12649,-0.0666,1.0,1.0,-1.266,0.0,0.0,True,1.0281,0.21427,0.1906,-0.2039,1.0,1.0,-1.3169,0.0,0.0,True,both_converged
4896,13.0,0.6544,0.16381,0.13359,-0.07,1.0,1.0,-1.3071,0.0,0.0,True,1.0481,0.22223,0.19884,-0.2079,1.0,1.0,-1.3327,0.0,0.0,True,both_converged
4896,13.5,0.6712,0.17053,0.14077,-0.0736,1.0,1.0,-1.344,0.0,0.0,True,1.0681,0.23022,0.20704,-0.2119,1.0,1.0,-1.3493,0.0,0.0,True,both_converged
4896,14.0,0.6881,0.17737,0.14804,-0.0774,1.0,1.0,-1.3787,0.0,0.0,True,1.0881,0.23825,0.21531,-0.2161,1.0,1.0,-1.3688,0.0,0.0,True,both_converged
4896,14.5,0.7051,0.18431,0.15544,-0.0814,1.0,1.0,-1.4086,0.0,0.0,True,1.1081,0.24634,0.22371,-0.2203,1.0,1.0,-1.3849,0.0,0.0,True,both_converged
4896,15.0,0.7224,0.19135,0.16286,-0.0855,1.0,1.0,-1.4383,0.0,0.0,True,1.1279,0.25449,0.23212,-0.2245,1.0,1.0,-1.405,0.0,0.0,True,both_converged
4896,15.5,0.7399,0.19847,0.17034,-0.0896,1.0,1.0,-1.4623,0.0,0.0,True,1.1478,0.26271,0.24061,-0.2289,1.0,1.0,-1.4244,0.0,0.0,True,both_converged
4896,16.0,0.7576,0.20565,0.17788,-0.0939,1.0,1.0,-1.4874,0.0,0.0,True,1.1675,0.27099,0.24924,-0.2333,1.0,1.0,-1.442,0.0,0.0,True,both_converged
4896,16.5,0.7756,0.21291,0.18551,-0.0982,1.0,1.0,-1.5092,0.0,0.0,True,1.1871,0.27934,0.25789,-0.2377,1.0,1.0,-1.4644,0.0,0.0,True,both_converged
4896,17.0,0.7939,0.22022,0.19313,-0.1026,1.0,1.0,-1.527,0.0,0.0,True,1.2066,0.28776,0.26661,-0.2423,1.0,1.0,-1.4831,0.0,0.0,True,both_converged
4896,17.5,0.8123,0.22758,0.20079,-0.107,1.0,1.0,-1.5488,0.0,0.0,True,1.2259,0.29625,0.27548,-0.2469,1.0,1.0,-1.5063,0.0,0.0,True,both_converged
4896,18.0,0.8308,0.23499,0.20853,-0.1114,1.0,1.0,-1.5663,0.0,0.0,True,1.2451,0.3048,0.28435,-0.2515,1.0,1.0,-1.5278,0.0,0.0,True,both_converged
4896,18.5,0.8495,0.24245,0.21626,-0.1159,1.0,1.0,-1.5802,0.0,0.0,True,1.2641,0.31341,0.2933,-0.2563,1.0,1.0,-1.5519,0.0,0.0,True,both_converged
4896,19.0,0.8681,0.24995,0.22404,-0.1204,1.0,1.0,-1.5999,0.0,0.0,True,1.283,0.32211,0.30238,-0.261,1.0,1.0,-1.5764,0.0,0.0,True,both_converged
4896,19.5,0.8869,0.25751,0.23185,-0.125,1.0,1.0,-1.6159,0.0,0.0,True,1.3016,0.33088,0.3115,-0.2659,1.0,1.0,-1.6046,0.0,0.0,True,both_converged
4896,20.0,0.9056,0.2651,0.23974,-0.1296,1.0,1.0,-1.6283,0.0,0.0,True,1.3201,0.33972,0.3207,-0.2708,1.0,1.0,-1.6331,0.0,0.0,True,both_converged
4896,20.5,0.9243,0.27274,0.24763,-0.1342,1.0,1.0,-1.6447,0.0,0.0,True,1.3384,0.34865,0.32998,-0.2757,1.0,1.0,-1.6815,0.0,0.0,True,both_converged
4896,21.0,0.9429,0.28043,0.25556,-0.1389,1.0,1.0,-1.6612,0.0,0.0,True,1.3564,0.35766,0.3394,-0.2807,1.0,1.0,-1.7737,0.0,0.0,True,both_converged
4896,21.5,0.9614,0.28815,0.26353,-0.1436,1.0,1.0,-1.6744,0.0,0.0,True,1.3743,0.36675,0.34885,-0.2858,1.0,1.0,-1.8611,0.0,0.0,True,both_converged
4896,22.0,0.9797,0.29591,0.27157,-0.1483,1.0,1.0,-1.6844,0.0,0.0,True,1.3919,0.37592,0.35838,-0.2909,1.0,1.0,-1.9432,0.0,0.0,True,both_converged
4896,22.5,0.998,0.3037,0.27959,-0.1531,1.0,1.0,-1.7023,0.0,0.0,True,1.4094,0.38518,0.36804,-0.2961,1.0,1.0,-2.0192,0.0,0.0,True,both_converged
4896,23.0,1.0161,0.31152,0.28764,-0.1579,1.0,1.0,-1.7178,0.0,0.0,True,1.4266,0.39452,0.37773,-0.3013,1.0,1.0,-2.0888,0.0,0.0,True,both_converged
4896,23.5,1.0339,0.31937,0.29577,-0.1627,1.0,1.0,-1.7302,0.0,0.0,True,1.4436,0.40393,0.3875,-0.3065,1.0,1.0,-2.1514,0.0,0.0,True,both_converged
4896,24.0,1.0516,0.32726,0.30389,-0.1676,1.0,1.0,-1.7398,0.0,0.0,True,1.4603,0.41343,0.39735,-0.3118,1.0,1.0,-2.2152,0.0,0.0,True,both_converged
4896,24.5,1.0691,0.33517,0.31204,-0.1725,1.0,1.0,-1.7562,0.0,0.0,True,1.4768,0.42301,0.40731,-0.3172,1.0,1.0,-2.2794,0.0,0.0,True,both_converged
4896,25.0,1.092,0.34297,0.32013,-0.1792,0.9893,1.0,-1.7781,0.0,0.0,True,1.493,0.43265,0.4173,-0.3225,1.0,1.0,-2.3359,0.0,0.0,True,both_converged
4896,25.5,1.123,0.3566,0.33416,-0.1882,0.9581,1.0,-1.806,0.0,0.0,True,1.509,0.44235,0.42732,-0.328,1.0,1.0,-2.3848,0.0,0.0,True,both_converged
4896,26.0,1.1473,0.36247,0.3403,-0.195,0.9295,1.0,-1.8251,0.0,0.0,True,1.5319,0.4392,0.42459,-0.3355,0.9776,1.0,-2.4376,0.0,0.0,True,both_converged
4896,26.5,1.169,0.3669,0.34497,-0.201,0.9025,1.0,-1.8459,0.0,0.0,True,1.5582,0.44343,0.42918,-0.3436,0.9421,1.0,-2.4889,0.0,0.0,True,both_converged
4896,27.0,1.1912,0.37615,0.35451,-0.207,0.8766,1.0,-1.8716,0.0,0.0,True,1.58,0.4423,0.42837,-0.35,0.9071,1.0,-2.5271,0.0,0.0,True,both_converged
4896,27.5,1.2114,0.38228,0.3609,-0.2125,0.8508,1.0,-1.893,0.0,0.0,True,1.6019,0.44746,0.43384,-0.3563,0.8721,1.0,-2.5591,0.0,0.0,True,both_converged
4896,28.0,1.2303,0.38859,0.36741,-0.2177,0.8276,1.0,-1.9107,0.0,0.0,True,1.6233,0.45557,0.4423,-0.3623,0.8381,1.0,-2.5844,0.0,0.0,True,both_converged
4896,28.5,1.2487,0.39461,0.37372,-0.2228,0.8035,1.0,-1.9262,0.0,0.0,True,1.6434,0.46393,0.4509,-0.3678,0.8048,1.0,-2.6032,0.0,0.0,True,both_converged
4896,29.0,1.2676,0.40483,0.38416,-0.2281,0.7817,1.0,-1.9433,0.0,0.0,True,1.661,0.46829,0.45551,-0.3727,0.7733,1.0,-2.6147,0.0,0.0,True,both_converged
4896,29.5,1.2825,0.40629,0.38584,-0.2326,0.7607,1.0,-1.9637,0.0,0.0,True,1.6779,0.47353,0.461,-0.3775,0.7421,1.0,-2.6223,0.0,0.0,True,both_converged
4896,30.0,1.2993,0.41335,0.39314,-0.2375,0.739,1.0,-1.9847,0.0,0.0,True,1.0132,0.45051,0.44008,-0.2199,0.6688,1.0,-1.3066,0.0,0.0,True,both_converged
7206,-30.0,-0.9313,0.3706,0.35039,0.1101,1.0,0.3678,-1.6327,0.0,0.0,True,-0.9303,0.37505,0.35444,0.0936,1.0,0.282,-1.4527,0.0,0.0,True,both_converged
7206,-29.5,-0.9202,0.37153,0.35131,0.1056,1.0,0.3788,-1.6261,0.0,0.0,True,-0.9179,0.37239,0.35163,0.089,1.0,0.2908,-1.4404,0.0,0.0,True,both_converged
7206,-29.0,-0.9047,0.36478,0.34444,0.1015,1.0,0.3932,-1.6068,0.0,0.0,True,-0.9042,0.36619,0.34536,0.0845,1.0,0.2975,-1.4239,0.0,0.0,True,both_converged
7206,-28.5,-0.8881,0.35648,0.33603,0.0973,1.0,0.4076,-1.5845,0.0,0.0,True,-0.8909,0.36226,0.34134,0.0801,1.0,0.3074,-1.4065,0.0,0.0,True,both_converged
7206,-28.0,-0.8723,0.35009,0.32958,0.0932,1.0,0.4218,-1.5631,0.0,0.0,True,-0.8764,0.35559,0.33462,0.0758,1.0,0.3151,-1.3857,0.0,0.0,True,both_converged
7206,-27.5,-0.8568,0.34468,0.32413,0.0892,1.0,0.4367,-1.5466,0.0,0.0,True,-0.8637,0.35357,0.33248,0.0715,1.0,0.3251,-1.3753,0.0,0.0,True,both_converged
7206,-27.0,-0.841,0.33934,0.31874,0.0853,1.0,0.4529,-1.5348,0.0,0.0,True,-0.8476,0.34445,0.3233,0.0675,1.0,0.3346,-1.3594,0.0,0.0,True,both_converged
7206,-26.5,-0.8247,0.3336,0.31292,0.0815,1.0,0.4704,-1.5207,0.0,0.0,True,-0.837,0.34661,0.32543,0.0634,1.0,0.3433,-1.3577,0.0,0.0,True,both_converged
7206,-26.0,-0.8078,0.32772,0.30699,0.0778,1.0,0.4895,-1.5044,0.0,0.0,True,-0.819,0.33509,0.31384,0.0595,1.0,0.3558,-1.3351,0.0,0.0,True,both_converged
7206,-25.5,-0.7914,0.32273,0.30196,0.0743,1.0,0.5099,-1.4874,0.0,0.0,True,-0.8037,0.32883,0.30751,0.0557,1.0,0.3663,-1.3194,0.0,0.0,True,both_converged
7206,-25.0,-0.7763,0.31974,0.29894,0.071,1.0,0.5304,-1.4713,0.0,0.0,True,-0.7913,0.32735,0.30604,0.0521,1.0,0.3775,-1.3089,0.0,0.0,True,both_converged
7206,-24.5,-0.7564,0.31087,0.29001,0.0674,1.0,0.5529,-1.446,0.0,0.0,True,-0.7761,0.32183,0.30046,0.0487,1.0,0.3916,-1.2922,0.0,0.0,True,both_converged
7206,-24.0,-0.7374,0.30427,0.28335,0.0641,1.0,0.5791,-1.4293,0.0,0.0,True,-0.7593,0.31401,0.29262,0.0453,1.0,0.4061,-1.2838,0.0,0.0,True,both_converged
7206,-23.5,-0.7183,0.29751,0.27658,0.0609,1.0,0.6048,-1.4155,0.0,0.0,True,-0.7431,0.30739,0.28594,0.042,1.0,0.4209,-1.2768,0.0,0.0,True,both_converged
7206,-23.0,-0.7013,0.29404,0.27307,0.0581,1.0,0.6338,-1.4027,0.0,0.0,True,-0.7273,0.3014,0.27995,0.0389,1.0,0.4365,-1.2702,0.0,0.0,True,both_converged
7206,-22.5,-0.6786,0.28509,0.26405,0.0547,1.0,0.6664,-1.3816,0.0,0.0,True,-0.7117,0.2958,0.27436,0.0359,1.0,0.4532,-1.2635,0.0,0.0,True,both_converged
7206,-22.0,-0.6572,0.27825,0.25718,0.0515,1.0,0.7011,-1.3604,0.0,0.0,True,-0.6968,0.29091,0.26949,0.0332,1.0,0.471,-1.2571,0.0,0.0,True,both_converged
7206,-21.5,-0.6329,0.2695,0.2484,0.0479,1.0,0.7389,-1.3345,0.0,0.0,True,-0.6831,0.2873,0.26587,0.0308,1.0,0.4892,-1.2521,0.0,0.0,True,both_converged
7206,-21.0,-0.6062,0.26047,0.23926,0.0439,1.0,0.7836,-1.306,0.0,0.0,True,-0.6629,0.27702,0.25561,0.028,1.0,0.5116,-1.2358,0.0,0.0,True,both_converged
7206,-20.5,-0.5769,0.2508,0.22953,0.0392,1.0,0.8325,-1.2868,0.0,0.0,True,-0.6485,0.27278,0.2514,0.026,1.0,0.5356,-1.2274,0.0,0.0,True,both_converged
7206,-20.0,-0.5463,0.24343,0.22207,0.034,1.0,0.8883,-1.2655,0.0,0.0,True,-0.6291,0.264,0.24266,0.0236,1.0,0.5625,-1.2111,0.0,0.0,True,both_converged
7206,-19.5,-0.501,0.2295,0.20795,0.0245,1.0,0.9559,-1.2311,0.0,0.0,True,-0.6116,0.25707,0.23574,0.0216,1.0,0.5919,-1.1964,0.0,0.0,True,both_converged
7206,-19.0,-0.4499,0.21097,0.18918,0.0123,1.0,1.0,-1.1916,0.0,0.0,True,-0.5936,0.2501,0.22882,0.0198,1.0,0.6262,-1.1799,0.0,0.0,True,both_converged
7206,-18.5,-0.4299,0.205,0.18319,0.0086,1.0,1.0,-1.176,0.0,0.0,True,-0.5763,0.24378,0.22258,0.0183,1.0,0.6645,-1.1632,0.0,0.0,True,both_converged
7206,-18.0,-0.41,0.19909,0.17723,0.0051,1.0,1.0,-1.1679,0.0,0.0,True,-0.5526,0.23387,0.21266,0.0161,1.0,0.7145,-1.1376,0.0,0.0,True,both_converged
7206,-17.5,-0.39,0.19324,0.17136,0.0016,1.0,1.0,-1.1615,0.0,0.0,True,-0.5251,0.22348,0.20228,0.0135,1.0,0.7816,-1.1071,0.0,0.0,True,both_converged
7206,-17.0,-0.3701,0.18744,0.16554,-0.0018,1.0,1.0,-1.1528,0.0,0.0,True,-0.4804,0.20956,0.18825,0.0074,1.0,0.8966,-1.0839,0.0,0.0,True,both_converged
7206,-16.5,-0.3503,0.18171,0.15977,-0.0051,1.0,1.0,-1.1419,0.0,0.0,True,-0.4003,0.18576,0.16412,-0.0109,1.0,1.0,-1.0466,0.0,0.0,True,both_converged
7206,-16.0,-0.3306,0.17603,0.15408,-0.0083,1.0,1.0,-1.1285,0.0,0.0,True,-0.3828,0.18053,0.15897,-0.0133,1.0,1.0,-1.0516,0.0,0.0,True,both_converged
7206,-15.5,-0.311,0.1704,0.14846,-0.0114,1.0,1.0,-1.1143,0.0,0.0,True,-0.3655,0.17537,0.15388,-0.0155,1.0,1.0,-1.0567,0.0,0.0,True,both_converged
7206,-15.0,-0.2915,0.16484,0.14287,-0.0143,1.0,1.0,-1.1093,0.0,0.0,True,-0.3484,0.17026,0.14883,-0.0176,1.0,1.0,-1.0616,0.0,0.0,True,both_converged
7206,-14.5,-0.2723,0.15934,0.13737,-0.0172,1.0,1.0,-1.102,0.0,0.0,True,-0.3317,0.16521,0.14387,-0.0195,1.0,1.0,-1.0663,0.0,0.0,True,both_converged
7206,-14.0,-0.2532,0.1539,0.13194,-0.0199,1.0,1.0,-1.0924,0.0,0.0,True,-0.3153,0.1602,0.13897,-0.0213,1.0,1.0,-1.0706,0.0,0.0,True,both_converged
7206,-13.5,-0.2345,0.14852,0.12658,-0.0225,1.0,1.0,-1.0804,0.0,0.0,True,-0.2993,0.15526,0.1341,-0.0229,1.0,1.0,-1.0745,0.0,0.0,True,both_converged
7206,-13.0,-0.216,0.14321,0.12125,-0.025,1.0,1.0,-1.0679,0.0,0.0,True,-0.2837,0.15036,0.12933,-0.0243,1.0,1.0,-1.0778,0.0,0.0,True,both_converged
7206,-12.5,-0.1979,0.13795,0.11602,-0.0274,1.0,1.0,-1.0635,0.0,0.0,True,-0.2685,0.14552,0.12461,-0.0255,1.0,1.0,-1.0803,0.0,0.0,True,both_converged
7206,-12.0,-0.1802,0.13276,0.11086,-0.0296,1.0,1.0,-1.0568,0.0,0.0,True,-0.2537,0.14072,0.11994,-0.0266,1.0,1.0,-1.0819,0.0,0.0,True,both_converged
7206,-11.5,-0.1629,0.12764,0.10574,-0.0317,1.0,1.0,-1.0478,0.0,0.0,True,-0.2394,0.13597,0.11531,-0.0275,1.0,1.0,-1.0825,0.0,0.0,True,both_converged
7206,-11.0,-0.146,0.12259,0.10072,-0.0337,1.0,1.0,-1.0364,0.0,0.0,True,-0.2256,0.13126,0.11075,-0.0282,1.0,1.0,-1.082,0.0,0.0,True,both_converged
7206,-10.5,-0.1297,0.11761,0.09578,-0.0355,1.0,1.0,-1.0314,0.0,0.0,True,-0.2122,0.12661,0.10625,-0.0287,1.0,1.0,-1.0802,0.0,0.0,True,both_converged
7206,-10.0,-0.114,0.11272,0.09093,-0.0372,1.0,1.0,-1.0268,0.0,0.0,True,-0.1993,0.12202,0.10182,-0.0291,1.0,1.0,-1.0768,0.0,0.0,True,both_converged
7206,-9.5,-0.0989,0.10791,0.08614,-0.0387,1.0,1.0,-1.0202,0.0,0.0,True,-0.1867,0.11748,0.09742,-0.0294,1.0,1.0,-1.073,0.0,0.0,True,both_converged
7206,-9.0,-0.0845,0.10321,0.0815,-0.0401,1.0,1.0,-1.0113,0.0,0.0,True,-0.1746,0.11301,0.09312,-0.0295,1.0,1.0,-1.0855,0.0,0.0,True,both_converged
7206,-8.5,-0.0708,0.09865,0.077,-0.0414,1.0,1.0,-1.0083,0.0,0.0,True,-0.1629,0.10861,0.08891,-0.0295,1.0,1.0,-1.0969,0.0,0.0,True,both_converged
7206,-8.0,-0.058,0.09424,0.07263,-0.0424,1.0,1.0,-1.0052,0.0,0.0,True,-0.1515,0.10429,0.08478,-0.0293,1.0,1.0,-1.1069,0.0,0.0,True,both_converged
7206,-7.5,-0.0462,0.08997,0.06845,-0.0433,1.0,1.0,-1.0002,0.0,0.0,True,-0.1405,0.10006,0.08075,-0.029,1.0,1.0,-1.1152,0.0,0.0,True,both_converged
7206,-7.0,-0.0356,0.08588,0.06445,-0.044,1.0,1.0,-0.995,0.0,0.0,True,-0.1299,0.09595,0.07682,-0.0286,1.0,1.0,-1.1215,0.0,0.0,True,both_converged
7206,-6.5,-0.0264,0.08198,0.06066,-0.0445,1.0,1.0,-0.9956,0.0,0.0,True,-0.1196,0.09195,0.07302,-0.0281,1.0,1.0,-1.1259,0.0,0.0,True,both_converged
7206,-6.0,-0.019,0.07827,0.05708,-0.0447,1.0,1.0,-0.9953,0.0,0.0,True,-0.1099,0.08806,0.06935,-0.0274,1.0,1.0,-1.128,0.0,0.0,True,both_converged
7206,-5.5,-0.0137,0.07478,0.05371,-0.0447,1.0,1.0,-0.9948,0.0,0.0,True,-0.1006,0.08429,0.06581,-0.0265,1.0,1.0,-1.1279,0.0,0.0,True,both_converged
7206,-5.0,-0.011,0.07149,0.05059,-0.0443,1.0,1.0,-0.9988,0.0,0.0,True,-0.0919,0.08063,0.06239,-0.0256,1.0,1.0,-1.1255,0.0,0.0,True,both_converged
7206,-4.5,-0.0113,0.06839,0.04768,-0.0436,1.0,1.0,-1.0066,0.0,0.0,True,-0.0838,0.0771,0.05908,-0.0245,1.0,1.0,-1.121,0.0,0.0,True,both_converged
7206,-4.0,-0.0158,0.06546,0.04498,-0.0424,1.0,1.0,-1.0173,0.0,0.0,True,-0.0764,0.07368,0.05591,-0.0232,1.0,1.0,-1.1142,0.0,0.0,True,both_converged
7206,-3.5,-0.0256,0.06269,0.04246,-0.0406,1.0,1.0,-1.0329,0.0,0.0,True,-0.0697,0.07037,0.05286,-0.0218,1.0,1.0,-1.1055,0.0,0.0,True,both_converged
7206,-3.0,-0.0422,0.06001,0.04007,-0.0381,1.0,1.0,-1.0576,0.0,0.0,True,-0.0639,0.06716,0.04992,-0.0202,1.0,1.0,-1.108,0.0,0.0,True,both_converged
7206,-2.5,-0.0674,0.05728,0.0377,-0.0347,1.0,1.0,-1.0941,0.0,0.0,True,-0.0654,0.06432,0.04739,-0.017,1.0,0.9957,-1.1163,0.0,0.0,True,both_converged
7206,-2.0,-0.1032,0.05431,0.03516,-0.0303,1.0,1.0,-1.1443,0.0,0.0,True,-0.0759,0.06183,0.04525,-0.0118,1.0,0.9858,-1.1311,0.0,0.0,True,both_converged
7206,-1.5,-0.1316,0.05115,0.03185,-0.029,1.0,1.0,-1.1902,0.0,0.0,True,-0.0678,0.05853,0.0422,-0.0111,1.0,0.9891,-1.1266,0.0,0.0,True,both_converged
7206,-1.0,-0.0879,0.05048,0.02882,-0.0368,1.0,1.0,-1.1078,0.0,0.0,True,-0.0526,0.055,0.03894,-0.0121,1.0,1.0,-1.1103,0.0,0.0,True,both_converged
7206,-0.5,-0.0443,0.05122,0.02776,-0.0391,1.0,1.0,-0.991,0.0,0.0,True,-0.052,0.05198,0.03626,-0.0099,1.0,1.0,-1.1066,0.0,0.0,True,both_converged
7206,0.0,-0.0049,0.05232,0.0275,-0.0399,1.0,1.0,-0.8749,0.0,0.0,True,-0.031,0.04912,0.03353,-0.013,1.0,1.0,-1.0791,0.0,0.0,True,both_converged
7206,0.5,0.0323,0.05367,0.0278,-0.0401,1.0,1.0,-0.7649,0.0,0.0,True,0.1434,0.0486,0.03164,-0.0533,1.0,1.0,-0.8933,0.0,0.0,True,both_converged
7206,1.0,0.0681,0.05525,0.02851,-0.0402,1.0,1.0,-0.6641,0.0,0.0,True,0.3879,0.05219,0.03251,-0.1051,1.0,1.0,-0.7412,0.0,0.0,True,both_converged
7206,1.5,0.1028,0.05706,0.02961,-0.0402,1.0,1.0,-0.5708,0.0,0.0,True,0.5074,0.05485,0.0337,-0.1229,1.0,1.0,-0.8746,0.0,0.0,True,both_converged
7206,2.0,0.1364,0.05908,0.03106,-0.0403,1.0,1.0,-0.513,0.0,0.0,True,0.5866,0.05699,0.03507,-0.1302,1.0,1.0,-0.987,0.0,0.0,True,both_converged
7206,2.5,0.169,0.06132,0.03284,-0.0404,1.0,1.0,-0.5316,0.0,0.0,True,0.6501,0.059,0.03685,-0.1337,1.0,1.0,-1.0864,0.0,0.0,True,both_converged
7206,3.0,0.2008,0.06378,0.03494,-0.0407,1.0,1.0,-0.5504,0.0,0.0,True,0.7061,0.06116,0.03925,-0.1357,1.0,1.0,-1.1814,0.0,0.0,True,both_converged
7206,3.5,0.2317,0.06646,0.03736,-0.041,1.0,1.0,-0.5696,0.0,0.0,True,0.756,0.06395,0.04281,-0.1378,1.0,1.0,-1.2628,0.0,0.0,True,both_converged
7206,4.0,0.2618,0.06936,0.04008,-0.0415,1.0,1.0,-0.5895,0.0,0.0,True,0.7875,0.06963,0.04967,-0.142,1.0,1.0,-1.2939,0.0,0.0,True,both_converged
7206,4.5,0.2909,0.07249,0.04309,-0.042,1.0,1.0,-0.6104,0.0,0.0,True,0.7779,0.08164,0.06202,-0.1499,1.0,1.0,-1.2303,0.0,0.0,True,both_converged
7206,5.0,0.3192,0.07585,0.04642,-0.0427,1.0,1.0,-0.6326,0.0,0.0,True,0.7797,0.09199,0.07233,-0.156,1.0,1.0,-1.1923,0.0,0.0,True,both_converged
7206,5.5,0.3465,0.07943,0.05002,-0.0434,1.0,1.0,-0.6571,0.0,0.0,True,0.7892,0.10117,0.08146,-0.1609,1.0,1.0,-1.1716,0.0,0.0,True,both_converged
7206,6.0,0.3729,0.08324,0.05394,-0.0443,1.0,1.0,-0.6845,0.0,0.0,True,0.8021,0.10987,0.09011,-0.1652,1.0,1.0,-1.1627,0.0,0.0,True,both_converged
7206,6.5,0.3983,0.08729,0.05813,-0.0454,1.0,1.0,-0.7147,0.0,0.0,True,0.8168,0.11832,0.09851,-0.169,1.0,1.0,-1.1603,0.0,0.0,True,both_converged
7206,7.0,0.4228,0.09157,0.06263,-0.0465,1.0,1.0,-0.7491,0.0,0.0,True,0.8327,0.12661,0.10683,-0.1726,1.0,1.0,-1.1591,0.0,0.0,True,both_converged
7206,7.5,0.4463,0.0961,0.06739,-0.0478,1.0,1.0,-0.7873,0.0,0.0,True,0.8494,0.13481,0.11501,-0.176,1.0,1.0,-1.1623,0.0,0.0,True,both_converged
7206,8.0,0.4688,0.10086,0.07243,-0.0493,1.0,1.0,-0.8288,0.0,0.0,True,0.8668,0.14294,0.12313,-0.1793,1.0,1.0,-1.1693,0.0,0.0,True,both_converged
7206,8.5,0.4904,0.10589,0.07781,-0.0509,1.0,1.0,-0.8732,0.0,0.0,True,0.8845,0.15102,0.13123,-0.1826,1.0,1.0,-1.1751,0.0,0.0,True,both_converged
7206,9.0,0.511,0.11117,0.08344,-0.0527,1.0,1.0,-0.9201,0.0,0.0,True,0.9027,0.15906,0.13937,-0.1859,1.0,1.0,-1.1843,0.0,0.0,True,both_converged
7206,9.5,0.5308,0.11669,0.08935,-0.0546,1.0,1.0,-0.9688,0.0,0.0,True,0.9213,0.16708,0.14744,-0.1892,1.0,1.0,-1.1961,0.0,0.0,True,both_converged
7206,10.0,0.5497,0.12246,0.09555,-0.0568,1.0,1.0,-1.0182,0.0,0.0,True,0.9402,0.17509,0.15552,-0.1926,1.0,1.0,-1.2059,0.0,0.0,True,both_converged
7206,10.5,0.5679,0.12845,0.10196,-0.0592,1.0,1.0,-1.0676,0.0,0.0,True,0.9593,0.18309,0.1636,-0.196,1.0,1.0,-1.2196,0.0,0.0,True,both_converged
7206,11.0,0.5855,0.13467,0.1086,-0.0619,1.0,1.0,-1.1158,0.0,0.0,True,0.9786,0.19111,0.17178,-0.1995,1.0,1.0,-1.2343,0.0,0.0,True,both_converged
7206,11.5,0.6026,0.1411,0.11549,-0.0647,1.0,1.0,-1.1611,0.0,0.0,True,0.9981,0.19914,0.17993,-0.2031,1.0,1.0,-1.2464,0.0,0.0,True,both_converged
7206,12.0,0.6194,0.14772,0.12253,-0.0678,1.0,1.0,-1.2042,0.0,0.0,True,1.0178,0.20721,0.18813,-0.2068,1.0,1.0,-1.264,0.0,0.0,True,both_converged
7206,12.5,0.6359,0.15452,0.12973,-0.0711,1.0,1.0,-1.2447,0.0,0.0,True,1.0376,0.21531,0.19638,-0.2106,1.0,1.0,-1.2802,0.0,0.0,True,both_converged
7206,13.0,0.6525,0.16147,0.13712,-0.0746,1.0,1.0,-1.2802,0.0,0.0,True,1.0573,0.22346,0.20475,-0.2144,1.0,1.0,-1.2941,0.0,0.0,True,both_converged
7206,13.5,0.6692,0.16857,0.14459,-0.0783,1.0,1.0,-1.3146,0.0,0.0,True,1.0771,0.23164,0.21311,-0.2183,1.0,1.0,-1.3141,0.0,0.0,True,both_converged
7206,14.0,0.6861,0.17577,0.15215,-0.0822,1.0,1.0,-1.3435,0.0,0.0,True,1.0969,0.23988,0.22153,-0.2223,1.0,1.0,-1.3307,0.0,0.0,True,both_converged
7206,14.5,0.7033,0.18307,0.15979,-0.0861,1.0,1.0,-1.3716,0.0,0.0,True,1.1167,0.24818,0.23008,-0.2264,1.0,1.0,-1.3481,0.0,0.0,True,both_converged
7206,15.0,0.7207,0.19046,0.16753,-0.0902,1.0,1.0,-1.3958,0.0,0.0,True,1.1365,0.25654,0.23866,-0.2305,1.0,1.0,-1.368,0.0,0.0,True,both_converged
7206,15.5,0.7386,0.19793,0.17529,-0.0944,1.0,1.0,-1.4176,0.0,0.0,True,1.1561,0.26496,0.24731,-0.2348,1.0,1.0,-1.3841,0.0,0.0,True,both_converged
7206,16.0,0.7567,0.20546,0.1831,-0.0986,1.0,1.0,-1.4394,0.0,0.0,True,1.1757,0.27346,0.25609,-0.2391,1.0,1.0,-1.4054,0.0,0.0,True,both_converged
7206,16.5,0.7751,0.21305,0.19099,-0.1028,1.0,1.0,-1.4564,0.0,0.0,True,1.1952,0.28203,0.2649,-0.2434,1.0,1.0,-1.4245,0.0,0.0,True,both_converged
7206,17.0,0.7936,0.22067,0.19887,-0.1071,1.0,1.0,-1.4757,0.0,0.0,True,1.2145,0.29066,0.27379,-0.2479,1.0,1.0,-1.4438,0.0,0.0,True,both_converged
7206,17.5,0.8124,0.22835,0.20678,-0.1115,1.0,1.0,-1.4931,0.0,0.0,True,1.2337,0.29938,0.2828,-0.2524,1.0,1.0,-1.4658,0.0,0.0,True,both_converged
7206,18.0,0.8312,0.23606,0.21473,-0.1159,1.0,1.0,-1.5062,0.0,0.0,True,1.2527,0.30814,0.29184,-0.257,1.0,1.0,-1.485,0.0,0.0,True,both_converged
7206,18.5,0.8501,0.24383,0.22274,-0.1203,1.0,1.0,-1.5239,0.0,0.0,True,1.2716,0.31699,0.30095,-0.2616,1.0,1.0,-1.5101,0.0,0.0,True,both_converged
7206,19.0,0.8764,0.25297,0.23216,-0.1269,0.9889,1.0,-1.547,0.0,0.0,True,1.2903,0.32591,0.31016,-0.2663,1.0,1.0,-1.5325,0.0,0.0,True,both_converged
7206,19.5,0.9123,0.26426,0.24378,-0.1358,0.9518,1.0,-1.5757,0.0,0.0,True,1.3088,0.33491,0.31949,-0.2711,1.0,1.0,-1.5607,0.0,0.0,True,both_converged
7206,20.0,0.9425,0.27344,0.25327,-0.1427,0.9158,1.0,-1.6069,0.0,0.0,True,1.3303,0.34333,0.32823,-0.2768,0.9942,1.0,-1.604,0.0,0.0,True,both_converged
7206,20.5,0.9692,0.2817,0.26176,-0.1485,0.8836,1.0,-1.6325,0.0,0.0,True,1.3618,0.34799,0.33325,-0.2851,0.9577,1.0,-1.7281,0.0,0.0,True,both_converged
7206,21.0,0.9936,0.2888,0.26906,-0.1536,0.8532,1.0,-1.6521,0.0,0.0,True,1.3858,0.34759,0.33321,-0.291,0.9228,1.0,-1.8333,0.0,0.0,True,both_converged
7206,21.5,1.0169,0.29628,0.27676,-0.1584,0.8255,1.0,-1.6751,0.0,0.0,True,1.4137,0.35592,0.34189,-0.2974,0.8849,1.0,-1.943,0.0,0.0,True,both_converged
7206,22.0,1.0419,0.30674,0.28741,-0.1634,0.7975,1.0,-1.7026,0.0,0.0,True,1.4381,0.36236,0.34865,-0.3028,0.8502,1.0,-2.0394,0.0,0.0,True,both_converged
7206,22.5,1.0618,0.31135,0.29221,-0.1674,0.7714,1.0,-1.721,0.0,0.0,True,1.4597,0.36532,0.35189,-0.3073,0.8146,1.0,-2.1331,0.0,0.0,True,both_converged
7206,23.0,1.0833,0.3196,0.30065,-0.1719,0.7477,1.0,-1.7382,0.0,0.0,True,1.4837,0.37366,0.36054,-0.3122,0.7772,1.0,-2.2347,0.0,0.0,True,both_converged
7206,23.5,1.103,0.32536,0.30659,-0.1759,0.723,1.0,-1.7611,0.0,0.0,True,1.5066,0.38261,0.36975,-0.3167,0.742,1.0,-2.3255,0.0,0.0,True,both_converged
7206,24.0,1.125,0.33586,0.31726,-0.1804,0.7009,1.0,-1.7872,0.0,0.0,True,1.5253,0.38559,0.37301,-0.3205,0.707,1.0,-2.3987,0.0,0.0,True,both_converged
7206,24.5,1.1411,0.33846,0.31999,-0.1841,0.68,1.0,-1.8028,0.0,0.0,True,1.5456,0.39224,0.37991,-0.3244,0.6712,1.0,-2.4671,0.0,0.0,True,both_converged
7206,25.0,1.1603,0.34555,0.3273,-0.1882,0.6582,1.0,-1.8199,0.0,0.0,True,1.5666,0.40205,0.38998,-0.3283,0.6361,1.0,-2.5289,0.0,0.0,True,both_converged
7206,25.5,1.1812,0.35662,0.33857,-0.1927,0.6377,1.0,-1.8429,0.0,0.0,True,1.587,0.4127,0.40087,-0.332,0.6024,1.0,-2.5803,0.0,0.0,True,both_converged
7206,26.0,1.1979,0.36215,0.34421,-0.1967,0.6194,1.0,-1.8652,0.0,0.0,True,1.6041,0.41891,0.40731,-0.3355,0.571,1.0,-2.6163,0.0,0.0,True,both_converged
7206,26.5,1.2135,0.36614,0.34839,-0.2006,0.6015,1.0,-1.8833,0.0,0.0,True,1.6185,0.4211,0.40966,-0.3391,0.5418,1.0,-2.6381,0.0,0.0,True,both_converged
7206,27.0,1.2295,0.37118,0.35358,-0.2047,0.5839,1.0,-1.8997,0.0,0.0,True,1.6332,0.42554,0.41424,-0.3429,0.5149,1.0,-2.6537,0.0,0.0,True,both_converged
7206,27.5,1.2453,0.37666,0.35921,-0.2089,0.5667,1.0,-1.914,0.0,0.0,True,1.6511,0.43796,0.42689,-0.3465,0.4882,1.0,-2.6719,0.0,0.0,True,both_converged
7206,28.0,1.261,0.38239,0.3651,-0.2131,0.55,1.0,-1.9266,0.0,0.0,True,1.6628,0.43824,0.42731,-0.3506,0.4647,1.0,-2.6703,0.0,0.0,True,both_converged
7206,28.5,1.2764,0.38839,0.37129,-0.2174,0.5341,1.0,-1.95,0.0,0.0,True,1.679,0.44958,0.43886,-0.3543,0.4408,1.0,-2.6774,0.0,0.0,True,both_converged
7206,29.0,1.2915,0.39465,0.37772,-0.2217,0.5188,1.0,-1.971,0.0,0.0,True,1.6927,0.45785,0.44725,-0.3584,0.4212,1.0,-2.6749,0.0,0.0,True,both_converged
7206,29.5,1.3065,0.40139,0.38461,-0.2261,0.5038,1.0,-1.9899,0.0,0.0,True,1.0258,0.44379,0.43491,-0.2135,0.4119,1.0,-1.3403,0.0,0.0,True,both_converged
7206,30.0,1.3215,0.40904,0.39247,-0.2305,0.489,1.0,-2.0074,0.0,0.0,True,1.0268,0.45221,0.44349,-0.2149,0.3959,1.0,-1.317,0.0,0.0,True,both_converged
9930,-30.0,-0.9286,0.37116,0.35377,0.1044,1.0,0.2409,-1.6646,0.0,0.0,True,-0.9198,0.36591,0.34812,0.0897,1.0,0.1879,-1.4672,0.0,0.0,True,both_converged
9930,-29.5,-0.911,0.35852,0.34106,0.1003,1.0,0.2484,-1.6383,0.0,0.0,True,-0.9083,0.36723,0.34934,0.0844,1.0,0.1919,-1.4593,0.0,0.0,True,both_converged
9930,-29.0,-0.8989,0.35844,0.34093,0.0954,1.0,0.2568,-1.6326,0.0,0.0,True,-0.8938,0.35896,0.34103,0.0798,1.0,0.1956,-1.44,0.0,0.0,True,both_converged
9930,-28.5,-0.8824,0.34948,0.33193,0.0911,1.0,0.2643,-1.6103,0.0,0.0,True,-0.8787,0.35119,0.33315,0.0755,1.0,0.202,-1.415,0.0,0.0,True,both_converged
9930,-28.0,-0.8695,0.34859,0.33096,0.0865,1.0,0.2738,-1.5992,0.0,0.0,True,-0.866,0.35016,0.33207,0.0706,1.0,0.2074,-1.4037,0.0,0.0,True,both_converged
9930,-27.5,-0.8522,0.33941,0.32173,0.0823,1.0,0.2822,-1.5724,0.0,0.0,True,-0.8527,0.34705,0.32891,0.0659,1.0,0.2107,-1.3902,0.0,0.0,True,both_converged
9930,-27.0,-0.8404,0.34029,0.32258,0.0778,1.0,0.2916,-1.5671,0.0,0.0,True,-0.8359,0.33669,0.31844,0.062,1.0,0.2179,-1.3677,0.0,0.0,True,both_converged
9930,-26.5,-0.8211,0.32912,0.31136,0.0739,1.0,0.3022,-1.5451,0.0,0.0,True,-0.8229,0.33564,0.31735,0.0574,1.0,0.2242,-1.3644,0.0,0.0,True,both_converged
9930,-26.0,-0.8087,0.32856,0.31078,0.0696,1.0,0.3112,-1.5433,0.0,0.0,True,-0.8078,0.32937,0.31108,0.0532,1.0,0.229,-1.3517,0.0,0.0,True,both_converged
9930,-25.5,-0.7916,0.32193,0.30408,0.0658,1.0,0.3246,-1.5245,0.0,0.0,True,-0.7916,0.32243,0.30403,0.0493,1.0,0.2376,-1.3316,0.0,0.0,True,both_converged
9930,-25.0,-0.7732,0.31351,0.29562,0.0621,1.0,0.3367,-1.5023,0.0,0.0,True,,,,,,,,,,False,baseline_only
9930,-24.5,-0.7578,0.30912,0.29124,0.0582,1.0,0.3482,-1.4871,0.0,0.0,True,-0.4835,0.26851,0.2528,0.0032,1.0,0.2724,-0.7471,0.0,0.0,True,both_converged
9930,-24.0,-0.7459,0.3094,0.29153,0.0546,1.0,0.3609,-1.4777,0.0,0.0,True,-0.4787,0.26641,0.25068,0.0012,1.0,0.2779,-0.7612,0.0,0.0,True,both_converged
9930,-23.5,-0.7272,0.3014,0.28346,0.0512,1.0,0.3768,-1.4569,0.0,0.0,True,-0.468,0.25952,0.24372,-0.0006,1.0,0.2884,-0.7612,0.0,0.0,True,both_converged
9930,-23.0,-0.709,0.29439,0.27643,0.0479,1.0,0.393,-1.443,0.0,0.0,True,-0.7182,0.30111,0.28262,0.0304,1.0,0.2756,-1.2901,0.0,0.0,True,both_converged
9930,-22.5,-0.6916,0.28838,0.27039,0.0447,1.0,0.41,-1.4294,0.0,0.0,True,-0.6992,0.29096,0.27247,0.0272,1.0,0.2846,-1.275,0.0,0.0,True,both_converged
9930,-22.0,-0.675,0.28318,0.26518,0.0416,1.0,0.4276,-1.4155,0.0,0.0,True,-0.6883,0.29159,0.27313,0.0238,1.0,0.293,-1.2825,0.0,0.0,True,both_converged
9930,-21.5,-0.6593,0.27888,0.2609,0.0388,1.0,0.4457,-1.4016,0.0,0.0,True,-0.6683,0.28071,0.26221,0.0209,1.0,0.3045,-1.2633,0.0,0.0,True,both_converged
9930,-21.0,-0.6371,0.26886,0.25088,0.0358,1.0,0.4668,-1.3739,0.0,0.0,True,-0.6539,0.27636,0.25792,0.0179,1.0,0.3138,-1.2596,0.0,0.0,True,both_converged
9930,-20.5,-0.617,0.26156,0.24353,0.0331,1.0,0.4914,-1.3474,0.0,0.0,True,-0.6409,0.27382,0.25541,0.0152,1.0,0.3259,-1.2568,0.0,0.0,True,both_converged
9930,-20.0,-0.6042,0.25976,0.24177,0.0311,1.0,0.5144,-1.3408,0.0,0.0,True,-0.6223,0.26508,0.2467,0.0127,1.0,0.3394,-1.2395,0.0,0.0,True,both_converged
9930,-19.5,-0.5787,0.24865,0.23064,0.0282,1.0,0.5433,-1.3178,0.0,0.0,True,-0.606,0.25865,0.2403,0.0102,1.0,0.352,-1.2273,0.0,0.0,True,both_converged
9930,-19.0,-0.5587,0.24187,0.22386,0.0259,1.0,0.5718,-1.3016,0.0,0.0,True,-0.5914,0.25361,0.23532,0.008,1.0,0.365,-1.2176,0.0,0.0,True,both_converged
9930,-18.5,-0.5386,0.23537,0.21738,0.0238,1.0,0.6045,-1.2826,0.0,0.0,True,-0.5776,0.24908,0.23088,0.006,1.0,0.3792,-1.2082,0.0,0.0,True,both_converged
9930,-18.0,-0.5152,0.2274,0.2094,0.0215,1.0,0.6419,-1.2572,0.0,0.0,True,-0.5635,0.24409,0.22595,0.0042,1.0,0.3946,-1.1965,0.0,0.0,True,both_converged
9930,-17.5,-0.4939,0.22121,0.20318,0.0196,1.0,0.6828,-1.2322,0.0,0.0,True,-0.5477,0.23762,0.21956,0.0026,1.0,0.4118,-1.1797,0.0,0.0,True,both_converged
9930,-17.0,-0.4661,0.21188,0.19384,0.0167,1.0,0.7291,-1.2071,0.0,0.0,True,-0.531,0.23057,0.21258,0.0012,1.0,0.4314,-1.1596,0.0,0.0,True,both_converged
9930,-16.5,-0.4383,0.20388,0.18581,0.0139,1.0,0.7833,-1.1867,0.0,0.0,True,-0.5168,0.22505,0.20715,0.0001,1.0,0.4529,-1.1439,0.0,0.0,True,both_converged
9930,-16.0,-0.4026,0.1934,0.17526,0.0093,1.0,0.8461,-1.1573,0.0,0.0,True,-0.5079,0.22222,0.20442,-0.0004,1.0,0.4734,-1.1533,0.0,0.0,True,both_converged
9930,-15.5,-0.3589,0.18269,0.16442,0.0022,1.0,0.9248,-1.1197,0.0,0.0,True,-0.4878,0.21284,0.19514,-0.0014,1.0,0.5008,-1.1461,0.0,0.0,True,both_converged
9930,-15.0,-0.2873,0.16313,0.14458,-0.0136,1.0,1.0,-1.0611,0.0,0.0,True,-0.4726,0.20617,0.18859,-0.0018,1.0,0.5281,-1.1462,0.0,0.0,True,both_converged
9930,-14.5,-0.2678,0.15741,0.13885,-0.0165,1.0,1.0,-1.0561,0.0,0.0,True,-0.4576,0.19957,0.18212,-0.002,1.0,0.56,-1.146,0.0,0.0,True,both_converged
9930,-14.0,-0.2486,0.15174,0.13319,-0.0193,1.0,1.0,-1.0485,0.0,0.0,True,-0.3203,0.18017,0.16485,-0.0103,1.0,0.62,-0.8647,0.0,0.0,True,both_converged
9930,-13.5,-0.2296,0.14613,0.12757,-0.0219,1.0,1.0,-1.0384,0.0,0.0,True,-0.3083,0.17436,0.15915,-0.0095,1.0,0.6662,-0.8679,0.0,0.0,True,both_converged
9930,-13.0,-0.2109,0.14058,0.12204,-0.0244,1.0,1.0,-1.0257,0.0,0.0,True,-0.2933,0.16799,0.15284,-0.0088,1.0,0.7263,-0.8672,0.0,0.0,True,both_converged
9930,-12.5,-0.1925,0.13509,0.11657,-0.0268,1.0,1.0,-1.0168,0.0,0.0,True,-0.2583,0.15701,0.14189,-0.011,1.0,0.8306,-0.8447,0.0,0.0,True,both_converged
9930,-12.0,-0.1744,0.12966,0.11116,-0.029,1.0,1.0,-1.0121,0.0,0.0,True,-0.248,0.1375,0.11991,-0.0271,1.0,1.0,-1.0337,0.0,0.0,True,both_converged
9930,-11.5,-0.1568,0.1243,0.10581,-0.0311,1.0,1.0,-1.0049,0.0,0.0,True,-0.2339,0.1326,0.11511,-0.0279,1.0,1.0,-1.0366,0.0,0.0,True,both_converged
9930,-11.0,-0.1396,0.11902,0.10055,-0.0331,1.0,1.0,-0.9951,0.0,0.0,True,-0.2202,0.12775,0.1104,-0.0286,1.0,1.0,-1.0383,0.0,0.0,True,both_converged
9930,-10.5,-0.1229,0.11381,0.09538,-0.0349,1.0,1.0,-0.9851,0.0,0.0,True,-0.207,0.12297,0.10576,-0.0291,1.0,1.0,-1.0387,0.0,0.0,True,both_converged
9930,-10.0,-0.1066,0.1087,0.09028,-0.0367,1.0,1.0,-0.9821,0.0,0.0,True,-0.1942,0.11826,0.10119,-0.0294,1.0,1.0,-1.0377,0.0,0.0,True,both_converged
9930,-9.5,-0.0909,0.10369,0.08532,-0.0382,1.0,1.0,-0.9766,0.0,0.0,True,-0.1818,0.11362,0.09668,-0.0296,1.0,1.0,-1.0349,0.0,0.0,True,both_converged
9930,-9.0,-0.0759,0.09881,0.08048,-0.0396,1.0,1.0,-0.9685,0.0,0.0,True,-0.1698,0.10906,0.09228,-0.0296,1.0,1.0,-1.0303,0.0,0.0,True,both_converged
9930,-8.5,-0.0614,0.09407,0.0758,-0.0409,1.0,1.0,-0.9616,0.0,0.0,True,-0.158,0.10459,0.08797,-0.0295,1.0,1.0,-1.034,0.0,0.0,True,both_converged
9930,-8.0,-0.0478,0.0895,0.07127,-0.042,1.0,1.0,-0.9592,0.0,0.0,True,-0.1467,0.10021,0.08377,-0.0293,1.0,1.0,-1.0462,0.0,0.0,True,both_converged
9930,-7.5,-0.0351,0.08511,0.06695,-0.0428,1.0,1.0,-0.9544,0.0,0.0,True,-0.1357,0.09595,0.07967,-0.0289,1.0,1.0,-1.0567,0.0,0.0,True,both_converged
9930,-7.0,-0.0682,0.08555,0.06775,-0.0328,1.0,0.9634,-0.9884,0.0,0.0,True,-0.1251,0.09181,0.07571,-0.0284,1.0,1.0,-1.0654,0.0,0.0,True,both_converged
9930,-6.5,-0.117,0.0867,0.06937,-0.0209,1.0,0.9023,-1.0403,0.0,0.0,True,-0.115,0.08779,0.07188,-0.0277,1.0,1.0,-1.072,0.0,0.0,True,both_converged
9930,-6.0,-0.1439,0.08499,0.06803,-0.0146,1.0,0.863,-1.0732,0.0,0.0,True,-0.1053,0.0839,0.06819,-0.0269,1.0,1.0,-1.0763,0.0,0.0,True,both_converged
9930,-5.5,-0.1699,0.08282,0.06622,-0.0088,1.0,0.8363,-1.107,0.0,0.0,True,-0.0961,0.08013,0.06463,-0.0259,1.0,1.0,-1.0783,0.0,0.0,True,both_converged
9930,-5.0,-0.1907,0.07982,0.06356,-0.004,1.0,0.8201,-1.1376,0.0,0.0,True,-0.0875,0.07649,0.06118,-0.0248,1.0,1.0,-1.0779,0.0,0.0,True,both_converged
9930,-4.5,-0.2014,0.07595,0.05996,-0.0008,1.0,0.8186,-1.1558,0.0,0.0,True,-0.0794,0.07298,0.05788,-0.0235,1.0,1.0,-1.075,0.0,0.0,True,both_converged
9930,-4.0,-0.2031,0.07155,0.05576,0.0011,1.0,0.8292,-1.1623,0.0,0.0,True,-0.0719,0.06958,0.0547,-0.0221,1.0,1.0,-1.0698,0.0,0.0,True,both_converged
9930,-3.5,-0.1814,0.06622,0.05041,-0.0012,1.0,0.8651,-1.141,0.0,0.0,True,-0.1127,0.06907,0.05465,-0.0093,1.0,0.9716,-1.1075,0.0,0.0,True,both_converged
9930,-3.0,-0.017,0.05536,0.03855,-0.0374,1.0,1.0,-0.9954,0.0,0.0,True,-0.1659,0.06911,0.05521,0.0055,1.0,0.9314,-1.1586,0.0,0.0,True,both_converged
9930,-2.5,-0.0389,0.05289,0.03635,-0.0342,1.0,1.0,-1.0281,0.0,0.0,True,-0.2171,0.06878,0.0554,0.0186,1.0,0.893,-1.2107,0.0,0.0,True,both_converged
9930,-2.0,-0.0711,0.05026,0.03407,-0.0301,1.0,1.0,-1.0741,0.0,0.0,True,-0.2638,0.06794,0.05506,0.0297,1.0,0.8559,-1.2614,0.0,0.0,True,both_converged
9930,-1.5,-0.1153,0.04719,0.03143,-0.025,1.0,1.0,-1.1377,0.0,0.0,True,-0.2719,0.0659,0.05329,0.0304,1.0,0.8153,-1.28,0.0,0.0,True,both_converged
9930,-1.0,-0.0968,0.04464,0.0273,-0.035,1.0,1.0,-1.1342,0.0,0.0,True,-0.2143,0.06199,0.04925,0.0161,1.0,0.7793,-1.2352,0.0,0.0,True,both_converged
9930,-0.5,-0.0444,0.04547,0.02605,-0.04,1.0,1.0,-1.0113,0.0,0.0,True,-0.1021,0.05657,0.04331,-0.0078,1.0,0.7769,-1.151,0.0,0.0,True,both_converged
9930,0.0,-0.0033,0.04672,0.02598,-0.0411,1.0,1.0,-0.8902,0.0,0.0,True,0.0172,0.05047,0.0367,-0.0289,1.0,0.8289,-1.0167,0.0,0.0,True,both_converged
9930,0.5,0.0346,0.04821,0.02649,-0.0415,1.0,1.0,-0.778,0.0,0.0,True,0.1129,0.04423,0.03042,-0.0425,1.0,0.9559,-0.8995,0.0,0.0,True,both_converged
9930,1.0,0.0707,0.04992,0.02742,-0.0418,1.0,1.0,-0.6739,0.0,0.0,True,0.3903,0.04692,0.03085,-0.1033,1.0,1.0,-0.7553,0.0,0.0,True,both_converged
9930,1.5,0.1055,0.05186,0.02874,-0.042,1.0,1.0,-0.578,0.0,0.0,True,0.532,0.04985,0.03237,-0.1267,1.0,1.0,-0.909,0.0,0.0,True,both_converged
9930,2.0,0.1393,0.05401,0.03038,-0.0422,1.0,1.0,-0.5112,0.0,0.0,True,0.6172,0.05201,0.03388,-0.1354,1.0,1.0,-1.0288,0.0,0.0,True,both_converged
9930,2.5,0.1722,0.05637,0.03235,-0.0425,1.0,1.0,-0.5294,0.0,0.0,True,0.683,0.05395,0.03571,-0.1392,1.0,1.0,-1.1309,0.0,0.0,True,both_converged
9930,3.0,0.204,0.05896,0.03462,-0.0429,1.0,1.0,-0.5478,0.0,0.0,True,0.7403,0.05607,0.03826,-0.1415,1.0,1.0,-1.2265,0.0,0.0,True,both_converged
9930,3.5,0.235,0.06176,0.0372,-0.0434,1.0,1.0,-0.5666,0.0,0.0,True,0.7857,0.05986,0.04312,-0.1448,1.0,1.0,-1.2851,0.0,0.0,True,both_converged
9930,4.0,0.2651,0.06478,0.04006,-0.0439,1.0,1.0,-0.5861,0.0,0.0,True,0.7723,0.07255,0.05648,-0.1535,1.0,1.0,-1.2078,0.0,0.0,True,both_converged
9930,4.5,0.2942,0.06802,0.04321,-0.0446,1.0,1.0,-0.6066,0.0,0.0,True,0.7705,0.08355,0.06743,-0.1602,1.0,1.0,-1.1599,0.0,0.0,True,both_converged
9930,5.0,0.3225,0.07149,0.04666,-0.0454,1.0,1.0,-0.6285,0.0,0.0,True,0.8087,0.0945,0.07837,-0.1717,0.9675,1.0,-1.1616,0.0,0.0,True,both_converged
9930,5.5,0.3498,0.07519,0.05038,-0.0463,1.0,1.0,-0.653,0.0,0.0,True,0.8655,0.10462,0.08847,-0.1829,0.9058,1.0,-1.1977,0.0,0.0,True,both_converged
9930,6.0,0.3762,0.07913,0.05442,-0.0473,1.0,1.0,-0.6801,0.0,0.0,True,0.896,0.1136,0.09744,-0.1882,0.8794,1.0,-1.2133,0.0,0.0,True,both_converged
9930,6.5,0.4016,0.08331,0.05873,-0.0484,1.0,1.0,-0.7102,0.0,0.0,True,0.9165,0.1222,0.10601,-0.1917,0.8641,1.0,-1.2183,0.0,0.0,True,both_converged
9930,7.0,0.426,0.08775,0.06335,-0.0497,1.0,1.0,-0.7448,0.0,0.0,True,0.9192,0.13042,0.1142,-0.193,0.8753,1.0,-1.2077,0.0,0.0,True,both_converged
9930,7.5,0.4494,0.09243,0.06825,-0.051,1.0,1.0,-0.7828,0.0,0.0,True,0.9244,0.13896,0.1227,-0.195,0.8964,1.0,-1.1989,0.0,0.0,True,both_converged
9930,8.0,0.4718,0.09738,0.07344,-0.0526,1.0,1.0,-0.8239,0.0,0.0,True,0.8755,0.14305,0.12661,-0.1859,1.0,1.0,-1.1386,0.0,0.0,True,both_converged
9930,8.5,0.4931,0.10258,0.07896,-0.0542,1.0,1.0,-0.8686,0.0,0.0,True,0.8933,0.15121,0.13477,-0.1889,1.0,1.0,-1.144,0.0,0.0,True,both_converged
9930,9.0,0.5135,0.10805,0.08474,-0.0561,1.0,1.0,-0.9153,0.0,0.0,True,0.9115,0.15936,0.143,-0.192,1.0,1.0,-1.1567,0.0,0.0,True,both_converged
9930,9.5,0.5329,0.11378,0.09081,-0.0581,1.0,1.0,-0.9631,0.0,0.0,True,0.93,0.16751,0.15118,-0.1951,1.0,1.0,-1.1672,0.0,0.0,True,both_converged
9930,10.0,0.5514,0.11978,0.09718,-0.0604,1.0,1.0,-1.011,0.0,0.0,True,0.9487,0.17565,0.15937,-0.1983,1.0,1.0,-1.1771,0.0,0.0,True,both_converged
9930,10.5,0.5692,0.12602,0.10379,-0.0628,1.0,1.0,-1.0581,0.0,0.0,True,0.9677,0.18379,0.16758,-0.2015,1.0,1.0,-1.1928,0.0,0.0,True,both_converged
9930,11.0,0.5863,0.13252,0.11066,-0.0655,1.0,1.0,-1.1045,0.0,0.0,True,0.9869,0.19195,0.17588,-0.2049,1.0,1.0,-1.2056,0.0,0.0,True,both_converged
9930,11.5,0.603,0.13923,0.11777,-0.0684,1.0,1.0,-1.1478,0.0,0.0,True,1.0063,0.20014,0.18417,-0.2083,1.0,1.0,-1.2195,0.0,0.0,True,both_converged
9930,12.0,0.6195,0.14615,0.12506,-0.0716,1.0,1.0,-1.1868,0.0,0.0,True,1.0258,0.20837,0.1925,-0.2119,1.0,1.0,-1.2369,0.0,0.0,True,both_converged
9930,12.5,0.6358,0.15326,0.13252,-0.0749,1.0,1.0,-1.2249,0.0,0.0,True,1.0454,0.21663,0.20088,-0.2155,1.0,1.0,-1.2508,0.0,0.0,True,both_converged
9930,13.0,0.6523,0.16053,0.14016,-0.0785,1.0,1.0,-1.2571,0.0,0.0,True,1.065,0.22494,0.20938,-0.2192,1.0,1.0,-1.2684,0.0,0.0,True,both_converged
9930,13.5,0.669,0.16793,0.14788,-0.0822,1.0,1.0,-1.2882,0.0,0.0,True,1.0847,0.23328,0.21787,-0.223,1.0,1.0,-1.2861,0.0,0.0,True,both_converged
9930,14.0,0.686,0.17544,0.15569,-0.086,1.0,1.0,-1.3134,0.0,0.0,True,1.1044,0.24169,0.22643,-0.227,1.0,1.0,-1.3002,0.0,0.0,True,both_converged
9930,14.5,0.7034,0.18305,0.16358,-0.09,1.0,1.0,-1.3393,0.0,0.0,True,1.124,0.25016,0.23511,-0.2309,1.0,1.0,-1.3212,0.0,0.0,True,both_converged
9930,15.0,0.7211,0.19073,0.17156,-0.094,1.0,1.0,-1.3594,0.0,0.0,True,1.1436,0.25869,0.24383,-0.235,1.0,1.0,-1.3385,0.0,0.0,True,both_converged
9930,15.5,0.755,0.20314,0.18433,-0.1024,0.9825,1.0,-1.3989,0.0,0.0,True,1.1632,0.26729,0.25261,-0.2392,1.0,1.0,-1.3561,0.0,0.0,True,both_converged
9930,16.0,0.7909,0.21236,0.19391,-0.1108,0.936,1.0,-1.4352,0.0,0.0,True,1.1855,0.27344,0.25904,-0.2443,0.9909,1.0,-1.3792,0.0,0.0,True,both_converged
9930,16.5,0.8248,0.22349,0.20537,-0.1178,0.8935,1.0,-1.4731,0.0,0.0,True,1.2184,0.28061,0.26648,-0.2519,0.9559,1.0,-1.4095,0.0,0.0,True,both_converged
9930,17.0,0.8494,0.2298,0.21191,-0.1223,0.8558,1.0,-1.4983,0.0,0.0,True,1.2478,0.28615,0.27229,-0.2579,0.9169,1.0,-1.4455,0.0,0.0,True,both_converged
9930,17.5,0.8762,0.23846,0.22079,-0.1271,0.8199,1.0,-1.5239,0.0,0.0,True,1.2766,0.29448,0.2809,-0.2635,0.8817,1.0,-1.4765,0.0,0.0,True,both_converged
9930,18.0,0.9009,0.2465,0.22905,-0.1313,0.7873,1.0,-1.5524,0.0,0.0,True,1.3002,0.29771,0.28437,-0.2676,0.844,1.0,-1.5108,0.0,0.0,True,both_converged
9930,18.5,0.9231,0.25346,0.23617,-0.135,0.7579,1.0,-1.5734,0.0,0.0,True,1.3304,0.30899,0.29591,-0.2728,0.8047,1.0,-1.5512,0.0,0.0,True,both_converged
9930,19.0,0.9463,0.26163,0.24451,-0.1388,0.73,1.0,-1.5944,0.0,0.0,True,1.3511,0.31183,0.299,-0.2761,0.7691,1.0,-1.5871,0.0,0.0,True,both_converged
9930,19.5,0.9733,0.2733,0.25639,-0.1432,0.7018,1.0,-1.6274,0.0,0.0,True,1.3786,0.32201,0.30945,-0.2802,0.7286,1.0,-1.6812,0.0,0.0,True,both_converged
9930,20.0,0.9884,0.27542,0.25861,-0.1459,0.6781,1.0,-1.6402,0.0,0.0,True,1.3988,0.32629,0.31396,-0.2832,0.6928,1.0,-1.7944,0.0,0.0,True,both_converged
9930,20.5,1.015,0.28805,0.27141,-0.1502,0.6531,1.0,-1.6653,0.0,0.0,True,1.4204,0.33253,0.32043,-0.2864,0.6555,1.0,-1.9087,0.0,0.0,True,both_converged
9930,21.0,,,,,,,,,,False,1.4459,0.34443,0.33258,-0.2897,0.6179,1.0,-2.0342,0.0,0.0,True,optimised_only
9930,21.5,1.0492,0.29663,0.28026,-0.1565,0.6101,1.0,-1.704,0.0,0.0,True,1.4642,0.34958,0.33796,-0.2926,0.585,1.0,-2.1468,0.0,0.0,True,both_converged
9930,22.0,1.0726,0.30776,0.29156,-0.1604,0.5888,1.0,-1.7293,0.0,0.0,True,1.4829,0.3559,0.3445,-0.2956,0.5523,1.0,-2.2547,0.0,0.0,True,both_converged
9930,22.5,1.0899,0.31336,0.29724,-0.1639,0.5705,1.0,-1.7416,0.0,0.0,True,1.5023,0.36414,0.35294,-0.2986,0.5206,1.0,-2.3578,0.0,0.0,True,both_converged
9930,23.0,1.1063,0.31789,0.30191,-0.1675,0.5524,1.0,-1.7635,0.0,0.0,True,1.5204,0.37149,0.36052,-0.3016,0.4906,1.0,-2.448,0.0,0.0,True,both_converged
9930,23.5,1.1234,0.32318,0.30732,-0.1711,0.5344,1.0,-1.7837,0.0,0.0,True,1.5339,0.3739,0.3631,-0.3051,0.4649,1.0,-2.5109,0.0,0.0,True,both_converged
9930,24.0,1.1407,0.32909,0.31334,-0.1748,0.5169,1.0,-1.8016,0.0,0.0,True,1.5548,0.38782,0.37723,-0.3081,0.4386,1.0,-2.5913,0.0,0.0,True,both_converged
9930,24.5,1.1579,0.33524,0.31964,-0.1787,0.5002,1.0,-1.8165,0.0,0.0,True,1.5664,0.38794,0.37748,-0.3122,0.4167,1.0,-2.6253,0.0,0.0,True,both_converged
9930,25.0,1.1748,0.34135,0.32586,-0.1826,0.4841,1.0,-1.8371,0.0,0.0,True,1.5818,0.39437,0.38412,-0.3159,0.3938,1.0,-2.6642,0.0,0.0,True,both_converged
9930,25.5,1.1915,0.34754,0.33218,-0.1865,0.4687,1.0,-1.8604,0.0,0.0,True,1.5993,0.40555,0.39548,-0.3194,0.3725,1.0,-2.7013,0.0,0.0,True,both_converged
9930,26.0,1.2081,0.35411,0.33886,-0.1905,0.4541,1.0,-1.8813,0.0,0.0,True,1.6156,0.41638,0.40644,-0.3231,0.3537,1.0,-2.724,0.0,0.0,True,both_converged
9930,26.5,1.2248,0.36122,0.34612,-0.1946,0.4395,1.0,-1.9001,0.0,0.0,True,1.6294,0.42247,0.41265,-0.3274,0.3368,1.0,-2.7295,0.0,0.0,True,both_converged
9930,27.0,1.2418,0.36944,0.35448,-0.1986,0.4251,1.0,-1.9179,0.0,0.0,True,1.6437,0.43035,0.42069,-0.3315,0.3202,1.0,-2.7316,0.0,0.0,True,both_converged
9930,27.5,1.2592,0.37877,0.36399,-0.2026,0.4104,1.0,-1.9405,0.0,0.0,True,1.654,0.42858,0.41906,-0.3368,0.306,1.0,-2.7119,0.0,0.0,True,both_converged
9930,28.0,,,,,,,,,,False,1.6653,0.43047,0.42103,-0.342,0.2935,1.0,-2.6918,0.0,0.0,True,optimised_only
9930,28.5,1.2834,0.38111,0.36653,-0.2116,0.3861,1.0,-1.9697,0.0,0.0,True,1.6781,0.43689,0.42755,-0.3468,0.2819,1.0,-2.6776,0.0,0.0,True,both_converged
9930,29.0,1.2981,0.38768,0.37323,-0.216,0.3748,1.0,-1.9885,0.0,0.0,True,1.6932,0.45057,0.44137,-0.3506,0.2692,1.0,-2.6764,0.0,0.0,True,both_converged
9930,29.5,1.3146,0.39835,0.38404,-0.2201,0.3623,1.0,-2.0121,0.0,0.0,True,1.0299,0.44372,0.43608,-0.2107,0.2721,1.0,-1.3395,0.0,0.0,True,both_converged
9930,30.0,1.3262,0.39929,0.38515,-0.2248,0.3503,1.0,-2.0194,0.0,0.0,True,1.0282,0.45075,0.44321,-0.2124,0.2636,1.0,-1.3006,0.0,0.0,True,both_converged
13039,-30.0,-0.9227,0.36387,0.34856,0.1024,1.0,0.1743,-1.6748,0.0,0.0,True,-0.9131,0.35904,0.34341,0.0882,1.0,0.1347,-1.4789,0.0,0.0,True,both_converged
13039,-29.5,-0.9071,0.35495,0.33962,0.0979,1.0,0.1783,-1.6571,0.0,0.0,True,-0.8994,0.35463,0.33888,0.0833,1.0,0.1387,-1.454,0.0,0.0,True,both_converged
13039,-29.0,-0.8913,0.34802,0.33261,0.0935,1.0,0.1854,-1.6353,0.0,0.0,True,-0.8864,0.35308,0.33726,0.078,1.0,0.1421,-1.4476,0.0,0.0,True,both_converged
13039,-28.5,-0.8799,0.35,0.33456,0.0881,1.0,0.1906,-1.6395,0.0,0.0,True,,,,,,,,,,False,baseline_only
13039,-28.0,-0.8627,0.33999,0.32449,0.0839,1.0,0.1955,-1.613,0.0,0.0,True,-0.8579,0.34204,0.32613,0.0686,1.0,0.1476,-1.4128,0.0,0.0,True,both_converged
13039,-27.5,-0.8468,0.33433,0.31876,0.0795,1.0,0.2031,-1.5901,0.0,0.0,True,-0.8426,0.33544,0.31941,0.0643,1.0,0.1527,-1.3845,0.0,0.0,True,both_converged
13039,-27.0,-0.8367,0.33851,0.32294,0.0742,1.0,0.2078,-1.5952,0.0,0.0,True,-0.8287,0.33286,0.31679,0.0595,1.0,0.1574,-1.3767,0.0,0.0,True,both_converged
13039,-26.5,-0.8157,0.32385,0.30822,0.0706,1.0,0.2156,-1.5571,0.0,0.0,True,-0.8168,0.33515,0.31906,0.0543,1.0,0.1598,-1.3868,0.0,0.0,True,both_converged
13039,-26.0,-0.8031,0.32399,0.30831,0.0659,1.0,0.2234,-1.56,0.0,0.0,True,-0.7989,0.32244,0.30632,0.0506,1.0,0.1639,-1.357,0.0,0.0,True,both_converged
13039,-25.5,-0.7845,0.31431,0.29861,0.062,1.0,0.2304,-1.5374,0.0,0.0,True,-0.7828,0.316,0.29979,0.0466,1.0,0.1696,-1.337,0.0,0.0,True,both_converged
13039,-25.0,-0.7703,0.31221,0.29648,0.0577,1.0,0.2396,-1.5301,0.0,0.0,True,-0.7689,0.31421,0.29797,0.0421,1.0,0.1744,-1.3313,0.0,0.0,True,both_converged
13039,-24.5,-0.7525,0.30436,0.28863,0.0538,1.0,0.2464,-1.5092,0.0,0.0,True,,,,,,,,,,False,baseline_only
13039,-24.0,-0.738,0.30182,0.28603,0.0497,1.0,0.2566,-1.4966,0.0,0.0,True,-0.4682,0.25812,0.24424,-0.0019,1.0,0.1988,-0.7534,0.0,0.0,True,both_converged
13039,-23.5,-0.7188,0.29303,0.27724,0.0461,1.0,0.2656,-1.4672,0.0,0.0,True,-0.4612,0.25467,0.24075,-0.0038,1.0,0.2059,-0.7647,0.0,0.0,True,both_converged
13039,-23.0,-0.7085,0.29482,0.27905,0.042,1.0,0.2752,-1.4755,0.0,0.0,True,,,,,,,,,,False,baseline_only
13039,-22.5,-0.6859,0.28291,0.26707,0.0388,1.0,0.2879,-1.4472,0.0,0.0,True,-0.4448,0.2454,0.2314,-0.0075,1.0,0.2176,-0.7798,0.0,0.0,True,both_converged
13039,-22.0,-0.6691,0.27721,0.26139,0.0353,1.0,0.2978,-1.4365,0.0,0.0,True,-0.4401,0.24403,0.23,-0.0092,1.0,0.2244,-0.7977,0.0,0.0,True,both_converged
13039,-21.5,-0.6583,0.27749,0.2617,0.0318,1.0,0.3093,-1.4384,0.0,0.0,True,-0.431,0.2385,0.22448,-0.0108,1.0,0.2298,-0.8015,0.0,0.0,True,both_converged
13039,-21.0,-0.6369,0.26771,0.2519,0.0288,1.0,0.3243,-1.4093,0.0,0.0,True,-0.4225,0.23418,0.22012,-0.0122,1.0,0.2386,-0.8049,0.0,0.0,True,both_converged
13039,-20.5,-0.6178,0.2603,0.24447,0.0258,1.0,0.3389,-1.3849,0.0,0.0,True,-0.4207,0.23453,0.2205,-0.0136,1.0,0.2433,-0.8283,0.0,0.0,True,both_converged
13039,-20.0,-0.5999,0.25397,0.23816,0.0229,1.0,0.354,-1.3616,0.0,0.0,True,-0.4069,0.22602,0.21197,-0.0147,1.0,0.2535,-0.8144,0.0,0.0,True,both_converged
13039,-19.5,-0.5824,0.248,0.23221,0.0202,1.0,0.3698,-1.3499,0.0,0.0,True,-0.4075,0.22793,0.2139,-0.0158,1.0,0.2596,-0.8405,0.0,0.0,True,both_converged
13039,-19.0,-0.565,0.24211,0.22632,0.0176,1.0,0.3874,-1.3387,0.0,0.0,True,-0.3927,0.21877,0.20475,-0.0166,1.0,0.271,-0.8222,0.0,0.0,True,both_converged
13039,-18.5,-0.5484,0.23672,0.22095,0.0153,1.0,0.4073,-1.3262,0.0,0.0,True,-0.3897,0.21753,0.20357,-0.0174,1.0,0.2783,-0.8355,0.0,0.0,True,both_converged
13039,-18.0,-0.5349,0.23303,0.21732,0.0133,1.0,0.4278,-1.317,0.0,0.0,True,-0.381,0.21287,0.19892,-0.0179,1.0,0.2906,-0.8304,0.0,0.0,True,both_converged
13039,-17.5,-0.5141,0.22484,0.20916,0.0112,1.0,0.4496,-1.2924,0.0,0.0,True,-0.3725,0.20797,0.19407,-0.0184,1.0,0.3004,-0.8258,0.0,0.0,True,both_converged
13039,-17.0,-0.495,0.21818,0.20249,0.0094,1.0,0.4762,-1.267,0.0,0.0,True,-0.3744,0.20953,0.19565,-0.0185,1.0,0.31,-0.845,0.0,0.0,True,both_converged
13039,-16.5,-0.4756,0.21115,0.19551,0.0077,1.0,0.5033,-1.2466,0.0,0.0,True,-0.3624,0.20245,0.18863,-0.0187,1.0,0.3239,-0.8282,0.0,0.0,True,both_converged
13039,-16.0,-0.4601,0.2061,0.19051,0.0067,1.0,0.5337,-1.2376,0.0,0.0,True,-0.3545,0.19778,0.18404,-0.0187,1.0,0.3357,-0.8371,0.0,0.0,True,both_converged
13039,-15.5,-0.4406,0.19937,0.18379,0.0055,1.0,0.5677,-1.2203,0.0,0.0,True,-0.3506,0.19513,0.18146,-0.0185,1.0,0.3478,-0.8561,0.0,0.0,True,both_converged
13039,-15.0,-0.4145,0.19032,0.17475,0.0039,1.0,0.6084,-1.191,0.0,0.0,True,-0.3485,0.19335,0.17974,-0.0181,1.0,0.3614,-0.8777,0.0,0.0,True,both_converged
13039,-14.5,-0.3989,0.1856,0.17009,0.0037,1.0,0.6519,-1.1731,0.0,0.0,True,-0.3444,0.19028,0.17676,-0.0174,1.0,0.3771,-0.8938,0.0,0.0,True,both_converged
13039,-14.0,-0.3718,0.17695,0.16142,0.0022,1.0,0.7034,-1.14,0.0,0.0,True,-0.3369,0.18529,0.17187,-0.0168,1.0,0.3945,-0.903,0.0,0.0,True,both_converged
13039,-13.5,-0.3381,0.16707,0.15149,-0.0003,1.0,0.7675,-1.1125,0.0,0.0,True,-0.3284,0.17985,0.16652,-0.016,1.0,0.4139,-0.9097,0.0,0.0,True,both_converged
13039,-13.0,-0.2958,0.15584,0.1402,-0.0049,1.0,0.8457,-1.0754,0.0,0.0,True,-0.3223,0.17537,0.16212,-0.0149,1.0,0.435,-0.9198,0.0,0.0,True,both_converged
13039,-12.5,-0.2335,0.14243,0.12655,-0.0153,1.0,0.9539,-1.0205,0.0,0.0,True,-0.3211,0.1725,0.15936,-0.0134,1.0,0.456,-0.9371,0.0,0.0,True,both_converged
13039,-12.0,-0.1709,0.12756,0.1115,-0.0285,1.0,1.0,-0.9766,0.0,0.0,True,-0.3112,0.16623,0.15322,-0.0122,1.0,0.4806,-0.939,0.0,0.0,True,both_converged
13039,-11.5,-0.153,0.12201,0.10597,-0.0306,1.0,1.0,-0.9709,0.0,0.0,True,-0.3088,0.16243,0.14956,-0.0103,1.0,0.5072,-0.9508,0.0,0.0,True,both_converged
13039,-11.0,-0.1355,0.11654,0.10053,-0.0326,1.0,1.0,-0.9625,0.0,0.0,True,-0.2999,0.15644,0.14371,-0.0085,1.0,0.5407,-0.9506,0.0,0.0,True,both_converged
13039,-10.5,-0.1184,0.11116,0.09518,-0.0345,1.0,1.0,-0.9512,0.0,0.0,True,-0.2915,0.15072,0.13809,-0.0064,1.0,0.5813,-0.9493,0.0,0.0,True,both_converged
13039,-10.0,-0.1018,0.10587,0.08991,-0.0362,1.0,1.0,-0.9465,0.0,0.0,True,-0.282,0.14459,0.1321,-0.0041,1.0,0.6295,-0.9445,0.0,0.0,True,both_converged
13039,-9.5,-0.0856,0.10071,0.08479,-0.0378,1.0,1.0,-0.942,0.0,0.0,True,-0.2626,0.1362,0.12385,-0.0026,1.0,0.6986,-0.9253,0.0,0.0,True,both_converged
13039,-9.0,-0.07,0.0957,0.07982,-0.0392,1.0,1.0,-0.9346,0.0,0.0,True,,,,,,,,,,False,baseline_only
13039,-8.5,-0.055,0.09084,0.07501,-0.0405,1.0,1.0,-0.9245,0.0,0.0,True,-0.1548,0.10171,0.08732,-0.0295,1.0,1.0,-0.9956,0.0,0.0,True,both_converged
13039,-8.0,-0.0407,0.08616,0.07038,-0.0416,1.0,1.0,-0.9226,0.0,0.0,True,-0.1435,0.09732,0.08309,-0.0292,1.0,1.0,-0.9949,0.0,0.0,True,both_converged
13039,-7.5,-0.0274,0.0817,0.06598,-0.0425,1.0,1.0,-0.9182,0.0,0.0,True,-0.1326,0.09305,0.07896,-0.0287,1.0,1.0,-1.0073,0.0,0.0,True,both_converged
13039,-7.0,-0.1,0.08626,0.07109,-0.0237,1.0,0.9244,-0.9871,0.0,0.0,True,-0.1222,0.08891,0.075,-0.0281,1.0,1.0,-1.018,0.0,0.0,True,both_converged
13039,-6.5,-0.173,0.0889,0.07432,-0.01,1.0,0.8126,-1.0692,0.0,0.0,True,-0.1122,0.0849,0.07117,-0.0273,1.0,1.0,-1.0265,0.0,0.0,True,both_converged
13039,-6.0,-0.2299,0.08888,0.07484,-0.0021,1.0,0.7345,-1.1465,0.0,0.0,True,-0.1027,0.08103,0.06747,-0.0263,1.0,1.0,-1.0328,0.0,0.0,True,both_converged
13039,-5.5,-0.2738,0.08678,0.07321,0.0035,1.0,0.6833,-1.2121,0.0,0.0,True,-0.0937,0.07728,0.06391,-0.0253,1.0,1.0,-1.0366,0.0,0.0,True,both_converged
13039,-5.0,-0.3184,0.08408,0.07097,0.0096,1.0,0.6479,-1.2774,0.0,0.0,True,-0.0852,0.07366,0.06047,-0.024,1.0,1.0,-1.0379,0.0,0.0,True,both_converged
13039,-4.5,-0.3518,0.08011,0.06738,0.0134,1.0,0.6236,-1.3323,0.0,0.0,True,-0.0772,0.07016,0.05717,-0.0227,1.0,1.0,-1.0366,0.0,0.0,True,both_converged
13039,-4.0,-0.3762,0.0754,0.06292,0.0155,1.0,0.6091,-1.3779,0.0,0.0,True,-0.0697,0.06678,0.05398,-0.0212,1.0,1.0,-1.0327,0.0,0.0,True,both_converged
13039,-3.5,-0.3877,0.07,0.05764,0.0156,1.0,0.6047,-1.4077,0.0,0.0,True,-0.0657,0.06363,0.05106,-0.0188,1.0,0.9985,-1.0286,0.0,0.0,True,both_converged
13039,-3.0,-0.3798,0.06413,0.05168,0.0136,1.0,0.6127,-1.4082,0.0,0.0,True,-0.1359,0.06454,0.0525,0.0008,1.0,0.9552,-1.0915,0.0,0.0,True,both_converged
13039,-2.5,-0.3554,0.05836,0.04574,0.0112,1.0,0.6393,-1.3867,0.0,0.0,True,-0.2008,0.06503,0.05351,0.0175,1.0,0.9107,-1.1531,0.0,0.0,True,both_converged
13039,-2.0,-0.32,0.05311,0.04028,0.0096,1.0,0.6896,-1.3377,0.0,0.0,True,-0.2644,0.06513,0.05414,0.0325,1.0,0.8672,-1.2171,0.0,0.0,True,both_converged
13039,-1.5,-0.2803,0.04837,0.03547,0.0105,1.0,0.7759,-1.2764,0.0,0.0,True,-0.2855,0.06455,0.05387,0.0342,1.0,0.8034,-1.2529,0.0,0.0,True,both_converged
13039,-1.0,-0.1237,0.0413,0.02768,-0.0241,1.0,1.0,-1.1404,0.0,0.0,True,-0.1645,0.06177,0.05064,-0.001,1.0,0.6953,-1.1713,0.0,0.0,True,both_converged
13039,-0.5,-0.0445,0.0414,0.02491,-0.0408,1.0,1.0,-1.0261,0.0,0.0,True,0.0084,0.05596,0.04398,-0.0395,1.0,0.6665,-1.04,0.0,0.0,True,both_converged
13039,0.0,-0.0017,0.04278,0.02497,-0.0424,1.0,1.0,-0.9023,0.0,0.0,True,0.152,0.05019,0.03749,-0.0647,1.0,0.7273,-0.8771,0.0,0.0,True,both_converged
13039,0.5,0.0366,0.04439,0.02567,-0.0429,1.0,1.0,-0.7879,0.0,0.0,True,0.2541,0.04489,0.03184,-0.0776,1.0,0.84,-0.7296,0.0,0.0,True,both_converged
13039,1.0,0.0729,0.04621,0.02678,-0.0433,1.0,1.0,-0.6814,0.0,0.0,True,0.3795,0.04296,0.02953,-0.0988,1.0,1.0,-0.7568,0.0,0.0,True,both_converged
13039,1.5,0.1078,0.04826,0.02827,-0.0436,1.0,1.0,-0.5834,0.0,0.0,True,0.5487,0.04618,0.03137,-0.129,1.0,1.0,-0.9348,0.0,0.0,True,both_converged
13039,2.0,0.1417,0.05051,0.03007,-0.044,1.0,1.0,-0.5091,0.0,0.0,True,0.6405,0.04835,0.033,-0.1392,1.0,1.0,-1.0602,0.0,0.0,True,both_converged
13039,2.5,0.1746,0.05298,0.03219,-0.0444,1.0,1.0,-0.5266,0.0,0.0,True,0.7095,0.05021,0.03489,-0.1436,1.0,1.0,-1.1666,0.0,0.0,True,both_converged
13039,3.0,0.2066,0.05566,0.0346,-0.0449,1.0,1.0,-0.5447,0.0,0.0,True,0.768,0.05248,0.03781,-0.1466,1.0,1.0,-1.2541,0.0,0.0,True,both_converged
13039,3.5,0.2376,0.05856,0.0373,-0.0455,1.0,1.0,-0.5632,0.0,0.0,True,0.7745,0.06245,0.04892,-0.1543,1.0,1.0,-1.2134,0.0,0.0,True,both_converged
13039,4.0,0.2679,0.06169,0.04028,-0.0462,1.0,1.0,-0.5825,0.0,0.0,True,0.93,0.07258,0.05904,-0.1845,0.8,1.0,-1.3244,0.0,0.0,True,both_converged
13039,4.5,0.2971,0.06503,0.04355,-0.047,1.0,1.0,-0.6028,0.0,0.0,True,0.9994,0.07776,0.06415,-0.1899,0.7302,1.0,-1.4016,0.0,0.0,True,both_converged
13039,5.0,0.3254,0.06859,0.0471,-0.0478,1.0,1.0,-0.6249,0.0,0.0,True,1.0387,0.08499,0.0713,-0.1926,0.6932,1.0,-1.4405,0.0,0.0,True,both_converged
13039,5.5,0.3528,0.07239,0.05092,-0.0488,1.0,1.0,-0.6491,0.0,0.0,True,1.0541,0.09406,0.08032,-0.1942,0.673,1.0,-1.447,0.0,0.0,True,both_converged
13039,6.0,0.3791,0.07643,0.05504,-0.0499,1.0,1.0,-0.6759,0.0,0.0,True,1.0649,0.1038,0.09002,-0.196,0.6618,1.0,-1.4471,0.0,0.0,True,both_converged
13039,6.5,0.4045,0.08071,0.05944,-0.0511,1.0,1.0,-0.7062,0.0,0.0,True,1.0673,0.11465,0.10091,-0.1986,0.6651,1.0,-1.4272,0.0,0.0,True,both_converged
13039,7.0,0.4288,0.08524,0.06415,-0.0524,1.0,1.0,-0.7405,0.0,0.0,True,1.0489,0.12532,0.11156,-0.1997,0.6769,1.0,-1.3761,0.0,0.0,True,both_converged
13039,7.5,0.452,0.09003,0.06913,-0.0538,1.0,1.0,-0.7781,0.0,0.0,True,1.0414,0.13557,0.1218,-0.2019,0.6942,1.0,-1.3458,0.0,0.0,True,both_converged
13039,8.0,0.4742,0.09509,0.07442,-0.0554,1.0,1.0,-0.8193,0.0,0.0,True,1.0209,0.14597,0.1322,-0.2045,0.7417,1.0,-1.2913,0.0,0.0,True,both_converged
13039,8.5,0.4953,0.10043,0.08003,-0.0571,1.0,1.0,-0.8636,0.0,0.0,True,0.9008,0.15164,0.13759,-0.1937,1.0,1.0,-1.1227,0.0,0.0,True,both_converged
13039,9.0,0.5155,0.10606,0.08594,-0.059,1.0,1.0,-0.9098,0.0,0.0,True,0.9189,0.15989,0.14585,-0.1966,1.0,1.0,-1.1344,0.0,0.0,True,both_converged
13039,9.5,0.5346,0.11195,0.09213,-0.0611,1.0,1.0,-0.9567,0.0,0.0,True,0.9374,0.16814,0.15418,-0.1996,1.0,1.0,-1.1437,0.0,0.0,True,both_converged
13039,10.0,0.5529,0.11814,0.09866,-0.0634,1.0,1.0,-1.0036,0.0,0.0,True,0.956,0.1764,0.16247,-0.2026,1.0,1.0,-1.1566,0.0,0.0,True,both_converged
13039,10.5,0.5704,0.1246,0.10545,-0.0659,1.0,1.0,-1.049,0.0,0.0,True,0.9749,0.18466,0.17079,-0.2058,1.0,1.0,-1.1708,0.0,0.0,True,both_converged
13039,11.0,0.5873,0.13132,0.1125,-0.0686,1.0,1.0,-1.0931,0.0,0.0,True,0.994,0.19295,0.1792,-0.209,1.0,1.0,-1.1821,0.0,0.0,True,both_converged
13039,11.5,0.6038,0.13828,0.11982,-0.0716,1.0,1.0,-1.1346,0.0,0.0,True,1.0133,0.20127,0.1876,-0.2124,1.0,1.0,-1.199,0.0,0.0,True,both_converged
13039,12.0,0.6201,0.14546,0.12732,-0.0747,1.0,1.0,-1.1716,0.0,0.0,True,1.0326,0.20962,0.19604,-0.2158,1.0,1.0,-1.2146,0.0,0.0,True,both_converged
13039,12.5,0.6365,0.15284,0.13501,-0.0781,1.0,1.0,-1.2065,0.0,0.0,True,1.0521,0.21802,0.20454,-0.2194,1.0,1.0,-1.2276,0.0,0.0,True,both_converged
13039,13.0,0.653,0.16038,0.14288,-0.0817,1.0,1.0,-1.2369,0.0,0.0,True,1.0788,0.22598,0.21272,-0.225,0.9856,1.0,-1.2537,0.0,0.0,True,both_converged
13039,13.5,0.7029,0.17376,0.15677,-0.0937,0.9474,1.0,-1.3037,0.0,0.0,True,1.1123,0.23583,0.22275,-0.2319,0.9579,1.0,-1.2827,0.0,0.0,True,both_converged
13039,14.0,0.7437,0.18645,0.16986,-0.1021,0.8955,1.0,-1.3611,0.0,0.0,True,1.1359,0.23885,0.22593,-0.236,0.9218,1.0,-1.307,0.0,0.0,True,both_converged
13039,14.5,0.7686,0.19338,0.17709,-0.1063,0.8503,1.0,-1.3918,0.0,0.0,True,1.1702,0.24916,0.2365,-0.2419,0.8837,1.0,-1.3436,0.0,0.0,True,both_converged
13039,15.0,0.7933,0.20122,0.18516,-0.1102,0.8104,1.0,-1.426,0.0,0.0,True,1.1934,0.25336,0.24083,-0.2453,0.8472,1.0,-1.3685,0.0,0.0,True,both_converged
13039,15.5,0.8199,0.20983,0.19401,-0.1142,0.7703,1.0,-1.4571,0.0,0.0,True,1.2257,0.2632,0.25091,-0.2499,0.8043,1.0,-1.4096,0.0,0.0,True,both_converged
13039,16.0,0.8483,0.2203,0.20473,-0.1183,0.7347,1.0,-1.4938,0.0,0.0,True,1.2478,0.26713,0.25499,-0.2525,0.7646,1.0,-1.4349,0.0,0.0,True,both_converged
13039,16.5,0.869,0.22702,0.21161,-0.1211,0.7033,1.0,-1.5169,0.0,0.0,True,1.2746,0.27497,0.26301,-0.2557,0.7241,1.0,-1.4752,0.0,0.0,True,both_converged
13039,17.0,0.887,0.2325,0.21721,-0.1236,0.6743,1.0,-1.5328,0.0,0.0,True,1.3034,0.28451,0.27278,-0.2587,0.6801,1.0,-1.5153,0.0,0.0,True,both_converged
13039,17.5,0.9077,0.23988,0.22474,-0.1266,0.6484,1.0,-1.5584,0.0,0.0,True,1.3224,0.28819,0.27661,-0.2608,0.642,1.0,-1.5488,0.0,0.0,True,both_converged
13039,18.0,0.9344,0.25074,0.23579,-0.1302,0.6211,1.0,-1.5891,0.0,0.0,True,1.3499,0.29892,0.28754,-0.2633,0.6016,1.0,-1.594,0.0,0.0,True,both_converged
13039,18.5,0.9483,0.2541,0.23921,-0.1326,0.5992,1.0,-1.5966,0.0,0.0,True,1.3671,0.30268,0.29148,-0.2653,0.5654,1.0,-1.6308,0.0,0.0,True,both_converged
13039,19.0,0.9694,0.26176,0.247,-0.1357,0.5756,1.0,-1.6244,0.0,0.0,True,1.387,0.30952,0.29851,-0.2677,0.5326,1.0,-1.7157,0.0,0.0,True,both_converged
13039,19.5,0.9923,0.27157,0.25696,-0.1391,0.5547,1.0,-1.6508,0.0,0.0,True,1.4064,0.31658,0.30573,-0.2702,0.5002,1.0,-1.84,0.0,0.0,True,both_converged
13039,20.0,1.0074,0.27561,0.26107,-0.1421,0.5359,1.0,-1.6601,0.0,0.0,True,1.4282,0.32681,0.31619,-0.2727,0.4712,1.0,-1.9747,0.0,0.0,True,both_converged
13039,20.5,1.0247,0.28106,0.26662,-0.1452,0.5163,1.0,-1.679,0.0,0.0,True,1.4428,0.33055,0.32009,-0.2756,0.4443,1.0,-2.0887,0.0,0.0,True,both_converged
13039,21.0,1.0433,0.28763,0.27333,-0.1485,0.4975,1.0,-1.7019,0.0,0.0,True,1.4623,0.3404,0.33012,-0.2785,0.4203,1.0,-2.2186,0.0,0.0,True,both_converged
13039,21.5,1.0621,0.29453,0.28033,-0.1519,0.4797,1.0,-1.7217,0.0,0.0,True,1.4756,0.34373,0.33364,-0.2821,0.3988,1.0,-2.312,0.0,0.0,True,both_converged
13039,22.0,1.0806,0.30143,0.28733,-0.1554,0.4626,1.0,-1.7379,0.0,0.0,True,1.4921,0.35057,0.34065,-0.2855,0.3767,1.0,-2.4133,0.0,0.0,True,both_converged
13039,22.5,1.098,0.30767,0.29369,-0.159,0.4466,1.0,-1.761,0.0,0.0,True,1.5098,0.35968,0.34996,-0.2888,0.3566,1.0,-2.5114,0.0,0.0,True,both_converged
13039,23.0,1.1152,0.31373,0.29984,-0.1626,0.431,1.0,-1.783,0.0,0.0,True,1.5268,0.36879,0.35928,-0.2924,0.3384,1.0,-2.5943,0.0,0.0,True,both_converged
13039,23.5,1.1316,0.31937,0.30557,-0.1663,0.4162,1.0,-1.8003,0.0,0.0,True,1.5425,0.37655,0.36719,-0.2962,0.3212,1.0,-2.6586,0.0,0.0,True,both_converged
13039,24.0,1.1479,0.32507,0.31135,-0.1702,0.4024,1.0,-1.8142,0.0,0.0,True,1.5553,0.37993,0.37069,-0.3008,0.3058,1.0,-2.6952,0.0,0.0,True,both_converged
13039,24.5,1.1646,0.33128,0.31768,-0.1741,0.3887,1.0,-1.834,0.0,0.0,True,1.5683,0.38363,0.3745,-0.3056,0.2912,1.0,-2.7189,0.0,0.0,True,both_converged
13039,25.0,1.1819,0.33854,0.32504,-0.178,0.3755,1.0,-1.861,0.0,0.0,True,1.5817,0.38841,0.37941,-0.3104,0.2782,1.0,-2.7321,0.0,0.0,True,both_converged
13039,25.5,1.2005,0.34782,0.33443,-0.1818,0.362,1.0,-1.8896,0.0,0.0,True,1.5966,0.39588,0.38699,-0.3149,0.2656,1.0,-2.7429,0.0,0.0,True,both_converged
13039,26.0,1.217,0.35445,0.34123,-0.1857,0.3481,1.0,-1.9107,0.0,0.0,True,1.6137,0.40871,0.39996,-0.3185,0.2523,1.0,-2.76,0.0,0.0,True,both_converged
13039,26.5,1.2282,0.35455,0.34138,-0.1903,0.3367,1.0,-1.9122,0.0,0.0,True,1.6252,0.40891,0.40028,-0.324,0.2399,1.0,-2.738,0.0,0.0,True,both_converged
13039,27.0,1.2427,0.35976,0.34667,-0.1947,0.3264,1.0,-1.9247,0.0,0.0,True,1.6376,0.41294,0.40439,-0.3295,0.2311,1.0,-2.7129,0.0,0.0,True,both_converged
13039,27.5,1.2603,0.36957,0.35659,-0.1987,0.3151,1.0,-1.9589,0.0,0.0,True,1.6557,0.43169,0.42328,-0.3324,0.2191,1.0,-2.7269,0.0,0.0,True,both_converged
13039,28.0,1.2745,0.37407,0.36125,-0.203,0.3027,1.0,-1.9806,0.0,0.0,True,1.6637,0.42323,0.41488,-0.3398,0.2115,1.0,-2.6696,0.0,0.0,True,both_converged
13039,28.5,1.2858,0.37525,0.36248,-0.2081,0.2938,1.0,-1.9867,0.0,0.0,True,1.6803,0.44147,0.43325,-0.3428,0.202,1.0,-2.6781,0.0,0.0,True,both_converged
13039,29.0,1.3021,0.38515,0.3725,-0.2121,0.2842,1.0,-2.0121,0.0,0.0,True,1.6887,0.43396,0.42581,-0.3502,0.1952,1.0,-2.6229,0.0,0.0,True,both_converged
13039,29.5,1.3145,0.38761,0.37508,-0.2169,0.2734,1.0,-2.0211,0.0,0.0,True,,,,,,,,,,False,baseline_only
13039,30.0,1.3263,0.39099,0.37857,-0.222,0.2658,1.0,-2.0247,0.0,0.0,True,1.0276,0.44878,0.44214,-0.2119,0.1927,1.0,-1.272,0.0,0.0,True,both_converged
16506,-30.0,-0.5317,0.31379,0.30263,0.0363,1.0,0.143,-0.8581,0.0,0.0,True,-0.9089,0.35531,0.34134,0.0876,1.0,0.1033,-1.4897,0.0,0.0,True,both_converged
16506,-29.5,-0.5225,0.30555,0.29431,0.0336,1.0,0.1462,-0.8475,0.0,0.0,True,-0.895,0.35024,0.33616,0.0827,1.0,0.1063,-1.4624,0.0,0.0,True,both_converged
16506,-29.0,-0.5138,0.29908,0.28774,0.0311,1.0,0.1518,-0.8433,0.0,0.0,True,-0.8811,0.34644,0.33229,0.0776,1.0,0.1092,-1.4459,0.0,0.0,True,both_converged
16506,-28.5,-0.5083,0.29561,0.2842,0.0282,1.0,0.157,-0.8554,0.0,0.0,True,-0.8676,0.34478,0.33057,0.0723,1.0,0.1115,-1.4417,0.0,0.0,True,both_converged
16506,-28.0,-0.5058,0.29471,0.28326,0.0253,1.0,0.1595,-0.8799,0.0,0.0,True,,,,,,,,,,False,baseline_only
16506,-27.5,-0.4922,0.28402,0.27246,0.023,1.0,0.1658,-0.8528,0.0,0.0,True,-0.5169,0.2873,0.27529,0.013,1.0,0.1271,-0.7607,0.0,0.0,True,both_converged
16506,-27.0,-0.4854,0.27996,0.26831,0.0203,1.0,0.1721,-0.8548,0.0,0.0,True,-0.8228,0.32684,0.31247,0.0585,1.0,0.1182,-1.3778,0.0,0.0,True,both_converged
16506,-26.5,,,,,,,,,,False,-0.8075,0.32163,0.30722,0.0541,1.0,0.1222,-1.3646,0.0,0.0,True,optimised_only
16506,-26.0,-0.7961,0.31585,0.30182,0.0647,1.0,0.1711,-1.5574,0.0,0.0,True,-0.793,0.31889,0.30443,0.0493,1.0,0.1259,-1.3613,0.0,0.0,True,both_converged
16506,-25.5,-0.7856,0.31915,0.30513,0.0593,1.0,0.1749,-1.5774,0.0,0.0,True,-0.7803,0.32036,0.30587,0.0441,1.0,0.1279,-1.3719,0.0,0.0,True,both_converged
16506,-25.0,-0.7638,0.30514,0.29108,0.056,1.0,0.181,-1.5361,0.0,0.0,True,-0.4822,0.26682,0.25446,0.0006,1.0,0.1435,-0.7761,0.0,0.0,True,both_converged
16506,-24.5,-0.7486,0.30185,0.28777,0.0517,1.0,0.1888,-1.5261,0.0,0.0,True,-0.4728,0.26016,0.24779,-0.0016,1.0,0.146,-0.7686,0.0,0.0,True,both_converged
16506,-24.0,-0.7343,0.29847,0.28439,0.0472,1.0,0.1933,-1.521,0.0,0.0,True,-0.4623,0.2535,0.24107,-0.0035,1.0,0.1511,-0.7523,0.0,0.0,True,both_converged
16506,-23.5,-0.7143,0.28962,0.27549,0.0438,1.0,0.2025,-1.4842,0.0,0.0,True,-0.455,0.24993,0.23746,-0.0056,1.0,0.1561,-0.7634,0.0,0.0,True,both_converged
16506,-23.0,-0.7056,0.29322,0.27912,0.0389,1.0,0.2079,-1.499,0.0,0.0,True,-0.4511,0.24934,0.23682,-0.0078,1.0,0.1593,-0.7904,0.0,0.0,True,both_converged
16506,-22.5,-0.6807,0.27854,0.26438,0.036,1.0,0.2167,-1.4585,0.0,0.0,True,-0.4415,0.24319,0.23067,-0.0096,1.0,0.1624,-0.7946,0.0,0.0,True,both_converged
16506,-22.0,-0.6708,0.28013,0.266,0.0316,1.0,0.2242,-1.4746,0.0,0.0,True,-0.431,0.2371,0.22455,-0.0112,1.0,0.1688,-0.7909,0.0,0.0,True,both_converged
16506,-21.5,-0.647,0.26775,0.25359,0.0287,1.0,0.2343,-1.4368,0.0,0.0,True,-0.4258,0.23529,0.22273,-0.013,1.0,0.1744,-0.8088,0.0,0.0,True,both_converged
16506,-21.0,-0.6381,0.26901,0.25494,0.0246,1.0,0.2419,-1.4504,0.0,0.0,True,-0.6353,0.26705,0.25249,0.0105,1.0,0.1643,-1.2771,0.0,0.0,True,both_converged
16506,-20.5,-0.6144,0.2577,0.24354,0.0219,1.0,0.2545,-1.4095,0.0,0.0,True,-0.6187,0.26135,0.2468,0.0075,1.0,0.1713,-1.2655,0.0,0.0,True,both_converged
16506,-20.0,-0.5978,0.25185,0.23773,0.0186,1.0,0.263,-1.3925,0.0,0.0,True,-0.6082,0.26197,0.24748,0.0038,1.0,0.1759,-1.2829,0.0,0.0,True,both_converged
16506,-19.5,-0.5866,0.25051,0.23642,0.0153,1.0,0.2748,-1.3879,0.0,0.0,True,-0.5878,0.25097,0.23649,0.0015,1.0,0.1819,-1.2531,0.0,0.0,True,both_converged
16506,-19.0,-0.5641,0.24071,0.22662,0.0128,1.0,0.2887,-1.3637,0.0,0.0,True,-0.5734,0.247,0.23256,-0.0013,1.0,0.1899,-1.247,0.0,0.0,True,both_converged
16506,-18.5,-0.5458,0.23389,0.21981,0.0101,1.0,0.3015,-1.3496,0.0,0.0,True,-0.5614,0.24414,0.2298,-0.0041,1.0,0.1942,-1.2514,0.0,0.0,True,both_converged
16506,-18.0,-0.5305,0.22869,0.21465,0.0074,1.0,0.3145,-1.3409,0.0,0.0,True,-0.5421,0.23527,0.22093,-0.006,1.0,0.2034,-1.2209,0.0,0.0,True,both_converged
16506,-17.5,-0.5175,0.22469,0.21071,0.005,1.0,0.3287,-1.3342,0.0,0.0,True,-0.535,0.23601,0.22177,-0.0086,1.0,0.209,-1.2363,0.0,0.0,True,both_converged
16506,-17.0,-0.5016,0.21892,0.20496,0.0029,1.0,0.3455,-1.3164,0.0,0.0,True,-0.5133,0.2247,0.21052,-0.0101,1.0,0.2176,-1.1969,0.0,0.0,True,both_converged
16506,-16.5,-0.4818,0.21126,0.19732,0.001,1.0,0.3646,-1.2868,0.0,0.0,True,-0.5057,0.22391,0.20983,-0.0121,1.0,0.2253,-1.2034,0.0,0.0,True,both_converged
16506,-16.0,-0.4629,0.20426,0.19035,-0.0007,1.0,0.3853,-1.2684,0.0,0.0,True,-0.4863,0.21439,0.20037,-0.0133,1.0,0.2341,-1.1694,0.0,0.0,True,both_converged
16506,-15.5,-0.4475,0.19865,0.18477,-0.0022,1.0,0.4073,-1.2587,0.0,0.0,True,-0.4818,0.21429,0.20039,-0.0148,1.0,0.2424,-1.1784,0.0,0.0,True,both_converged
16506,-15.0,-0.4408,0.19615,0.18238,-0.003,1.0,0.429,-1.2617,0.0,0.0,True,-0.462,0.20448,0.19068,-0.0155,1.0,0.2543,-1.1577,0.0,0.0,True,both_converged
16506,-14.5,-0.4145,0.18623,0.17244,-0.0043,1.0,0.4592,-1.2256,0.0,0.0,True,-0.4523,0.20002,0.18636,-0.0163,1.0,0.2634,-1.1695,0.0,0.0,True,both_converged
16506,-14.0,-0.3956,0.17907,0.16534,-0.0052,1.0,0.4877,-1.2008,0.0,0.0,True,-0.4459,0.19735,0.1838,-0.0167,1.0,0.2756,-1.1854,0.0,0.0,True,both_converged
16506,-13.5,-0.3778,0.17249,0.15879,-0.0057,1.0,0.5214,-1.1767,0.0,0.0,True,-0.4302,0.18944,0.17601,-0.0168,1.0,0.289,-1.1789,0.0,0.0,True,both_converged
16506,-13.0,-0.3602,0.16616,0.1525,-0.0058,1.0,0.562,-1.1625,0.0,0.0,True,-0.4197,0.18382,0.17054,-0.0167,1.0,0.3007,-1.1846,0.0,0.0,True,both_converged
16506,-12.5,-0.3398,0.15892,0.14531,-0.006,1.0,0.6046,-1.1423,0.0,0.0,True,-0.4149,0.18026,0.16715,-0.0164,1.0,0.3126,-1.201,0.0,0.0,True,both_converged
16506,-12.0,-0.3145,0.15094,0.13734,-0.0063,1.0,0.6581,-1.1121,0.0,0.0,True,-0.4125,0.17762,0.16465,-0.0156,1.0,0.3266,-1.2187,0.0,0.0,True,both_converged
16506,-11.5,-0.2887,0.14329,0.12971,-0.0066,1.0,0.7226,-1.0785,0.0,0.0,True,-0.4037,0.17188,0.15907,-0.0147,1.0,0.3429,-1.2219,0.0,0.0,True,both_converged
16506,-11.0,-0.2552,0.13486,0.12121,-0.0081,1.0,0.8038,-1.0481,0.0,0.0,True,-0.3983,0.16716,0.15452,-0.0134,1.0,0.3597,-1.2297,0.0,0.0,True,both_converged
16506,-10.5,-0.1761,0.11873,0.10487,-0.0197,1.0,0.9302,-0.9781,0.0,0.0,True,-0.3828,0.1588,0.14631,-0.0121,1.0,0.3806,-1.2179,0.0,0.0,True,both_converged
16506,-10.0,-0.0985,0.10382,0.08971,-0.0358,1.0,1.0,-0.9172,0.0,0.0,True,-0.3753,0.1533,0.14097,-0.0103,1.0,0.4032,-1.2179,0.0,0.0,True,both_converged
16506,-9.5,-0.0819,0.09853,0.08446,-0.0374,1.0,1.0,-0.9136,0.0,0.0,True,-0.3774,0.15026,0.13813,-0.0078,1.0,0.4244,-1.2319,0.0,0.0,True,both_converged
16506,-9.0,-0.0658,0.09341,0.07938,-0.0388,1.0,1.0,-0.9069,0.0,0.0,True,-0.3642,0.14273,0.13076,-0.0058,1.0,0.4514,-1.2194,0.0,0.0,True,both_converged
16506,-8.5,-0.0503,0.08846,0.07446,-0.0401,1.0,1.0,-0.8971,0.0,0.0,True,-0.3586,0.13718,0.1254,-0.003,1.0,0.4808,-1.2163,0.0,0.0,True,both_converged
16506,-8.0,-0.0355,0.08371,0.06977,-0.0412,1.0,1.0,-0.8925,0.0,0.0,True,-0.3545,0.13189,0.1203,0.0004,1.0,0.5176,-1.2118,0.0,0.0,True,both_converged
16506,-7.5,-0.0216,0.07918,0.06531,-0.0421,1.0,1.0,-0.8883,0.0,0.0,True,-0.3457,0.1253,0.11386,0.0038,1.0,0.5638,-1.1977,0.0,0.0,True,both_converged
16506,-7.0,-0.0088,0.07489,0.0611,-0.0428,1.0,1.0,-0.8816,0.0,0.0,True,-0.3335,0.11793,0.10665,0.0075,1.0,0.6267,-1.1757,0.0,0.0,True,both_converged
16506,-6.5,-0.1451,0.08456,0.07163,-0.0124,1.0,0.8462,-1.0108,0.0,0.0,True,,,,,,,,,,False,baseline_only
16506,-6.0,-0.2476,0.08823,0.07603,0.0003,1.0,0.7019,-1.1415,0.0,0.0,True,-0.1013,0.07895,0.06702,-0.0258,1.0,1.0,-0.9953,0.0,0.0,True,both_converged
16506,-5.5,-0.3112,0.08676,0.07511,0.0054,1.0,0.6128,-1.243,0.0,0.0,True,-0.0925,0.07523,0.06345,-0.0246,1.0,1.0,-1.0008,0.0,0.0,True,both_converged
16506,-5.0,-0.3635,0.08364,0.07244,0.009,1.0,0.5586,-1.3348,0.0,0.0,True,-0.0841,0.07162,0.06003,-0.0233,1.0,1.0,-1.0036,0.0,0.0,True,both_converged
16506,-4.5,-0.3955,0.07869,0.06775,0.0087,1.0,0.5219,-1.4104,0.0,0.0,True,-0.0762,0.06814,0.05672,-0.0218,1.0,1.0,-1.0036,0.0,0.0,True,both_converged
16506,-4.0,-0.4086,0.07241,0.06151,0.0041,1.0,0.4962,-1.4753,0.0,0.0,True,-0.0689,0.06477,0.05354,-0.0202,1.0,1.0,-1.001,0.0,0.0,True,both_converged
16506,-3.5,-0.3913,0.06559,0.05454,-0.0007,1.0,0.4927,-1.4803,0.0,0.0,True,-0.062,0.06151,0.05046,-0.0185,1.0,1.0,-0.9956,0.0,0.0,True,both_converged
16506,-3.0,-0.3584,0.05894,0.04753,-0.0071,1.0,0.5016,-1.4574,0.0,0.0,True,-0.0558,0.05834,0.04749,-0.0167,1.0,1.0,-0.9877,0.0,0.0,True,both_converged
16506,-2.5,-0.3115,0.05314,0.04123,-0.0133,1.0,0.5306,-1.4069,0.0,0.0,True,-0.127,0.05878,0.04843,0.0033,1.0,0.961,-1.0497,0.0,0.0,True,both_converged
16506,-2.0,-0.2624,0.04856,0.0363,-0.016,1.0,0.5814,-1.3283,0.0,0.0,True,-0.1996,0.05915,0.0493,0.0218,1.0,0.9172,-1.1167,0.0,0.0,True,both_converged
16506,-1.5,-0.2199,0.04487,0.0325,-0.015,1.0,0.6581,-1.2502,0.0,0.0,True,-0.2687,0.0592,0.04983,0.0377,1.0,0.8717,-1.1849,0.0,0.0,True,both_converged
16506,-1.0,-0.1874,0.04139,0.02933,-0.01,1.0,0.7851,-1.1795,0.0,0.0,True,-0.1748,0.06043,0.0508,0.0024,1.0,0.6921,-1.1462,0.0,0.0,True,both_converged
16506,-0.5,-0.0454,0.03841,0.02417,-0.0415,1.0,1.0,-1.0375,0.0,0.0,True,0.092,0.0546,0.04365,-0.063,1.0,0.5764,-0.9612,0.0,0.0,True,both_converged
16506,0.0,-0.0004,0.0399,0.02431,-0.0436,1.0,1.0,-0.9124,0.0,0.0,True,0.2377,0.04934,0.03766,-0.0874,1.0,0.6423,-0.7881,0.0,0.0,True,both_converged
16506,0.5,0.0382,0.04161,0.02516,-0.0443,1.0,1.0,-0.7957,0.0,0.0,True,0.3495,0.045,0.03284,-0.1016,1.0,0.7581,-0.7083,0.0,0.0,True,both_converged
16506,1.0,0.0747,0.04353,0.02642,-0.0447,1.0,1.0,-0.6873,0.0,0.0,True,0.4132,0.0411,0.02917,-0.1049,1.0,0.9137,-0.7932,0.0,0.0,True,both_converged
16506,1.5,0.1098,0.04567,0.02805,-0.0451,1.0,1.0,-0.5878,0.0,0.0,True,0.5596,0.04337,0.03059,-0.1302,1.0,1.0,-0.9532,0.0,0.0,True,both_converged
16506,2.0,0.1439,0.04802,0.02999,-0.0456,1.0,1.0,-0.5067,0.0,0.0,True,0.6586,0.04552,0.03232,-0.1421,1.0,1.0,-1.084,0.0,0.0,True,both_converged
16506,2.5,0.1769,0.05058,0.03224,-0.0462,1.0,1.0,-0.5241,0.0,0.0,True,0.7319,0.04731,0.03428,-0.1473,1.0,1.0,-1.1926,0.0,0.0,True,both_converged
16506,3.0,0.209,0.05335,0.03476,-0.0468,1.0,1.0,-0.5418,0.0,0.0,True,0.7866,0.05073,0.03867,-0.152,1.0,1.0,-1.2549,0.0,0.0,True,both_converged
16506,3.5,0.2401,0.05633,0.03756,-0.0474,1.0,1.0,-0.56,0.0,0.0,True,1.0089,0.0496,0.03785,-0.1798,0.6893,1.0,-1.4719,0.0,0.0,True,both_converged
16506,4.0,0.2703,0.05952,0.04064,-0.0482,1.0,1.0,-0.579,0.0,0.0,True,1.1734,0.04706,0.03407,-0.1875,0.5895,1.0,-1.7186,0.0,0.0,True,both_converged
16506,4.5,0.2995,0.06294,0.04398,-0.049,1.0,1.0,-0.5993,0.0,0.0,True,1.2467,0.0522,0.03888,-0.1902,0.5511,1.0,-1.8376,0.0,0.0,True,both_converged
16506,5.0,0.3278,0.06657,0.0476,-0.05,1.0,1.0,-0.6212,0.0,0.0,True,1.2961,0.05892,0.04585,-0.191,0.5252,1.0,-1.9166,0.0,0.0,True,both_converged
16506,5.5,0.3551,0.07044,0.0515,-0.051,1.0,1.0,-0.6452,0.0,0.0,True,1.3113,0.06815,0.05566,-0.1907,0.5182,1.0,-1.937,0.0,0.0,True,both_converged
16506,6.0,0.3814,0.07455,0.05569,-0.0521,1.0,1.0,-0.6717,0.0,0.0,True,1.2908,0.08063,0.06863,-0.1902,0.5194,1.0,-1.8852,0.0,0.0,True,both_converged
16506,6.5,0.4067,0.0789,0.06015,-0.0533,1.0,1.0,-0.7021,0.0,0.0,True,,,,,,,,,,False,baseline_only
16506,7.0,0.4309,0.08352,0.06492,-0.0547,1.0,1.0,-0.7361,0.0,0.0,True,1.1684,0.11413,0.10217,-0.195,0.5543,1.0,-1.6036,0.0,0.0,True,both_converged
16506,7.5,0.454,0.0884,0.06998,-0.0562,1.0,1.0,-0.7733,0.0,0.0,True,1.1225,0.12875,0.11674,-0.1992,0.5847,1.0,-1.4873,0.0,0.0,True,both_converged
16506,8.0,0.4761,0.09356,0.07535,-0.0578,1.0,1.0,-0.8147,0.0,0.0,True,,,,,,,,,,False,baseline_only
16506,8.5,0.4972,0.09901,0.08105,-0.0595,1.0,1.0,-0.8585,0.0,0.0,True,0.9393,0.1541,0.14196,-0.2043,0.9398,1.0,-1.1344,0.0,0.0,True,both_converged
16506,9.0,0.5172,0.10476,0.08705,-0.0615,1.0,1.0,-0.9041,0.0,0.0,True,0.7252,0.15776,0.14699,-0.1627,0.9436,1.0,-0.7993,0.0,0.0,True,both_converged
16506,9.5,0.5362,0.11081,0.09337,-0.0636,1.0,1.0,-0.9503,0.0,0.0,True,0.7313,0.16139,0.15065,-0.1627,0.9319,1.0,-0.7938,0.0,0.0,True,both_converged
16506,10.0,0.5543,0.11716,0.10003,-0.0659,1.0,1.0,-0.9963,0.0,0.0,True,0.7403,0.16599,0.15528,-0.1633,0.9217,1.0,-0.7893,0.0,0.0,True,both_converged
16506,10.5,0.5717,0.1238,0.10697,-0.0685,1.0,1.0,-1.0406,0.0,0.0,True,0.7567,0.17198,0.16134,-0.1652,0.903,1.0,-0.8001,0.0,0.0,True,both_converged
16506,11.0,0.5885,0.13072,0.11419,-0.0713,1.0,1.0,-1.0825,0.0,0.0,True,0.7765,0.17921,0.1686,-0.1676,0.8815,1.0,-0.8126,0.0,0.0,True,both_converged
16506,11.5,0.6257,0.14154,0.12545,-0.0793,0.9822,1.0,-1.1497,0.0,0.0,True,0.7891,0.18341,0.17286,-0.1685,0.8558,1.0,-0.8169,0.0,0.0,True,both_converged
16506,12.0,0.6727,0.15367,0.13805,-0.0893,0.9262,1.0,-1.227,0.0,0.0,True,0.8063,0.18915,0.17866,-0.17,0.8245,1.0,-0.8319,0.0,0.0,True,both_converged
16506,12.5,0.6999,0.16142,0.14619,-0.094,0.8749,1.0,-1.275,0.0,0.0,True,0.8266,0.19616,0.18578,-0.1718,0.7911,1.0,-0.8477,0.0,0.0,True,both_converged
16506,13.0,0.7285,0.17011,0.15519,-0.0983,0.8261,1.0,-1.3228,0.0,0.0,True,0.8457,0.20329,0.19297,-0.1734,0.7585,1.0,-0.8675,0.0,0.0,True,both_converged
16506,13.5,0.7577,0.17954,0.1649,-0.1024,0.7804,1.0,-1.3708,0.0,0.0,True,0.8537,0.20605,0.19581,-0.173,0.7216,1.0,-0.8727,0.0,0.0,True,both_converged
16506,14.0,0.7827,0.18765,0.17328,-0.1055,0.737,1.0,-1.4076,0.0,0.0,True,0.8724,0.21301,0.2029,-0.174,0.6836,1.0,-0.8918,0.0,0.0,True,both_converged
16506,14.5,0.8071,0.19645,0.18228,-0.1084,0.7005,1.0,-1.4444,0.0,0.0,True,0.8898,0.22042,0.2104,-0.1749,0.6492,1.0,-0.9145,0.0,0.0,True,both_converged
16506,15.0,0.827,0.2036,0.1896,-0.1107,0.6673,1.0,-1.4699,0.0,0.0,True,0.8969,0.22406,0.21414,-0.1745,0.6121,1.0,-0.9194,0.0,0.0,True,both_converged
16506,15.5,,,,,,,,,,False,0.9096,0.23022,0.22044,-0.1748,0.5768,1.0,-0.937,0.0,0.0,True,optimised_only
16506,16.0,0.6007,0.18757,0.17508,-0.0715,0.5967,1.0,-1.0016,0.0,0.0,True,0.9204,0.23637,0.2267,-0.1752,0.5454,1.0,-0.9506,0.0,0.0,True,both_converged
16506,16.5,0.6185,0.19613,0.1838,-0.0733,0.5712,1.0,-1.0227,0.0,0.0,True,0.9306,0.24262,0.23307,-0.1754,0.5134,1.0,-0.9631,0.0,0.0,True,both_converged
16506,17.0,0.6212,0.19877,0.18657,-0.0737,0.5492,1.0,-1.0154,0.0,0.0,True,0.9419,0.24993,0.24052,-0.176,0.4861,1.0,-0.9813,0.0,0.0,True,both_converged
16506,17.5,0.6346,0.20563,0.1936,-0.0751,0.5255,1.0,-1.0241,0.0,0.0,True,0.951,0.25645,0.24719,-0.1765,0.4589,1.0,-0.992,0.0,0.0,True,both_converged
16506,18.0,0.647,0.2129,0.20099,-0.0766,0.5062,1.0,-1.0358,0.0,0.0,True,0.9574,0.26279,0.25364,-0.1771,0.4356,1.0,-1.0029,0.0,0.0,True,both_converged
16506,18.5,0.6512,0.21647,0.20468,-0.0775,0.4877,1.0,-1.0289,0.0,0.0,True,0.9621,0.26845,0.25947,-0.1777,0.4133,1.0,-1.0073,0.0,0.0,True,both_converged
16506,19.0,0.6583,0.22142,0.20974,-0.0787,0.4696,1.0,-1.0241,0.0,0.0,True,0.9698,0.27563,0.2668,-0.1786,0.3925,1.0,-1.022,0.0,0.0,True,both_converged
16506,19.5,0.6662,0.22678,0.21525,-0.08,0.4516,1.0,-1.0263,0.0,0.0,True,0.9797,0.28419,0.27552,-0.1795,0.3723,1.0,-1.0419,0.0,0.0,True,both_converged
16506,20.0,0.6743,0.23247,0.22105,-0.0814,0.4352,1.0,-1.0278,0.0,0.0,True,0.9844,0.29085,0.28235,-0.1805,0.3556,1.0,-1.0943,0.0,0.0,True,both_converged
16506,20.5,0.6823,0.2382,0.22689,-0.0829,0.419,1.0,-1.0259,0.0,0.0,True,0.9877,0.29708,0.28873,-0.1817,0.3395,1.0,-1.159,0.0,0.0,True,both_converged
16506,21.0,0.6901,0.24408,0.23289,-0.0844,0.4043,1.0,-1.0248,0.0,0.0,True,0.9904,0.3033,0.29508,-0.1829,0.3242,1.0,-1.2189,0.0,0.0,True,both_converged
16506,21.5,0.698,0.25013,0.23905,-0.086,0.3898,1.0,-1.0286,0.0,0.0,True,,,,,,,,,,False,baseline_only
16506,22.0,0.7065,0.25663,0.24566,-0.0876,0.3758,1.0,-1.0308,0.0,0.0,True,0.9969,0.31731,0.3094,-0.1857,0.2985,1.0,-1.3485,0.0,0.0,True,both_converged
16506,22.5,0.7163,0.26397,0.25312,-0.0893,0.3619,1.0,-1.0334,0.0,0.0,True,1.0041,0.3266,0.31885,-0.1869,0.2853,1.0,-1.4224,0.0,0.0,True,both_converged
16506,23.0,,,,,,,,,,False,1.0081,0.3342,0.32663,-0.1883,0.2714,1.0,-1.4753,0.0,0.0,True,optimised_only
16506,23.5,0.7269,0.27418,0.26357,-0.0926,0.3354,1.0,-1.0302,0.0,0.0,True,1.0063,0.33938,0.33194,-0.1901,0.2609,1.0,-1.4891,0.0,0.0,True,both_converged
16506,24.0,0.7314,0.27949,0.26897,-0.0944,0.3244,1.0,-1.0233,0.0,0.0,True,1.0114,0.34862,0.34132,-0.1915,0.2508,1.0,-1.5264,0.0,0.0,True,both_converged
16506,24.5,0.739,0.28641,0.27601,-0.0963,0.3133,1.0,-1.0223,0.0,0.0,True,1.0173,0.35823,0.35111,-0.1928,0.2373,1.0,-1.5601,0.0,0.0,True,both_converged
16506,25.0,0.7502,0.2956,0.28533,-0.098,0.3007,1.0,-1.039,0.0,0.0,True,1.0139,0.36312,0.35608,-0.1949,0.2291,1.0,-1.5349,0.0,0.0,True,both_converged
16506,25.5,0.7498,0.2981,0.28793,-0.1,0.2903,1.0,-1.0228,0.0,0.0,True,1.0209,0.37443,0.36754,-0.1961,0.2184,1.0,-1.5518,0.0,0.0,True,both_converged
16506,26.0,0.7549,0.30429,0.29422,-0.1019,0.2812,1.0,-1.0198,0.0,0.0,True,1.0185,0.37967,0.3729,-0.1981,0.2086,1.0,-1.5147,0.0,0.0,True,both_converged
16506,26.5,0.7654,0.31371,0.30377,-0.1037,0.2701,1.0,-1.0329,0.0,0.0,True,1.0223,0.38968,0.383,-0.1996,0.2006,1.0,-1.4998,0.0,0.0,True,both_converged
16506,27.0,0.7648,0.3165,0.30667,-0.1059,0.261,1.0,-1.0081,0.0,0.0,True,1.0224,0.3967,0.39014,-0.2015,0.1905,1.0,-1.463,0.0,0.0,True,both_converged
16506,27.5,0.7707,0.32368,0.31395,-0.1079,0.2528,1.0,-1.0123,0.0,0.0,True,1.0252,0.4065,0.40004,-0.2031,0.1839,1.0,-1.4347,0.0,0.0,True,both_converged
16506,28.0,0.7763,0.33034,0.32077,-0.1098,0.2421,1.0,-1.0177,0.0,0.0,True,1.0246,0.41344,0.4071,-0.205,0.1752,1.0,-1.3898,0.0,0.0,True,both_converged
16506,28.5,0.7781,0.33553,0.32605,-0.1121,0.2358,1.0,-1.0051,0.0,0.0,True,1.6783,0.43087,0.42354,-0.343,0.1553,1.0,-2.6373,0.0,0.0,True,both_converged
16506,29.0,0.7867,0.34467,0.33534,-0.1138,0.2257,1.0,-1.0184,0.0,0.0,True,1.6893,0.43291,0.42559,-0.3494,0.1516,1.0,-2.5916,0.0,0.0,True,both_converged
16506,29.5,0.7854,0.34797,0.33871,-0.1163,0.2196,1.0,-0.991,0.0,0.0,True,1.7006,0.43439,0.4272,-0.3555,0.1448,1.0,-2.5747,0.0,0.0,True,both_converged
16506,30.0,,,,,,,,,,False,,,,,,,,,,False,none_converged
20295,-30.0,,,,,,,,,,False,-0.5453,0.30471,0.29424,0.0264,1.0,0.0905,-0.7681,0.0,0.0,True,optimised_only
20295,-29.5,-0.5194,0.3016,0.29141,0.0335,1.0,0.1179,-0.8433,0.0,0.0,True,-0.5388,0.29999,0.28943,0.0235,1.0,0.0931,-0.7629,0.0,0.0,True,both_converged
20295,-29.0,-0.5118,0.29622,0.28595,0.0308,1.0,0.1225,-0.8449,0.0,0.0,True,-0.5327,0.29594,0.28527,0.0206,1.0,0.0955,-0.7598,0.0,0.0,True,both_converged
20295,-28.5,-0.5062,0.29265,0.28231,0.0278,1.0,0.1263,-0.8599,0.0,0.0,True,-0.5273,0.29313,0.28238,0.0177,1.0,0.0972,-0.7688,0.0,0.0,True,both_converged
20295,-28.0,,,,,,,,,,False,,,,,,,,,,False,none_converged
20295,-27.5,-0.8403,0.32788,0.31527,0.078,1.0,0.1248,-1.6129,0.0,0.0,True,-0.5138,0.28383,0.27297,0.0122,1.0,0.0997,-0.7711,0.0,0.0,True,both_converged
20295,-27.0,-0.828,0.32932,0.31669,0.0722,1.0,0.1276,-1.6238,0.0,0.0,True,-0.5045,0.27687,0.26591,0.0098,1.0,0.1027,-0.7509,0.0,0.0,True,both_converged
20295,-26.5,-0.8108,0.32025,0.30762,0.0681,1.0,0.1303,-1.5937,0.0,0.0,True,-0.4966,0.27194,0.26092,0.0073,1.0,0.1059,-0.7494,0.0,0.0,True,both_converged
20295,-26.0,-0.7925,0.31201,0.2993,0.0642,1.0,0.136,-1.5604,0.0,0.0,True,-0.4894,0.26793,0.25684,0.0048,1.0,0.1091,-0.7554,0.0,0.0,True,both_converged
20295,-25.5,-0.7781,0.30973,0.29699,0.0593,1.0,0.1414,-1.5632,0.0,0.0,True,-0.4836,0.26555,0.25441,0.0021,1.0,0.1116,-0.7696,0.0,0.0,True,both_converged
20295,-25.0,-0.7673,0.31219,0.29952,0.0537,1.0,0.1438,-1.5885,0.0,0.0,True,,,,,,,,,,False,baseline_only
20295,-24.5,-0.744,0.29694,0.28418,0.0509,1.0,0.1496,-1.531,0.0,0.0,True,-0.7411,0.29892,0.28572,0.0359,1.0,0.1074,-1.3164,0.0,0.0,True,both_converged
20295,-24.0,-0.7281,0.29288,0.28007,0.0466,1.0,0.1558,-1.519,0.0,0.0,True,-0.726,0.2959,0.28269,0.0314,1.0,0.1108,-1.3084,0.0,0.0,True,both_converged
20295,-23.5,-0.7192,0.29695,0.28418,0.0411,1.0,0.1591,-1.5442,0.0,0.0,True,-0.7133,0.29707,0.28384,0.0265,1.0,0.1126,-1.3241,0.0,0.0,True,both_converged
20295,-23.0,-0.694,0.28113,0.26832,0.0385,1.0,0.1659,-1.4783,0.0,0.0,True,-0.6949,0.28631,0.2731,0.0232,1.0,0.1151,-1.3044,0.0,0.0,True,both_converged
20295,-22.5,-0.6797,0.27875,0.26594,0.0342,1.0,0.1734,-1.48,0.0,0.0,True,-0.677,0.27849,0.26525,0.02,1.0,0.1195,-1.2839,0.0,0.0,True,both_converged
20295,-22.0,-0.6632,0.27276,0.25996,0.0302,1.0,0.1778,-1.4754,0.0,0.0,True,-0.6611,0.27387,0.26063,0.0162,1.0,0.124,-1.2823,0.0,0.0,True,both_converged
20295,-21.5,-0.6436,0.26531,0.25248,0.027,1.0,0.1864,-1.4503,0.0,0.0,True,-0.6474,0.27249,0.25925,0.0121,1.0,0.1272,-1.2988,0.0,0.0,True,both_converged
20295,-21.0,-0.6363,0.26823,0.25545,0.0222,1.0,0.1914,-1.4791,0.0,0.0,True,-0.4131,0.22787,0.21645,-0.0158,1.0,0.1419,-0.8203,0.0,0.0,True,both_converged
20295,-20.5,-0.6095,0.25386,0.24103,0.0198,1.0,0.2004,-1.4225,0.0,0.0,True,-0.4121,0.22926,0.21785,-0.0176,1.0,0.1439,-0.8567,0.0,0.0,True,both_converged
20295,-20.0,-0.6024,0.25588,0.2431,0.0155,1.0,0.2077,-1.4424,0.0,0.0,True,-0.3973,0.21928,0.2079,-0.0185,1.0,0.1485,-0.8325,0.0,0.0,True,both_converged
20295,-19.5,-0.576,0.24284,0.23005,0.0132,1.0,0.2182,-1.3852,0.0,0.0,True,-0.3893,0.21535,0.20398,-0.0196,1.0,0.1547,-0.8333,0.0,0.0,True,both_converged
20295,-19.0,-0.5693,0.24365,0.23095,0.0093,1.0,0.2251,-1.4088,0.0,0.0,True,-0.3874,0.21549,0.20411,-0.0209,1.0,0.1592,-0.8591,0.0,0.0,True,both_converged
20295,-18.5,-0.5437,0.23212,0.21935,0.007,1.0,0.2371,-1.37,0.0,0.0,True,-0.3781,0.20971,0.19839,-0.0217,1.0,0.1631,-0.8543,0.0,0.0,True,both_converged
20295,-18.0,-0.528,0.22641,0.2137,0.0041,1.0,0.246,-1.3634,0.0,0.0,True,-0.3694,0.20509,0.1938,-0.0222,1.0,0.1705,-0.8462,0.0,0.0,True,both_converged
20295,-17.5,-0.5199,0.22542,0.21276,0.0012,1.0,0.258,-1.3728,0.0,0.0,True,-0.3695,0.2059,0.19463,-0.0231,1.0,0.1755,-0.8721,0.0,0.0,True,both_converged
20295,-17.0,-0.4962,0.21541,0.20273,-0.0009,1.0,0.2722,-1.3342,0.0,0.0,True,-0.3589,0.1992,0.18799,-0.0233,1.0,0.1807,-0.857,0.0,0.0,True,both_converged
20295,-16.5,-0.478,0.20828,0.19563,-0.0032,1.0,0.284,-1.31,0.0,0.0,True,-0.3529,0.196,0.18482,-0.0235,1.0,0.1885,-0.8544,0.0,0.0,True,both_converged
20295,-16.0,-0.4644,0.20307,0.19049,-0.0053,1.0,0.2971,-1.2976,0.0,0.0,True,-0.358,0.19875,0.18762,-0.024,1.0,0.1926,-0.8895,0.0,0.0,True,both_converged
20295,-15.5,-0.4508,0.1978,0.18528,-0.0072,1.0,0.3128,-1.2941,0.0,0.0,True,-0.3425,0.18935,0.1783,-0.0237,1.0,0.2005,-0.8524,0.0,0.0,True,both_converged
20295,-15.0,-0.4352,0.19162,0.17913,-0.0087,1.0,0.3302,-1.2824,0.0,0.0,True,-0.3438,0.18936,0.17834,-0.0237,1.0,0.2079,-0.8869,0.0,0.0,True,both_converged
20295,-14.5,-0.4189,0.18509,0.17264,-0.0101,1.0,0.3484,-1.2659,0.0,0.0,True,-0.3357,0.1838,0.17287,-0.0233,1.0,0.2144,-0.8938,0.0,0.0,True,both_converged
20295,-14.0,-0.402,0.17848,0.16608,-0.0112,1.0,0.3697,-1.2442,0.0,0.0,True,-0.3346,0.18212,0.17126,-0.0228,1.0,0.2241,-0.9183,0.0,0.0,True,both_converged
20295,-13.5,-0.3937,0.17434,0.162,-0.0118,1.0,0.3931,-1.2358,0.0,0.0,True,-0.3272,0.17673,0.16596,-0.0221,1.0,0.2322,-0.9257,0.0,0.0,True,both_converged
20295,-13.0,-0.3735,0.16636,0.15407,-0.0125,1.0,0.4177,-1.2088,0.0,0.0,True,-0.331,0.17616,0.16547,-0.0215,1.0,0.2419,-0.9605,0.0,0.0,True,both_converged
20295,-12.5,-0.367,0.16238,0.15016,-0.0123,1.0,0.4451,-1.2106,0.0,0.0,True,-0.3204,0.16925,0.15866,-0.0203,1.0,0.2528,-0.9569,0.0,0.0,True,both_converged
20295,-12.0,-0.3495,0.15536,0.14321,-0.0121,1.0,0.4789,-1.1898,0.0,0.0,True,-0.3251,0.16785,0.15738,-0.0194,1.0,0.2609,-0.9922,0.0,0.0,True,both_converged
20295,-11.5,-0.3377,0.14969,0.13762,-0.0112,1.0,0.5148,-1.1744,0.0,0.0,True,-0.319,0.16272,0.15234,-0.018,1.0,0.2744,-0.9966,0.0,0.0,True,both_converged
20295,-11.0,-0.3076,0.14027,0.1282,-0.0115,1.0,0.5601,-1.1271,0.0,0.0,True,-0.3122,0.15703,0.14677,-0.0166,1.0,0.2854,-1.0004,0.0,0.0,True,both_converged
20295,-10.5,-0.2886,0.13361,0.12158,-0.0103,1.0,0.6141,-1.1045,0.0,0.0,True,-0.3133,0.15357,0.14344,-0.015,1.0,0.2966,-1.0204,0.0,0.0,True,both_converged
20295,-10.0,-0.2593,0.12522,0.11322,-0.0102,1.0,0.6769,-1.0714,0.0,0.0,True,-0.3198,0.15177,0.14178,-0.0131,1.0,0.3099,-1.0467,0.0,0.0,True,both_converged
20295,-9.5,-0.2221,0.11633,0.1043,-0.0109,1.0,0.7643,-1.0254,0.0,0.0,True,-0.3158,0.14647,0.13662,-0.011,1.0,0.3263,-1.0491,0.0,0.0,True,both_converged
20295,-9.0,-0.1532,0.10366,0.09145,-0.0183,1.0,0.8937,-0.9581,0.0,0.0,True,-0.3147,0.14184,0.13214,-0.0088,1.0,0.343,-1.0553,0.0,0.0,True,both_converged
20295,-8.5,-0.0468,0.08667,0.07411,-0.0399,1.0,1.0,-0.8741,0.0,0.0,True,-0.3098,0.13595,0.12643,-0.0065,1.0,0.3611,-1.0528,0.0,0.0,True,both_converged
20295,-8.0,-0.0316,0.08186,0.06935,-0.041,1.0,1.0,-0.8673,0.0,0.0,True,-0.3013,0.12941,0.11999,-0.0042,1.0,0.382,-1.0413,0.0,0.0,True,both_converged
20295,-7.5,-0.0172,0.07728,0.06484,-0.0419,1.0,1.0,-0.8633,0.0,0.0,True,-0.3006,0.12458,0.11533,-0.0013,1.0,0.4046,-1.0407,0.0,0.0,True,both_converged
20295,-7.0,-0.0039,0.07295,0.06058,-0.0425,1.0,1.0,-0.8566,0.0,0.0,True,-0.3019,0.11975,0.11069,0.0019,1.0,0.4279,-1.0412,0.0,0.0,True,both_converged
20295,-6.5,-0.0051,0.07021,0.05797,-0.0397,1.0,0.9928,-0.8592,0.0,0.0,True,-0.3059,0.11543,0.10656,0.0058,1.0,0.4569,-1.0405,0.0,0.0,True,both_converged
20295,-6.0,-0.1818,0.08196,0.07077,-0.0044,1.0,0.7904,-1.0338,0.0,0.0,True,-0.2973,0.10838,0.09966,0.009,1.0,0.4925,-1.0183,0.0,0.0,True,both_converged
20295,-5.5,-0.3135,0.08577,0.07541,0.0072,1.0,0.6169,-1.2155,0.0,0.0,True,-0.3639,0.10953,0.10011,0.0146,1.0,0.5145,-1.2277,0.0,0.0,True,both_converged
20295,-5.0,-0.3945,0.08332,0.07349,0.0087,1.0,0.5134,-1.3746,0.0,0.0,True,-0.3632,0.10404,0.09481,0.0199,1.0,0.5663,-1.2107,0.0,0.0,True,both_converged
20295,-4.5,-0.4148,0.07654,0.06685,0.0027,1.0,0.4541,-1.4642,0.0,0.0,True,,,,,,,,,,False,baseline_only
20295,-4.0,-0.4083,0.06867,0.05883,-0.0062,1.0,0.4211,-1.5245,0.0,0.0,True,-0.0688,0.06329,0.05327,-0.0194,1.0,1.0,-0.9736,0.0,0.0,True,both_converged
20295,-3.5,-0.3751,0.06071,0.05045,-0.0163,1.0,0.4135,-1.5393,0.0,0.0,True,-0.062,0.06003,0.05019,-0.0176,1.0,1.0,-0.9692,0.0,0.0,True,both_converged
20295,-3.0,-0.3287,0.05419,0.0434,-0.023,1.0,0.426,-1.4932,0.0,0.0,True,-0.0557,0.05687,0.04719,-0.0158,1.0,1.0,-0.962,0.0,0.0,True,both_converged
20295,-2.5,-0.2763,0.04899,0.03768,-0.0279,1.0,0.455,-1.4209,0.0,0.0,True,-0.0501,0.0538,0.04431,-0.0138,1.0,1.0,-0.9523,0.0,0.0,True,both_converged
20295,-2.0,-0.221,0.04499,0.03315,-0.0315,1.0,0.5035,-1.3262,0.0,0.0,True,-0.1135,0.05346,0.04438,0.0044,1.0,0.9702,-1.0063,0.0,0.0,True,both_converged
20295,-1.5,-0.1717,0.04202,0.02997,-0.0321,1.0,0.5769,-1.2313,0.0,0.0,True,-0.1921,0.05347,0.04488,0.0246,1.0,0.9307,-1.0777,0.0,0.0,True,both_converged
20295,-1.0,-0.1343,0.03945,0.02771,-0.0284,1.0,0.6934,-1.1433,0.0,0.0,True,-0.2636,0.05319,0.04505,0.0411,1.0,0.8861,-1.1472,0.0,0.0,True,both_converged
20295,-0.5,-0.0482,0.03614,0.02377,-0.0415,1.0,1.0,-1.0467,0.0,0.0,True,0.1602,0.05287,0.04273,-0.0821,1.0,0.5004,-0.9062,0.0,0.0,True,both_converged
20295,0.0,0.001,0.03775,0.02388,-0.0447,1.0,1.0,-0.9204,0.0,0.0,True,0.2992,0.04817,0.03735,-0.1039,1.0,0.5718,-0.7289,0.0,0.0,True,both_converged
20295,0.5,0.0399,0.03955,0.02486,-0.0455,1.0,1.0,-0.8018,0.0,0.0,True,0.4063,0.04467,0.0334,-0.1162,1.0,0.6829,-0.755,0.0,0.0,True,both_converged
20295,1.0,0.0765,0.04156,0.02625,-0.0461,1.0,1.0,-0.6918,0.0,0.0,True,0.4908,0.04173,0.0304,-0.1232,1.0,0.8178,-0.862,0.0,0.0,True,both_converged
20295,1.5,0.1117,0.04378,0.028,-0.0466,1.0,1.0,-0.591,0.0,0.0,True,0.5669,0.04117,0.02997,-0.1308,1.0,1.0,-0.9667,0.0,0.0,True,both_converged
20295,2.0,0.1458,0.0462,0.03005,-0.0472,1.0,1.0,-0.5044,0.0,0.0,True,0.6737,0.04328,0.03178,-0.1444,1.0,1.0,-1.1024,0.0,0.0,True,both_converged
20295,2.5,0.1789,0.04882,0.03239,-0.0478,1.0,1.0,-0.5215,0.0,0.0,True,0.7519,0.04502,0.03389,-0.1507,1.0,1.0,-1.2097,0.0,0.0,True,both_converged
20295,3.0,0.2109,0.05166,0.035,-0.0484,1.0,1.0,-0.539,0.0,0.0,True,0.9527,0.03997,0.02954,-0.171,0.6728,1.0,-1.4234,0.0,0.0,True,both_converged
20295,3.5,0.242,0.0547,0.03788,-0.0492,1.0,1.0,-0.5569,0.0,0.0,True,1.1298,0.03988,0.02647,-0.183,0.5317,1.0,-1.6763,0.0,0.0,True,both_converged
20295,4.0,0.2722,0.05795,0.04103,-0.05,1.0,1.0,-0.5757,0.0,0.0,True,1.2141,0.04472,0.03089,-0.1874,0.492,1.0,-1.8101,0.0,0.0,True,both_converged
20295,4.5,0.3014,0.06142,0.04444,-0.0509,1.0,1.0,-0.5958,0.0,0.0,True,1.2792,0.05006,0.03647,-0.1893,0.4652,1.0,-1.9232,0.0,0.0,True,both_converged
20295,5.0,0.3297,0.06512,0.04812,-0.0518,1.0,1.0,-0.6175,0.0,0.0,True,1.3358,0.05624,0.0433,-0.1909,0.4516,1.0,-2.0193,0.0,0.0,True,both_converged
20295,5.5,0.3569,0.06904,0.05207,-0.0529,1.0,1.0,-0.6413,0.0,0.0,True,1.3802,0.06347,0.05107,-0.1909,0.4388,1.0,-2.1017,0.0,0.0,True,both_converged
20295,6.0,0.3832,0.07321,0.05632,-0.054,1.0,1.0,-0.6675,0.0,0.0,True,1.3947,0.07219,0.0607,-0.1895,0.4403,1.0,-2.1158,0.0,0.0,True,both_converged
20295,6.5,0.4084,0.07763,0.06084,-0.0553,1.0,1.0,-0.698,0.0,0.0,True,1.3562,0.08429,0.07347,-0.1864,0.4496,1.0,-2.0297,0.0,0.0,True,both_converged
20295,7.0,0.4327,0.08232,0.06567,-0.0567,1.0,1.0,-0.7318,0.0,0.0,True,,,,,,,,,,False,baseline_only
20295,7.5,0.4558,0.08727,0.07079,-0.0582,1.0,1.0,-0.769,0.0,0.0,True,1.1766,0.12247,0.11186,-0.1947,0.5201,1.0,-1.5958,0.0,0.0,True,both_converged
20295,8.0,0.4778,0.09252,0.07622,-0.0598,1.0,1.0,-0.8102,0.0,0.0,True,1.0933,0.14049,0.1298,-0.2044,0.612,1.0,-1.3836,0.0,0.0,True,both_converged
20295,8.5,0.4988,0.09807,0.08201,-0.0616,1.0,1.0,-0.8537,0.0,0.0,True,0.9544,0.15439,0.14364,-0.2084,0.9083,1.0,-1.1297,0.0,0.0,True,both_converged
20295,9.0,0.5187,0.10393,0.0881,-0.0636,1.0,1.0,-0.8987,0.0,0.0,True,0.9645,0.16206,0.15135,-0.2099,0.9204,1.0,-1.1295,0.0,0.0,True,both_converged
20295,9.5,0.5377,0.11011,0.09453,-0.0658,1.0,1.0,-0.9443,0.0,0.0,True,0.9846,0.17055,0.15985,-0.213,0.9171,1.0,-1.1449,0.0,0.0,True,both_converged
20295,10.0,0.5665,0.11803,0.10278,-0.0707,0.9923,1.0,-1.003,0.0,0.0,True,1.0029,0.17837,0.1677,-0.2157,0.9102,1.0,-1.1588,0.0,0.0,True,both_converged
20295,10.5,0.6231,0.13015,0.11537,-0.0819,0.9414,1.0,-1.0996,0.0,0.0,True,1.0315,0.18698,0.17637,-0.2198,0.8847,1.0,-1.1811,0.0,0.0,True,both_converged
20295,11.0,0.6535,0.13809,0.1237,-0.0867,0.8907,1.0,-1.1623,0.0,0.0,True,1.057,0.19393,0.18341,-0.2226,0.8488,1.0,-1.2103,0.0,0.0,True,both_converged
20295,11.5,0.6837,0.14646,0.13242,-0.0909,0.8402,1.0,-1.2245,0.0,0.0,True,1.0876,0.2017,0.19126,-0.2258,0.8076,1.0,-1.2426,0.0,0.0,True,both_converged
20295,12.0,0.7118,0.15487,0.14113,-0.0944,0.7915,1.0,-1.2802,0.0,0.0,True,1.1236,0.21104,0.20073,-0.2289,0.7585,1.0,-1.2883,0.0,0.0,True,both_converged
20295,12.5,0.7382,0.16335,0.14991,-0.0973,0.7458,1.0,-1.3327,0.0,0.0,True,1.1484,0.2168,0.20656,-0.2299,0.7108,1.0,-1.3228,0.0,0.0,True,both_converged
20295,13.0,0.7693,0.17335,0.16018,-0.1007,0.7012,1.0,-1.3886,0.0,0.0,True,1.173,0.22269,0.21252,-0.2308,0.662,1.0,-1.3575,0.0,0.0,True,both_converged
20295,13.5,0.7826,0.17894,0.16594,-0.1017,0.6637,1.0,-1.412,0.0,0.0,True,1.199,0.22901,0.21896,-0.2312,0.6085,1.0,-1.4037,0.0,0.0,True,both_converged
20295,14.0,0.8034,0.18648,0.17369,-0.1036,0.6271,1.0,-1.4445,0.0,0.0,True,1.2231,0.23616,0.2262,-0.232,0.5649,1.0,-1.4414,0.0,0.0,True,both_converged
20295,14.5,0.8227,0.19391,0.18127,-0.1056,0.5957,1.0,-1.4735,0.0,0.0,True,1.2535,0.24624,0.23643,-0.2327,0.5213,1.0,-1.5007,0.0,0.0,True,both_converged
20295,15.0,0.8437,0.20209,0.18959,-0.108,0.5681,1.0,-1.4988,0.0,0.0,True,1.2667,0.25025,0.24051,-0.2335,0.4833,1.0,-1.5254,0.0,0.0,True,both_converged
20295,15.5,0.8711,0.2124,0.2001,-0.1106,0.5395,1.0,-1.5425,0.0,0.0,True,1.288,0.25841,0.24878,-0.2349,0.4527,1.0,-1.5651,0.0,0.0,True,both_converged
20295,16.0,0.8794,0.21602,0.20378,-0.1123,0.5177,1.0,-1.544,0.0,0.0,True,1.3129,0.26883,0.25936,-0.2361,0.4215,1.0,-1.618,0.0,0.0,True,both_converged
20295,16.5,0.8999,0.22373,0.2116,-0.1148,0.4941,1.0,-1.5684,0.0,0.0,True,1.3208,0.27094,0.26153,-0.2387,0.3959,1.0,-1.6254,0.0,0.0,True,both_converged
20295,17.0,0.924,0.23378,0.22178,-0.1175,0.474,1.0,-1.6029,0.0,0.0,True,1.3416,0.27994,0.27068,-0.2407,0.3736,1.0,-1.6715,0.0,0.0,True,both_converged
20295,17.5,0.936,0.23816,0.22622,-0.12,0.4557,1.0,-1.6083,0.0,0.0,True,1.3621,0.29016,0.28104,-0.243,0.3533,1.0,-1.712,0.0,0.0,True,both_converged
20295,18.0,0.9516,0.24395,0.23208,-0.1228,0.4376,1.0,-1.6201,0.0,0.0,True,1.3753,0.29546,0.28644,-0.2463,0.3357,1.0,-1.7392,0.0,0.0,True,both_converged
20295,18.5,0.9686,0.25021,0.23842,-0.1257,0.4193,1.0,-1.6416,0.0,0.0,True,1.3923,0.30343,0.29454,-0.2493,0.3193,1.0,-1.8495,0.0,0.0,True,both_converged
20295,19.0,0.9862,0.25683,0.24513,-0.1287,0.4027,1.0,-1.6599,0.0,0.0,True,,,,,,,,,,False,baseline_only
20295,19.5,1.0038,0.26337,0.25174,-0.1319,0.3863,1.0,-1.6746,0.0,0.0,True,0.9823,0.28194,0.27409,-0.1773,0.3015,1.0,-1.0654,0.0,0.0,True,both_converged
20295,20.0,1.0211,0.26985,0.25828,-0.1351,0.3712,1.0,-1.6966,0.0,0.0,True,0.9925,0.29135,0.28366,-0.1783,0.2864,1.0,-1.1644,0.0,0.0,True,both_converged
20295,20.5,1.0385,0.27635,0.26485,-0.1385,0.3568,1.0,-1.7181,0.0,0.0,True,0.9883,0.29425,0.2867,-0.18,0.2745,1.0,-1.2007,0.0,0.0,True,both_converged
20295,21.0,1.056,0.283,0.27159,-0.1419,0.3426,1.0,-1.7369,0.0,0.0,True,0.9911,0.3011,0.29367,-0.1816,0.2649,1.0,-1.2697,0.0,0.0,True,both_converged
20295,21.5,1.075,0.29079,0.27945,-0.1453,0.3294,1.0,-1.7566,0.0,0.0,True,1.0019,0.31171,0.30445,-0.1826,0.2525,1.0,-1.377,0.0,0.0,True,both_converged
20295,22.0,1.0946,0.2992,0.28794,-0.1485,0.3153,1.0,-1.7926,0.0,0.0,True,0.9982,0.31522,0.3081,-0.1846,0.2424,1.0,-1.4028,0.0,0.0,True,both_converged
20295,22.5,1.1132,0.30686,0.29573,-0.1519,0.3014,1.0,-1.8232,0.0,0.0,True,1.0032,0.32372,0.31673,-0.1861,0.2336,1.0,-1.4651,0.0,0.0,True,both_converged
20295,23.0,1.1233,0.30763,0.29651,-0.1565,0.29,1.0,-1.8197,0.0,0.0,True,1.0077,0.33157,0.32474,-0.1875,0.2217,1.0,-1.5203,0.0,0.0,True,both_converged
20295,23.5,1.1383,0.31291,0.30184,-0.1607,0.2791,1.0,-1.8293,0.0,0.0,True,1.0073,0.33802,0.33131,-0.1895,0.2146,1.0,-1.5335,0.0,0.0,True,both_converged
20295,24.0,1.157,0.32145,0.31048,-0.1643,0.2684,1.0,-1.8636,0.0,0.0,True,1.0186,0.35062,0.3441,-0.1904,0.2028,1.0,-1.6039,0.0,0.0,True,both_converged
20295,24.5,1.1757,0.32981,0.31896,-0.1678,0.2561,1.0,-1.9018,0.0,0.0,True,1.0119,0.35351,0.34705,-0.1929,0.1963,1.0,-1.5612,0.0,0.0,True,both_converged
20295,25.0,1.1857,0.33019,0.31934,-0.173,0.2466,1.0,-1.8973,0.0,0.0,True,,,,,,,,,,False,baseline_only
20295,25.5,1.2027,0.33796,0.32718,-0.177,0.2378,1.0,-1.9214,0.0,0.0,True,1.0161,0.3698,0.36358,-0.1964,0.1791,1.0,-1.5414,0.0,0.0,True,both_converged
20295,26.0,1.2196,0.34503,0.33439,-0.1809,0.2268,1.0,-1.9455,0.0,0.0,True,,,,,,,,,,False,baseline_only
20295,26.5,1.2307,0.34691,0.33629,-0.1863,0.2196,1.0,-1.9446,0.0,0.0,True,1.0198,0.38665,0.38061,-0.1999,0.1634,1.0,-1.4831,0.0,0.0,True,both_converged
20295,27.0,1.251,0.36005,0.34954,-0.1893,0.21,1.0,-2.0015,0.0,0.0,True,1.0287,0.39983,0.39395,-0.2007,0.1541,1.0,-1.4892,0.0,0.0,True,both_converged
20295,27.5,1.2595,0.35736,0.34689,-0.1954,0.202,1.0,-1.9895,0.0,0.0,True,1.0233,0.40402,0.39818,-0.2034,0.1499,1.0,-1.408,0.0,0.0,True,both_converged
20295,28.0,1.2778,0.36924,0.35889,-0.1989,0.195,1.0,-2.0323,0.0,0.0,True,1.0255,0.41275,0.40701,-0.205,0.1417,1.0,-1.3759,0.0,0.0,True,both_converged
20295,28.5,1.2872,0.36767,0.35738,-0.205,0.1874,1.0,-2.0195,0.0,0.0,True,1.0278,0.42272,0.41704,-0.2067,0.1375,1.0,-1.3417,0.0,0.0,True,both_converged
20295,29.0,1.3048,0.37986,0.36966,-0.2084,0.1804,1.0,-2.0588,0.0,0.0,True,1.026,0.42919,0.4236,-0.2089,0.1317,1.0,-1.2843,0.0,0.0,True,both_converged
20295,29.5,1.3136,0.37753,0.36739,-0.2147,0.1735,1.0,-2.038,0.0,0.0,True,1.0301,0.43983,0.43438,-0.2101,0.1252,1.0,-1.275,0.0,0.0,True,both_converged
20295,30.0,1.3327,0.39428,0.38428,-0.2174,0.1665,1.0,-2.1096,0.0,0.0,True,1.0287,0.44752,0.44212,-0.2123,0.1226,1.0,-1.2487,0.0,0.0,True,both_converged
24371,-30.0,-0.9149,0.35358,0.34227,0.1016,1.0,0.0878,-1.7162,0.0,0.0,True,,,,,,,,,,False,baseline_only
24371,-29.5,-0.8988,0.3444,0.33302,0.0976,1.0,0.0907,-1.6663,0.0,0.0,True,-0.8899,0.34776,0.33607,0.082,1.0,0.0705,-1.4876,0.0,0.0,True,both_converged
24371,-29.0,-0.8837,0.33929,0.32786,0.0928,1.0,0.094,-1.6514,0.0,0.0,True,-0.8763,0.34692,0.33518,0.0762,1.0,0.0715,-1.4832,0.0,0.0,True,both_converged
24371,-28.5,-0.8692,0.33615,0.32468,0.0875,1.0,0.0974,-1.6504,0.0,0.0,True,,,,,,,,,,False,baseline_only
24371,-28.0,-0.8573,0.33865,0.32715,0.0813,1.0,0.0994,-1.6766,0.0,0.0,True,-0.847,0.33387,0.32207,0.0668,1.0,0.0738,-1.4426,0.0,0.0,True,both_converged
24371,-27.5,-0.8398,0.32782,0.31631,0.0773,1.0,0.1016,-1.641,0.0,0.0,True,-0.8316,0.32705,0.31516,0.0625,1.0,0.0759,-1.4076,0.0,0.0,True,both_converged
24371,-27.0,-0.8225,0.32008,0.30852,0.0733,1.0,0.1056,-1.6014,0.0,0.0,True,-0.8163,0.32173,0.30979,0.0579,1.0,0.0781,-1.3804,0.0,0.0,True,both_converged
24371,-26.5,-0.8067,0.3157,0.3041,0.0686,1.0,0.1097,-1.5837,0.0,0.0,True,-0.8009,0.31712,0.30514,0.0532,1.0,0.0804,-1.37,0.0,0.0,True,both_converged
24371,-26.0,-0.7934,0.31546,0.30382,0.063,1.0,0.1127,-1.5939,0.0,0.0,True,-0.7857,0.3135,0.30149,0.0483,1.0,0.0825,-1.3686,0.0,0.0,True,both_converged
24371,-25.5,-0.7787,0.31142,0.29981,0.0581,1.0,0.1144,-1.6008,0.0,0.0,True,-0.7712,0.31219,0.30014,0.0431,1.0,0.0839,-1.3779,0.0,0.0,True,both_converged
24371,-25.0,-0.7581,0.29998,0.28831,0.0549,1.0,0.1192,-1.5511,0.0,0.0,True,-0.4709,0.25641,0.24614,-0.0006,1.0,0.094,-0.7605,0.0,0.0,True,both_converged
24371,-24.5,-0.7419,0.29561,0.28391,0.0505,1.0,0.1247,-1.5406,0.0,0.0,True,-0.4641,0.25335,0.24304,-0.0031,1.0,0.0964,-0.7688,0.0,0.0,True,both_converged
24371,-24.0,-0.7312,0.29813,0.28643,0.0448,1.0,0.1279,-1.569,0.0,0.0,True,-0.4596,0.25263,0.24228,-0.0057,1.0,0.0978,-0.7883,0.0,0.0,True,both_converged
24371,-23.5,-0.7095,0.2855,0.27379,0.0417,1.0,0.1316,-1.5199,0.0,0.0,True,-0.4514,0.2475,0.23716,-0.0079,1.0,0.0992,-0.7913,0.0,0.0,True,both_converged
24371,-23.0,-0.6912,0.27899,0.26724,0.0379,1.0,0.1374,-1.488,0.0,0.0,True,-0.4395,0.23958,0.22918,-0.0095,1.0,0.1029,-0.7755,0.0,0.0,True,both_converged
24371,-22.5,-0.6782,0.27787,0.26614,0.033,1.0,0.1424,-1.4977,0.0,0.0,True,-0.431,0.23527,0.22485,-0.0113,1.0,0.1068,-0.7817,0.0,0.0,True,both_converged
24371,-22.0,-0.6605,0.27064,0.25892,0.0292,1.0,0.1457,-1.4893,0.0,0.0,True,-0.4242,0.23241,0.22197,-0.0133,1.0,0.1104,-0.7997,0.0,0.0,True,both_converged
24371,-21.5,-0.6405,0.26284,0.25108,0.0261,1.0,0.1534,-1.4588,0.0,0.0,True,-0.4206,0.23221,0.22176,-0.0154,1.0,0.1124,-0.834,0.0,0.0,True,both_converged
24371,-21.0,-0.631,0.26405,0.25233,0.0211,1.0,0.1587,-1.487,0.0,0.0,True,-0.6244,0.26072,0.24859,0.0085,1.0,0.1069,-1.2769,0.0,0.0,True,both_converged
24371,-20.5,-0.6074,0.25209,0.24034,0.0185,1.0,0.1642,-1.4409,0.0,0.0,True,-0.6094,0.25728,0.24517,0.0047,1.0,0.1108,-1.2841,0.0,0.0,True,both_converged
24371,-20.0,-0.5913,0.24743,0.23569,0.0149,1.0,0.1721,-1.427,0.0,0.0,True,-0.5983,0.25792,0.24586,0.0006,1.0,0.1127,-1.3148,0.0,0.0,True,both_converged
24371,-19.5,-0.5796,0.24479,0.23312,0.0108,1.0,0.1765,-1.4346,0.0,0.0,True,-0.5788,0.2472,0.23517,-0.0017,1.0,0.1152,-1.2849,0.0,0.0,True,both_converged
24371,-19.0,-0.5567,0.23525,0.22354,0.0084,1.0,0.1865,-1.3869,0.0,0.0,True,-0.5609,0.23986,0.22784,-0.0041,1.0,0.12,-1.2576,0.0,0.0,True,both_converged
24371,-18.5,-0.5488,0.23446,0.22283,0.0044,1.0,0.1923,-1.4165,0.0,0.0,True,-0.5462,0.23558,0.2236,-0.0069,1.0,0.1249,-1.2539,0.0,0.0,True,both_converged
24371,-18.0,-0.524,0.22396,0.21229,0.0023,1.0,0.2031,-1.3735,0.0,0.0,True,-0.5368,0.23557,0.22365,-0.0103,1.0,0.1278,-1.2789,0.0,0.0,True,both_converged
24371,-17.5,-0.5152,0.22163,0.21005,-0.0012,1.0,0.2093,-1.3919,0.0,0.0,True,-0.5183,0.22601,0.21416,-0.0121,1.0,0.131,-1.2486,0.0,0.0,True,both_converged
24371,-17.0,-0.4936,0.21324,0.20163,-0.0034,1.0,0.2215,-1.3555,0.0,0.0,True,-0.5016,0.2192,0.20739,-0.0137,1.0,0.1369,-1.2197,0.0,0.0,True,both_converged
24371,-16.5,-0.4764,0.20638,0.19481,-0.0058,1.0,0.2308,-1.3347,0.0,0.0,True,-0.4913,0.21681,0.20508,-0.0161,1.0,0.1425,-1.226,0.0,0.0,True,both_converged
24371,-16.0,-0.4751,0.20683,0.19534,-0.0086,1.0,0.2413,-1.3578,0.0,0.0,True,-0.4802,0.21234,0.20072,-0.018,1.0,0.1455,-1.2253,0.0,0.0,True,both_converged
24371,-15.5,-0.4482,0.19577,0.18428,-0.0102,1.0,0.2552,-1.3118,0.0,0.0,True,-0.4624,0.20408,0.19251,-0.0187,1.0,0.1533,-1.1818,0.0,0.0,True,both_converged
24371,-15.0,-0.4308,0.18866,0.1772,-0.0121,1.0,0.2669,-1.2981,0.0,0.0,True,-0.4572,0.20312,0.19166,-0.0204,1.0,0.1592,-1.1966,0.0,0.0,True,both_converged
24371,-14.5,-0.4181,0.18313,0.17173,-0.0138,1.0,0.2808,-1.2923,0.0,0.0,True,-0.4412,0.1947,0.18335,-0.0209,1.0,0.1645,-1.167,0.0,0.0,True,both_converged
24371,-14.0,-0.4069,0.1779,0.16657,-0.0153,1.0,0.296,-1.2858,0.0,0.0,True,-0.431,0.19011,0.17885,-0.0214,1.0,0.1729,-1.174,0.0,0.0,True,both_converged
24371,-13.5,-0.3964,0.17268,0.16142,-0.0164,1.0,0.3119,-1.2768,0.0,0.0,True,-0.4344,0.19147,0.18042,-0.0226,1.0,0.1765,-1.2295,0.0,0.0,True,both_converged
24371,-13.0,-0.3805,0.16582,0.1546,-0.0173,1.0,0.3303,-1.2502,0.0,0.0,True,-0.4112,0.17954,0.16852,-0.0218,1.0,0.1857,-1.1904,0.0,0.0,True,both_converged
24371,-12.5,-0.3635,0.15895,0.14778,-0.0178,1.0,0.3531,-1.2321,0.0,0.0,True,-0.4134,0.17925,0.1684,-0.0222,1.0,0.1922,-1.2343,0.0,0.0,True,both_converged
24371,-12.0,-0.3579,0.15459,0.1435,-0.0178,1.0,0.3759,-1.235,0.0,0.0,True,-0.3961,0.16994,0.15918,-0.0214,1.0,0.2005,-1.2139,0.0,0.0,True,both_converged
24371,-11.5,-0.3416,0.14735,0.13632,-0.018,1.0,0.399,-1.2147,0.0,0.0,True,-0.3999,0.16927,0.15869,-0.021,1.0,0.2087,-1.2539,0.0,0.0,True,both_converged
24371,-11.0,-0.3392,0.14353,0.1326,-0.0169,1.0,0.4285,-1.213,0.0,0.0,True,-0.3845,0.16069,0.15023,-0.0197,1.0,0.2193,-1.235,0.0,0.0,True,both_converged
24371,-10.5,-0.3255,0.13713,0.12628,-0.0158,1.0,0.4627,-1.1861,0.0,0.0,True,-0.3927,0.16031,0.15007,-0.0188,1.0,0.2266,-1.2805,0.0,0.0,True,both_converged
24371,-10.0,-0.3016,0.12882,0.11802,-0.0151,1.0,0.5008,-1.1535,0.0,0.0,True,-0.3809,0.15311,0.14297,-0.017,1.0,0.2405,-1.2659,0.0,0.0,True,both_converged
24371,-9.5,-0.2939,0.12408,0.11338,-0.0124,1.0,0.5486,-1.1418,0.0,0.0,True,-0.3733,0.14702,0.13702,-0.0152,1.0,0.251,-1.2637,0.0,0.0,True,both_converged
24371,-9.0,-0.2589,0.11482,0.10415,-0.0118,1.0,0.6075,-1.0885,0.0,0.0,True,-0.3903,0.14805,0.13829,-0.0129,1.0,0.2596,-1.3145,0.0,0.0,True,both_converged
24371,-8.5,-0.2367,0.10845,0.0978,-0.0093,1.0,0.6843,-1.0504,0.0,0.0,True,-0.3772,0.14014,0.13051,-0.0107,1.0,0.2746,-1.294,0.0,0.0,True,both_converged
24371,-8.0,-0.183,0.09809,0.08739,-0.0112,1.0,0.7907,-0.991,0.0,0.0,True,-0.3713,0.13426,0.12479,-0.0082,1.0,0.2881,-1.288,0.0,0.0,True,both_converged
24371,-7.5,-0.0137,0.0758,0.0645,-0.0417,1.0,1.0,-0.8421,0.0,0.0,True,-0.3714,0.12974,0.12045,-0.0052,1.0,0.3024,-1.291,0.0,0.0,True,both_converged
24371,-7.0,-0.0,0.07144,0.06021,-0.0423,1.0,1.0,-0.8354,0.0,0.0,True,-0.3738,0.12556,0.11645,-0.0018,1.0,0.3187,-1.2945,0.0,0.0,True,both_converged
24371,-6.5,0.0122,0.06736,0.05621,-0.0427,1.0,1.0,-0.8267,0.0,0.0,True,-0.3777,0.1215,0.11258,0.002,1.0,0.3364,-1.2972,0.0,0.0,True,both_converged
24371,-6.0,-0.0222,0.06763,0.05677,-0.0318,1.0,0.972,-0.8593,0.0,0.0,True,-0.3818,0.11763,0.10891,0.0055,1.0,0.356,-1.3002,0.0,0.0,True,both_converged
24371,-5.5,-0.2179,0.07919,0.06941,0.0032,1.0,0.7536,-1.0577,0.0,0.0,True,-0.3871,0.11468,0.10617,0.0078,1.0,0.3759,-1.3104,0.0,0.0,True,both_converged
24371,-5.0,-0.3738,0.08189,0.07296,0.0118,1.0,0.5391,-1.2991,0.0,0.0,True,-0.3746,0.10728,0.09891,0.011,1.0,0.4027,-1.2769,0.0,0.0,True,both_converged
24371,-4.5,-0.4234,0.07429,0.06552,-0.0031,1.0,0.4042,-1.5092,0.0,0.0,True,-0.3686,0.10187,0.09365,0.0139,1.0,0.435,-1.2565,0.0,0.0,True,both_converged
24371,-4.0,-0.3992,0.06426,0.05503,-0.0189,1.0,0.3593,-1.5941,0.0,0.0,True,-0.364,0.09716,0.08914,0.0162,1.0,0.4744,-1.2469,0.0,0.0,True,both_converged
24371,-3.5,-0.3572,0.05661,0.04691,-0.0264,1.0,0.3552,-1.5818,0.0,0.0,True,-0.3529,0.09028,0.0824,0.0205,1.0,0.5244,-1.236,0.0,0.0,True,both_converged
24371,-3.0,-0.3051,0.05028,0.03996,-0.0331,1.0,0.3682,-1.5259,0.0,0.0,True,,,,,,,,,,False,baseline_only
24371,-2.5,-0.2481,0.04545,0.03443,-0.0386,1.0,0.397,-1.4464,0.0,0.0,True,-0.3238,0.07089,0.06326,0.0406,1.0,0.7848,-1.1685,0.0,0.0,True,both_converged
24371,-2.0,-0.1944,0.04221,0.03065,-0.041,1.0,0.4433,-1.3386,0.0,0.0,True,-0.1753,0.05521,0.04725,0.019,1.0,0.9373,-1.038,0.0,0.0,True,both_converged
24371,-1.5,-0.1439,0.03984,0.02805,-0.0418,1.0,0.5115,-1.231,0.0,0.0,True,-0.1783,0.05173,0.04394,0.0228,1.0,0.9406,-1.0388,0.0,0.0,True,both_converged
24371,-1.0,-0.1,0.03791,0.02636,-0.0401,1.0,0.6193,-1.126,0.0,0.0,True,-0.2256,0.04983,0.04239,0.0358,1.0,0.9227,-1.0807,0.0,0.0,True,both_converged
24371,-0.5,-0.0788,0.03477,0.02476,-0.0316,1.0,0.9385,-1.0584,0.0,0.0,True,-0.2523,0.04835,0.04115,0.0411,1.0,0.8824,-1.1102,0.0,0.0,True,both_converged
24371,0.0,,,,,,,,,,False,0.3429,0.04673,0.03666,-0.1156,1.0,0.5132,-0.6965,0.0,0.0,True,optimised_only
24371,0.5,0.0415,0.03799,0.02469,-0.0467,1.0,1.0,-0.8068,0.0,0.0,True,0.4446,0.04402,0.03352,-0.1264,1.0,0.6197,-0.7865,0.0,0.0,True,both_converged
24371,1.0,0.0781,0.04006,0.0262,-0.0474,1.0,1.0,-0.6956,0.0,0.0,True,0.5321,0.0419,0.03125,-0.1335,1.0,0.7395,-0.9006,0.0,0.0,True,both_converged
24371,1.5,0.1133,0.04234,0.02804,-0.0479,1.0,1.0,-0.5939,0.0,0.0,True,0.5855,0.03972,0.02967,-0.1338,1.0,0.9113,-0.9901,0.0,0.0,True,both_converged
24371,2.0,0.1474,0.04482,0.03018,-0.0486,1.0,1.0,-0.5022,0.0,0.0,True,0.6865,0.04142,0.03132,-0.1462,1.0,1.0,-1.1169,0.0,0.0,True,both_converged
24371,2.5,0.1804,0.0475,0.0326,-0.0492,1.0,1.0,-0.5189,0.0,0.0,True,,,,,,,,,,False,baseline_only
24371,3.0,0.2124,0.05039,0.03528,-0.0499,1.0,1.0,-0.5361,0.0,0.0,True,1.0586,0.03579,0.0228,-0.1793,0.5026,1.0,-1.5726,0.0,0.0,True,both_converged
24371,3.5,0.2436,0.05348,0.03822,-0.0507,1.0,1.0,-0.5539,0.0,0.0,True,1.153,0.04021,0.02637,-0.1853,0.4564,1.0,-1.7248,0.0,0.0,True,both_converged
24371,4.0,0.2737,0.05678,0.04143,-0.0515,1.0,1.0,-0.5725,0.0,0.0,True,1.2327,0.04467,0.03099,-0.1892,0.4268,1.0,-1.8605,0.0,0.0,True,both_converged
24371,4.5,0.3029,0.0603,0.04489,-0.0525,1.0,1.0,-0.5924,0.0,0.0,True,1.3017,0.04964,0.03653,-0.1918,0.4107,1.0,-1.9782,0.0,0.0,True,both_converged
24371,5.0,0.3312,0.06405,0.04863,-0.0535,1.0,1.0,-0.614,0.0,0.0,True,1.3529,0.0554,0.04289,-0.1917,0.3966,1.0,-2.0782,0.0,0.0,True,both_converged
24371,5.5,0.3585,0.06802,0.05263,-0.0546,1.0,1.0,-0.6376,0.0,0.0,True,1.3932,0.06206,0.05029,-0.1908,0.3926,1.0,-2.1487,0.0,0.0,True,both_converged
24371,6.0,0.3847,0.07224,0.05692,-0.0557,1.0,1.0,-0.6639,0.0,0.0,True,1.4236,0.07,0.05883,-0.189,0.387,1.0,-2.2117,0.0,0.0,True,both_converged
24371,6.5,0.41,0.07672,0.06149,-0.057,1.0,1.0,-0.6943,0.0,0.0,True,1.4111,0.07963,0.06945,-0.1855,0.3971,1.0,-2.1699,0.0,0.0,True,both_converged
24371,7.0,0.4342,0.08147,0.06636,-0.0584,1.0,1.0,-0.7278,0.0,0.0,True,1.3599,0.09298,0.08338,-0.1829,0.417,1.0,-2.0456,0.0,0.0,True,both_converged
24371,7.5,0.4573,0.08649,0.07155,-0.06,1.0,1.0,-0.7651,0.0,0.0,True,,,,,,,,,,False,baseline_only
24371,8.0,0.4793,0.09182,0.07705,-0.0617,1.0,1.0,-0.806,0.0,0.0,True,0.962,0.14656,0.13691,-0.21,0.8603,1.0,-1.1319,0.0,0.0,True,both_converged
24371,8.5,0.5004,0.09746,0.08291,-0.0635,1.0,1.0,-0.8492,0.0,0.0,True,0.9687,0.15458,0.14491,-0.2114,0.8771,1.0,-1.1281,0.0,0.0,True,both_converged
24371,9.0,0.5564,0.10743,0.09322,-0.0734,0.9693,1.0,-0.9367,0.0,0.0,True,0.9835,0.16232,0.15269,-0.2134,0.8748,1.0,-1.1334,0.0,0.0,True,both_converged
24371,9.5,0.5985,0.11591,0.10208,-0.08,0.9238,1.0,-1.0153,0.0,0.0,True,1.006,0.17027,0.16066,-0.2162,0.8573,1.0,-1.1553,0.0,0.0,True,both_converged
24371,10.0,0.6364,0.12435,0.11086,-0.0852,0.8769,1.0,-1.0934,0.0,0.0,True,1.0384,0.17887,0.16929,-0.2195,0.8185,1.0,-1.1873,0.0,0.0,True,both_converged
24371,10.5,0.6697,0.1326,0.11945,-0.089,0.8292,1.0,-1.1674,0.0,0.0,True,1.0707,0.18681,0.17731,-0.2218,0.7728,1.0,-1.226,0.0,0.0,True,both_converged
24371,11.0,0.6995,0.14076,0.12792,-0.092,0.7813,1.0,-1.2356,0.0,0.0,True,1.095,0.19222,0.18275,-0.2222,0.72,1.0,-1.2593,0.0,0.0,True,both_converged
24371,11.5,0.7281,0.14916,0.13661,-0.0945,0.7335,1.0,-1.3005,0.0,0.0,True,1.1293,0.19993,0.19051,-0.223,0.6621,1.0,-1.3085,0.0,0.0,True,both_converged
24371,12.0,0.7478,0.15605,0.14377,-0.0956,0.688,1.0,-1.3482,0.0,0.0,True,1.1552,0.20622,0.1969,-0.2229,0.6092,1.0,-1.354,0.0,0.0,True,both_converged
24371,12.5,0.7647,0.16314,0.15106,-0.0967,0.6489,1.0,-1.3829,0.0,0.0,True,1.194,0.21635,0.20712,-0.2229,0.5543,1.0,-1.4201,0.0,0.0,True,both_converged
24371,13.0,0.7849,0.1706,0.15871,-0.0981,0.6093,1.0,-1.4247,0.0,0.0,True,1.2107,0.22146,0.21231,-0.2222,0.5082,1.0,-1.4594,0.0,0.0,True,both_converged
24371,13.5,0.8083,0.17911,0.16744,-0.0999,0.5741,1.0,-1.464,0.0,0.0,True,1.234,0.22987,0.22079,-0.2226,0.4714,1.0,-1.5036,0.0,0.0,True,both_converged
24371,14.0,0.8213,0.18548,0.17392,-0.1012,0.5448,1.0,-1.4852,0.0,0.0,True,1.2481,0.23553,0.2265,-0.2231,0.4359,1.0,-1.5339,0.0,0.0,True,both_converged
24371,14.5,0.8398,0.19338,0.18195,-0.1032,0.5193,1.0,-1.51,0.0,0.0,True,1.2763,0.24651,0.23765,-0.2237,0.4052,1.0,-1.5957,0.0,0.0,True,both_converged
24371,15.0,0.8611,0.20149,0.19021,-0.1052,0.4927,1.0,-1.5421,0.0,0.0,True,1.2789,0.24868,0.23982,-0.2262,0.3823,1.0,-1.5901,0.0,0.0,True,both_converged
24371,15.5,0.8763,0.20857,0.19738,-0.1073,0.4721,1.0,-1.5591,0.0,0.0,True,1.2995,0.25706,0.24831,-0.2276,0.3566,1.0,-1.6383,0.0,0.0,True,both_converged
24371,16.0,0.8891,0.21415,0.20304,-0.1095,0.4507,1.0,-1.5669,0.0,0.0,True,1.3234,0.26852,0.25993,-0.2292,0.3373,1.0,-1.6886,0.0,0.0,True,both_converged
24371,16.5,0.9082,0.22165,0.21064,-0.1119,0.4307,1.0,-1.5929,0.0,0.0,True,1.3389,0.27626,0.26774,-0.2318,0.3201,1.0,-1.7186,0.0,0.0,True,both_converged
24371,17.0,0.9325,0.23138,0.22051,-0.1143,0.4112,1.0,-1.6297,0.0,0.0,True,1.3534,0.28318,0.27476,-0.2347,0.3032,1.0,-1.7466,0.0,0.0,True,both_converged
24371,17.5,0.9528,0.24015,0.22934,-0.1169,0.3944,1.0,-1.6512,0.0,0.0,True,1.3617,0.28564,0.27733,-0.2389,0.2888,1.0,-1.7499,0.0,0.0,True,both_converged
24371,18.0,0.9676,0.2462,0.23546,-0.1197,0.3783,1.0,-1.6686,0.0,0.0,True,1.3717,0.2894,0.28115,-0.2435,0.2763,1.0,-1.7592,0.0,0.0,True,both_converged
24371,18.5,0.9846,0.25316,0.24247,-0.1226,0.3626,1.0,-1.6892,0.0,0.0,True,1.3865,0.29613,0.28798,-0.2473,0.2641,1.0,-1.8864,0.0,0.0,True,both_converged
24371,19.0,1.0019,0.26013,0.24953,-0.1255,0.3471,1.0,-1.7068,0.0,0.0,True,1.4104,0.30992,0.30196,-0.2492,0.2525,1.0,-2.0791,0.0,0.0,True,both_converged
24371,19.5,1.0188,0.26668,0.25616,-0.1286,0.3321,1.0,-1.7258,0.0,0.0,True,1.4181,0.30989,0.30202,-0.2549,0.2407,1.0,-2.1515,0.0,0.0,True,both_converged
24371,20.0,1.0321,0.27098,0.2605,-0.132,0.3176,1.0,-1.7397,0.0,0.0,True,1.4324,0.31639,0.30861,-0.2593,0.2319,1.0,-2.2624,0.0,0.0,True,both_converged
24371,20.5,1.0441,0.27478,0.26434,-0.1359,0.305,1.0,-1.7436,0.0,0.0,True,1.4541,0.32913,0.32156,-0.2616,0.2203,1.0,-2.4357,0.0,0.0,True,both_converged
24371,21.0,1.0592,0.28035,0.26995,-0.1397,0.2924,1.0,-1.7535,0.0,0.0,True,1.4615,0.32834,0.32084,-0.2685,0.2125,1.0,-2.4712,0.0,0.0,True,both_converged
24371,21.5,1.076,0.2869,0.27655,-0.1433,0.2806,1.0,-1.7728,0.0,0.0,True,1.4873,0.3483,0.341,-0.2694,0.2023,1.0,-2.6642,0.0,0.0,True,both_converged
24371,22.0,1.0968,0.29629,0.28601,-0.1464,0.2691,1.0,-1.8145,0.0,0.0,True,1.4914,0.341,0.33374,-0.2778,0.1948,1.0,-2.6466,0.0,0.0,True,both_converged
24371,22.5,,,,,,,,,,False,1.0025,0.32153,0.31515,-0.1858,0.1984,1.0,-1.498,0.0,0.0,True,optimised_only
24371,23.0,0.7257,0.26403,0.25518,-0.089,0.2522,1.0,-1.052,0.0,0.0,True,1.0093,0.33052,0.32432,-0.1871,0.1877,1.0,-1.568,0.0,0.0,True,both_converged
24371,23.5,0.7399,0.2737,0.26495,-0.0904,0.2401,1.0,-1.0794,0.0,0.0,True,1.5422,0.37098,0.36413,-0.2894,0.1691,1.0,-2.8615,0.0,0.0,True,both_converged
24371,24.0,0.7365,0.27529,0.26662,-0.0928,0.2307,1.0,-1.0428,0.0,0.0,True,1.5509,0.36629,0.35949,-0.2975,0.1609,1.0,-2.8087,0.0,0.0,True,both_converged
24371,24.5,0.7441,0.28247,0.27389,-0.0946,0.2232,1.0,-1.0485,0.0,0.0,True,1.5701,0.38208,0.37539,-0.3,0.1532,1.0,-2.8524,0.0,0.0,True,both_converged
24371,25.0,0.7508,0.2887,0.28023,-0.0964,0.2122,1.0,-1.0571,0.0,0.0,True,1.5803,0.37873,0.37211,-0.3079,0.1452,1.0,-2.7793,0.0,0.0,True,both_converged
24371,25.5,0.7525,0.29361,0.2852,-0.0988,0.2053,1.0,-1.0403,0.0,0.0,True,1.5988,0.39482,0.38828,-0.3104,0.1381,1.0,-2.7972,0.0,0.0,True,both_converged
24371,26.0,,,,,,,,,,False,1.6091,0.39071,0.38421,-0.3186,0.1315,1.0,-2.7064,0.0,0.0,True,optimised_only
24371,26.5,1.2376,0.35156,0.34192,-0.1834,0.1816,1.0,-2.0099,0.0,0.0,True,,,,,,,,,,False,baseline_only
24371,27.0,1.2458,0.35008,0.34043,-0.19,0.1763,1.0,-1.9886,0.0,0.0,True,1.6372,0.40315,0.39678,-0.3292,0.1204,1.0,-2.6317,0.0,0.0,True,both_converged
24371,27.5,1.2644,0.36054,0.35102,-0.1931,0.1675,1.0,-2.0426,0.0,0.0,True,1.6512,0.40932,0.40304,-0.3342,0.1136,1.0,-2.6089,0.0,0.0,True,both_converged
24371,28.0,1.274,0.36083,0.35133,-0.1994,0.1626,1.0,-2.0237,0.0,0.0,True,1.0245,0.41154,0.40626,-0.2057,0.1202,1.0,-1.3428,0.0,0.0,True,both_converged
24371,28.5,1.2897,0.36806,0.35867,-0.2034,0.1543,1.0,-2.0565,0.0,0.0,True,1.0263,0.42013,0.41495,-0.2073,0.1138,1.0,-1.3083,0.0,0.0,True,both_converged
24371,29.0,1.3024,0.37346,0.36411,-0.2086,0.1507,1.0,-2.0577,0.0,0.0,True,1.0299,0.43112,0.42599,-0.2086,0.11,1.0,-1.2882,0.0,0.0,True,both_converged
24371,29.5,1.3138,0.37538,0.3661,-0.2144,0.1439,1.0,-2.0593,0.0,0.0,True,1.027,0.43708,0.43204,-0.2112,0.1062,1.0,-1.241,0.0,0.0,True,both_converged
24371,30.0,1.3322,0.3912,0.38204,-0.2168,0.1381,1.0,-2.136,0.0,0.0,True,1.0281,0.4456,0.44067,-0.2129,0.101,1.0,-1.2366,0.0,0.0,True,both_converged
28694,-30.0,,,,,,,,,,False,,,,,,,,,,False,none_converged
28694,-29.5,-0.5169,0.29789,0.28925,0.0335,1.0,0.0842,-0.8515,0.0,0.0,True,-0.8882,0.34624,0.33544,0.082,1.0,0.0597,-1.4941,0.0,0.0,True,both_converged
28694,-29.0,-0.512,0.29492,0.28622,0.0303,1.0,0.0861,-0.8706,0.0,0.0,True,-0.8742,0.34407,0.33322,0.0764,1.0,0.0605,-1.4854,0.0,0.0,True,both_converged
28694,-28.5,,,,,,,,,,False,,,,,,,,,,False,none_converged
28694,-28.0,-0.4954,0.28238,0.27358,0.0249,1.0,0.0902,-0.8683,0.0,0.0,True,-0.5147,0.28191,0.27274,0.0144,1.0,0.0697,-0.763,0.0,0.0,True,both_converged
28694,-27.5,-0.487,0.277,0.26812,0.0223,1.0,0.094,-0.864,0.0,0.0,True,-0.5084,0.27868,0.26945,0.0115,1.0,0.0711,-0.772,0.0,0.0,True,both_converged
28694,-27.0,-0.4802,0.27302,0.26408,0.0193,1.0,0.0977,-0.8738,0.0,0.0,True,-0.5033,0.277,0.26769,0.0084,1.0,0.0718,-0.787,0.0,0.0,True,both_converged
28694,-26.5,-0.4772,0.27224,0.26325,0.0161,1.0,0.0994,-0.9054,0.0,0.0,True,-0.7989,0.31561,0.30454,0.0531,1.0,0.0679,-1.3715,0.0,0.0,True,both_converged
28694,-26.0,-0.4654,0.26347,0.25446,0.0137,1.0,0.1016,-0.8849,0.0,0.0,True,-0.7833,0.31135,0.30025,0.0483,1.0,0.0698,-1.3678,0.0,0.0,True,both_converged
28694,-25.5,-0.4547,0.25707,0.24798,0.0114,1.0,0.1056,-0.8749,0.0,0.0,True,-0.7681,0.30863,0.29748,0.0432,1.0,0.0711,-1.3734,0.0,0.0,True,both_converged
28694,-25.0,-0.4466,0.25269,0.24355,0.0088,1.0,0.1102,-0.8834,0.0,0.0,True,-0.7542,0.30865,0.29749,0.0379,1.0,0.0719,-1.3911,0.0,0.0,True,both_converged
28694,-24.5,-0.4436,0.25207,0.24288,0.0057,1.0,0.1131,-0.9205,0.0,0.0,True,-0.4608,0.25032,0.24079,-0.0035,1.0,0.0813,-0.7641,0.0,0.0,True,both_converged
28694,-24.0,-0.4312,0.24386,0.23464,0.0034,1.0,0.116,-0.9036,0.0,0.0,True,-0.4541,0.24752,0.23795,-0.0059,1.0,0.0832,-0.7737,0.0,0.0,True,both_converged
28694,-23.5,-0.4199,0.23783,0.22855,0.0013,1.0,0.1212,-0.8866,0.0,0.0,True,-0.4495,0.24679,0.23719,-0.0085,1.0,0.0842,-0.7971,0.0,0.0,True,both_converged
28694,-23.0,-0.4128,0.23452,0.2252,-0.0014,1.0,0.126,-0.8946,0.0,0.0,True,-0.4415,0.2419,0.2323,-0.0106,1.0,0.0852,-0.8117,0.0,0.0,True,both_converged
28694,-22.5,,,,,,,,,,False,-0.4292,0.23372,0.22409,-0.012,1.0,0.0882,-0.7907,0.0,0.0,True,optimised_only
28694,-22.0,-0.6566,0.2679,0.25702,0.0291,1.0,0.1256,-1.4827,0.0,0.0,True,-0.4204,0.22929,0.21965,-0.0137,1.0,0.0916,-0.7942,0.0,0.0,True,both_converged
28694,-21.5,-0.649,0.27129,0.26047,0.0235,1.0,0.1281,-1.5347,0.0,0.0,True,-0.4131,0.22601,0.21635,-0.0155,1.0,0.095,-0.8089,0.0,0.0,True,both_converged
28694,-21.0,-0.6219,0.2557,0.24484,0.0215,1.0,0.1333,-1.4633,0.0,0.0,True,-0.4086,0.22496,0.21528,-0.0175,1.0,0.0974,-0.8407,0.0,0.0,True,both_converged
28694,-20.5,-0.6055,0.25109,0.24022,0.0177,1.0,0.1405,-1.453,0.0,0.0,True,,,,,,,,,,False,baseline_only
28694,-20.0,-0.6007,0.25454,0.24378,0.0124,1.0,0.1436,-1.5029,0.0,0.0,True,-0.5894,0.24946,0.23826,0.001,1.0,0.0955,-1.2806,0.0,0.0,True,both_converged
28694,-19.5,-0.5706,0.23865,0.22781,0.0108,1.0,0.1505,-1.4153,0.0,0.0,True,-0.5774,0.24895,0.2378,-0.003,1.0,0.0977,-1.3106,0.0,0.0,True,both_converged
28694,-19.0,-0.5577,0.23574,0.22493,0.0069,1.0,0.1575,-1.4148,0.0,0.0,True,-0.5616,0.2424,0.23132,-0.0059,1.0,0.0993,-1.3061,0.0,0.0,True,both_converged
28694,-18.5,-0.541,0.22907,0.21828,0.0036,1.0,0.1618,-1.411,0.0,0.0,True,-0.5422,0.23297,0.2219,-0.0077,1.0,0.1033,-1.261,0.0,0.0,True,both_converged
28694,-18.0,-0.5221,0.22241,0.21162,0.001,1.0,0.1714,-1.3885,0.0,0.0,True,-0.5267,0.22774,0.21669,-0.0101,1.0,0.1077,-1.2481,0.0,0.0,True,both_converged
28694,-17.5,-0.5122,0.21932,0.20861,-0.0027,1.0,0.1767,-1.4087,0.0,0.0,True,-0.5146,0.22505,0.21406,-0.0131,1.0,0.1115,-1.259,0.0,0.0,True,both_converged
28694,-17.0,-0.4896,0.21055,0.1998,-0.0047,1.0,0.1867,-1.3657,0.0,0.0,True,-0.5096,0.22705,0.21617,-0.0164,1.0,0.1129,-1.3022,0.0,0.0,True,both_converged
28694,-16.5,-0.4852,0.20932,0.19868,-0.0084,1.0,0.1923,-1.3963,0.0,0.0,True,-0.485,0.21258,0.20174,-0.0168,1.0,0.1173,-1.2266,0.0,0.0,True,both_converged
28694,-16.0,-0.4599,0.19931,0.18864,-0.0099,1.0,0.2042,-1.3382,0.0,0.0,True,-0.4711,0.20722,0.19643,-0.0183,1.0,0.1228,-1.2067,0.0,0.0,True,both_converged
28694,-15.5,-0.4456,0.19323,0.18261,-0.0123,1.0,0.2126,-1.3284,0.0,0.0,True,-0.4633,0.20534,0.19465,-0.0204,1.0,0.1271,-1.221,0.0,0.0,True,both_converged
28694,-15.0,-0.4409,0.19122,0.18066,-0.0148,1.0,0.224,-1.3513,0.0,0.0,True,-0.4533,0.20052,0.18996,-0.0217,1.0,0.1296,-1.2193,0.0,0.0,True,both_converged
28694,-14.5,-0.4156,0.18113,0.17058,-0.0161,1.0,0.2353,-1.3098,0.0,0.0,True,-0.4361,0.19214,0.18164,-0.0218,1.0,0.1366,-1.1672,0.0,0.0,True,both_converged
28694,-14.0,-0.4047,0.17567,0.16519,-0.018,1.0,0.2459,-1.3086,0.0,0.0,True,-0.4311,0.19017,0.17976,-0.0229,1.0,0.1427,-1.1904,0.0,0.0,True,both_converged
28694,-13.5,-0.4105,0.17532,0.16497,-0.0198,1.0,0.2584,-1.3444,0.0,0.0,True,-0.4208,0.18404,0.17377,-0.0233,1.0,0.1466,-1.1992,0.0,0.0,True,both_converged
28694,-13.0,-0.3916,0.16727,0.15693,-0.0206,1.0,0.2749,-1.3086,0.0,0.0,True,-0.4085,0.17789,0.16771,-0.023,1.0,0.1548,-1.1911,0.0,0.0,True,both_converged
28694,-12.5,-0.3739,0.15959,0.14929,-0.0214,1.0,0.2909,-1.2806,0.0,0.0,True,-0.4121,0.17817,0.16815,-0.0237,1.0,0.1597,-1.2462,0.0,0.0,True,both_converged
28694,-12.0,-0.3636,0.15374,0.14352,-0.022,1.0,0.3082,-1.2767,0.0,0.0,True,-0.3945,0.16836,0.15843,-0.0226,1.0,0.1659,-1.2198,0.0,0.0,True,both_converged
28694,-11.5,-0.3612,0.14945,0.13933,-0.0221,1.0,0.3264,-1.285,0.0,0.0,True,-0.3917,0.16519,0.1554,-0.0221,1.0,0.1741,-1.2421,0.0,0.0,True,both_converged
28694,-11.0,-0.336,0.14016,0.13007,-0.0221,1.0,0.348,-1.2403,0.0,0.0,True,-0.3892,0.16093,0.15131,-0.0214,1.0,0.1785,-1.2662,0.0,0.0,True,both_converged
28694,-10.5,-0.3246,0.13428,0.12427,-0.0215,1.0,0.3735,-1.2188,0.0,0.0,True,-0.3801,0.15501,0.14549,-0.0198,1.0,0.1883,-1.2586,0.0,0.0,True,both_converged
28694,-10.0,-0.3129,0.12803,0.11812,-0.0205,1.0,0.4011,-1.1987,0.0,0.0,True,,,,,,,,,,False,baseline_only
28694,-9.5,-0.3095,0.12321,0.11342,-0.0188,1.0,0.4313,-1.1981,0.0,0.0,True,-0.376,0.14657,0.13735,-0.0166,1.0,0.2057,-1.2847,0.0,0.0,True,both_converged
28694,-9.0,-0.2917,0.1164,0.10669,-0.0169,1.0,0.4689,-1.167,0.0,0.0,True,-0.3756,0.14217,0.13312,-0.0147,1.0,0.2134,-1.2993,0.0,0.0,True,both_converged
28694,-8.5,-0.2921,0.11255,0.103,-0.0131,1.0,0.5141,-1.1585,0.0,0.0,True,-0.3821,0.14006,0.13119,-0.0123,1.0,0.2247,-1.3228,0.0,0.0,True,both_converged
28694,-8.0,-0.27,0.10541,0.09593,-0.0104,1.0,0.5676,-1.1126,0.0,0.0,True,-0.373,0.1332,0.12447,-0.0098,1.0,0.2357,-1.3073,0.0,0.0,True,both_converged
28694,-7.5,-0.2358,0.09774,0.08827,-0.0079,1.0,0.6476,-1.0618,0.0,0.0,True,-0.4003,0.13498,0.12652,-0.006,1.0,0.2427,-1.3705,0.0,0.0,True,both_converged
28694,-7.0,-0.1982,0.0904,0.08093,-0.0059,1.0,0.7531,-1.0056,0.0,0.0,True,-0.3864,0.12689,0.11854,-0.0034,1.0,0.2573,-1.3398,0.0,0.0,True,both_converged
28694,-6.5,0.0157,0.06614,0.05591,-0.0425,1.0,1.0,-0.808,0.0,0.0,True,-0.3841,0.12137,0.11317,-0.0002,1.0,0.2691,-1.3325,0.0,0.0,True,both_converged
28694,-6.0,0.0265,0.06236,0.05222,-0.0424,1.0,1.0,-0.8062,0.0,0.0,True,-0.3855,0.11708,0.10906,0.0024,1.0,0.2829,-1.3358,0.0,0.0,True,both_converged
28694,-5.5,-0.0496,0.06577,0.05611,-0.0221,1.0,0.9425,-0.8687,0.0,0.0,True,-0.3824,0.1123,0.10445,0.0045,1.0,0.3008,-1.3285,0.0,0.0,True,both_converged
28694,-5.0,-0.2515,0.07565,0.06702,0.0094,1.0,0.71,-1.0827,0.0,0.0,True,-0.3769,0.10753,0.09982,0.0059,1.0,0.3216,-1.3173,0.0,0.0,True,both_converged
28694,-4.5,-0.4278,0.07248,0.06443,-0.0071,1.0,0.3715,-1.5375,0.0,0.0,True,-0.3692,0.10413,0.09659,0.004,1.0,0.3435,-1.3186,0.0,0.0,True,both_converged
28694,-4.0,-0.3852,0.05982,0.05093,-0.0292,1.0,0.309,-1.6648,0.0,0.0,True,-0.3537,0.0965,0.08906,0.0074,1.0,0.3686,-1.2705,0.0,0.0,True,both_converged
28694,-3.5,-0.3356,0.05223,0.04263,-0.0369,1.0,0.3094,-1.6449,0.0,0.0,True,-0.3366,0.09082,0.0835,0.0077,1.0,0.4034,-1.2543,0.0,0.0,True,both_converged
28694,-3.0,-0.2838,0.04681,0.03661,-0.0412,1.0,0.3254,-1.5675,0.0,0.0,True,-0.3159,0.08482,0.07762,0.0078,1.0,0.4452,-1.2409,0.0,0.0,True,both_converged
28694,-2.5,-0.2331,0.0429,0.03224,-0.0437,1.0,0.3526,-1.4699,0.0,0.0,True,-0.2941,0.07838,0.07127,0.0096,1.0,0.4979,-1.2152,0.0,0.0,True,both_converged
28694,-2.0,-0.1786,0.03999,0.02869,-0.0465,1.0,0.3949,-1.3601,0.0,0.0,True,-0.278,0.07214,0.06518,0.0141,1.0,0.5849,-1.1831,0.0,0.0,True,both_converged
28694,-1.5,-0.1298,0.03812,0.02664,-0.0469,1.0,0.456,-1.2422,0.0,0.0,True,,,,,,,,,,False,baseline_only
28694,-1.0,-0.0825,0.03666,0.02533,-0.0465,1.0,0.5536,-1.1249,0.0,0.0,True,-0.282,0.05581,0.04921,0.0392,1.0,0.8012,-1.1292,0.0,0.0,True,both_converged
28694,-0.5,-0.0527,0.03449,0.02455,-0.0399,1.0,0.7752,-1.0357,0.0,0.0,True,-0.2452,0.04902,0.04246,0.037,1.0,0.845,-1.0874,0.0,0.0,True,both_converged
28694,0.0,0.0034,0.03483,0.02345,-0.0468,1.0,1.0,-0.9321,0.0,0.0,True,0.3802,0.0452,0.0357,-0.1255,1.0,0.4681,-0.6946,0.0,0.0,True,both_converged
28694,0.5,0.0427,0.03677,0.02461,-0.0478,1.0,1.0,-0.8112,0.0,0.0,True,0.4747,0.04317,0.0333,-0.1343,1.0,0.5693,-0.811,0.0,0.0,True,both_converged
28694,1.0,0.0793,0.0389,0.02621,-0.0485,1.0,1.0,-0.6991,0.0,0.0,True,0.5568,0.0416,0.03163,-0.14,1.0,0.6758,-0.9243,0.0,0.0,True,both_converged
28694,1.5,0.1146,0.04123,0.02813,-0.0491,1.0,1.0,-0.5966,0.0,0.0,True,0.6323,0.04007,0.03047,-0.1441,1.0,0.7984,-1.0364,0.0,0.0,True,both_converged
28694,2.0,0.1486,0.04376,0.03034,-0.0498,1.0,1.0,-0.5046,0.0,0.0,True,0.6978,0.03983,0.03092,-0.1477,1.0,1.0,-1.1279,0.0,0.0,True,both_converged
28694,2.5,0.1816,0.04649,0.03283,-0.0505,1.0,1.0,-0.5162,0.0,0.0,True,0.9818,0.0323,0.02028,-0.1757,0.4906,1.0,-1.462,0.0,0.0,True,both_converged
28694,3.0,0.2137,0.04942,0.03557,-0.0513,1.0,1.0,-0.5333,0.0,0.0,True,1.0785,0.03626,0.02301,-0.1823,0.4356,1.0,-1.6114,0.0,0.0,True,both_converged
28694,3.5,0.2448,0.05256,0.03857,-0.0521,1.0,1.0,-0.551,0.0,0.0,True,1.1769,0.04027,0.0267,-0.1894,0.4035,1.0,-1.7713,0.0,0.0,True,both_converged
28694,4.0,0.275,0.0559,0.04182,-0.0529,1.0,1.0,-0.5695,0.0,0.0,True,1.2538,0.04443,0.03121,-0.1928,0.3833,1.0,-1.9084,0.0,0.0,True,both_converged
28694,4.5,0.3042,0.05946,0.04534,-0.0539,1.0,1.0,-0.5893,0.0,0.0,True,1.3136,0.0493,0.03654,-0.1934,0.3667,1.0,-2.0221,0.0,0.0,True,both_converged
28694,5.0,0.3325,0.06325,0.04912,-0.0549,1.0,1.0,-0.6107,0.0,0.0,True,1.3625,0.05471,0.04263,-0.1926,0.3595,1.0,-2.1193,0.0,0.0,True,both_converged
28694,5.5,0.3598,0.06727,0.05316,-0.056,1.0,1.0,-0.6342,0.0,0.0,True,1.4026,0.06126,0.04977,-0.1909,0.3514,1.0,-2.201,0.0,0.0,True,both_converged
28694,6.0,0.3861,0.07153,0.0575,-0.0572,1.0,1.0,-0.6606,0.0,0.0,True,1.4322,0.06875,0.058,-0.1886,0.3526,1.0,-2.2582,0.0,0.0,True,both_converged
28694,6.5,0.4114,0.07606,0.06211,-0.0586,1.0,1.0,-0.6908,0.0,0.0,True,1.4323,0.07739,0.06766,-0.1848,0.3609,1.0,-2.2404,0.0,0.0,True,both_converged
28694,7.0,0.4356,0.08086,0.06703,-0.06,1.0,1.0,-0.7242,0.0,0.0,True,1.4321,0.08813,0.07891,-0.1825,0.3701,1.0,-2.2252,0.0,0.0,True,both_converged
28694,7.5,0.4722,0.08713,0.07348,-0.0645,0.9915,1.0,-0.7748,0.0,0.0,True,1.2291,0.11525,0.10655,-0.1894,0.4593,1.0,-1.7119,0.0,0.0,True,both_converged
28694,8.0,0.5329,0.09614,0.08278,-0.074,0.9561,1.0,-0.8588,0.0,0.0,True,0.9702,0.14655,0.13776,-0.2119,0.8436,1.0,-1.1268,0.0,0.0,True,both_converged
28694,8.5,0.5715,0.10289,0.08981,-0.0787,0.915,1.0,-0.9282,0.0,0.0,True,,,,,,,,,,False,baseline_only
28694,9.0,0.6076,0.11015,0.09736,-0.0827,0.8754,1.0,-1.0015,0.0,0.0,True,1.0098,0.16228,0.15352,-0.2158,0.8107,1.0,-1.1567,0.0,0.0,True,both_converged
28694,9.5,0.6519,0.11875,0.10626,-0.0876,0.8307,1.0,-1.0937,0.0,0.0,True,1.0553,0.17203,0.16329,-0.2193,0.7587,1.0,-1.2117,0.0,0.0,True,both_converged
28694,10.0,0.6765,0.12507,0.11286,-0.089,0.785,1.0,-1.1595,0.0,0.0,True,1.0741,0.17658,0.16788,-0.2181,0.7038,1.0,-1.2367,0.0,0.0,True,both_converged
28694,10.5,0.6983,0.13168,0.11973,-0.09,0.7399,1.0,-1.2211,0.0,0.0,True,1.1089,0.18348,0.1748,-0.2177,0.6398,1.0,-1.295,0.0,0.0,True,both_converged
28694,11.0,0.7221,0.13903,0.12734,-0.0914,0.695,1.0,-1.2842,0.0,0.0,True,1.1388,0.19021,0.18156,-0.2166,0.5796,1.0,-1.3454,0.0,0.0,True,both_converged
28694,11.5,0.75,0.14733,0.13592,-0.0931,0.6506,1.0,-1.3507,0.0,0.0,True,1.1673,0.19743,0.18886,-0.2154,0.5266,1.0,-1.4049,0.0,0.0,True,both_converged
28694,12.0,0.7738,0.15504,0.14386,-0.0941,0.6064,1.0,-1.4081,0.0,0.0,True,1.1912,0.20452,0.19598,-0.2141,0.4767,1.0,-1.4564,0.0,0.0,True,both_converged
28694,12.5,0.7934,0.1631,0.15211,-0.0952,0.5705,1.0,-1.4511,0.0,0.0,True,1.2212,0.21427,0.20585,-0.2138,0.4397,1.0,-1.5208,0.0,0.0,True,both_converged
28694,13.0,0.8089,0.17039,0.15956,-0.0962,0.5375,1.0,-1.4817,0.0,0.0,True,1.2308,0.21978,0.21139,-0.2141,0.4074,1.0,-1.5442,0.0,0.0,True,both_converged
28694,13.5,0.8314,0.17906,0.16842,-0.0976,0.5063,1.0,-1.5236,0.0,0.0,True,1.2394,0.22532,0.21694,-0.2153,0.3789,1.0,-1.5576,0.0,0.0,True,both_converged
28694,14.0,0.8335,0.18375,0.17318,-0.0987,0.483,1.0,-1.5186,0.0,0.0,True,1.2647,0.23531,0.22707,-0.2161,0.3554,1.0,-1.6175,0.0,0.0,True,both_converged
28694,14.5,0.8629,0.19429,0.18388,-0.1007,0.458,1.0,-1.567,0.0,0.0,True,1.28,0.24342,0.23522,-0.218,0.3361,1.0,-1.6456,0.0,0.0,True,both_converged
28694,15.0,0.8674,0.19897,0.18863,-0.1025,0.4386,1.0,-1.564,0.0,0.0,True,1.2869,0.24789,0.23973,-0.221,0.3171,1.0,-1.6496,0.0,0.0,True,both_converged
28694,15.5,0.8813,0.20542,0.19516,-0.1046,0.4176,1.0,-1.5778,0.0,0.0,True,1.3039,0.25604,0.24798,-0.2234,0.3015,1.0,-1.6844,0.0,0.0,True,both_converged
28694,16.0,0.8994,0.2129,0.20273,-0.1069,0.3989,1.0,-1.5976,0.0,0.0,True,1.3233,0.26543,0.25748,-0.2256,0.2859,1.0,-1.723,0.0,0.0,True,both_converged
28694,16.5,0.9211,0.22152,0.21145,-0.1092,0.3803,1.0,-1.6336,0.0,0.0,True,1.3453,0.2765,0.26867,-0.2274,0.2699,1.0,-1.7793,0.0,0.0,True,both_converged
28694,17.0,0.9405,0.22977,0.2198,-0.1116,0.3637,1.0,-1.6581,0.0,0.0,True,1.343,0.27426,0.26645,-0.2338,0.2588,1.0,-1.7402,0.0,0.0,True,both_converged
28694,17.5,0.9568,0.23679,0.22688,-0.1143,0.3481,1.0,-1.6735,0.0,0.0,True,1.3579,0.28151,0.27381,-0.2375,0.2487,1.0,-1.7605,0.0,0.0,True,both_converged
28694,18.0,0.9727,0.24348,0.23362,-0.1171,0.3326,1.0,-1.6952,0.0,0.0,True,1.3855,0.29689,0.28936,-0.2384,0.236,1.0,-1.9185,0.0,0.0,True,both_converged
28694,18.5,0.9855,0.2486,0.2388,-0.1203,0.3181,1.0,-1.7029,0.0,0.0,True,1.3866,0.29391,0.2864,-0.2456,0.2269,1.0,-1.9437,0.0,0.0,True,both_converged
28694,19.0,0.9988,0.25393,0.24415,-0.1238,0.3043,1.0,-1.7073,0.0,0.0,True,1.4081,0.30606,0.29871,-0.2479,0.2182,1.0,-2.1267,0.0,0.0,True,both_converged
28694,19.5,1.0135,0.25974,0.25,-0.1272,0.2907,1.0,-1.7213,0.0,0.0,True,1.4177,0.30758,0.30032,-0.2537,0.2075,1.0,-2.206,0.0,0.0,True,both_converged
28694,20.0,1.029,0.26596,0.25626,-0.1309,0.2792,1.0,-1.7384,0.0,0.0,True,1.4369,0.31893,0.31181,-0.2568,0.2012,1.0,-2.3616,0.0,0.0,True,both_converged
28694,20.5,1.0468,0.27308,0.26345,-0.1342,0.2668,1.0,-1.7619,0.0,0.0,True,1.4474,0.32048,0.31345,-0.2627,0.191,1.0,-2.4339,0.0,0.0,True,both_converged
28694,21.0,1.0699,0.28341,0.27386,-0.1368,0.2546,1.0,-1.8018,0.0,0.0,True,1.4673,0.33341,0.32654,-0.2654,0.1848,1.0,-2.5862,0.0,0.0,True,both_converged
28694,21.5,1.0831,0.28723,0.27773,-0.1408,0.2419,1.0,-1.8183,0.0,0.0,True,1.4767,0.33292,0.32614,-0.2723,0.1759,1.0,-2.6211,0.0,0.0,True,both_converged
28694,22.0,1.0943,0.29074,0.28125,-0.1455,0.2314,1.0,-1.8187,0.0,0.0,True,1.4984,0.34904,0.34241,-0.2742,0.169,1.0,-2.7755,0.0,0.0,True,both_converged
28694,22.5,1.1124,0.29858,0.28917,-0.1491,0.2229,1.0,-1.8462,0.0,0.0,True,1.5063,0.34555,0.33898,-0.2823,0.1613,1.0,-2.7589,0.0,0.0,True,both_converged
28694,23.0,,,,,,,,,,False,1.5288,0.36458,0.3582,-0.2834,0.1535,1.0,-2.8941,0.0,0.0,True,optimised_only
28694,23.5,0.7384,0.27033,0.26225,-0.09,0.2096,1.0,-1.0805,0.0,0.0,True,1.5361,0.35829,0.35193,-0.2924,0.1465,1.0,-2.8241,0.0,0.0,True,both_converged
28694,24.0,0.7386,0.2738,0.2658,-0.0923,0.2001,1.0,-1.0538,0.0,0.0,True,1.5577,0.37781,0.37159,-0.2935,0.1384,1.0,-2.9109,0.0,0.0,True,both_converged
28694,24.5,0.7449,0.28049,0.27258,-0.0943,0.1931,1.0,-1.0589,0.0,0.0,True,1.5658,0.37095,0.36475,-0.3029,0.1319,1.0,-2.8031,0.0,0.0,True,both_converged
28694,25.0,0.752,0.28688,0.27906,-0.0961,0.183,1.0,-1.07,0.0,0.0,True,1.0184,0.36163,0.35631,-0.1944,0.1375,1.0,-1.6075,0.0,0.0,True,both_converged
28694,25.5,0.7544,0.29244,0.28468,-0.0985,0.1779,1.0,-1.0531,0.0,0.0,True,1.017,0.36779,0.36256,-0.1968,0.1296,1.0,-1.5508,0.0,0.0,True,both_converged
28694,26.0,0.7619,0.29926,0.29162,-0.1003,0.1684,1.0,-1.0617,0.0,0.0,True,1.0239,0.37968,0.37452,-0.1978,0.1237,1.0,-1.5463,0.0,0.0,True,both_converged
28694,26.5,0.7639,0.30479,0.2972,-0.1027,0.1634,1.0,-1.0394,0.0,0.0,True,1.0203,0.38487,0.37978,-0.2006,0.1178,1.0,-1.459,0.0,0.0,True,both_converged
28694,27.0,0.7694,0.31107,0.30358,-0.1047,0.1553,1.0,-1.0481,0.0,0.0,True,1.0294,0.39809,0.39313,-0.201,0.1107,1.0,-1.4712,0.0,0.0,True,both_converged
28694,27.5,0.7747,0.31837,0.31094,-0.1068,0.151,1.0,-1.051,0.0,0.0,True,1.024,0.4026,0.39765,-0.2041,0.1079,1.0,-1.3698,0.0,0.0,True,both_converged
28694,28.0,0.7762,0.32321,0.31589,-0.1094,0.1437,1.0,-1.0335,0.0,0.0,True,1.0251,0.4107,0.40583,-0.206,0.1018,1.0,-1.3238,0.0,0.0,True,both_converged
28694,28.5,0.7863,0.33307,0.32583,-0.1108,0.138,1.0,-1.0617,0.0,0.0,True,1.6777,0.41814,0.41244,-0.346,0.0888,1.0,-2.5465,0.0,0.0,True,both_converged
28694,29.0,0.7836,0.33608,0.32891,-0.1139,0.1338,1.0,-1.0148,0.0,0.0,True,1.027,0.42813,0.42338,-0.2098,0.0947,1.0,-1.2487,0.0,0.0,True,both_converged
28694,29.5,0.7885,0.34275,0.33568,-0.1159,0.1274,1.0,-1.018,0.0,0.0,True,1.0276,0.43634,0.4317,-0.2116,0.0898,1.0,-1.2379,0.0,0.0,True,both_converged
28694,30.0,0.7937,0.35073,0.34374,-0.1179,0.1238,1.0,-1.0295,0.0,0.0,True,,,,,,,,,,False,baseline_only
33222,-30.0,-0.5228,0.30127,0.29329,0.0365,1.0,0.0704,-0.852,0.0,0.0,True,-0.9011,0.3502,0.34022,0.0872,1.0,0.0507,-1.5238,0.0,0.0,True,both_converged
33222,-29.5,-0.5164,0.29669,0.28864,0.0335,1.0,0.0731,-0.8572,0.0,0.0,True,-0.887,0.34773,0.33767,0.0815,1.0,0.0513,-1.5202,0.0,0.0,True,both_converged
33222,-29.0,-0.5118,0.294,0.28589,0.0302,1.0,0.0746,-0.8792,0.0,0.0,True,,,,,,,,,,False,baseline_only
33222,-28.5,,,,,,,,,,False,-0.5203,0.28485,0.27637,0.017,1.0,0.0586,-0.7636,0.0,0.0,True,optimised_only
33222,-28.0,-0.4945,0.28096,0.27276,0.0249,1.0,0.0781,-0.8711,0.0,0.0,True,-0.5136,0.28093,0.27239,0.0141,1.0,0.0599,-0.7722,0.0,0.0,True,both_converged
33222,-27.5,-0.4861,0.27562,0.26735,0.0222,1.0,0.0812,-0.8676,0.0,0.0,True,-0.5079,0.27844,0.26983,0.011,1.0,0.0607,-0.7885,0.0,0.0,True,both_converged
33222,-27.0,-0.4789,0.27125,0.26292,0.0193,1.0,0.0845,-0.8755,0.0,0.0,True,-0.8128,0.31954,0.30926,0.0577,1.0,0.057,-1.3894,0.0,0.0,True,both_converged
33222,-26.5,-0.4752,0.26988,0.2615,0.016,1.0,0.0864,-0.9081,0.0,0.0,True,-0.7973,0.31499,0.30468,0.0529,1.0,0.0587,-1.3774,0.0,0.0,True,both_converged
33222,-26.0,-0.4648,0.26233,0.25393,0.0136,1.0,0.0882,-0.8922,0.0,0.0,True,-0.7818,0.31156,0.30122,0.0478,1.0,0.0601,-1.3831,0.0,0.0,True,both_converged
33222,-25.5,-0.4538,0.25572,0.24725,0.0113,1.0,0.0917,-0.8783,0.0,0.0,True,-0.7671,0.31026,0.29988,0.0424,1.0,0.0608,-1.4007,0.0,0.0,True,both_converged
33222,-25.0,-0.4451,0.25096,0.24244,0.0087,1.0,0.0955,-0.8841,0.0,0.0,True,-0.4669,0.25287,0.24402,-0.0014,1.0,0.0683,-0.7641,0.0,0.0,True,both_converged
33222,-24.5,-0.4393,0.24821,0.23965,0.0057,1.0,0.0986,-0.9097,0.0,0.0,True,-0.4594,0.24922,0.24033,-0.0039,1.0,0.0702,-0.7708,0.0,0.0,True,both_converged
33222,-24.0,,,,,,,,,,False,-0.4531,0.24696,0.23804,-0.0065,1.0,0.0714,-0.7863,0.0,0.0,True,optimised_only
33222,-23.5,-0.7061,0.28332,0.27321,0.0412,1.0,0.0979,-1.5385,0.0,0.0,True,,,,,,,,,,False,baseline_only
33222,-23.0,,,,,,,,,,False,-0.4369,0.23781,0.22886,-0.0107,1.0,0.0733,-0.7974,0.0,0.0,True,optimised_only
33222,-22.5,,,,,,,,,,False,-0.4269,0.23199,0.22301,-0.0123,1.0,0.0757,-0.7892,0.0,0.0,True,optimised_only
33222,-22.0,-0.397,0.22527,0.21654,-0.0068,1.0,0.1149,-0.9406,0.0,0.0,True,-0.4184,0.22776,0.21877,-0.0141,1.0,0.0783,-0.7952,0.0,0.0,True,both_converged
33222,-21.5,-0.3825,0.21789,0.20911,-0.0085,1.0,0.1201,-0.9149,0.0,0.0,True,-0.4108,0.22421,0.21521,-0.0159,1.0,0.081,-0.8092,0.0,0.0,True,both_converged
33222,-21.0,-0.3753,0.21472,0.20592,-0.0109,1.0,0.126,-0.9295,0.0,0.0,True,-0.4051,0.2222,0.21318,-0.0178,1.0,0.0833,-0.8372,0.0,0.0,True,both_converged
33222,-20.5,,,,,,,,,,False,-0.4037,0.22346,0.21444,-0.0198,1.0,0.0844,-0.8873,0.0,0.0,True,optimised_only
33222,-20.0,-0.3552,0.20469,0.19585,-0.015,1.0,0.1346,-0.9231,0.0,0.0,True,-0.5864,0.24746,0.23701,0.0007,1.0,0.0812,-1.282,0.0,0.0,True,both_converged
33222,-19.5,-0.3481,0.2016,0.19273,-0.0172,1.0,0.1409,-0.9295,0.0,0.0,True,-0.5726,0.24526,0.23485,-0.0033,1.0,0.0837,-1.306,0.0,0.0,True,both_converged
33222,-19.0,-0.3552,0.2053,0.19642,-0.0199,1.0,0.1435,-1.0044,0.0,0.0,True,,,,,,,,,,False,baseline_only
33222,-18.5,-0.3282,0.19195,0.18307,-0.0208,1.0,0.1511,-0.9394,0.0,0.0,True,-0.3701,0.20435,0.1954,-0.0235,1.0,0.0966,-0.8772,0.0,0.0,True,both_converged
33222,-18.0,-0.3273,0.19155,0.18265,-0.0229,1.0,0.1582,-0.9767,0.0,0.0,True,-0.371,0.20592,0.19701,-0.0249,1.0,0.098,-0.9231,0.0,0.0,True,both_converged
33222,-17.5,-0.3131,0.18445,0.17555,-0.0243,1.0,0.1634,-0.96,0.0,0.0,True,-0.3595,0.19803,0.18918,-0.025,1.0,0.1002,-0.8994,0.0,0.0,True,both_converged
33222,-17.0,-0.3051,0.18092,0.17201,-0.0258,1.0,0.172,-0.9607,0.0,0.0,True,-0.3504,0.19292,0.18409,-0.025,1.0,0.1042,-0.8781,0.0,0.0,True,both_converged
33222,-16.5,-0.3064,0.18007,0.1712,-0.0276,1.0,0.1763,-0.9963,0.0,0.0,True,-0.3456,0.19014,0.18135,-0.0253,1.0,0.1085,-0.8809,0.0,0.0,True,both_converged
33222,-16.0,-0.2889,0.17278,0.16388,-0.0283,1.0,0.1872,-0.9619,0.0,0.0,True,-0.3457,0.18997,0.18122,-0.0259,1.0,0.1118,-0.909,0.0,0.0,True,both_converged
33222,-15.5,-0.2889,0.171,0.16213,-0.0297,1.0,0.1935,-0.9976,0.0,0.0,True,-0.3541,0.1939,0.18517,-0.0266,1.0,0.1129,-0.9678,0.0,0.0,True,both_converged
33222,-15.0,-0.2776,0.16606,0.15718,-0.0304,1.0,0.2048,-0.9876,0.0,0.0,True,-0.3345,0.1816,0.17295,-0.0253,1.0,0.1176,-0.894,0.0,0.0,True,both_converged
33222,-14.5,-0.2736,0.16253,0.15367,-0.0312,1.0,0.2115,-1.0025,0.0,0.0,True,-0.3308,0.17866,0.17006,-0.0248,1.0,0.1231,-0.8885,0.0,0.0,True,both_converged
33222,-14.0,-0.2747,0.16126,0.1524,-0.0317,1.0,0.2234,-1.0227,0.0,0.0,True,-0.3344,0.1789,0.17037,-0.025,1.0,0.1274,-0.9371,0.0,0.0,True,both_converged
33222,-13.5,-0.26,0.15449,0.14566,-0.0319,1.0,0.2351,-0.994,0.0,0.0,True,-0.3293,0.1738,0.16536,-0.0243,1.0,0.1305,-0.9504,0.0,0.0,True,both_converged
33222,-13.0,-0.2588,0.15109,0.14232,-0.0322,1.0,0.2453,-1.0106,0.0,0.0,True,-0.3219,0.16866,0.16028,-0.023,1.0,0.1376,-0.9448,0.0,0.0,True,both_converged
33222,-12.5,-0.2664,0.14993,0.14121,-0.0323,1.0,0.2578,-1.0481,0.0,0.0,True,-0.327,0.16794,0.15962,-0.0227,1.0,0.1429,-0.9944,0.0,0.0,True,both_converged
33222,-12.0,-0.2529,0.14316,0.13448,-0.0318,1.0,0.2733,-1.0285,0.0,0.0,True,-0.3231,0.16273,0.15452,-0.0216,1.0,0.1465,-1.0095,0.0,0.0,True,both_converged
33222,-11.5,-0.2464,0.13788,0.12926,-0.0311,1.0,0.2894,-1.0217,0.0,0.0,True,-0.3166,0.15749,0.14935,-0.0201,1.0,0.1539,-1.0062,0.0,0.0,True,both_converged
33222,-11.0,-0.2416,0.13275,0.12422,-0.0302,1.0,0.3056,-1.0153,0.0,0.0,True,-0.325,0.15672,0.14868,-0.0195,1.0,0.1593,-1.0605,0.0,0.0,True,both_converged
33222,-10.5,-0.2394,0.12789,0.11944,-0.0289,1.0,0.3229,-1.01,0.0,0.0,True,-0.3162,0.14968,0.14176,-0.0177,1.0,0.1644,-1.0529,0.0,0.0,True,both_converged
33222,-10.0,-0.2462,0.12424,0.11592,-0.0271,1.0,0.3427,-1.0295,0.0,0.0,True,-0.3154,0.14577,0.13792,-0.0162,1.0,0.1729,-1.0669,0.0,0.0,True,both_converged
33222,-9.5,-0.2357,0.11771,0.10949,-0.0251,1.0,0.3648,-1.0108,0.0,0.0,True,-0.3347,0.14692,0.13923,-0.0153,1.0,0.1764,-1.1441,0.0,0.0,True,both_converged
33222,-9.0,-0.2322,0.11259,0.10449,-0.0225,1.0,0.3901,-0.9994,0.0,0.0,True,-0.3137,0.13677,0.12916,-0.0128,1.0,0.1883,-1.0918,0.0,0.0,True,both_converged
33222,-8.5,-0.2301,0.10736,0.0994,-0.0194,1.0,0.4182,-0.9854,0.0,0.0,True,,,,,,,,,,False,baseline_only
33222,-8.0,-0.2306,0.10254,0.09472,-0.0155,1.0,0.4509,-0.9709,0.0,0.0,True,-0.4027,0.13914,0.13112,-0.0103,1.0,0.1927,-1.3991,0.0,0.0,True,both_converged
33222,-7.5,-0.2274,0.09745,0.08977,-0.0115,1.0,0.4871,-0.9578,0.0,0.0,True,-0.383,0.1296,0.12167,-0.0078,1.0,0.2065,-1.3498,0.0,0.0,True,both_converged
33222,-7.0,-0.2397,0.09414,0.08665,-0.0054,1.0,0.5313,-0.9586,0.0,0.0,True,-0.3846,0.12481,0.11705,-0.0047,1.0,0.2146,-1.3543,0.0,0.0,True,both_converged
33222,-6.5,-0.2168,0.08741,0.08,-0.002,1.0,0.5882,-0.9091,0.0,0.0,True,-0.3995,0.12381,0.11624,-0.0021,1.0,0.2251,-1.3917,0.0,0.0,True,both_converged
33222,-6.0,-0.1983,0.08187,0.07455,0.0023,1.0,0.6647,-0.8644,0.0,0.0,True,-0.3887,0.11656,0.1091,0.0007,1.0,0.2366,-1.3627,0.0,0.0,True,both_converged
33222,-5.5,0.0384,0.0579,0.04862,-0.0417,1.0,1.0,-0.7863,0.0,0.0,True,-0.386,0.11193,0.10464,0.0017,1.0,0.2479,-1.3661,0.0,0.0,True,both_converged
33222,-5.0,-0.094,0.0651,0.05651,-0.0097,1.0,0.9063,-0.8939,0.0,0.0,True,-0.3787,0.1072,0.10005,0.0016,1.0,0.2631,-1.3614,0.0,0.0,True,both_converged
33222,-4.5,-0.435,0.07163,0.06419,-0.0096,1.0,0.3616,-1.5571,0.0,0.0,True,-0.3655,0.10143,0.0944,0.0024,1.0,0.2829,-1.3325,0.0,0.0,True,both_converged
33222,-4.0,-0.3764,0.05648,0.04797,-0.0343,1.0,0.2734,-1.7141,0.0,0.0,True,-0.3464,0.09662,0.08968,-0.0002,1.0,0.3081,-1.3082,0.0,0.0,True,both_converged
33222,-3.5,-0.323,0.04895,0.03958,-0.0419,1.0,0.2744,-1.6916,0.0,0.0,True,-0.3234,0.09014,0.08331,-0.0014,1.0,0.3306,-1.2726,0.0,0.0,True,both_converged
33222,-3.0,-0.2711,0.04405,0.03406,-0.0456,1.0,0.2908,-1.6052,0.0,0.0,True,-0.2945,0.08401,0.07725,-0.0033,1.0,0.3642,-1.2533,0.0,0.0,True,both_converged
33222,-2.5,-0.2216,0.04066,0.03022,-0.0474,1.0,0.3172,-1.4982,0.0,0.0,True,-0.255,0.07819,0.07148,-0.0078,1.0,0.4102,-1.2226,0.0,0.0,True,both_converged
33222,-2.0,-0.1713,0.03827,0.02735,-0.049,1.0,0.3563,-1.38,0.0,0.0,True,-0.2218,0.07147,0.06483,-0.0076,1.0,0.4616,-1.1753,0.0,0.0,True,both_converged
33222,-1.5,-0.1211,0.03672,0.02545,-0.0501,1.0,0.4125,-1.2593,0.0,0.0,True,,,,,,,,,,False,baseline_only
33222,-1.0,-0.0734,0.03564,0.02451,-0.0501,1.0,0.4997,-1.1326,0.0,0.0,True,0.1279,0.05334,0.04552,-0.0888,1.0,0.3376,-1.0121,0.0,0.0,True,both_converged
33222,-0.5,-0.0323,0.03416,0.02422,-0.0472,1.0,0.6894,-1.0201,0.0,0.0,True,0.3077,0.04626,0.03757,-0.1222,1.0,0.354,-0.8529,0.0,0.0,True,both_converged
33222,0.0,0.0042,0.03381,0.02336,-0.0478,1.0,1.0,-0.9368,0.0,0.0,True,0.4098,0.04364,0.03459,-0.1333,1.0,0.4326,-0.7165,0.0,0.0,True,both_converged
33222,0.5,0.0437,0.03581,0.02459,-0.0488,1.0,1.0,-0.8152,0.0,0.0,True,0.4955,0.04211,0.03282,-0.1399,1.0,0.5266,-0.828,0.0,0.0,True,both_converged
33222,1.0,0.0804,0.03799,0.02626,-0.0496,1.0,1.0,-0.7022,0.0,0.0,True,0.5744,0.04103,0.03167,-0.1447,1.0,0.6245,-0.9409,0.0,0.0,True,both_converged
33222,1.5,0.1156,0.04037,0.02826,-0.0502,1.0,1.0,-0.5995,0.0,0.0,True,0.6518,0.03998,0.03094,-0.1489,1.0,0.7291,-1.0537,0.0,0.0,True,both_converged
33222,2.0,0.1629,0.04341,0.03097,-0.0534,0.9946,1.0,-0.5051,0.0,0.0,True,0.819,0.03186,0.02395,-0.1628,0.7859,1.0,-1.2481,0.0,0.0,True,both_converged
33222,2.5,0.2411,0.0476,0.03486,-0.0623,0.9666,1.0,-0.5506,0.0,0.0,True,0.9983,0.03261,0.02033,-0.1784,0.431,1.0,-1.4892,0.0,0.0,True,both_converged
33222,3.0,0.3099,0.05165,0.03872,-0.069,0.9415,1.0,-0.5938,0.0,0.0,True,1.1073,0.03617,0.02311,-0.1875,0.3909,1.0,-1.6599,0.0,0.0,True,both_converged
33222,3.5,0.3528,0.05504,0.04203,-0.0714,0.9221,1.0,-0.6218,0.0,0.0,True,1.1954,0.03981,0.02674,-0.1929,0.364,1.0,-1.8106,0.0,0.0,True,both_converged
33222,4.0,0.3955,0.05876,0.04571,-0.0738,0.9042,1.0,-0.6523,0.0,0.0,True,1.2639,0.04394,0.03112,-0.1947,0.3483,1.0,-1.9436,0.0,0.0,True,both_converged
33222,4.5,0.434,0.06272,0.04966,-0.0758,0.8889,1.0,-0.6833,0.0,0.0,True,1.3193,0.04883,0.03636,-0.1945,0.3352,1.0,-2.0564,0.0,0.0,True,both_converged
33222,5.0,0.4712,0.06706,0.05405,-0.0779,0.8764,1.0,-0.7174,0.0,0.0,True,1.365,0.05392,0.04219,-0.1929,0.3275,1.0,-2.1514,0.0,0.0,True,both_converged
33222,5.5,,,,,,,,,,False,1.4076,0.06052,0.04921,-0.1911,0.3204,1.0,-2.2469,0.0,0.0,True,optimised_only
33222,6.0,,,,,,,,,,False,1.4338,0.06728,0.05695,-0.1879,0.3229,1.0,-2.2928,0.0,0.0,True,optimised_only
33222,6.5,,,,,,,,,,False,1.4424,0.07561,0.06618,-0.1839,0.3274,1.0,-2.2969,0.0,0.0,True,optimised_only
33222,7.0,,,,,,,,,,False,1.4333,0.08669,0.07808,-0.1813,0.3507,1.0,-2.239,0.0,0.0,True,optimised_only
33222,7.5,,,,,,,,,,False,,,,,,,,,,False,none_converged
33222,8.0,,,,,,,,,,False,0.9843,0.14664,0.13856,-0.2137,0.816,1.0,-1.1322,0.0,0.0,True,optimised_only
33222,8.5,,,,,,,,,,False,1.0265,0.15595,0.14788,-0.2171,0.7737,1.0,-1.1761,0.0,0.0,True,optimised_only
33222,9.0,,,,,,,,,,False,1.0581,0.16205,0.15398,-0.2165,0.7106,1.0,-1.2236,0.0,0.0,True,optimised_only
33222,9.5,,,,,,,,,,False,1.0891,0.1681,0.16006,-0.2151,0.6465,1.0,-1.2708,0.0,0.0,True,optimised_only
33222,10.0,,,,,,,,,,False,1.13,0.17475,0.16673,-0.2128,0.5729,1.0,-1.351,0.0,0.0,True,optimised_only
33222,10.5,,,,,,,,,,False,1.1503,0.18079,0.17276,-0.2102,0.5162,1.0,-1.3962,0.0,0.0,True,optimised_only
33222,11.0,0.8608,0.12757,0.11714,-0.0805,0.4591,1.0,-1.7167,0.0,0.0,True,1.1741,0.18799,0.18002,-0.2085,0.468,1.0,-1.4506,0.0,0.0,True,both_converged
33222,11.5,0.8315,0.13855,0.12819,-0.0834,0.4628,1.0,-1.6219,0.0,0.0,True,1.2042,0.19646,0.18855,-0.2068,0.4235,1.0,-1.5235,0.0,0.0,True,both_converged
33222,12.0,0.8477,0.14493,0.13477,-0.0824,0.421,1.0,-1.6851,0.0,0.0,True,1.2074,0.2021,0.19418,-0.207,0.3933,1.0,-1.5292,0.0,0.0,True,both_converged
33222,12.5,,,,,,,,,,False,1.224,0.21023,0.20237,-0.2076,0.3676,1.0,-1.5691,0.0,0.0,True,optimised_only
33222,13.0,,,,,,,,,,False,1.2378,0.21709,0.20928,-0.2084,0.3407,1.0,-1.6013,0.0,0.0,True,optimised_only
33222,13.5,,,,,,,,,,False,1.2589,0.22646,0.21874,-0.2094,0.3216,1.0,-1.6469,0.0,0.0,True,optimised_only
33222,14.0,,,,,,,,,,False,1.2831,0.23759,0.22997,-0.2103,0.3034,1.0,-1.7071,0.0,0.0,True,optimised_only
33222,14.5,,,,,,,,,,False,1.2955,0.2452,0.23763,-0.2125,0.2867,1.0,-1.7285,0.0,0.0,True,optimised_only
33222,15.0,0.8828,0.19862,0.18908,-0.1,0.3932,1.0,-1.6115,0.0,0.0,True,1.291,0.2461,0.23854,-0.2175,0.2731,1.0,-1.6956,0.0,0.0,True,both_converged
33222,15.5,0.8944,0.20526,0.19579,-0.1023,0.3767,1.0,-1.6165,0.0,0.0,True,1.2998,0.25175,0.24424,-0.2216,0.261,1.0,-1.6987,0.0,0.0,True,both_converged
33222,16.0,0.9061,0.21145,0.20203,-0.1048,0.3593,1.0,-1.6244,0.0,0.0,True,1.3159,0.25969,0.25226,-0.2246,0.2493,1.0,-1.724,0.0,0.0,True,both_converged
33222,16.5,0.9214,0.21844,0.20908,-0.1074,0.3436,1.0,-1.6417,0.0,0.0,True,1.3444,0.27326,0.26602,-0.2253,0.2367,1.0,-1.8088,0.0,0.0,True,both_converged
33222,17.0,0.9371,0.22536,0.21607,-0.1101,0.3281,1.0,-1.6559,0.0,0.0,True,1.3426,0.27229,0.26502,-0.2324,0.2274,1.0,-1.7596,0.0,0.0,True,both_converged
33222,17.5,0.9537,0.23245,0.22321,-0.1128,0.3132,1.0,-1.6744,0.0,0.0,True,1.3656,0.28428,0.27716,-0.2342,0.2182,1.0,-1.8215,0.0,0.0,True,both_converged
33222,18.0,0.9724,0.24018,0.231,-0.1156,0.2991,1.0,-1.7037,0.0,0.0,True,1.3729,0.286,0.27894,-0.2402,0.2082,1.0,-1.8713,0.0,0.0,True,both_converged
33222,18.5,0.992,0.24828,0.23918,-0.1182,0.2847,1.0,-1.7329,0.0,0.0,True,1.3935,0.29751,0.29057,-0.2426,0.2012,1.0,-2.0526,0.0,0.0,True,both_converged
33222,19.0,1.0146,0.25784,0.24882,-0.1206,0.2703,1.0,-1.7717,0.0,0.0,True,1.4027,0.2993,0.29246,-0.2486,0.1911,1.0,-2.1299,0.0,0.0,True,both_converged
33222,19.5,1.0203,0.25934,0.25033,-0.1251,0.2576,1.0,-1.7595,0.0,0.0,True,1.4258,0.31381,0.30711,-0.2503,0.1852,1.0,-2.3321,0.0,0.0,True,both_converged
33222,20.0,1.0326,0.26435,0.25536,-0.1291,0.2455,1.0,-1.7647,0.0,0.0,True,1.4317,0.31198,0.30534,-0.2579,0.1768,1.0,-2.3592,0.0,0.0,True,both_converged
33222,20.5,1.0486,0.27106,0.26212,-0.1328,0.2359,1.0,-1.7786,0.0,0.0,True,1.4603,0.3331,0.32667,-0.2575,0.1694,1.0,-2.6162,0.0,0.0,True,both_converged
33222,21.0,1.0713,0.28098,0.2721,-0.1353,0.2244,1.0,-1.8253,0.0,0.0,True,1.4616,0.32518,0.31876,-0.2674,0.1637,1.0,-2.5696,0.0,0.0,True,both_converged
33222,21.5,1.0852,0.28533,0.27651,-0.1393,0.2121,1.0,-1.8453,0.0,0.0,True,1.4821,0.33718,0.33095,-0.2694,0.1551,1.0,-2.739,0.0,0.0,True,both_converged
33222,22.0,1.0956,0.28914,0.28032,-0.1445,0.204,1.0,-1.8362,0.0,0.0,True,1.001,0.31153,0.30598,-0.1839,0.1583,1.0,-1.5171,0.0,0.0,True,both_converged
33222,22.5,1.1177,0.29948,0.29075,-0.1471,0.1948,1.0,-1.8886,0.0,0.0,True,1.508,0.34563,0.33958,-0.2812,0.1419,1.0,-2.8238,0.0,0.0,True,both_converged
33222,23.0,1.1296,0.30224,0.29355,-0.152,0.184,1.0,-1.8848,0.0,0.0,True,1.5236,0.35461,0.34864,-0.2858,0.1371,1.0,-2.8683,0.0,0.0,True,both_converged
33222,23.5,1.1437,0.30815,0.29948,-0.1567,0.178,1.0,-1.8998,0.0,0.0,True,1.5369,0.35754,0.35165,-0.2921,0.1286,1.0,-2.8581,0.0,0.0,True,both_converged
33222,24.0,1.1632,0.31642,0.30786,-0.1598,0.1679,1.0,-1.9551,0.0,0.0,True,1.5536,0.36835,0.36254,-0.2959,0.123,1.0,-2.8743,0.0,0.0,True,both_converged
33222,24.5,1.1731,0.31892,0.31036,-0.1658,0.1616,1.0,-1.9352,0.0,0.0,True,1.5667,0.37021,0.36446,-0.3028,0.1148,1.0,-2.8113,0.0,0.0,True,both_converged
33222,25.0,,,,,,,,,,False,1.5834,0.38189,0.37621,-0.3063,0.1096,1.0,-2.8004,0.0,0.0,True,optimised_only
33222,25.5,1.2032,0.33064,0.32218,-0.1749,0.1484,1.0,-1.9628,0.0,0.0,True,1.596,0.38234,0.3767,-0.3139,0.1027,1.0,-2.7082,0.0,0.0,True,both_converged
33222,26.0,1.2208,0.33817,0.32981,-0.1784,0.1401,1.0,-2.0152,0.0,0.0,True,1.0212,0.37718,0.37237,-0.1985,0.1092,1.0,-1.5161,0.0,0.0,True,both_converged
33222,26.5,1.233,0.34255,0.3342,-0.184,0.1358,1.0,-2.0155,0.0,0.0,True,1.0209,0.38433,0.37959,-0.2008,0.1025,1.0,-1.4475,0.0,0.0,True,both_converged
33222,27.0,1.2469,0.34699,0.33871,-0.189,0.1285,1.0,-2.0338,0.0,0.0,True,,,,,,,,,,False,baseline_only
33222,27.5,1.2663,0.36028,0.35209,-0.1915,0.1242,1.0,-2.1019,0.0,0.0,True,1.0239,0.40175,0.39714,-0.2046,0.0939,1.0,-1.345,0.0,0.0,True,both_converged
33222,28.0,1.2738,0.35731,0.34914,-0.1993,0.1194,1.0,-2.0488,0.0,0.0,True,1.0261,0.41038,0.40585,-0.2063,0.0882,1.0,-1.3113,0.0,0.0,True,both_converged
33222,28.5,1.2898,0.36482,0.35675,-0.2029,0.113,1.0,-2.0931,0.0,0.0,True,1.6784,0.41747,0.41216,-0.3464,0.077,1.0,-2.548,0.0,0.0,True,both_converged
33222,29.0,1.3029,0.37126,0.36322,-0.2079,0.1102,1.0,-2.1005,0.0,0.0,True,1.0272,0.42749,0.42307,-0.2103,0.0821,1.0,-1.2413,0.0,0.0,True,both_converged
33222,29.5,1.3136,0.37247,0.36448,-0.2145,0.1053,1.0,-2.09,0.0,0.0,True,1.0283,0.43592,0.43159,-0.212,0.0776,1.0,-1.2375,0.0,0.0,True,both_converged
33222,30.0,1.328,0.37929,0.37142,-0.2186,0.1004,1.0,-2.1399,0.0,0.0,True,,,,,,,,,,False,baseline_only
37913,-30.0,-0.5226,0.30048,0.29299,0.0365,1.0,0.0623,-0.8579,0.0,0.0,True,,,,,,,,,,False,baseline_only
37913,-29.5,-0.5171,0.29678,0.28923,0.0333,1.0,0.064,-0.8763,0.0,0.0,True,-0.8862,0.34516,0.33575,0.0818,1.0,0.0444,-1.5234,0.0,0.0,True,both_converged
37913,-29.0,,,,,,,,,,False,-0.8718,0.33898,0.32952,0.0771,1.0,0.0455,-1.4807,0.0,0.0,True,optimised_only
37913,-28.5,,,,,,,,,,False,-0.8571,0.33377,0.32426,0.0723,1.0,0.0467,-1.4522,0.0,0.0,True,optimised_only
37913,-28.0,-0.4934,0.27964,0.27195,0.0251,1.0,0.0696,-0.8657,0.0,0.0,True,-0.8422,0.3288,0.31925,0.0674,1.0,0.0479,-1.4336,0.0,0.0,True,both_converged
37913,-27.5,-0.4858,0.27483,0.26706,0.0222,1.0,0.0722,-0.8727,0.0,0.0,True,-0.827,0.324,0.31438,0.0624,1.0,0.0491,-1.4164,0.0,0.0,True,both_converged
37913,-27.0,-0.4797,0.27139,0.26358,0.0191,1.0,0.0743,-0.8948,0.0,0.0,True,-0.8116,0.31957,0.30991,0.0574,1.0,0.0503,-1.4018,0.0,0.0,True,both_converged
37913,-26.5,,,,,,,,,,False,-0.7962,0.31641,0.30673,0.0521,1.0,0.0511,-1.4051,0.0,0.0,True,optimised_only
37913,-26.0,-0.462,0.25981,0.25192,0.0138,1.0,0.0779,-0.8809,0.0,0.0,True,,,,,,,,,,False,baseline_only
37913,-25.5,-0.4527,0.25457,0.24662,0.0113,1.0,0.0815,-0.8774,0.0,0.0,True,-0.7649,0.30561,0.29588,0.0429,1.0,0.0526,-1.3901,0.0,0.0,True,both_converged
37913,-25.0,-0.4451,0.25048,0.24248,0.0085,1.0,0.0848,-0.8944,0.0,0.0,True,-0.7486,0.2988,0.28905,0.0391,1.0,0.0541,-1.3536,0.0,0.0,True,both_converged
37913,-24.5,-0.4418,0.24952,0.24148,0.0052,1.0,0.0865,-0.9398,0.0,0.0,True,-0.7322,0.29333,0.28355,0.0349,1.0,0.0557,-1.3306,0.0,0.0,True,both_converged
37913,-24.0,,,,,,,,,,False,-0.7158,0.28823,0.27844,0.0306,1.0,0.0575,-1.3129,0.0,0.0,True,optimised_only
37913,-23.5,-0.4179,0.23521,0.2271,0.0009,1.0,0.092,-0.8998,0.0,0.0,True,-0.6995,0.28358,0.27375,0.0262,1.0,0.0591,-1.3007,0.0,0.0,True,both_converged
37913,-23.0,-0.4092,0.23095,0.2228,-0.0017,1.0,0.0965,-0.9002,0.0,0.0,True,-0.6836,0.28034,0.27051,0.0215,1.0,0.0604,-1.3104,0.0,0.0,True,both_converged
37913,-22.5,-0.4072,0.23081,0.22263,-0.0048,1.0,0.0993,-0.9475,0.0,0.0,True,,,,,,,,,,False,baseline_only
37913,-22.0,-0.3936,0.22261,0.21441,-0.0068,1.0,0.1017,-0.9341,0.0,0.0,True,-0.6513,0.26978,0.25998,0.0135,1.0,0.062,-1.3271,0.0,0.0,True,both_converged
37913,-21.5,-0.3813,0.21665,0.20842,-0.0088,1.0,0.1062,-0.9188,0.0,0.0,True,-0.6336,0.26211,0.25229,0.0106,1.0,0.064,-1.2957,0.0,0.0,True,both_converged
37913,-21.0,-0.3735,0.21309,0.20483,-0.0112,1.0,0.111,-0.9331,0.0,0.0,True,-0.6167,0.25649,0.24667,0.0072,1.0,0.0663,-1.2855,0.0,0.0,True,both_converged
37913,-20.5,-0.3764,0.21529,0.20701,-0.0143,1.0,0.1134,-0.9987,0.0,0.0,True,-0.6004,0.25148,0.24167,0.0037,1.0,0.0687,-1.2863,0.0,0.0,True,both_converged
37913,-20.0,-0.3546,0.20361,0.19531,-0.0155,1.0,0.1182,-0.9354,0.0,0.0,True,-0.585,0.24778,0.23798,-0.0002,1.0,0.0708,-1.3032,0.0,0.0,True,both_converged
37913,-19.5,-0.3455,0.19961,0.19128,-0.0175,1.0,0.1246,-0.9313,0.0,0.0,True,-0.5729,0.2473,0.23755,-0.0044,1.0,0.0718,-1.3466,0.0,0.0,True,both_converged
37913,-19.0,-0.3489,0.20141,0.19308,-0.0203,1.0,0.1279,-0.9957,0.0,0.0,True,-0.3733,0.2052,0.19679,-0.0227,1.0,0.0816,-0.8644,0.0,0.0,True,both_converged
37913,-18.5,-0.3286,0.19115,0.18282,-0.0215,1.0,0.1322,-0.9568,0.0,0.0,True,-0.3707,0.20472,0.19633,-0.0241,1.0,0.0838,-0.9006,0.0,0.0,True,both_converged
37913,-18.0,-0.319,0.18701,0.17865,-0.0231,1.0,0.1394,-0.9575,0.0,0.0,True,,,,,,,,,,False,baseline_only
37913,-17.5,-0.3288,0.19083,0.18248,-0.0257,1.0,0.1434,-1.0374,0.0,0.0,True,-0.3559,0.19551,0.18722,-0.025,1.0,0.0876,-0.8929,0.0,0.0,True,both_converged
37913,-17.0,-0.3017,0.17856,0.1702,-0.0263,1.0,0.1509,-0.9629,0.0,0.0,True,-0.3491,0.19173,0.18345,-0.0251,1.0,0.0911,-0.8833,0.0,0.0,True,both_converged
37913,-16.5,-0.3017,0.17783,0.16948,-0.0282,1.0,0.1579,-0.9948,0.0,0.0,True,-0.3448,0.18921,0.18097,-0.0254,1.0,0.0948,-0.8905,0.0,0.0,True,both_converged
37913,-16.0,-0.2905,0.17192,0.16358,-0.0294,1.0,0.1624,-0.9852,0.0,0.0,True,-0.3454,0.18924,0.18104,-0.0261,1.0,0.0974,-0.9241,0.0,0.0,True,both_converged
37913,-15.5,-0.2825,0.16823,0.15988,-0.0304,1.0,0.1721,-0.9897,0.0,0.0,True,-0.3539,0.19312,0.18495,-0.0269,1.0,0.0983,-0.9875,0.0,0.0,True,both_converged
37913,-15.0,-0.28,0.16522,0.1569,-0.0316,1.0,0.1779,-1.0155,0.0,0.0,True,-0.3345,0.18071,0.17261,-0.0253,1.0,0.1021,-0.9073,0.0,0.0,True,both_converged
37913,-14.5,-0.2721,0.16139,0.15306,-0.0322,1.0,0.1886,-1.0123,0.0,0.0,True,-0.3302,0.17744,0.16938,-0.0248,1.0,0.1066,-0.897,0.0,0.0,True,both_converged
37913,-14.0,-0.271,0.1583,0.15,-0.033,1.0,0.1943,-1.0338,0.0,0.0,True,-0.33,0.1758,0.1678,-0.0246,1.0,0.1109,-0.9187,0.0,0.0,True,both_converged
37913,-13.5,-0.266,0.15483,0.14655,-0.0333,1.0,0.2058,-1.0324,0.0,0.0,True,-0.3387,0.17757,0.16964,-0.0249,1.0,0.1127,-0.9922,0.0,0.0,True,both_converged
37913,-13.0,-0.2554,0.14901,0.14076,-0.0335,1.0,0.2154,-1.0162,0.0,0.0,True,-0.324,0.16807,0.16024,-0.0232,1.0,0.1169,-0.9578,0.0,0.0,True,both_converged
37913,-12.5,-0.2774,0.15069,0.14252,-0.0341,1.0,0.2246,-1.0983,0.0,0.0,True,-0.3206,0.16425,0.15647,-0.0221,1.0,0.1233,-0.9682,0.0,0.0,True,both_converged
37913,-12.0,-0.2528,0.14147,0.13333,-0.0335,1.0,0.2388,-1.0475,0.0,0.0,True,-0.3285,0.16408,0.15638,-0.0219,1.0,0.1276,-1.0314,0.0,0.0,True,both_converged
37913,-11.5,-0.2444,0.13566,0.12758,-0.0329,1.0,0.2505,-1.0373,0.0,0.0,True,-0.3206,0.15723,0.14963,-0.0203,1.0,0.1315,-1.0266,0.0,0.0,True,both_converged
37913,-11.0,-0.2436,0.13102,0.12303,-0.0321,1.0,0.2643,-1.0419,0.0,0.0,True,-0.3164,0.15265,0.14512,-0.0188,1.0,0.1387,-1.0296,0.0,0.0,True,both_converged
37913,-10.5,-0.2468,0.12671,0.11883,-0.0311,1.0,0.2787,-1.0516,0.0,0.0,True,-0.3266,0.15202,0.1446,-0.0183,1.0,0.1434,-1.0923,0.0,0.0,True,both_converged
37913,-10.0,-0.2572,0.12328,0.11553,-0.0296,1.0,0.2934,-1.0762,0.0,0.0,True,-0.3879,0.15179,0.14367,-0.0198,1.0,0.1433,-1.3276,0.0,0.0,True,both_converged
37913,-9.5,-0.2499,0.11716,0.1095,-0.0276,1.0,0.3118,-1.062,0.0,0.0,True,-0.3784,0.14428,0.13627,-0.0178,1.0,0.1476,-1.3162,0.0,0.0,True,both_converged
37913,-9.0,-0.2407,0.11123,0.10367,-0.025,1.0,0.334,-1.0368,0.0,0.0,True,-0.3754,0.13977,0.13188,-0.0157,1.0,0.1556,-1.3175,0.0,0.0,True,both_converged
37913,-8.5,-0.2447,0.10667,0.09925,-0.0219,1.0,0.3558,-1.035,0.0,0.0,True,-0.3965,0.1412,0.13352,-0.0138,1.0,0.1597,-1.3961,0.0,0.0,True,both_converged
37913,-8.0,-0.2653,0.10363,0.09642,-0.0177,1.0,0.3771,-1.0591,0.0,0.0,True,-0.3767,0.13125,0.12365,-0.0112,1.0,0.1674,-1.3442,0.0,0.0,True,both_converged
37913,-7.5,-0.2549,0.09757,0.09046,-0.0138,1.0,0.4081,-1.0198,0.0,0.0,True,-0.392,0.13032,0.12292,-0.0083,1.0,0.175,-1.39,0.0,0.0,True,both_converged
37913,-7.0,-0.2558,0.09264,0.08568,-0.0093,1.0,0.4384,-1.0082,0.0,0.0,True,-0.3862,0.12382,0.11656,-0.0054,1.0,0.1824,-1.3738,0.0,0.0,True,both_converged
37913,-6.5,-0.3134,0.09118,0.08361,-0.0048,1.0,0.4855,-1.1945,0.0,0.0,True,-0.4015,0.1229,0.11583,-0.0031,1.0,0.1917,-1.4178,0.0,0.0,True,both_converged
37913,-6.0,-0.3079,0.08667,0.07923,0.0019,1.0,0.5451,-1.1614,0.0,0.0,True,-0.3914,0.11575,0.10878,-0.0001,1.0,0.2022,-1.3858,0.0,0.0,True,both_converged
37913,-5.5,-0.2845,0.08109,0.0737,0.008,1.0,0.632,-1.0987,0.0,0.0,True,-0.3901,0.1119,0.10509,-0.0008,1.0,0.212,-1.4065,0.0,0.0,True,both_converged
37913,-5.0,-0.0949,0.06437,0.05641,-0.0089,1.0,0.8965,-0.8798,0.0,0.0,True,-0.3778,0.10902,0.10235,-0.0059,1.0,0.2262,-1.4253,0.0,0.0,True,both_converged
37913,-4.5,,,,,,,,,,False,-0.3597,0.10251,0.09591,-0.0059,1.0,0.2423,-1.3886,0.0,0.0,True,optimised_only
37913,-4.0,-0.3644,0.05246,0.04402,-0.0405,1.0,0.2401,-1.7889,0.0,0.0,True,-0.3376,0.09592,0.08941,-0.0073,1.0,0.2608,-1.3498,0.0,0.0,True,both_converged
37913,-3.5,-0.3162,0.0463,0.03728,-0.0445,1.0,0.2465,-1.7277,0.0,0.0,True,-0.3161,0.08896,0.08254,-0.0058,1.0,0.2824,-1.287,0.0,0.0,True,both_converged
37913,-3.0,-0.2633,0.0417,0.03194,-0.0481,1.0,0.2628,-1.6397,0.0,0.0,True,-0.273,0.08316,0.07677,-0.0136,1.0,0.3119,-1.27,0.0,0.0,True,both_converged
37913,-2.5,-0.2126,0.03872,0.02838,-0.05,1.0,0.289,-1.529,0.0,0.0,True,-0.2357,0.07661,0.07026,-0.0157,1.0,0.3474,-1.2291,0.0,0.0,True,both_converged
37913,-2.0,-0.1637,0.03675,0.02595,-0.0513,1.0,0.3259,-1.4042,0.0,0.0,True,-0.1807,0.07043,0.06409,-0.0227,1.0,0.3947,-1.1733,0.0,0.0,True,both_converged
37913,-1.5,-0.1173,0.03553,0.02456,-0.0517,1.0,0.3771,-1.2775,0.0,0.0,True,-0.1283,0.06426,0.05794,-0.0266,1.0,0.459,-1.0947,0.0,0.0,True,both_converged
37913,-1.0,-0.0698,0.03475,0.02388,-0.052,1.0,0.454,-1.1444,0.0,0.0,True,0.2288,0.04819,0.04022,-0.1165,1.0,0.2781,-1.0269,0.0,0.0,True,both_converged
37913,-0.5,-0.0225,0.03384,0.02388,-0.0514,1.0,0.616,-1.0177,0.0,0.0,True,0.3492,0.04392,0.03543,-0.1329,1.0,0.3297,-0.8467,0.0,0.0,True,both_converged
37913,0.0,0.0049,0.033,0.02333,-0.0486,1.0,1.0,-0.9408,0.0,0.0,True,0.4403,0.04211,0.03332,-0.1411,1.0,0.4095,-0.7389,0.0,0.0,True,both_converged
37913,0.5,0.0446,0.03504,0.02461,-0.0498,1.0,1.0,-0.8187,0.0,0.0,True,,,,,,,,,,False,baseline_only
37913,1.0,0.1371,0.0386,0.02748,-0.0605,0.9733,1.0,-0.6317,0.0,0.0,True,0.5904,0.04039,0.03153,-0.1488,1.0,0.5853,-0.9553,0.0,0.0,True,both_converged
37913,1.5,0.2101,0.04163,0.03009,-0.0673,0.9467,1.0,-0.5366,0.0,0.0,True,0.8053,0.03162,0.02354,-0.1711,0.8601,0.7726,-1.2074,0.0,0.0,True,both_converged
37913,2.0,0.2742,0.04457,0.03274,-0.0723,0.9214,1.0,-0.5754,0.0,0.0,True,0.9126,0.02919,0.01817,-0.1727,0.4385,1.0,-1.3605,0.0,0.0,True,both_converged
37913,2.5,0.3389,0.0476,0.03556,-0.077,0.8969,1.0,-0.6174,0.0,0.0,True,1.0262,0.03263,0.02028,-0.1836,0.3864,1.0,-1.5325,0.0,0.0,True,both_converged
37913,3.0,0.385,0.05049,0.03834,-0.0789,0.874,1.0,-0.649,0.0,0.0,True,1.1337,0.03587,0.02303,-0.1927,0.3551,1.0,-1.7089,0.0,0.0,True,both_converged
37913,3.5,0.4334,0.05359,0.04138,-0.081,0.8518,1.0,-0.6851,0.0,0.0,True,1.2099,0.03949,0.02664,-0.1959,0.3359,1.0,-1.8478,0.0,0.0,True,both_converged
37913,4.0,0.4864,0.05695,0.04471,-0.0837,0.8298,1.0,-0.7294,0.0,0.0,True,1.2687,0.04361,0.03091,-0.196,0.3196,1.0,-1.9779,0.0,0.0,True,both_converged
37913,4.5,0.5169,0.06038,0.04817,-0.0835,0.81,1.0,-0.759,0.0,0.0,True,1.3202,0.04782,0.03582,-0.1949,0.3107,1.0,-2.077,0.0,0.0,True,both_converged
37913,5.0,0.5511,0.0641,0.05194,-0.0839,0.7902,1.0,-0.7978,0.0,0.0,True,1.3658,0.05315,0.04158,-0.1931,0.3004,1.0,-2.1874,0.0,0.0,True,both_converged
37913,5.5,0.5933,0.06803,0.05598,-0.0853,0.7692,1.0,-0.8535,0.0,0.0,True,1.404,0.05911,0.04836,-0.1906,0.2984,1.0,-2.2586,0.0,0.0,True,both_converged
37913,6.0,0.6272,0.07223,0.0603,-0.0858,0.7483,1.0,-0.9117,0.0,0.0,True,1.4321,0.06594,0.05596,-0.1872,0.2964,1.0,-2.3211,0.0,0.0,True,both_converged
37913,6.5,0.6479,0.07679,0.06501,-0.0852,0.7296,1.0,-0.9623,0.0,0.0,True,1.4561,0.07448,0.06514,-0.1843,0.3019,1.0,-2.3628,0.0,0.0,True,both_converged
37913,7.0,0.6705,0.08161,0.06998,-0.085,0.7097,1.0,-1.0225,0.0,0.0,True,1.4438,0.08549,0.07731,-0.1812,0.3339,1.0,-2.2733,0.0,0.0,True,both_converged
37913,7.5,0.7056,0.08629,0.07487,-0.0853,0.6818,1.0,-1.1129,0.0,0.0,True,0.9828,0.13814,0.13066,-0.2134,0.7956,1.0,-1.1312,0.0,0.0,True,both_converged
37913,8.0,0.7386,0.09092,0.07973,-0.0851,0.6501,1.0,-1.2118,0.0,0.0,True,1.0265,0.14634,0.13887,-0.2156,0.7446,1.0,-1.1817,0.0,0.0,True,both_converged
37913,8.5,0.7646,0.09567,0.08472,-0.0842,0.6159,1.0,-1.3064,0.0,0.0,True,1.0617,0.15185,0.14434,-0.2137,0.6701,1.0,-1.2383,0.0,0.0,True,both_converged
37913,9.0,0.8115,0.09919,0.08852,-0.0829,0.5696,1.0,-1.462,0.0,0.0,True,1.1045,0.1585,0.15098,-0.2118,0.5996,1.0,-1.3129,0.0,0.0,True,both_converged
37913,9.5,0.8281,0.10406,0.09363,-0.0809,0.5302,1.0,-1.5515,0.0,0.0,True,1.1552,0.16527,0.15782,-0.2081,0.5229,1.0,-1.419,0.0,0.0,True,both_converged
37913,10.0,0.8613,0.10766,0.09753,-0.0782,0.4823,1.0,-1.6942,0.0,0.0,True,1.1752,0.17199,0.16452,-0.2047,0.4714,1.0,-1.4728,0.0,0.0,True,both_converged
37913,10.5,0.8917,0.11112,0.10127,-0.0751,0.4347,1.0,-1.8356,0.0,0.0,True,1.1859,0.17809,0.17065,-0.2021,0.4252,1.0,-1.5078,0.0,0.0,True,both_converged
37913,11.0,0.9191,0.1147,0.10514,-0.0718,0.3893,1.0,-1.9762,0.0,0.0,True,1.217,0.18715,0.17976,-0.1999,0.3883,1.0,-1.5917,0.0,0.0,True,both_converged
37913,11.5,0.952,0.11727,0.10799,-0.0678,0.3451,1.0,-2.1404,0.0,0.0,True,1.2042,0.19234,0.1849,-0.2012,0.3614,1.0,-1.5623,0.0,0.0,True,both_converged
37913,12.0,,,,,,,,,,False,1.2439,0.20377,0.19646,-0.1995,0.337,1.0,-1.6634,0.0,0.0,True,optimised_only
37913,12.5,1.2015,0.08546,0.07705,-0.0377,0.2269,1.0,-3.3836,0.0,0.0,True,1.231,0.2081,0.20075,-0.2029,0.3169,1.0,-1.624,0.0,0.0,True,both_converged
37913,13.0,,,,,,,,,,False,1.2413,0.21546,0.20814,-0.205,0.2997,1.0,-1.6393,0.0,0.0,True,optimised_only
37913,13.5,,,,,,,,,,False,1.2567,0.22374,0.2165,-0.2068,0.2844,1.0,-1.67,0.0,0.0,True,optimised_only
37913,14.0,,,,,,,,,,False,1.2735,0.23232,0.22514,-0.2086,0.2687,1.0,-1.7099,0.0,0.0,True,optimised_only
37913,14.5,,,,,,,,,,False,1.2894,0.24017,0.23308,-0.2107,0.2543,1.0,-1.7412,0.0,0.0,True,optimised_only
37913,15.0,0.6341,0.17116,0.16289,-0.0634,0.3665,1.0,-1.1176,0.0,0.0,True,1.2878,0.24331,0.23621,-0.2164,0.2433,1.0,-1.7067,0.0,0.0,True,both_converged
37913,15.5,0.649,0.1782,0.17004,-0.0642,0.3483,1.0,-1.1423,0.0,0.0,True,1.3042,0.2517,0.24468,-0.2192,0.2331,1.0,-1.7383,0.0,0.0,True,both_converged
37913,16.0,,,,,,,,,,False,1.3248,0.26075,0.25386,-0.2212,0.221,1.0,-1.7877,0.0,0.0,True,optimised_only
37913,16.5,0.6648,0.18988,0.18191,-0.0661,0.3166,1.0,-1.149,0.0,0.0,True,1.3291,0.26444,0.25756,-0.2274,0.2135,1.0,-1.7621,0.0,0.0,True,both_converged
37913,17.0,0.6647,0.19357,0.18566,-0.0673,0.3022,1.0,-1.1343,0.0,0.0,True,1.3668,0.28383,0.27716,-0.2257,0.2024,1.0,-1.892,0.0,0.0,True,both_converged
37913,17.5,0.6668,0.19789,0.19004,-0.0687,0.2881,1.0,-1.1218,0.0,0.0,True,1.3577,0.27782,0.27111,-0.2355,0.1957,1.0,-1.7993,0.0,0.0,True,both_converged
37913,18.0,0.6691,0.2025,0.19471,-0.0702,0.2753,1.0,-1.1045,0.0,0.0,True,1.386,0.29258,0.28606,-0.2355,0.1865,1.0,-2.0346,0.0,0.0,True,both_converged
37913,18.5,0.6743,0.20775,0.20003,-0.0717,0.2628,1.0,-1.0984,0.0,0.0,True,1.3874,0.2914,0.28487,-0.2439,0.1804,1.0,-2.0352,0.0,0.0,True,both_converged
37913,19.0,0.6827,0.2139,0.20626,-0.0732,0.252,1.0,-1.1046,0.0,0.0,True,1.4063,0.30007,0.2937,-0.2467,0.172,1.0,-2.2115,0.0,0.0,True,both_converged
37913,19.5,0.6963,0.22149,0.21392,-0.0744,0.2394,1.0,-1.1263,0.0,0.0,True,1.4199,0.30709,0.30078,-0.2517,0.1675,1.0,-2.316,0.0,0.0,True,both_converged
37913,20.0,0.6993,0.22565,0.21815,-0.0762,0.2271,1.0,-1.1121,0.0,0.0,True,1.4327,0.31113,0.30493,-0.2572,0.1587,1.0,-2.412,0.0,0.0,True,both_converged
37913,20.5,0.6998,0.23002,0.22259,-0.0783,0.217,1.0,-1.0922,0.0,0.0,True,1.4574,0.32859,0.32256,-0.2578,0.1535,1.0,-2.6394,0.0,0.0,True,both_converged
37913,21.0,0.7099,0.23709,0.22971,-0.0798,0.2086,1.0,-1.1054,0.0,0.0,True,1.4617,0.3238,0.3178,-0.2673,0.1471,1.0,-2.6085,0.0,0.0,True,both_converged
37913,21.5,0.7195,0.24348,0.23619,-0.0813,0.1968,1.0,-1.1172,0.0,0.0,True,1.4821,0.33552,0.32969,-0.2692,0.1399,1.0,-2.7835,0.0,0.0,True,both_converged
37913,22.0,0.7177,0.24731,0.24006,-0.0839,0.1886,1.0,-1.0812,0.0,0.0,True,1.4926,0.33819,0.33239,-0.2765,0.1358,1.0,-2.7883,0.0,0.0,True,both_converged
37913,22.5,0.733,0.25657,0.24941,-0.085,0.1806,1.0,-1.1249,0.0,0.0,True,1.5077,0.34395,0.33829,-0.2815,0.1278,1.0,-2.8501,0.0,0.0,True,both_converged
37913,23.0,0.7298,0.25918,0.25207,-0.0878,0.1717,1.0,-1.0844,0.0,0.0,True,1.5245,0.35459,0.34901,-0.2853,0.1231,1.0,-2.91,0.0,0.0,True,both_converged
37913,23.5,0.7385,0.26653,0.25948,-0.0895,0.1651,1.0,-1.0935,0.0,0.0,True,1.5371,0.35637,0.35086,-0.2924,0.115,1.0,-2.8722,0.0,0.0,True,both_converged
37913,24.0,0.7412,0.27129,0.26432,-0.0918,0.1564,1.0,-1.0792,0.0,0.0,True,1.0117,0.34187,0.33707,-0.1916,0.1209,1.0,-1.6422,0.0,0.0,True,both_converged
37913,24.5,0.7497,0.27899,0.27209,-0.0936,0.1512,1.0,-1.097,0.0,0.0,True,1.0158,0.35031,0.34562,-0.1931,0.1127,1.0,-1.6472,0.0,0.0,True,both_converged
37913,25.0,0.7511,0.28343,0.2766,-0.0961,0.1428,1.0,-1.0776,0.0,0.0,True,1.0172,0.35918,0.35455,-0.1952,0.1088,1.0,-1.6018,0.0,0.0,True,both_converged
37913,25.5,0.7616,0.29221,0.28544,-0.0976,0.1377,1.0,-1.103,0.0,0.0,True,1.0184,0.36677,0.36222,-0.1972,0.1011,1.0,-1.5486,0.0,0.0,True,both_converged
37913,26.0,0.7598,0.29579,0.2891,-0.1006,0.1317,1.0,-1.0568,0.0,0.0,True,1.0225,0.37714,0.37264,-0.1986,0.0968,1.0,-1.515,0.0,0.0,True,both_converged
37913,26.5,,,,,,,,,,False,1.0212,0.38394,0.37949,-0.2012,0.0912,1.0,-1.4291,0.0,0.0,True,optimised_only
37913,27.0,0.7693,0.30866,0.3021,-0.105,0.1212,1.0,-1.0588,0.0,0.0,True,,,,,,,,,,False,baseline_only
37913,27.5,0.774,0.31482,0.30835,-0.1072,0.1148,1.0,-1.0611,0.0,0.0,True,1.0247,0.40158,0.39726,-0.2049,0.0833,1.0,-1.3305,0.0,0.0,True,both_converged
37913,28.0,0.7841,0.32453,0.31813,-0.1086,0.1109,1.0,-1.0946,0.0,0.0,True,1.0259,0.40981,0.40555,-0.2068,0.0782,1.0,-1.2847,0.0,0.0,True,both_converged
37913,28.5,0.7809,0.32761,0.32128,-0.1119,0.1069,1.0,-1.0358,0.0,0.0,True,,,,,,,,,,False,baseline_only
37913,29.0,0.7859,0.33411,0.32787,-0.1139,0.101,1.0,-1.0382,0.0,0.0,True,1.0281,0.42739,0.42324,-0.2105,0.0728,1.0,-1.2434,0.0,0.0,True,both_converged
37913,29.5,0.7931,0.34305,0.33688,-0.1156,0.098,1.0,-1.0657,0.0,0.0,True,1.0284,0.43554,0.43148,-0.2126,0.0691,1.0,-1.2258,0.0,0.0,True,both_converged
37913,30.0,0.7912,0.34697,0.34087,-0.1188,0.0949,1.0,-1.0222,0.0,0.0,True,1.0306,0.44475,0.44077,-0.2138,0.0655,1.0,-1.2458,0.0,0.0,True,both_converged
42721,-30.0,,,,,,,,,,False,,,,,,,,,,False,none_converged
42721,-29.5,,,,,,,,,,False,,,,,,,,,,False,none_converged
42721,-29.0,,,,,,,,,,False,-0.5273,0.28963,0.28219,0.0192,1.0,0.0439,-0.8114,0.0,0.0,True,optimised_only
42721,-28.5,-0.5006,0.28394,0.27672,0.028,1.0,0.0606,-0.8594,0.0,0.0,True,-0.519,0.2829,0.2754,0.0166,1.0,0.045,-0.7806,0.0,0.0,True,both_converged
42721,-28.0,-0.4934,0.27931,0.27204,0.025,1.0,0.063,-0.8741,0.0,0.0,True,-0.5113,0.27781,0.27026,0.0139,1.0,0.0461,-0.7718,0.0,0.0,True,both_converged
42721,-27.5,-0.4883,0.27652,0.26919,0.0217,1.0,0.0643,-0.9097,0.0,0.0,True,-0.5037,0.27305,0.26545,0.0112,1.0,0.0473,-0.7665,0.0,0.0,True,both_converged
42721,-27.0,,,,,,,,,,False,-0.496,0.26849,0.26081,0.0084,1.0,0.0486,-0.7618,0.0,0.0,True,optimised_only
42721,-26.5,-0.4696,0.26375,0.25634,0.0166,1.0,0.0675,-0.885,0.0,0.0,True,-0.4884,0.2642,0.25648,0.0057,1.0,0.0499,-0.7594,0.0,0.0,True,both_converged
42721,-26.0,-0.4607,0.2586,0.25114,0.014,1.0,0.0703,-0.8754,0.0,0.0,True,-0.4812,0.26064,0.25287,0.0029,1.0,0.051,-0.7779,0.0,0.0,True,both_converged
42721,-25.5,-0.453,0.25438,0.24687,0.0111,1.0,0.0733,-0.889,0.0,0.0,True,,,,,,,,,,False,baseline_only
42721,-25.0,-0.4503,0.25374,0.24619,0.0077,1.0,0.0749,-0.9458,0.0,0.0,True,,,,,,,,,,False,baseline_only
42721,-24.5,-0.437,0.24487,0.2373,0.0056,1.0,0.0767,-0.9191,0.0,0.0,True,-0.731,0.2934,0.28416,0.0345,1.0,0.0502,-1.3403,0.0,0.0,True,both_converged
42721,-24.0,-0.4261,0.23904,0.23142,0.0034,1.0,0.0798,-0.902,0.0,0.0,True,-0.715,0.29004,0.28079,0.0296,1.0,0.0512,-1.3461,0.0,0.0,True,both_converged
42721,-23.5,-0.4172,0.23449,0.22682,0.0008,1.0,0.0833,-0.9038,0.0,0.0,True,-0.4398,0.23773,0.22982,-0.0087,1.0,0.0567,-0.7628,0.0,0.0,True,both_converged
42721,-23.0,-0.4119,0.23222,0.22452,-0.0023,1.0,0.086,-0.933,0.0,0.0,True,-0.4318,0.23385,0.2259,-0.0109,1.0,0.0585,-0.7698,0.0,0.0,True,both_converged
42721,-22.5,,,,,,,,,,False,-0.4245,0.23071,0.22274,-0.013,1.0,0.0599,-0.796,0.0,0.0,True,optimised_only
42721,-22.0,-0.6539,0.26584,0.25687,0.0282,1.0,0.0856,-1.5164,0.0,0.0,True,-0.4193,0.22929,0.22131,-0.0153,1.0,0.0608,-0.8384,0.0,0.0,True,both_converged
42721,-21.5,,,,,,,,,,False,-0.4158,0.22881,0.22086,-0.0175,1.0,0.0612,-0.8873,0.0,0.0,True,optimised_only
42721,-21.0,-0.6179,0.25233,0.24338,0.0209,1.0,0.0911,-1.4855,0.0,0.0,True,-0.4013,0.21862,0.21065,-0.0182,1.0,0.063,-0.8402,0.0,0.0,True,both_converged
42721,-20.5,-0.6004,0.24683,0.23786,0.0172,1.0,0.0957,-1.4714,0.0,0.0,True,-0.3927,0.21427,0.20631,-0.0194,1.0,0.0652,-0.8375,0.0,0.0,True,both_converged
42721,-20.0,-0.5894,0.24578,0.23684,0.0119,1.0,0.0991,-1.5129,0.0,0.0,True,-0.3853,0.21068,0.20272,-0.0206,1.0,0.0675,-0.8454,0.0,0.0,True,both_converged
42721,-19.5,-0.5712,0.23776,0.22885,0.0085,1.0,0.1011,-1.4931,0.0,0.0,True,-0.379,0.20773,0.19979,-0.0219,1.0,0.0698,-0.8627,0.0,0.0,True,both_converged
42721,-19.0,-0.5493,0.22929,0.22035,0.0062,1.0,0.1061,-1.4292,0.0,0.0,True,-0.3755,0.2068,0.19886,-0.0234,1.0,0.0714,-0.901,0.0,0.0,True,both_converged
42721,-18.5,-0.5361,0.22585,0.21693,0.002,1.0,0.1121,-1.4383,0.0,0.0,True,,,,,,,,,,False,baseline_only
42721,-18.0,-0.5247,0.22171,0.21285,-0.0021,1.0,0.1146,-1.4713,0.0,0.0,True,-0.3604,0.19763,0.18976,-0.0245,1.0,0.0748,-0.8942,0.0,0.0,True,both_converged
42721,-17.5,-0.5001,0.21189,0.20301,-0.0037,1.0,0.1204,-1.4068,0.0,0.0,True,-0.3535,0.19392,0.18608,-0.0248,1.0,0.0781,-0.8852,0.0,0.0,True,both_converged
42721,-17.0,-0.4883,0.20819,0.19934,-0.0075,1.0,0.1266,-1.4244,0.0,0.0,True,-0.3488,0.19132,0.1835,-0.0252,1.0,0.0814,-0.8941,0.0,0.0,True,both_converged
42721,-16.5,-0.4775,0.2033,0.1945,-0.0111,1.0,0.1295,-1.444,0.0,0.0,True,-0.3484,0.19102,0.18325,-0.026,1.0,0.0837,-0.9293,0.0,0.0,True,both_converged
42721,-16.0,-0.4536,0.19441,0.1856,-0.0125,1.0,0.1377,-1.3758,0.0,0.0,True,-0.3552,0.19431,0.18656,-0.027,1.0,0.0845,-0.9935,0.0,0.0,True,both_converged
42721,-15.5,-0.4582,0.19564,0.18692,-0.0171,1.0,0.1433,-1.4499,0.0,0.0,True,-0.4561,0.20149,0.19266,-0.0221,1.0,0.0837,-1.2636,0.0,0.0,True,both_converged
42721,-15.0,-0.4254,0.1825,0.17376,-0.0176,1.0,0.1497,-1.3593,0.0,0.0,True,-0.4571,0.20358,0.19488,-0.0247,1.0,0.0846,-1.3294,0.0,0.0,True,both_converged
42721,-14.5,-0.4201,0.17938,0.17069,-0.0207,1.0,0.1579,-1.3917,0.0,0.0,True,-0.431,0.18854,0.17989,-0.0234,1.0,0.0881,-1.2127,0.0,0.0,True,both_converged
42721,-14.0,-0.4005,0.17087,0.16222,-0.0221,1.0,0.1641,-1.3608,0.0,0.0,True,-0.4199,0.1833,0.17471,-0.0238,1.0,0.0922,-1.1863,0.0,0.0,True,both_converged
42721,-13.5,-0.399,0.16813,0.15955,-0.0247,1.0,0.1742,-1.3913,0.0,0.0,True,-0.4134,0.17989,0.1714,-0.0246,1.0,0.0963,-1.1921,0.0,0.0,True,both_converged
42721,-13.0,-0.3757,0.15882,0.15025,-0.0255,1.0,0.1819,-1.3376,0.0,0.0,True,-0.4178,0.18094,0.17259,-0.026,1.0,0.0981,-1.2743,0.0,0.0,True,both_converged
42721,-12.5,-0.3849,0.15751,0.14905,-0.0282,1.0,0.191,-1.3962,0.0,0.0,True,-0.3988,0.16974,0.16148,-0.0246,1.0,0.1013,-1.2266,0.0,0.0,True,both_converged
42721,-12.0,-0.3553,0.14721,0.13876,-0.0281,1.0,0.2023,-1.3238,0.0,0.0,True,-0.3902,0.16439,0.15621,-0.0236,1.0,0.1063,-1.2214,0.0,0.0,True,both_converged
42721,-11.5,-0.3489,0.1415,0.13314,-0.0293,1.0,0.2126,-1.3336,0.0,0.0,True,-0.3897,0.16175,0.15369,-0.0234,1.0,0.1112,-1.262,0.0,0.0,True,both_converged
42721,-11.0,-0.3639,0.14011,0.1319,-0.031,1.0,0.2244,-1.3975,0.0,0.0,True,-0.4048,0.16414,0.15627,-0.0235,1.0,0.1129,-1.3611,0.0,0.0,True,both_converged
42721,-10.5,-0.3364,0.13072,0.12252,-0.0302,1.0,0.2386,-1.3305,0.0,0.0,True,-0.3788,0.15108,0.14326,-0.0207,1.0,0.1198,-1.2742,0.0,0.0,True,both_converged
42721,-10.0,-0.3265,0.12448,0.11637,-0.0297,1.0,0.2534,-1.3083,0.0,0.0,True,-0.3813,0.14852,0.14084,-0.0195,1.0,0.1263,-1.3098,0.0,0.0,True,both_converged
42721,-9.5,-0.3213,0.11894,0.11095,-0.0289,1.0,0.2694,-1.2966,0.0,0.0,True,-0.4034,0.15124,0.14378,-0.0186,1.0,0.1282,-1.4116,0.0,0.0,True,both_converged
42721,-9.0,-0.3186,0.11363,0.10576,-0.0276,1.0,0.2851,-1.2974,0.0,0.0,True,-0.3753,0.13844,0.13101,-0.0156,1.0,0.1359,-1.323,0.0,0.0,True,both_converged
42721,-8.5,-0.3198,0.10884,0.10113,-0.0255,1.0,0.3039,-1.2981,0.0,0.0,True,-0.3833,0.13653,0.12925,-0.0138,1.0,0.1423,-1.365,0.0,0.0,True,both_converged
42721,-8.0,-0.3349,0.10555,0.09806,-0.0222,1.0,0.3249,-1.3185,0.0,0.0,True,-0.4144,0.13937,0.13234,-0.011,1.0,0.144,-1.4658,0.0,0.0,True,both_converged
42721,-7.5,-0.3639,0.10333,0.09611,-0.0171,1.0,0.3436,-1.3555,0.0,0.0,True,-0.3814,0.12662,0.11961,-0.0086,1.0,0.1532,-1.3704,0.0,0.0,True,both_converged
42721,-7.0,-0.337,0.09561,0.08844,-0.0136,1.0,0.3714,-1.2798,0.0,0.0,True,-0.4032,0.12649,0.11968,-0.0053,1.0,0.159,-1.4326,0.0,0.0,True,both_converged
42721,-6.5,-0.3815,0.09448,0.08762,-0.0052,1.0,0.3941,-1.3268,0.0,0.0,True,-0.3968,0.11969,0.11301,-0.0026,1.0,0.1646,-1.4152,0.0,0.0,True,both_converged
42721,-6.0,-0.3941,0.09057,0.08388,0.002,1.0,0.4282,-1.3184,0.0,0.0,True,-0.3997,0.11721,0.11067,-0.0028,1.0,0.1751,-1.4434,0.0,0.0,True,both_converged
42721,-5.5,-0.3758,0.08449,0.07788,0.0077,1.0,0.4743,-1.2629,0.0,0.0,True,-0.3895,0.11027,0.10384,-0.0001,1.0,0.1846,-1.4092,0.0,0.0,True,both_converged
42721,-5.0,-0.3883,0.08105,0.07461,0.0168,1.0,0.5291,-1.2452,0.0,0.0,True,-0.3801,0.10571,0.09942,-0.0026,1.0,0.1957,-1.4212,0.0,0.0,True,both_converged
42721,-4.5,,,,,,,,,,False,-0.3581,0.10111,0.0949,-0.0084,1.0,0.2103,-1.4204,0.0,0.0,True,optimised_only
42721,-4.0,-0.3615,0.05029,0.04222,-0.0419,1.0,0.2191,-1.8196,0.0,0.0,True,-0.3298,0.09503,0.08888,-0.0125,1.0,0.2268,-1.3843,0.0,0.0,True,both_converged
42721,-3.5,-0.3035,0.04322,0.03394,-0.0487,1.0,0.2244,-1.7949,0.0,0.0,True,-0.3055,0.08801,0.08193,-0.0121,1.0,0.2459,-1.3184,0.0,0.0,True,both_converged
42721,-3.0,-0.2539,0.03949,0.02961,-0.0507,1.0,0.2418,-1.6853,0.0,0.0,True,-0.252,0.08235,0.07627,-0.0226,1.0,0.2771,-1.2857,0.0,0.0,True,both_converged
42721,-2.5,-0.2085,0.03713,0.02703,-0.0513,1.0,0.2659,-1.5543,0.0,0.0,True,-0.2206,0.07527,0.06924,-0.0218,1.0,0.3017,-1.237,0.0,0.0,True,both_converged
42721,-2.0,-0.1611,0.03545,0.025,-0.0522,1.0,0.2998,-1.424,0.0,0.0,True,-0.1561,0.06902,0.06297,-0.0315,1.0,0.3463,-1.1758,0.0,0.0,True,both_converged
42721,-1.5,-0.1151,0.03447,0.02382,-0.0527,1.0,0.3473,-1.2943,0.0,0.0,True,,,,,,,,,,False,baseline_only
42721,-1.0,-0.0683,0.03399,0.02337,-0.0532,1.0,0.418,-1.1576,0.0,0.0,True,0.2574,0.04578,0.03807,-0.124,1.0,0.2527,-1.0359,0.0,0.0,True,both_converged
42721,-0.5,-0.019,0.03348,0.02357,-0.0536,1.0,0.5549,-1.0231,0.0,0.0,True,0.3807,0.04187,0.03354,-0.1409,1.0,0.3127,-0.8436,0.0,0.0,True,both_converged
42721,0.0,0.0567,0.03329,0.02389,-0.0585,0.9778,1.0,-0.8673,0.0,0.0,True,,,,,,,,,,False,baseline_only
42721,0.5,0.1406,0.03591,0.02572,-0.0668,0.951,1.0,-0.6863,0.0,0.0,True,0.5312,0.04008,0.03159,-0.149,1.0,0.4695,-0.8566,0.0,0.0,True,both_converged
42721,1.0,0.2197,0.03846,0.02776,-0.0737,0.9255,1.0,-0.5471,0.0,0.0,True,0.6033,0.03965,0.03124,-0.1521,1.0,0.5536,-0.9665,0.0,0.0,True,both_converged
42721,1.5,0.2793,0.0407,0.02969,-0.0772,0.9,1.0,-0.5833,0.0,0.0,True,0.7986,0.02973,0.02185,-0.1674,0.6295,0.7098,-1.1995,0.0,0.0,True,both_converged
42721,2.0,0.3413,0.0431,0.03186,-0.0809,0.876,1.0,-0.6237,0.0,0.0,True,0.9256,0.02901,0.01799,-0.175,0.3986,1.0,-1.3821,0.0,0.0,True,both_converged
42721,2.5,0.393,0.04551,0.03412,-0.0828,0.8523,1.0,-0.6595,0.0,0.0,True,1.0566,0.0322,0.02005,-0.1894,0.3549,1.0,-1.5782,0.0,0.0,True,both_converged
42721,3.0,0.4533,0.04806,0.03656,-0.0858,0.8299,1.0,-0.705,0.0,0.0,True,1.145,0.03517,0.02271,-0.1951,0.3287,1.0,-1.7365,0.0,0.0,True,both_converged
42721,3.5,0.4888,0.05082,0.03929,-0.0855,0.8073,1.0,-0.7344,0.0,0.0,True,1.2122,0.03864,0.02625,-0.1966,0.3132,1.0,-1.8654,0.0,0.0,True,both_converged
42721,4.0,0.5402,0.0536,0.04207,-0.0871,0.7853,1.0,-0.7809,0.0,0.0,True,1.2688,0.04258,0.03035,-0.1964,0.2984,1.0,-1.9942,0.0,0.0,True,both_converged
42721,4.5,0.5805,0.05671,0.04521,-0.0874,0.7638,1.0,-0.8242,0.0,0.0,True,1.3215,0.04702,0.03515,-0.1955,0.2887,1.0,-2.1094,0.0,0.0,True,both_converged
42721,5.0,0.6101,0.06017,0.04875,-0.0866,0.7423,1.0,-0.8649,0.0,0.0,True,1.3649,0.05191,0.0407,-0.1932,0.2799,1.0,-2.21,0.0,0.0,True,both_converged
42721,5.5,0.6573,0.06339,0.05208,-0.0875,0.72,1.0,-0.9369,0.0,0.0,True,1.4042,0.05774,0.04728,-0.1906,0.277,1.0,-2.2887,0.0,0.0,True,both_converged
42721,6.0,0.6836,0.06734,0.05615,-0.0866,0.6979,1.0,-0.9967,0.0,0.0,True,1.4416,0.06471,0.05454,-0.1882,0.2703,1.0,-2.3987,0.0,0.0,True,both_converged
42721,6.5,0.7117,0.07134,0.06031,-0.0858,0.6746,1.0,-1.0702,0.0,0.0,True,1.4556,0.07301,0.06406,-0.1838,0.283,1.0,-2.3837,0.0,0.0,True,both_converged
42721,7.0,0.7456,0.07527,0.06442,-0.0852,0.6492,1.0,-1.1647,0.0,0.0,True,1.4671,0.08359,0.07544,-0.181,0.3025,1.0,-2.3727,0.0,0.0,True,both_converged
42721,7.5,0.7944,0.07841,0.0678,-0.085,0.6199,1.0,-1.3033,0.0,0.0,True,1.0296,0.13759,0.13059,-0.2154,0.7289,1.0,-1.191,0.0,0.0,True,both_converged
42721,8.0,0.8215,0.08236,0.07198,-0.0833,0.5894,1.0,-1.4123,0.0,0.0,True,1.0695,0.14238,0.13536,-0.2122,0.6439,1.0,-1.2568,0.0,0.0,True,both_converged
42721,8.5,0.8593,0.08544,0.07532,-0.0813,0.5545,1.0,-1.5592,0.0,0.0,True,1.1149,0.14785,0.14081,-0.2084,0.564,1.0,-1.3488,0.0,0.0,True,both_converged
42721,9.0,0.8735,0.08993,0.08005,-0.0787,0.5186,1.0,-1.6563,0.0,0.0,True,1.1805,0.15436,0.14738,-0.2035,0.4893,1.0,-1.4898,0.0,0.0,True,both_converged
42721,9.5,0.9432,0.08879,0.07931,-0.0746,0.4738,1.0,-1.9314,0.0,0.0,True,1.2001,0.16107,0.15409,-0.1991,0.4392,1.0,-1.5544,0.0,0.0,True,both_converged
42721,10.0,0.9422,0.0944,0.08513,-0.0716,0.4336,1.0,-1.9939,0.0,0.0,True,1.1842,0.16717,0.16015,-0.1971,0.3983,1.0,-1.537,0.0,0.0,True,both_converged
42721,10.5,0.9924,0.09314,0.08424,-0.0658,0.3855,1.0,-2.2461,0.0,0.0,True,1.1946,0.17457,0.16754,-0.1957,0.3641,1.0,-1.5713,0.0,0.0,True,both_converged
42721,11.0,1.3349,0.05065,0.0413,-0.0486,0.2459,1.0,-3.699,0.0,0.0,True,1.2171,0.18298,0.176,-0.1947,0.339,1.0,-1.6338,0.0,0.0,True,both_converged
42721,11.5,1.3622,0.05497,0.04536,-0.0448,0.2085,1.0,-3.8978,0.0,0.0,True,1.2301,0.19199,0.18506,-0.1951,0.3193,1.0,-1.6627,0.0,0.0,True,both_converged
42721,12.0,,,,,,,,,,False,1.2228,0.19811,0.19115,-0.198,0.2987,1.0,-1.6379,0.0,0.0,True,optimised_only
42721,12.5,1.3469,0.06828,0.05941,-0.0348,0.1766,1.0,-4.0097,0.0,0.0,True,1.2335,0.206,0.19907,-0.1999,0.2827,1.0,-1.6597,0.0,0.0,True,both_converged
42721,13.0,1.2863,0.0791,0.07084,-0.0312,0.1748,1.0,-3.86,0.0,0.0,True,1.2561,0.21582,0.20896,-0.2005,0.2689,1.0,-1.7134,0.0,0.0,True,both_converged
42721,13.5,1.1932,0.09723,0.08938,-0.0346,0.1796,1.0,-3.5379,0.0,0.0,True,1.2811,0.22632,0.21957,-0.2006,0.253,1.0,-1.7877,0.0,0.0,True,both_converged
42721,14.0,0.9494,0.15935,0.15106,-0.0727,0.2271,1.0,-2.1532,0.0,0.0,True,1.2676,0.22816,0.22138,-0.2076,0.2405,1.0,-1.7161,0.0,0.0,True,both_converged
42721,14.5,,,,,,,,,,False,1.2777,0.2356,0.22885,-0.2114,0.232,1.0,-1.7172,0.0,0.0,True,optimised_only
42721,15.0,0.8899,0.1934,0.18504,-0.0961,0.327,1.0,-1.6533,0.0,0.0,True,1.3174,0.25133,0.24477,-0.2093,0.2193,1.0,-1.8523,0.0,0.0,True,both_converged
42721,15.5,0.9059,0.20139,0.1931,-0.0984,0.3136,1.0,-1.6692,0.0,0.0,True,1.302,0.24898,0.24237,-0.2187,0.21,1.0,-1.7485,0.0,0.0,True,both_converged
42721,16.0,0.9205,0.20875,0.20051,-0.1008,0.2986,1.0,-1.6897,0.0,0.0,True,1.3371,0.2653,0.25884,-0.2177,0.2022,1.0,-1.8622,0.0,0.0,True,both_converged
42721,16.5,0.941,0.21737,0.20921,-0.103,0.2847,1.0,-1.7233,0.0,0.0,True,1.3298,0.26294,0.25646,-0.2264,0.1928,1.0,-1.7842,0.0,0.0,True,both_converged
42721,17.0,0.9616,0.22602,0.21793,-0.1051,0.2701,1.0,-1.7579,0.0,0.0,True,1.3636,0.28044,0.27414,-0.2253,0.1855,1.0,-1.9012,0.0,0.0,True,both_converged
42721,17.5,0.9712,0.23119,0.22314,-0.1083,0.2561,1.0,-1.7637,0.0,0.0,True,1.3581,0.27663,0.27032,-0.2349,0.1784,1.0,-1.8159,0.0,0.0,True,both_converged
42721,18.0,0.9785,0.23588,0.22783,-0.1124,0.2431,1.0,-1.7523,0.0,0.0,True,1.3926,0.29559,0.2895,-0.233,0.1698,1.0,-2.1377,0.0,0.0,True,both_converged
42721,18.5,0.9895,0.24188,0.23385,-0.1164,0.2324,1.0,-1.7454,0.0,0.0,True,1.3882,0.29069,0.28454,-0.2434,0.1652,1.0,-2.0758,0.0,0.0,True,both_converged
42721,19.0,1.006,0.24892,0.24093,-0.1197,0.2211,1.0,-1.7665,0.0,0.0,True,1.405,0.29779,0.29178,-0.2469,0.1571,1.0,-2.2316,0.0,0.0,True,both_converged
42721,19.5,1.0346,0.26053,0.25262,-0.1209,0.21,1.0,-1.8498,0.0,0.0,True,1.423,0.30838,0.30247,-0.2501,0.1527,1.0,-2.3918,0.0,0.0,True,both_converged
42721,20.0,1.0405,0.26252,0.25464,-0.1261,0.1981,1.0,-1.8268,0.0,0.0,True,1.4322,0.30979,0.30394,-0.2575,0.1458,1.0,-2.4335,0.0,0.0,True,both_converged
42721,20.5,1.0515,0.26779,0.2599,-0.1309,0.1888,1.0,-1.8148,0.0,0.0,True,1.4601,0.3289,0.32328,-0.2563,0.1389,1.0,-2.7219,0.0,0.0,True,both_converged
42721,21.0,1.0779,0.27941,0.27161,-0.1324,0.1805,1.0,-1.8958,0.0,0.0,True,1.4629,0.32402,0.31837,-0.2667,0.1355,1.0,-2.6575,0.0,0.0,True,both_converged
42721,21.5,1.0849,0.28092,0.27313,-0.1382,0.1699,1.0,-1.8747,0.0,0.0,True,1.4782,0.32998,0.32446,-0.2714,0.1279,1.0,-2.7573,0.0,0.0,True,both_converged
42721,22.0,1.099,0.28716,0.27939,-0.1427,0.1631,1.0,-1.8818,0.0,0.0,True,1.0009,0.30975,0.30485,-0.1844,0.1314,1.0,-1.5539,0.0,0.0,True,both_converged
42721,22.5,1.1191,0.29506,0.28737,-0.1455,0.1539,1.0,-1.9328,0.0,0.0,True,1.0154,0.32186,0.31711,-0.1844,0.1246,1.0,-1.7049,0.0,0.0,True,both_converged
42721,23.0,1.1289,0.29906,0.29136,-0.1516,0.1479,1.0,-1.9084,0.0,0.0,True,1.0078,0.32561,0.32092,-0.1879,0.1216,1.0,-1.6466,0.0,0.0,True,both_converged
42721,23.5,1.1529,0.31006,0.30249,-0.1531,0.1389,1.0,-2.0086,0.0,0.0,True,1.0105,0.33294,0.32836,-0.1898,0.1139,1.0,-1.6685,0.0,0.0,True,both_converged
42721,24.0,1.1593,0.31105,0.30345,-0.1605,0.1342,1.0,-1.9542,0.0,0.0,True,1.0165,0.34342,0.33891,-0.191,0.1098,1.0,-1.6978,0.0,0.0,True,both_converged
42721,24.5,1.1772,0.31805,0.31052,-0.1639,0.1267,1.0,-2.002,0.0,0.0,True,1.014,0.34918,0.34475,-0.1939,0.103,1.0,-1.6282,0.0,0.0,True,both_converged
42721,25.0,1.1906,0.32396,0.31644,-0.1691,0.1226,1.0,-1.9984,0.0,0.0,True,1.0223,0.36106,0.35672,-0.1945,0.0973,1.0,-1.6459,0.0,0.0,True,both_converged
42721,25.5,1.2044,0.3283,0.32083,-0.1742,0.115,1.0,-2.0065,0.0,0.0,True,1.0179,0.36633,0.36204,-0.1978,0.0918,1.0,-1.5289,0.0,0.0,True,both_converged
42721,26.0,1.2264,0.34239,0.33501,-0.1758,0.111,1.0,-2.109,0.0,0.0,True,,,,,,,,,,False,baseline_only
42721,26.5,1.2323,0.33948,0.3321,-0.1844,0.1066,1.0,-2.0357,0.0,0.0,True,1.6264,0.39591,0.39098,-0.3243,0.0738,1.0,-2.5934,0.0,0.0,True,both_converged
42721,27.0,1.2485,0.34604,0.33873,-0.1882,0.1005,1.0,-2.0861,0.0,0.0,True,1.6398,0.39898,0.3941,-0.3314,0.0697,1.0,-2.5132,0.0,0.0,True,both_converged
42721,27.5,1.2638,0.35446,0.34721,-0.1923,0.0976,1.0,-2.116,0.0,0.0,True,1.6539,0.40707,0.40227,-0.3351,0.0656,1.0,-2.5601,0.0,0.0,True,both_converged
42721,28.0,1.274,0.3555,0.34827,-0.1994,0.0929,1.0,-2.0728,0.0,0.0,True,1.0261,0.4096,0.40557,-0.2073,0.0705,1.0,-1.2617,0.0,0.0,True,both_converged
42721,28.5,1.2891,0.36186,0.35472,-0.2035,0.0883,1.0,-2.1105,0.0,0.0,True,1.028,0.4182,0.41424,-0.2089,0.0666,1.0,-1.2603,0.0,0.0,True,both_converged
42721,29.0,1.3057,0.37375,0.36666,-0.2064,0.0859,1.0,-2.1816,0.0,0.0,True,1.0311,0.42861,0.42469,-0.2101,0.0644,1.0,-1.2804,0.0,0.0,True,both_converged
42721,29.5,1.3138,0.37126,0.3642,-0.2148,0.0824,1.0,-2.1195,0.0,0.0,True,1.0289,0.43545,0.4316,-0.2129,0.0622,1.0,-1.2243,0.0,0.0,True,both_converged
42721,30.0,1.3269,0.37631,0.36933,-0.2197,0.0778,1.0,-2.1517,0.0,0.0,True,1.0295,0.44375,0.43997,-0.2147,0.0586,1.0,-1.2154,0.0,0.0,True,both_converged
47599,-30.0,,,,,,,,,,False,,,,,,,,,,False,none_converged
47599,-29.5,-0.515,0.29357,0.28682,0.0339,1.0,0.0515,-0.8613,0.0,0.0,True,-0.8845,0.34449,0.33605,0.0819,1.0,0.0367,-1.5285,0.0,0.0,True,both_converged
47599,-29.0,-0.5079,0.28856,0.28176,0.0309,1.0,0.0534,-0.8618,0.0,0.0,True,-0.525,0.28644,0.27937,0.0196,1.0,0.0404,-0.7788,0.0,0.0,True,both_converged
47599,-28.5,-0.5016,0.2845,0.27764,0.0277,1.0,0.0549,-0.8831,0.0,0.0,True,-0.5178,0.28175,0.27463,0.0167,1.0,0.0415,-0.771,0.0,0.0,True,both_converged
47599,-28.0,,,,,,,,,,False,-0.5106,0.27726,0.27008,0.0138,1.0,0.0424,-0.7738,0.0,0.0,True,optimised_only
47599,-27.5,,,,,,,,,,False,-0.5034,0.2732,0.26597,0.0108,1.0,0.0431,-0.7829,0.0,0.0,True,optimised_only
47599,-27.0,-0.4769,0.26793,0.26094,0.0196,1.0,0.0599,-0.8793,0.0,0.0,True,,,,,,,,,,False,baseline_only
47599,-26.5,-0.4689,0.26313,0.2561,0.0167,1.0,0.0623,-0.8833,0.0,0.0,True,-0.7943,0.31292,0.30425,0.0529,1.0,0.0411,-1.3801,0.0,0.0,True,both_converged
47599,-26.0,-0.4626,0.25972,0.25264,0.0135,1.0,0.064,-0.9063,0.0,0.0,True,-0.7784,0.30803,0.29934,0.0481,1.0,0.0421,-1.3763,0.0,0.0,True,both_converged
47599,-25.5,,,,,,,,,,False,-0.7624,0.30363,0.2949,0.0432,1.0,0.043,-1.3792,0.0,0.0,True,optimised_only
47599,-25.0,-0.4439,0.24818,0.24103,0.0085,1.0,0.0672,-0.9018,0.0,0.0,True,-0.7467,0.30077,0.29202,0.0379,1.0,0.0435,-1.3969,0.0,0.0,True,both_converged
47599,-24.5,-0.4343,0.24313,0.23594,0.006,1.0,0.0705,-0.898,0.0,0.0,True,-0.4553,0.24553,0.23806,-0.0044,1.0,0.0491,-0.7704,0.0,0.0,True,both_converged
47599,-24.0,-0.4266,0.23916,0.23192,0.0031,1.0,0.0735,-0.9154,0.0,0.0,True,-0.4474,0.24173,0.23424,-0.0069,1.0,0.0504,-0.7765,0.0,0.0,True,both_converged
47599,-23.5,-0.4242,0.23862,0.23135,-0.0003,1.0,0.0749,-0.9695,0.0,0.0,True,-0.4405,0.23897,0.23144,-0.0094,1.0,0.0512,-0.7918,0.0,0.0,True,both_converged
47599,-23.0,-0.4101,0.22986,0.22258,-0.0022,1.0,0.0766,-0.9347,0.0,0.0,True,,,,,,,,,,False,baseline_only
47599,-22.5,-0.3983,0.22404,0.21672,-0.0043,1.0,0.0798,-0.9073,0.0,0.0,True,-0.6638,0.27137,0.26256,0.0179,1.0,0.0496,-1.2843,0.0,0.0,True,both_converged
47599,-22.0,-0.3894,0.21983,0.21247,-0.0068,1.0,0.0839,-0.9212,0.0,0.0,True,-0.6474,0.26714,0.25833,0.0136,1.0,0.0508,-1.3054,0.0,0.0,True,both_converged
47599,-21.5,-0.3884,0.21992,0.21253,-0.0101,1.0,0.0865,-0.9871,0.0,0.0,True,-0.6325,0.26509,0.25628,0.0089,1.0,0.0515,-1.3501,0.0,0.0,True,both_converged
47599,-21.0,-0.3736,0.21148,0.20409,-0.0118,1.0,0.0887,-0.9615,0.0,0.0,True,-0.399,0.21725,0.20968,-0.0181,1.0,0.0578,-0.8234,0.0,0.0,True,both_converged
47599,-20.5,-0.3612,0.20585,0.19844,-0.0136,1.0,0.0927,-0.9398,0.0,0.0,True,-0.3923,0.21421,0.20664,-0.0197,1.0,0.0595,-0.8464,0.0,0.0,True,both_converged
47599,-20.0,-0.3532,0.20219,0.19475,-0.016,1.0,0.0971,-0.9503,0.0,0.0,True,-0.3879,0.21286,0.2053,-0.0214,1.0,0.0606,-0.8882,0.0,0.0,True,both_converged
47599,-19.5,-0.3564,0.20389,0.19643,-0.0192,1.0,0.0995,-1.0204,0.0,0.0,True,,,,,,,,,,False,baseline_only
47599,-19.0,-0.3354,0.19325,0.18579,-0.0202,1.0,0.1033,-0.9572,0.0,0.0,True,-0.3725,0.20377,0.19626,-0.0232,1.0,0.0628,-0.8932,0.0,0.0,True,both_converged
47599,-18.5,-0.3252,0.1889,0.18142,-0.022,1.0,0.1091,-0.9578,0.0,0.0,True,-0.3646,0.19962,0.19213,-0.0237,1.0,0.065,-0.8823,0.0,0.0,True,both_converged
47599,-18.0,-0.3272,0.18941,0.18192,-0.0247,1.0,0.113,-1.0239,0.0,0.0,True,-0.3584,0.19639,0.18892,-0.0243,1.0,0.0677,-0.8856,0.0,0.0,True,both_converged
47599,-17.5,-0.3125,0.18179,0.17431,-0.0261,1.0,0.1159,-1.0043,0.0,0.0,True,-0.3542,0.19421,0.18677,-0.0251,1.0,0.0704,-0.9053,0.0,0.0,True,both_converged
47599,-17.0,-0.2996,0.17649,0.169,-0.0272,1.0,0.122,-0.9801,0.0,0.0,True,-0.3557,0.19529,0.18787,-0.0262,1.0,0.0717,-0.9599,0.0,0.0,True,both_converged
47599,-16.5,-0.3045,0.17737,0.16988,-0.0296,1.0,0.1276,-1.0409,0.0,0.0,True,,,,,,,,,,False,baseline_only
47599,-16.0,-0.2871,0.16923,0.16175,-0.0304,1.0,0.1322,-0.997,0.0,0.0,True,-0.3397,0.18434,0.17703,-0.0254,1.0,0.0762,-0.9109,0.0,0.0,True,both_converged
47599,-15.5,-0.2793,0.16555,0.15806,-0.0315,1.0,0.1396,-1.0026,0.0,0.0,True,-0.3357,0.18147,0.17419,-0.0251,1.0,0.0794,-0.908,0.0,0.0,True,both_converged
47599,-15.0,-0.299,0.17017,0.16269,-0.0336,1.0,0.1433,-1.1134,0.0,0.0,True,-0.3347,0.17981,0.17256,-0.0251,1.0,0.0825,-0.9252,0.0,0.0,True,both_converged
47599,-14.5,-0.2672,0.15787,0.1504,-0.0335,1.0,0.1507,-1.0252,0.0,0.0,True,-0.3401,0.18114,0.17394,-0.0256,1.0,0.0841,-0.9785,0.0,0.0,True,both_converged
47599,-14.0,-0.2791,0.1591,0.15165,-0.0349,1.0,0.1584,-1.094,0.0,0.0,True,-0.3365,0.1765,0.16939,-0.025,1.0,0.0854,-0.9773,0.0,0.0,True,both_converged
47599,-13.5,-0.2604,0.15098,0.14355,-0.0349,1.0,0.1651,-1.0471,0.0,0.0,True,-0.3263,0.16977,0.16271,-0.0233,1.0,0.0891,-0.9296,0.0,0.0,True,both_converged
47599,-13.0,-0.2665,0.1495,0.14212,-0.0358,1.0,0.174,-1.0853,0.0,0.0,True,-0.3235,0.16631,0.15931,-0.0224,1.0,0.0932,-0.9445,0.0,0.0,True,both_converged
47599,-12.5,-0.2535,0.14261,0.13528,-0.0357,1.0,0.1804,-1.065,0.0,0.0,True,-0.3261,0.16448,0.15753,-0.022,1.0,0.0968,-0.9932,0.0,0.0,True,both_converged
47599,-12.0,-0.2665,0.14129,0.13402,-0.0362,1.0,0.1907,-1.1238,0.0,0.0,True,-0.3392,0.16585,0.15898,-0.0223,1.0,0.0981,-1.0861,0.0,0.0,True,both_converged
47599,-11.5,-0.2467,0.13336,0.12613,-0.0351,1.0,0.2011,-1.0755,0.0,0.0,True,-0.3215,0.15544,0.14866,-0.0198,1.0,0.1018,-1.0308,0.0,0.0,True,both_converged
47599,-11.0,-0.2672,0.13129,0.1242,-0.0355,1.0,0.2088,-1.1502,0.0,0.0,True,-0.3183,0.1511,0.14439,-0.0183,1.0,0.1073,-1.0361,0.0,0.0,True,both_converged
47599,-10.5,-0.2526,0.12463,0.11758,-0.0339,1.0,0.2223,-1.1057,0.0,0.0,True,-0.3258,0.14958,0.14296,-0.0178,1.0,0.1119,-1.0976,0.0,0.0,True,both_converged
47599,-10.0,-0.2461,0.1187,0.11173,-0.0323,1.0,0.2344,-1.0825,0.0,0.0,True,-0.3257,0.1446,0.13808,-0.0166,1.0,0.1146,-1.1239,0.0,0.0,True,both_converged
47599,-9.5,-0.2518,0.1139,0.10706,-0.0307,1.0,0.2464,-1.1016,0.0,0.0,True,-0.3169,0.13844,0.13199,-0.0143,1.0,0.1217,-1.0959,0.0,0.0,True,both_converged
47599,-9.0,-0.2869,0.11257,0.10595,-0.0286,1.0,0.2583,-1.1813,0.0,0.0,True,-0.3261,0.13652,0.13018,-0.0134,1.0,0.1271,-1.1527,0.0,0.0,True,both_converged
47599,-8.5,-0.2773,0.10604,0.09951,-0.0254,1.0,0.2743,-1.1469,0.0,0.0,True,-0.3296,0.13193,0.12572,-0.012,1.0,0.1297,-1.1857,0.0,0.0,True,both_converged
47599,-8.0,-0.2839,0.10127,0.09489,-0.0218,1.0,0.291,-1.1428,0.0,0.0,True,-0.3189,0.12515,0.119,-0.0094,1.0,0.137,-1.1487,0.0,0.0,True,both_converged
47599,-7.5,-0.2971,0.09707,0.09086,-0.0175,1.0,0.3083,-1.1477,0.0,0.0,True,-0.3329,0.12333,0.11732,-0.0079,1.0,0.1429,-1.2066,0.0,0.0,True,both_converged
47599,-7.0,-0.3141,0.0931,0.08706,-0.0127,1.0,0.3255,-1.1554,0.0,0.0,True,-0.3986,0.12437,0.1179,-0.0054,1.0,0.1421,-1.4293,0.0,0.0,True,both_converged
47599,-6.5,-0.3359,0.08939,0.08353,-0.0073,1.0,0.3428,-1.168,0.0,0.0,True,-0.4093,0.12175,0.11548,-0.0047,1.0,0.1452,-1.4859,0.0,0.0,True,both_converged
47599,-6.0,-0.4249,0.09002,0.08383,-0.0028,1.0,0.3616,-1.4119,0.0,0.0,True,-0.3965,0.11442,0.1082,-0.001,1.0,0.1539,-1.429,0.0,0.0,True,both_converged
47599,-5.5,-0.4248,0.08519,0.0791,0.0034,1.0,0.3924,-1.3794,0.0,0.0,True,-0.394,0.11173,0.10567,-0.0057,1.0,0.1611,-1.4912,0.0,0.0,True,both_converged
47599,-5.0,-0.4409,0.08124,0.07532,0.0095,1.0,0.4303,-1.3768,0.0,0.0,True,-0.3799,0.10546,0.09948,-0.004,1.0,0.1744,-1.4441,0.0,0.0,True,both_converged
47599,-4.5,,,,,,,,,,False,-0.364,0.09894,0.09306,-0.0036,1.0,0.1852,-1.4073,0.0,0.0,True,optimised_only
47599,-4.0,-0.3557,0.04761,0.03968,-0.0446,1.0,0.2002,-1.8705,0.0,0.0,True,-0.3383,0.093,0.08718,-0.0079,1.0,0.1985,-1.3836,0.0,0.0,True,both_converged
47599,-3.5,-0.2987,0.04108,0.03192,-0.0501,1.0,0.2073,-1.8356,0.0,0.0,True,-0.3041,0.08678,0.081,-0.0131,1.0,0.2155,-1.3364,0.0,0.0,True,both_converged
47599,-3.0,-0.2494,0.03777,0.02796,-0.0519,1.0,0.2245,-1.7198,0.0,0.0,True,-0.2479,0.08069,0.07492,-0.0248,1.0,0.2445,-1.2964,0.0,0.0,True,both_converged
47599,-2.5,-0.2047,0.0357,0.02573,-0.0523,1.0,0.2475,-1.581,0.0,0.0,True,-0.2069,0.07405,0.06829,-0.0272,1.0,0.2685,-1.2463,0.0,0.0,True,both_converged
47599,-2.0,-0.1582,0.03432,0.02403,-0.053,1.0,0.2799,-1.4454,0.0,0.0,True,,,,,,,,,,False,baseline_only
47599,-1.5,-0.113,0.03361,0.02315,-0.0535,1.0,0.3243,-1.3107,0.0,0.0,True,,,,,,,,,,False,baseline_only
47599,-1.0,-0.0375,0.03335,0.02299,-0.059,0.9893,0.4125,-1.1254,0.0,0.0,True,0.3043,0.04267,0.03493,-0.1361,1.0,0.2379,-1.0463,0.0,0.0,True,both_converged
47599,-0.5,0.0496,0.03196,0.02351,-0.0638,0.9705,0.7299,-0.9333,0.0,0.0,True,0.4029,0.0402,0.03204,-0.1462,1.0,0.2986,-0.8422,0.0,0.0,True,both_converged
47599,0.0,0.133,0.0332,0.02391,-0.0712,0.9426,1.0,-0.7599,0.0,0.0,True,0.4763,0.03946,0.0312,-0.15,1.0,0.3717,-0.7663,0.0,0.0,True,both_converged
47599,0.5,0.2004,0.03504,0.02519,-0.0757,0.9162,1.0,-0.6083,0.0,0.0,True,0.5444,0.03914,0.03094,-0.1523,1.0,0.4488,-0.8673,0.0,0.0,True,both_converged
47599,1.0,0.27,0.03697,0.02672,-0.0803,0.8916,1.0,-0.5819,0.0,0.0,True,0.7893,0.02974,0.02184,-0.1785,0.8476,0.6201,-1.1552,0.0,0.0,True,both_converged
47599,1.5,0.3323,0.03884,0.02832,-0.0835,0.8671,1.0,-0.6223,0.0,0.0,True,0.8796,0.02841,0.01748,-0.178,0.4053,0.712,-1.2966,0.0,0.0,True,both_converged
47599,2.0,0.3913,0.04081,0.03009,-0.0859,0.8438,1.0,-0.6631,0.0,0.0,True,0.9478,0.02869,0.01768,-0.1791,0.3663,1.0,-1.416,0.0,0.0,True,both_converged
47599,2.5,0.4421,0.04288,0.03204,-0.0871,0.8204,1.0,-0.7006,0.0,0.0,True,1.0733,0.03156,0.01969,-0.1927,0.3311,1.0,-1.6073,0.0,0.0,True,both_converged
47599,3.0,0.5077,0.0448,0.03389,-0.09,0.7992,1.0,-0.7534,0.0,0.0,True,1.1521,0.03458,0.02237,-0.1968,0.3091,1.0,-1.7594,0.0,0.0,True,both_converged
47599,3.5,0.5382,0.04748,0.03654,-0.0886,0.7759,1.0,-0.7812,0.0,0.0,True,1.2136,0.03792,0.02578,-0.1974,0.2938,1.0,-1.8851,0.0,0.0,True,both_converged
47599,4.0,0.5871,0.04987,0.03895,-0.0892,0.7542,1.0,-0.8289,0.0,0.0,True,1.2702,0.04174,0.02978,-0.1971,0.2814,1.0,-2.0147,0.0,0.0,True,both_converged
47599,4.5,0.64,0.05223,0.04136,-0.0901,0.7332,1.0,-0.8895,0.0,0.0,True,1.322,0.04622,0.03442,-0.1962,0.2703,1.0,-2.1406,0.0,0.0,True,both_converged
47599,5.0,0.6612,0.05576,0.04496,-0.0881,0.7104,1.0,-0.9284,0.0,0.0,True,1.3655,0.05077,0.03979,-0.1936,0.2633,1.0,-2.2366,0.0,0.0,True,both_converged
47599,5.5,0.7075,0.05846,0.04779,-0.0882,0.6884,1.0,-1.0105,0.0,0.0,True,1.4061,0.05626,0.04588,-0.191,0.2573,1.0,-2.3305,0.0,0.0,True,both_converged
47599,6.0,0.7376,0.06198,0.05143,-0.087,0.6655,1.0,-1.0866,0.0,0.0,True,1.4429,0.06323,0.05322,-0.1885,0.2526,1.0,-2.4362,0.0,0.0,True,both_converged
47599,6.5,0.7688,0.06547,0.05509,-0.0858,0.6413,1.0,-1.1776,0.0,0.0,True,1.4569,0.07133,0.06262,-0.1835,0.2632,1.0,-2.4165,0.0,0.0,True,both_converged
47599,7.0,0.8001,0.06901,0.0588,-0.0844,0.6158,1.0,-1.282,0.0,0.0,True,,,,,,,,,,False,baseline_only
47599,7.5,0.8643,0.07012,0.06021,-0.0837,0.5882,1.0,-1.4738,0.0,0.0,True,1.099,0.13407,0.12749,-0.2138,0.6338,1.0,-1.3034,0.0,0.0,True,both_converged
47599,8.0,0.882,0.07412,0.06441,-0.081,0.5576,1.0,-1.5786,0.0,0.0,True,,,,,,,,,,False,baseline_only
47599,8.5,0.9346,0.0748,0.06541,-0.0781,0.524,1.0,-1.7879,0.0,0.0,True,1.1675,0.1418,0.13517,-0.1992,0.4651,1.0,-1.4898,0.0,0.0,True,both_converged
47599,9.0,0.9638,0.07698,0.06785,-0.0744,0.4876,1.0,-1.9521,0.0,0.0,True,1.1854,0.14858,0.14194,-0.1949,0.4167,1.0,-1.5516,0.0,0.0,True,both_converged
47599,9.5,,,,,,,,,,False,1.1917,0.15603,0.14937,-0.1924,0.3791,1.0,-1.5838,0.0,0.0,True,optimised_only
47599,10.0,1.3183,0.0419,0.03331,-0.0623,0.3402,1.0,-3.4426,0.0,0.0,True,1.1992,0.16388,0.15723,-0.191,0.3476,1.0,-1.6114,0.0,0.0,True,both_converged
47599,10.5,,,,,,,,,,False,1.2145,0.17193,0.16531,-0.1901,0.3232,1.0,-1.6601,0.0,0.0,True,optimised_only
47599,11.0,1.3476,0.0468,0.03711,-0.0488,0.2241,1.0,-3.8012,0.0,0.0,True,1.2368,0.18124,0.17469,-0.1891,0.3042,1.0,-1.7231,0.0,0.0,True,both_converged
47599,11.5,1.3632,0.05157,0.04191,-0.0442,0.1919,1.0,-3.9589,0.0,0.0,True,1.2432,0.19013,0.18357,-0.1902,0.2862,1.0,-1.7367,0.0,0.0,True,both_converged
47599,12.0,1.3998,0.05693,0.04717,-0.0423,0.166,1.0,-4.1773,0.0,0.0,True,1.2624,0.1997,0.19322,-0.1903,0.2699,1.0,-1.7963,0.0,0.0,True,both_converged
47599,12.5,1.4115,0.06322,0.0538,-0.0385,0.1519,1.0,-4.3066,0.0,0.0,True,1.2431,0.20449,0.19796,-0.1964,0.2558,1.0,-1.7196,0.0,0.0,True,both_converged
47599,13.0,1.3659,0.07091,0.06228,-0.0316,0.1485,1.0,-4.2281,0.0,0.0,True,1.2437,0.21151,0.20497,-0.2007,0.2432,1.0,-1.6955,0.0,0.0,True,both_converged
47599,13.5,1.3078,0.08131,0.07331,-0.0284,0.1475,1.0,-4.0861,0.0,0.0,True,1.2568,0.21975,0.21327,-0.2032,0.2324,1.0,-1.72,0.0,0.0,True,both_converged
47599,14.0,1.2277,0.0969,0.08938,-0.0309,0.1503,1.0,-3.8155,0.0,0.0,True,1.2803,0.22905,0.22267,-0.2039,0.2208,1.0,-1.7886,0.0,0.0,True,both_converged
47599,14.5,,,,,,,,,,False,1.2768,0.23372,0.22733,-0.2106,0.2118,1.0,-1.7316,0.0,0.0,True,optimised_only
47599,15.0,,,,,,,,,,False,1.3161,0.24911,0.24288,-0.2082,0.2022,1.0,-1.873,0.0,0.0,True,optimised_only
47599,15.5,0.6609,0.17591,0.16864,-0.0622,0.3001,1.0,-1.1903,0.0,0.0,True,1.3027,0.24793,0.24166,-0.2179,0.1937,1.0,-1.766,0.0,0.0,True,both_converged
47599,16.0,0.6701,0.1821,0.17491,-0.0631,0.2852,1.0,-1.1994,0.0,0.0,True,1.3417,0.26533,0.25923,-0.2155,0.1856,1.0,-1.9104,0.0,0.0,True,both_converged
47599,16.5,0.6783,0.18804,0.18094,-0.0641,0.2702,1.0,-1.2072,0.0,0.0,True,1.3301,0.26189,0.25575,-0.2259,0.1777,1.0,-1.7992,0.0,0.0,True,both_converged
47599,17.0,0.6712,0.19058,0.18354,-0.0657,0.2571,1.0,-1.1694,0.0,0.0,True,1.3583,0.27479,0.26883,-0.2257,0.1704,1.0,-1.9007,0.0,0.0,True,both_converged
47599,17.5,0.6714,0.19503,0.18803,-0.0673,0.2441,1.0,-1.1478,0.0,0.0,True,1.3595,0.27626,0.27028,-0.2342,0.1652,1.0,-1.8503,0.0,0.0,True,both_converged
47599,18.0,0.6742,0.20026,0.19331,-0.0691,0.2337,1.0,-1.1283,0.0,0.0,True,1.377,0.28366,0.27779,-0.2372,0.1567,1.0,-2.0222,0.0,0.0,True,both_converged
47599,18.5,0.6834,0.20646,0.19959,-0.0704,0.2226,1.0,-1.142,0.0,0.0,True,1.3973,0.29578,0.29003,-0.2396,0.153,1.0,-2.211,0.0,0.0,True,both_converged
47599,19.0,0.7062,0.2161,0.20931,-0.071,0.2103,1.0,-1.2023,0.0,0.0,True,1.4028,0.29574,0.29002,-0.2479,0.1454,1.0,-2.2288,0.0,0.0,True,both_converged
47599,19.5,0.6943,0.21698,0.21022,-0.0737,0.1994,1.0,-1.1322,0.0,0.0,True,1.4277,0.30947,0.30393,-0.248,0.1394,1.0,-2.4913,0.0,0.0,True,both_converged
47599,20.0,0.6981,0.22254,0.21583,-0.0757,0.1909,1.0,-1.1192,0.0,0.0,True,1.4341,0.31064,0.3051,-0.2565,0.1361,1.0,-2.4894,0.0,0.0,True,both_converged
47599,20.5,0.7207,0.23272,0.2261,-0.0762,0.1809,1.0,-1.1908,0.0,0.0,True,1.4484,0.31584,0.31042,-0.2617,0.1284,1.0,-2.5948,0.0,0.0,True,both_converged
47599,21.0,0.7102,0.23382,0.22724,-0.0794,0.1714,1.0,-1.1197,0.0,0.0,True,1.4749,0.3359,0.33065,-0.2607,0.124,1.0,-2.8648,0.0,0.0,True,both_converged
47599,21.5,0.7199,0.24103,0.2345,-0.0809,0.1652,1.0,-1.1289,0.0,0.0,True,1.4774,0.32881,0.32355,-0.2722,0.1191,1.0,-2.7633,0.0,0.0,True,both_converged
47599,22.0,0.7233,0.24578,0.23931,-0.0831,0.1554,1.0,-1.1223,0.0,0.0,True,1.4947,0.337,0.33188,-0.2755,0.1125,1.0,-2.8902,0.0,0.0,True,both_converged
47599,22.5,0.7275,0.25183,0.24541,-0.0853,0.1494,1.0,-1.1131,0.0,0.0,True,1.5091,0.34456,0.33952,-0.2809,0.1091,1.0,-2.9215,0.0,0.0,True,both_converged
47599,23.0,0.735,0.25784,0.25151,-0.0871,0.1407,1.0,-1.124,0.0,0.0,True,1.5231,0.34861,0.34365,-0.2872,0.1012,1.0,-2.918,0.0,0.0,True,both_converged
47599,23.5,0.7393,0.26425,0.25795,-0.0894,0.1364,1.0,-1.1071,0.0,0.0,True,1.5395,0.35884,0.35394,-0.2909,0.0967,1.0,-2.9334,0.0,0.0,True,both_converged
47599,24.0,0.7438,0.2696,0.26339,-0.0916,0.1277,1.0,-1.1086,0.0,0.0,True,1.5534,0.36192,0.35707,-0.2979,0.0887,1.0,-2.8525,0.0,0.0,True,both_converged
47599,24.5,0.752,0.27731,0.27114,-0.0933,0.1236,1.0,-1.1262,0.0,0.0,True,1.5689,0.37049,0.36567,-0.3026,0.0845,1.0,-2.7989,0.0,0.0,True,both_converged
47599,25.0,0.7518,0.28172,0.27561,-0.0963,0.1172,1.0,-1.0895,0.0,0.0,True,1.5834,0.37485,0.37008,-0.3089,0.0774,1.0,-2.72,0.0,0.0,True,both_converged
47599,25.5,0.7712,0.29361,0.28758,-0.0966,0.1112,1.0,-1.1745,0.0,0.0,True,1.5989,0.38466,0.37991,-0.3128,0.0741,1.0,-2.6942,0.0,0.0,True,both_converged
47599,26.0,0.7614,0.29442,0.28843,-0.1007,0.1075,1.0,-1.074,0.0,0.0,True,1.6123,0.38684,0.38212,-0.3206,0.0693,1.0,-2.5832,0.0,0.0,True,both_converged
47599,26.5,0.767,0.30063,0.29472,-0.1028,0.1015,1.0,-1.0869,0.0,0.0,True,1.6277,0.39682,0.39219,-0.3233,0.0652,1.0,-2.6186,0.0,0.0,True,both_converged
47599,27.0,0.7781,0.31026,0.3044,-0.104,0.0981,1.0,-1.1339,0.0,0.0,True,1.0237,0.39212,0.38819,-0.2038,0.0704,1.0,-1.3433,0.0,0.0,True,both_converged
47599,27.5,0.774,0.31337,0.30757,-0.1076,0.0942,1.0,-1.0658,0.0,0.0,True,1.027,0.40098,0.39712,-0.2051,0.0658,1.0,-1.3251,0.0,0.0,True,both_converged
47599,28.0,0.7795,0.31978,0.31407,-0.1096,0.0886,1.0,-1.0758,0.0,0.0,True,1.6674,0.41197,0.40747,-0.3411,0.0564,1.0,-2.5729,0.0,0.0,True,both_converged
47599,28.5,0.7883,0.32901,0.32335,-0.1111,0.0859,1.0,-1.1047,0.0,0.0,True,1.6802,0.41965,0.41517,-0.3462,0.0552,1.0,-2.5903,0.0,0.0,True,both_converged
47599,29.0,0.7855,0.33278,0.32718,-0.1146,0.0831,1.0,-1.0387,0.0,0.0,True,1.6927,0.42073,0.41628,-0.3541,0.0533,1.0,-2.5335,0.0,0.0,True,both_converged
47599,29.5,0.7889,0.33897,0.33344,-0.1169,0.0785,1.0,-1.0414,0.0,0.0,True,1.7051,0.42533,0.42096,-0.3598,0.0505,1.0,-2.5438,0.0,0.0,True,both_converged
47599,30.0,,,,,,,,,,False,1.7167,0.43213,0.42785,-0.3639,0.0481,1.0,-2.6087,0.0,0.0,True,optimised_only
52501,-30.0,-0.9107,0.34585,0.33805,0.1041,1.0,0.0424,-1.7244,0.0,0.0,True,,,,,,,,,,False,baseline_only
52501,-29.5,-0.8959,0.34091,0.33308,0.0991,1.0,0.0439,-1.6944,0.0,0.0,True,-0.8845,0.34271,0.33467,0.0825,1.0,0.0332,-1.5099,0.0,0.0,True,both_converged
52501,-29.0,-0.8809,0.33623,0.32836,0.094,1.0,0.0455,-1.675,0.0,0.0,True,-0.87,0.33776,0.32969,0.0774,1.0,0.034,-1.4822,0.0,0.0,True,both_converged
52501,-28.5,-0.8658,0.33231,0.32441,0.0885,1.0,0.0469,-1.6835,0.0,0.0,True,-0.8551,0.33285,0.32473,0.0724,1.0,0.0349,-1.4565,0.0,0.0,True,both_converged
52501,-28.0,,,,,,,,,,False,-0.84,0.32801,0.31985,0.0673,1.0,0.0357,-1.4463,0.0,0.0,True,optimised_only
52501,-27.5,,,,,,,,,,False,-0.8246,0.32345,0.31524,0.0621,1.0,0.0363,-1.4392,0.0,0.0,True,optimised_only
52501,-27.0,-0.4789,0.26929,0.26261,0.0191,1.0,0.0552,-0.9154,0.0,0.0,True,-0.809,0.31959,0.31135,0.0568,1.0,0.0367,-1.4376,0.0,0.0,True,both_converged
52501,-26.5,,,,,,,,,,False,,,,,,,,,,False,none_converged
52501,-26.0,-0.4606,0.25741,0.25068,0.0139,1.0,0.0577,-0.8927,0.0,0.0,True,-0.4789,0.25802,0.251,0.0028,1.0,0.0418,-0.7659,0.0,0.0,True,both_converged
52501,-25.5,-0.4515,0.2523,0.24551,0.0113,1.0,0.0601,-0.8834,0.0,0.0,True,-0.471,0.25392,0.24686,0.0002,1.0,0.0427,-0.7774,0.0,0.0,True,both_converged
52501,-25.0,-0.4432,0.24771,0.24088,0.0085,1.0,0.0626,-0.8989,0.0,0.0,True,-0.4638,0.25071,0.2436,-0.0026,1.0,0.0434,-0.7987,0.0,0.0,True,both_converged
52501,-24.5,-0.4386,0.24572,0.23886,0.0051,1.0,0.0643,-0.9508,0.0,0.0,True,-0.7293,0.29183,0.28347,0.0346,1.0,0.0406,-1.3371,0.0,0.0,True,both_converged
52501,-24.0,-0.4278,0.23881,0.23194,0.0028,1.0,0.0657,-0.9399,0.0,0.0,True,-0.7127,0.28676,0.27839,0.0302,1.0,0.0419,-1.3234,0.0,0.0,True,both_converged
52501,-23.5,-0.4162,0.23286,0.22594,0.0007,1.0,0.0685,-0.913,0.0,0.0,True,-0.6962,0.28239,0.274,0.0256,1.0,0.043,-1.3212,0.0,0.0,True,both_converged
52501,-23.0,-0.4069,0.22822,0.22126,-0.0018,1.0,0.0716,-0.9113,0.0,0.0,True,-0.6805,0.27978,0.27138,0.0206,1.0,0.0436,-1.34,0.0,0.0,True,both_converged
52501,-22.5,-0.4006,0.22524,0.21825,-0.0048,1.0,0.0742,-0.9362,0.0,0.0,True,-0.4217,0.22818,0.22097,-0.0131,1.0,0.0489,-0.7806,0.0,0.0,True,both_converged
52501,-22.0,,,,,,,,,,False,-0.4141,0.22466,0.21745,-0.0151,1.0,0.0503,-0.8035,0.0,0.0,True,optimised_only
52501,-21.5,-0.38,0.21432,0.20729,-0.0093,1.0,0.0783,-0.94,0.0,0.0,True,-0.4079,0.22232,0.2151,-0.0172,1.0,0.0512,-0.8422,0.0,0.0,True,both_converged
52501,-21.0,-0.3699,0.20975,0.20269,-0.0115,1.0,0.0826,-0.9383,0.0,0.0,True,,,,,,,,,,False,baseline_only
52501,-20.5,-0.3654,0.20781,0.20073,-0.0144,1.0,0.086,-0.9804,0.0,0.0,True,-0.5963,0.24956,0.24117,0.0029,1.0,0.05,-1.2959,0.0,0.0,True,both_converged
52501,-20.0,,,,,,,,,,False,-0.5808,0.24591,0.23752,-0.0011,1.0,0.0511,-1.328,0.0,0.0,True,optimised_only
52501,-19.5,-0.5688,0.23673,0.22864,0.0083,1.0,0.0859,-1.5043,0.0,0.0,True,,,,,,,,,,False,baseline_only
52501,-19.0,,,,,,,,,,False,-0.3702,0.20251,0.19534,-0.023,1.0,0.0583,-0.8754,0.0,0.0,True,optimised_only
52501,-18.5,-0.5317,0.22207,0.214,0.0023,1.0,0.0911,-1.4357,0.0,0.0,True,-0.3654,0.2003,0.19314,-0.0241,1.0,0.06,-0.9035,0.0,0.0,True,both_converged
52501,-18.0,-0.5151,0.21656,0.20849,-0.0011,1.0,0.0963,-1.4296,0.0,0.0,True,-0.3646,0.20047,0.19334,-0.0254,1.0,0.0609,-0.9569,0.0,0.0,True,both_converged
52501,-17.5,-0.5152,0.21871,0.21071,-0.0071,1.0,0.0995,-1.536,0.0,0.0,True,-0.3579,0.19563,0.18856,-0.0257,1.0,0.0617,-0.957,0.0,0.0,True,both_converged
52501,-17.0,-0.4838,0.20456,0.19655,-0.0077,1.0,0.1036,-1.4298,0.0,0.0,True,-0.3482,0.18969,0.18264,-0.0252,1.0,0.0641,-0.9139,0.0,0.0,True,both_converged
52501,-16.5,-0.4672,0.19866,0.19065,-0.0104,1.0,0.1093,-1.4108,0.0,0.0,True,-0.343,0.18654,0.17953,-0.0252,1.0,0.067,-0.9082,0.0,0.0,True,both_converged
52501,-16.0,-0.4687,0.19904,0.19111,-0.0156,1.0,0.1133,-1.4971,0.0,0.0,True,-0.3402,0.18441,0.17744,-0.0253,1.0,0.07,-0.9228,0.0,0.0,True,both_converged
52501,-15.5,-0.4393,0.18673,0.17879,-0.0163,1.0,0.1175,-1.4011,0.0,0.0,True,-0.3438,0.18549,0.17855,-0.026,1.0,0.0716,-0.9776,0.0,0.0,True,both_converged
52501,-15.0,-0.4255,0.18139,0.17347,-0.0189,1.0,0.1255,-1.3879,0.0,0.0,True,-0.4391,0.1924,0.18448,-0.023,1.0,0.0703,-1.2435,0.0,0.0,True,both_converged
52501,-14.5,-0.4285,0.17935,0.17153,-0.0231,1.0,0.1289,-1.472,0.0,0.0,True,-0.4372,0.19248,0.18466,-0.0254,1.0,0.0718,-1.3052,0.0,0.0,True,both_converged
52501,-14.0,-0.3971,0.16848,0.16064,-0.0231,1.0,0.136,-1.3762,0.0,0.0,True,-0.4216,0.18306,0.17532,-0.025,1.0,0.0736,-1.2476,0.0,0.0,True,both_converged
52501,-13.5,-0.4017,0.16675,0.15899,-0.0269,1.0,0.1428,-1.4478,0.0,0.0,True,-0.4096,0.17681,0.16914,-0.0245,1.0,0.0769,-1.1969,0.0,0.0,True,both_converged
52501,-13.0,-0.3749,0.15657,0.14881,-0.0271,1.0,0.1494,-1.3719,0.0,0.0,True,-0.402,0.17228,0.1647,-0.0245,1.0,0.0805,-1.1889,0.0,0.0,True,both_converged
52501,-12.5,-0.3807,0.1543,0.14663,-0.0302,1.0,0.1584,-1.4283,0.0,0.0,True,-0.4009,0.17017,0.1627,-0.0251,1.0,0.0836,-1.2462,0.0,0.0,True,both_converged
52501,-12.0,-0.3552,0.14467,0.13703,-0.0302,1.0,0.1651,-1.3594,0.0,0.0,True,-0.412,0.17203,0.16472,-0.0258,1.0,0.0845,-1.3514,0.0,0.0,True,both_converged
52501,-11.5,-0.3644,0.14215,0.13463,-0.0328,1.0,0.1745,-1.4274,0.0,0.0,True,-0.3873,0.15866,0.15139,-0.0231,1.0,0.0881,-1.2573,0.0,0.0,True,both_converged
52501,-11.0,-0.3381,0.13297,0.12546,-0.0321,1.0,0.1841,-1.3595,0.0,0.0,True,-0.3822,0.15397,0.1468,-0.0217,1.0,0.0924,-1.2599,0.0,0.0,True,both_converged
52501,-10.5,-0.3485,0.1291,0.12175,-0.034,1.0,0.193,-1.4192,0.0,0.0,True,-0.3844,0.15142,0.14437,-0.0209,1.0,0.0967,-1.3083,0.0,0.0,True,both_converged
52501,-10.0,-0.339,0.1234,0.11612,-0.0335,1.0,0.2063,-1.3929,0.0,0.0,True,-0.4019,0.15317,0.1463,-0.0204,1.0,0.0981,-1.4157,0.0,0.0,True,both_converged
52501,-9.5,-0.3252,0.11632,0.10912,-0.0323,1.0,0.2159,-1.3521,0.0,0.0,True,-0.3793,0.1414,0.13459,-0.0174,1.0,0.1024,-1.3349,0.0,0.0,True,both_converged
52501,-9.0,-0.3328,0.11175,0.10472,-0.0315,1.0,0.2282,-1.3779,0.0,0.0,True,-0.3784,0.13739,0.13069,-0.0154,1.0,0.1087,-1.3425,0.0,0.0,True,both_converged
52501,-8.5,-0.3655,0.11045,0.10369,-0.0297,1.0,0.2411,-1.4537,0.0,0.0,True,-0.3967,0.13803,0.13151,-0.014,1.0,0.1124,-1.4331,0.0,0.0,True,both_converged
52501,-8.0,-0.3576,0.10425,0.09759,-0.0262,1.0,0.2571,-1.4189,0.0,0.0,True,-0.3844,0.12958,0.12315,-0.0113,1.0,0.1168,-1.3947,0.0,0.0,True,both_converged
52501,-7.5,-0.3533,0.09847,0.09192,-0.0222,1.0,0.271,-1.389,0.0,0.0,True,-0.3853,0.12553,0.11921,-0.0085,1.0,0.1234,-1.3948,0.0,0.0,True,both_converged
52501,-7.0,-0.3696,0.09462,0.08828,-0.0169,1.0,0.2861,-1.3943,0.0,0.0,True,-0.4096,0.1258,0.11968,-0.0055,1.0,0.1274,-1.4752,0.0,0.0,True,both_converged
52501,-6.5,-0.3953,0.09137,0.08524,-0.0104,1.0,0.3013,-1.4111,0.0,0.0,True,-0.4056,0.1193,0.11331,-0.0033,1.0,0.1308,-1.4717,0.0,0.0,True,both_converged
52501,-6.0,-0.4168,0.08768,0.08175,-0.0054,1.0,0.3202,-1.422,0.0,0.0,True,-0.3989,0.11393,0.10802,-0.001,1.0,0.1386,-1.4453,0.0,0.0,True,both_converged
52501,-5.5,,,,,,,,,,False,-0.3946,0.11159,0.10582,-0.0078,1.0,0.1447,-1.5284,0.0,0.0,True,optimised_only
52501,-5.0,-0.4439,0.07896,0.07332,0.0031,1.0,0.3679,-1.4266,0.0,0.0,True,-0.3822,0.10381,0.09812,-0.0021,1.0,0.1537,-1.4462,0.0,0.0,True,both_converged
52501,-4.5,,,,,,,,,,False,-0.3632,0.09819,0.09259,-0.006,1.0,0.1644,-1.4419,0.0,0.0,True,optimised_only
52501,-4.0,-0.3498,0.0449,0.03699,-0.047,1.0,0.1837,-1.9277,0.0,0.0,True,-0.3328,0.0923,0.08675,-0.0121,1.0,0.1793,-1.418,0.0,0.0,True,both_converged
52501,-3.5,-0.2943,0.03899,0.02988,-0.0514,1.0,0.1925,-1.8778,0.0,0.0,True,-0.2932,0.08588,0.08036,-0.0189,1.0,0.1955,-1.3685,0.0,0.0,True,both_converged
52501,-3.0,-0.2468,0.03616,0.02653,-0.0526,1.0,0.2095,-1.7492,0.0,0.0,True,-0.2528,0.07936,0.07386,-0.0231,1.0,0.2152,-1.2993,0.0,0.0,True,both_converged
52501,-2.5,-0.2022,0.03448,0.02463,-0.0529,1.0,0.232,-1.6055,0.0,0.0,True,-0.1867,0.0728,0.06726,-0.0349,1.0,0.2459,-1.2606,0.0,0.0,True,both_converged
52501,-2.0,-0.1563,0.03334,0.02322,-0.0535,1.0,0.2631,-1.4646,0.0,0.0,True,-0.1219,0.06644,0.06088,-0.0435,1.0,0.2809,-1.1868,0.0,0.0,True,both_converged
52501,-1.5,-0.0617,0.03281,0.02257,-0.0624,0.9837,0.33,-1.2415,0.0,0.0,True,-0.0378,0.0604,0.05476,-0.056,1.0,0.3294,-1.08,0.0,0.0,True,both_converged
52501,-1.0,0.0276,0.03232,0.02238,-0.0698,0.9619,0.4442,-1.0335,0.0,0.0,True,0.3441,0.03995,0.03212,-0.1458,1.0,0.2294,-1.0532,0.0,0.0,True,both_converged
52501,-0.5,0.0985,0.03045,0.02237,-0.0712,0.9404,1.0,-0.8712,0.0,0.0,True,0.4301,0.03851,0.03032,-0.1527,1.0,0.2939,-0.8384,0.0,0.0,True,both_converged
52501,0.0,0.1764,0.03203,0.02301,-0.0774,0.915,1.0,-0.6987,0.0,0.0,True,0.4938,0.0383,0.03017,-0.1541,1.0,0.3616,-0.7798,0.0,0.0,True,both_converged
52501,0.5,0.2462,0.03358,0.02408,-0.0817,0.8905,1.0,-0.5705,0.0,0.0,True,0.5563,0.03828,0.03032,-0.1552,1.0,0.4328,-0.8768,0.0,0.0,True,both_converged
52501,1.0,0.3141,0.03507,0.02523,-0.0853,0.8666,1.0,-0.6142,0.0,0.0,True,0.8436,0.0267,0.01643,-0.1828,0.4264,0.6173,-1.2194,0.0,0.0,True,both_converged
52501,1.5,0.3747,0.03663,0.02655,-0.0876,0.8432,1.0,-0.6556,0.0,0.0,True,0.897,0.02838,0.01734,-0.1817,0.375,0.6828,-1.3188,0.0,0.0,True,both_converged
52501,2.0,0.4313,0.03823,0.02799,-0.0892,0.8198,1.0,-0.6967,0.0,0.0,True,0.9867,0.02877,0.01752,-0.187,0.338,0.812,-1.4707,0.0,0.0,True,both_converged
52501,2.5,0.5,0.0396,0.02924,-0.0921,0.7993,1.0,-0.7505,0.0,0.0,True,1.0831,0.03098,0.01932,-0.1948,0.3116,1.0,-1.6303,0.0,0.0,True,both_converged
52501,3.0,0.5347,0.04185,0.03144,-0.0907,0.7752,1.0,-0.7806,0.0,0.0,True,1.1545,0.03396,0.02203,-0.1976,0.2935,1.0,-1.7747,0.0,0.0,True,both_converged
52501,3.5,0.5887,0.04363,0.03321,-0.0914,0.754,1.0,-0.8306,0.0,0.0,True,1.2146,0.03715,0.02524,-0.198,0.2778,1.0,-1.9032,0.0,0.0,True,both_converged
52501,4.0,0.6515,0.04506,0.03467,-0.0928,0.7345,1.0,-0.8957,0.0,0.0,True,1.2708,0.04093,0.02913,-0.1977,0.267,1.0,-2.037,0.0,0.0,True,both_converged
52501,4.5,0.6705,0.04841,0.03807,-0.0901,0.7102,1.0,-0.9275,0.0,0.0,True,1.3211,0.04478,0.03329,-0.1963,0.2551,1.0,-2.1607,0.0,0.0,True,both_converged
52501,5.0,0.7188,0.05052,0.04027,-0.0899,0.6891,1.0,-1.0045,0.0,0.0,True,1.3666,0.04961,0.03876,-0.1941,0.2488,1.0,-2.2672,0.0,0.0,True,both_converged
52501,5.5,0.7722,0.05231,0.0422,-0.0898,0.6684,1.0,-1.1116,0.0,0.0,True,1.4069,0.05472,0.0445,-0.1914,0.2412,1.0,-2.3644,0.0,0.0,True,both_converged
52501,6.0,0.785,0.0565,0.04651,-0.087,0.6432,1.0,-1.1728,0.0,0.0,True,1.4432,0.06116,0.05148,-0.1884,0.2385,1.0,-2.4607,0.0,0.0,True,both_converged
52501,6.5,0.8494,0.05732,0.04756,-0.0868,0.6215,1.0,-1.3406,0.0,0.0,True,1.4619,0.0692,0.06059,-0.1836,0.2427,1.0,-2.4714,0.0,0.0,True,both_converged
52501,7.0,0.8558,0.06214,0.05253,-0.0837,0.5939,1.0,-1.4104,0.0,0.0,True,1.4866,0.07943,0.07132,-0.1809,0.2537,1.0,-2.5165,0.0,0.0,True,both_converged
52501,7.5,0.8978,0.06414,0.05475,-0.0816,0.5671,1.0,-1.5697,0.0,0.0,True,1.1495,0.12641,0.12015,-0.2051,0.5342,1.0,-1.4305,0.0,0.0,True,both_converged
52501,8.0,0.9888,0.06054,0.05155,-0.0791,0.5403,1.0,-1.8828,0.0,0.0,True,1.2239,0.12935,0.12315,-0.1964,0.4562,1.0,-1.6135,0.0,0.0,True,both_converged
52501,8.5,1.1865,0.04499,0.03658,-0.0793,0.5065,1.0,-2.5825,0.0,0.0,True,1.2334,0.13583,0.1296,-0.1903,0.4059,1.0,-1.6737,0.0,0.0,True,both_converged
52501,9.0,1.2667,0.04047,0.03223,-0.0762,0.4564,1.0,-2.9879,0.0,0.0,True,1.2239,0.14431,0.13804,-0.1874,0.3691,1.0,-1.6811,0.0,0.0,True,both_converged
52501,9.5,1.3169,0.03789,0.02955,-0.0707,0.3928,1.0,-3.3189,0.0,0.0,True,1.2568,0.15211,0.14588,-0.1829,0.3369,1.0,-1.7842,0.0,0.0,True,both_converged
52501,10.0,1.3268,0.03834,0.02974,-0.0618,0.3221,1.0,-3.5111,0.0,0.0,True,1.2083,0.16113,0.15479,-0.1867,0.3124,1.0,-1.6667,0.0,0.0,True,both_converged
52501,10.5,1.3271,0.04075,0.03162,-0.0533,0.2598,1.0,-3.6506,0.0,0.0,True,1.211,0.16968,0.16335,-0.1877,0.2939,1.0,-1.6782,0.0,0.0,True,both_converged
52501,11.0,1.3385,0.04444,0.03484,-0.0474,0.2125,1.0,-3.8146,0.0,0.0,True,1.2153,0.17808,0.17175,-0.1891,0.2768,1.0,-1.6874,0.0,0.0,True,both_converged
52501,11.5,1.3638,0.04899,0.03922,-0.0439,0.1784,1.0,-4.0116,0.0,0.0,True,1.2206,0.18626,0.17996,-0.191,0.2607,1.0,-1.6926,0.0,0.0,True,both_converged
52501,12.0,1.3862,0.05408,0.04448,-0.0406,0.1562,1.0,-4.1853,0.0,0.0,True,1.2313,0.19499,0.18871,-0.1929,0.2495,1.0,-1.7148,0.0,0.0,True,both_converged
52501,12.5,1.4213,0.05995,0.05044,-0.039,0.139,1.0,-4.4068,0.0,0.0,True,1.2757,0.20666,0.20056,-0.1893,0.2363,1.0,-1.8612,0.0,0.0,True,both_converged
52501,13.0,1.3934,0.06695,0.05821,-0.0326,0.1341,1.0,-4.3925,0.0,0.0,True,1.2493,0.2103,0.20409,-0.1983,0.2237,1.0,-1.7381,0.0,0.0,True,both_converged
52501,13.5,1.3576,0.07523,0.06709,-0.0283,0.1306,1.0,-4.3442,0.0,0.0,True,1.2589,0.21869,0.21252,-0.2018,0.2159,1.0,-1.7466,0.0,0.0,True,both_converged
52501,14.0,1.2886,0.08736,0.07985,-0.0272,0.1317,1.0,-4.1435,0.0,0.0,True,1.2769,0.22668,0.22059,-0.2035,0.2048,1.0,-1.7949,0.0,0.0,True,both_converged
52501,14.5,1.1931,0.10663,0.09956,-0.0337,0.1364,1.0,-3.7715,0.0,0.0,True,1.2785,0.23286,0.22677,-0.2095,0.1966,1.0,-1.7536,0.0,0.0,True,both_converged
52501,15.0,,,,,,,,,,False,1.305,0.243,0.23705,-0.2096,0.1872,1.0,-1.8477,0.0,0.0,True,optimised_only
52501,15.5,,,,,,,,,,False,1.3048,0.24768,0.24172,-0.2169,0.1815,1.0,-1.7892,0.0,0.0,True,optimised_only
52501,16.0,0.6611,0.17867,0.17181,-0.0627,0.2678,1.0,-1.1794,0.0,0.0,True,1.3251,0.25598,0.25012,-0.2187,0.1717,1.0,-1.8504,0.0,0.0,True,both_converged
52501,16.5,0.6722,0.18505,0.17828,-0.0637,0.2541,1.0,-1.1959,0.0,0.0,True,1.3356,0.26337,0.25755,-0.2238,0.1675,1.0,-1.8446,0.0,0.0,True,both_converged
52501,17.0,0.6873,0.1923,0.1856,-0.0645,0.2399,1.0,-1.2293,0.0,0.0,True,1.3461,0.26813,0.26239,-0.2293,0.1589,1.0,-1.838,0.0,0.0,True,both_converged
52501,17.5,,,,,,,,,,False,1.3768,0.28458,0.27898,-0.2282,0.1535,1.0,-2.0593,0.0,0.0,True,optimised_only
52501,18.0,0.6775,0.1993,0.19269,-0.0685,0.2165,1.0,-1.1468,0.0,0.0,True,1.3737,0.28172,0.2761,-0.2386,0.1475,1.0,-1.9999,0.0,0.0,True,both_converged
52501,18.5,0.6839,0.20513,0.19858,-0.0701,0.2065,1.0,-1.15,0.0,0.0,True,1.3937,0.29049,0.28502,-0.2407,0.1406,1.0,-2.2071,0.0,0.0,True,both_converged
52501,19.0,0.7066,0.2144,0.20794,-0.0705,0.1954,1.0,-1.2137,0.0,0.0,True,1.4077,0.29857,0.29315,-0.2455,0.1373,1.0,-2.3217,0.0,0.0,True,both_converged
52501,19.5,0.6974,0.21619,0.20976,-0.0732,0.1842,1.0,-1.1509,0.0,0.0,True,1.4181,0.3017,0.29634,-0.2525,0.1307,1.0,-2.3787,0.0,0.0,True,both_converged
52501,20.0,0.7005,0.22192,0.21553,-0.0754,0.1773,1.0,-1.1354,0.0,0.0,True,1.4436,0.31648,0.3113,-0.2518,0.1247,1.0,-2.6654,0.0,0.0,True,both_converged
52501,20.5,0.7259,0.23249,0.2262,-0.0755,0.1665,1.0,-1.2237,0.0,0.0,True,1.4494,0.31664,0.31148,-0.2612,0.122,1.0,-2.6328,0.0,0.0,True,both_converged
52501,21.0,0.7108,0.23297,0.22669,-0.0793,0.1585,1.0,-1.1266,0.0,0.0,True,1.4633,0.32157,0.3165,-0.2669,0.1151,1.0,-2.7169,0.0,0.0,True,both_converged
52501,21.5,0.7285,0.24216,0.23596,-0.08,0.1519,1.0,-1.1775,0.0,0.0,True,1.4902,0.34285,0.33795,-0.265,0.1104,1.0,-3.005,0.0,0.0,True,both_converged
52501,22.0,0.7225,0.24468,0.23852,-0.0832,0.143,1.0,-1.1235,0.0,0.0,True,1.4928,0.33486,0.32995,-0.2773,0.1061,1.0,-2.8598,0.0,0.0,True,both_converged
52501,22.5,0.7354,0.25296,0.24687,-0.0844,0.1376,1.0,-1.1624,0.0,0.0,True,1.5101,0.34312,0.33835,-0.2805,0.0993,1.0,-2.9687,0.0,0.0,True,both_converged
52501,23.0,0.7326,0.2566,0.25055,-0.0875,0.1301,1.0,-1.1121,0.0,0.0,True,1.5235,0.34916,0.34443,-0.2871,0.0956,1.0,-2.9325,0.0,0.0,True,both_converged
52501,23.5,0.7489,0.26617,0.26019,-0.0882,0.1242,1.0,-1.1701,0.0,0.0,True,1.5397,0.35609,0.35145,-0.2915,0.0873,1.0,-2.942,0.0,0.0,True,both_converged
52501,24.0,0.7425,0.26873,0.2628,-0.0919,0.1179,1.0,-1.1032,0.0,0.0,True,1.5535,0.36172,0.35707,-0.2985,0.0828,1.0,-2.8286,0.0,0.0,True,both_converged
52501,24.5,0.7562,0.27695,0.27111,-0.0928,0.112,1.0,-1.1633,0.0,0.0,True,1.5713,0.37263,0.3681,-0.3006,0.0752,1.0,-2.8551,0.0,0.0,True,both_converged
52501,25.0,0.7535,0.28156,0.27573,-0.0961,0.1087,1.0,-1.105,0.0,0.0,True,1.5837,0.37461,0.37004,-0.3097,0.0719,1.0,-2.6829,0.0,0.0,True,both_converged
52501,25.5,0.7585,0.28737,0.28161,-0.0983,0.1016,1.0,-1.102,0.0,0.0,True,1.599,0.38145,0.37695,-0.314,0.0661,1.0,-2.664,0.0,0.0,True,both_converged
52501,26.0,0.7708,0.29696,0.29126,-0.0994,0.0981,1.0,-1.1502,0.0,0.0,True,1.6135,0.3898,0.38531,-0.3189,0.0641,1.0,-2.6194,0.0,0.0,True,both_converged
52501,26.5,0.7661,0.30009,0.29445,-0.1032,0.0943,1.0,-1.0812,0.0,0.0,True,1.6271,0.39262,0.38815,-0.3265,0.0599,1.0,-2.5159,0.0,0.0,True,both_converged
52501,27.0,0.7719,0.3064,0.30082,-0.1052,0.0888,1.0,-1.0959,0.0,0.0,True,1.6414,0.40101,0.39664,-0.3297,0.0562,1.0,-2.572,0.0,0.0,True,both_converged
52501,27.5,0.7806,0.3151,0.30959,-0.1067,0.0858,1.0,-1.1279,0.0,0.0,True,1.6545,0.40689,0.40252,-0.3359,0.055,1.0,-2.5556,0.0,0.0,True,both_converged
52501,28.0,0.7783,0.31923,0.31377,-0.1101,0.0822,1.0,-1.0628,0.0,0.0,True,1.6678,0.40995,0.40561,-0.3433,0.0525,1.0,-2.5098,0.0,0.0,True,both_converged
52501,28.5,0.7828,0.32555,0.32016,-0.1123,0.0778,1.0,-1.0607,0.0,0.0,True,1.6807,0.41525,0.41097,-0.3486,0.0497,1.0,-2.535,0.0,0.0,True,both_converged
52501,29.0,,,,,,,,,,False,1.6933,0.42676,0.4226,-0.3509,0.0476,1.0,-2.651,0.0,0.0,True,optimised_only
52501,29.5,,,,,,,,,,False,1.0299,0.43484,0.43136,-0.2135,0.0504,1.0,-1.2223,0.0,0.0,True,optimised_only
52501,30.0,,,,,,,,,,False,1.0317,0.44368,0.44028,-0.2148,0.048,1.0,-1.2467,0.0,0.0,True,optimised_only
57379,-30.0,,,,,,,,,,False,,,,,,,,,,False,none_converged
57379,-29.5,-0.5149,0.29256,0.2864,0.034,1.0,0.0434,-0.8679,0.0,0.0,True,-0.5311,0.29007,0.28368,0.0224,1.0,0.0332,-0.7913,0.0,0.0,True,both_converged
57379,-29.0,-0.5076,0.28743,0.28122,0.0311,1.0,0.0451,-0.865,0.0,0.0,True,-0.5241,0.28526,0.2788,0.0194,1.0,0.0341,-0.7837,0.0,0.0,True,both_converged
57379,-28.5,-0.5004,0.28261,0.27635,0.0281,1.0,0.0466,-0.873,0.0,0.0,True,-0.5168,0.28053,0.27402,0.0165,1.0,0.035,-0.7758,0.0,0.0,True,both_converged
57379,-28.0,-0.4949,0.27913,0.27283,0.0247,1.0,0.0474,-0.9164,0.0,0.0,True,-0.5095,0.27592,0.26937,0.0136,1.0,0.0358,-0.7758,0.0,0.0,True,both_converged
57379,-27.5,-0.4861,0.27268,0.26634,0.0221,1.0,0.0483,-0.9103,0.0,0.0,True,-0.5021,0.27159,0.26499,0.0107,1.0,0.0364,-0.7835,0.0,0.0,True,both_converged
57379,-27.0,-0.4766,0.26687,0.2605,0.0196,1.0,0.0503,-0.888,0.0,0.0,True,-0.4949,0.26779,0.26113,0.0077,1.0,0.0368,-0.7948,0.0,0.0,True,both_converged
57379,-26.5,-0.4682,0.26187,0.25545,0.0169,1.0,0.0526,-0.8861,0.0,0.0,True,-0.7932,0.31236,0.30445,0.0528,1.0,0.0346,-1.383,0.0,0.0,True,both_converged
57379,-26.0,-0.4606,0.25748,0.25102,0.0138,1.0,0.0545,-0.8996,0.0,0.0,True,-0.7772,0.30732,0.29938,0.0481,1.0,0.0354,-1.3781,0.0,0.0,True,both_converged
57379,-25.5,,,,,,,,,,False,-0.761,0.30248,0.29451,0.0433,1.0,0.0362,-1.3779,0.0,0.0,True,optimised_only
57379,-25.0,-0.4444,0.24755,0.24103,0.0083,1.0,0.0566,-0.9242,0.0,0.0,True,-0.7448,0.29825,0.29025,0.0383,1.0,0.0367,-1.3863,0.0,0.0,True,both_converged
57379,-24.5,-0.4339,0.24195,0.23539,0.0059,1.0,0.0589,-0.9076,0.0,0.0,True,,,,,,,,,,False,baseline_only
57379,-24.0,-0.4248,0.23726,0.23065,0.0033,1.0,0.0619,-0.9116,0.0,0.0,True,-0.4456,0.24006,0.23322,-0.007,1.0,0.042,-0.7743,0.0,0.0,True,both_converged
57379,-23.5,-0.4191,0.23455,0.22791,0.0001,1.0,0.0641,-0.9514,0.0,0.0,True,-0.4379,0.23657,0.2297,-0.0095,1.0,0.0431,-0.7842,0.0,0.0,True,both_converged
57379,-23.0,,,,,,,,,,False,-0.4316,0.23431,0.22741,-0.012,1.0,0.0435,-0.8129,0.0,0.0,True,optimised_only
57379,-22.5,,,,,,,,,,False,-0.662,0.27033,0.26229,0.0178,1.0,0.0414,-1.279,0.0,0.0,True,optimised_only
57379,-22.0,-0.3879,0.21819,0.21147,-0.0068,1.0,0.0705,-0.9221,0.0,0.0,True,-0.6452,0.26538,0.25733,0.0137,1.0,0.0426,-1.2928,0.0,0.0,True,both_converged
57379,-21.5,-0.3805,0.21463,0.20789,-0.0095,1.0,0.0737,-0.9516,0.0,0.0,True,-0.629,0.26159,0.25354,0.0092,1.0,0.0434,-1.328,0.0,0.0,True,both_converged
57379,-21.0,,,,,,,,,,False,-0.3975,0.21597,0.20906,-0.0183,1.0,0.048,-0.8236,0.0,0.0,True,optimised_only
57379,-20.5,-0.3611,0.20476,0.19799,-0.014,1.0,0.0782,-0.9596,0.0,0.0,True,-0.3903,0.21252,0.20561,-0.0197,1.0,0.0496,-0.8419,0.0,0.0,True,both_converged
57379,-20.0,-0.3507,0.2002,0.1934,-0.0161,1.0,0.0821,-0.9517,0.0,0.0,True,-0.3844,0.20992,0.20302,-0.0213,1.0,0.0509,-0.8746,0.0,0.0,True,both_converged
57379,-19.5,-0.3456,0.19776,0.19094,-0.0188,1.0,0.0857,-0.9838,0.0,0.0,True,-0.3813,0.20923,0.20234,-0.023,1.0,0.0515,-0.9293,0.0,0.0,True,both_converged
57379,-19.0,,,,,,,,,,False,-0.5467,0.23279,0.2248,-0.0067,1.0,0.0497,-1.297,0.0,0.0,True,optimised_only
57379,-18.5,-0.5347,0.224,0.21626,0.0012,1.0,0.0858,-1.4779,0.0,0.0,True,-0.532,0.22896,0.22101,-0.0103,1.0,0.0511,-1.3271,0.0,0.0,True,both_converged
57379,-18.0,,,,,,,,,,False,,,,,,,,,,False,none_converged
57379,-17.5,-0.4982,0.2096,0.2019,-0.0045,1.0,0.0916,-1.4347,0.0,0.0,True,-0.3523,0.1922,0.18543,-0.0248,1.0,0.0579,-0.9044,0.0,0.0,True,both_converged
57379,-17.0,-0.4837,0.20468,0.197,-0.008,1.0,0.0975,-1.4401,0.0,0.0,True,-0.3488,0.19008,0.18332,-0.0253,1.0,0.0598,-0.928,0.0,0.0,True,both_converged
57379,-16.5,-0.4922,0.20824,0.20065,-0.0142,1.0,0.0997,-1.5758,0.0,0.0,True,-0.3503,0.19057,0.18384,-0.0262,1.0,0.0608,-0.9842,0.0,0.0,True,both_converged
57379,-16.0,-0.4523,0.19177,0.18414,-0.0137,1.0,0.1041,-1.4179,0.0,0.0,True,-0.3447,0.18574,0.17908,-0.0259,1.0,0.0618,-0.9775,0.0,0.0,True,both_converged
57379,-15.5,-0.4376,0.18616,0.17855,-0.0165,1.0,0.1101,-1.4021,0.0,0.0,True,-0.3366,0.1805,0.17388,-0.0248,1.0,0.0646,-0.9308,0.0,0.0,True,both_converged
57379,-15.0,-0.4499,0.18826,0.18075,-0.022,1.0,0.1135,-1.5279,0.0,0.0,True,-0.3336,0.17778,0.17119,-0.0243,1.0,0.0677,-0.9268,0.0,0.0,True,both_converged
57379,-14.5,-0.4094,0.17365,0.1661,-0.0213,1.0,0.12,-1.388,0.0,0.0,True,-0.3336,0.17627,0.16971,-0.0242,1.0,0.0705,-0.9492,0.0,0.0,True,both_converged
57379,-14.0,-0.406,0.17031,0.16282,-0.0248,1.0,0.1271,-1.4353,0.0,0.0,True,-0.3402,0.17744,0.17094,-0.0247,1.0,0.0718,-1.013,0.0,0.0,True,both_converged
57379,-13.5,-0.3928,0.1628,0.15536,-0.0268,1.0,0.1304,-1.432,0.0,0.0,True,-0.3332,0.17089,0.16447,-0.0235,1.0,0.0731,-0.9847,0.0,0.0,True,both_converged
57379,-13.0,-0.3741,0.15583,0.14839,-0.0276,1.0,0.1385,-1.3828,0.0,0.0,True,-0.3257,0.16539,0.15902,-0.0218,1.0,0.0762,-0.9499,0.0,0.0,True,both_converged
57379,-12.5,-0.4003,0.15709,0.14982,-0.0329,1.0,0.1435,-1.5364,0.0,0.0,True,-0.3236,0.16182,0.1555,-0.0207,1.0,0.0797,-0.9658,0.0,0.0,True,both_converged
57379,-12.0,-0.3543,0.14383,0.1365,-0.0308,1.0,0.1536,-1.3674,0.0,0.0,True,-0.3259,0.15942,0.15316,-0.0203,1.0,0.083,-1.0151,0.0,0.0,True,both_converged
57379,-11.5,-0.3854,0.14455,0.13742,-0.0356,1.0,0.1592,-1.5276,0.0,0.0,True,-0.3386,0.16003,0.15385,-0.0205,1.0,0.0843,-1.1143,0.0,0.0,True,both_converged
57379,-11.0,-0.3386,0.132,0.12481,-0.0331,1.0,0.1691,-1.3786,0.0,0.0,True,-0.3247,0.15083,0.14474,-0.0182,1.0,0.0869,-1.0716,0.0,0.0,True,both_converged
57379,-10.5,-0.3467,0.12753,0.12048,-0.035,1.0,0.1771,-1.4358,0.0,0.0,True,-0.3201,0.14592,0.13989,-0.0164,1.0,0.0911,-1.0638,0.0,0.0,True,both_converged
57379,-10.0,-0.3408,0.12242,0.11546,-0.0347,1.0,0.1899,-1.42,0.0,0.0,True,-0.3217,0.14238,0.13642,-0.0154,1.0,0.0956,-1.0982,0.0,0.0,True,both_converged
57379,-9.5,-0.3274,0.11528,0.1084,-0.0335,1.0,0.1981,-1.3787,0.0,0.0,True,-0.3369,0.14215,0.1363,-0.0152,1.0,0.0979,-1.1962,0.0,0.0,True,both_converged
57379,-9.0,-0.3685,0.11471,0.10812,-0.0339,1.0,0.2078,-1.5018,0.0,0.0,True,-0.3226,0.13327,0.1275,-0.0127,1.0,0.1019,-1.148,0.0,0.0,True,both_converged
57379,-8.5,-0.3446,0.10684,0.10029,-0.0308,1.0,0.2226,-1.4228,0.0,0.0,True,-0.3211,0.12877,0.12308,-0.0108,1.0,0.1084,-1.1497,0.0,0.0,True,both_converged
57379,-8.0,-0.341,0.10118,0.09474,-0.0276,1.0,0.2348,-1.3997,0.0,0.0,True,-0.3383,0.12792,0.12236,-0.0101,1.0,0.1123,-1.2371,0.0,0.0,True,both_converged
57379,-7.5,-0.4173,0.10229,0.09627,-0.0223,1.0,0.2413,-1.5543,0.0,0.0,True,-0.399,0.12777,0.12177,-0.0085,1.0,0.1117,-1.4532,0.0,0.0,True,both_converged
57379,-7.0,-0.4069,0.09596,0.09002,-0.0172,1.0,0.2568,-1.4959,0.0,0.0,True,-0.4265,0.13012,0.12433,-0.0091,1.0,0.113,-1.5868,0.0,0.0,True,both_converged
57379,-6.5,-0.41,0.09072,0.0849,-0.0123,1.0,0.2695,-1.4695,0.0,0.0,True,-0.4005,0.11756,0.11179,-0.0021,1.0,0.1202,-1.4448,0.0,0.0,True,both_converged
57379,-6.0,-0.4286,0.08659,0.08095,-0.0082,1.0,0.2857,-1.4793,0.0,0.0,True,-0.4051,0.11527,0.10964,-0.0033,1.0,0.127,-1.4999,0.0,0.0,True,both_converged
57379,-5.5,-0.4617,0.08317,0.07767,-0.0097,1.0,0.3094,-1.5515,0.0,0.0,True,-0.397,0.10899,0.10346,-0.0032,1.0,0.1309,-1.5005,0.0,0.0,True,both_converged
57379,-5.0,-0.4543,0.07731,0.07192,-0.0033,1.0,0.3302,-1.4913,0.0,0.0,True,-0.3831,0.10353,0.09808,-0.0033,1.0,0.1403,-1.4704,0.0,0.0,True,both_converged
57379,-4.5,-0.4552,0.07253,0.06719,-0.0016,1.0,0.3628,-1.4777,0.0,0.0,True,-0.363,0.09747,0.09211,-0.0071,1.0,0.148,-1.4668,0.0,0.0,True,both_converged
57379,-4.0,-0.448,0.06809,0.06284,0.0044,1.0,0.4016,-1.4207,0.0,0.0,True,-0.3294,0.0915,0.08619,-0.0145,1.0,0.1625,-1.4454,0.0,0.0,True,both_converged
57379,-3.5,-0.2939,0.03762,0.02882,-0.0516,1.0,0.1802,-1.8993,0.0,0.0,True,-0.2878,0.08499,0.07969,-0.0217,1.0,0.1787,-1.3915,0.0,0.0,True,both_converged
57379,-3.0,-0.2461,0.03495,0.02557,-0.0528,1.0,0.1967,-1.7709,0.0,0.0,True,-0.2411,0.07824,0.07296,-0.0281,1.0,0.1964,-1.3179,0.0,0.0,True,both_converged
57379,-2.5,-0.2002,0.03341,0.02366,-0.0534,1.0,0.2193,-1.6292,0.0,0.0,True,-0.1693,0.07169,0.06635,-0.0413,1.0,0.228,-1.2738,0.0,0.0,True,both_converged
57379,-2.0,-0.0994,0.03237,0.02232,-0.0633,0.9827,0.2685,-1.3869,0.0,0.0,True,-0.0967,0.06524,0.05985,-0.0519,1.0,0.2618,-1.1946,0.0,0.0,True,both_converged
57379,-1.5,-0.0115,0.0317,0.02166,-0.0707,0.9615,0.3409,-1.1705,0.0,0.0,True,0.1499,0.04855,0.04224,-0.1101,1.0,0.1864,-1.2018,0.0,0.0,True,both_converged
57379,-1.0,0.0803,0.03095,0.02148,-0.0779,0.9423,0.4784,-0.9594,0.0,0.0,True,0.1358,0.05075,0.0449,-0.0922,1.0,0.2986,-0.9756,0.0,0.0,True,both_converged
57379,-0.5,0.1371,0.02938,0.02138,-0.0769,0.9183,1.0,-0.8167,0.0,0.0,True,0.4406,0.03742,0.02945,-0.1551,1.0,0.2824,-0.8377,0.0,0.0,True,both_converged
57379,0.0,0.2224,0.03064,0.02187,-0.0836,0.896,1.0,-0.6372,0.0,0.0,True,0.5043,0.03737,0.02945,-0.1565,1.0,0.35,-0.7881,0.0,0.0,True,both_converged
57379,0.5,0.2817,0.03188,0.02271,-0.0857,0.8706,1.0,-0.5961,0.0,0.0,True,0.7519,0.03015,0.02248,-0.1856,0.8932,0.5134,-1.0804,0.0,0.0,True,both_converged
57379,1.0,0.3554,0.03297,0.02348,-0.0897,0.8489,1.0,-0.6456,0.0,0.0,True,0.8495,0.02689,0.01641,-0.1844,0.3927,0.5937,-1.2273,0.0,0.0,True,both_converged
57379,1.5,0.409,0.03433,0.02464,-0.0905,0.825,1.0,-0.6838,0.0,0.0,True,0.9189,0.02815,0.01701,-0.1861,0.3507,0.663,-1.3474,0.0,0.0,True,both_converged
57379,2.0,0.4706,0.03551,0.02567,-0.0923,0.8031,1.0,-0.7304,0.0,0.0,True,1.0118,0.02875,0.01733,-0.1923,0.3191,0.7707,-1.5078,0.0,0.0,True,both_converged
57379,2.5,0.5394,0.03641,0.02648,-0.0946,0.7835,1.0,-0.7864,0.0,0.0,True,1.0871,0.03045,0.01898,-0.1959,0.2965,1.0,-1.6461,0.0,0.0,True,both_converged
57379,3.0,0.576,0.03843,0.02846,-0.093,0.7594,1.0,-0.8201,0.0,0.0,True,1.1559,0.03337,0.02165,-0.1982,0.2803,1.0,-1.7887,0.0,0.0,True,both_converged
57379,3.5,0.6306,0.03981,0.02983,-0.0934,0.7387,1.0,-0.8731,0.0,0.0,True,1.2156,0.03644,0.02469,-0.1986,0.265,1.0,-1.921,0.0,0.0,True,both_converged
57379,4.0,0.692,0.0408,0.03088,-0.0941,0.7196,1.0,-0.9406,0.0,0.0,True,1.2717,0.04001,0.02827,-0.1983,0.2542,1.0,-2.0622,0.0,0.0,True,both_converged
57379,4.5,0.7217,0.0435,0.03363,-0.0919,0.6962,1.0,-0.9895,0.0,0.0,True,1.3205,0.04358,0.03242,-0.1965,0.2428,1.0,-2.1749,0.0,0.0,True,both_converged
57379,5.0,0.7658,0.04542,0.03566,-0.0909,0.6747,1.0,-1.0731,0.0,0.0,True,1.3695,0.04851,0.0375,-0.1952,0.2357,1.0,-2.3128,0.0,0.0,True,both_converged
57379,5.5,0.8254,0.04622,0.03661,-0.0906,0.6552,1.0,-1.2032,0.0,0.0,True,1.4074,0.05333,0.04327,-0.1917,0.2282,1.0,-2.3928,0.0,0.0,True,both_converged
57379,6.0,0.8437,0.04994,0.04046,-0.0876,0.6299,1.0,-1.2857,0.0,0.0,True,1.4416,0.05979,0.05047,-0.1882,0.2267,1.0,-2.4721,0.0,0.0,True,both_converged
57379,6.5,0.8983,0.05072,0.04146,-0.0863,0.608,1.0,-1.4518,0.0,0.0,True,1.4674,0.06692,0.05829,-0.1841,0.2247,1.0,-2.5324,0.0,0.0,True,both_converged
57379,7.0,0.9975,0.0473,0.03836,-0.0864,0.589,1.0,-1.7508,0.0,0.0,True,1.4857,0.07714,0.06917,-0.1803,0.2348,1.0,-2.5556,0.0,0.0,True,both_converged
57379,7.5,1.0238,0.04931,0.04059,-0.0821,0.5597,1.0,-1.907,0.0,0.0,True,1.2123,0.11744,0.11151,-0.1945,0.4487,1.0,-1.6069,0.0,0.0,True,both_converged
57379,8.0,1.1257,0.04423,0.03586,-0.081,0.5302,1.0,-2.2964,0.0,0.0,True,1.2271,0.1235,0.11753,-0.1879,0.3955,1.0,-1.6759,0.0,0.0,True,both_converged
57379,8.5,1.2463,0.03733,0.02907,-0.0816,0.4897,1.0,-2.8,0.0,0.0,True,1.2292,0.13162,0.12562,-0.1844,0.3596,1.0,-1.7116,0.0,0.0,True,both_converged
57379,9.0,1.2957,0.03572,0.02755,-0.0772,0.4399,1.0,-3.1102,0.0,0.0,True,1.2219,0.14076,0.13474,-0.1829,0.33,1.0,-1.7168,0.0,0.0,True,both_converged
57379,9.5,1.3285,0.03471,0.02639,-0.0708,0.3782,1.0,-3.3887,0.0,0.0,True,1.2373,0.14875,0.14275,-0.1806,0.3059,1.0,-1.7739,0.0,0.0,True,both_converged
57379,10.0,1.3281,0.03602,0.02748,-0.0613,0.3092,1.0,-3.5456,0.0,0.0,True,1.2425,0.15806,0.15207,-0.1804,0.2882,1.0,-1.7979,0.0,0.0,True,both_converged
57379,10.5,1.3227,0.03887,0.02981,-0.0524,0.2487,1.0,-3.6676,0.0,0.0,True,1.2398,0.16731,0.16131,-0.1818,0.2715,1.0,-1.7961,0.0,0.0,True,both_converged
57379,11.0,1.3296,0.04278,0.03332,-0.0464,0.203,1.0,-3.8174,0.0,0.0,True,1.2348,0.17608,0.17008,-0.1843,0.2554,1.0,-1.7785,0.0,0.0,True,both_converged
57379,11.5,1.3569,0.047,0.03726,-0.0431,0.169,1.0,-4.0306,0.0,0.0,True,1.2257,0.18467,0.17865,-0.1888,0.242,1.0,-1.7307,0.0,0.0,True,both_converged
57379,12.0,1.3847,0.05203,0.04243,-0.0404,0.1468,1.0,-4.2236,0.0,0.0,True,1.2349,0.19373,0.18773,-0.1911,0.233,1.0,-1.7471,0.0,0.0,True,both_converged
57379,12.5,1.4054,0.05758,0.04829,-0.0373,0.1321,1.0,-4.3951,0.0,0.0,True,1.2682,0.20333,0.19744,-0.1889,0.22,1.0,-1.8626,0.0,0.0,True,both_converged
57379,13.0,1.4198,0.06392,0.05495,-0.0343,0.1223,1.0,-4.5495,0.0,0.0,True,1.2475,0.20897,0.20302,-0.1979,0.2091,1.0,-1.7456,0.0,0.0,True,both_converged
57379,13.5,1.3863,0.07128,0.063,-0.0289,0.1187,1.0,-4.5161,0.0,0.0,True,1.2888,0.22201,0.2162,-0.1945,0.2022,1.0,-1.8968,0.0,0.0,True,both_converged
57379,14.0,1.3459,0.08029,0.07258,-0.026,0.1165,1.0,-4.4458,0.0,0.0,True,1.2689,0.22435,0.2185,-0.2048,0.1917,1.0,-1.7709,0.0,0.0,True,both_converged
57379,14.5,1.2618,0.09502,0.08796,-0.0279,0.1194,1.0,-4.1593,0.0,0.0,True,1.2995,0.23664,0.23088,-0.2038,0.1852,1.0,-1.8742,0.0,0.0,True,both_converged
57379,15.0,1.1735,0.11564,0.10892,-0.0367,0.1235,1.0,-3.7781,0.0,0.0,True,1.292,0.23897,0.2332,-0.2126,0.176,1.0,-1.7906,0.0,0.0,True,both_converged
57379,15.5,0.9813,0.17993,0.173,-0.0774,0.1671,1.0,-2.2671,0.0,0.0,True,1.334,0.25564,0.25005,-0.2087,0.1694,1.0,-1.9596,0.0,0.0,True,both_converged
57379,16.0,,,,,,,,,,False,1.3176,0.25326,0.24761,-0.2209,0.162,1.0,-1.8109,0.0,0.0,True,optimised_only
57379,16.5,0.6759,0.184,0.17754,-0.063,0.239,1.0,-1.2163,0.0,0.0,True,1.3415,0.26312,0.25759,-0.2215,0.1553,1.0,-1.9016,0.0,0.0,True,both_converged
57379,17.0,0.692,0.1913,0.1849,-0.0637,0.225,1.0,-1.2549,0.0,0.0,True,1.3482,0.26876,0.26326,-0.2283,0.1513,1.0,-1.8606,0.0,0.0,True,both_converged
57379,17.5,0.6798,0.19345,0.18709,-0.0661,0.2132,1.0,-1.1897,0.0,0.0,True,1.3613,0.27431,0.26888,-0.2332,0.143,1.0,-1.922,0.0,0.0,True,both_converged
57379,18.0,0.6798,0.19843,0.19211,-0.0681,0.2022,1.0,-1.1625,0.0,0.0,True,1.3976,0.29478,0.28955,-0.2301,0.1385,1.0,-2.2956,0.0,0.0,True,both_converged
57379,18.5,0.6914,0.20529,0.19904,-0.0693,0.194,1.0,-1.1858,0.0,0.0,True,1.3889,0.28793,0.28263,-0.243,0.1334,1.0,-2.156,0.0,0.0,True,both_converged
57379,19.0,0.7123,0.21374,0.20758,-0.0697,0.1812,1.0,-1.2475,0.0,0.0,True,1.4063,0.29525,0.29007,-0.2462,0.127,1.0,-2.3305,0.0,0.0,True,both_converged
57379,19.5,0.6959,0.21512,0.20896,-0.0733,0.1726,1.0,-1.1475,0.0,0.0,True,1.4297,0.31023,0.30517,-0.2469,0.1238,1.0,-2.5735,0.0,0.0,True,both_converged
57379,20.0,0.7092,0.2226,0.21649,-0.0744,0.1655,1.0,-1.1824,0.0,0.0,True,1.4333,0.30779,0.30275,-0.2574,0.1181,1.0,-2.5191,0.0,0.0,True,both_converged
57379,20.5,0.7121,0.22707,0.22104,-0.0764,0.1545,1.0,-1.174,0.0,0.0,True,1.451,0.31568,0.31078,-0.2604,0.1127,1.0,-2.6926,0.0,0.0,True,both_converged
57379,21.0,0.7133,0.23275,0.22675,-0.079,0.1492,1.0,-1.1422,0.0,0.0,True,1.4676,0.32594,0.32111,-0.264,0.1097,1.0,-2.8247,0.0,0.0,True,both_converged
57379,21.5,0.7258,0.2394,0.23348,-0.0801,0.1396,1.0,-1.1774,0.0,0.0,True,1.4782,0.32754,0.32277,-0.2724,0.104,1.0,-2.8148,0.0,0.0,True,both_converged
57379,22.0,0.7229,0.24419,0.23828,-0.0832,0.1339,1.0,-1.1293,0.0,0.0,True,1.5003,0.34192,0.33734,-0.2721,0.0981,1.0,-3.0491,0.0,0.0,True,both_converged
57379,22.5,0.7339,0.25077,0.24494,-0.0845,0.1262,1.0,-1.165,0.0,0.0,True,1.5084,0.34141,0.33682,-0.2824,0.0947,1.0,-2.9304,0.0,0.0,True,both_converged
57379,23.0,0.7347,0.25651,0.25072,-0.0873,0.122,1.0,-1.1284,0.0,0.0,True,1.5251,0.34899,0.3445,-0.2861,0.0873,1.0,-2.9906,0.0,0.0,True,both_converged
57379,23.5,0.7412,0.26224,0.25651,-0.0892,0.1138,1.0,-1.1347,0.0,0.0,True,1.0107,0.33156,0.3276,-0.1907,0.0922,1.0,-1.6919,0.0,0.0,True,both_converged
57379,24.0,0.7498,0.2701,0.26443,-0.0909,0.1105,1.0,-1.158,0.0,0.0,True,1.0269,0.34577,0.34195,-0.19,0.0857,1.0,-1.8203,0.0,0.0,True,both_converged
57379,24.5,0.7481,0.27435,0.26872,-0.0942,0.1044,1.0,-1.1101,0.0,0.0,True,1.0153,0.34839,0.34457,-0.1946,0.0818,1.0,-1.6318,0.0,0.0,True,both_converged
57379,25.0,0.7678,0.28517,0.27963,-0.0943,0.0985,1.0,-1.2104,0.0,0.0,True,1.0276,0.36135,0.35764,-0.1942,0.0747,1.0,-1.6866,0.0,0.0,True,both_converged
57379,25.5,0.7583,0.28711,0.28158,-0.0986,0.0955,1.0,-1.1007,0.0,0.0,True,1.0194,0.36578,0.36206,-0.1985,0.0712,1.0,-1.4999,0.0,0.0,True,both_converged
57379,26.0,0.7628,0.29309,0.28764,-0.1009,0.09,1.0,-1.0965,0.0,0.0,True,1.0242,0.37489,0.37124,-0.1995,0.0654,1.0,-1.485,0.0,0.0,True,both_converged
57379,26.5,0.7798,0.30434,0.29895,-0.1012,0.0861,1.0,-1.1941,0.0,0.0,True,1.6281,0.39664,0.39237,-0.3239,0.0553,1.0,-2.5874,0.0,0.0,True,both_converged
57379,27.0,0.771,0.30605,0.30069,-0.1055,0.0831,1.0,-1.0882,0.0,0.0,True,1.6415,0.39856,0.39433,-0.3324,0.0529,1.0,-2.4919,0.0,0.0,True,both_converged
57379,27.5,0.7755,0.31219,0.3069,-0.1078,0.0781,1.0,-1.0878,0.0,0.0,True,1.6551,0.40419,0.40001,-0.3377,0.0498,1.0,-2.5148,0.0,0.0,True,both_converged
57379,28.0,,,,,,,,,,False,1.6685,0.41495,0.41085,-0.3399,0.0476,1.0,-2.6335,0.0,0.0,True,optimised_only
57379,28.5,0.7835,0.32563,0.32046,-0.1124,0.0733,1.0,-1.0682,0.0,0.0,True,1.0287,0.41753,0.41409,-0.21,0.0506,1.0,-1.2423,0.0,0.0,True,both_converged
57379,29.0,0.7859,0.33159,0.32648,-0.115,0.0688,1.0,-1.0505,0.0,0.0,True,1.0312,0.42637,0.42299,-0.2112,0.048,1.0,-1.2726,0.0,0.0,True,both_converged
57379,29.5,0.7926,0.3386,0.33358,-0.1166,0.0652,1.0,-1.0937,0.0,0.0,True,1.0314,0.43541,0.43208,-0.2132,0.0471,1.0,-1.2531,0.0,0.0,True,both_converged
57379,30.0,0.7956,0.3459,0.34092,-0.1189,0.0639,1.0,-1.0863,0.0,0.0,True,1.0307,0.4434,0.44011,-0.2156,0.0453,1.0,-1.207,0.0,0.0,True,both_converged
62187,-30.0,-0.9106,0.34565,0.33847,0.1044,1.0,0.0363,-1.7308,0.0,0.0,True,,,,,,,,,,False,baseline_only
62187,-29.5,-0.8958,0.34081,0.3336,0.0995,1.0,0.0378,-1.7011,0.0,0.0,True,-0.8838,0.3425,0.3351,0.0826,1.0,0.0286,-1.5123,0.0,0.0,True,both_converged
62187,-29.0,-0.8807,0.33613,0.32889,0.0943,1.0,0.0393,-1.6853,0.0,0.0,True,-0.8692,0.33756,0.33013,0.0775,1.0,0.0295,-1.4879,0.0,0.0,True,both_converged
62187,-28.5,-0.8656,0.33232,0.32505,0.0886,1.0,0.0404,-1.6998,0.0,0.0,True,-0.8543,0.33266,0.32519,0.0723,1.0,0.0302,-1.4641,0.0,0.0,True,both_converged
62187,-28.0,,,,,,,,,,False,-0.839,0.32792,0.32041,0.0672,1.0,0.0307,-1.4602,0.0,0.0,True,optimised_only
62187,-27.5,,,,,,,,,,False,-0.8235,0.32362,0.31606,0.0619,1.0,0.0311,-1.4612,0.0,0.0,True,optimised_only
62187,-27.0,-0.8184,0.31577,0.30844,0.0745,1.0,0.0433,-1.6439,0.0,0.0,True,,,,,,,,,,False,baseline_only
62187,-26.5,-0.8021,0.31068,0.30332,0.0696,1.0,0.0452,-1.6264,0.0,0.0,True,-0.7925,0.3135,0.30591,0.052,1.0,0.0316,-1.4339,0.0,0.0,True,both_converged
62187,-26.0,-0.7862,0.30674,0.29936,0.0642,1.0,0.0471,-1.6401,0.0,0.0,True,-0.7768,0.3072,0.29958,0.0479,1.0,0.0322,-1.3974,0.0,0.0,True,both_converged
62187,-25.5,,,,,,,,,,False,-0.7608,0.30181,0.29415,0.0434,1.0,0.033,-1.3746,0.0,0.0,True,optimised_only
62187,-25.0,,,,,,,,,,False,-0.7445,0.29653,0.28885,0.039,1.0,0.0339,-1.3567,0.0,0.0,True,optimised_only
62187,-24.5,-0.4378,0.2443,0.23798,0.0051,1.0,0.0553,-0.9608,0.0,0.0,True,-0.7281,0.29131,0.28362,0.0345,1.0,0.0348,-1.3414,0.0,0.0,True,both_converged
62187,-24.0,-0.4271,0.23765,0.23131,0.0028,1.0,0.0564,-0.9505,0.0,0.0,True,-0.7114,0.28617,0.27846,0.0301,1.0,0.0357,-1.3293,0.0,0.0,True,both_converged
62187,-23.5,-0.4156,0.23185,0.22547,0.0007,1.0,0.059,-0.9198,0.0,0.0,True,-0.6947,0.28147,0.27373,0.0255,1.0,0.0364,-1.3264,0.0,0.0,True,both_converged
62187,-23.0,-0.4064,0.22726,0.22085,-0.0019,1.0,0.062,-0.9197,0.0,0.0,True,,,,,,,,,,False,baseline_only
62187,-22.5,-0.4005,0.22448,0.21804,-0.005,1.0,0.0641,-0.9547,0.0,0.0,True,-0.4204,0.22721,0.22057,-0.0134,1.0,0.0418,-0.7805,0.0,0.0,True,both_converged
62187,-22.0,,,,,,,,,,False,-0.4129,0.22374,0.21709,-0.0154,1.0,0.0428,-0.8076,0.0,0.0,True,optimised_only
62187,-21.5,-0.3792,0.21322,0.20675,-0.0094,1.0,0.0674,-0.9488,0.0,0.0,True,-0.4068,0.22141,0.21476,-0.0175,1.0,0.0434,-0.852,0.0,0.0,True,both_converged
62187,-21.0,-0.3689,0.20857,0.20207,-0.0116,1.0,0.0707,-0.9459,0.0,0.0,True,,,,,,,,,,False,baseline_only
62187,-20.5,-0.3635,0.20602,0.1995,-0.0145,1.0,0.0742,-0.9868,0.0,0.0,True,-0.3907,0.21231,0.20568,-0.02,1.0,0.0449,-0.8621,0.0,0.0,True,both_converged
62187,-20.0,,,,,,,,,,False,-0.3828,0.20829,0.20167,-0.021,1.0,0.0464,-0.8583,0.0,0.0,True,optimised_only
62187,-19.5,-0.342,0.19535,0.18881,-0.0185,1.0,0.0786,-0.9673,0.0,0.0,True,-0.3757,0.20477,0.19816,-0.022,1.0,0.048,-0.8663,0.0,0.0,True,both_converged
62187,-19.0,-0.3321,0.19105,0.18448,-0.0205,1.0,0.0826,-0.9579,0.0,0.0,True,-0.3694,0.20158,0.19499,-0.023,1.0,0.0496,-0.8829,0.0,0.0,True,both_converged
62187,-18.5,-0.3299,0.18958,0.18301,-0.0233,1.0,0.086,-1.0181,0.0,0.0,True,-0.3647,0.19936,0.19278,-0.0241,1.0,0.0509,-0.9166,0.0,0.0,True,both_converged
62187,-18.0,-0.3226,0.18495,0.17838,-0.0254,1.0,0.0879,-1.043,0.0,0.0,True,-0.3639,0.19928,0.19272,-0.0255,1.0,0.0515,-0.9759,0.0,0.0,True,both_converged
62187,-17.5,-0.306,0.17841,0.17183,-0.0262,1.0,0.0928,-0.9931,0.0,0.0,True,-0.3556,0.19348,0.18698,-0.0254,1.0,0.0524,-0.9586,0.0,0.0,True,both_converged
62187,-17.0,-0.3011,0.17568,0.1691,-0.0284,1.0,0.0979,-1.0205,0.0,0.0,True,-0.348,0.18878,0.1823,-0.025,1.0,0.0541,-0.9266,0.0,0.0,True,both_converged
62187,-16.5,-0.3177,0.18024,0.17366,-0.0315,1.0,0.0996,-1.146,0.0,0.0,True,-0.3431,0.18566,0.17922,-0.0249,1.0,0.0562,-0.9217,0.0,0.0,True,both_converged
62187,-16.0,-0.4589,0.19424,0.18691,-0.0152,1.0,0.0989,-1.4754,0.0,0.0,True,-0.3398,0.18304,0.17663,-0.0248,1.0,0.0584,-0.9297,0.0,0.0,True,both_converged
62187,-15.5,-0.4456,0.18723,0.17995,-0.0182,1.0,0.1009,-1.4774,0.0,0.0,True,-0.3398,0.18203,0.17565,-0.0251,1.0,0.0603,-0.9664,0.0,0.0,True,both_converged
62187,-15.0,-0.4222,0.17894,0.17164,-0.0191,1.0,0.1062,-1.3935,0.0,0.0,True,-0.3479,0.18465,0.17831,-0.026,1.0,0.061,-1.0466,0.0,0.0,True,both_converged
62187,-14.5,-0.42,0.17626,0.16902,-0.0232,1.0,0.1127,-1.4606,0.0,0.0,True,-0.4303,0.18802,0.18081,-0.0248,1.0,0.0605,-1.289,0.0,0.0,True,both_converged
62187,-14.0,-0.4009,0.16746,0.16026,-0.0246,1.0,0.1165,-1.4286,0.0,0.0,True,-0.4277,0.18579,0.17871,-0.0263,1.0,0.0613,-1.3369,0.0,0.0,True,both_converged
62187,-13.5,-0.3847,0.16105,0.15386,-0.0261,1.0,0.1233,-1.397,0.0,0.0,True,-0.4092,0.17569,0.16864,-0.0246,1.0,0.0645,-1.2199,0.0,0.0,True,both_converged
62187,-13.0,-0.4027,0.16116,0.1541,-0.0312,1.0,0.128,-1.5342,0.0,0.0,True,-0.4014,0.17101,0.16403,-0.0244,1.0,0.0678,-1.1977,0.0,0.0,True,both_converged
62187,-12.5,-0.3635,0.14874,0.14165,-0.0299,1.0,0.1345,-1.3897,0.0,0.0,True,-0.3983,0.16786,0.16099,-0.0246,1.0,0.0708,-1.2329,0.0,0.0,True,both_converged
62187,-12.0,-0.3737,0.14649,0.1395,-0.0334,1.0,0.1428,-1.4682,0.0,0.0,True,-0.4066,0.16859,0.16185,-0.0254,1.0,0.0719,-1.3386,0.0,0.0,True,both_converged
62187,-11.5,-0.3471,0.13688,0.12991,-0.0329,1.0,0.1489,-1.3957,0.0,0.0,True,-0.3903,0.15819,0.15152,-0.0231,1.0,0.074,-1.2812,0.0,0.0,True,both_converged
62187,-11.0,-0.3537,0.13337,0.12651,-0.0353,1.0,0.1581,-1.4548,0.0,0.0,True,-0.3836,0.15289,0.14631,-0.0212,1.0,0.0774,-1.2648,0.0,0.0,True,both_converged
62187,-10.5,-0.3348,0.12525,0.11843,-0.0347,1.0,0.1646,-1.406,0.0,0.0,True,-0.3822,0.14901,0.14253,-0.02,1.0,0.0813,-1.29,0.0,0.0,True,both_converged
62187,-10.0,-0.3573,0.12329,0.11666,-0.0369,1.0,0.1747,-1.5019,0.0,0.0,True,-0.3918,0.14837,0.14202,-0.0195,1.0,0.0839,-1.3787,0.0,0.0,True,both_converged
62187,-9.5,-0.3276,0.11441,0.10779,-0.0343,1.0,0.1847,-1.3948,0.0,0.0,True,-0.4147,0.15049,0.14433,-0.0185,1.0,0.0845,-1.5026,0.0,0.0,True,both_converged
62187,-9.0,-0.3631,0.11216,0.10583,-0.035,1.0,0.1923,-1.5129,0.0,0.0,True,-0.3809,0.13608,0.12993,-0.0149,1.0,0.0893,-1.3605,0.0,0.0,True,both_converged
62187,-8.5,-0.3428,0.10536,0.09905,-0.0318,1.0,0.2051,-1.4371,0.0,0.0,True,-0.3817,0.13221,0.12616,-0.0129,1.0,0.0939,-1.3755,0.0,0.0,True,both_converged
62187,-8.0,-0.3457,0.1002,0.09404,-0.0286,1.0,0.2155,-1.4298,0.0,0.0,True,-0.3983,0.13182,0.12593,-0.0112,1.0,0.0974,-1.4623,0.0,0.0,True,both_converged
62187,-7.5,-0.4055,0.09987,0.09406,-0.0233,1.0,0.2238,-1.5473,0.0,0.0,True,-0.4297,0.13394,0.12826,-0.0091,1.0,0.0982,-1.5877,0.0,0.0,True,both_converged
62187,-7.0,-0.3947,0.09366,0.08792,-0.0184,1.0,0.2365,-1.4869,0.0,0.0,True,-0.3936,0.12061,0.11494,-0.0052,1.0,0.1062,-1.433,0.0,0.0,True,both_converged
62187,-6.5,-0.4265,0.08983,0.08431,-0.0144,1.0,0.2454,-1.5362,0.0,0.0,True,-0.4095,0.1192,0.11369,-0.0031,1.0,0.1114,-1.4963,0.0,0.0,True,both_converged
62187,-6.0,-0.4547,0.08567,0.08031,-0.014,1.0,0.2599,-1.5943,0.0,0.0,True,-0.3423,0.10604,0.10108,0.0,1.0,0.1214,-1.2492,0.0,0.0,True,both_converged
62187,-5.5,-0.4581,0.08052,0.07525,-0.0111,1.0,0.2777,-1.5714,0.0,0.0,True,-0.3563,0.10393,0.09909,-0.0007,1.0,0.1273,-1.3252,0.0,0.0,True,both_converged
62187,-5.0,-0.4545,0.07569,0.0705,-0.0068,1.0,0.2991,-1.5238,0.0,0.0,True,-0.3753,0.10442,0.0992,-0.013,1.0,0.1289,-1.5693,0.0,0.0,True,both_converged
62187,-4.5,-0.4527,0.07044,0.06525,-0.0075,1.0,0.3293,-1.5191,0.0,0.0,True,-0.3655,0.0969,0.09174,-0.0058,1.0,0.1357,-1.4686,0.0,0.0,True,both_converged
62187,-4.0,-0.4418,0.0657,0.06055,-0.0048,1.0,0.3645,-1.469,0.0,0.0,True,-0.3315,0.09065,0.08555,-0.0138,1.0,0.1474,-1.4591,0.0,0.0,True,both_converged
62187,-3.5,-0.4021,0.05762,0.05217,-0.0156,1.0,0.3632,-1.4667,0.0,0.0,True,-0.2899,0.08416,0.07908,-0.0211,1.0,0.1635,-1.404,0.0,0.0,True,both_converged
62187,-3.0,-0.2443,0.03386,0.02455,-0.0532,1.0,0.187,-1.7974,0.0,0.0,True,-0.2383,0.07739,0.0723,-0.0295,1.0,0.1806,-1.3263,0.0,0.0,True,both_converged
62187,-2.5,-0.146,0.03221,0.02234,-0.0627,0.9842,0.2229,-1.5608,0.0,0.0,True,-0.159,0.0706,0.06544,-0.045,1.0,0.2113,-1.2858,0.0,0.0,True,both_converged
62187,-2.0,-0.0573,0.03122,0.02124,-0.0702,0.9644,0.2728,-1.3313,0.0,0.0,True,-0.0783,0.06407,0.05884,-0.0579,1.0,0.2444,-1.2037,0.0,0.0,True,both_converged
62187,-1.5,0.0296,0.03045,0.02068,-0.077,0.9448,0.35,-1.1128,0.0,0.0,True,0.1185,0.05037,0.0445,-0.1018,1.0,0.1973,-1.1686,0.0,0.0,True,both_converged
62187,-1.0,0.1136,0.02949,0.02042,-0.0826,0.9257,0.5001,-0.9141,0.0,0.0,True,0.3834,0.03686,0.02908,-0.155,1.0,0.2164,-1.0666,0.0,0.0,True,both_converged
62187,-0.5,0.1715,0.02819,0.02033,-0.0816,0.902,1.0,-0.7687,0.0,0.0,True,0.4571,0.03628,0.02832,-0.1588,1.0,0.279,-0.8343,0.0,0.0,True,both_converged
62187,0.0,0.2538,0.02911,0.02059,-0.0873,0.8806,1.0,-0.5954,0.0,0.0,True,0.5175,0.03649,0.02863,-0.1596,1.0,0.345,-0.7985,0.0,0.0,True,both_converged
62187,0.5,0.3138,0.03013,0.02125,-0.0891,0.8561,1.0,-0.62,0.0,0.0,True,0.7791,0.02602,0.01849,-0.1867,0.8207,0.5084,-1.1088,0.0,0.0,True,both_converged
62187,1.0,0.3836,0.03096,0.02179,-0.0921,0.8346,1.0,-0.6683,0.0,0.0,True,0.8601,0.02677,0.01616,-0.1868,0.3691,0.5766,-1.2412,0.0,0.0,True,both_converged
62187,1.5,0.4585,0.03153,0.02217,-0.0955,0.8154,1.0,-0.7235,0.0,0.0,True,0.9396,0.02769,0.01656,-0.1904,0.3307,0.6469,-1.3751,0.0,0.0,True,both_converged
62187,2.0,0.5019,0.03293,0.02345,-0.0944,0.7905,1.0,-0.7582,0.0,0.0,True,1.0251,0.02862,0.01714,-0.1953,0.3042,0.7385,-1.5314,0.0,0.0,True,both_converged
62187,2.5,0.5658,0.03366,0.0241,-0.0957,0.7705,1.0,-0.812,0.0,0.0,True,1.0891,0.03003,0.01868,-0.1966,0.2846,1.0,-1.6598,0.0,0.0,True,both_converged
62187,3.0,0.6333,0.03412,0.02454,-0.0972,0.7522,1.0,-0.8735,0.0,0.0,True,1.1579,0.03294,0.02125,-0.1991,0.2691,1.0,-1.8069,0.0,0.0,True,both_converged
62187,3.5,0.6916,0.0349,0.02532,-0.0974,0.7328,1.0,-0.9332,0.0,0.0,True,1.2166,0.03574,0.02402,-0.1993,0.2542,1.0,-1.9421,0.0,0.0,True,both_converged
62187,4.0,0.7253,0.03697,0.02744,-0.095,0.7087,1.0,-0.9788,0.0,0.0,True,1.2706,0.03889,0.02756,-0.1983,0.2437,1.0,-2.0695,0.0,0.0,True,both_converged
62187,4.5,0.7842,0.03763,0.02819,-0.0949,0.6898,1.0,-1.069,0.0,0.0,True,1.3215,0.04265,0.03152,-0.1971,0.2329,1.0,-2.2012,0.0,0.0,True,both_converged
62187,5.0,0.8461,0.03795,0.02863,-0.0946,0.6715,1.0,-1.1951,0.0,0.0,True,1.3684,0.04688,0.03633,-0.195,0.2254,1.0,-2.3198,0.0,0.0,True,both_converged
62187,5.5,0.8817,0.04002,0.03084,-0.0922,0.6483,1.0,-1.3059,0.0,0.0,True,1.4109,0.05183,0.04163,-0.1927,0.2169,1.0,-2.4429,0.0,0.0,True,both_converged
62187,6.0,0.9302,0.04104,0.03204,-0.0905,0.6263,1.0,-1.4597,0.0,0.0,True,1.4449,0.05812,0.04878,-0.189,0.2145,1.0,-2.5183,0.0,0.0,True,both_converged
62187,6.5,1.0057,0.03979,0.031,-0.0902,0.6067,1.0,-1.698,0.0,0.0,True,1.4701,0.06505,0.05651,-0.1845,0.2112,1.0,-2.5747,0.0,0.0,True,both_converged
62187,7.0,1.0474,0.04077,0.0322,-0.0872,0.58,1.0,-1.8875,0.0,0.0,True,1.4899,0.07444,0.06652,-0.1804,0.2172,1.0,-2.6137,0.0,0.0,True,both_converged
62187,7.5,1.1441,0.03699,0.02861,-0.0875,0.5534,1.0,-2.2481,0.0,0.0,True,1.2768,0.10812,0.10246,-0.1846,0.3946,1.0,-1.791,0.0,0.0,True,both_converged
62187,8.0,1.2029,0.03569,0.0275,-0.0847,0.518,1.0,-2.5447,0.0,0.0,True,1.2887,0.1153,0.10964,-0.1789,0.3572,1.0,-1.8625,0.0,0.0,True,both_converged
62187,8.5,1.2672,0.0337,0.02554,-0.0823,0.4765,1.0,-2.8871,0.0,0.0,True,1.2518,0.12703,0.12129,-0.1785,0.3262,1.0,-1.8072,0.0,0.0,True,both_converged
62187,9.0,1.3111,0.03268,0.02454,-0.0778,0.4273,1.0,-3.1836,0.0,0.0,True,,,,,,,,,,False,baseline_only
62187,9.5,1.3286,0.03284,0.02469,-0.0702,0.3677,1.0,-3.4105,0.0,0.0,True,1.2857,0.14481,0.1391,-0.1728,0.2864,1.0,-1.94,0.0,0.0,True,both_converged
62187,10.0,1.3288,0.03424,0.02571,-0.0609,0.2986,1.0,-3.5727,0.0,0.0,True,1.2785,0.15533,0.14963,-0.1737,0.2697,1.0,-1.9368,0.0,0.0,True,both_converged
62187,10.5,1.3206,0.03737,0.02829,-0.052,0.2388,1.0,-3.6878,0.0,0.0,True,1.2797,0.16497,0.15931,-0.1742,0.2532,1.0,-1.9544,0.0,0.0,True,both_converged
62187,11.0,1.3272,0.04138,0.03188,-0.0462,0.1936,1.0,-3.8399,0.0,0.0,True,1.2371,0.17427,0.16851,-0.1825,0.2388,1.0,-1.8091,0.0,0.0,True,both_converged
62187,11.5,1.3488,0.04565,0.03604,-0.0424,0.1617,1.0,-4.0334,0.0,0.0,True,1.2257,0.18354,0.17775,-0.1879,0.2278,1.0,-1.7455,0.0,0.0,True,both_converged
62187,12.0,1.3935,0.05028,0.04046,-0.0414,0.1372,1.0,-4.2977,0.0,0.0,True,1.2702,0.19414,0.18845,-0.1834,0.219,1.0,-1.9073,0.0,0.0,True,both_converged
62187,12.5,1.4202,0.05561,0.0461,-0.0388,0.1229,1.0,-4.4987,0.0,0.0,True,1.2455,0.19994,0.19421,-0.1924,0.2063,1.0,-1.7889,0.0,0.0,True,both_converged
62187,13.0,1.4255,0.06113,0.0521,-0.0346,0.114,1.0,-4.629,0.0,0.0,True,1.2539,0.20894,0.20325,-0.1959,0.1997,1.0,-1.786,0.0,0.0,True,both_converged
62187,13.5,1.4183,0.06825,0.05973,-0.0305,0.109,1.0,-4.6942,0.0,0.0,True,0.9587,0.19665,0.19138,-0.1552,0.1994,1.0,-1.2308,0.0,0.0,True,both_converged
62187,14.0,1.3766,0.0766,0.06877,-0.0263,0.1073,1.0,-4.6193,0.0,0.0,True,0.9621,0.20224,0.19703,-0.1561,0.189,1.0,-1.2332,0.0,0.0,True,both_converged
62187,14.5,1.3199,0.08751,0.08028,-0.0252,0.1072,1.0,-4.4683,0.0,0.0,True,0.9684,0.21008,0.20491,-0.1572,0.1843,1.0,-1.2419,0.0,0.0,True,both_converged
62187,15.0,1.2477,0.10257,0.09584,-0.0291,0.109,1.0,-4.2141,0.0,0.0,True,0.9621,0.21404,0.20893,-0.1593,0.1737,1.0,-1.2077,0.0,0.0,True,both_converged
62187,15.5,1.1762,0.1218,0.11534,-0.0379,0.1111,1.0,-3.8927,0.0,0.0,True,0.9843,0.22493,0.2199,-0.1591,0.169,1.0,-1.2758,0.0,0.0,True,both_converged
62187,16.0,,,,,,,,,,False,0.9635,0.2263,0.22132,-0.163,0.1614,1.0,-1.1766,0.0,0.0,True,optimised_only
62187,16.5,0.6867,0.18398,0.17779,-0.062,0.2246,1.0,-1.264,0.0,0.0,True,0.9999,0.23977,0.2349,-0.1612,0.154,1.0,-1.3124,0.0,0.0,True,both_converged
62187,17.0,0.6853,0.18803,0.18189,-0.0635,0.2117,1.0,-1.2425,0.0,0.0,True,0.9713,0.23946,0.23459,-0.1661,0.1501,1.0,-1.1718,0.0,0.0,True,both_converged
62187,17.5,0.6778,0.19223,0.18612,-0.066,0.2011,1.0,-1.1867,0.0,0.0,True,0.9757,0.24555,0.24078,-0.1677,0.1427,1.0,-1.1768,0.0,0.0,True,both_converged
62187,18.0,0.6831,0.19802,0.19195,-0.0676,0.1917,1.0,-1.1812,0.0,0.0,True,0.9964,0.25729,0.25261,-0.1673,0.1383,1.0,-1.2533,0.0,0.0,True,both_converged
62187,18.5,0.7101,0.20746,0.20148,-0.0676,0.1808,1.0,-1.2707,0.0,0.0,True,0.9801,0.25875,0.25412,-0.1717,0.1331,1.0,-1.153,0.0,0.0,True,both_converged
62187,19.0,0.6949,0.20891,0.20296,-0.0709,0.1702,1.0,-1.1833,0.0,0.0,True,0.9878,0.2657,0.26118,-0.1727,0.1268,1.0,-1.2267,0.0,0.0,True,both_converged
62187,19.5,0.7,0.2151,0.20918,-0.0728,0.164,1.0,-1.1689,0.0,0.0,True,0.9989,0.27578,0.27133,-0.1735,0.1236,1.0,-1.3739,0.0,0.0,True,both_converged
62187,20.0,0.7186,0.22274,0.21692,-0.0733,0.1529,1.0,-1.2394,0.0,0.0,True,0.9904,0.27918,0.27479,-0.1773,0.1187,1.0,-1.3512,0.0,0.0,True,both_converged
62187,20.5,0.7076,0.22592,0.22011,-0.077,0.1461,1.0,-1.1521,0.0,0.0,True,0.9979,0.28648,0.28219,-0.1783,0.1127,1.0,-1.4777,0.0,0.0,True,both_converged
62187,21.0,0.7363,0.23717,0.23144,-0.0766,0.1383,1.0,-1.2625,0.0,0.0,True,1.0075,0.29683,0.29263,-0.1792,0.11,1.0,-1.6069,0.0,0.0,True,both_converged
62187,21.5,0.7182,0.23753,0.23181,-0.0811,0.1311,1.0,-1.1375,0.0,0.0,True,1.0001,0.30057,0.29644,-0.183,0.1053,1.0,-1.5677,0.0,0.0,True,both_converged
62187,22.0,0.7457,0.24915,0.24352,-0.0807,0.1245,1.0,-1.2618,0.0,0.0,True,1.0066,0.30819,0.30416,-0.1842,0.0996,1.0,-1.6719,0.0,0.0,True,both_converged
62187,22.5,0.7286,0.24954,0.24393,-0.0854,0.1193,1.0,-1.1326,0.0,0.0,True,1.0124,0.31786,0.3139,-0.1855,0.0971,1.0,-1.7438,0.0,0.0,True,both_converged
62187,23.0,0.7457,0.25773,0.2522,-0.0858,0.1118,1.0,-1.2074,0.0,0.0,True,1.0087,0.32321,0.31934,-0.1889,0.0916,1.0,-1.6975,0.0,0.0,True,both_converged
62187,23.5,0.7396,0.26183,0.25631,-0.0896,0.1081,1.0,-1.125,0.0,0.0,True,1.026,0.33714,0.33341,-0.188,0.0857,1.0,-1.8648,0.0,0.0,True,both_converged
62187,24.0,0.7455,0.2677,0.26225,-0.0917,0.1016,1.0,-1.1357,0.0,0.0,True,1.0136,0.33967,0.33594,-0.1928,0.0822,1.0,-1.6825,0.0,0.0,True,both_converged
62187,24.5,0.7576,0.27641,0.27101,-0.0928,0.098,1.0,-1.1849,0.0,0.0,True,1.0225,0.35005,0.34642,-0.1931,0.0751,1.0,-1.7239,0.0,0.0,True,both_converged
62187,25.0,0.7534,0.2801,0.27474,-0.0965,0.0924,1.0,-1.1112,0.0,0.0,True,,,,,,,,,,False,baseline_only
62187,25.5,0.7628,0.28691,0.28162,-0.0979,0.0875,1.0,-1.1472,0.0,0.0,True,1.0256,0.36729,0.36375,-0.197,0.0649,1.0,-1.5781,0.0,0.0,True,both_converged
62187,26.0,0.767,0.29407,0.28882,-0.1002,0.0854,1.0,-1.1365,0.0,0.0,True,1.0218,0.37441,0.37087,-0.2005,0.0621,1.0,-1.4254,0.0,0.0,True,both_converged
62187,26.5,0.7669,0.29905,0.29386,-0.1034,0.0803,1.0,-1.0952,0.0,0.0,True,1.0243,0.38281,0.37932,-0.2023,0.0574,1.0,-1.381,0.0,0.0,True,both_converged
62187,27.0,0.7759,0.3061,0.30098,-0.1048,0.0757,1.0,-1.1452,0.0,0.0,True,1.0276,0.39262,0.38917,-0.2035,0.0552,1.0,-1.3559,0.0,0.0,True,both_converged
62187,27.5,0.7789,0.3131,0.30803,-0.1073,0.0741,1.0,-1.1244,0.0,0.0,True,1.0265,0.40028,0.39688,-0.2064,0.052,1.0,-1.2587,0.0,0.0,True,both_converged
62187,28.0,0.7789,0.31838,0.31336,-0.1105,0.0704,1.0,-1.071,0.0,0.0,True,1.0287,0.40868,0.40533,-0.208,0.0488,1.0,-1.2726,0.0,0.0,True,both_converged
62187,28.5,0.7841,0.32472,0.31976,-0.1125,0.0664,1.0,-1.0796,0.0,0.0,True,1.6816,0.41504,0.4111,-0.3492,0.0421,1.0,-2.5437,0.0,0.0,True,both_converged
62187,29.0,0.7924,0.3335,0.32859,-0.1139,0.0641,1.0,-1.1268,0.0,0.0,True,,,,,,,,,,False,baseline_only
62187,29.5,0.7897,0.3379,0.33305,-0.1175,0.0619,1.0,-1.0561,0.0,0.0,True,1.0306,0.43461,0.4314,-0.214,0.0432,1.0,-1.2188,0.0,0.0,True,both_converged
62187,30.0,0.7928,0.34422,0.33944,-0.1199,0.0585,1.0,-1.0508,0.0,0.0,True,1.0321,0.44307,0.43993,-0.2154,0.0409,1.0,-1.2444,0.0,0.0,True,both_converged
66878,-30.0,,,,,,,,,,False,,,,,,,,,,False,none_converged
66878,-29.5,,,,,,,,,,False,-0.5305,0.28924,0.2833,0.0223,1.0,0.0291,-0.7916,0.0,0.0,True,optimised_only
66878,-29.0,-0.8809,0.33598,0.32901,0.0943,1.0,0.0362,-1.7,0.0,0.0,True,-0.5234,0.28448,0.27849,0.0193,1.0,0.03,-0.7889,0.0,0.0,True,both_converged
66878,-28.5,-0.8655,0.33095,0.32395,0.0894,1.0,0.0375,-1.6668,0.0,0.0,True,-0.5162,0.27988,0.27384,0.0163,1.0,0.0306,-0.7871,0.0,0.0,True,both_converged
66878,-28.0,-0.85,0.32604,0.319,0.0844,1.0,0.039,-1.6625,0.0,0.0,True,-0.509,0.27559,0.2695,0.0133,1.0,0.031,-0.7958,0.0,0.0,True,both_converged
66878,-27.5,-0.8343,0.32169,0.31463,0.079,1.0,0.0402,-1.6797,0.0,0.0,True,-0.8237,0.32233,0.31504,0.0625,1.0,0.0291,-1.4317,0.0,0.0,True,both_converged
66878,-27.0,,,,,,,,,,False,-0.8081,0.31725,0.30993,0.0576,1.0,0.0298,-1.4127,0.0,0.0,True,optimised_only
66878,-26.5,-0.4681,0.26122,0.25526,0.0169,1.0,0.0461,-0.8958,0.0,0.0,True,-0.7922,0.31225,0.30491,0.0527,1.0,0.0304,-1.3946,0.0,0.0,True,both_converged
66878,-26.0,-0.4623,0.25795,0.25194,0.0135,1.0,0.0474,-0.9356,0.0,0.0,True,-0.776,0.30752,0.30016,0.0477,1.0,0.0309,-1.4021,0.0,0.0,True,both_converged
66878,-25.5,-0.4534,0.25208,0.24606,0.0109,1.0,0.0481,-0.9304,0.0,0.0,True,,,,,,,,,,False,baseline_only
66878,-25.0,-0.4426,0.2461,0.24003,0.0086,1.0,0.0499,-0.9068,0.0,0.0,True,-0.461,0.24763,0.24132,-0.0025,1.0,0.0346,-0.7754,0.0,0.0,True,both_converged
66878,-24.5,-0.4333,0.24116,0.23506,0.006,1.0,0.052,-0.9081,0.0,0.0,True,-0.4528,0.24338,0.23705,-0.0049,1.0,0.0355,-0.7784,0.0,0.0,True,both_converged
66878,-24.0,-0.4249,0.23671,0.23057,0.0032,1.0,0.0542,-0.926,0.0,0.0,True,-0.4447,0.23944,0.23308,-0.0074,1.0,0.0363,-0.7857,0.0,0.0,True,both_converged
66878,-23.5,-0.422,0.23547,0.2293,-0.0004,1.0,0.0554,-0.9959,0.0,0.0,True,-0.4375,0.2364,0.23002,-0.0099,1.0,0.0368,-0.8059,0.0,0.0,True,both_converged
66878,-23.0,-0.4075,0.22705,0.22087,-0.0021,1.0,0.057,-0.9437,0.0,0.0,True,,,,,,,,,,False,baseline_only
66878,-22.5,-0.3968,0.22196,0.21576,-0.0044,1.0,0.0596,-0.9207,0.0,0.0,True,-0.4204,0.2269,0.2205,-0.0136,1.0,0.0382,-0.7944,0.0,0.0,True,both_converged
66878,-22.0,-0.3878,0.21758,0.21134,-0.007,1.0,0.0624,-0.9318,0.0,0.0,True,-0.412,0.22274,0.21634,-0.0153,1.0,0.0394,-0.7966,0.0,0.0,True,both_converged
66878,-21.5,-0.384,0.21578,0.20951,-0.0102,1.0,0.0643,-0.9983,0.0,0.0,True,-0.4041,0.2189,0.2125,-0.0169,1.0,0.0406,-0.8081,0.0,0.0,True,both_converged
66878,-21.0,-0.374,0.21001,0.20374,-0.0125,1.0,0.0654,-1.0066,0.0,0.0,True,-0.3967,0.21529,0.20887,-0.0185,1.0,0.0419,-0.8268,0.0,0.0,True,both_converged
66878,-20.5,-0.3597,0.20362,0.19733,-0.014,1.0,0.0684,-0.9613,0.0,0.0,True,-0.39,0.21225,0.20584,-0.0201,1.0,0.043,-0.8586,0.0,0.0,True,both_converged
66878,-20.0,-0.3505,0.19952,0.1932,-0.0163,1.0,0.0725,-0.9658,0.0,0.0,True,-0.3856,0.21067,0.20427,-0.0218,1.0,0.0435,-0.9122,0.0,0.0,True,both_converged
66878,-19.5,-0.3513,0.19956,0.19323,-0.0197,1.0,0.0748,-1.0423,0.0,0.0,True,,,,,,,,,,False,baseline_only
66878,-19.0,-0.3366,0.19177,0.18545,-0.0212,1.0,0.0764,-1.0067,0.0,0.0,True,-0.3696,0.20121,0.19485,-0.0232,1.0,0.0453,-0.8978,0.0,0.0,True,both_converged
66878,-18.5,-0.323,0.18621,0.17987,-0.0226,1.0,0.0799,-0.9773,0.0,0.0,True,-0.3629,0.19767,0.19134,-0.0237,1.0,0.0469,-0.8953,0.0,0.0,True,both_converged
66878,-18.0,-0.3153,0.18259,0.17623,-0.0247,1.0,0.0843,-0.9972,0.0,0.0,True,-0.3572,0.19452,0.18821,-0.0242,1.0,0.0486,-0.9033,0.0,0.0,True,both_converged
66878,-17.5,-0.497,0.20855,0.2014,-0.0046,1.0,0.0803,-1.4432,0.0,0.0,True,-0.3526,0.19185,0.18557,-0.0248,1.0,0.0502,-0.9232,0.0,0.0,True,both_converged
66878,-17.0,-0.4831,0.20364,0.19651,-0.0084,1.0,0.0851,-1.4612,0.0,0.0,True,-0.3512,0.19078,0.18452,-0.0255,1.0,0.0513,-0.9695,0.0,0.0,True,both_converged
66878,-16.5,-0.4848,0.2034,0.19637,-0.0142,1.0,0.0871,-1.5789,0.0,0.0,True,,,,,,,,,,False,baseline_only
66878,-16.0,-0.4508,0.19052,0.18343,-0.0139,1.0,0.0916,-1.4291,0.0,0.0,True,-0.3416,0.18308,0.17691,-0.0249,1.0,0.0532,-0.9596,0.0,0.0,True,both_converged
66878,-15.5,-0.4371,0.18504,0.17797,-0.017,1.0,0.0969,-1.4232,0.0,0.0,True,-0.3372,0.17975,0.17362,-0.0243,1.0,0.0551,-0.9414,0.0,0.0,True,both_converged
66878,-15.0,-0.4492,0.18656,0.17959,-0.0229,1.0,0.0996,-1.5642,0.0,0.0,True,-0.3346,0.17714,0.17103,-0.0238,1.0,0.0575,-0.9419,0.0,0.0,True,both_converged
66878,-14.5,-0.4098,0.17234,0.16533,-0.0221,1.0,0.1041,-1.4164,0.0,0.0,True,-0.335,0.17562,0.16955,-0.0237,1.0,0.0599,-0.9692,0.0,0.0,True,both_converged
66878,-14.0,-0.3996,0.16733,0.16036,-0.0248,1.0,0.1114,-1.4283,0.0,0.0,True,-0.3424,0.17695,0.17093,-0.0244,1.0,0.0609,-1.046,0.0,0.0,True,both_converged
66878,-13.5,-0.404,0.16381,0.15694,-0.0289,1.0,0.1143,-1.5198,0.0,0.0,True,-0.3315,0.16883,0.16289,-0.0223,1.0,0.0628,-0.9762,0.0,0.0,True,both_converged
66878,-13.0,-0.3731,0.15405,0.14715,-0.0284,1.0,0.1204,-1.4043,0.0,0.0,True,-0.3271,0.16472,0.15883,-0.021,1.0,0.0657,-0.9439,0.0,0.0,True,both_converged
66878,-12.5,-0.3778,0.15096,0.14414,-0.032,1.0,0.1273,-1.4747,0.0,0.0,True,-0.3259,0.16137,0.15553,-0.0201,1.0,0.0688,-0.9677,0.0,0.0,True,both_converged
66878,-12.0,-0.3568,0.14214,0.13535,-0.0322,1.0,0.1325,-1.4093,0.0,0.0,True,-0.33,0.1595,0.15372,-0.0199,1.0,0.0712,-1.034,0.0,0.0,True,both_converged
66878,-11.5,-0.3545,0.13763,0.13092,-0.0342,1.0,0.1418,-1.439,0.0,0.0,True,-0.3441,0.16026,0.15455,-0.0202,1.0,0.072,-1.1456,0.0,0.0,True,both_converged
66878,-11.0,-0.347,0.13069,0.12405,-0.0353,1.0,0.1463,-1.4485,0.0,0.0,True,-0.3255,0.14981,0.14417,-0.0173,1.0,0.0746,-1.0662,0.0,0.0,True,both_converged
66878,-10.5,-0.3363,0.12489,0.11831,-0.0354,1.0,0.1556,-1.4247,0.0,0.0,True,-0.3223,0.14528,0.1397,-0.0157,1.0,0.0782,-1.066,0.0,0.0,True,both_converged
66878,-10.0,-0.3386,0.11924,0.11279,-0.0363,1.0,0.1622,-1.4546,0.0,0.0,True,-0.3238,0.14162,0.13611,-0.0147,1.0,0.082,-1.103,0.0,0.0,True,both_converged
66878,-9.5,-0.3442,0.1153,0.10897,-0.0362,1.0,0.1738,-1.4722,0.0,0.0,True,-0.3376,0.14093,0.13552,-0.0147,1.0,0.0841,-1.2062,0.0,0.0,True,both_converged
66878,-9.0,-0.3334,0.10841,0.10217,-0.0343,1.0,0.1807,-1.429,0.0,0.0,True,-0.3309,0.13362,0.12829,-0.0128,1.0,0.086,-1.2,0.0,0.0,True,both_converged
66878,-8.5,-0.3677,0.10649,0.10051,-0.0331,1.0,0.1906,-1.5246,0.0,0.0,True,-0.3232,0.12769,0.12243,-0.0104,1.0,0.0905,-1.1636,0.0,0.0,True,both_converged
66878,-8.0,-0.3494,0.0994,0.09347,-0.0293,1.0,0.1999,-1.456,0.0,0.0,True,-0.3278,0.12409,0.11892,-0.0091,1.0,0.0959,-1.2002,0.0,0.0,True,both_converged
66878,-7.5,-0.4114,0.09892,0.09333,-0.0241,1.0,0.207,-1.5833,0.0,0.0,True,-0.3529,0.1242,0.11916,-0.0082,1.0,0.0979,-1.3174,0.0,0.0,True,both_converged
66878,-7.0,-0.401,0.09288,0.08736,-0.019,1.0,0.2188,-1.5179,0.0,0.0,True,-0.4145,0.12428,0.11886,-0.0051,1.0,0.0974,-1.5232,0.0,0.0,True,both_converged
66878,-6.5,-0.4395,0.08903,0.08375,-0.0167,1.0,0.2274,-1.5961,0.0,0.0,True,,,,,,,,,,False,baseline_only
66878,-6.0,-0.4641,0.08459,0.07941,-0.018,1.0,0.2423,-1.6597,0.0,0.0,True,-0.4046,0.11254,0.10731,-0.0004,1.0,0.1072,-1.4808,0.0,0.0,True,both_converged
66878,-5.5,-0.4662,0.07919,0.07406,-0.0173,1.0,0.2591,-1.6508,0.0,0.0,True,-0.392,0.11128,0.10618,-0.0142,1.0,0.1132,-1.6328,0.0,0.0,True,both_converged
66878,-5.0,-0.4593,0.07375,0.06868,-0.0134,1.0,0.2779,-1.5892,0.0,0.0,True,-0.3866,0.1022,0.09717,-0.0032,1.0,0.1179,-1.5031,0.0,0.0,True,both_converged
66878,-4.5,-0.4491,0.06885,0.06383,-0.0104,1.0,0.3001,-1.5414,0.0,0.0,True,-0.344,0.09737,0.09238,-0.0199,1.0,0.1288,-1.572,0.0,0.0,True,both_converged
66878,-4.0,-0.4072,0.05779,0.05225,-0.0269,1.0,0.2779,-1.6215,0.0,0.0,True,-0.336,0.09016,0.08524,-0.0117,1.0,0.1354,-1.4587,0.0,0.0,True,both_converged
66878,-3.5,-0.2877,0.03462,0.02574,-0.0531,1.0,0.1622,-1.9729,0.0,0.0,True,-0.294,0.08362,0.07872,-0.0195,1.0,0.1502,-1.4101,0.0,0.0,True,both_converged
66878,-3.0,-0.2016,0.03249,0.02309,-0.0606,0.9875,0.1865,-1.7436,0.0,0.0,True,-0.24,0.07685,0.07194,-0.0289,1.0,0.1673,-1.3336,0.0,0.0,True,both_converged
66878,-2.5,-0.1041,0.03103,0.02114,-0.0696,0.9709,0.225,-1.504,0.0,0.0,True,-0.1546,0.06959,0.06459,-0.0467,1.0,0.1952,-1.2966,0.0,0.0,True,both_converged
66878,-2.0,-0.023,0.03008,0.02021,-0.0755,0.9504,0.2763,-1.2837,0.0,0.0,True,-0.0682,0.06296,0.05788,-0.0612,1.0,0.2279,-1.2134,0.0,0.0,True,both_converged
66878,-1.5,0.0593,0.02924,0.01967,-0.0812,0.9308,0.3564,-1.071,0.0,0.0,True,0.1197,0.0501,0.04444,-0.1024,1.0,0.1964,-1.1655,0.0,0.0,True,both_converged
66878,-1.0,0.1414,0.02803,0.01935,-0.0862,0.9126,0.5243,-0.8751,0.0,0.0,True,0.4008,0.0356,0.02776,-0.1589,1.0,0.2136,-1.0705,0.0,0.0,True,both_converged
66878,-0.5,0.2011,0.02697,0.01924,-0.0854,0.8898,1.0,-0.7269,0.0,0.0,True,0.4673,0.03545,0.02757,-0.161,1.0,0.2741,-0.8326,0.0,0.0,True,both_converged
66878,0.0,0.2753,0.02767,0.0194,-0.0894,0.8676,1.0,-0.5966,0.0,0.0,True,0.5242,0.03582,0.02814,-0.1611,1.0,0.3364,-0.8042,0.0,0.0,True,both_converged
66878,0.5,0.3543,0.02816,0.01952,-0.0938,0.848,1.0,-0.6498,0.0,0.0,True,0.825,0.02474,0.01475,-0.1917,0.3987,0.5123,-1.1585,0.0,0.0,True,both_converged
66878,1.0,0.4083,0.02906,0.02019,-0.0941,0.8238,1.0,-0.6886,0.0,0.0,True,0.8733,0.02642,0.01578,-0.1896,0.3503,0.5643,-1.258,0.0,0.0,True,both_converged
66878,1.5,0.4762,0.02957,0.02052,-0.0962,0.8036,1.0,-0.7397,0.0,0.0,True,0.9566,0.02727,0.01611,-0.1939,0.3152,0.6326,-1.3993,0.0,0.0,True,both_converged
66878,2.0,0.5473,0.02982,0.02066,-0.0984,0.7851,1.0,-0.7969,0.0,0.0,True,1.0309,0.02831,0.01694,-0.1967,0.2923,0.7109,-1.5438,0.0,0.0,True,both_converged
66878,2.5,0.6162,0.02994,0.0207,-0.0998,0.7674,1.0,-0.857,0.0,0.0,True,1.0889,0.02937,0.01827,-0.1967,0.2744,1.0,-1.6678,0.0,0.0,True,both_converged
66878,3.0,,,,,,,,,,False,1.1572,0.03204,0.02068,-0.1991,0.2592,1.0,-1.8142,0.0,0.0,True,optimised_only
66878,3.5,0.7155,0.03186,0.02262,-0.0979,0.724,1.0,-0.9597,0.0,0.0,True,1.2161,0.03487,0.02352,-0.1993,0.2457,1.0,-1.9474,0.0,0.0,True,both_converged
66878,4.0,0.7762,0.03219,0.02299,-0.0978,0.7056,1.0,-1.0359,0.0,0.0,True,1.2717,0.03824,0.02683,-0.1991,0.235,1.0,-2.0954,0.0,0.0,True,both_converged
66878,4.5,0.8388,0.03234,0.02322,-0.0977,0.6876,1.0,-1.1449,0.0,0.0,True,1.3219,0.0414,0.03046,-0.1974,0.2241,1.0,-2.2192,0.0,0.0,True,both_converged
66878,5.0,0.9032,0.03232,0.02331,-0.0977,0.6696,1.0,-1.2912,0.0,0.0,True,1.37,0.04578,0.03517,-0.1958,0.2165,1.0,-2.3539,0.0,0.0,True,both_converged
66878,5.5,0.9306,0.03466,0.02579,-0.0941,0.6437,1.0,-1.4003,0.0,0.0,True,1.4119,0.05026,0.04032,-0.1929,0.2082,1.0,-2.4607,0.0,0.0,True,both_converged
66878,6.0,0.9955,0.03437,0.02567,-0.0937,0.6239,1.0,-1.6016,0.0,0.0,True,1.4553,0.05608,0.0462,-0.1913,0.2025,1.0,-2.6132,0.0,0.0,True,both_converged
66878,6.5,1.0495,0.03466,0.02614,-0.0919,0.6004,1.0,-1.8082,0.0,0.0,True,1.4774,0.06274,0.05403,-0.1857,0.1989,1.0,-2.6459,0.0,0.0,True,both_converged
66878,7.0,1.1161,0.03367,0.02528,-0.0908,0.5742,1.0,-2.0743,0.0,0.0,True,1.4995,0.07135,0.06328,-0.1813,0.2008,1.0,-2.7002,0.0,0.0,True,both_converged
66878,7.5,1.1738,0.03292,0.02468,-0.0886,0.5427,1.0,-2.3468,0.0,0.0,True,1.5207,0.08122,0.07357,-0.1778,0.2024,1.0,-2.7627,0.0,0.0,True,both_converged
66878,8.0,1.2379,0.03153,0.02332,-0.0868,0.5072,1.0,-2.665,0.0,0.0,True,1.3746,0.10765,0.1021,-0.173,0.3184,1.0,-2.1034,0.0,0.0,True,both_converged
66878,8.5,1.2757,0.03145,0.02341,-0.0823,0.4659,1.0,-2.9304,0.0,0.0,True,1.3097,0.11981,0.11429,-0.17,0.3012,1.0,-1.9936,0.0,0.0,True,both_converged
66878,9.0,1.3132,0.03097,0.02297,-0.0774,0.4175,1.0,-3.2073,0.0,0.0,True,1.2547,0.13402,0.12846,-0.174,0.2823,1.0,-1.8667,0.0,0.0,True,both_converged
66878,9.5,1.3313,0.03119,0.02311,-0.07,0.3582,1.0,-3.4384,0.0,0.0,True,1.2787,0.14277,0.13724,-0.1711,0.2691,1.0,-1.9491,0.0,0.0,True,both_converged
66878,10.0,1.3262,0.03293,0.02452,-0.0603,0.2898,1.0,-3.5831,0.0,0.0,True,1.2965,0.15184,0.14637,-0.1688,0.2529,1.0,-2.027,0.0,0.0,True,both_converged
66878,10.5,1.3162,0.03631,0.02738,-0.0515,0.2302,1.0,-3.6921,0.0,0.0,True,1.2499,0.16306,0.15752,-0.1768,0.2381,1.0,-1.8815,0.0,0.0,True,both_converged
66878,11.0,1.3207,0.04036,0.03103,-0.0457,0.1863,1.0,-3.8396,0.0,0.0,True,1.227,0.17332,0.16774,-0.1833,0.2256,1.0,-1.7874,0.0,0.0,True,both_converged
66878,11.5,1.3443,0.04439,0.03478,-0.0422,0.1548,1.0,-4.0496,0.0,0.0,True,1.2594,0.18319,0.17768,-0.1807,0.2187,1.0,-1.8961,0.0,0.0,True,both_converged
66878,12.0,1.376,0.04887,0.03932,-0.0397,0.133,1.0,-4.2685,0.0,0.0,True,1.2433,0.19053,0.18499,-0.1876,0.2057,1.0,-1.8203,0.0,0.0,True,both_converged
66878,12.5,1.4058,0.05383,0.04451,-0.0374,0.1182,1.0,-4.4835,0.0,0.0,True,1.2415,0.1993,0.19375,-0.1928,0.197,1.0,-1.7806,0.0,0.0,True,both_converged
66878,13.0,1.4268,0.05951,0.05047,-0.0348,0.1082,1.0,-4.6746,0.0,0.0,True,1.2631,0.20745,0.202,-0.193,0.1879,1.0,-1.8505,0.0,0.0,True,both_converged
66878,13.5,1.424,0.06568,0.05717,-0.0307,0.1024,1.0,-4.7653,0.0,0.0,True,1.2608,0.21553,0.21006,-0.1997,0.1816,1.0,-1.7958,0.0,0.0,True,both_converged
66878,14.0,1.4229,0.07292,0.06472,-0.0279,0.0975,1.0,-4.8665,0.0,0.0,True,1.2812,0.22337,0.21798,-0.2006,0.1717,1.0,-1.8652,0.0,0.0,True,both_converged
66878,14.5,1.374,0.08183,0.07429,-0.0246,0.0968,1.0,-4.7602,0.0,0.0,True,1.2871,0.23171,0.22633,-0.2061,0.1673,1.0,-1.8366,0.0,0.0,True,both_converged
66878,15.0,1.3167,0.09333,0.08635,-0.025,0.0969,1.0,-4.5968,0.0,0.0,True,1.2955,0.2376,0.23229,-0.2111,0.1583,1.0,-1.834,0.0,0.0,True,both_converged
66878,15.5,1.2534,0.108,0.10146,-0.0295,0.0978,1.0,-4.3692,0.0,0.0,True,1.3291,0.25163,0.24644,-0.2089,0.1534,1.0,-1.9679,0.0,0.0,True,both_converged
66878,16.0,,,,,,,,,,False,1.3189,0.25198,0.24676,-0.2203,0.1463,1.0,-1.8367,0.0,0.0,True,optimised_only
66878,16.5,0.9503,0.20813,0.20166,-0.0976,0.1998,1.0,-1.8225,0.0,0.0,True,1.3429,0.26145,0.25636,-0.2206,0.1401,1.0,-1.9377,0.0,0.0,True,both_converged
66878,17.0,0.9617,0.21605,0.20959,-0.1012,0.1922,1.0,-1.8265,0.0,0.0,True,1.3496,0.26753,0.26244,-0.2276,0.1364,1.0,-1.889,0.0,0.0,True,both_converged
66878,17.5,0.9974,0.22657,0.22023,-0.1007,0.1808,1.0,-1.9537,0.0,0.0,True,1.3614,0.27298,0.26796,-0.2333,0.1294,1.0,-1.9537,0.0,0.0,True,both_converged
66878,18.0,0.9893,0.22975,0.22336,-0.1078,0.17,1.0,-1.8602,0.0,0.0,True,1.3956,0.28998,0.28515,-0.2299,0.1245,1.0,-2.3425,0.0,0.0,True,both_converged
66878,18.5,0.9997,0.23679,0.2304,-0.1123,0.1616,1.0,-1.8473,0.0,0.0,True,1.3906,0.28738,0.28249,-0.2423,0.121,1.0,-2.2146,0.0,0.0,True,both_converged
66878,19.0,,,,,,,,,,False,1.4053,0.2935,0.2887,-0.2471,0.1149,1.0,-2.343,0.0,0.0,True,optimised_only
66878,19.5,0.7177,0.21672,0.21105,-0.0709,0.1528,1.0,-1.2654,0.0,0.0,True,,,,,,,,,,False,baseline_only
66878,20.0,0.7038,0.21952,0.21386,-0.0748,0.1447,1.0,-1.169,0.0,0.0,True,1.4348,0.30764,0.30298,-0.2568,0.1077,1.0,-2.5797,0.0,0.0,True,both_converged
66878,20.5,0.7306,0.2299,0.22432,-0.0746,0.1382,1.0,-1.2744,0.0,0.0,True,1.4497,0.31357,0.30902,-0.2617,0.1015,1.0,-2.6957,0.0,0.0,True,both_converged
66878,21.0,0.7142,0.23112,0.22557,-0.0789,0.1303,1.0,-1.1568,0.0,0.0,True,1.4798,0.33599,0.33161,-0.2581,0.0976,1.0,-3.0701,0.0,0.0,True,both_converged
66878,21.5,0.7351,0.24055,0.23505,-0.0791,0.1243,1.0,-1.2405,0.0,0.0,True,1.479,0.32716,0.32275,-0.2723,0.0942,1.0,-2.863,0.0,0.0,True,both_converged
66878,22.0,,,,,,,,,,False,1.495,0.33383,0.32952,-0.2765,0.0881,1.0,-2.9663,0.0,0.0,True,optimised_only
66878,22.5,0.7519,0.25464,0.24926,-0.0826,0.1112,1.0,-1.2787,0.0,0.0,True,1.511,0.34351,0.33928,-0.2803,0.0849,1.0,-3.0319,0.0,0.0,True,both_converged
66878,23.0,0.7344,0.25507,0.24969,-0.0875,0.1061,1.0,-1.1341,0.0,0.0,True,1.5246,0.34704,0.34288,-0.2876,0.0774,1.0,-2.9712,0.0,0.0,True,both_converged
66878,23.5,0.7442,0.26143,0.25612,-0.089,0.1001,1.0,-1.1689,0.0,0.0,True,1.5397,0.35459,0.35044,-0.2932,0.0729,1.0,-2.8984,0.0,0.0,True,both_converged
66878,24.0,0.749,0.26845,0.26318,-0.0912,0.0974,1.0,-1.1652,0.0,0.0,True,1.5591,0.36789,0.36385,-0.2937,0.0648,1.0,-2.9629,0.0,0.0,True,both_converged
66878,24.5,0.7496,0.27339,0.26818,-0.0942,0.0908,1.0,-1.1297,0.0,0.0,True,1.5702,0.36736,0.36326,-0.305,0.0608,1.0,-2.7036,0.0,0.0,True,both_converged
66878,25.0,0.7701,0.28426,0.27913,-0.0941,0.0863,1.0,-1.244,0.0,0.0,True,1.5867,0.37722,0.37321,-0.3068,0.0559,1.0,-2.7571,0.0,0.0,True,both_converged
66878,25.5,0.7595,0.28634,0.28122,-0.0987,0.084,1.0,-1.1161,0.0,0.0,True,1.5999,0.38044,0.37639,-0.3158,0.0536,1.0,-2.5783,0.0,0.0,True,both_converged
66878,26.0,0.7634,0.29227,0.28721,-0.1011,0.0786,1.0,-1.1091,0.0,0.0,True,1.6145,0.38626,0.38227,-0.3213,0.0497,1.0,-2.535,0.0,0.0,True,both_converged
66878,26.5,0.7816,0.30335,0.29835,-0.1012,0.0748,1.0,-1.2278,0.0,0.0,True,1.6301,0.40025,0.39631,-0.3218,0.0475,1.0,-2.6588,0.0,0.0,True,both_converged
66878,27.0,0.7721,0.30537,0.30041,-0.1057,0.0726,1.0,-1.105,0.0,0.0,True,1.6422,0.39896,0.39502,-0.3322,0.0464,1.0,-2.5145,0.0,0.0,True,both_converged
66878,27.5,0.7756,0.3115,0.3066,-0.1082,0.0684,1.0,-1.0913,0.0,0.0,True,1.656,0.40411,0.40021,-0.3385,0.0434,1.0,-2.5034,0.0,0.0,True,both_converged
66878,28.0,0.7841,0.31869,0.31387,-0.1096,0.065,1.0,-1.1385,0.0,0.0,True,1.6688,0.41055,0.40672,-0.3425,0.0409,1.0,-2.5874,0.0,0.0,True,both_converged
66878,28.5,0.785,0.32508,0.32028,-0.1124,0.0634,1.0,-1.0897,0.0,0.0,True,1.0293,0.41744,0.41424,-0.2104,0.0445,1.0,-1.2369,0.0,0.0,True,both_converged
66878,29.0,0.7864,0.33097,0.32623,-0.1154,0.0598,1.0,-1.06,0.0,0.0,True,1.0306,0.42577,0.42263,-0.2122,0.0419,1.0,-1.2416,0.0,0.0,True,both_converged
66878,29.5,0.791,0.33733,0.33267,-0.1174,0.0567,1.0,-1.0798,0.0,0.0,True,,,,,,,,,,False,baseline_only
66878,30.0,0.8001,0.34664,0.34203,-0.1185,0.0549,1.0,-1.1447,0.0,0.0,True,,,,,,,,,,False,baseline_only
71406,-30.0,,,,,,,,,,False,,,,,,,,,,False,none_converged
71406,-29.5,,,,,,,,,,False,-0.8831,0.34252,0.3356,0.0826,1.0,0.0257,-1.5226,0.0,0.0,True,optimised_only
71406,-29.0,,,,,,,,,,False,-0.8681,0.33797,0.33102,0.0772,1.0,0.0261,-1.5151,0.0,0.0,True,optimised_only
71406,-28.5,-0.8659,0.33227,0.3255,0.0885,1.0,0.0352,-1.7307,0.0,0.0,True,,,,,,,,,,False,baseline_only
71406,-28.0,-0.8501,0.32594,0.31913,0.0844,1.0,0.0362,-1.6788,0.0,0.0,True,-0.8381,0.32877,0.32177,0.0665,1.0,0.0265,-1.5063,0.0,0.0,True,both_converged
71406,-27.5,-0.8343,0.32079,0.31395,0.0796,1.0,0.0376,-1.6564,0.0,0.0,True,-0.8232,0.3224,0.31535,0.0622,1.0,0.027,-1.4574,0.0,0.0,True,both_converged
71406,-27.0,-0.8182,0.31574,0.30888,0.0747,1.0,0.0391,-1.6476,0.0,0.0,True,-0.8078,0.31709,0.31001,0.0575,1.0,0.0276,-1.4231,0.0,0.0,True,both_converged
71406,-26.5,-0.8022,0.31139,0.30451,0.0692,1.0,0.0403,-1.6646,0.0,0.0,True,-0.7921,0.31191,0.3048,0.0528,1.0,0.0283,-1.3923,0.0,0.0,True,both_converged
71406,-26.0,,,,,,,,,,False,-0.7761,0.30673,0.2996,0.0481,1.0,0.029,-1.3802,0.0,0.0,True,optimised_only
71406,-25.5,-0.4514,0.25115,0.2453,0.0112,1.0,0.0467,-0.9034,0.0,0.0,True,-0.7599,0.30152,0.29435,0.0434,1.0,0.0297,-1.3717,0.0,0.0,True,both_converged
71406,-25.0,,,,,,,,,,False,-0.7435,0.29642,0.28924,0.0388,1.0,0.0303,-1.3657,0.0,0.0,True,optimised_only
71406,-24.5,-0.4349,0.24134,0.23545,0.0056,1.0,0.0485,-0.9426,0.0,0.0,True,-0.7269,0.29154,0.28434,0.0341,1.0,0.0309,-1.3661,0.0,0.0,True,both_converged
71406,-24.0,-0.4244,0.23595,0.23001,0.0033,1.0,0.0504,-0.9224,0.0,0.0,True,-0.7104,0.28728,0.28007,0.0292,1.0,0.0311,-1.3763,0.0,0.0,True,both_converged
71406,-23.5,-0.415,0.23119,0.22522,0.0007,1.0,0.0527,-0.9231,0.0,0.0,True,-0.4358,0.2345,0.22833,-0.0095,1.0,0.0347,-0.7724,0.0,0.0,True,both_converged
71406,-23.0,-0.4084,0.22784,0.22184,-0.0024,1.0,0.055,-0.9594,0.0,0.0,True,-0.4276,0.23054,0.22434,-0.0116,1.0,0.0358,-0.7713,0.0,0.0,True,both_converged
71406,-22.5,-0.4021,0.224,0.21799,-0.0054,1.0,0.0559,-0.9894,0.0,0.0,True,-0.4202,0.22726,0.22105,-0.0139,1.0,0.0366,-0.8036,0.0,0.0,True,both_converged
71406,-22.0,-0.3879,0.21702,0.21099,-0.007,1.0,0.058,-0.9394,0.0,0.0,True,,,,,,,,,,False,baseline_only
71406,-21.5,-0.3778,0.21235,0.20629,-0.0093,1.0,0.0607,-0.9413,0.0,0.0,True,-0.6266,0.25872,0.25148,0.0098,1.0,0.0355,-1.2851,0.0,0.0,True,both_converged
71406,-21.0,-0.3701,0.20864,0.20256,-0.0121,1.0,0.0635,-0.9727,0.0,0.0,True,-0.6099,0.25394,0.2467,0.0057,1.0,0.0365,-1.3123,0.0,0.0,True,both_converged
71406,-20.5,-0.373,0.20978,0.20368,-0.0157,1.0,0.0646,-1.0755,0.0,0.0,True,-0.5944,0.25068,0.24346,0.0012,1.0,0.0369,-1.368,0.0,0.0,True,both_converged
71406,-20.0,-0.3511,0.19898,0.19287,-0.0165,1.0,0.0671,-0.981,0.0,0.0,True,-0.5775,0.24344,0.23624,-0.0016,1.0,0.0374,-1.3499,0.0,0.0,True,both_converged
71406,-19.5,-0.3405,0.19448,0.18835,-0.0185,1.0,0.0709,-0.9665,0.0,0.0,True,-0.5607,0.23686,0.22967,-0.0041,1.0,0.0386,-1.3106,0.0,0.0,True,both_converged
71406,-19.0,-0.3356,0.19188,0.18574,-0.0213,1.0,0.0742,-1.0025,0.0,0.0,True,-0.5444,0.23134,0.22417,-0.007,1.0,0.04,-1.2987,0.0,0.0,True,both_converged
71406,-18.5,,,,,,,,,,False,-0.5286,0.22602,0.21887,-0.0099,1.0,0.0415,-1.2993,0.0,0.0,True,optimised_only
71406,-18.0,-0.3151,0.18177,0.17562,-0.0248,1.0,0.0782,-1.006,0.0,0.0,True,-0.5137,0.22124,0.21412,-0.0129,1.0,0.0429,-1.319,0.0,0.0,True,both_converged
71406,-17.5,-0.3054,0.17765,0.17149,-0.0265,1.0,0.0829,-1.004,0.0,0.0,True,-0.5017,0.21853,0.21145,-0.0165,1.0,0.0436,-1.3772,0.0,0.0,True,both_converged
71406,-17.0,-0.3117,0.17869,0.17253,-0.0297,1.0,0.0864,-1.1017,0.0,0.0,True,,,,,,,,,,False,baseline_only
71406,-16.5,-0.2945,0.17043,0.16429,-0.0305,1.0,0.0888,-1.0561,0.0,0.0,True,-0.3439,0.18541,0.17939,-0.0247,1.0,0.0498,-0.9375,0.0,0.0,True,both_converged
71406,-16.0,-0.2822,0.16557,0.15941,-0.0314,1.0,0.0932,-1.0215,0.0,0.0,True,-0.3431,0.18405,0.17807,-0.025,1.0,0.0511,-0.977,0.0,0.0,True,both_converged
71406,-15.5,-0.2814,0.16354,0.15739,-0.0334,1.0,0.0982,-1.0626,0.0,0.0,True,-0.3482,0.1853,0.17934,-0.0257,1.0,0.0516,-1.0497,0.0,0.0,True,both_converged
71406,-15.0,-0.3109,0.16995,0.1638,-0.0362,1.0,0.0997,-1.2362,0.0,0.0,True,-0.3382,0.17782,0.17192,-0.0242,1.0,0.0528,-0.9885,0.0,0.0,True,both_converged
71406,-14.5,-0.2657,0.15462,0.14849,-0.0351,1.0,0.1062,-1.0662,0.0,0.0,True,-0.3339,0.17421,0.16834,-0.0231,1.0,0.0549,-0.9581,0.0,0.0,True,both_converged
71406,-14.0,-0.2709,0.15345,0.14732,-0.0366,1.0,0.1121,-1.124,0.0,0.0,True,-0.3316,0.17128,0.16546,-0.0223,1.0,0.0575,-0.953,0.0,0.0,True,both_converged
71406,-13.5,-0.2828,0.15187,0.1458,-0.0386,1.0,0.1142,-1.2148,0.0,0.0,True,-0.3324,0.16929,0.16352,-0.0221,1.0,0.0601,-0.9817,0.0,0.0,True,both_converged
71406,-13.0,-0.2554,0.1431,0.13703,-0.0373,1.0,0.1203,-1.104,0.0,0.0,True,-0.3427,0.1704,0.16469,-0.0227,1.0,0.061,-1.0685,0.0,0.0,True,both_converged
71406,-12.5,-0.2687,0.14163,0.13561,-0.039,1.0,0.1274,-1.1811,0.0,0.0,True,-0.3288,0.16133,0.15568,-0.0201,1.0,0.0631,-0.9928,0.0,0.0,True,both_converged
71406,-12.0,-0.2543,0.13422,0.12824,-0.0382,1.0,0.1321,-1.1472,0.0,0.0,True,-0.3256,0.15716,0.15157,-0.0187,1.0,0.0659,-0.9908,0.0,0.0,True,both_converged
71406,-11.5,-0.2521,0.12967,0.12374,-0.038,1.0,0.14,-1.1532,0.0,0.0,True,-0.3251,0.15354,0.14801,-0.0177,1.0,0.069,-1.0193,0.0,0.0,True,both_converged
71406,-11.0,-0.2977,0.12981,0.12404,-0.0408,1.0,0.1435,-1.3459,0.0,0.0,True,-0.3317,0.15177,0.1463,-0.0176,1.0,0.0714,-1.0995,0.0,0.0,True,both_converged
71406,-10.5,-0.2512,0.11926,0.11348,-0.0366,1.0,0.1527,-1.1659,0.0,0.0,True,-0.3488,0.15235,0.14698,-0.0179,1.0,0.072,-1.2213,0.0,0.0,True,both_converged
71406,-10.0,-0.2934,0.11787,0.11227,-0.0378,1.0,0.1589,-1.321,0.0,0.0,True,-0.3249,0.14089,0.13557,-0.0144,1.0,0.0753,-1.1108,0.0,0.0,True,both_converged
71406,-9.5,-0.2601,0.10936,0.10378,-0.0337,1.0,0.1683,-1.1809,0.0,0.0,True,-0.323,0.13641,0.13116,-0.0129,1.0,0.079,-1.1172,0.0,0.0,True,both_converged
71406,-9.0,-0.3108,0.10792,0.10257,-0.0333,1.0,0.1749,-1.3362,0.0,0.0,True,-0.3276,0.1331,0.12793,-0.0121,1.0,0.0829,-1.1703,0.0,0.0,True,both_converged
71406,-8.5,-0.2801,0.09992,0.09459,-0.0288,1.0,0.1835,-1.2229,0.0,0.0,True,-0.3478,0.13301,0.12795,-0.0119,1.0,0.0843,-1.2915,0.0,0.0,True,both_converged
71406,-8.0,-0.3331,0.09816,0.09307,-0.0265,1.0,0.1909,-1.3552,0.0,0.0,True,-0.4076,0.13261,0.12714,-0.0109,1.0,0.0841,-1.5127,0.0,0.0,True,both_converged
71406,-7.5,-0.4502,0.09994,0.09464,-0.0283,1.0,0.1915,-1.7295,0.0,0.0,True,-0.4359,0.13402,0.12873,-0.0097,1.0,0.0846,-1.6469,0.0,0.0,True,both_converged
71406,-7.0,-0.4128,0.09252,0.08721,-0.0196,1.0,0.2039,-1.5643,0.0,0.0,True,-0.3968,0.11978,0.1145,-0.0049,1.0,0.0904,-1.4575,0.0,0.0,True,both_converged
71406,-6.5,-0.4392,0.08795,0.08284,-0.0171,1.0,0.212,-1.6105,0.0,0.0,True,-0.4083,0.11714,0.11198,-0.0018,1.0,0.0954,-1.4927,0.0,0.0,True,both_converged
71406,-6.0,-0.4651,0.08308,0.07807,-0.0192,1.0,0.226,-1.6867,0.0,0.0,True,-0.4105,0.11679,0.11179,-0.0116,1.0,0.0985,-1.6642,0.0,0.0,True,both_converged
71406,-5.5,-0.4673,0.07763,0.07264,-0.0196,1.0,0.2425,-1.686,0.0,0.0,True,-0.4008,0.10722,0.10226,-0.0006,1.0,0.1045,-1.5044,0.0,0.0,True,both_converged
71406,-5.0,-0.4597,0.072,0.06703,-0.0182,1.0,0.26,-1.642,0.0,0.0,True,-0.3667,0.10422,0.09933,-0.0194,1.0,0.1132,-1.6411,0.0,0.0,True,both_converged
71406,-4.5,-0.4472,0.06711,0.06218,-0.0148,1.0,0.2808,-1.5784,0.0,0.0,True,-0.3657,0.09589,0.09108,-0.0076,1.0,0.1174,-1.5101,0.0,0.0,True,both_converged
71406,-4.0,-0.4039,0.05665,0.05125,-0.0284,0.9996,0.2629,-1.634,0.0,0.0,True,-0.3138,0.08946,0.08466,-0.0232,1.0,0.1294,-1.5334,0.0,0.0,True,both_converged
71406,-3.5,-0.2576,0.03317,0.02402,-0.0583,0.9927,0.1597,-1.9608,0.0,0.0,True,-0.2629,0.08257,0.07776,-0.0328,1.0,0.1451,-1.4682,0.0,0.0,True,both_converged
71406,-3.0,-0.167,0.03127,0.02184,-0.0664,0.976,0.1863,-1.702,0.0,0.0,True,-0.2117,0.07552,0.07071,-0.0398,1.0,0.1618,-1.3684,0.0,0.0,True,both_converged
71406,-2.5,-0.0757,0.02991,0.02011,-0.0741,0.9589,0.2252,-1.4629,0.0,0.0,True,-0.1562,0.06883,0.064,-0.0463,1.0,0.1802,-1.3036,0.0,0.0,True,both_converged
71406,-2.0,0.0082,0.02894,0.01929,-0.0802,0.9403,0.2797,-1.2353,0.0,0.0,True,,,,,,,,,,False,baseline_only
71406,-1.5,0.0826,0.02811,0.01871,-0.0843,0.9195,0.3612,-1.038,0.0,0.0,True,0.1215,0.04984,0.04436,-0.1031,1.0,0.1958,-1.163,0.0,0.0,True,both_converged
71406,-1.0,0.1587,0.02679,0.01839,-0.0882,0.9007,0.5373,-0.8509,0.0,0.0,True,0.4141,0.03463,0.02674,-0.1617,1.0,0.2113,-1.0736,0.0,0.0,True,both_converged
71406,-0.5,0.2311,0.02568,0.01809,-0.0892,0.8814,1.0,-0.6842,0.0,0.0,True,0.4743,0.03478,0.02703,-0.1625,1.0,0.2679,-0.8306,0.0,0.0,True,both_converged
71406,0.0,0.3007,0.02625,0.01817,-0.0922,0.8593,1.0,-0.615,0.0,0.0,True,0.7007,0.03013,0.02262,-0.1902,0.9259,0.4137,-0.9845,0.0,0.0,True,both_converged
71406,0.5,0.3679,0.02674,0.01835,-0.0945,0.8374,1.0,-0.6613,0.0,0.0,True,0.8301,0.02467,0.01454,-0.193,0.3759,0.5013,-1.1647,0.0,0.0,True,both_converged
71406,1.0,0.4418,0.02696,0.01833,-0.0975,0.8183,1.0,-0.7149,0.0,0.0,True,0.8878,0.02603,0.01535,-0.1926,0.3347,0.5549,-1.2771,0.0,0.0,True,both_converged
71406,1.5,0.5149,0.027,0.0182,-0.1,0.8005,1.0,-0.7714,0.0,0.0,True,0.9699,0.02702,0.01575,-0.1968,0.3034,0.6199,-1.4209,0.0,0.0,True,both_converged
71406,2.0,0.5849,0.02695,0.01804,-0.1015,0.783,1.0,-0.8296,0.0,0.0,True,1.0355,0.02814,0.01678,-0.198,0.2829,0.6892,-1.5559,0.0,0.0,True,both_converged
71406,2.5,0.628,0.02802,0.01905,-0.0997,0.7584,1.0,-0.87,0.0,0.0,True,1.0897,0.02897,0.018,-0.1971,0.2667,1.0,-1.6767,0.0,0.0,True,both_converged
71406,3.0,0.6897,0.02823,0.01924,-0.0999,0.7396,1.0,-0.9298,0.0,0.0,True,1.1582,0.03163,0.02031,-0.1997,0.2514,1.0,-1.828,0.0,0.0,True,both_converged
71406,3.5,0.7523,0.02834,0.01936,-0.1001,0.7214,1.0,-0.9973,0.0,0.0,True,1.2168,0.03418,0.02282,-0.1999,0.2383,1.0,-1.9667,0.0,0.0,True,both_converged
71406,4.0,0.8148,0.02842,0.01947,-0.1001,0.7034,1.0,-1.0817,0.0,0.0,True,1.2709,0.03713,0.02606,-0.199,0.2271,1.0,-2.1021,0.0,0.0,True,both_converged
71406,4.5,,,,,,,,,,False,1.323,0.04066,0.0297,-0.1981,0.2174,1.0,-2.2441,0.0,0.0,True,optimised_only
71406,5.0,0.9117,0.03024,0.02147,-0.097,0.6602,1.0,-1.3101,0.0,0.0,True,1.3702,0.04441,0.03402,-0.1959,0.2086,1.0,-2.3693,0.0,0.0,True,both_converged
71406,5.5,0.9719,0.03036,0.02171,-0.0964,0.6404,1.0,-1.484,0.0,0.0,True,1.4154,0.04895,0.03879,-0.1941,0.2007,1.0,-2.5093,0.0,0.0,True,both_converged
71406,6.0,1.0345,0.03027,0.02171,-0.0959,0.6198,1.0,-1.6925,0.0,0.0,True,1.4501,0.05475,0.04552,-0.1901,0.1959,1.0,-2.5891,0.0,0.0,True,both_converged
71406,6.5,1.0778,0.03115,0.02279,-0.0932,0.5932,1.0,-1.8841,0.0,0.0,True,1.4818,0.06063,0.052,-0.1862,0.1904,1.0,-2.6846,0.0,0.0,True,both_converged
71406,7.0,1.1336,0.03093,0.0227,-0.0913,0.5653,1.0,-2.1301,0.0,0.0,True,1.4944,0.07022,0.06257,-0.1805,0.1945,1.0,-2.682,0.0,0.0,True,both_converged
71406,7.5,1.1899,0.03036,0.02221,-0.0891,0.5335,1.0,-2.4045,0.0,0.0,True,1.5012,0.08032,0.0733,-0.1753,0.1995,1.0,-2.6884,0.0,0.0,True,both_converged
71406,8.0,1.2403,0.02991,0.02186,-0.0863,0.4975,1.0,-2.6847,0.0,0.0,True,1.361,0.10484,0.09944,-0.1696,0.2942,1.0,-2.1114,0.0,0.0,True,both_converged
71406,8.5,1.2899,0.02927,0.02121,-0.0832,0.4571,1.0,-2.9898,0.0,0.0,True,1.3011,0.11778,0.11241,-0.1679,0.2807,1.0,-2.0025,0.0,0.0,True,both_converged
71406,9.0,1.321,0.02924,0.02122,-0.0778,0.409,1.0,-3.2497,0.0,0.0,True,1.3015,0.12828,0.12293,-0.1667,0.2682,1.0,-2.0235,0.0,0.0,True,both_converged
71406,9.5,1.333,0.02988,0.02186,-0.0699,0.3498,1.0,-3.4598,0.0,0.0,True,1.3303,0.1369,0.13159,-0.1632,0.2528,1.0,-2.1367,0.0,0.0,True,both_converged
71406,10.0,1.3253,0.03186,0.02351,-0.06,0.2817,1.0,-3.5958,0.0,0.0,True,1.2552,0.15148,0.14612,-0.1732,0.2387,1.0,-1.9152,0.0,0.0,True,both_converged
71406,10.5,1.3145,0.03542,0.02652,-0.0514,0.2223,1.0,-3.7039,0.0,0.0,True,1.0233,0.15837,0.15327,-0.1467,0.2373,1.0,-1.4714,0.0,0.0,True,both_converged
71406,11.0,1.3191,0.0395,0.03015,-0.0457,0.1794,1.0,-3.8554,0.0,0.0,True,0.9711,0.16387,0.15877,-0.1495,0.2253,1.0,-1.3205,0.0,0.0,True,both_converged
71406,11.5,1.3397,0.04355,0.03403,-0.042,0.1492,1.0,-4.0554,0.0,0.0,True,0.9711,0.17082,0.16574,-0.1499,0.2162,1.0,-1.3198,0.0,0.0,True,both_converged
71406,12.0,1.3703,0.04763,0.03809,-0.0394,0.1279,1.0,-4.2825,0.0,0.0,True,0.9763,0.17685,0.17181,-0.1499,0.205,1.0,-1.3358,0.0,0.0,True,both_converged
71406,12.5,1.4224,0.05256,0.04291,-0.0393,0.1109,1.0,-4.5882,0.0,0.0,True,0.9605,0.18303,0.17801,-0.1523,0.1984,1.0,-1.2682,0.0,0.0,True,both_converged
71406,13.0,1.4227,0.05767,0.04868,-0.0344,0.1033,1.0,-4.7009,0.0,0.0,True,0.978,0.18986,0.18492,-0.1516,0.1875,1.0,-1.3322,0.0,0.0,True,both_converged
71406,13.5,1.4382,0.06397,0.0553,-0.0318,0.0966,1.0,-4.8665,0.0,0.0,True,0.958,0.1949,0.18998,-0.1548,0.1813,1.0,-1.2425,0.0,0.0,True,both_converged
71406,14.0,1.4069,0.07112,0.06315,-0.0271,0.0939,1.0,-4.8421,0.0,0.0,True,0.965,0.20097,0.19611,-0.1555,0.1727,1.0,-1.2594,0.0,0.0,True,both_converged
71406,14.5,1.3682,0.07993,0.07256,-0.0246,0.0923,1.0,-4.7766,0.0,0.0,True,0.97,0.20862,0.20379,-0.1567,0.168,1.0,-1.2647,0.0,0.0,True,both_converged
71406,15.0,1.3086,0.09198,0.08521,-0.0254,0.0927,1.0,-4.597,0.0,0.0,True,0.9628,0.21284,0.20807,-0.1591,0.1586,1.0,-1.2217,0.0,0.0,True,both_converged
71406,15.5,1.2253,0.10976,0.10352,-0.0324,0.0953,1.0,-4.2585,0.0,0.0,True,1.0073,0.22764,0.22297,-0.1569,0.1537,1.0,-1.3844,0.0,0.0,True,both_converged
71406,16.0,1.1494,0.13205,0.12608,-0.0443,0.0981,1.0,-3.8562,0.0,0.0,True,0.9653,0.22546,0.2208,-0.1628,0.1476,1.0,-1.1937,0.0,0.0,True,both_converged
71406,16.5,0.6742,0.17982,0.17403,-0.0621,0.202,1.0,-1.233,0.0,0.0,True,0.9777,0.23246,0.22788,-0.163,0.1406,1.0,-1.2381,0.0,0.0,True,both_converged
71406,17.0,0.6855,0.18644,0.1807,-0.0631,0.1939,1.0,-1.2533,0.0,0.0,True,0.9861,0.24143,0.23693,-0.1642,0.1379,1.0,-1.255,0.0,0.0,True,both_converged
71406,17.5,0.7112,0.19464,0.189,-0.0631,0.1812,1.0,-1.3338,0.0,0.0,True,0.9749,0.24459,0.24013,-0.168,0.1305,1.0,-1.178,0.0,0.0,True,both_converged
71406,18.0,0.6866,0.19641,0.19076,-0.067,0.1718,1.0,-1.2091,0.0,0.0,True,0.9912,0.25309,0.24873,-0.1677,0.1252,1.0,-1.2491,0.0,0.0,True,both_converged
71406,18.5,0.693,0.20247,0.19686,-0.0686,0.1637,1.0,-1.2121,0.0,0.0,True,0.988,0.25958,0.25526,-0.1706,0.123,1.0,-1.2064,0.0,0.0,True,both_converged
71406,19.0,0.7073,0.20873,0.20319,-0.0694,0.1536,1.0,-1.2531,0.0,0.0,True,0.9852,0.26455,0.2603,-0.1735,0.116,1.0,-1.2181,0.0,0.0,True,both_converged
71406,19.5,0.6996,0.21334,0.20782,-0.0728,0.1458,1.0,-1.1785,0.0,0.0,True,0.9985,0.27305,0.26891,-0.1736,0.1115,1.0,-1.4029,0.0,0.0,True,both_converged
71406,20.0,0.7297,0.22372,0.21828,-0.0722,0.1382,1.0,-1.3059,0.0,0.0,True,0.997,0.27999,0.2759,-0.1763,0.1094,1.0,-1.4355,0.0,0.0,True,both_converged
71406,20.5,0.7098,0.22484,0.21942,-0.0768,0.1307,1.0,-1.1731,0.0,0.0,True,0.995,0.28535,0.28134,-0.1793,0.1033,1.0,-1.4598,0.0,0.0,True,both_converged
71406,21.0,0.7318,0.23401,0.22864,-0.0768,0.1243,1.0,-1.2593,0.0,0.0,True,1.004,0.29326,0.28936,-0.18,0.099,1.0,-1.6048,0.0,0.0,True,both_converged
71406,21.5,0.7201,0.23655,0.23121,-0.081,0.117,1.0,-1.158,0.0,0.0,True,1.006,0.30138,0.29754,-0.1821,0.0967,1.0,-1.6545,0.0,0.0,True,both_converged
71406,22.0,0.75,0.24834,0.24308,-0.0802,0.1112,1.0,-1.3052,0.0,0.0,True,1.0041,0.30729,0.30352,-0.1852,0.0917,1.0,-1.6512,0.0,0.0,True,both_converged
71406,22.5,0.7299,0.2486,0.24336,-0.0854,0.1059,1.0,-1.1493,0.0,0.0,True,1.0134,0.31589,0.31224,-0.1857,0.0865,1.0,-1.7864,0.0,0.0,True,both_converged
71406,23.0,0.7427,0.25532,0.25014,-0.0863,0.0995,1.0,-1.203,0.0,0.0,True,1.0116,0.32342,0.31981,-0.1886,0.0844,1.0,-1.75,0.0,0.0,True,both_converged
71406,23.5,0.7432,0.26149,0.25634,-0.0892,0.0969,1.0,-1.1612,0.0,0.0,True,1.0127,0.33062,0.32709,-0.191,0.0779,1.0,-1.7346,0.0,0.0,True,both_converged
71406,24.0,0.7455,0.26682,0.26173,-0.092,0.0903,1.0,-1.1428,0.0,0.0,True,1.018,0.34045,0.33698,-0.192,0.0741,1.0,-1.7463,0.0,0.0,True,both_converged
71406,24.5,0.7655,0.27737,0.27234,-0.092,0.0861,1.0,-1.2548,0.0,0.0,True,1.0172,0.34761,0.3442,-0.1948,0.0672,1.0,-1.6436,0.0,0.0,True,both_converged
71406,25.0,0.7545,0.27954,0.27453,-0.0966,0.0828,1.0,-1.1254,0.0,0.0,True,1.0195,0.35694,0.35356,-0.1966,0.0634,1.0,-1.5686,0.0,0.0,True,both_converged
71406,25.5,0.76,0.28558,0.28063,-0.0988,0.0778,1.0,-1.1253,0.0,0.0,True,1.0216,0.3651,0.36177,-0.1986,0.0573,1.0,-1.4987,0.0,0.0,True,both_converged
71406,26.0,0.775,0.29542,0.29053,-0.0993,0.0746,1.0,-1.2161,0.0,0.0,True,1.0242,0.37464,0.37133,-0.2002,0.055,1.0,-1.4426,0.0,0.0,True,both_converged
71406,26.5,0.7677,0.29849,0.29364,-0.1036,0.0713,1.0,-1.1084,0.0,0.0,True,1.0243,0.3827,0.37943,-0.2029,0.0508,1.0,-1.3456,0.0,0.0,True,both_converged
71406,27.0,0.7726,0.30469,0.2999,-0.1058,0.0672,1.0,-1.1144,0.0,0.0,True,1.0318,0.39332,0.39013,-0.2029,0.0475,1.0,-1.3992,0.0,0.0,True,both_converged
71406,27.5,0.788,0.31502,0.31032,-0.1062,0.0644,1.0,-1.2182,0.0,0.0,True,1.0277,0.40022,0.39703,-0.2065,0.0464,1.0,-1.2722,0.0,0.0,True,both_converged
71406,28.0,0.7803,0.31797,0.31328,-0.1105,0.0627,1.0,-1.0915,0.0,0.0,True,1.0286,0.40868,0.40554,-0.2087,0.0436,1.0,-1.2478,0.0,0.0,True,both_converged
71406,28.5,0.7835,0.32413,0.31949,-0.1131,0.0585,1.0,-1.0696,0.0,0.0,True,1.0306,0.41701,0.41393,-0.2102,0.0412,1.0,-1.2693,0.0,0.0,True,both_converged
71406,29.0,0.7902,0.33091,0.32634,-0.1147,0.0557,1.0,-1.1188,0.0,0.0,True,1.0319,0.4263,0.42324,-0.2118,0.04,1.0,-1.2749,0.0,0.0,True,both_converged
71406,29.5,0.7933,0.33821,0.33368,-0.117,0.0546,1.0,-1.1118,0.0,0.0,True,1.0312,0.43448,0.43148,-0.2144,0.0382,1.0,-1.2189,0.0,0.0,True,both_converged
71406,30.0,0.7932,0.34384,0.33936,-0.1202,0.0521,1.0,-1.0555,0.0,0.0,True,1.0319,0.44274,0.43979,-0.2162,0.0356,1.0,-1.2182,0.0,0.0,True,both_converged
75729,-30.0,,,,,,,,,,False,-0.8975,0.34728,0.34062,0.0879,1.0,0.0235,-1.5438,0.0,0.0,True,optimised_only
75729,-29.5,-0.8959,0.34078,0.33424,0.0998,1.0,0.0315,-1.7154,0.0,0.0,True,-0.8831,0.34236,0.33565,0.0827,1.0,0.024,-1.5196,0.0,0.0,True,both_converged
75729,-29.0,-0.8808,0.33594,0.32937,0.0947,1.0,0.0329,-1.6907,0.0,0.0,True,-0.8685,0.3374,0.33065,0.0775,1.0,0.0247,-1.495,0.0,0.0,True,both_converged
75729,-28.5,-0.8654,0.33131,0.32472,0.0894,1.0,0.0342,-1.6867,0.0,0.0,True,-0.8535,0.33243,0.32564,0.0724,1.0,0.0255,-1.4715,0.0,0.0,True,both_converged
75729,-28.0,,,,,,,,,,False,-0.8381,0.32754,0.32073,0.0672,1.0,0.0259,-1.4661,0.0,0.0,True,optimised_only
75729,-27.5,,,,,,,,,,False,-0.8225,0.32295,0.31609,0.062,1.0,0.0262,-1.4677,0.0,0.0,True,optimised_only
75729,-27.0,-0.8183,0.31557,0.30892,0.0747,1.0,0.0366,-1.6582,0.0,0.0,True,,,,,,,,,,False,baseline_only
75729,-26.5,-0.802,0.31035,0.30368,0.07,1.0,0.038,-1.6348,0.0,0.0,True,-0.7913,0.31296,0.30606,0.052,1.0,0.0266,-1.4453,0.0,0.0,True,both_converged
75729,-26.0,-0.7856,0.30526,0.29856,0.065,1.0,0.0396,-1.627,0.0,0.0,True,-0.7757,0.30676,0.29984,0.0478,1.0,0.0271,-1.406,0.0,0.0,True,both_converged
75729,-25.5,-0.7704,0.30239,0.29568,0.0589,1.0,0.0406,-1.6723,0.0,0.0,True,-0.7597,0.30139,0.29443,0.0434,1.0,0.0277,-1.382,0.0,0.0,True,both_converged
75729,-25.0,-0.7531,0.29494,0.28823,0.055,1.0,0.0415,-1.6327,0.0,0.0,True,-0.7434,0.29609,0.28911,0.0389,1.0,0.0284,-1.363,0.0,0.0,True,both_converged
75729,-24.5,-0.7356,0.28885,0.28211,0.0512,1.0,0.0431,-1.5883,0.0,0.0,True,-0.7269,0.29082,0.28383,0.0344,1.0,0.0291,-1.3462,0.0,0.0,True,both_converged
75729,-24.0,-0.7184,0.2834,0.27665,0.0467,1.0,0.0449,-1.5751,0.0,0.0,True,-0.7102,0.28554,0.27854,0.03,1.0,0.0298,-1.3313,0.0,0.0,True,both_converged
75729,-23.5,-0.7017,0.27852,0.27176,0.0417,1.0,0.0468,-1.5905,0.0,0.0,True,-0.6934,0.28035,0.27332,0.0256,1.0,0.0305,-1.321,0.0,0.0,True,both_converged
75729,-23.0,,,,,,,,,,False,-0.6765,0.27559,0.26855,0.0211,1.0,0.031,-1.3208,0.0,0.0,True,optimised_only
75729,-22.5,,,,,,,,,,False,,,,,,,,,,False,none_converged
75729,-22.0,-0.6496,0.26087,0.25408,0.0294,1.0,0.0512,-1.5228,0.0,0.0,True,-0.4112,0.22226,0.21623,-0.0155,1.0,0.0356,-0.7956,0.0,0.0,True,both_converged
75729,-21.5,-0.6325,0.2556,0.24881,0.0249,1.0,0.054,-1.5229,0.0,0.0,True,-0.4041,0.21902,0.21298,-0.0173,1.0,0.0365,-0.8304,0.0,0.0,True,both_converged
75729,-21.0,-0.6216,0.25471,0.24795,0.0184,1.0,0.0554,-1.6269,0.0,0.0,True,,,,,,,,,,False,baseline_only
75729,-20.5,,,,,,,,,,False,-0.5927,0.24759,0.24057,0.0026,1.0,0.0354,-1.2915,0.0,0.0,True,optimised_only
75729,-20.0,-0.36,0.2031,0.19715,-0.0178,1.0,0.0645,-1.0599,0.0,0.0,True,-0.5762,0.24266,0.23564,-0.0012,1.0,0.0364,-1.3174,0.0,0.0,True,both_converged
75729,-19.5,-0.3427,0.19451,0.18857,-0.0189,1.0,0.0665,-0.9984,0.0,0.0,True,-0.5614,0.2393,0.2323,-0.0054,1.0,0.0369,-1.376,0.0,0.0,True,both_converged
75729,-19.0,-0.3312,0.18975,0.18379,-0.0207,1.0,0.0698,-0.9708,0.0,0.0,True,-0.5449,0.23229,0.22533,-0.008,1.0,0.0374,-1.36,0.0,0.0,True,both_converged
75729,-18.5,-0.324,0.18624,0.18027,-0.0231,1.0,0.0734,-0.9973,0.0,0.0,True,-0.5284,0.22571,0.21877,-0.0101,1.0,0.0386,-1.3153,0.0,0.0,True,both_converged
75729,-18.0,-0.3324,0.18843,0.18246,-0.0266,1.0,0.075,-1.1229,0.0,0.0,True,-0.5128,0.22023,0.21331,-0.0126,1.0,0.04,-1.3007,0.0,0.0,True,both_converged
75729,-17.5,-0.3076,0.17749,0.17151,-0.027,1.0,0.0775,-1.0322,0.0,0.0,True,-0.498,0.21499,0.2081,-0.015,1.0,0.0416,-1.2997,0.0,0.0,True,both_converged
75729,-17.0,-0.2969,0.17316,0.16718,-0.0284,1.0,0.0822,-1.0154,0.0,0.0,True,-0.4845,0.21045,0.20361,-0.0177,1.0,0.043,-1.3222,0.0,0.0,True,both_converged
75729,-16.5,-0.301,0.17306,0.16707,-0.0313,1.0,0.0862,-1.0974,0.0,0.0,True,-0.4752,0.20824,0.20145,-0.0208,1.0,0.0436,-1.3876,0.0,0.0,True,both_converged
75729,-16.0,-0.4503,0.18994,0.18326,-0.0142,1.0,0.0835,-1.4415,0.0,0.0,True,-0.3405,0.18208,0.17628,-0.0242,1.0,0.048,-0.9417,0.0,0.0,True,both_converged
75729,-15.5,-0.4575,0.19054,0.18394,-0.0204,1.0,0.0866,-1.5833,0.0,0.0,True,-0.3382,0.17961,0.17384,-0.0239,1.0,0.0498,-0.954,0.0,0.0,True,both_converged
75729,-15.0,-0.4246,0.17768,0.17107,-0.0203,1.0,0.0894,-1.4475,0.0,0.0,True,-0.3393,0.17854,0.17281,-0.0241,1.0,0.0511,-0.9969,0.0,0.0,True,both_converged
75729,-14.5,-0.4079,0.17133,0.16472,-0.0222,1.0,0.0944,-1.4179,0.0,0.0,True,-0.3459,0.17966,0.17396,-0.0246,1.0,0.0516,-1.0738,0.0,0.0,True,both_converged
75729,-14.0,-0.4139,0.16964,0.16312,-0.0273,1.0,0.0992,-1.5366,0.0,0.0,True,-0.3347,0.17157,0.16593,-0.0225,1.0,0.053,-0.9931,0.0,0.0,True,both_converged
75729,-13.5,-0.3867,0.15918,0.15267,-0.0273,1.0,0.1031,-1.4476,0.0,0.0,True,-0.3306,0.16774,0.16215,-0.0212,1.0,0.0555,-0.9603,0.0,0.0,True,both_converged
75729,-13.0,-0.3735,0.15323,0.14673,-0.029,1.0,0.1096,-1.4263,0.0,0.0,True,-0.3291,0.16456,0.15902,-0.0204,1.0,0.0585,-0.9592,0.0,0.0,True,both_converged
75729,-12.5,-0.3984,0.15315,0.1468,-0.0353,1.0,0.1135,-1.6109,0.0,0.0,True,-0.334,0.16331,0.15783,-0.0205,1.0,0.0606,-1.0271,0.0,0.0,True,both_converged
75729,-12.0,-0.3552,0.14068,0.13428,-0.0327,1.0,0.1186,-1.4255,0.0,0.0,True,-0.3488,0.16444,0.15903,-0.021,1.0,0.0611,-1.1503,0.0,0.0,True,both_converged
75729,-11.5,-0.3587,0.13678,0.13047,-0.0357,1.0,0.1271,-1.4858,0.0,0.0,True,-0.3269,0.15319,0.14783,-0.0176,1.0,0.064,-1.0311,0.0,0.0,True,both_converged
75729,-11.0,-0.3446,0.12898,0.12273,-0.0359,1.0,0.1317,-1.4623,0.0,0.0,True,-0.3249,0.14904,0.14374,-0.0162,1.0,0.0669,-1.0404,0.0,0.0,True,both_converged
75729,-10.5,-0.3369,0.12349,0.1173,-0.0364,1.0,0.1401,-1.4519,0.0,0.0,True,-0.3263,0.14552,0.14028,-0.0154,1.0,0.0701,-1.084,0.0,0.0,True,both_converged
75729,-10.0,-0.3552,0.11901,0.11299,-0.039,1.0,0.1447,-1.5581,0.0,0.0,True,-0.3392,0.14478,0.13963,-0.0156,1.0,0.0717,-1.1954,0.0,0.0,True,both_converged
75729,-9.5,-0.3322,0.1123,0.10631,-0.0363,1.0,0.1546,-1.4552,0.0,0.0,True,-0.3323,0.1375,0.13242,-0.0138,1.0,0.0733,-1.1882,0.0,0.0,True,both_converged
75729,-9.0,-0.3575,0.10817,0.1024,-0.0369,1.0,0.1608,-1.5523,0.0,0.0,True,-0.3249,0.13167,0.12665,-0.0114,1.0,0.0768,-1.1505,0.0,0.0,True,both_converged
75729,-8.5,-0.3445,0.10261,0.09691,-0.0335,1.0,0.1708,-1.4821,0.0,0.0,True,-0.3258,0.12743,0.12249,-0.01,1.0,0.0809,-1.1738,0.0,0.0,True,both_converged
75729,-8.0,-0.4228,0.10313,0.09781,-0.0302,1.0,0.1749,-1.6816,0.0,0.0,True,-0.3398,0.12564,0.1208,-0.0095,1.0,0.0838,-1.269,0.0,0.0,True,both_converged
75729,-7.5,-0.3801,0.09453,0.08917,-0.0257,1.0,0.1843,-1.5353,0.0,0.0,True,-0.3684,0.12584,0.12113,-0.0081,1.0,0.0845,-1.3962,0.0,0.0,True,both_converged
75729,-7.0,-0.454,0.09325,0.08821,-0.0251,1.0,0.191,-1.7273,0.0,0.0,True,-0.4278,0.1265,0.12144,-0.0069,1.0,0.0843,-1.6202,0.0,0.0,True,both_converged
75729,-6.5,-0.4367,0.08726,0.08228,-0.017,1.0,0.1997,-1.6127,0.0,0.0,True,-0.412,0.11658,0.1116,-0.0019,1.0,0.0873,-1.5271,0.0,0.0,True,both_converged
75729,-6.0,-0.4611,0.08192,0.07706,-0.0181,1.0,0.2111,-1.6798,0.0,0.0,True,-0.4078,0.11193,0.10702,-0.0001,1.0,0.0934,-1.5044,0.0,0.0,True,both_converged
75729,-5.5,-0.4664,0.07628,0.07145,-0.0195,1.0,0.2268,-1.6955,0.0,0.0,True,-0.3949,0.10969,0.1049,-0.0134,1.0,0.0986,-1.666,0.0,0.0,True,both_converged
75729,-5.0,-0.459,0.07053,0.06566,-0.0202,1.0,0.2437,-1.6701,0.0,0.0,True,-0.3892,0.1015,0.09677,-0.0027,1.0,0.1039,-1.5199,0.0,0.0,True,both_converged
75729,-4.5,-0.4447,0.06557,0.06072,-0.0182,1.0,0.2638,-1.6095,0.0,0.0,True,-0.3438,0.09608,0.09138,-0.0208,1.0,0.1136,-1.6097,0.0,0.0,True,both_converged
75729,-4.0,-0.3221,0.03542,0.02724,-0.0545,0.9972,0.1393,-2.1349,0.0,0.0,True,-0.3357,0.08921,0.08458,-0.0127,1.0,0.1191,-1.4878,0.0,0.0,True,both_converged
75729,-3.5,-0.2247,0.03201,0.02275,-0.064,0.9837,0.1592,-1.9215,0.0,0.0,True,-0.2837,0.08209,0.07746,-0.0246,1.0,0.1317,-1.4581,0.0,0.0,True,both_converged
75729,-3.0,-0.1393,0.03017,0.02077,-0.0709,0.9667,0.1858,-1.668,0.0,0.0,True,-0.2299,0.07537,0.07074,-0.0332,1.0,0.1488,-1.3658,0.0,0.0,True,both_converged
75729,-2.5,-0.0545,0.02893,0.01922,-0.0772,0.9486,0.2248,-1.4349,0.0,0.0,True,-0.1605,0.0685,0.06382,-0.0449,1.0,0.1682,-1.3047,0.0,0.0,True,both_converged
75729,-2.0,0.0282,0.0279,0.0184,-0.0829,0.9304,0.2804,-1.2059,0.0,0.0,True,0.1337,0.04581,0.04006,-0.1199,1.0,0.1301,-1.4916,0.0,0.0,True,both_converged
75729,-1.5,0.1096,0.02689,0.01776,-0.0881,0.9126,0.3696,-0.9962,0.0,0.0,True,0.1191,0.04939,0.04409,-0.1024,1.0,0.1835,-1.1703,0.0,0.0,True,both_converged
75729,-1.0,0.1861,0.02528,0.01736,-0.0915,0.8956,0.5924,-0.8111,0.0,0.0,True,0.4217,0.03398,0.02611,-0.1633,1.0,0.2078,-1.0763,0.0,0.0,True,both_converged
75729,-0.5,,,,,,,,,,False,0.4823,0.03415,0.02646,-0.1643,1.0,0.2649,-0.8292,0.0,0.0,True,optimised_only
75729,0.0,0.3209,0.02492,0.01704,-0.0943,0.8522,1.0,-0.63,0.0,0.0,True,0.767,0.02431,0.01693,-0.1973,0.8641,0.4338,-1.0573,0.0,0.0,True,both_converged
75729,0.5,0.3985,0.025,0.01681,-0.098,0.8337,1.0,-0.6841,0.0,0.0,True,0.8366,0.02444,0.01425,-0.1945,0.3592,0.4925,-1.1731,0.0,0.0,True,both_converged
75729,1.0,0.4734,0.02492,0.0165,-0.1008,0.8162,1.0,-0.7398,0.0,0.0,True,0.9005,0.0256,0.01491,-0.1952,0.3217,0.5466,-1.2946,0.0,0.0,True,both_converged
75729,1.5,,,,,,,,,,False,0.9744,0.02655,0.01547,-0.1978,0.2944,0.6064,-1.4289,0.0,0.0,True,optimised_only
75729,2.0,,,,,,,,,,False,1.0379,0.0278,0.01653,-0.1988,0.2744,0.6709,-1.5646,0.0,0.0,True,optimised_only
75729,2.5,0.6536,0.02561,0.01687,-0.1013,0.7554,1.0,-0.894,0.0,0.0,True,1.0951,0.02883,0.01784,-0.1985,0.2589,0.7765,-1.6897,0.0,0.0,True,both_converged
75729,3.0,0.7169,0.02561,0.01683,-0.1016,0.7372,1.0,-0.9563,0.0,0.0,True,1.1572,0.03087,0.01982,-0.1996,0.2442,1.0,-1.8333,0.0,0.0,True,both_converged
75729,3.5,0.7799,0.0256,0.01681,-0.1018,0.7192,1.0,-1.026,0.0,0.0,True,1.2167,0.0336,0.02246,-0.2001,0.2323,1.0,-1.9731,0.0,0.0,True,both_converged
75729,4.0,0.8271,0.0265,0.01776,-0.1001,0.6969,1.0,-1.0988,0.0,0.0,True,1.272,0.03635,0.02516,-0.1997,0.2208,1.0,-2.127,0.0,0.0,True,both_converged
75729,4.5,0.8806,0.02705,0.01836,-0.0991,0.6762,1.0,-1.2107,0.0,0.0,True,1.3228,0.03965,0.02898,-0.1981,0.2112,1.0,-2.2502,0.0,0.0,True,both_converged
75729,5.0,0.9389,0.02731,0.0187,-0.0985,0.6565,1.0,-1.3599,0.0,0.0,True,1.3736,0.04357,0.03284,-0.1973,0.2024,1.0,-2.4166,0.0,0.0,True,both_converged
75729,5.5,1.0011,0.02735,0.0188,-0.0982,0.637,1.0,-1.5458,0.0,0.0,True,1.4149,0.04784,0.03804,-0.1939,0.1948,1.0,-2.5108,0.0,0.0,True,both_converged
75729,6.0,1.0409,0.02859,0.02022,-0.0955,0.6113,1.0,-1.7123,0.0,0.0,True,1.4569,0.05231,0.04282,-0.1915,0.1881,1.0,-2.6575,0.0,0.0,True,both_converged
75729,6.5,1.1072,0.02809,0.01974,-0.0951,0.5881,1.0,-1.962,0.0,0.0,True,1.4868,0.05886,0.05009,-0.1873,0.1829,1.0,-2.7398,0.0,0.0,True,both_converged
75729,7.0,1.1541,0.02836,0.02016,-0.0924,0.558,1.0,-2.1928,0.0,0.0,True,1.506,0.06703,0.05912,-0.182,0.1821,1.0,-2.7789,0.0,0.0,True,both_converged
75729,7.5,1.2053,0.02819,0.02005,-0.09,0.5255,1.0,-2.4586,0.0,0.0,True,1.5138,0.07617,0.06902,-0.1761,0.1824,1.0,-2.7921,0.0,0.0,True,both_converged
75729,8.0,1.2556,0.02789,0.01978,-0.0874,0.4901,1.0,-2.7438,0.0,0.0,True,1.4068,0.10193,0.09661,-0.1699,0.2744,1.0,-2.2381,0.0,0.0,True,both_converged
75729,8.5,1.2905,0.02808,0.02015,-0.0828,0.4491,1.0,-3.0022,0.0,0.0,True,1.3324,0.11392,0.10868,-0.1647,0.2653,1.0,-2.1049,0.0,0.0,True,both_converged
75729,9.0,1.3204,0.02818,0.02031,-0.0774,0.4016,1.0,-3.2593,0.0,0.0,True,1.3651,0.12314,0.11791,-0.1619,0.2523,1.0,-2.2218,0.0,0.0,True,both_converged
75729,9.5,1.3333,0.02891,0.02097,-0.0697,0.3423,1.0,-3.4727,0.0,0.0,True,1.2633,0.1395,0.13427,-0.1701,0.24,1.0,-1.9477,0.0,0.0,True,both_converged
75729,10.0,1.3244,0.03101,0.02273,-0.0598,0.2738,1.0,-3.6059,0.0,0.0,True,1.236,0.15199,0.14672,-0.1755,0.2277,1.0,-1.8593,0.0,0.0,True,both_converged
75729,10.5,1.3129,0.03471,0.0259,-0.0513,0.2146,1.0,-3.7118,0.0,0.0,True,1.2997,0.15844,0.1533,-0.1662,0.2191,1.0,-2.0979,0.0,0.0,True,both_converged
75729,11.0,1.3154,0.03884,0.02966,-0.0455,0.1733,1.0,-3.8567,0.0,0.0,True,1.2382,0.17058,0.16535,-0.1798,0.2065,1.0,-1.8595,0.0,0.0,True,both_converged
75729,11.5,1.3336,0.04281,0.03344,-0.0416,0.1446,1.0,-4.0529,0.0,0.0,True,1.2416,0.18063,0.1754,-0.1827,0.1999,1.0,-1.8528,0.0,0.0,True,both_converged
75729,12.0,1.3713,0.04681,0.03721,-0.0397,0.1229,1.0,-4.3107,0.0,0.0,True,1.252,0.18825,0.18306,-0.1845,0.1882,1.0,-1.8895,0.0,0.0,True,both_converged
75729,12.5,1.404,0.05133,0.04194,-0.0376,0.1086,1.0,-4.5465,0.0,0.0,True,1.246,0.1978,0.19259,-0.191,0.1817,1.0,-1.8224,0.0,0.0,True,both_converged
75729,13.0,1.4417,0.05658,0.04732,-0.0364,0.0977,1.0,-4.8112,0.0,0.0,True,1.2595,0.2054,0.20025,-0.1932,0.1728,1.0,-1.8555,0.0,0.0,True,both_converged
75729,13.5,1.4284,0.06234,0.0538,-0.0311,0.0931,1.0,-4.8644,0.0,0.0,True,1.2706,0.21485,0.20973,-0.1964,0.1678,1.0,-1.8706,0.0,0.0,True,both_converged
75729,14.0,1.4429,0.06823,0.05992,-0.0288,0.0873,1.0,-5.0446,0.0,0.0,True,1.2748,0.22123,0.21614,-0.202,0.1581,1.0,-1.8469,0.0,0.0,True,both_converged
75729,14.5,1.4182,0.07649,0.06874,-0.0255,0.0855,1.0,-5.0335,0.0,0.0,True,1.3211,0.23551,0.23058,-0.1959,0.1537,1.0,-2.0598,0.0,0.0,True,both_converged
75729,15.0,1.3689,0.08609,0.07896,-0.0237,0.0851,1.0,-4.9192,0.0,0.0,True,1.2943,0.2364,0.23139,-0.2113,0.1461,1.0,-1.8396,0.0,0.0,True,both_converged
75729,15.5,1.3126,0.09818,0.09159,-0.0254,0.0853,1.0,-4.7488,0.0,0.0,True,1.32,0.2455,0.2406,-0.2109,0.14,1.0,-1.9463,0.0,0.0,True,both_converged
75729,16.0,1.2531,0.11312,0.10694,-0.0309,0.086,1.0,-4.5199,0.0,0.0,True,1.327,0.25331,0.24842,-0.2171,0.1372,1.0,-1.9121,0.0,0.0,True,both_converged
75729,16.5,,,,,,,,,,False,1.3349,0.25803,0.25318,-0.2237,0.1289,1.0,-1.8874,0.0,0.0,True,optimised_only
75729,17.0,,,,,,,,,,False,1.3688,0.27233,0.26765,-0.2206,0.1246,1.0,-2.1183,0.0,0.0,True,optimised_only
75729,17.5,0.9873,0.2224,0.2164,-0.1015,0.1654,1.0,-1.9291,0.0,0.0,True,1.3629,0.27293,0.2682,-0.2327,0.1213,1.0,-1.9981,0.0,0.0,True,both_converged
75729,18.0,1.0013,0.22867,0.22271,-0.1047,0.1538,1.0,-1.9526,0.0,0.0,True,1.3775,0.27904,0.27439,-0.2371,0.1142,1.0,-2.1401,0.0,0.0,True,both_converged
75729,18.5,1.0022,0.23509,0.22909,-0.1114,0.1448,1.0,-1.8846,0.0,0.0,True,1.4103,0.29614,0.29168,-0.2338,0.1107,1.0,-2.535,0.0,0.0,True,both_converged
75729,19.0,1.0447,0.24783,0.24197,-0.1089,0.1382,1.0,-2.0844,0.0,0.0,True,1.4059,0.29338,0.28887,-0.247,0.1076,1.0,-2.3767,0.0,0.0,True,both_converged
75729,19.5,1.0311,0.24877,0.24282,-0.1191,0.129,1.0,-1.9242,0.0,0.0,True,1.4209,0.29946,0.29503,-0.2518,0.1014,1.0,-2.509,0.0,0.0,True,both_converged
75729,20.0,1.0563,0.25854,0.25265,-0.12,0.1239,1.0,-2.0145,0.0,0.0,True,1.4473,0.31456,0.31031,-0.2498,0.098,1.0,-2.8526,0.0,0.0,True,both_converged
75729,20.5,1.0596,0.26224,0.25633,-0.1275,0.1154,1.0,-1.9471,0.0,0.0,True,1.4502,0.31356,0.30928,-0.2617,0.0951,1.0,-2.7279,0.0,0.0,True,both_converged
75729,21.0,1.0855,0.27265,0.26681,-0.1281,0.1107,1.0,-2.0673,0.0,0.0,True,1.465,0.31954,0.31534,-0.267,0.0896,1.0,-2.827,0.0,0.0,True,both_converged
75729,21.5,1.0883,0.27529,0.26943,-0.1364,0.1027,1.0,-1.9801,0.0,0.0,True,1.4927,0.34012,0.33608,-0.2634,0.0857,1.0,-3.1913,0.0,0.0,True,both_converged
75729,22.0,1.1265,0.29157,0.28584,-0.1335,0.0984,1.0,-2.2003,0.0,0.0,True,1.4945,0.33317,0.32911,-0.2777,0.0821,1.0,-2.9551,0.0,0.0,True,both_converged
75729,22.5,1.1168,0.28841,0.28259,-0.1459,0.0934,1.0,-1.9873,0.0,0.0,True,1.5116,0.341,0.33706,-0.2805,0.0758,1.0,-3.077,0.0,0.0,True,both_converged
75729,23.0,1.1378,0.29565,0.28991,-0.1478,0.0874,1.0,-2.1024,0.0,0.0,True,1.5248,0.34678,0.34285,-0.2885,0.0713,1.0,-2.9521,0.0,0.0,True,both_converged
75729,23.5,1.1492,0.30206,0.29631,-0.1538,0.0848,1.0,-2.0718,0.0,0.0,True,1.5432,0.35878,0.35493,-0.2895,0.0644,1.0,-3.0095,0.0,0.0,True,both_converged
75729,24.0,1.1615,0.30698,0.30126,-0.16,0.0791,1.0,-2.0485,0.0,0.0,True,1.556,0.36034,0.35648,-0.299,0.0577,1.0,-2.8004,0.0,0.0,True,both_converged
75729,24.5,1.1841,0.31648,0.31084,-0.1607,0.0753,1.0,-2.1887,0.0,0.0,True,1.5712,0.36827,0.36442,-0.3038,0.0548,1.0,-2.7286,0.0,0.0,True,both_converged
75729,25.0,1.191,0.31954,0.31387,-0.1694,0.0725,1.0,-2.0746,0.0,0.0,True,1.5861,0.37353,0.36971,-0.3103,0.0495,1.0,-2.6345,0.0,0.0,True,both_converged
75729,25.5,1.2054,0.32499,0.31937,-0.1746,0.0677,1.0,-2.0974,0.0,0.0,True,1.6017,0.38459,0.38081,-0.3121,0.0474,1.0,-2.6912,0.0,0.0,True,both_converged
75729,26.0,1.2255,0.33426,0.32872,-0.1759,0.0648,1.0,-2.2379,0.0,0.0,True,1.6151,0.38645,0.38268,-0.322,0.0453,1.0,-2.4967,0.0,0.0,True,both_converged
75729,26.5,1.2349,0.33789,0.33232,-0.1837,0.0633,1.0,-2.1549,0.0,0.0,True,1.6293,0.39228,0.38854,-0.3274,0.0423,1.0,-2.4997,0.0,0.0,True,both_converged
75729,27.0,1.2477,0.34239,0.33685,-0.19,0.0589,1.0,-2.1278,0.0,0.0,True,1.6434,0.40391,0.40025,-0.3285,0.0403,1.0,-2.6679,0.0,0.0,True,both_converged
75729,27.5,1.2639,0.34909,0.34363,-0.193,0.0558,1.0,-2.2206,0.0,0.0,True,1.6564,0.40429,0.40062,-0.3386,0.0389,1.0,-2.5193,0.0,0.0,True,both_converged
75729,28.0,1.2779,0.35671,0.35127,-0.1976,0.0546,1.0,-2.2311,0.0,0.0,True,1.6697,0.40955,0.40592,-0.3444,0.0361,1.0,-2.5312,0.0,0.0,True,both_converged
75729,28.5,1.2885,0.35911,0.35369,-0.2057,0.0519,1.0,-2.1491,0.0,0.0,True,1.6818,0.41569,0.41213,-0.3483,0.0344,1.0,-2.6214,0.0,0.0,True,both_converged
75729,29.0,1.302,0.3643,0.35893,-0.2106,0.049,1.0,-2.1858,0.0,0.0,True,1.6941,0.42189,0.41836,-0.3538,0.0337,1.0,-2.6314,0.0,0.0,True,both_converged
75729,29.5,1.3179,0.37352,0.36824,-0.2125,0.047,1.0,-2.3287,0.0,0.0,True,1.7073,0.42506,0.42156,-0.3614,0.0324,1.0,-2.5594,0.0,0.0,True,both_converged
75729,30.0,1.3276,0.37541,0.37012,-0.2208,0.0458,1.0,-2.2279,0.0,0.0,True,1.7193,0.4297,0.42624,-0.3672,0.0306,1.0,-2.5667,0.0,0.0,True,both_converged
79805,-30.0,,,,,,,,,,False,,,,,,,,,,False,none_converged
79805,-29.5,-0.8959,0.34169,0.33533,0.099,1.0,0.03,-1.7717,0.0,0.0,True,,,,,,,,,,False,baseline_only
79805,-29.0,-0.8809,0.33588,0.32949,0.0947,1.0,0.0309,-1.7078,0.0,0.0,True,,,,,,,,,,False,baseline_only
79805,-28.5,-0.8656,0.33093,0.32451,0.0898,1.0,0.0323,-1.6715,0.0,0.0,True,-0.8535,0.3323,0.3257,0.0724,1.0,0.024,-1.4717,0.0,0.0,True,both_converged
79805,-28.0,-0.8499,0.326,0.31955,0.0847,1.0,0.0337,-1.671,0.0,0.0,True,-0.8383,0.32725,0.32061,0.0674,1.0,0.0246,-1.4528,0.0,0.0,True,both_converged
79805,-27.5,-0.8342,0.32178,0.31531,0.079,1.0,0.0346,-1.7031,0.0,0.0,True,-0.8229,0.32216,0.31547,0.0624,1.0,0.0252,-1.4387,0.0,0.0,True,both_converged
79805,-27.0,,,,,,,,,,False,-0.8071,0.3171,0.31039,0.0575,1.0,0.0257,-1.4251,0.0,0.0,True,optimised_only
79805,-26.5,-0.4679,0.26042,0.25495,0.017,1.0,0.0396,-0.9024,0.0,0.0,True,-0.7911,0.31221,0.30547,0.0525,1.0,0.0261,-1.414,0.0,0.0,True,both_converged
79805,-26.0,-0.4616,0.25665,0.25115,0.0136,1.0,0.0406,-0.9436,0.0,0.0,True,,,,,,,,,,False,baseline_only
79805,-25.5,-0.4522,0.25064,0.24511,0.0111,1.0,0.0414,-0.9284,0.0,0.0,True,-0.4683,0.25115,0.2454,-0.0002,1.0,0.029,-0.7761,0.0,0.0,True,both_converged
79805,-25.0,-0.4421,0.24526,0.2397,0.0087,1.0,0.0431,-0.9074,0.0,0.0,True,-0.46,0.24678,0.24099,-0.0027,1.0,0.0297,-0.7797,0.0,0.0,True,both_converged
79805,-24.5,-0.433,0.24038,0.23479,0.006,1.0,0.045,-0.9131,0.0,0.0,True,-0.4517,0.24255,0.23673,-0.0052,1.0,0.0304,-0.7851,0.0,0.0,True,both_converged
79805,-24.0,-0.4248,0.23599,0.23035,0.0031,1.0,0.0468,-0.9394,0.0,0.0,True,-0.4437,0.23861,0.23277,-0.0077,1.0,0.0309,-0.7954,0.0,0.0,True,both_converged
79805,-23.5,,,,,,,,,,False,-0.4362,0.23527,0.22941,-0.0101,1.0,0.0312,-0.8134,0.0,0.0,True,optimised_only
79805,-23.0,-0.6842,0.27237,0.26577,0.0377,1.0,0.0462,-1.568,0.0,0.0,True,-0.6764,0.27461,0.26776,0.0216,1.0,0.0296,-1.2915,0.0,0.0,True,both_converged
79805,-22.5,-0.67,0.2698,0.26321,0.0316,1.0,0.0474,-1.633,0.0,0.0,True,-0.6594,0.26931,0.26245,0.0174,1.0,0.0304,-1.283,0.0,0.0,True,both_converged
79805,-22.0,-0.6509,0.26132,0.25472,0.0285,1.0,0.0485,-1.5739,0.0,0.0,True,-0.6424,0.26444,0.25758,0.0131,1.0,0.031,-1.3119,0.0,0.0,True,both_converged
79805,-21.5,-0.6322,0.25495,0.24834,0.0252,1.0,0.0508,-1.5158,0.0,0.0,True,,,,,,,,,,False,baseline_only
79805,-21.0,-0.6148,0.24941,0.2428,0.021,1.0,0.0535,-1.518,0.0,0.0,True,-0.3958,0.21447,0.20859,-0.0186,1.0,0.0357,-0.8279,0.0,0.0,True,both_converged
79805,-20.5,-0.6023,0.24695,0.24035,0.015,1.0,0.0553,-1.6021,0.0,0.0,True,-0.3892,0.2114,0.20553,-0.0202,1.0,0.0365,-0.8643,0.0,0.0,True,both_converged
79805,-20.0,-0.5832,0.23857,0.23198,0.0119,1.0,0.0563,-1.5705,0.0,0.0,True,-0.3847,0.20964,0.20377,-0.022,1.0,0.0369,-0.9238,0.0,0.0,True,both_converged
79805,-19.5,-0.5633,0.23146,0.22486,0.0094,1.0,0.0586,-1.5022,0.0,0.0,True,-0.5594,0.23648,0.22965,-0.0042,1.0,0.0356,-1.3014,0.0,0.0,True,both_converged
79805,-19.0,-0.546,0.22573,0.21913,0.0057,1.0,0.0619,-1.4847,0.0,0.0,True,-0.5437,0.23179,0.22499,-0.0077,1.0,0.0366,-1.3353,0.0,0.0,True,both_converged
79805,-18.5,-0.5401,0.22525,0.2187,-0.0009,1.0,0.0645,-1.5936,0.0,0.0,True,,,,,,,,,,False,baseline_only
79805,-18.0,-0.5151,0.21399,0.20743,-0.0021,1.0,0.0663,-1.4942,0.0,0.0,True,-0.3571,0.1938,0.18803,-0.0241,1.0,0.0412,-0.9119,0.0,0.0,True,both_converged
79805,-17.5,-0.4963,0.20752,0.20097,-0.0047,1.0,0.0695,-1.456,0.0,0.0,True,-0.3527,0.19109,0.18534,-0.0245,1.0,0.0426,-0.9352,0.0,0.0,True,both_converged
79805,-17.0,-0.482,0.20225,0.19571,-0.0086,1.0,0.0734,-1.4766,0.0,0.0,True,-0.3513,0.18977,0.18403,-0.0252,1.0,0.0434,-0.9864,0.0,0.0,True,both_converged
79805,-16.5,-0.4886,0.20385,0.19739,-0.0153,1.0,0.075,-1.6422,0.0,0.0,True,,,,,,,,,,False,baseline_only
79805,-16.0,-0.4507,0.18928,0.18278,-0.0144,1.0,0.0786,-1.4574,0.0,0.0,True,-0.3423,0.18227,0.17662,-0.0243,1.0,0.045,-0.9727,0.0,0.0,True,both_converged
79805,-15.5,-0.4358,0.18352,0.17703,-0.0172,1.0,0.0837,-1.4391,0.0,0.0,True,-0.3385,0.17916,0.17355,-0.0236,1.0,0.0466,-0.9567,0.0,0.0,True,both_converged
79805,-15.0,-0.4449,0.18368,0.17728,-0.0233,1.0,0.0866,-1.5858,0.0,0.0,True,-0.3363,0.17653,0.17095,-0.0231,1.0,0.0484,-0.9574,0.0,0.0,True,both_converged
79805,-14.5,-0.4115,0.17108,0.16466,-0.023,1.0,0.0894,-1.4594,0.0,0.0,True,-0.3356,0.17434,0.16879,-0.0227,1.0,0.0502,-0.9749,0.0,0.0,True,both_converged
79805,-14.0,-0.3953,0.1648,0.15839,-0.0247,1.0,0.0946,-1.429,0.0,0.0,True,-0.3386,0.17349,0.16799,-0.0229,1.0,0.0513,-1.0302,0.0,0.0,True,both_converged
79805,-13.5,-0.4088,0.16393,0.15762,-0.0304,1.0,0.0994,-1.5808,0.0,0.0,True,-0.3461,0.17352,0.16809,-0.0232,1.0,0.0517,-1.105,0.0,0.0,True,both_converged
79805,-13.0,-0.3751,0.15248,0.14616,-0.0295,1.0,0.1035,-1.4496,0.0,0.0,True,-0.3304,0.16423,0.15884,-0.0202,1.0,0.0542,-0.9741,0.0,0.0,True,both_converged
79805,-12.5,-0.3639,0.14667,0.14038,-0.0312,1.0,0.1099,-1.435,0.0,0.0,True,-0.3282,0.16063,0.15529,-0.0191,1.0,0.0571,-0.9657,0.0,0.0,True,both_converged
79805,-12.0,-0.3937,0.14637,0.14024,-0.038,1.0,0.1135,-1.6431,0.0,0.0,True,-0.3299,0.15787,0.15258,-0.0186,1.0,0.0599,-1.0184,0.0,0.0,True,both_converged
79805,-11.5,-0.3461,0.13412,0.12794,-0.0343,1.0,0.1198,-1.4345,0.0,0.0,True,-0.3422,0.15795,0.15273,-0.0191,1.0,0.0609,-1.1372,0.0,0.0,True,both_converged
79805,-11.0,-0.3619,0.13128,0.12523,-0.0383,1.0,0.1276,-1.5515,0.0,0.0,True,-0.3296,0.14942,0.14427,-0.0166,1.0,0.0627,-1.084,0.0,0.0,True,both_converged
79805,-10.5,-0.3386,0.12244,0.11642,-0.037,1.0,0.1322,-1.4751,0.0,0.0,True,-0.3256,0.14465,0.13956,-0.0148,1.0,0.0655,-1.0715,0.0,0.0,True,both_converged
79805,-10.0,-0.3368,0.11745,0.11152,-0.0374,1.0,0.1407,-1.4819,0.0,0.0,True,-0.3255,0.14059,0.13555,-0.0137,1.0,0.0688,-1.0983,0.0,0.0,True,both_converged
79805,-9.5,-0.3517,0.11227,0.10651,-0.0386,1.0,0.1452,-1.5597,0.0,0.0,True,-0.3341,0.13844,0.13348,-0.0136,1.0,0.0714,-1.1878,0.0,0.0,True,both_converged
79805,-9.0,-0.3398,0.1069,0.1012,-0.0361,1.0,0.1559,-1.4889,0.0,0.0,True,-0.355,0.1385,0.13365,-0.0136,1.0,0.072,-1.3199,0.0,0.0,True,both_converged
79805,-8.5,-0.4106,0.10688,0.10155,-0.0351,1.0,0.159,-1.712,0.0,0.0,True,-0.4141,0.13794,0.1327,-0.0132,1.0,0.0719,-1.5473,0.0,0.0,True,both_converged
79805,-8.0,-0.3601,0.09768,0.09229,-0.0306,1.0,0.1696,-1.5212,0.0,0.0,True,-0.393,0.12732,0.12212,-0.0101,1.0,0.0744,-1.4567,0.0,0.0,True,both_converged
79805,-7.5,-0.4363,0.09728,0.09224,-0.0272,1.0,0.1746,-1.7078,0.0,0.0,True,-0.392,0.12287,0.11776,-0.0073,1.0,0.078,-1.4419,0.0,0.0,True,both_converged
79805,-7.0,-0.4245,0.09077,0.0858,-0.0209,1.0,0.18,-1.6293,0.0,0.0,True,-0.4016,0.11995,0.11496,-0.0045,1.0,0.0818,-1.4815,0.0,0.0,True,both_converged
79805,-6.5,-0.4784,0.08681,0.08195,-0.0286,1.0,0.1916,-1.8407,0.0,0.0,True,-0.4218,0.12005,0.11521,-0.0054,1.0,0.0841,-1.616,0.0,0.0,True,both_converged
79805,-6.0,-0.4568,0.0815,0.07677,-0.0168,1.0,0.1993,-1.6665,0.0,0.0,True,-0.4132,0.11213,0.10738,-0.0023,1.0,0.0865,-1.5775,0.0,0.0,True,both_converged
79805,-5.5,-0.4643,0.07564,0.07095,-0.0182,1.0,0.2129,-1.6892,0.0,0.0,True,-0.4032,0.10676,0.10207,-0.0004,1.0,0.0931,-1.5227,0.0,0.0,True,both_converged
79805,-5.0,-0.4584,0.0696,0.06487,-0.0202,1.0,0.2289,-1.6794,0.0,0.0,True,-0.3809,0.10186,0.09726,-0.0118,1.0,0.0993,-1.6254,0.0,0.0,True,both_converged
79805,-4.5,-0.4242,0.06311,0.05819,-0.0271,0.9957,0.2603,-1.6371,0.0,0.0,True,-0.3688,0.09533,0.09078,-0.0064,1.0,0.1051,-1.5174,0.0,0.0,True,both_converged
79805,-4.0,-0.3482,0.05519,0.05004,-0.0373,0.9809,0.2834,-1.5219,0.0,0.0,True,-0.3206,0.08835,0.08382,-0.0207,1.0,0.1148,-1.5487,0.0,0.0,True,both_converged
79805,-3.5,-0.2029,0.03092,0.02177,-0.0677,0.975,0.1578,-1.8903,0.0,0.0,True,,,,,,,,,,False,baseline_only
79805,-3.0,-0.1154,0.02918,0.0198,-0.0747,0.9592,0.1856,-1.6369,0.0,0.0,True,-0.2044,0.07414,0.06957,-0.0428,1.0,0.1457,-1.3975,0.0,0.0,True,both_converged
79805,-2.5,-0.0285,0.02793,0.01839,-0.0812,0.9428,0.2267,-1.3951,0.0,0.0,True,-0.1404,0.06721,0.0626,-0.0519,1.0,0.1632,-1.3271,0.0,0.0,True,both_converged
79805,-2.0,0.0469,0.02698,0.01761,-0.0855,0.9235,0.2819,-1.1788,0.0,0.0,True,0.1038,0.0491,0.04365,-0.112,1.0,0.1437,-1.436,0.0,0.0,True,both_converged
79805,-1.5,0.1203,0.02601,0.01701,-0.0892,0.9038,0.3682,-0.9815,0.0,0.0,True,0.1194,0.04919,0.04403,-0.1027,1.0,0.1824,-1.1688,0.0,0.0,True,both_converged
79805,-1.0,0.1926,0.02443,0.01664,-0.0919,0.886,0.5878,-0.8026,0.0,0.0,True,0.4259,0.03347,0.02576,-0.1642,1.0,0.2026,-1.0764,0.0,0.0,True,both_converged
79805,-0.5,0.2672,0.02351,0.01621,-0.0933,0.8675,1.0,-0.6354,0.0,0.0,True,0.5485,0.0329,0.02521,-0.1764,0.9819,0.294,-0.7857,0.0,0.0,True,both_converged
79805,0.0,0.3474,0.02355,0.01582,-0.0976,0.8494,1.0,-0.6488,0.0,0.0,True,0.809,0.02198,0.01247,-0.2006,0.4194,0.4437,-1.1035,0.0,0.0,True,both_converged
79805,0.5,0.4246,0.02341,0.01539,-0.1009,0.832,1.0,-0.7038,0.0,0.0,True,0.8435,0.02416,0.01394,-0.196,0.3463,0.4857,-1.1819,0.0,0.0,True,both_converged
79805,1.0,,,,,,,,,,False,0.9095,0.02519,0.01453,-0.1971,0.3114,0.5393,-1.3069,0.0,0.0,True,optimised_only
79805,1.5,0.5452,0.02378,0.01541,-0.1016,0.79,1.0,-0.799,0.0,0.0,True,0.9809,0.02645,0.01527,-0.1995,0.2869,0.5966,-1.442,0.0,0.0,True,both_converged
79805,2.0,0.6101,0.02371,0.01522,-0.1023,0.7715,1.0,-0.8546,0.0,0.0,True,1.041,0.02765,0.01637,-0.1997,0.268,0.6565,-1.5742,0.0,0.0,True,both_converged
79805,2.5,0.6742,0.02362,0.01506,-0.1027,0.7533,1.0,-0.9135,0.0,0.0,True,1.0998,0.02893,0.01774,-0.1999,0.2529,0.7455,-1.7048,0.0,0.0,True,both_converged
79805,3.0,0.7378,0.02354,0.01493,-0.103,0.7352,1.0,-0.9767,0.0,0.0,True,1.1574,0.03037,0.01934,-0.1999,0.2386,1.0,-1.8454,0.0,0.0,True,both_converged
79805,3.5,0.7865,0.02426,0.01565,-0.1015,0.7127,1.0,-1.0346,0.0,0.0,True,1.2165,0.03287,0.02191,-0.2001,0.2266,1.0,-1.9814,0.0,0.0,True,both_converged
79805,4.0,0.8413,0.02467,0.0161,-0.1007,0.6921,1.0,-1.1179,0.0,0.0,True,1.2715,0.03571,0.02476,-0.1997,0.2156,1.0,-2.132,0.0,0.0,True,both_converged
79805,4.5,0.8996,0.02493,0.01638,-0.1002,0.6725,1.0,-1.2413,0.0,0.0,True,1.3239,0.03859,0.02786,-0.1986,0.2059,1.0,-2.2751,0.0,0.0,True,both_converged
79805,5.0,0.9599,0.02512,0.01659,-0.0999,0.6533,1.0,-1.3998,0.0,0.0,True,1.372,0.0424,0.03213,-0.1967,0.1971,1.0,-2.4112,0.0,0.0,True,both_converged
79805,5.5,1.0016,0.02629,0.01792,-0.0974,0.6288,1.0,-1.5511,0.0,0.0,True,1.4178,0.04617,0.03623,-0.1947,0.1892,1.0,-2.5513,0.0,0.0,True,both_converged
79805,6.0,1.0596,0.02645,0.01814,-0.0966,0.6066,1.0,-1.7584,0.0,0.0,True,1.4575,0.05141,0.04201,-0.1918,0.1829,1.0,-2.6757,0.0,0.0,True,both_converged
79805,6.5,1.1068,0.02704,0.01886,-0.0943,0.5798,1.0,-1.9668,0.0,0.0,True,1.4869,0.05778,0.04926,-0.1872,0.1778,1.0,-2.7446,0.0,0.0,True,both_converged
79805,7.0,1.1607,0.02696,0.01884,-0.0925,0.5508,1.0,-2.2168,0.0,0.0,True,1.5095,0.06514,0.05733,-0.1823,0.1754,1.0,-2.8091,0.0,0.0,True,both_converged
79805,7.5,1.2103,0.02691,0.01885,-0.09,0.5184,1.0,-2.4806,0.0,0.0,True,1.5405,0.07107,0.06332,-0.1794,0.1687,1.0,-2.9698,0.0,0.0,True,both_converged
79805,8.0,1.2547,0.02694,0.01898,-0.0868,0.4826,1.0,-2.7492,0.0,0.0,True,,,,,,,,,,False,baseline_only
79805,8.5,1.298,0.02679,0.01881,-0.0833,0.4429,1.0,-3.0363,0.0,0.0,True,1.395,0.11073,0.10554,-0.1643,0.2512,1.0,-2.2747,0.0,0.0,True,both_converged
79805,9.0,1.3244,0.02712,0.01923,-0.0776,0.3954,1.0,-3.2836,0.0,0.0,True,1.2925,0.12496,0.11988,-0.1646,0.2416,1.0,-2.0431,0.0,0.0,True,both_converged
79805,9.5,1.3338,0.02808,0.0202,-0.0696,0.3355,1.0,-3.4847,0.0,0.0,True,1.2566,0.13943,0.13431,-0.1702,0.2312,1.0,-1.9374,0.0,0.0,True,both_converged
79805,10.0,1.3242,0.03033,0.02208,-0.0597,0.2665,1.0,-3.6156,0.0,0.0,True,1.3643,0.14229,0.13727,-0.1574,0.2193,1.0,-2.3129,0.0,0.0,True,both_converged
79805,10.5,1.3124,0.03413,0.02532,-0.0513,0.2082,1.0,-3.7223,0.0,0.0,True,1.2384,0.16018,0.15507,-0.1764,0.2079,1.0,-1.8834,0.0,0.0,True,both_converged
79805,11.0,1.3142,0.03824,0.02906,-0.0456,0.1682,1.0,-3.8686,0.0,0.0,True,1.2919,0.16822,0.16321,-0.1688,0.2022,1.0,-2.0891,0.0,0.0,True,both_converged
79805,11.5,1.3319,0.04214,0.03275,-0.0417,0.1402,1.0,-4.0675,0.0,0.0,True,1.2398,0.17896,0.17387,-0.1827,0.1903,1.0,-1.86,0.0,0.0,True,both_converged
79805,12.0,1.3607,0.04613,0.03674,-0.039,0.1202,1.0,-4.2913,0.0,0.0,True,1.2567,0.18865,0.18358,-0.183,0.1845,1.0,-1.9168,0.0,0.0,True,both_converged
79805,12.5,1.393,0.0504,0.04116,-0.0368,0.1059,1.0,-4.5293,0.0,0.0,True,1.2494,0.19637,0.19131,-0.1899,0.1739,1.0,-1.8526,0.0,0.0,True,both_converged
79805,13.0,1.4255,0.05535,0.04629,-0.035,0.0957,1.0,-4.7766,0.0,0.0,True,1.2908,0.20742,0.20248,-0.1848,0.1693,1.0,-2.028,0.0,0.0,True,both_converged
79805,13.5,1.4358,0.06046,0.05178,-0.0317,0.0888,1.0,-4.9424,0.0,0.0,True,1.2634,0.21284,0.20785,-0.1983,0.1594,1.0,-1.8413,0.0,0.0,True,both_converged
79805,14.0,1.4383,0.06734,0.05911,-0.0287,0.0847,1.0,-5.0521,0.0,0.0,True,1.3044,0.22359,0.21875,-0.1933,0.1543,1.0,-2.0282,0.0,0.0,True,both_converged
79805,14.5,1.4026,0.07528,0.06774,-0.0251,0.0832,1.0,-5.0003,0.0,0.0,True,1.2833,0.22874,0.22381,-0.2069,0.1483,1.0,-1.8377,0.0,0.0,True,both_converged
79805,15.0,1.3562,0.08521,0.07829,-0.024,0.0826,1.0,-4.8906,0.0,0.0,True,1.3043,0.2364,0.23157,-0.2078,0.1408,1.0,-1.9228,0.0,0.0,True,both_converged
79805,15.5,1.2963,0.0982,0.09182,-0.0266,0.0831,1.0,-4.6942,0.0,0.0,True,1.3244,0.2477,0.24293,-0.2095,0.138,1.0,-1.9736,0.0,0.0,True,both_converged
79805,16.0,1.2262,0.11536,0.10943,-0.0342,0.0847,1.0,-4.3981,0.0,0.0,True,1.3208,0.25053,0.24575,-0.2196,0.1304,1.0,-1.8708,0.0,0.0,True,both_converged
79805,16.5,,,,,,,,,,False,1.35,0.26125,0.25661,-0.2178,0.125,1.0,-2.0207,0.0,0.0,True,optimised_only
79805,17.0,0.6846,0.18457,0.17914,-0.0628,0.1779,1.0,-1.2621,0.0,0.0,True,1.3519,0.26649,0.26184,-0.2267,0.1225,1.0,-1.9291,0.0,0.0,True,both_converged
79805,17.5,0.7108,0.19206,0.18673,-0.0625,0.1671,1.0,-1.3527,0.0,0.0,True,1.3627,0.27172,0.26713,-0.233,0.1154,1.0,-2.0068,0.0,0.0,True,both_converged
79805,18.0,0.6898,0.19532,0.18999,-0.0666,0.1576,1.0,-1.2345,0.0,0.0,True,1.3909,0.28405,0.27961,-0.231,0.1111,1.0,-2.3549,0.0,0.0,True,both_converged
79805,18.5,0.7045,0.2025,0.19722,-0.0673,0.1513,1.0,-1.2771,0.0,0.0,True,1.3936,0.28726,0.28281,-0.2409,0.1089,1.0,-2.304,0.0,0.0,True,both_converged
79805,19.0,0.7036,0.20681,0.20156,-0.0697,0.1407,1.0,-1.2466,0.0,0.0,True,1.406,0.29235,0.28796,-0.2472,0.1023,1.0,-2.3898,0.0,0.0,True,both_converged
79805,19.5,1.0584,0.25405,0.24836,-0.1122,0.1244,1.0,-2.1224,0.0,0.0,True,1.4284,0.30278,0.29852,-0.2472,0.0984,1.0,-2.6778,0.0,0.0,True,both_converged
79805,20.0,1.0449,0.25507,0.2493,-0.1233,0.1167,1.0,-1.9359,0.0,0.0,True,1.4379,0.30832,0.30408,-0.2549,0.0965,1.0,-2.6908,0.0,0.0,True,both_converged
79805,20.5,1.0871,0.26953,0.26388,-0.12,0.1112,1.0,-2.1743,0.0,0.0,True,1.4502,0.31253,0.30837,-0.2622,0.0904,1.0,-2.7346,0.0,0.0,True,both_converged
79805,21.0,1.0733,0.26843,0.26269,-0.1321,0.1043,1.0,-1.9654,0.0,0.0,True,1.4697,0.32209,0.31805,-0.2632,0.0865,1.0,-2.9758,0.0,0.0,True,both_converged
79805,21.5,1.1046,0.27911,0.2735,-0.1309,0.0988,1.0,-2.1498,0.0,0.0,True,1.4807,0.32731,0.32329,-0.2712,0.0842,1.0,-2.9507,0.0,0.0,True,both_converged
79805,22.0,1.1027,0.28176,0.27607,-0.1411,0.0946,1.0,-1.9886,0.0,0.0,True,1.4952,0.33266,0.32872,-0.2774,0.078,1.0,-2.9904,0.0,0.0,True,both_converged
79805,22.5,1.1206,0.28805,0.28241,-0.1443,0.0883,1.0,-2.0533,0.0,0.0,True,1.5137,0.34504,0.34121,-0.2785,0.0744,1.0,-3.1392,0.0,0.0,True,both_converged
79805,23.0,1.1372,0.29634,0.29071,-0.1479,0.0853,1.0,-2.098,0.0,0.0,True,1.5255,0.34639,0.34259,-0.288,0.0672,1.0,-2.9864,0.0,0.0,True,both_converged
79805,23.5,1.1469,0.30051,0.2949,-0.1552,0.0795,1.0,-2.0436,0.0,0.0,True,1.5406,0.35361,0.34981,-0.2941,0.0616,1.0,-2.8651,0.0,0.0,True,both_converged
79805,24.0,1.1677,0.30835,0.30282,-0.1568,0.0756,1.0,-2.1618,0.0,0.0,True,1.5588,0.36585,0.36212,-0.2946,0.0555,1.0,-2.927,0.0,0.0,True,both_converged
79805,24.5,1.1776,0.31372,0.30817,-0.1639,0.0733,1.0,-2.091,0.0,0.0,True,1.5714,0.36702,0.36326,-0.3054,0.0509,1.0,-2.6746,0.0,0.0,True,both_converged
79805,25.0,1.1911,0.31881,0.31329,-0.1697,0.0678,1.0,-2.0841,0.0,0.0,True,1.5883,0.37945,0.37577,-0.3055,0.0474,1.0,-2.7853,0.0,0.0,True,both_converged
79805,25.5,1.2117,0.32785,0.32242,-0.1708,0.0648,1.0,-2.2343,0.0,0.0,True,1.601,0.38023,0.37652,-0.3164,0.0456,1.0,-2.543,0.0,0.0,True,both_converged
79805,26.0,1.221,0.33189,0.32644,-0.1786,0.0633,1.0,-2.1523,0.0,0.0,True,1.6155,0.38617,0.3825,-0.322,0.0424,1.0,-2.4999,0.0,0.0,True,both_converged
79805,26.5,1.2337,0.33657,0.33115,-0.185,0.0591,1.0,-2.124,0.0,0.0,True,1.6302,0.39824,0.39463,-0.3225,0.0403,1.0,-2.6764,0.0,0.0,True,both_converged
79805,27.0,1.2503,0.34314,0.33778,-0.1879,0.0558,1.0,-2.2216,0.0,0.0,True,1.0265,0.39123,0.38817,-0.2051,0.0434,1.0,-1.2768,0.0,0.0,True,both_converged
79805,27.5,1.2639,0.35024,0.34491,-0.1928,0.0545,1.0,-2.2242,0.0,0.0,True,1.0294,0.39958,0.39658,-0.2064,0.0409,1.0,-1.3055,0.0,0.0,True,both_converged
79805,28.0,1.2752,0.35354,0.34822,-0.2006,0.0515,1.0,-2.137,0.0,0.0,True,1.0303,0.40877,0.40579,-0.2083,0.0399,1.0,-1.2888,0.0,0.0,True,both_converged
79805,28.5,1.289,0.35886,0.35359,-0.2053,0.0488,1.0,-2.1801,0.0,0.0,True,1.0302,0.41718,0.41424,-0.2109,0.0377,1.0,-1.2381,0.0,0.0,True,both_converged
79805,29.0,1.306,0.36893,0.36375,-0.2068,0.0469,1.0,-2.3385,0.0,0.0,True,1.0316,0.42534,0.42245,-0.2125,0.0351,1.0,-1.2529,0.0,0.0,True,both_converged
79805,29.5,1.3149,0.36995,0.36475,-0.2158,0.0455,1.0,-2.213,0.0,0.0,True,1.0333,0.43447,0.43163,-0.2138,0.0338,1.0,-1.2826,0.0,0.0,True,both_converged
79805,30.0,1.3275,0.37472,0.36957,-0.2217,0.0427,1.0,-2.2052,0.0,0.0,True,1.0322,0.44281,0.44001,-0.2165,0.0328,1.0,-1.2152,0.0,0.0,True,both_converged
83594,-30.0,,,,,,,,,,False,-0.5367,0.293,0.28772,0.0251,1.0,0.0231,-0.8046,0.0,0.0,True,optimised_only
83594,-29.5,-0.8956,0.34146,0.33523,0.0994,1.0,0.0295,-1.7498,0.0,0.0,True,-0.5297,0.28815,0.28283,0.0221,1.0,0.0238,-0.7993,0.0,0.0,True,both_converged
83594,-29.0,,,,,,,,,,False,-0.5226,0.28335,0.27797,0.0191,1.0,0.0244,-0.7934,0.0,0.0,True,optimised_only
83594,-28.5,-0.5,0.2807,0.27549,0.0285,1.0,0.0337,-0.8772,0.0,0.0,True,-0.5153,0.27861,0.27319,0.0162,1.0,0.0252,-0.7868,0.0,0.0,True,both_converged
83594,-28.0,-0.4931,0.27612,0.27088,0.0253,1.0,0.0346,-0.9111,0.0,0.0,True,-0.5078,0.27397,0.26851,0.0132,1.0,0.0258,-0.7859,0.0,0.0,True,both_converged
83594,-27.5,,,,,,,,,,False,-0.5002,0.26953,0.26403,0.0103,1.0,0.0261,-0.7977,0.0,0.0,True,optimised_only
83594,-27.0,,,,,,,,,,False,-0.8072,0.31691,0.31036,0.0576,1.0,0.0245,-1.4184,0.0,0.0,True,optimised_only
83594,-26.5,-0.4678,0.26009,0.25474,0.0171,1.0,0.0376,-0.8993,0.0,0.0,True,-0.7913,0.31175,0.30517,0.0528,1.0,0.0251,-1.3956,0.0,0.0,True,both_converged
83594,-26.0,-0.4594,0.25514,0.24975,0.0142,1.0,0.0392,-0.9021,0.0,0.0,True,-0.7752,0.30659,0.29999,0.048,1.0,0.0256,-1.3904,0.0,0.0,True,both_converged
83594,-25.5,-0.4526,0.25124,0.24582,0.0109,1.0,0.0405,-0.9383,0.0,0.0,True,-0.7588,0.30156,0.29492,0.0431,1.0,0.026,-1.3941,0.0,0.0,True,both_converged
83594,-25.0,-0.444,0.24577,0.24033,0.0082,1.0,0.0412,-0.9497,0.0,0.0,True,-0.7423,0.29684,0.29018,0.0382,1.0,0.0262,-1.4044,0.0,0.0,True,both_converged
83594,-24.5,-0.4333,0.24015,0.23468,0.006,1.0,0.0427,-0.9229,0.0,0.0,True,,,,,,,,,,False,baseline_only
83594,-24.0,-0.4239,0.23528,0.22977,0.0034,1.0,0.0446,-0.9227,0.0,0.0,True,-0.4431,0.23796,0.23226,-0.0075,1.0,0.0296,-0.7794,0.0,0.0,True,both_converged
83594,-23.5,-0.4153,0.23077,0.22524,0.0006,1.0,0.0466,-0.9413,0.0,0.0,True,-0.4349,0.23387,0.22815,-0.0098,1.0,0.0303,-0.78,0.0,0.0,True,both_converged
83594,-23.0,-0.4115,0.22865,0.22309,-0.003,1.0,0.0475,-1.0113,0.0,0.0,True,-0.4269,0.23007,0.22433,-0.012,1.0,0.0308,-0.7865,0.0,0.0,True,both_converged
83594,-22.5,-0.3977,0.22112,0.21555,-0.0047,1.0,0.0488,-0.9582,0.0,0.0,True,-0.42,0.22707,0.22132,-0.0143,1.0,0.0312,-0.8259,0.0,0.0,True,both_converged
83594,-22.0,-0.3868,0.21619,0.2106,-0.0069,1.0,0.0513,-0.9341,0.0,0.0,True,-0.6423,0.2636,0.2569,0.0135,1.0,0.0296,-1.2778,0.0,0.0,True,both_converged
83594,-21.5,-0.3779,0.21185,0.20623,-0.0095,1.0,0.0539,-0.9556,0.0,0.0,True,-0.6253,0.25831,0.2516,0.0095,1.0,0.0305,-1.2939,0.0,0.0,True,both_converged
83594,-21.0,-0.3753,0.21028,0.20464,-0.013,1.0,0.0553,-1.0398,0.0,0.0,True,-0.6088,0.25412,0.24742,0.0051,1.0,0.0311,-1.3454,0.0,0.0,True,both_converged
83594,-20.5,-0.3622,0.20327,0.19763,-0.0148,1.0,0.0564,-1.0162,0.0,0.0,True,-0.3882,0.21052,0.20478,-0.0199,1.0,0.0349,-0.8395,0.0,0.0,True,both_converged
83594,-20.0,-0.3495,0.19794,0.19228,-0.0165,1.0,0.0589,-0.9799,0.0,0.0,True,-0.3814,0.20714,0.20142,-0.0212,1.0,0.0359,-0.8643,0.0,0.0,True,both_converged
83594,-19.5,-0.3404,0.19382,0.18814,-0.0187,1.0,0.0624,-0.9834,0.0,0.0,True,-0.3759,0.20457,0.19886,-0.0226,1.0,0.0367,-0.9097,0.0,0.0,True,both_converged
83594,-19.0,-0.344,0.19443,0.18874,-0.0224,1.0,0.0645,-1.0862,0.0,0.0,True,,,,,,,,,,False,baseline_only
83594,-18.5,-0.3252,0.18549,0.1798,-0.0234,1.0,0.0662,-1.023,0.0,0.0,True,-0.3638,0.19725,0.19158,-0.0239,1.0,0.0378,-0.9354,0.0,0.0,True,both_converged
83594,-18.0,-0.3132,0.18069,0.17499,-0.0249,1.0,0.0693,-1.0029,0.0,0.0,True,-0.3574,0.19361,0.18797,-0.0241,1.0,0.039,-0.922,0.0,0.0,True,both_converged
83594,-17.5,-0.3061,0.17711,0.1714,-0.027,1.0,0.0731,-1.0275,0.0,0.0,True,-0.3523,0.1905,0.18489,-0.0242,1.0,0.0403,-0.9249,0.0,0.0,True,both_converged
83594,-17.0,-0.3183,0.17975,0.17404,-0.0306,1.0,0.075,-1.1679,0.0,0.0,True,-0.3482,0.18765,0.18205,-0.0243,1.0,0.0418,-0.9375,0.0,0.0,True,both_converged
83594,-16.5,-0.2906,0.16864,0.16294,-0.0305,1.0,0.0782,-1.0478,0.0,0.0,True,-0.3458,0.18549,0.17993,-0.0245,1.0,0.043,-0.9699,0.0,0.0,True,both_converged
83594,-16.0,-0.2818,0.16471,0.159,-0.0318,1.0,0.0827,-1.0368,0.0,0.0,True,-0.3477,0.18529,0.17975,-0.0251,1.0,0.0436,-1.0359,0.0,0.0,True,both_converged
83594,-15.5,-0.2899,0.16499,0.15929,-0.0346,1.0,0.0863,-1.1297,0.0,0.0,True,-0.4463,0.19432,0.18794,-0.0225,1.0,0.0429,-1.3096,0.0,0.0,True,both_converged
83594,-15.0,-0.4224,0.17721,0.1709,-0.0202,1.0,0.0843,-1.4404,0.0,0.0,True,-0.4405,0.19216,0.18586,-0.0248,1.0,0.0436,-1.3785,0.0,0.0,True,both_converged
83594,-14.5,-0.2656,0.15353,0.14785,-0.0355,1.0,0.0927,-1.0849,0.0,0.0,True,-0.3354,0.17373,0.16832,-0.0223,1.0,0.0473,-0.9678,0.0,0.0,True,both_converged
83594,-14.0,-0.2726,0.1526,0.14692,-0.0373,1.0,0.0986,-1.1574,0.0,0.0,True,-0.3339,0.1709,0.16553,-0.0216,1.0,0.0493,-0.9718,0.0,0.0,True,both_converged
83594,-13.5,-0.276,0.1487,0.14306,-0.0389,1.0,0.1007,-1.215,0.0,0.0,True,-0.3347,0.16873,0.16341,-0.0213,1.0,0.051,-1.0056,0.0,0.0,True,both_converged
83594,-13.0,-0.2557,0.14185,0.13623,-0.0379,1.0,0.1057,-1.1269,0.0,0.0,True,-0.3433,0.16895,0.16368,-0.0218,1.0,0.0516,-1.0919,0.0,0.0,True,both_converged
83594,-12.5,-0.2609,0.13873,0.13315,-0.0391,1.0,0.112,-1.1742,0.0,0.0,True,-0.3308,0.16067,0.15546,-0.0192,1.0,0.0535,-0.9938,0.0,0.0,True,both_converged
83594,-12.0,-0.2739,0.13468,0.12918,-0.0405,1.0,0.1146,-1.2644,0.0,0.0,True,-0.328,0.1567,0.15155,-0.0178,1.0,0.0563,-0.9905,0.0,0.0,True,both_converged
83594,-11.5,-0.2503,0.12781,0.12232,-0.0384,1.0,0.1224,-1.1663,0.0,0.0,True,-0.3286,0.15333,0.14823,-0.0171,1.0,0.0594,-1.0303,0.0,0.0,True,both_converged
83594,-11.0,-0.283,0.12607,0.1207,-0.0407,1.0,0.1278,-1.3221,0.0,0.0,True,-0.3389,0.15247,0.14744,-0.0174,1.0,0.0608,-1.1421,0.0,0.0,True,both_converged
83594,-10.5,-0.2581,0.11755,0.11223,-0.0378,1.0,0.1322,-1.2231,0.0,0.0,True,-0.3341,0.14601,0.14105,-0.0158,1.0,0.062,-1.1463,0.0,0.0,True,both_converged
83594,-10.0,-0.2623,0.11302,0.10777,-0.0365,1.0,0.1404,-1.2295,0.0,0.0,True,-0.3266,0.14021,0.1353,-0.0135,1.0,0.0647,-1.1048,0.0,0.0,True,both_converged
83594,-9.5,-0.3204,0.11163,0.10661,-0.0379,1.0,0.1435,-1.4483,0.0,0.0,True,-0.3259,0.13592,0.13107,-0.0122,1.0,0.068,-1.1232,0.0,0.0,True,both_converged
83594,-9.0,-0.2751,0.10309,0.09805,-0.0321,1.0,0.1539,-1.2422,0.0,0.0,True,-0.3325,0.13299,0.12821,-0.0117,1.0,0.0711,-1.1981,0.0,0.0,True,both_converged
83594,-8.5,-0.3357,0.10141,0.09663,-0.0315,1.0,0.1589,-1.4271,0.0,0.0,True,-0.3536,0.13274,0.12808,-0.0117,1.0,0.0719,-1.3326,0.0,0.0,True,both_converged
83594,-8.0,-0.4344,0.10191,0.09688,-0.0318,1.0,0.1589,-1.7596,0.0,0.0,True,-0.3316,0.12238,0.11777,-0.0085,1.0,0.0748,-1.2306,0.0,0.0,True,both_converged
83594,-7.5,-0.3878,0.09359,0.08851,-0.0261,1.0,0.168,-1.5751,0.0,0.0,True,-0.3304,0.11762,0.11308,-0.0064,1.0,0.0786,-1.2245,0.0,0.0,True,both_converged
83594,-7.0,-0.4627,0.09167,0.08688,-0.0274,1.0,0.1748,-1.7941,0.0,0.0,True,-0.3389,0.11408,0.10963,-0.0049,1.0,0.0826,-1.2766,0.0,0.0,True,both_converged
83594,-6.5,-0.4518,0.08548,0.08078,-0.0199,1.0,0.1795,-1.6994,0.0,0.0,True,-0.3688,0.11357,0.10926,-0.0027,1.0,0.0841,-1.3996,0.0,0.0,True,both_converged
83594,-6.0,-0.4745,0.07936,0.07469,-0.0254,1.0,0.1926,-1.8084,0.0,0.0,True,-0.4143,0.11467,0.11003,-0.0072,1.0,0.0842,-1.6507,0.0,0.0,True,both_converged
83594,-5.5,-0.4706,0.07378,0.06905,-0.0262,1.0,0.2089,-1.7936,0.0,0.0,True,-0.4051,0.10646,0.10189,-0.0024,1.0,0.0872,-1.577,0.0,0.0,True,both_converged
83594,-5.0,-0.4576,0.06911,0.06448,-0.0204,1.0,0.2178,-1.6876,0.0,0.0,True,-0.3899,0.1013,0.0968,-0.0035,1.0,0.0951,-1.5438,0.0,0.0,True,both_converged
83594,-4.5,-0.4009,0.06116,0.05632,-0.031,0.9893,0.2476,-1.6148,0.0,0.0,True,-0.363,0.09476,0.09031,-0.0111,1.0,0.1007,-1.5732,0.0,0.0,True,both_converged
83594,-4.0,-0.2695,0.03255,0.02415,-0.0639,0.9838,0.1359,-2.0912,0.0,0.0,True,-0.3297,0.08876,0.08434,-0.016,1.0,0.1105,-1.5199,0.0,0.0,True,both_converged
83594,-3.5,-0.1812,0.02999,0.02086,-0.0713,0.9692,0.1571,-1.8599,0.0,0.0,True,-0.2879,0.08146,0.07706,-0.0231,1.0,0.1181,-1.4704,0.0,0.0,True,both_converged
83594,-3.0,-0.0995,0.02833,0.01901,-0.0771,0.9523,0.1844,-1.6171,0.0,0.0,True,-0.2285,0.07451,0.07009,-0.034,1.0,0.1343,-1.3854,0.0,0.0,True,both_converged
83594,-2.5,-0.0188,0.0272,0.0177,-0.0824,0.9345,0.225,-1.3849,0.0,0.0,True,-0.1515,0.06744,0.06295,-0.0481,1.0,0.1545,-1.319,0.0,0.0,True,both_converged
83594,-2.0,0.06,0.02615,0.01691,-0.0872,0.9166,0.282,-1.1609,0.0,0.0,True,-0.061,0.06047,0.0559,-0.0639,1.0,0.1828,-1.237,0.0,0.0,True,both_converged
83594,-1.5,0.1377,0.02507,0.01621,-0.0914,0.899,0.374,-0.957,0.0,0.0,True,0.0389,0.05431,0.04962,-0.08,1.0,0.2185,-1.1071,0.0,0.0,True,both_converged
83594,-1.0,0.2088,0.02329,0.01582,-0.0936,0.8823,0.6298,-0.7801,0.0,0.0,True,0.4318,0.03298,0.0253,-0.1654,1.0,0.2,-1.0771,0.0,0.0,True,both_converged
83594,-0.5,0.29,0.02244,0.01524,-0.0963,0.8652,1.0,-0.6105,0.0,0.0,True,0.6197,0.03071,0.02317,-0.1886,0.9576,0.323,-0.8569,0.0,0.0,True,both_converged
83594,0.0,0.3701,0.02231,0.01471,-0.1003,0.848,1.0,-0.665,0.0,0.0,True,0.8088,0.02214,0.01244,-0.2008,0.3916,0.4362,-1.1032,0.0,0.0,True,both_converged
83594,0.5,0.4293,0.02252,0.01466,-0.1007,0.8257,1.0,-0.7087,0.0,0.0,True,0.8504,0.02391,0.01364,-0.1975,0.3362,0.4797,-1.1912,0.0,0.0,True,both_converged
83594,1.0,0.4953,0.02246,0.0144,-0.1019,0.8063,1.0,-0.7594,0.0,0.0,True,0.9179,0.02499,0.01421,-0.1989,0.3033,0.5331,-1.3201,0.0,0.0,True,both_converged
83594,1.5,0.5614,0.02232,0.0141,-0.1028,0.7878,1.0,-0.8131,0.0,0.0,True,0.9827,0.02606,0.01505,-0.2,0.2807,0.5866,-1.4459,0.0,0.0,True,both_converged
83594,2.0,0.6264,0.02216,0.01383,-0.1035,0.7695,1.0,-0.8693,0.0,0.0,True,1.0422,0.02727,0.01613,-0.2001,0.262,0.6443,-1.5788,0.0,0.0,True,both_converged
83594,2.5,0.6906,0.02202,0.0136,-0.1038,0.7514,1.0,-0.9288,0.0,0.0,True,1.1008,0.02853,0.0175,-0.2002,0.2477,0.7235,-1.7083,0.0,0.0,True,both_converged
83594,3.0,0.7416,0.02253,0.01409,-0.1026,0.7292,1.0,-0.982,0.0,0.0,True,1.1574,0.03002,0.01911,-0.2001,0.234,1.0,-1.8516,0.0,0.0,True,both_converged
83594,3.5,0.797,0.02286,0.0144,-0.1019,0.7084,1.0,-1.0465,0.0,0.0,True,1.2169,0.0323,0.02132,-0.2005,0.2221,1.0,-1.9955,0.0,0.0,True,both_converged
83594,4.0,0.8554,0.02308,0.01461,-0.1014,0.6888,1.0,-1.137,0.0,0.0,True,1.2713,0.03494,0.02415,-0.1997,0.2107,1.0,-2.14,0.0,0.0,True,both_converged
83594,4.5,0.9151,0.02329,0.01481,-0.1012,0.6697,1.0,-1.2671,0.0,0.0,True,1.3251,0.03823,0.02738,-0.1993,0.2019,1.0,-2.2964,0.0,0.0,True,both_converged
83594,5.0,0.9591,0.02431,0.01595,-0.0991,0.6459,1.0,-1.4014,0.0,0.0,True,1.3726,0.04134,0.03113,-0.197,0.1923,1.0,-2.4281,0.0,0.0,True,both_converged
83594,5.5,1.0138,0.02475,0.01645,-0.0981,0.6243,1.0,-1.5792,0.0,0.0,True,1.4205,0.04538,0.03522,-0.1957,0.1851,1.0,-2.5889,0.0,0.0,True,both_converged
83594,6.0,1.0666,0.02524,0.01701,-0.0967,0.6011,1.0,-1.778,0.0,0.0,True,1.4578,0.05034,0.04114,-0.1918,0.178,1.0,-2.6839,0.0,0.0,True,both_converged
83594,6.5,1.1187,0.0255,0.01735,-0.095,0.5745,1.0,-2.0006,0.0,0.0,True,1.4973,0.05472,0.04578,-0.1891,0.1717,1.0,-2.8349,0.0,0.0,True,both_converged
83594,7.0,1.1668,0.02574,0.01768,-0.0926,0.5444,1.0,-2.2388,0.0,0.0,True,1.5231,0.06198,0.05373,-0.1846,0.1678,1.0,-2.9195,0.0,0.0,True,both_converged
83594,7.5,1.2149,0.02582,0.01781,-0.0901,0.5121,1.0,-2.5003,0.0,0.0,True,1.5304,0.07102,0.06374,-0.1779,0.166,1.0,-2.9198,0.0,0.0,True,both_converged
83594,8.0,1.2607,0.02583,0.01786,-0.0872,0.477,1.0,-2.7756,0.0,0.0,True,1.5386,0.08102,0.07426,-0.1726,0.1682,1.0,-2.9478,0.0,0.0,True,both_converged
83594,8.5,1.2969,0.02606,0.01821,-0.0829,0.437,1.0,-3.0397,0.0,0.0,True,1.4764,0.10993,0.10457,-0.1682,0.2359,1.0,-2.5042,0.0,0.0,True,both_converged
83594,9.0,1.3238,0.02642,0.01864,-0.0773,0.3897,1.0,-3.2893,0.0,0.0,True,1.327,0.12128,0.1163,-0.1605,0.2335,1.0,-2.16,0.0,0.0,True,both_converged
83594,9.5,1.3345,0.0274,0.01954,-0.0696,0.3296,1.0,-3.4959,0.0,0.0,True,1.3632,0.12852,0.12356,-0.157,0.2203,1.0,-2.3095,0.0,0.0,True,both_converged
83594,10.0,1.324,0.02977,0.02157,-0.0597,0.2596,1.0,-3.6236,0.0,0.0,True,1.2437,0.14936,0.14434,-0.1729,0.211,1.0,-1.9146,0.0,0.0,True,both_converged
83594,10.5,1.3122,0.03364,0.02493,-0.0514,0.2016,1.0,-3.7298,0.0,0.0,True,1.2881,0.15529,0.15038,-0.1664,0.2034,1.0,-2.0961,0.0,0.0,True,both_converged
83594,11.0,1.3134,0.03779,0.02869,-0.0457,0.1633,1.0,-3.8759,0.0,0.0,True,1.2346,0.16953,0.16453,-0.1799,0.1931,1.0,-1.8617,0.0,0.0,True,both_converged
83594,11.5,1.3305,0.04169,0.03235,-0.0418,0.1364,1.0,-4.0752,0.0,0.0,True,1.3071,0.17617,0.17136,-0.1676,0.1859,1.0,-2.1785,0.0,0.0,True,both_converged
83594,12.0,1.3549,0.04554,0.03626,-0.0387,0.1173,1.0,-4.2888,0.0,0.0,True,1.2409,0.18739,0.18241,-0.1866,0.1759,1.0,-1.8508,0.0,0.0,True,both_converged
83594,12.5,1.3865,0.0496,0.04041,-0.0365,0.1033,1.0,-4.5297,0.0,0.0,True,1.2803,0.19571,0.19086,-0.1817,0.1703,1.0,-2.0207,0.0,0.0,True,both_converged
83594,13.0,1.4176,0.05437,0.04541,-0.0344,0.0932,1.0,-4.7714,0.0,0.0,True,1.2533,0.20464,0.19972,-0.1947,0.1627,1.0,-1.8319,0.0,0.0,True,both_converged
83594,13.5,1.4478,0.05973,0.0509,-0.0328,0.0853,1.0,-5.0176,0.0,0.0,True,1.2814,0.21248,0.20765,-0.1928,0.1552,1.0,-1.9611,0.0,0.0,True,both_converged
83594,14.0,1.429,0.06617,0.05809,-0.0282,0.0825,1.0,-5.0415,0.0,0.0,True,1.277,0.22113,0.21628,-0.2011,0.1511,1.0,-1.8693,0.0,0.0,True,both_converged
83594,14.5,1.4061,0.07359,0.06608,-0.0252,0.08,1.0,-5.0487,0.0,0.0,True,1.2869,0.22789,0.22309,-0.2056,0.1428,1.0,-1.8733,0.0,0.0,True,both_converged
83594,15.0,1.3928,0.08092,0.07375,-0.0237,0.0771,1.0,-5.1174,0.0,0.0,True,1.3314,0.242,0.23735,-0.1992,0.1385,1.0,-2.0996,0.0,0.0,True,both_converged
83594,15.5,1.3785,0.09026,0.08332,-0.0233,0.0748,1.0,-5.1664,0.0,0.0,True,1.3079,0.24302,0.2383,-0.2152,0.1323,1.0,-1.8636,0.0,0.0,True,both_converged
83594,16.0,1.0044,0.17335,0.16767,-0.0749,0.1067,1.0,-2.5949,0.0,0.0,True,1.3277,0.25059,0.24595,-0.2167,0.1264,1.0,-1.9416,0.0,0.0,True,both_converged
83594,16.5,1.0094,0.18578,0.18014,-0.0795,0.1122,1.0,-2.5143,0.0,0.0,True,1.3487,0.26216,0.25761,-0.2183,0.1236,1.0,-2.0082,0.0,0.0,True,both_converged
83594,17.0,0.9675,0.21208,0.20632,-0.099,0.1587,1.0,-1.9001,0.0,0.0,True,1.3483,0.26449,0.25994,-0.2286,0.1171,1.0,-1.8974,0.0,0.0,True,both_converged
83594,17.5,1.0098,0.22247,0.21684,-0.0967,0.1521,1.0,-2.0765,0.0,0.0,True,1.3694,0.2726,0.26815,-0.2296,0.112,1.0,-2.1297,0.0,0.0,True,both_converged
83594,18.0,0.9963,0.22653,0.22084,-0.1054,0.1413,1.0,-1.942,0.0,0.0,True,1.3858,0.28291,0.27851,-0.233,0.1098,1.0,-2.2887,0.0,0.0,True,both_converged
83594,18.5,1.0073,0.23446,0.22876,-0.1098,0.1357,1.0,-1.935,0.0,0.0,True,1.3912,0.28537,0.28101,-0.2427,0.104,1.0,-2.2639,0.0,0.0,True,both_converged
83594,19.0,1.0263,0.2411,0.23546,-0.1123,0.1264,1.0,-2.0012,0.0,0.0,True,1.4105,0.29314,0.28889,-0.2444,0.0992,1.0,-2.5014,0.0,0.0,True,both_converged
83594,19.5,1.0312,0.24798,0.2423,-0.1189,0.1193,1.0,-1.9376,0.0,0.0,True,1.4305,0.30577,0.3016,-0.2462,0.0973,1.0,-2.7142,0.0,0.0,True,both_converged
83594,20.0,1.0551,0.2553,0.24971,-0.1201,0.1126,1.0,-2.036,0.0,0.0,True,1.4353,0.30579,0.30163,-0.2574,0.0922,1.0,-2.6283,0.0,0.0,True,both_converged
83594,20.5,1.0598,0.26173,0.2561,-0.1274,0.1074,1.0,-1.9606,0.0,0.0,True,1.4526,0.3129,0.30885,-0.2603,0.0875,1.0,-2.8206,0.0,0.0,True,both_converged
83594,21.0,1.0811,0.26847,0.2629,-0.1293,0.0999,1.0,-2.0621,0.0,0.0,True,1.4724,0.32611,0.32216,-0.2615,0.0854,1.0,-3.0353,0.0,0.0,True,both_converged
83594,21.5,1.0908,0.27542,0.26984,-0.1354,0.0965,1.0,-2.0187,0.0,0.0,True,1.48,0.32587,0.32194,-0.2727,0.0804,1.0,-2.9204,0.0,0.0,True,both_converged
83594,22.0,1.104,0.28111,0.27556,-0.1406,0.0898,1.0,-2.0147,0.0,0.0,True,1.4984,0.33476,0.33097,-0.274,0.0755,1.0,-3.1247,0.0,0.0,True,both_converged
83594,22.5,1.1336,0.29378,0.28831,-0.1395,0.086,1.0,-2.1999,0.0,0.0,True,1.5101,0.3397,0.33592,-0.283,0.072,1.0,-3.0046,0.0,0.0,True,both_converged
83594,23.0,1.1322,0.29402,0.28851,-0.1505,0.0805,1.0,-2.0319,0.0,0.0,True,1.532,0.3556,0.35193,-0.2813,0.0646,1.0,-3.1904,0.0,0.0,True,both_converged
83594,23.5,1.1511,0.30068,0.29523,-0.1531,0.0762,1.0,-2.1245,0.0,0.0,True,1.5412,0.35322,0.34952,-0.2937,0.0579,1.0,-2.8867,0.0,0.0,True,both_converged
83594,24.0,1.1679,0.30959,0.30416,-0.1567,0.0743,1.0,-2.164,0.0,0.0,True,1.5564,0.36064,0.35694,-0.2994,0.0539,1.0,-2.7654,0.0,0.0,True,both_converged
83594,24.5,1.1764,0.31265,0.30722,-0.165,0.0688,1.0,-2.0701,0.0,0.0,True,1.5722,0.36761,0.36398,-0.303,0.0481,1.0,-2.7685,0.0,0.0,True,both_converged
83594,25.0,1.1957,0.31996,0.31461,-0.1669,0.0651,1.0,-2.1913,0.0,0.0,True,1.5865,0.37408,0.37044,-0.3102,0.0465,1.0,-2.6228,0.0,0.0,True,both_converged
83594,25.5,1.2083,0.32662,0.32127,-0.1726,0.0637,1.0,-2.1755,0.0,0.0,True,1.6014,0.37995,0.37633,-0.3166,0.0429,1.0,-2.5349,0.0,0.0,True,both_converged
83594,26.0,1.2196,0.33068,0.32535,-0.1801,0.0596,1.0,-2.1154,0.0,0.0,True,1.6158,0.38799,0.38443,-0.3191,0.0405,1.0,-2.6107,0.0,0.0,True,both_converged
83594,26.5,1.2356,0.33663,0.33135,-0.1836,0.0563,1.0,-2.1922,0.0,0.0,True,1.6295,0.3927,0.38913,-0.3272,0.0394,1.0,-2.5154,0.0,0.0,True,both_converged
83594,27.0,1.2518,0.34553,0.34028,-0.1868,0.0547,1.0,-2.2582,0.0,0.0,True,1.6436,0.39818,0.39465,-0.3334,0.0363,1.0,-2.5083,0.0,0.0,True,both_converged
83594,27.5,1.2616,0.34791,0.34267,-0.1954,0.0516,1.0,-2.1421,0.0,0.0,True,1.6563,0.40498,0.40152,-0.3367,0.0343,1.0,-2.6298,0.0,0.0,True,both_converged
83594,28.0,1.2757,0.35329,0.34811,-0.2002,0.0488,1.0,-2.1673,0.0,0.0,True,1.6693,0.41063,0.40717,-0.3432,0.0336,1.0,-2.5989,0.0,0.0,True,both_converged
83594,28.5,1.2925,0.36207,0.35697,-0.2021,0.047,1.0,-2.3117,0.0,0.0,True,1.683,0.41507,0.41164,-0.3504,0.032,1.0,-2.5404,0.0,0.0,True,both_converged
83594,29.0,1.3023,0.36483,0.35971,-0.2103,0.0458,1.0,-2.214,0.0,0.0,True,1.6956,0.42001,0.41663,-0.356,0.0302,1.0,-2.5637,0.0,0.0,True,both_converged
83594,29.5,1.3149,0.36951,0.36443,-0.2165,0.0427,1.0,-2.1993,0.0,0.0,True,1.7068,0.42542,0.42211,-0.3602,0.0288,1.0,-2.6471,0.0,0.0,True,both_converged
83594,30.0,1.328,0.3747,0.36968,-0.2209,0.0406,1.0,-2.2583,0.0,0.0,True,1.7182,0.43123,0.42795,-0.3656,0.0283,1.0,-2.6591,0.0,0.0,True,both_converged
87061,-30.0,,,,,,,,,,False,-0.897,0.34737,0.34115,0.0879,1.0,0.0213,-1.5445,0.0,0.0,True,optimised_only
87061,-29.5,-0.5164,0.29177,0.28675,0.0339,1.0,0.0298,-0.9316,0.0,0.0,True,-0.8824,0.34246,0.33619,0.0826,1.0,0.0217,-1.5343,0.0,0.0,True,both_converged
87061,-29.0,-0.5078,0.28559,0.28053,0.0314,1.0,0.0308,-0.8905,0.0,0.0,True,-0.8674,0.33773,0.33142,0.0772,1.0,0.022,-1.5273,0.0,0.0,True,both_converged
87061,-28.5,-0.5,0.28046,0.27537,0.0286,1.0,0.0322,-0.8755,0.0,0.0,True,,,,,,,,,,False,baseline_only
87061,-28.0,-0.4922,0.27537,0.27024,0.0256,1.0,0.0336,-0.8821,0.0,0.0,True,-0.8375,0.3275,0.32114,0.067,1.0,0.0224,-1.4972,0.0,0.0,True,both_converged
87061,-27.5,-0.485,0.27068,0.2655,0.0225,1.0,0.0346,-0.9166,0.0,0.0,True,-0.8225,0.32202,0.31563,0.0623,1.0,0.0229,-1.458,0.0,0.0,True,both_converged
87061,-27.0,,,,,,,,,,False,-0.807,0.31683,0.31041,0.0575,1.0,0.0234,-1.4273,0.0,0.0,True,optimised_only
87061,-26.5,-0.4683,0.25994,0.2547,0.017,1.0,0.036,-0.9162,0.0,0.0,True,-0.7912,0.31165,0.30521,0.0528,1.0,0.0239,-1.3981,0.0,0.0,True,both_converged
87061,-26.0,-0.4593,0.25488,0.2496,0.0143,1.0,0.0374,-0.9025,0.0,0.0,True,-0.7752,0.30645,0.29998,0.048,1.0,0.0245,-1.3848,0.0,0.0,True,both_converged
87061,-25.5,-0.4507,0.24999,0.24468,0.0115,1.0,0.0393,-0.902,0.0,0.0,True,-0.759,0.30122,0.29471,0.0434,1.0,0.025,-1.377,0.0,0.0,True,both_converged
87061,-25.0,-0.4442,0.24626,0.24092,0.0081,1.0,0.0406,-0.9539,0.0,0.0,True,-0.7425,0.296,0.28948,0.0387,1.0,0.0256,-1.371,0.0,0.0,True,both_converged
87061,-24.5,-0.4353,0.24075,0.2354,0.0055,1.0,0.0412,-0.9661,0.0,0.0,True,-0.7258,0.2909,0.28436,0.0341,1.0,0.026,-1.37,0.0,0.0,True,both_converged
87061,-24.0,-0.4242,0.23509,0.2297,0.0033,1.0,0.0427,-0.9338,0.0,0.0,True,-0.709,0.28616,0.27961,0.0293,1.0,0.0262,-1.3771,0.0,0.0,True,both_converged
87061,-23.5,-0.4146,0.23026,0.22484,0.0007,1.0,0.0446,-0.9301,0.0,0.0,True,-0.4347,0.23357,0.22797,-0.0097,1.0,0.0289,-0.7763,0.0,0.0,True,both_converged
87061,-23.0,-0.406,0.2258,0.22035,-0.0021,1.0,0.0466,-0.9467,0.0,0.0,True,-0.4264,0.2295,0.22388,-0.0118,1.0,0.0297,-0.7715,0.0,0.0,True,both_converged
87061,-22.5,,,,,,,,,,False,-0.4184,0.22561,0.21997,-0.0138,1.0,0.0304,-0.7836,0.0,0.0,True,optimised_only
87061,-22.0,,,,,,,,,,False,-0.4111,0.2223,0.21666,-0.0159,1.0,0.031,-0.8232,0.0,0.0,True,optimised_only
87061,-21.5,-0.3773,0.21137,0.20587,-0.0094,1.0,0.0515,-0.949,0.0,0.0,True,,,,,,,,,,False,baseline_only
87061,-21.0,-0.3685,0.20712,0.2016,-0.012,1.0,0.054,-0.9716,0.0,0.0,True,-0.6083,0.25258,0.24601,0.0059,1.0,0.0302,-1.29,0.0,0.0,True,both_converged
87061,-20.5,-0.3676,0.20612,0.20058,-0.0155,1.0,0.0554,-1.0654,0.0,0.0,True,-0.5916,0.2479,0.24134,0.0018,1.0,0.031,-1.3319,0.0,0.0,True,both_converged
87061,-20.0,-0.3522,0.19834,0.19279,-0.017,1.0,0.0566,-1.0189,0.0,0.0,True,,,,,,,,,,False,baseline_only
87061,-19.5,-0.34,0.19333,0.18777,-0.0187,1.0,0.0594,-0.9827,0.0,0.0,True,-0.559,0.23614,0.22962,-0.0045,1.0,0.0321,-1.3273,0.0,0.0,True,both_converged
87061,-19.0,-0.3321,0.1896,0.18402,-0.0211,1.0,0.0631,-0.9964,0.0,0.0,True,-0.5428,0.2305,0.22399,-0.0073,1.0,0.0332,-1.3068,0.0,0.0,True,both_converged
87061,-18.5,-0.3399,0.19148,0.1859,-0.0249,1.0,0.0646,-1.1277,0.0,0.0,True,-0.5269,0.22506,0.21858,-0.0101,1.0,0.0345,-1.303,0.0,0.0,True,both_converged
87061,-18.0,-0.3156,0.1808,0.17522,-0.0253,1.0,0.0666,-1.0332,0.0,0.0,True,-0.5116,0.2198,0.21333,-0.0129,1.0,0.0358,-1.3129,0.0,0.0,True,both_converged
87061,-17.5,-0.3045,0.17632,0.17072,-0.0268,1.0,0.0698,-1.0175,0.0,0.0,True,-0.4977,0.21545,0.20902,-0.016,1.0,0.0367,-1.3546,0.0,0.0,True,both_converged
87061,-17.0,-0.2998,0.17338,0.16778,-0.0291,1.0,0.0738,-1.0571,0.0,0.0,True,-0.3484,0.18738,0.18191,-0.0242,1.0,0.0397,-0.9393,0.0,0.0,True,both_converged
87061,-16.5,,,,,,,,,,False,-0.3447,0.18455,0.1791,-0.024,1.0,0.0412,-0.946,0.0,0.0,True,optimised_only
87061,-16.0,-0.2824,0.16435,0.15876,-0.032,1.0,0.0791,-1.048,0.0,0.0,True,-0.3423,0.18212,0.17671,-0.0239,1.0,0.0426,-0.9675,0.0,0.0,True,both_converged
87061,-15.5,-0.2759,0.16081,0.15522,-0.0334,1.0,0.0836,-1.0506,0.0,0.0,True,-0.3436,0.18126,0.17588,-0.0242,1.0,0.0434,-1.0233,0.0,0.0,True,both_converged
87061,-15.0,-0.2927,0.16303,0.15744,-0.0363,1.0,0.0865,-1.194,0.0,0.0,True,,,,,,,,,,False,baseline_only
87061,-14.5,-0.2726,0.15421,0.14864,-0.0363,1.0,0.0888,-1.1375,0.0,0.0,True,-0.3374,0.17395,0.16865,-0.0224,1.0,0.0451,-0.9978,0.0,0.0,True,both_converged
87061,-14.0,-0.2627,0.15002,0.14444,-0.0365,1.0,0.0945,-1.1067,0.0,0.0,True,-0.3345,0.17065,0.16539,-0.0213,1.0,0.0468,-0.9767,0.0,0.0,True,both_converged
87061,-13.5,-0.2796,0.15022,0.14468,-0.0392,1.0,0.0992,-1.2311,0.0,0.0,True,-0.3326,0.16745,0.16224,-0.0205,1.0,0.0487,-0.9732,0.0,0.0,True,both_converged
87061,-13.0,-0.2641,0.14225,0.13675,-0.0389,1.0,0.1018,-1.1857,0.0,0.0,True,-0.3327,0.16472,0.15956,-0.02,1.0,0.0507,-0.9964,0.0,0.0,True,both_converged
87061,-12.5,-0.2526,0.13701,0.13153,-0.0384,1.0,0.1072,-1.1361,0.0,0.0,True,-0.3415,0.16443,0.15932,-0.0205,1.0,0.0515,-1.0835,0.0,0.0,True,both_converged
87061,-12.0,-0.2714,0.13497,0.12956,-0.0404,1.0,0.1129,-1.2519,0.0,0.0,True,-0.3311,0.15689,0.15184,-0.0181,1.0,0.0532,-1.0256,0.0,0.0,True,both_converged
87061,-11.5,-0.2558,0.1274,0.12203,-0.0391,1.0,0.117,-1.2036,0.0,0.0,True,-0.328,0.15268,0.14768,-0.0165,1.0,0.0561,-1.0165,0.0,0.0,True,both_converged
87061,-11.0,-0.2533,0.12261,0.1173,-0.0384,1.0,0.1244,-1.1985,0.0,0.0,True,-0.3284,0.14904,0.14411,-0.0157,1.0,0.0591,-1.0535,0.0,0.0,True,both_converged
87061,-10.5,-0.3001,0.12124,0.1161,-0.0412,1.0,0.1281,-1.4079,0.0,0.0,True,-0.3383,0.1477,0.14283,-0.016,1.0,0.0608,-1.1636,0.0,0.0,True,both_converged
87061,-10.0,-0.2602,0.11205,0.10691,-0.0364,1.0,0.1339,-1.2294,0.0,0.0,True,-0.3384,0.14241,0.13763,-0.0149,1.0,0.0617,-1.2017,0.0,0.0,True,both_converged
87061,-9.5,-0.282,0.10843,0.10342,-0.0357,1.0,0.1421,-1.3001,0.0,0.0,True,-0.3275,0.13567,0.13093,-0.0121,1.0,0.0645,-1.1357,0.0,0.0,True,both_converged
87061,-9.0,-0.2844,0.10243,0.09753,-0.0329,1.0,0.1469,-1.2875,0.0,0.0,True,-0.3269,0.13127,0.1266,-0.0107,1.0,0.0678,-1.1512,0.0,0.0,True,both_converged
87061,-8.5,-0.2926,0.09826,0.09346,-0.0296,1.0,0.1552,-1.2886,0.0,0.0,True,-0.3338,0.12814,0.12354,-0.0101,1.0,0.071,-1.2245,0.0,0.0,True,both_converged
87061,-8.0,-0.3642,0.09683,0.0923,-0.0281,1.0,0.1589,-1.4925,0.0,0.0,True,-0.3566,0.12774,0.12325,-0.0099,1.0,0.0719,-1.3612,0.0,0.0,True,both_converged
87061,-7.5,-0.4664,0.09647,0.09169,-0.0325,1.0,0.1591,-1.8697,0.0,0.0,True,-0.4183,0.12769,0.12286,-0.0073,1.0,0.0716,-1.5728,0.0,0.0,True,both_converged
87061,-7.0,-0.426,0.08986,0.08511,-0.021,1.0,0.1664,-1.6477,0.0,0.0,True,,,,,,,,,,False,baseline_only
87061,-6.5,-0.477,0.08437,0.07974,-0.0281,1.0,0.1759,-1.8572,0.0,0.0,True,-0.4117,0.11545,0.11079,-0.0008,1.0,0.0762,-1.5194,0.0,0.0,True,both_converged
87061,-6.0,-0.4635,0.07976,0.07523,-0.0192,1.0,0.1817,-1.7255,0.0,0.0,True,-0.4115,0.11129,0.10672,0.0003,1.0,0.0804,-1.5306,0.0,0.0,True,both_converged
87061,-5.5,-0.468,0.07352,0.06899,-0.0217,1.0,0.1955,-1.7518,0.0,0.0,True,-0.3929,0.10884,0.10438,-0.016,1.0,0.0847,-1.7361,0.0,0.0,True,both_converged
87061,-5.0,-0.4507,0.06719,0.06258,-0.0249,0.9982,0.2124,-1.7173,0.0,0.0,True,-0.392,0.10067,0.09626,-0.0028,1.0,0.0893,-1.5532,0.0,0.0,True,both_converged
87061,-4.5,-0.3415,0.03556,0.02798,-0.0587,0.9911,0.1199,-2.2976,0.0,0.0,True,-0.3443,0.0947,0.09032,-0.0214,1.0,0.099,-1.6524,0.0,0.0,True,both_converged
87061,-4.0,-0.2536,0.03144,0.02296,-0.0667,0.9778,0.1344,-2.0844,0.0,0.0,True,-0.3358,0.08819,0.08388,-0.0137,1.0,0.1036,-1.5204,0.0,0.0,True,both_converged
87061,-3.5,-0.1679,0.02918,0.02012,-0.0734,0.9627,0.1556,-1.8423,0.0,0.0,True,-0.2733,0.08048,0.07613,-0.0294,1.0,0.1153,-1.509,0.0,0.0,True,both_converged
87061,-3.0,-0.0847,0.02757,0.01831,-0.0793,0.9468,0.1838,-1.5969,0.0,0.0,True,-0.2123,0.0734,0.06904,-0.0402,1.0,0.1311,-1.4127,0.0,0.0,True,both_converged
87061,-2.5,-0.0026,0.02642,0.01704,-0.0847,0.9301,0.2258,-1.3602,0.0,0.0,True,-0.1049,0.06613,0.0616,-0.0632,1.0,0.1594,-1.3531,0.0,0.0,True,both_converged
87061,-2.0,0.0772,0.02535,0.01622,-0.0896,0.9132,0.2853,-1.1351,0.0,0.0,True,0.138,0.04438,0.039,-0.1212,1.0,0.1171,-1.5133,0.0,0.0,True,both_converged
87061,-1.5,0.155,0.02417,0.01547,-0.0937,0.8964,0.3807,-0.9321,0.0,0.0,True,0.123,0.04872,0.04377,-0.104,1.0,0.1809,-1.1676,0.0,0.0,True,both_converged
87061,-1.0,0.2235,0.02224,0.01508,-0.095,0.8803,0.6783,-0.7593,0.0,0.0,True,0.4368,0.03256,0.02491,-0.1664,1.0,0.198,-1.0779,0.0,0.0,True,both_converged
87061,-0.5,0.3103,0.02148,0.01438,-0.099,0.864,1.0,-0.6243,0.0,0.0,True,0.6536,0.02886,0.02143,-0.1938,0.9411,0.3335,-0.8915,0.0,0.0,True,both_converged
87061,0.0,0.373,0.02161,0.01416,-0.1001,0.8421,1.0,-0.6683,0.0,0.0,True,0.8111,0.02209,0.01229,-0.2015,0.375,0.4308,-1.1057,0.0,0.0,True,both_converged
87061,0.5,0.4408,0.02152,0.0138,-0.1017,0.8228,1.0,-0.7181,0.0,0.0,True,0.8573,0.02358,0.01332,-0.1989,0.3272,0.4759,-1.1998,0.0,0.0,True,both_converged
87061,1.0,0.5085,0.02132,0.0134,-0.103,0.8043,1.0,-0.7704,0.0,0.0,True,0.9213,0.02461,0.01396,-0.1997,0.2968,0.5262,-1.3253,0.0,0.0,True,both_converged
87061,1.5,0.5746,0.0211,0.01302,-0.1038,0.7861,1.0,-0.8246,0.0,0.0,True,0.9844,0.02578,0.01485,-0.2005,0.2754,0.578,-1.4512,0.0,0.0,True,both_converged
87061,2.0,0.6395,0.0209,0.0127,-0.1044,0.768,1.0,-0.8812,0.0,0.0,True,1.0436,0.02701,0.01589,-0.2006,0.2572,0.634,-1.5854,0.0,0.0,True,both_converged
87061,2.5,0.6942,0.02117,0.01289,-0.1036,0.7466,1.0,-0.9335,0.0,0.0,True,1.102,0.02824,0.01724,-0.2006,0.2431,0.7077,-1.715,0.0,0.0,True,both_converged
87061,3.0,0.7491,0.02146,0.01315,-0.1028,0.7252,1.0,-0.9902,0.0,0.0,True,1.1567,0.02949,0.01877,-0.2,0.2297,1.0,-1.8546,0.0,0.0,True,both_converged
87061,3.5,0.8075,0.02163,0.01327,-0.1024,0.7054,1.0,-1.058,0.0,0.0,True,1.2176,0.03211,0.02113,-0.201,0.2187,1.0,-2.0059,0.0,0.0,True,both_converged
87061,4.0,0.8671,0.02181,0.01341,-0.1022,0.6862,1.0,-1.1532,0.0,0.0,True,1.2716,0.03425,0.02345,-0.2,0.2069,1.0,-2.154,0.0,0.0,True,both_converged
87061,4.5,0.9139,0.02266,0.01434,-0.1004,0.6631,1.0,-1.2673,0.0,0.0,True,1.3244,0.03744,0.0269,-0.199,0.1983,1.0,-2.2953,0.0,0.0,True,both_converged
87061,5.0,0.9672,0.02318,0.0149,-0.0994,0.6417,1.0,-1.418,0.0,0.0,True,1.3742,0.04024,0.02989,-0.1976,0.1887,1.0,-2.4563,0.0,0.0,True,both_converged
87061,5.5,1.0254,0.02349,0.01521,-0.0989,0.6211,1.0,-1.6054,0.0,0.0,True,1.4195,0.04462,0.0348,-0.1953,0.1817,1.0,-2.5827,0.0,0.0,True,both_converged
87061,6.0,1.0696,0.02436,0.01624,-0.0966,0.5955,1.0,-1.788,0.0,0.0,True,1.4611,0.04867,0.03937,-0.1925,0.1739,1.0,-2.7219,0.0,0.0,True,both_converged
87061,6.5,1.1249,0.02449,0.01637,-0.0953,0.5697,1.0,-2.0206,0.0,0.0,True,1.5001,0.05379,0.04476,-0.1899,0.1681,1.0,-2.8676,0.0,0.0,True,both_converged
87061,7.0,1.1761,0.02459,0.01649,-0.0933,0.5399,1.0,-2.2685,0.0,0.0,True,1.5194,0.06155,0.05362,-0.1839,0.1642,1.0,-2.8997,0.0,0.0,True,both_converged
87061,7.5,1.2225,0.02478,0.01674,-0.0906,0.5075,1.0,-2.528,0.0,0.0,True,1.5297,0.07029,0.0632,-0.1777,0.1625,1.0,-2.9188,0.0,0.0,True,both_converged
87061,8.0,1.2636,0.02505,0.01711,-0.0873,0.4722,1.0,-2.7908,0.0,0.0,True,1.5278,0.08106,0.07464,-0.1713,0.1663,1.0,-2.8999,0.0,0.0,True,both_converged
87061,8.5,1.2981,0.02535,0.01756,-0.0829,0.432,1.0,-3.0498,0.0,0.0,True,1.5391,0.09184,0.08566,-0.1674,0.1691,1.0,-2.9609,0.0,0.0,True,both_converged
87061,9.0,1.3242,0.0258,0.01808,-0.0772,0.3846,1.0,-3.2975,0.0,0.0,True,1.3643,0.11673,0.11182,-0.158,0.2221,1.0,-2.2902,0.0,0.0,True,both_converged
87061,9.5,1.3344,0.02688,0.01909,-0.0695,0.3236,1.0,-3.5022,0.0,0.0,True,1.2932,0.13326,0.12841,-0.1624,0.217,1.0,-2.0989,0.0,0.0,True,both_converged
87061,10.0,1.324,0.02932,0.0211,-0.0596,0.2543,1.0,-3.6315,0.0,0.0,True,1.273,0.145,0.14014,-0.167,0.2052,1.0,-2.045,0.0,0.0,True,both_converged
87061,10.5,1.3121,0.03325,0.02452,-0.0515,0.197,1.0,-3.7384,0.0,0.0,True,1.2409,0.159,0.1541,-0.1752,0.1974,1.0,-1.9094,0.0,0.0,True,both_converged
87061,11.0,1.3128,0.03739,0.02838,-0.0458,0.159,1.0,-3.8823,0.0,0.0,True,1.255,0.16688,0.16202,-0.1751,0.1883,1.0,-1.9645,0.0,0.0,True,both_converged
87061,11.5,1.3273,0.0413,0.03211,-0.0417,0.1334,1.0,-4.0731,0.0,0.0,True,0.9938,0.16764,0.16305,-0.1465,0.188,1.0,-1.4347,0.0,0.0,True,both_converged
87061,12.0,1.3521,0.04501,0.03574,-0.0387,0.1147,1.0,-4.2965,0.0,0.0,True,0.9713,0.17479,0.17021,-0.1496,0.1823,1.0,-1.3402,0.0,0.0,True,both_converged
87061,12.5,,,,,,,,,,False,0.9785,0.18057,0.17603,-0.1496,0.1721,1.0,-1.3687,0.0,0.0,True,optimised_only
87061,13.0,1.4117,0.05353,0.04461,-0.0342,0.0911,1.0,-4.7746,0.0,0.0,True,0.9757,0.18811,0.18362,-0.1513,0.1678,1.0,-1.3444,0.0,0.0,True,both_converged
87061,13.5,1.4358,0.0588,0.05012,-0.032,0.0838,1.0,-4.9929,0.0,0.0,True,0.9635,0.1928,0.18834,-0.1539,0.1587,1.0,-1.2861,0.0,0.0,True,both_converged
87061,14.0,1.4314,0.06486,0.05676,-0.0284,0.0798,1.0,-5.0811,0.0,0.0,True,1.0103,0.20468,0.20029,-0.1507,0.1536,1.0,-1.4653,0.0,0.0,True,both_converged
87061,14.5,1.4529,0.0714,0.06338,-0.027,0.0747,1.0,-5.3016,0.0,0.0,True,0.9618,0.20524,0.20087,-0.1575,0.1464,1.0,-1.2483,0.0,0.0,True,both_converged
87061,15.0,1.4093,0.07952,0.07219,-0.0239,0.074,1.0,-5.2277,0.0,0.0,True,0.9762,0.21199,0.20769,-0.1573,0.1406,1.0,-1.303,0.0,0.0,True,both_converged
87061,15.5,1.3603,0.08985,0.08312,-0.0238,0.0737,1.0,-5.105,0.0,0.0,True,0.9776,0.21963,0.21537,-0.1591,0.1374,1.0,-1.2871,0.0,0.0,True,both_converged
87061,16.0,1.3052,0.10264,0.09644,-0.027,0.0739,1.0,-4.9226,0.0,0.0,True,0.9692,0.22399,0.21978,-0.1624,0.1295,1.0,-1.2281,0.0,0.0,True,both_converged
87061,16.5,1.2468,0.11837,0.11258,-0.0339,0.0746,1.0,-4.6751,0.0,0.0,True,0.9911,0.23267,0.22854,-0.1614,0.125,1.0,-1.3228,0.0,0.0,True,both_converged
87061,17.0,,,,,,,,,,False,0.9769,0.23763,0.23353,-0.1656,0.1219,1.0,-1.2231,0.0,0.0,True,optimised_only
87061,17.5,0.9798,0.21916,0.21353,-0.1026,0.1465,1.0,-1.9119,0.0,0.0,True,0.9782,0.2434,0.23937,-0.1678,0.115,1.0,-1.2082,0.0,0.0,True,both_converged
87061,18.0,,,,,,,,,,False,0.9989,0.25279,0.24885,-0.1668,0.1111,1.0,-1.3113,0.0,0.0,True,optimised_only
87061,18.5,0.7082,0.20073,0.19568,-0.0667,0.1397,1.0,-1.3121,0.0,0.0,True,0.9858,0.25742,0.25351,-0.1713,0.1083,1.0,-1.2034,0.0,0.0,True,both_converged
87061,19.0,0.699,0.20601,0.20097,-0.0703,0.1321,1.0,-1.2256,0.0,0.0,True,0.9873,0.26354,0.25972,-0.1736,0.1024,1.0,-1.2597,0.0,0.0,True,both_converged
87061,19.5,0.7322,0.21512,0.21019,-0.0691,0.1248,1.0,-1.3774,0.0,0.0,True,1.0012,0.27176,0.26803,-0.1735,0.0985,1.0,-1.4626,0.0,0.0,True,both_converged
87061,20.0,0.7078,0.21762,0.21266,-0.0745,0.1183,1.0,-1.2097,0.0,0.0,True,0.9976,0.27852,0.27482,-0.1766,0.0965,1.0,-1.47,0.0,0.0,True,both_converged
87061,20.5,0.7456,0.22872,0.22384,-0.0728,0.1112,1.0,-1.3935,0.0,0.0,True,0.9965,0.28455,0.28093,-0.1796,0.0913,1.0,-1.4963,0.0,0.0,True,both_converged
87061,21.0,0.7173,0.22942,0.22454,-0.0787,0.1059,1.0,-1.1898,0.0,0.0,True,1.0055,0.29198,0.28845,-0.1802,0.0869,1.0,-1.6539,0.0,0.0,True,both_converged
87061,21.5,0.7316,0.23566,0.23084,-0.0794,0.0996,1.0,-1.2587,0.0,0.0,True,1.0104,0.30116,0.29769,-0.1817,0.0852,1.0,-1.7361,0.0,0.0,True,both_converged
87061,22.0,0.7281,0.24152,0.23672,-0.0829,0.0955,1.0,-1.1902,0.0,0.0,True,1.0055,0.3065,0.30309,-0.1856,0.0804,1.0,-1.6893,0.0,0.0,True,both_converged
87061,22.5,0.7343,0.24719,0.24245,-0.085,0.089,1.0,-1.1982,0.0,0.0,True,1.0123,0.3141,0.31078,-0.1865,0.0759,1.0,-1.8015,0.0,0.0,True,both_converged
87061,23.0,0.7531,0.25668,0.25199,-0.0852,0.086,1.0,-1.2872,0.0,0.0,True,1.013,0.32256,0.3193,-0.1889,0.0736,1.0,-1.7909,0.0,0.0,True,both_converged
87061,23.5,0.7414,0.25968,0.25501,-0.09,0.0808,1.0,-1.1589,0.0,0.0,True,1.0142,0.32988,0.3267,-0.1913,0.0673,1.0,-1.7644,0.0,0.0,True,both_converged
87061,24.0,0.7525,0.26594,0.26134,-0.0911,0.0759,1.0,-1.2244,0.0,0.0,True,1.0171,0.33908,0.33594,-0.1929,0.0637,1.0,-1.7292,0.0,0.0,True,both_converged
87061,24.5,0.7566,0.27312,0.26854,-0.0934,0.0741,1.0,-1.2082,0.0,0.0,True,1.0207,0.34723,0.34415,-0.1945,0.0563,1.0,-1.6819,0.0,0.0,True,both_converged
87061,25.0,0.7555,0.27844,0.2739,-0.0969,0.0693,1.0,-1.1412,0.0,0.0,True,1.0196,0.35635,0.35328,-0.1975,0.0525,1.0,-1.5243,0.0,0.0,True,both_converged
87061,25.5,0.7658,0.28489,0.28042,-0.0981,0.0652,1.0,-1.1993,0.0,0.0,True,1.0261,0.36534,0.36233,-0.1979,0.0477,1.0,-1.5437,0.0,0.0,True,both_converged
87061,26.0,0.7677,0.29174,0.28729,-0.1008,0.0636,1.0,-1.1708,0.0,0.0,True,1.0236,0.37384,0.37084,-0.2013,0.0455,1.0,-1.3813,0.0,0.0,True,both_converged
87061,26.5,0.7686,0.29759,0.29319,-0.104,0.0597,1.0,-1.1243,0.0,0.0,True,1.0258,0.3822,0.37923,-0.2032,0.042,1.0,-1.3346,0.0,0.0,True,both_converged
87061,27.0,0.7749,0.30375,0.29941,-0.1059,0.0564,1.0,-1.1531,0.0,0.0,True,1.0308,0.3919,0.38898,-0.2038,0.0402,1.0,-1.3641,0.0,0.0,True,both_converged
87061,27.5,0.7822,0.31163,0.30733,-0.1075,0.0547,1.0,-1.1833,0.0,0.0,True,1.0284,0.39987,0.39698,-0.2071,0.0389,1.0,-1.2629,0.0,0.0,True,both_converged
87061,28.0,0.7805,0.31702,0.31277,-0.1111,0.0517,1.0,-1.0929,0.0,0.0,True,1.0298,0.40825,0.4054,-0.2091,0.036,1.0,-1.2564,0.0,0.0,True,both_converged
87061,28.5,0.7848,0.32329,0.31908,-0.1134,0.0488,1.0,-1.0949,0.0,0.0,True,,,,,,,,,,False,baseline_only
87061,29.0,0.7946,0.33123,0.3271,-0.1143,0.0469,1.0,-1.1856,0.0,0.0,True,1.6949,0.42025,0.41697,-0.3549,0.0289,1.0,-2.6321,0.0,0.0,True,both_converged
87061,29.5,0.7916,0.33669,0.33258,-0.118,0.0457,1.0,-1.0922,0.0,0.0,True,1.0321,0.43412,0.4314,-0.2149,0.0311,1.0,-1.223,0.0,0.0,True,both_converged
87061,30.0,0.794,0.34307,0.33901,-0.1207,0.0427,1.0,-1.0692,0.0,0.0,True,1.0329,0.44227,0.4396,-0.2166,0.0294,1.0,-1.2331,0.0,0.0,True,both_converged
90170,-30.0,,,,,,,,,,False,,,,,,,,,,False,none_converged
90170,-29.5,-0.5153,0.2911,0.28616,0.0342,1.0,0.0295,-0.9046,0.0,0.0,True,-0.8826,0.34238,0.33621,0.0827,1.0,0.021,-1.5249,0.0,0.0,True,both_converged
90170,-29.0,,,,,,,,,,False,-0.8678,0.33738,0.33119,0.0775,1.0,0.0215,-1.5071,0.0,0.0,True,optimised_only
90170,-28.5,,,,,,,,,,False,-0.8525,0.33249,0.32627,0.0722,1.0,0.0219,-1.4933,0.0,0.0,True,optimised_only
90170,-28.0,,,,,,,,,,False,,,,,,,,,,False,none_converged
90170,-27.5,-0.4843,0.27009,0.265,0.0228,1.0,0.0337,-0.8928,0.0,0.0,True,,,,,,,,,,False,baseline_only
90170,-27.0,-0.477,0.26548,0.26035,0.0196,1.0,0.0346,-0.927,0.0,0.0,True,-0.492,0.26419,0.25885,0.0076,1.0,0.025,-0.7794,0.0,0.0,True,both_converged
90170,-26.5,,,,,,,,,,False,-0.484,0.25965,0.25428,0.0048,1.0,0.0255,-0.7761,0.0,0.0,True,optimised_only
90170,-26.0,-0.7855,0.30529,0.29913,0.065,1.0,0.0343,-1.6516,0.0,0.0,True,-0.4759,0.25526,0.24986,0.0021,1.0,0.0259,-0.7849,0.0,0.0,True,both_converged
90170,-25.5,,,,,,,,,,False,-0.4679,0.25115,0.24572,-0.0006,1.0,0.0262,-0.8048,0.0,0.0,True,optimised_only
90170,-25.0,-0.442,0.24494,0.2397,0.0087,1.0,0.0396,-0.9127,0.0,0.0,True,,,,,,,,,,False,baseline_only
90170,-24.5,-0.4362,0.24161,0.23633,0.0053,1.0,0.0406,-0.9789,0.0,0.0,True,,,,,,,,,,False,baseline_only
90170,-24.0,-0.4258,0.23545,0.23016,0.0029,1.0,0.0413,-0.9689,0.0,0.0,True,-0.4431,0.23771,0.23222,-0.0077,1.0,0.0271,-0.7992,0.0,0.0,True,both_converged
90170,-23.5,-0.4149,0.23009,0.22476,0.0007,1.0,0.0429,-0.939,0.0,0.0,True,-0.4346,0.23341,0.22791,-0.0098,1.0,0.0277,-0.7838,0.0,0.0,True,both_converged
90170,-23.0,-0.4053,0.22533,0.21998,-0.0019,1.0,0.0449,-0.9351,0.0,0.0,True,-0.4263,0.22931,0.22378,-0.0119,1.0,0.0285,-0.7728,0.0,0.0,True,both_converged
90170,-22.5,-0.3973,0.22116,0.21579,-0.0048,1.0,0.0469,-0.9585,0.0,0.0,True,-0.4182,0.22532,0.21978,-0.0138,1.0,0.0293,-0.7752,0.0,0.0,True,both_converged
90170,-22.0,-0.3939,0.21875,0.21337,-0.0082,1.0,0.0478,-1.0321,0.0,0.0,True,-0.4103,0.22147,0.21593,-0.0156,1.0,0.0301,-0.7948,0.0,0.0,True,both_converged
90170,-21.5,-0.3779,0.21123,0.20583,-0.0095,1.0,0.0497,-0.9633,0.0,0.0,True,-0.4031,0.21812,0.21258,-0.0175,1.0,0.0309,-0.8321,0.0,0.0,True,both_converged
90170,-21.0,-0.3677,0.20664,0.20121,-0.0118,1.0,0.052,-0.9622,0.0,0.0,True,,,,,,,,,,False,baseline_only
90170,-20.5,-0.3598,0.20271,0.19727,-0.0145,1.0,0.0545,-0.9934,0.0,0.0,True,-0.5913,0.24695,0.2405,0.0023,1.0,0.0301,-1.2922,0.0,0.0,True,both_converged
90170,-20.0,-0.3628,0.20318,0.19773,-0.0183,1.0,0.0555,-1.1093,0.0,0.0,True,-0.5748,0.24212,0.23567,-0.0016,1.0,0.031,-1.3314,0.0,0.0,True,both_converged
90170,-19.5,-0.3415,0.19335,0.18788,-0.019,1.0,0.0573,-1.0079,0.0,0.0,True,-0.3744,0.20315,0.19766,-0.0221,1.0,0.034,-0.8729,0.0,0.0,True,both_converged
90170,-19.0,-0.3305,0.18886,0.18338,-0.0208,1.0,0.0606,-0.983,0.0,0.0,True,-0.3682,0.19985,0.19436,-0.0229,1.0,0.0351,-0.8895,0.0,0.0,True,both_converged
90170,-18.5,-0.326,0.18616,0.18067,-0.0237,1.0,0.0639,-1.0338,0.0,0.0,True,-0.3629,0.19691,0.19145,-0.0237,1.0,0.0362,-0.9194,0.0,0.0,True,both_converged
90170,-18.0,-0.3307,0.18603,0.18055,-0.027,1.0,0.0648,-1.1479,0.0,0.0,True,-0.36,0.19515,0.18971,-0.0246,1.0,0.0368,-0.9758,0.0,0.0,True,both_converged
90170,-17.5,-0.3058,0.17622,0.17072,-0.0271,1.0,0.0674,-1.0364,0.0,0.0,True,-0.3579,0.19316,0.18776,-0.0253,1.0,0.0371,-1.0229,0.0,0.0,True,both_converged
90170,-17.0,-0.2963,0.1721,0.1666,-0.0287,1.0,0.0709,-1.0308,0.0,0.0,True,-0.3494,0.18749,0.18211,-0.0243,1.0,0.0382,-0.9627,0.0,0.0,True,both_converged
90170,-16.5,-0.3008,0.1718,0.1663,-0.0318,1.0,0.0746,-1.1268,0.0,0.0,True,-0.3451,0.1844,0.17905,-0.0239,1.0,0.0394,-0.9525,0.0,0.0,True,both_converged
90170,-16.0,-0.4496,0.18867,0.18253,-0.0144,1.0,0.0719,-1.4612,0.0,0.0,True,-0.342,0.18162,0.17631,-0.0235,1.0,0.0409,-0.9557,0.0,0.0,True,both_converged
90170,-15.5,-0.457,0.18864,0.18258,-0.0211,1.0,0.0749,-1.6266,0.0,0.0,True,-0.34,0.17917,0.17389,-0.0232,1.0,0.0424,-0.9726,0.0,0.0,True,both_converged
90170,-15.0,-0.4232,0.1762,0.17012,-0.0205,1.0,0.0778,-1.4644,0.0,0.0,True,-0.3414,0.17807,0.17282,-0.0234,1.0,0.0433,-1.0235,0.0,0.0,True,both_converged
90170,-14.5,-0.4075,0.17004,0.16397,-0.0226,1.0,0.0821,-1.4373,0.0,0.0,True,-0.3478,0.17872,0.1735,-0.0239,1.0,0.0437,-1.1054,0.0,0.0,True,both_converged
90170,-14.0,-0.4121,0.16749,0.16149,-0.0279,1.0,0.0863,-1.5658,0.0,0.0,True,-0.3367,0.17094,0.16578,-0.0215,1.0,0.0449,-1.0102,0.0,0.0,True,both_converged
90170,-13.5,-0.3909,0.15799,0.15201,-0.0287,1.0,0.0886,-1.5139,0.0,0.0,True,-0.3334,0.1673,0.16219,-0.0203,1.0,0.0466,-0.9816,0.0,0.0,True,both_converged
90170,-13.0,-0.3724,0.15147,0.1455,-0.0295,1.0,0.0946,-1.4476,0.0,0.0,True,-0.3315,0.16391,0.15884,-0.0193,1.0,0.0485,-0.9748,0.0,0.0,True,both_converged
90170,-12.5,-0.3905,0.14971,0.14386,-0.0355,1.0,0.0994,-1.6174,0.0,0.0,True,-0.3322,0.16101,0.15599,-0.0188,1.0,0.0507,-0.9989,0.0,0.0,True,both_converged
90170,-12.0,-0.3592,0.13909,0.13323,-0.0342,1.0,0.1026,-1.4871,0.0,0.0,True,-0.3424,0.16066,0.15569,-0.0194,1.0,0.0516,-1.116,0.0,0.0,True,both_converged
90170,-11.5,-0.3461,0.13306,0.12723,-0.035,1.0,0.1087,-1.4551,0.0,0.0,True,-0.3307,0.15277,0.14787,-0.0167,1.0,0.0535,-1.0464,0.0,0.0,True,both_converged
90170,-11.0,-0.3793,0.13139,0.12574,-0.0416,1.0,0.1134,-1.6803,0.0,0.0,True,-0.3279,0.14853,0.14369,-0.0152,1.0,0.0563,-1.0419,0.0,0.0,True,both_converged
90170,-10.5,-0.3349,0.12106,0.11537,-0.0372,1.0,0.12,-1.4772,0.0,0.0,True,-0.3289,0.14483,0.14004,-0.0144,1.0,0.0593,-1.0845,0.0,0.0,True,both_converged
90170,-10.0,-0.3563,0.11774,0.11221,-0.0403,1.0,0.1275,-1.6018,0.0,0.0,True,-0.3403,0.14348,0.13877,-0.0148,1.0,0.0608,-1.2022,0.0,0.0,True,both_converged
90170,-9.5,-0.3439,0.11006,0.10461,-0.0387,1.0,0.1311,-1.5546,0.0,0.0,True,-0.3368,0.13708,0.13244,-0.0132,1.0,0.0619,-1.2145,0.0,0.0,True,both_converged
90170,-9.0,-0.3399,0.10517,0.09981,-0.0368,1.0,0.1392,-1.5179,0.0,0.0,True,-0.3282,0.13104,0.12645,-0.0106,1.0,0.0648,-1.162,0.0,0.0,True,both_converged
90170,-8.5,-0.4068,0.10432,0.09929,-0.0361,1.0,0.1432,-1.7436,0.0,0.0,True,-0.3284,0.12663,0.12211,-0.0092,1.0,0.0682,-1.181,0.0,0.0,True,both_converged
90170,-8.0,-0.3653,0.09627,0.09122,-0.0312,1.0,0.1518,-1.5598,0.0,0.0,True,-0.3381,0.12379,0.11936,-0.0087,1.0,0.0712,-1.2663,0.0,0.0,True,both_converged
90170,-7.5,-0.4201,0.09455,0.08976,-0.026,1.0,0.1573,-1.6793,0.0,0.0,True,-0.3643,0.12342,0.1191,-0.0078,1.0,0.0719,-1.4044,0.0,0.0,True,both_converged
90170,-7.0,-0.4546,0.0892,0.0846,-0.0252,1.0,0.161,-1.7756,0.0,0.0,True,-0.4263,0.12383,0.11919,-0.0047,1.0,0.0716,-1.6128,0.0,0.0,True,both_converged
90170,-6.5,-0.4511,0.08484,0.08031,-0.0195,1.0,0.1676,-1.7055,0.0,0.0,True,-0.4228,0.11713,0.11259,-0.0032,1.0,0.0731,-1.6229,0.0,0.0,True,both_converged
90170,-6.0,-0.4738,0.07794,0.07346,-0.0245,1.0,0.1774,-1.8166,0.0,0.0,True,-0.4129,0.11091,0.10643,0.0005,1.0,0.0768,-1.5412,0.0,0.0,True,both_converged
90170,-5.5,-0.4714,0.07173,0.06715,-0.0277,1.0,0.1928,-1.8346,0.0,0.0,True,-0.4059,0.10643,0.10202,-0.0012,1.0,0.082,-1.5652,0.0,0.0,True,both_converged
90170,-5.0,-0.4297,0.06485,0.06019,-0.032,0.9935,0.211,-1.7261,0.0,0.0,True,-0.3877,0.10049,0.09616,-0.0082,1.0,0.0861,-1.6301,0.0,0.0,True,both_converged
90170,-4.5,-0.325,0.03408,0.02631,-0.0618,0.9867,0.1184,-2.3023,0.0,0.0,True,-0.3697,0.09476,0.09048,-0.0069,1.0,0.0938,-1.5425,0.0,0.0,True,both_converged
90170,-4.0,-0.2378,0.03054,0.02197,-0.0694,0.9736,0.1335,-2.0729,0.0,0.0,True,-0.3277,0.08749,0.08324,-0.0181,1.0,0.1009,-1.5608,0.0,0.0,True,both_converged
90170,-3.5,-0.1521,0.02847,0.01943,-0.0759,0.9591,0.1552,-1.8196,0.0,0.0,True,-0.2543,0.07965,0.07534,-0.0369,1.0,0.1141,-1.5452,0.0,0.0,True,both_converged
90170,-3.0,-0.0687,0.02691,0.01769,-0.0818,0.9437,0.1843,-1.5726,0.0,0.0,True,-0.1932,0.07245,0.06812,-0.047,1.0,0.1299,-1.4366,0.0,0.0,True,both_converged
90170,-2.5,0.0132,0.02573,0.01646,-0.0871,0.9276,0.2271,-1.3348,0.0,0.0,True,-0.1276,0.06559,0.06122,-0.0564,1.0,0.1469,-1.3509,0.0,0.0,True,both_converged
90170,-2.0,,,,,,,,,,False,0.0983,0.04798,0.04291,-0.1105,1.0,0.1265,-1.456,0.0,0.0,True,optimised_only
90170,-1.5,0.1602,0.02362,0.015,-0.0941,0.8914,0.3791,-0.9253,0.0,0.0,True,0.3707,0.03255,0.02499,-0.1642,1.0,0.1478,-1.3575,0.0,0.0,True,both_converged
90170,-1.0,,,,,,,,,,False,0.4759,0.03176,0.0241,-0.1737,0.9903,0.2124,-0.998,0.0,0.0,True,optimised_only
90170,-0.5,0.3119,0.02095,0.01396,-0.0987,0.8585,1.0,-0.6262,0.0,0.0,True,0.6862,0.02685,0.01946,-0.1986,0.9254,0.3455,-0.9249,0.0,0.0,True,both_converged
90170,0.0,0.3823,0.02084,0.01349,-0.1009,0.8394,1.0,-0.6755,0.0,0.0,True,0.8144,0.02197,0.0121,-0.2023,0.3632,0.4275,-1.1091,0.0,0.0,True,both_converged
90170,0.5,0.4519,0.02062,0.01301,-0.1027,0.8211,1.0,-0.7268,0.0,0.0,True,0.8629,0.02341,0.01306,-0.2002,0.3206,0.4731,-1.2078,0.0,0.0,True,both_converged
90170,1.0,0.5193,0.02037,0.01256,-0.1039,0.8029,1.0,-0.7795,0.0,0.0,True,0.9252,0.02441,0.01373,-0.2006,0.2913,0.5219,-1.3319,0.0,0.0,True,both_converged
90170,1.5,0.5852,0.02011,0.01214,-0.1047,0.7848,1.0,-0.8339,0.0,0.0,True,0.987,0.02568,0.01469,-0.2012,0.2712,0.5717,-1.458,0.0,0.0,True,both_converged
90170,2.0,0.6497,0.0199,0.01179,-0.1051,0.7666,1.0,-0.8905,0.0,0.0,True,1.046,0.02695,0.01578,-0.2014,0.2535,0.6261,-1.5933,0.0,0.0,True,both_converged
90170,2.5,0.6986,0.02039,0.01223,-0.1036,0.7427,1.0,-0.9386,0.0,0.0,True,1.103,0.02802,0.01701,-0.201,0.2395,0.6955,-1.7223,0.0,0.0,True,both_converged
90170,3.0,0.7569,0.02052,0.01229,-0.1032,0.7226,1.0,-0.9983,0.0,0.0,True,1.1564,0.02907,0.01843,-0.2,0.2262,1.0,-1.8603,0.0,0.0,True,both_converged
90170,3.5,0.8165,0.02065,0.01235,-0.103,0.7032,1.0,-1.0677,0.0,0.0,True,1.2169,0.03153,0.02078,-0.2008,0.2154,1.0,-2.0066,0.0,0.0,True,both_converged
90170,4.0,0.8668,0.02128,0.013,-0.1017,0.6809,1.0,-1.1542,0.0,0.0,True,1.2721,0.0338,0.02294,-0.2004,0.2041,1.0,-2.1678,0.0,0.0,True,both_converged
90170,4.5,0.9191,0.02183,0.01358,-0.1006,0.6593,1.0,-1.2769,0.0,0.0,True,1.3244,0.03681,0.02639,-0.1991,0.195,1.0,-2.3021,0.0,0.0,True,both_converged
90170,5.0,0.9755,0.02222,0.01396,-0.0999,0.6388,1.0,-1.4346,0.0,0.0,True,1.3758,0.0399,0.02937,-0.1984,0.1861,1.0,-2.4796,0.0,0.0,True,both_converged
90170,5.5,1.0241,0.02298,0.01482,-0.0983,0.6157,1.0,-1.6053,0.0,0.0,True,1.4199,0.04386,0.03416,-0.1954,0.1784,1.0,-2.5911,0.0,0.0,True,both_converged
90170,6.0,1.0763,0.02344,0.01535,-0.0969,0.5917,1.0,-1.8058,0.0,0.0,True,1.4665,0.04706,0.0374,-0.1938,0.1709,1.0,-2.7758,0.0,0.0,True,both_converged
90170,6.5,1.125,0.02388,0.01586,-0.0949,0.5644,1.0,-2.0243,0.0,0.0,True,1.4979,0.05339,0.04467,-0.1894,0.1653,1.0,-2.8536,0.0,0.0,True,both_converged
90170,7.0,1.1753,0.02404,0.01604,-0.0929,0.5349,1.0,-2.2702,0.0,0.0,True,1.5233,0.06003,0.05212,-0.1844,0.1603,1.0,-2.9304,0.0,0.0,True,both_converged
90170,7.5,1.2219,0.02424,0.01629,-0.0903,0.5028,1.0,-2.5306,0.0,0.0,True,,,,,,,,,,False,baseline_only
90170,8.0,1.2631,0.02451,0.01666,-0.087,0.4675,1.0,-2.7939,0.0,0.0,True,1.5678,0.07391,0.06675,-0.1757,0.153,1.0,-3.1456,0.0,0.0,True,both_converged
90170,8.5,1.3007,0.02472,0.01691,-0.083,0.4281,1.0,-3.0637,0.0,0.0,True,1.5589,0.08458,0.07819,-0.1683,0.153,1.0,-3.1198,0.0,0.0,True,both_converged
90170,9.0,1.3254,0.02526,0.01754,-0.0773,0.3807,1.0,-3.3078,0.0,0.0,True,1.3761,0.11657,0.1117,-0.1577,0.2174,1.0,-2.3296,0.0,0.0,True,both_converged
90170,9.5,1.3348,0.02643,0.01865,-0.0695,0.3191,1.0,-3.5096,0.0,0.0,True,1.2721,0.13455,0.12976,-0.1658,0.209,1.0,-2.0326,0.0,0.0,True,both_converged
90170,10.0,1.3242,0.02896,0.0208,-0.0597,0.248,1.0,-3.6374,0.0,0.0,True,1.3633,0.13815,0.13339,-0.1548,0.2021,1.0,-2.3632,0.0,0.0,True,both_converged
90170,10.5,1.3124,0.03292,0.02424,-0.0516,0.1921,1.0,-3.7452,0.0,0.0,True,1.2446,0.15764,0.15284,-0.1743,0.1915,1.0,-1.9347,0.0,0.0,True,both_converged
90170,11.0,1.3125,0.03705,0.02806,-0.0459,0.1557,1.0,-3.8902,0.0,0.0,True,1.3178,0.16241,0.15774,-0.1612,0.1857,1.0,-2.2502,0.0,0.0,True,both_converged
90170,11.5,1.3256,0.04095,0.03183,-0.0418,0.1306,1.0,-4.077,0.0,0.0,True,1.2412,0.17712,0.17232,-0.1817,0.1751,1.0,-1.8898,0.0,0.0,True,both_converged
90170,12.0,1.3587,0.04461,0.03515,-0.0394,0.1112,1.0,-4.3356,0.0,0.0,True,1.2935,0.18449,0.17984,-0.1733,0.1699,1.0,-2.1333,0.0,0.0,True,both_converged
90170,12.5,1.3915,0.04853,0.03917,-0.0373,0.0978,1.0,-4.588,0.0,0.0,True,1.2474,0.19527,0.19049,-0.1901,0.1615,1.0,-1.8565,0.0,0.0,True,both_converged
90170,13.0,1.4104,0.05276,0.0438,-0.0342,0.0891,1.0,-4.795,0.0,0.0,True,1.2797,0.20281,0.19814,-0.1867,0.155,1.0,-2.0088,0.0,0.0,True,both_converged
90170,13.5,1.4296,0.05805,0.04946,-0.0317,0.0822,1.0,-4.9881,0.0,0.0,True,1.2647,0.21193,0.20722,-0.1977,0.149,1.0,-1.8633,0.0,0.0,True,both_converged
90170,14.0,1.4392,0.06344,0.05521,-0.0289,0.0773,1.0,-5.1507,0.0,0.0,True,1.2792,0.21927,0.21462,-0.2003,0.1421,1.0,-1.9001,0.0,0.0,True,both_converged
90170,14.5,1.4385,0.07046,0.0626,-0.0264,0.0738,1.0,-5.2613,0.0,0.0,True,1.3168,0.23141,0.22688,-0.1958,0.1384,1.0,-2.0823,0.0,0.0,True,both_converged
90170,15.0,1.399,0.07889,0.0717,-0.0239,0.0727,1.0,-5.2003,0.0,0.0,True,1.2966,0.23478,0.2302,-0.2105,0.1308,1.0,-1.8764,0.0,0.0,True,both_converged
90170,15.5,1.3515,0.08951,0.08292,-0.0242,0.0723,1.0,-5.0802,0.0,0.0,True,1.3189,0.24283,0.23833,-0.211,0.1259,1.0,-1.968,0.0,0.0,True,both_converged
90170,16.0,1.294,0.10294,0.09689,-0.0281,0.0727,1.0,-4.8797,0.0,0.0,True,1.331,0.25215,0.24768,-0.2154,0.1231,1.0,-1.9711,0.0,0.0,True,both_converged
90170,16.5,1.229,0.12024,0.11462,-0.0365,0.0738,1.0,-4.5842,0.0,0.0,True,1.3358,0.25669,0.25225,-0.2236,0.1158,1.0,-1.9104,0.0,0.0,True,both_converged
90170,17.0,,,,,,,,,,False,1.359,0.2655,0.26117,-0.2237,0.1117,1.0,-2.0617,0.0,0.0,True,optimised_only
90170,17.5,0.9864,0.21812,0.21263,-0.1009,0.1414,1.0,-1.9667,0.0,0.0,True,1.3673,0.27277,0.26846,-0.2306,0.1091,1.0,-2.1064,0.0,0.0,True,both_converged
90170,18.0,0.9941,0.22602,0.22052,-0.1058,0.1343,1.0,-1.9346,0.0,0.0,True,1.3776,0.27787,0.27361,-0.2377,0.1028,1.0,-2.1672,0.0,0.0,True,both_converged
90170,18.5,1.0163,0.23294,0.2275,-0.1074,0.1263,1.0,-2.024,0.0,0.0,True,1.3983,0.28622,0.28207,-0.2386,0.0989,1.0,-2.4284,0.0,0.0,True,both_converged
90170,19.0,1.0187,0.24028,0.2348,-0.1144,0.1191,1.0,-1.9483,0.0,0.0,True,1.4117,0.29488,0.29078,-0.2437,0.0969,1.0,-2.5332,0.0,0.0,True,both_converged
90170,19.5,1.0483,0.24808,0.24271,-0.1139,0.1121,1.0,-2.0991,0.0,0.0,True,1.4211,0.29862,0.29455,-0.2524,0.0915,1.0,-2.5353,0.0,0.0,True,both_converged
90170,20.0,1.0461,0.25422,0.24878,-0.1229,0.1065,1.0,-1.9601,0.0,0.0,True,1.4394,0.30605,0.30209,-0.2545,0.0871,1.0,-2.7623,0.0,0.0,True,both_converged
90170,20.5,1.0701,0.26123,0.25586,-0.1238,0.0996,1.0,-2.0881,0.0,0.0,True,1.458,0.31813,0.31426,-0.2565,0.0854,1.0,-2.9569,0.0,0.0,True,both_converged
90170,21.0,0.7195,0.22897,0.22418,-0.0784,0.1022,1.0,-1.21,0.0,0.0,True,1.4655,0.31885,0.315,-0.2676,0.0803,1.0,-2.8606,0.0,0.0,True,both_converged
90170,21.5,0.7411,0.238,0.23328,-0.0783,0.0981,1.0,-1.318,0.0,0.0,True,1.4828,0.32623,0.32248,-0.2701,0.076,1.0,-3.0483,0.0,0.0,True,both_converged
90170,22.0,0.7276,0.24104,0.23633,-0.0831,0.0915,1.0,-1.1895,0.0,0.0,True,1.4962,0.33361,0.32991,-0.2763,0.0736,1.0,-3.0551,0.0,0.0,True,both_converged
90170,22.5,0.7447,0.24814,0.2435,-0.0834,0.0868,1.0,-1.2838,0.0,0.0,True,1.5112,0.33908,0.33547,-0.2822,0.0667,1.0,-3.0639,0.0,0.0,True,both_converged
90170,23.0,0.7387,0.25361,0.24898,-0.0873,0.0841,1.0,-1.1814,0.0,0.0,True,1.5258,0.34636,0.34277,-0.2888,0.0617,1.0,-2.9589,0.0,0.0,True,both_converged
90170,23.5,0.7435,0.25926,0.25467,-0.0897,0.0777,1.0,-1.1839,0.0,0.0,True,1.5422,0.35496,0.35141,-0.2918,0.0551,1.0,-2.939,0.0,0.0,True,both_converged
90170,24.0,0.7637,0.26917,0.26464,-0.0895,0.0747,1.0,-1.3095,0.0,0.0,True,1.5573,0.36008,0.35655,-0.2984,0.0485,1.0,-2.8136,0.0,0.0,True,both_converged
90170,24.5,0.7513,0.27208,0.26758,-0.0946,0.0714,1.0,-1.1562,0.0,0.0,True,1.572,0.3672,0.36366,-0.3051,0.0461,1.0,-2.6672,0.0,0.0,True,both_converged
90170,25.0,0.7573,0.27805,0.27359,-0.0967,0.0668,1.0,-1.1668,0.0,0.0,True,1.5872,0.37338,0.36988,-0.3109,0.0422,1.0,-2.5968,0.0,0.0,True,both_converged
90170,25.5,0.7715,0.28694,0.28254,-0.0972,0.0642,1.0,-1.2493,0.0,0.0,True,1.6026,0.38424,0.38079,-0.3119,0.0402,1.0,-2.7023,0.0,0.0,True,both_converged
90170,26.0,0.7646,0.29108,0.28671,-0.1017,0.0611,1.0,-1.1327,0.0,0.0,True,1.6161,0.38636,0.38289,-0.3224,0.0384,1.0,-2.4831,0.0,0.0,True,both_converged
90170,26.5,0.7697,0.29723,0.29291,-0.1039,0.0575,1.0,-1.1431,0.0,0.0,True,1.63,0.39207,0.38865,-0.3275,0.0353,1.0,-2.5272,0.0,0.0,True,both_converged
90170,27.0,0.7862,0.30695,0.30271,-0.1039,0.055,1.0,-1.2725,0.0,0.0,True,1.6432,0.40088,0.3975,-0.33,0.0339,1.0,-2.6604,0.0,0.0,True,both_converged
90170,27.5,0.7772,0.31044,0.30621,-0.1087,0.053,1.0,-1.1163,0.0,0.0,True,1.6571,0.40422,0.40084,-0.3391,0.0328,1.0,-2.5326,0.0,0.0,True,both_converged
90170,28.0,0.7809,0.31674,0.31256,-0.1112,0.0496,1.0,-1.1016,0.0,0.0,True,1.6705,0.40969,0.40636,-0.345,0.0308,1.0,-2.5358,0.0,0.0,True,both_converged
90170,28.5,0.7878,0.32324,0.31912,-0.1127,0.0473,1.0,-1.1462,0.0,0.0,True,1.6828,0.41488,0.4116,-0.3498,0.0292,1.0,-2.6005,0.0,0.0,True,both_converged
90170,29.0,0.7905,0.33039,0.3263,-0.1152,0.0463,1.0,-1.1332,0.0,0.0,True,,,,,,,,,,False,baseline_only
90170,29.5,0.791,0.3365,0.33247,-0.1184,0.0437,1.0,-1.0766,0.0,0.0,True,1.0325,0.43379,0.43112,-0.2149,0.0298,1.0,-1.2372,0.0,0.0,True,both_converged
90170,30.0,0.7949,0.34269,0.33871,-0.1206,0.041,1.0,-1.091,0.0,0.0,True,1.0347,0.44255,0.43994,-0.2158,0.0285,1.0,-1.2997,0.0,0.0,True,both_converged
92894,-30.0,,,,,,,,,,False,,,,,,,,,,False,none_converged
92894,-29.5,-0.5149,0.29072,0.28585,0.0344,1.0,0.0289,-0.885,0.0,0.0,True,,,,,,,,,,False,baseline_only
92894,-29.0,-0.5083,0.28593,0.28102,0.0312,1.0,0.0296,-0.9132,0.0,0.0,True,,,,,,,,,,False,baseline_only
92894,-28.5,-0.5009,0.28046,0.27553,0.0283,1.0,0.0301,-0.9131,0.0,0.0,True,-0.8528,0.33229,0.32616,0.0724,1.0,0.0214,-1.4796,0.0,0.0,True,both_converged
92894,-28.0,-0.4924,0.27502,0.27006,0.0257,1.0,0.0312,-0.887,0.0,0.0,True,-0.8373,0.32734,0.32117,0.0672,1.0,0.0218,-1.4755,0.0,0.0,True,both_converged
92894,-27.5,-0.4842,0.26994,0.26493,0.0228,1.0,0.0326,-0.8897,0.0,0.0,True,,,,,,,,,,False,baseline_only
92894,-27.0,-0.4762,0.26491,0.25987,0.0199,1.0,0.0339,-0.9035,0.0,0.0,True,,,,,,,,,,False,baseline_only
92894,-26.5,-0.4692,0.26057,0.25548,0.0166,1.0,0.0347,-0.9436,0.0,0.0,True,-0.4839,0.25947,0.25418,0.0048,1.0,0.0247,-0.7736,0.0,0.0,True,both_converged
92894,-26.0,-0.4612,0.25529,0.25019,0.0138,1.0,0.0352,-0.9529,0.0,0.0,True,-0.4757,0.25498,0.24966,0.0022,1.0,0.0253,-0.7754,0.0,0.0,True,both_converged
92894,-25.5,-0.4509,0.2496,0.24446,0.0115,1.0,0.0364,-0.911,0.0,0.0,True,-0.4675,0.25059,0.24524,-0.0005,1.0,0.0257,-0.7866,0.0,0.0,True,both_converged
92894,-25.0,-0.4417,0.2447,0.23953,0.0088,1.0,0.0383,-0.9059,0.0,0.0,True,-0.4594,0.24643,0.24104,-0.0031,1.0,0.0261,-0.8012,0.0,0.0,True,both_converged
92894,-24.5,-0.4334,0.2401,0.2349,0.0059,1.0,0.0401,-0.9349,0.0,0.0,True,,,,,,,,,,False,baseline_only
92894,-24.0,,,,,,,,,,False,-0.7091,0.28511,0.27877,0.0299,1.0,0.025,-1.3358,0.0,0.0,True,optimised_only
92894,-23.5,-0.4159,0.23014,0.2249,0.0005,1.0,0.0417,-0.9622,0.0,0.0,True,-0.6922,0.27976,0.2734,0.0256,1.0,0.0255,-1.322,0.0,0.0,True,both_converged
92894,-23.0,-0.4055,0.22516,0.21989,-0.0019,1.0,0.0434,-0.9399,0.0,0.0,True,-0.6752,0.27456,0.26819,0.0212,1.0,0.026,-1.3153,0.0,0.0,True,both_converged
92894,-22.5,-0.396,0.2205,0.21521,-0.0044,1.0,0.0455,-0.9389,0.0,0.0,True,-0.6582,0.26986,0.26349,0.0166,1.0,0.0263,-1.3306,0.0,0.0,True,both_converged
92894,-22.0,-0.3908,0.21762,0.2123,-0.0078,1.0,0.0474,-0.9993,0.0,0.0,True,-0.4101,0.22127,0.21582,-0.0156,1.0,0.0291,-0.7904,0.0,0.0,True,both_converged
92894,-21.5,,,,,,,,,,False,-0.4025,0.21753,0.21207,-0.0172,1.0,0.0301,-0.8099,0.0,0.0,True,optimised_only
92894,-21.0,-0.6169,0.2506,0.24447,0.0197,1.0,0.0473,-1.593,0.0,0.0,True,-0.3956,0.21429,0.20883,-0.0189,1.0,0.0309,-0.8492,0.0,0.0,True,both_converged
92894,-20.5,,,,,,,,,,False,-0.5912,0.24678,0.24043,0.0024,1.0,0.0289,-1.2875,0.0,0.0,True,optimised_only
92894,-20.0,-0.3532,0.19913,0.19374,-0.0173,1.0,0.055,-1.0328,0.0,0.0,True,-0.5745,0.24137,0.23502,-0.0011,1.0,0.0302,-1.2978,0.0,0.0,True,both_converged
92894,-19.5,-0.3476,0.19529,0.18991,-0.02,1.0,0.0559,-1.0735,0.0,0.0,True,-0.5583,0.2366,0.23026,-0.0049,1.0,0.031,-1.3403,0.0,0.0,True,both_converged
92894,-19.0,-0.331,0.18867,0.18328,-0.0209,1.0,0.0586,-0.9927,0.0,0.0,True,,,,,,,,,,False,baseline_only
92894,-18.5,-0.3219,0.1846,0.17919,-0.0231,1.0,0.0622,-0.9959,0.0,0.0,True,-0.5268,0.225,0.21873,-0.0107,1.0,0.032,-1.3434,0.0,0.0,True,both_converged
92894,-18.0,-0.3243,0.18414,0.17872,-0.0265,1.0,0.0644,-1.1056,0.0,0.0,True,-0.5113,0.21932,0.21306,-0.0129,1.0,0.0331,-1.3154,0.0,0.0,True,both_converged
92894,-17.5,-0.3103,0.17704,0.17163,-0.0278,1.0,0.0657,-1.0827,0.0,0.0,True,-0.4964,0.21396,0.20772,-0.0153,1.0,0.0344,-1.3076,0.0,0.0,True,both_converged
92894,-17.0,-0.2966,0.17185,0.16643,-0.0288,1.0,0.0687,-1.038,0.0,0.0,True,-0.4824,0.20878,0.20259,-0.0175,1.0,0.0357,-1.314,0.0,0.0,True,both_converged
92894,-16.5,-0.2903,0.16845,0.16302,-0.0307,1.0,0.0731,-1.0563,0.0,0.0,True,-0.4702,0.20453,0.19838,-0.02,1.0,0.0367,-1.3545,0.0,0.0,True,both_converged
92894,-16.0,-0.3111,0.17261,0.16719,-0.0344,1.0,0.075,-1.2302,0.0,0.0,True,,,,,,,,,,False,baseline_only
92894,-15.5,-0.2773,0.16027,0.15486,-0.0337,1.0,0.078,-1.0717,0.0,0.0,True,-0.3399,0.17881,0.17362,-0.0229,1.0,0.0409,-0.965,0.0,0.0,True,both_converged
92894,-15.0,-0.2696,0.15649,0.15109,-0.0347,1.0,0.0822,-1.0735,0.0,0.0,True,-0.3386,0.17646,0.17129,-0.0225,1.0,0.0424,-0.9818,0.0,0.0,True,both_converged
92894,-14.5,-0.281,0.15671,0.1513,-0.0371,1.0,0.0861,-1.1849,0.0,0.0,True,-0.3407,0.17537,0.17022,-0.0226,1.0,0.0434,-1.0344,0.0,0.0,True,both_converged
92894,-14.0,,,,,,,,,,False,-0.3473,0.17555,0.17045,-0.023,1.0,0.0437,-1.1173,0.0,0.0,True,optimised_only
92894,-13.5,-0.259,0.14552,0.14014,-0.0374,1.0,0.0936,-1.1283,0.0,0.0,True,-0.3354,0.16752,0.16248,-0.0205,1.0,0.045,-1.0111,0.0,0.0,True,both_converged
92894,-13.0,-0.27,0.14366,0.13832,-0.0396,1.0,0.0989,-1.2197,0.0,0.0,True,-0.3323,0.16378,0.15879,-0.0192,1.0,0.0467,-0.9821,0.0,0.0,True,both_converged
92894,-12.5,-0.2712,0.13806,0.13278,-0.0404,1.0,0.1008,-1.2547,0.0,0.0,True,-0.3308,0.16027,0.15532,-0.0182,1.0,0.0488,-0.9766,0.0,0.0,True,both_converged
92894,-12.0,-0.2517,0.13165,0.12639,-0.0388,1.0,0.106,-1.1684,0.0,0.0,True,-0.3332,0.15758,0.15269,-0.0179,1.0,0.051,-1.0356,0.0,0.0,True,both_converged
92894,-11.5,-0.2682,0.12865,0.12346,-0.0404,1.0,0.1126,-1.2679,0.0,0.0,True,-0.3463,0.15752,0.15269,-0.0186,1.0,0.0516,-1.1699,0.0,0.0,True,both_converged
92894,-11.0,-0.2611,0.12179,0.11667,-0.0393,1.0,0.1162,-1.2523,0.0,0.0,True,-0.3297,0.14847,0.14371,-0.0153,1.0,0.0541,-1.06,0.0,0.0,True,both_converged
92894,-10.5,-0.2551,0.11669,0.11162,-0.0377,1.0,0.1226,-1.2191,0.0,0.0,True,-0.328,0.14429,0.13958,-0.014,1.0,0.057,-1.0685,0.0,0.0,True,both_converged
92894,-10.0,-0.2971,0.11423,0.10933,-0.0394,1.0,0.1279,-1.3994,0.0,0.0,True,-0.3306,0.14076,0.13611,-0.0134,1.0,0.0598,-1.1264,0.0,0.0,True,both_converged
92894,-9.5,-0.3899,0.11411,0.1089,-0.0425,1.0,0.1282,-1.7622,0.0,0.0,True,-0.3456,0.13983,0.13526,-0.0138,1.0,0.0609,-1.259,0.0,0.0,True,both_converged
92894,-9.0,-0.3397,0.10446,0.09918,-0.0369,1.0,0.1343,-1.5264,0.0,0.0,True,-0.4022,0.13836,0.13338,-0.0144,1.0,0.0607,-1.4849,0.0,0.0,True,both_converged
92894,-8.5,-0.3728,0.10159,0.09652,-0.0358,1.0,0.1422,-1.6284,0.0,0.0,True,-0.428,0.13922,0.13439,-0.0128,1.0,0.0611,-1.6286,0.0,0.0,True,both_converged
92894,-8.0,-0.3997,0.09686,0.092,-0.0318,1.0,0.1454,-1.6845,0.0,0.0,True,-0.3924,0.12615,0.12133,-0.0091,1.0,0.0645,-1.4414,0.0,0.0,True,both_converged
92894,-7.5,-0.3968,0.09271,0.08793,-0.0262,1.0,0.153,-1.6192,0.0,0.0,True,-0.3951,0.12231,0.11758,-0.0066,1.0,0.0676,-1.4548,0.0,0.0,True,both_converged
92894,-7.0,-0.4719,0.08969,0.08514,-0.03,1.0,0.1588,-1.8747,0.0,0.0,True,-0.4094,0.12013,0.11552,-0.0039,1.0,0.0706,-1.5257,0.0,0.0,True,both_converged
92894,-6.5,-0.4609,0.08381,0.07937,-0.0218,1.0,0.163,-1.7632,0.0,0.0,True,-0.4273,0.1203,0.11583,-0.0076,1.0,0.0719,-1.7038,0.0,0.0,True,both_converged
92894,-6.0,-0.4803,0.07682,0.0723,-0.0297,1.0,0.176,-1.8999,0.0,0.0,True,-0.4162,0.11108,0.10667,-0.001,1.0,0.0742,-1.5924,0.0,0.0,True,both_converged
92894,-5.5,-0.4683,0.07263,0.06824,-0.022,1.0,0.1821,-1.769,0.0,0.0,True,-0.4071,0.10588,0.10153,0.0002,1.0,0.0784,-1.553,0.0,0.0,True,both_converged
92894,-5.0,-0.3971,0.03985,0.03317,-0.0553,0.9946,0.1086,-2.4365,0.0,0.0,True,-0.3723,0.10107,0.09678,-0.0182,1.0,0.0849,-1.7241,0.0,0.0,True,both_converged
92894,-4.5,-0.3099,0.03294,0.025,-0.0646,0.9838,0.1175,-2.3011,0.0,0.0,True,-0.3707,0.09435,0.09014,-0.0069,1.0,0.0899,-1.554,0.0,0.0,True,both_converged
92894,-4.0,-0.2229,0.02982,0.02119,-0.0719,0.971,0.1331,-2.0581,0.0,0.0,True,-0.3145,0.08691,0.08269,-0.0243,1.0,0.0997,-1.6046,0.0,0.0,True,both_converged
92894,-3.5,-0.1388,0.02788,0.01884,-0.078,0.9565,0.1549,-1.7998,0.0,0.0,True,-0.2891,0.08096,0.07678,-0.0229,1.0,0.1071,-1.4842,0.0,0.0,True,both_converged
92894,-3.0,-0.0597,0.02639,0.01722,-0.083,0.9402,0.1837,-1.5601,0.0,0.0,True,-0.2253,0.07352,0.06931,-0.0354,1.0,0.12,-1.4103,0.0,0.0,True,both_converged
92894,-2.5,0.0167,0.0253,0.01606,-0.0873,0.9226,0.2255,-1.3323,0.0,0.0,True,,,,,,,,,,False,baseline_only
92894,-2.0,0.0915,0.02425,0.01529,-0.0911,0.905,0.2842,-1.1152,0.0,0.0,True,-0.0485,0.0591,0.05473,-0.068,1.0,0.1669,-1.2531,0.0,0.0,True,both_converged
92894,-1.5,0.1657,0.02311,0.01457,-0.0946,0.8876,0.3787,-0.9176,0.0,0.0,True,0.0576,0.05274,0.04823,-0.0857,1.0,0.201,-1.1191,0.0,0.0,True,both_converged
92894,-1.0,,,,,,,,,,False,0.5124,0.03092,0.02327,-0.1803,0.9804,0.2275,-0.9184,0.0,0.0,True,optimised_only
92894,-0.5,0.3195,0.02036,0.01346,-0.0995,0.856,1.0,-0.6319,0.0,0.0,True,0.7136,0.02484,0.01754,-0.2023,0.9102,0.3535,-0.9545,0.0,0.0,True,both_converged
92894,0.0,0.3917,0.02015,0.01289,-0.1019,0.8379,1.0,-0.6826,0.0,0.0,True,0.8172,0.02189,0.01194,-0.203,0.3548,0.4254,-1.1124,0.0,0.0,True,both_converged
92894,0.5,0.4608,0.01988,0.01237,-0.1035,0.8199,1.0,-0.734,0.0,0.0,True,0.8663,0.02314,0.01286,-0.2008,0.3151,0.4686,-1.2123,0.0,0.0,True,both_converged
92894,1.0,0.528,0.01959,0.01187,-0.1046,0.8018,1.0,-0.7867,0.0,0.0,True,0.928,0.02431,0.01358,-0.2013,0.2874,0.5171,-1.3376,0.0,0.0,True,both_converged
92894,1.5,0.5935,0.01932,0.01144,-0.1053,0.7837,1.0,-0.8411,0.0,0.0,True,0.9886,0.02551,0.01457,-0.2017,0.2678,0.5665,-1.4614,0.0,0.0,True,both_converged
92894,2.0,0.6469,0.01956,0.01157,-0.1043,0.7611,1.0,-0.8894,0.0,0.0,True,1.0466,0.02669,0.01562,-0.2016,0.2505,0.6191,-1.5953,0.0,0.0,True,both_converged
92894,2.5,0.7043,0.01967,0.01159,-0.1038,0.7403,1.0,-0.9443,0.0,0.0,True,1.1047,0.02801,0.01692,-0.2016,0.2367,0.6862,-1.7298,0.0,0.0,True,both_converged
92894,3.0,0.7637,0.01975,0.01158,-0.1036,0.7206,1.0,-1.0052,0.0,0.0,True,1.1561,0.02874,0.01813,-0.2001,0.2235,1.0,-1.866,0.0,0.0,True,both_converged
92894,3.5,0.8197,0.02006,0.01183,-0.1029,0.7,1.0,-1.0718,0.0,0.0,True,1.2166,0.03111,0.02047,-0.2008,0.2126,1.0,-2.0104,0.0,0.0,True,both_converged
92894,4.0,0.8695,0.02068,0.01248,-0.1016,0.6773,1.0,-1.1587,0.0,0.0,True,1.2725,0.03366,0.02281,-0.2007,0.2018,1.0,-2.1749,0.0,0.0,True,both_converged
92894,4.5,0.9248,0.0211,0.01289,-0.1009,0.6566,1.0,-1.2869,0.0,0.0,True,1.3247,0.03621,0.02581,-0.1992,0.1924,1.0,-2.3126,0.0,0.0,True,both_converged
92894,5.0,0.9802,0.02157,0.01334,-0.1001,0.636,1.0,-1.4449,0.0,0.0,True,1.3749,0.03931,0.02902,-0.1981,0.1837,1.0,-2.4773,0.0,0.0,True,both_converged
92894,5.5,1.0266,0.02239,0.01429,-0.0983,0.6119,1.0,-1.6123,0.0,0.0,True,1.421,0.04298,0.03328,-0.1957,0.1758,1.0,-2.608,0.0,0.0,True,both_converged
92894,6.0,1.0826,0.02269,0.01459,-0.0974,0.589,1.0,-1.8232,0.0,0.0,True,1.4665,0.04678,0.03713,-0.1941,0.1687,1.0,-2.7863,0.0,0.0,True,both_converged
92894,6.5,1.1286,0.02322,0.01522,-0.095,0.5607,1.0,-2.0367,0.0,0.0,True,1.4988,0.05267,0.04406,-0.1895,0.1627,1.0,-2.8618,0.0,0.0,True,both_converged
92894,7.0,1.1765,0.0235,0.01555,-0.0927,0.5307,1.0,-2.2765,0.0,0.0,True,1.5335,0.05722,0.04898,-0.1861,0.1567,1.0,-3.0103,0.0,0.0,True,both_converged
92894,7.5,1.2224,0.02374,0.01585,-0.0902,0.4988,1.0,-2.5356,0.0,0.0,True,1.5573,0.0641,0.05636,-0.1815,0.1522,1.0,-3.114,0.0,0.0,True,both_converged
92894,8.0,1.2644,0.02399,0.01617,-0.087,0.4639,1.0,-2.8023,0.0,0.0,True,1.5569,0.0743,0.06749,-0.1741,0.1515,1.0,-3.0924,0.0,0.0,True,both_converged
92894,8.5,1.3016,0.02426,0.01648,-0.083,0.4248,1.0,-3.0708,0.0,0.0,True,1.5454,0.08495,0.07884,-0.1668,0.1518,1.0,-3.0621,0.0,0.0,True,both_converged
92894,9.0,1.3261,0.02485,0.01714,-0.0773,0.3773,1.0,-3.3147,0.0,0.0,True,,,,,,,,,,False,baseline_only
92894,9.5,1.3352,0.02607,0.0183,-0.0695,0.3152,1.0,-3.5158,0.0,0.0,True,1.4397,0.12606,0.1212,-0.1574,0.2022,1.0,-2.5466,0.0,0.0,True,both_converged
92894,10.0,1.3242,0.02866,0.02051,-0.0597,0.2437,1.0,-3.6427,0.0,0.0,True,1.2538,0.14654,0.1418,-0.17,0.1967,1.0,-1.9794,0.0,0.0,True,both_converged
92894,10.5,1.3129,0.03263,0.02401,-0.0517,0.1878,1.0,-3.7515,0.0,0.0,True,1.264,0.15486,0.15015,-0.17,0.1885,1.0,-2.0281,0.0,0.0,True,both_converged
92894,11.0,1.3126,0.0368,0.02778,-0.046,0.153,1.0,-3.8986,0.0,0.0,True,1.2429,0.16765,0.16291,-0.1773,0.1818,1.0,-1.9179,0.0,0.0,True,both_converged
92894,11.5,1.3247,0.04065,0.03156,-0.0419,0.1284,1.0,-4.0832,0.0,0.0,True,1.2563,0.17517,0.17047,-0.1778,0.1721,1.0,-1.9761,0.0,0.0,True,both_converged
92894,12.0,1.3525,0.04435,0.03505,-0.0391,0.1101,1.0,-4.3212,0.0,0.0,True,1.2559,0.18606,0.18136,-0.1823,0.1678,1.0,-1.9447,0.0,0.0,True,both_converged
92894,12.5,1.3839,0.04818,0.03896,-0.0368,0.0968,1.0,-4.5693,0.0,0.0,True,1.2526,0.19431,0.18962,-0.1885,0.1582,1.0,-1.8937,0.0,0.0,True,both_converged
92894,13.0,1.4261,0.05247,0.04326,-0.0357,0.086,1.0,-4.8726,0.0,0.0,True,1.3023,0.20413,0.19957,-0.1803,0.1537,1.0,-2.1393,0.0,0.0,True,both_converged
92894,13.5,1.4272,0.05737,0.0488,-0.0316,0.0806,1.0,-4.9978,0.0,0.0,True,1.2649,0.21126,0.20663,-0.1976,0.1452,1.0,-1.8702,0.0,0.0,True,both_converged
92894,14.0,1.4603,0.06308,0.0546,-0.0304,0.0745,1.0,-5.2565,0.0,0.0,True,1.2909,0.21918,0.21463,-0.1965,0.1401,1.0,-1.9846,0.0,0.0,True,both_converged
92894,14.5,1.4302,0.0698,0.06206,-0.0261,0.0728,1.0,-5.2416,0.0,0.0,True,1.2882,0.22764,0.22308,-0.205,0.1358,1.0,-1.8929,0.0,0.0,True,both_converged
92894,15.0,1.3957,0.07821,0.0711,-0.024,0.0713,1.0,-5.2028,0.0,0.0,True,1.2996,0.23434,0.22983,-0.2093,0.1282,1.0,-1.9071,0.0,0.0,True,both_converged
92894,15.5,1.3506,0.08878,0.08226,-0.0244,0.0708,1.0,-5.0934,0.0,0.0,True,1.3388,0.24651,0.24215,-0.2042,0.1245,1.0,-2.1145,0.0,0.0,True,both_converged
92894,16.0,1.291,0.10264,0.09668,-0.0285,0.0713,1.0,-4.8778,0.0,0.0,True,1.3223,0.24959,0.24517,-0.2192,0.1194,1.0,-1.8977,0.0,0.0,True,both_converged
92894,16.5,1.2177,0.12163,0.11613,-0.0383,0.0729,1.0,-4.5252,0.0,0.0,True,1.3387,0.25646,0.25211,-0.2223,0.1136,1.0,-1.9462,0.0,0.0,True,both_converged
92894,17.0,1.1455,0.14568,0.14047,-0.0528,0.075,1.0,-4.0517,0.0,0.0,True,1.3816,0.27429,0.27011,-0.2155,0.1105,1.0,-2.3418,0.0,0.0,True,both_converged
92894,17.5,0.7027,0.18927,0.1843,-0.0628,0.1512,1.0,-1.3356,0.0,0.0,True,1.3633,0.27097,0.26671,-0.233,0.1058,1.0,-2.0407,0.0,0.0,True,both_converged
92894,18.0,0.7027,0.1939,0.18897,-0.0649,0.1404,1.0,-1.3204,0.0,0.0,True,1.3795,0.27768,0.27349,-0.2366,0.1008,1.0,-2.2127,0.0,0.0,True,both_converged
92894,18.5,0.6975,0.19992,0.19501,-0.068,0.1344,1.0,-1.2568,0.0,0.0,True,,,,,,,,,,False,baseline_only
92894,19.0,0.7232,0.20686,0.20203,-0.0674,0.1252,1.0,-1.3681,0.0,0.0,True,1.4068,0.29193,0.28786,-0.2472,0.0943,1.0,-2.4296,0.0,0.0,True,both_converged
92894,19.5,0.7046,0.21135,0.20651,-0.0722,0.1192,1.0,-1.2275,0.0,0.0,True,1.422,0.29833,0.29434,-0.2518,0.0893,1.0,-2.5681,0.0,0.0,True,both_converged
92894,20.0,0.73,0.21868,0.21393,-0.0716,0.1118,1.0,-1.3575,0.0,0.0,True,1.4478,0.31179,0.30796,-0.2494,0.086,1.0,-2.9426,0.0,0.0,True,both_converged
92894,20.5,0.7136,0.22301,0.21825,-0.0765,0.106,1.0,-1.2139,0.0,0.0,True,1.4517,0.31284,0.30898,-0.2613,0.0839,1.0,-2.8052,0.0,0.0,True,both_converged
92894,21.0,0.7262,0.22893,0.22422,-0.0774,0.0999,1.0,-1.2623,0.0,0.0,True,1.4661,0.31857,0.31479,-0.2671,0.0783,1.0,-2.89,0.0,0.0,True,both_converged
92894,21.5,0.7254,0.23524,0.23055,-0.0805,0.0963,1.0,-1.2138,0.0,0.0,True,1.4894,0.33268,0.32906,-0.2651,0.0749,1.0,-3.2261,0.0,0.0,True,both_converged
92894,22.0,0.7306,0.24068,0.23605,-0.0827,0.0889,1.0,-1.219,0.0,0.0,True,1.4955,0.3324,0.32874,-0.2779,0.0714,1.0,-3.0088,0.0,0.0,True,both_converged
92894,22.5,0.7504,0.25007,0.24549,-0.0827,0.086,1.0,-1.3181,0.0,0.0,True,1.5132,0.34062,0.33709,-0.2796,0.0653,1.0,-3.166,0.0,0.0,True,both_converged
92894,23.0,0.7372,0.25321,0.24864,-0.0877,0.081,1.0,-1.1687,0.0,0.0,True,1.5261,0.34605,0.34252,-0.2888,0.0593,1.0,-2.9639,0.0,0.0,True,both_converged
92894,23.5,0.7494,0.25939,0.25489,-0.0886,0.0758,1.0,-1.2452,0.0,0.0,True,1.5416,0.35339,0.34986,-0.2943,0.0534,1.0,-2.8482,0.0,0.0,True,both_converged
92894,24.0,0.751,0.26617,0.26169,-0.0914,0.0738,1.0,-1.2091,0.0,0.0,True,,,,,,,,,,False,baseline_only
92894,24.5,0.7515,0.27181,0.26738,-0.0947,0.0689,1.0,-1.1596,0.0,0.0,True,1.5723,0.36698,0.36349,-0.3058,0.0442,1.0,-2.6403,0.0,0.0,True,both_converged
92894,25.0,0.7626,0.27827,0.2739,-0.0957,0.0651,1.0,-1.2277,0.0,0.0,True,1.5873,0.37348,0.37005,-0.3096,0.041,1.0,-2.6533,0.0,0.0,True,both_converged
92894,25.5,0.7624,0.28478,0.28042,-0.0989,0.0631,1.0,-1.162,0.0,0.0,True,1.0223,0.36503,0.36209,-0.1994,0.0461,1.0,-1.4488,0.0,0.0,True,both_converged
92894,26.0,0.7649,0.29084,0.28654,-0.1017,0.059,1.0,-1.1372,0.0,0.0,True,1.0245,0.37336,0.37046,-0.2013,0.0419,1.0,-1.3893,0.0,0.0,True,both_converged
92894,26.5,0.7725,0.29707,0.29282,-0.1033,0.056,1.0,-1.1851,0.0,0.0,True,1.0292,0.38289,0.38002,-0.2021,0.0402,1.0,-1.4015,0.0,0.0,True,both_converged
92894,27.0,0.7775,0.30452,0.30031,-0.1054,0.0546,1.0,-1.1864,0.0,0.0,True,1.0273,0.39115,0.3883,-0.2054,0.0385,1.0,-1.2697,0.0,0.0,True,both_converged
92894,27.5,0.777,0.31026,0.30608,-0.1089,0.051,1.0,-1.112,0.0,0.0,True,1.029,0.39946,0.39666,-0.2073,0.0356,1.0,-1.2714,0.0,0.0,True,both_converged
92894,28.0,0.7823,0.31641,0.3123,-0.1109,0.0481,1.0,-1.1277,0.0,0.0,True,1.0325,0.40848,0.40572,-0.2081,0.0339,1.0,-1.3366,0.0,0.0,True,both_converged
92894,28.5,0.7924,0.32499,0.32092,-0.1119,0.0467,1.0,-1.2004,0.0,0.0,True,1.031,0.41691,0.41418,-0.2112,0.0325,1.0,-1.2472,0.0,0.0,True,both_converged
92894,29.0,0.7881,0.3299,0.32587,-0.116,0.0451,1.0,-1.0899,0.0,0.0,True,1.0319,0.42535,0.42266,-0.2131,0.0304,1.0,-1.2393,0.0,0.0,True,both_converged
92894,29.5,0.7913,0.33626,0.33228,-0.1184,0.042,1.0,-1.0851,0.0,0.0,True,1.0333,0.43344,0.43082,-0.2146,0.0289,1.0,-1.2715,0.0,0.0,True,both_converged
92894,30.0,0.7973,0.34271,0.33879,-0.12,0.0399,1.0,-1.1404,0.0,0.0,True,1.0336,0.44245,0.43986,-0.2164,0.0283,1.0,-1.2608,0.0,0.0,True,both_converged
95204,-30.0,,,,,,,,,,False,,,,,,,,,,False,none_converged
95204,-29.5,-0.896,0.3409,0.33506,0.0999,1.0,0.0259,-1.7499,0.0,0.0,True,-0.8825,0.34232,0.33633,0.0827,1.0,0.0198,-1.5302,0.0,0.0,True,both_converged
95204,-29.0,-0.881,0.33596,0.33009,0.0951,1.0,0.0268,-1.7085,0.0,0.0,True,-0.8678,0.33732,0.33129,0.0776,1.0,0.0203,-1.504,0.0,0.0,True,both_converged
95204,-28.5,-0.8656,0.33099,0.3251,0.0901,1.0,0.0278,-1.6807,0.0,0.0,True,-0.8529,0.33226,0.32621,0.0725,1.0,0.0208,-1.4769,0.0,0.0,True,both_converged
95204,-28.0,-0.8499,0.32603,0.32011,0.0848,1.0,0.0291,-1.6853,0.0,0.0,True,-0.8376,0.32718,0.32109,0.0674,1.0,0.0214,-1.4625,0.0,0.0,True,both_converged
95204,-27.5,,,,,,,,,,False,-0.8218,0.32214,0.31601,0.0622,1.0,0.0218,-1.4598,0.0,0.0,True,optimised_only
95204,-27.0,,,,,,,,,,False,-0.8059,0.31733,0.31117,0.0571,1.0,0.022,-1.4588,0.0,0.0,True,optimised_only
95204,-26.5,,,,,,,,,,False,,,,,,,,,,False,none_converged
95204,-26.0,,,,,,,,,,False,-0.4757,0.25484,0.24959,0.0021,1.0,0.0246,-0.7741,0.0,0.0,True,optimised_only
95204,-25.5,,,,,,,,,,False,-0.4674,0.2504,0.24512,-0.0005,1.0,0.0251,-0.7809,0.0,0.0,True,optimised_only
95204,-25.0,-0.753,0.29554,0.28953,0.0548,1.0,0.0347,-1.6674,0.0,0.0,True,-0.4591,0.24607,0.24075,-0.003,1.0,0.0256,-0.7887,0.0,0.0,True,both_converged
95204,-24.5,,,,,,,,,,False,-0.4509,0.24193,0.23659,-0.0055,1.0,0.026,-0.7998,0.0,0.0,True,optimised_only
95204,-24.0,-0.4255,0.23564,0.23048,0.0029,1.0,0.0405,-0.9666,0.0,0.0,True,-0.443,0.23818,0.23282,-0.008,1.0,0.0263,-0.8166,0.0,0.0,True,both_converged
95204,-23.5,-0.4189,0.23154,0.22636,-0.0002,1.0,0.041,-1.0104,0.0,0.0,True,,,,,,,,,,False,baseline_only
95204,-23.0,-0.4059,0.22507,0.21987,-0.002,1.0,0.0424,-0.9524,0.0,0.0,True,-0.4266,0.22941,0.22403,-0.0122,1.0,0.0268,-0.8021,0.0,0.0,True,both_converged
95204,-22.5,-0.3959,0.22032,0.2151,-0.0044,1.0,0.0442,-0.9386,0.0,0.0,True,-0.4182,0.2251,0.21971,-0.0139,1.0,0.0275,-0.7879,0.0,0.0,True,both_converged
95204,-22.0,-0.3874,0.21603,0.21077,-0.0072,1.0,0.0467,-0.9551,0.0,0.0,True,-0.4101,0.22116,0.21577,-0.0156,1.0,0.0282,-0.7936,0.0,0.0,True,both_converged
95204,-21.5,,,,,,,,,,False,-0.4024,0.21737,0.21198,-0.0172,1.0,0.0292,-0.806,0.0,0.0,True,optimised_only
95204,-21.0,-0.6147,0.24892,0.24286,0.021,1.0,0.0464,-1.5371,0.0,0.0,True,-0.395,0.21375,0.20835,-0.0187,1.0,0.0303,-0.8282,0.0,0.0,True,both_converged
95204,-20.5,,,,,,,,,,False,-0.3886,0.21078,0.20539,-0.0204,1.0,0.031,-0.8744,0.0,0.0,True,optimised_only
95204,-20.0,-0.3497,0.19769,0.19237,-0.0167,1.0,0.0541,-0.9947,0.0,0.0,True,,,,,,,,,,False,baseline_only
95204,-19.5,-0.3515,0.19741,0.19208,-0.0204,1.0,0.0554,-1.1025,0.0,0.0,True,-0.558,0.23586,0.2296,-0.0045,1.0,0.0304,-1.3078,0.0,0.0,True,both_converged
95204,-19.0,-0.3325,0.18875,0.18342,-0.0212,1.0,0.0572,-1.0149,0.0,0.0,True,-0.5423,0.23131,0.22507,-0.0082,1.0,0.0311,-1.3582,0.0,0.0,True,both_converged
95204,-18.5,-0.3214,0.18429,0.17895,-0.023,1.0,0.0604,-0.9924,0.0,0.0,True,-0.3625,0.19635,0.19104,-0.0234,1.0,0.0341,-0.905,0.0,0.0,True,both_converged
95204,-18.0,-0.316,0.18116,0.1758,-0.0256,1.0,0.0637,-1.0434,0.0,0.0,True,-0.3574,0.19327,0.18798,-0.0238,1.0,0.0353,-0.9208,0.0,0.0,True,both_converged
95204,-17.5,,,,,,,,,,False,-0.3535,0.19062,0.18536,-0.0242,1.0,0.0363,-0.9523,0.0,0.0,True,optimised_only
95204,-17.0,-0.4842,0.20217,0.19617,-0.0096,1.0,0.064,-1.5319,0.0,0.0,True,-0.3525,0.1893,0.18406,-0.0248,1.0,0.0368,-1.0135,0.0,0.0,True,both_converged
95204,-16.5,,,,,,,,,,False,-0.4691,0.20352,0.19745,-0.0195,1.0,0.036,-1.3188,0.0,0.0,True,optimised_only
95204,-16.0,-0.4503,0.18808,0.18212,-0.0146,1.0,0.0677,-1.4802,0.0,0.0,True,-0.4586,0.19978,0.19375,-0.0219,1.0,0.0368,-1.3713,0.0,0.0,True,both_converged
95204,-15.5,-0.4352,0.18225,0.1763,-0.0174,1.0,0.0723,-1.462,0.0,0.0,True,-0.3403,0.17873,0.17361,-0.0228,1.0,0.0396,-0.9703,0.0,0.0,True,both_converged
95204,-15.0,-0.4483,0.18263,0.17677,-0.0244,1.0,0.075,-1.6539,0.0,0.0,True,-0.3385,0.17614,0.17104,-0.0222,1.0,0.0411,-0.974,0.0,0.0,True,both_converged
95204,-14.5,-0.4101,0.16956,0.16366,-0.0232,1.0,0.0778,-1.4741,0.0,0.0,True,-0.338,0.17392,0.16885,-0.0218,1.0,0.0426,-0.9953,0.0,0.0,True,both_converged
95204,-14.0,-0.395,0.16342,0.15754,-0.0252,1.0,0.0821,-1.4514,0.0,0.0,True,-0.3408,0.17275,0.16772,-0.0219,1.0,0.0435,-1.0556,0.0,0.0,True,both_converged
95204,-13.5,-0.4029,0.16082,0.15502,-0.0306,1.0,0.0864,-1.5936,0.0,0.0,True,-0.3435,0.17055,0.16559,-0.0217,1.0,0.0439,-1.1011,0.0,0.0,True,both_converged
95204,-13.0,-0.3776,0.15098,0.14519,-0.0306,1.0,0.0893,-1.5031,0.0,0.0,True,-0.3337,0.16384,0.15893,-0.0193,1.0,0.0454,-1.0026,0.0,0.0,True,both_converged
95204,-12.5,-0.3628,0.14488,0.1391,-0.0317,1.0,0.0952,-1.4576,0.0,0.0,True,-0.3313,0.16012,0.15524,-0.018,1.0,0.0472,-0.98,0.0,0.0,True,both_converged
95204,-12.0,-0.3864,0.143,0.13736,-0.0384,1.0,0.0995,-1.6579,0.0,0.0,True,-0.3307,0.15656,0.15174,-0.0171,1.0,0.0496,-0.9995,0.0,0.0,True,both_converged
95204,-11.5,-0.3511,0.13234,0.12668,-0.036,1.0,0.1029,-1.5002,0.0,0.0,True,-0.3371,0.15475,0.14997,-0.0174,1.0,0.0513,-1.0993,0.0,0.0,True,both_converged
95204,-11.0,-0.341,0.12663,0.12103,-0.0367,1.0,0.1097,-1.4845,0.0,0.0,True,-0.3933,0.15254,0.14723,-0.0202,1.0,0.051,-1.3258,0.0,0.0,True,both_converged
95204,-10.5,-0.3847,0.12507,0.11969,-0.0438,1.0,0.1136,-1.754,0.0,0.0,True,-0.4093,0.15317,0.148,-0.0203,1.0,0.0516,-1.4796,0.0,0.0,True,both_converged
95204,-10.0,-0.333,0.11481,0.10935,-0.038,1.0,0.1204,-1.5,0.0,0.0,True,-0.3883,0.14256,0.13743,-0.0164,1.0,0.0544,-1.3332,0.0,0.0,True,both_converged
95204,-9.5,-0.3626,0.1117,0.10644,-0.0407,1.0,0.1275,-1.6478,0.0,0.0,True,-0.3872,0.13842,0.13337,-0.0145,1.0,0.0573,-1.3432,0.0,0.0,True,both_converged
95204,-9.0,-0.3522,0.10431,0.09914,-0.0381,1.0,0.131,-1.5932,0.0,0.0,True,-0.392,0.13547,0.13051,-0.0134,1.0,0.06,-1.4123,0.0,0.0,True,both_converged
95204,-8.5,-0.3525,0.09996,0.09489,-0.035,1.0,0.1391,-1.5549,0.0,0.0,True,-0.4132,0.13589,0.13109,-0.0125,1.0,0.0609,-1.5584,0.0,0.0,True,both_converged
95204,-8.0,-0.4204,0.09884,0.09409,-0.0315,1.0,0.1428,-1.7484,0.0,0.0,True,-0.3983,0.12679,0.12204,-0.0095,1.0,0.0627,-1.4908,0.0,0.0,True,both_converged
95204,-7.5,-0.4051,0.09239,0.08769,-0.0263,1.0,0.1485,-1.6518,0.0,0.0,True,-0.396,0.12211,0.11744,-0.0066,1.0,0.0655,-1.4621,0.0,0.0,True,both_converged
95204,-7.0,-0.4351,0.08911,0.08459,-0.0218,1.0,0.1544,-1.6943,0.0,0.0,True,-0.4031,0.11872,0.11416,-0.0038,1.0,0.0686,-1.4911,0.0,0.0,True,both_converged
95204,-6.5,-0.4739,0.08265,0.07826,-0.0262,1.0,0.1609,-1.8521,0.0,0.0,True,-0.4216,0.11746,0.11302,-0.0024,1.0,0.0713,-1.599,0.0,0.0,True,both_converged
95204,-6.0,-0.468,0.07833,0.074,-0.0208,1.0,0.1669,-1.7701,0.0,0.0,True,-0.4189,0.11272,0.1084,-0.0064,1.0,0.0727,-1.6989,0.0,0.0,True,both_converged
95204,-5.5,-0.4707,0.07124,0.06685,-0.025,1.0,0.179,-1.8157,0.0,0.0,True,-0.4081,0.10567,0.10138,-0.0003,1.0,0.0761,-1.5725,0.0,0.0,True,both_converged
95204,-5.0,-0.3956,0.05504,0.04997,-0.0474,0.9868,0.1636,-1.913,0.0,0.0,True,-0.3896,0.10078,0.09655,-0.0059,1.0,0.083,-1.6021,0.0,0.0,True,both_converged
95204,-4.5,-0.3006,0.03205,0.02397,-0.0663,0.9807,0.1166,-2.3066,0.0,0.0,True,-0.3678,0.09392,0.08976,-0.0093,1.0,0.0876,-1.5878,0.0,0.0,True,both_converged
95204,-4.0,-0.2171,0.02924,0.02057,-0.0727,0.9671,0.132,-2.0592,0.0,0.0,True,-0.3003,0.08651,0.08232,-0.0304,1.0,0.099,-1.6408,0.0,0.0,True,both_converged
95204,-3.5,-0.1357,0.02744,0.01845,-0.0784,0.952,0.1533,-1.7984,0.0,0.0,True,-0.288,0.08056,0.07643,-0.0236,1.0,0.1041,-1.4958,0.0,0.0,True,both_converged
95204,-3.0,-0.0558,0.02597,0.01685,-0.0835,0.9361,0.1823,-1.5567,0.0,0.0,True,-0.2186,0.07286,0.0687,-0.038,1.0,0.1176,-1.4264,0.0,0.0,True,both_converged
95204,-2.5,0.0222,0.0249,0.0157,-0.0879,0.9193,0.225,-1.3249,0.0,0.0,True,-0.1437,0.066,0.06178,-0.051,1.0,0.137,-1.3384,0.0,0.0,True,both_converged
95204,-2.0,0.0982,0.0238,0.01491,-0.0919,0.9024,0.2845,-1.1055,0.0,0.0,True,-0.0392,0.05846,0.05413,-0.0709,1.0,0.1649,-1.2608,0.0,0.0,True,both_converged
95204,-1.5,0.1732,0.02262,0.01417,-0.0955,0.8857,0.3803,-0.9067,0.0,0.0,True,0.0664,0.05215,0.04767,-0.0884,1.0,0.1984,-1.1229,0.0,0.0,True,both_converged
95204,-1.0,0.24,0.02066,0.01377,-0.0963,0.8702,0.6962,-0.7364,0.0,0.0,True,0.5508,0.02994,0.02233,-0.1872,0.9711,0.2441,-0.8318,0.0,0.0,True,both_converged
95204,-0.5,0.3272,0.01984,0.01301,-0.1003,0.8546,1.0,-0.6374,0.0,0.0,True,0.741,0.02278,0.01552,-0.2059,0.8947,0.3626,-0.9848,0.0,0.0,True,both_converged
95204,0.0,0.3992,0.01959,0.0124,-0.1026,0.8369,1.0,-0.6883,0.0,0.0,True,0.8195,0.02173,0.01181,-0.2035,0.3482,0.422,-1.1152,0.0,0.0,True,both_converged
95204,0.5,0.468,0.01929,0.01184,-0.1042,0.819,1.0,-0.7397,0.0,0.0,True,0.8692,0.02295,0.01269,-0.2015,0.3106,0.4655,-1.2166,0.0,0.0,True,both_converged
95204,1.0,0.5348,0.01898,0.01133,-0.1052,0.801,1.0,-0.7924,0.0,0.0,True,0.9295,0.02412,0.01346,-0.2016,0.2843,0.5128,-1.3401,0.0,0.0,True,both_converged
95204,1.5,0.5999,0.01871,0.01089,-0.1058,0.7828,1.0,-0.8468,0.0,0.0,True,0.989,0.02527,0.01444,-0.2018,0.2648,0.5611,-1.463,0.0,0.0,True,both_converged
95204,2.0,0.6502,0.01905,0.01113,-0.1043,0.7588,1.0,-0.893,0.0,0.0,True,1.0472,0.02647,0.01548,-0.2017,0.2478,0.6138,-1.5975,0.0,0.0,True,both_converged
95204,2.5,0.7092,0.01908,0.01106,-0.1041,0.7385,1.0,-0.9492,0.0,0.0,True,1.1051,0.02781,0.0168,-0.2017,0.2344,0.6788,-1.7317,0.0,0.0,True,both_converged
95204,3.0,0.7691,0.01915,0.01103,-0.1039,0.719,1.0,-1.0107,0.0,0.0,True,1.1561,0.02852,0.01792,-0.2002,0.2215,1.0,-1.8715,0.0,0.0,True,both_converged
95204,3.5,0.8193,0.01971,0.01157,-0.1026,0.6962,1.0,-1.0723,0.0,0.0,True,1.2166,0.03077,0.02018,-0.2008,0.2103,1.0,-2.0152,0.0,0.0,True,both_converged
95204,4.0,0.8732,0.02015,0.01199,-0.1017,0.6748,1.0,-1.1642,0.0,0.0,True,1.2719,0.0332,0.02252,-0.2005,0.1997,1.0,-2.175,0.0,0.0,True,both_converged
95204,4.5,0.9296,0.02053,0.01234,-0.1011,0.6546,1.0,-1.2955,0.0,0.0,True,1.325,0.03568,0.02525,-0.1994,0.1904,1.0,-2.3239,0.0,0.0,True,both_converged
95204,5.0,0.9786,0.02126,0.01314,-0.0997,0.632,1.0,-1.4435,0.0,0.0,True,1.3747,0.03884,0.0287,-0.198,0.1815,1.0,-2.4786,0.0,0.0,True,both_converged
95204,5.5,1.0301,0.02185,0.01378,-0.0984,0.6092,1.0,-1.621,0.0,0.0,True,1.4223,0.04213,0.03233,-0.1961,0.1738,1.0,-2.6282,0.0,0.0,True,both_converged
95204,6.0,1.0831,0.0223,0.01426,-0.0972,0.5858,1.0,-1.8264,0.0,0.0,True,1.4653,0.04631,0.0369,-0.1937,0.1666,1.0,-2.7794,0.0,0.0,True,both_converged
95204,6.5,1.1325,0.02266,0.01465,-0.0953,0.558,1.0,-2.0492,0.0,0.0,True,1.5007,0.05171,0.04308,-0.1898,0.1604,1.0,-2.8814,0.0,0.0,True,both_converged
95204,7.0,1.1788,0.023,0.01507,-0.0928,0.5277,1.0,-2.2858,0.0,0.0,True,1.5442,0.05521,0.04648,-0.1882,0.1543,1.0,-3.0927,0.0,0.0,True,both_converged
95204,7.5,1.224,0.0233,0.01542,-0.0902,0.4959,1.0,-2.5433,0.0,0.0,True,1.553,0.06421,0.05672,-0.1808,0.1506,1.0,-3.0898,0.0,0.0,True,both_converged
95204,8.0,1.2664,0.02355,0.01573,-0.0871,0.4612,1.0,-2.812,0.0,0.0,True,1.552,0.07439,0.06778,-0.1735,0.1499,1.0,-3.0681,0.0,0.0,True,both_converged
95204,8.5,1.3008,0.02395,0.01624,-0.0828,0.4217,1.0,-3.0713,0.0,0.0,True,1.5379,0.08516,0.07922,-0.166,0.1506,1.0,-3.0293,0.0,0.0,True,both_converged
95204,9.0,1.3257,0.02455,0.01691,-0.0772,0.374,1.0,-3.3166,0.0,0.0,True,1.5585,0.09599,0.09013,-0.1635,0.1537,1.0,-3.1302,0.0,0.0,True,both_converged
95204,9.5,,,,,,,,,,False,1.3916,0.12501,0.12028,-0.1548,0.2017,1.0,-2.4324,0.0,0.0,True,optimised_only
95204,10.0,1.3241,0.02844,0.02027,-0.0597,0.2406,1.0,-3.6468,0.0,0.0,True,1.2565,0.14552,0.14084,-0.1694,0.1926,1.0,-1.9973,0.0,0.0,True,both_converged
95204,10.5,1.313,0.03242,0.0238,-0.0518,0.1848,1.0,-3.7567,0.0,0.0,True,1.3485,0.14638,0.14182,-0.1542,0.1861,1.0,-2.3766,0.0,0.0,True,both_converged
95204,11.0,1.3128,0.03658,0.02761,-0.0461,0.1505,1.0,-3.9034,0.0,0.0,True,1.24,0.16722,0.16254,-0.178,0.1774,1.0,-1.9098,0.0,0.0,True,both_converged
95204,11.5,1.3244,0.04043,0.03133,-0.042,0.1267,1.0,-4.0899,0.0,0.0,True,1.2806,0.17306,0.16848,-0.1718,0.1705,1.0,-2.1049,0.0,0.0,True,both_converged
95204,12.0,1.3488,0.04414,0.03496,-0.0389,0.109,1.0,-4.3139,0.0,0.0,True,1.2432,0.1859,0.18123,-0.1856,0.1629,1.0,-1.8812,0.0,0.0,True,both_converged
95204,12.5,1.3786,0.04792,0.0388,-0.0365,0.0959,1.0,-4.5575,0.0,0.0,True,1.2624,0.19328,0.18869,-0.1857,0.1562,1.0,-1.9566,0.0,0.0,True,both_converged
95204,13.0,1.4177,0.05207,0.04297,-0.0351,0.0854,1.0,-4.8513,0.0,0.0,True,1.2637,0.20328,0.19869,-0.1911,0.1516,1.0,-1.9162,0.0,0.0,True,both_converged
95204,13.5,1.4245,0.05682,0.04827,-0.0315,0.0794,1.0,-5.0046,0.0,0.0,True,1.2686,0.21065,0.20608,-0.1964,0.1429,1.0,-1.9004,0.0,0.0,True,both_converged
95204,14.0,1.451,0.06247,0.0541,-0.0298,0.0739,1.0,-5.234,0.0,0.0,True,1.3121,0.22075,0.21633,-0.1898,0.139,1.0,-2.1217,0.0,0.0,True,both_converged
95204,14.5,1.4263,0.06924,0.06156,-0.0261,0.0717,1.0,-5.2395,0.0,0.0,True,1.2855,0.22691,0.2224,-0.2061,0.1323,1.0,-1.8756,0.0,0.0,True,both_converged
95204,15.0,1.3985,0.0773,0.0702,-0.0241,0.0698,1.0,-5.2341,0.0,0.0,True,1.3049,0.23422,0.22979,-0.2074,0.1265,1.0,-1.9547,0.0,0.0,True,both_converged
95204,15.5,1.3583,0.08744,0.0809,-0.0242,0.0691,1.0,-5.1504,0.0,0.0,True,1.337,0.24725,0.24292,-0.2047,0.1239,1.0,-2.0993,0.0,0.0,True,both_converged
95204,16.0,1.2963,0.10143,0.0955,-0.0283,0.0697,1.0,-4.9223,0.0,0.0,True,1.3225,0.24914,0.24477,-0.2192,0.1168,1.0,-1.9037,0.0,0.0,True,both_converged
95204,16.5,1.2123,0.12224,0.11683,-0.0394,0.0719,1.0,-4.5002,0.0,0.0,True,1.3434,0.25682,0.25255,-0.2201,0.1122,1.0,-1.9982,0.0,0.0,True,both_converged
95204,17.0,1.1237,0.15116,0.14605,-0.0575,0.0753,1.0,-3.8733,0.0,0.0,True,1.3654,0.26912,0.26492,-0.2213,0.1101,1.0,-2.1458,0.0,0.0,True,both_converged
95204,17.5,1.0025,0.21866,0.21335,-0.0973,0.1376,1.0,-2.0735,0.0,0.0,True,1.3636,0.27056,0.26636,-0.233,0.1035,1.0,-2.051,0.0,0.0,True,both_converged
95204,18.0,1.0,0.22464,0.21932,-0.1042,0.1275,1.0,-1.9912,0.0,0.0,True,1.3825,0.27797,0.27385,-0.2349,0.0994,1.0,-2.2784,0.0,0.0,True,both_converged
95204,18.5,1.0145,0.23316,0.22784,-0.1077,0.1231,1.0,-2.0138,0.0,0.0,True,1.4058,0.29139,0.28738,-0.2351,0.0974,1.0,-2.5516,0.0,0.0,True,both_converged
95204,19.0,1.0285,0.23913,0.23385,-0.1114,0.1131,1.0,-2.05,0.0,0.0,True,1.4067,0.29154,0.28752,-0.2475,0.0921,1.0,-2.4287,0.0,0.0,True,both_converged
95204,19.5,1.0352,0.24694,0.24164,-0.1176,0.1085,1.0,-1.9914,0.0,0.0,True,1.4236,0.29833,0.29439,-0.2507,0.0879,1.0,-2.6178,0.0,0.0,True,both_converged
95204,20.0,1.051,0.25323,0.24797,-0.1213,0.101,1.0,-2.0228,0.0,0.0,True,,,,,,,,,,False,baseline_only
95204,20.5,1.0658,0.26116,0.2559,-0.1252,0.097,1.0,-2.048,0.0,0.0,True,1.0107,0.28612,0.2827,-0.1769,0.0861,1.0,-1.6816,0.0,0.0,True,both_converged
95204,21.0,1.0767,0.26684,0.26159,-0.131,0.0895,1.0,-2.0339,0.0,0.0,True,1.0022,0.29183,0.28844,-0.1812,0.0841,1.0,-1.615,0.0,0.0,True,both_converged
95204,21.5,1.1146,0.28068,0.27555,-0.1278,0.0861,1.0,-2.2793,0.0,0.0,True,1.0035,0.29862,0.2953,-0.1837,0.0792,1.0,-1.6558,0.0,0.0,True,both_converged
95204,22.0,1.1036,0.28044,0.27523,-0.141,0.0806,1.0,-2.0217,0.0,0.0,True,1.0148,0.30699,0.30377,-0.1836,0.0752,1.0,-1.84,0.0,0.0,True,both_converged
95204,22.5,1.1255,0.2873,0.28216,-0.1423,0.0758,1.0,-2.1589,0.0,0.0,True,1.011,0.31431,0.31113,-0.187,0.0736,1.0,-1.7854,0.0,0.0,True,both_converged
95204,23.0,1.1362,0.2943,0.28915,-0.1485,0.0737,1.0,-2.117,0.0,0.0,True,1.0121,0.32145,0.31835,-0.1895,0.0677,1.0,-1.7823,0.0,0.0,True,both_converged
95204,23.5,1.1478,0.29967,0.29454,-0.1552,0.0684,1.0,-2.0785,0.0,0.0,True,1.0197,0.33132,0.32828,-0.19,0.0643,1.0,-1.855,0.0,0.0,True,both_converged
95204,24.0,1.1704,0.30783,0.30278,-0.1557,0.0649,1.0,-2.2442,0.0,0.0,True,1.0169,0.33814,0.33515,-0.1934,0.0577,1.0,-1.7191,0.0,0.0,True,both_converged
95204,24.5,1.1773,0.31243,0.30734,-0.1646,0.0623,1.0,-2.1052,0.0,0.0,True,1.0182,0.3474,0.34443,-0.1956,0.0532,1.0,-1.6074,0.0,0.0,True,both_converged
95204,25.0,1.1916,0.31819,0.31313,-0.1699,0.0582,1.0,-2.1147,0.0,0.0,True,1.0286,0.35784,0.35495,-0.1952,0.0475,1.0,-1.666,0.0,0.0,True,both_converged
95204,25.5,1.2102,0.3253,0.32031,-0.1719,0.0556,1.0,-2.2482,0.0,0.0,True,1.0221,0.36498,0.36207,-0.1996,0.0445,1.0,-1.4341,0.0,0.0,True,both_converged
95204,26.0,1.2215,0.33117,0.32618,-0.1786,0.0542,1.0,-2.1936,0.0,0.0,True,1.0258,0.3731,0.37024,-0.2009,0.0409,1.0,-1.4212,0.0,0.0,True,both_converged
95204,26.5,1.2343,0.33608,0.33111,-0.1853,0.05,1.0,-2.1553,0.0,0.0,True,1.027,0.3824,0.37956,-0.2029,0.0398,1.0,-1.3485,0.0,0.0,True,both_converged
95204,27.0,1.2501,0.34205,0.33713,-0.1886,0.0476,1.0,-2.2447,0.0,0.0,True,1.0273,0.39108,0.38827,-0.2055,0.0373,1.0,-1.2667,0.0,0.0,True,both_converged
95204,27.5,1.2658,0.35082,0.34594,-0.1919,0.0465,1.0,-2.3033,0.0,0.0,True,1.0299,0.39909,0.39634,-0.207,0.0346,1.0,-1.3037,0.0,0.0,True,both_converged
95204,28.0,1.2757,0.35335,0.34847,-0.2009,0.0441,1.0,-2.1597,0.0,0.0,True,1.0308,0.40816,0.40543,-0.2089,0.0336,1.0,-1.2877,0.0,0.0,True,both_converged
95204,28.5,1.2894,0.35858,0.35375,-0.2058,0.0414,1.0,-2.2042,0.0,0.0,True,1.0311,0.41686,0.41417,-0.2113,0.0314,1.0,-1.2439,0.0,0.0,True,both_converged
95204,29.0,1.3056,0.36728,0.36254,-0.2073,0.0397,1.0,-2.3761,0.0,0.0,True,1.0323,0.42506,0.42241,-0.213,0.0296,1.0,-1.2545,0.0,0.0,True,both_converged
95204,29.5,1.3153,0.36979,0.36503,-0.2161,0.0387,1.0,-2.2439,0.0,0.0,True,,,,,,,,,,False,baseline_only
95204,30.0,1.3279,0.37475,0.37002,-0.2222,0.0364,1.0,-2.2224,0.0,0.0,True,1.0331,0.44247,0.4399,-0.2168,0.0278,1.0,-1.2296,0.0,0.0,True,both_converged
97080,-30.0,,,,,,,,,,False,,,,,,,,,,False,none_converged
97080,-29.5,-0.5149,0.29052,0.28576,0.0345,1.0,0.0276,-0.8801,0.0,0.0,True,-0.8823,0.34229,0.33635,0.0827,1.0,0.0194,-1.5375,0.0,0.0,True,both_converged
97080,-29.0,-0.5075,0.28534,0.28054,0.0315,1.0,0.0287,-0.8843,0.0,0.0,True,-0.8678,0.33729,0.33132,0.0775,1.0,0.0198,-1.5077,0.0,0.0,True,both_converged
97080,-28.5,-0.5006,0.28049,0.27565,0.0284,1.0,0.0295,-0.9079,0.0,0.0,True,-0.8528,0.33224,0.32625,0.0725,1.0,0.0203,-1.4779,0.0,0.0,True,both_converged
97080,-28.0,-0.4934,0.27526,0.2704,0.0254,1.0,0.03,-0.9266,0.0,0.0,True,-0.8376,0.32715,0.32112,0.0674,1.0,0.021,-1.4588,0.0,0.0,True,both_converged
97080,-27.5,-0.4845,0.26972,0.26482,0.0228,1.0,0.031,-0.9006,0.0,0.0,True,-0.822,0.32204,0.31597,0.0624,1.0,0.0215,-1.4495,0.0,0.0,True,both_converged
97080,-27.0,-0.4761,0.26466,0.25973,0.02,1.0,0.0323,-0.8986,0.0,0.0,True,-0.8061,0.31698,0.31089,0.0573,1.0,0.0218,-1.4417,0.0,0.0,True,both_converged
97080,-26.5,-0.4678,0.25964,0.25467,0.0171,1.0,0.0337,-0.9069,0.0,0.0,True,-0.79,0.31212,0.306,0.0522,1.0,0.022,-1.4363,0.0,0.0,True,both_converged
97080,-26.0,-0.4604,0.25514,0.25014,0.0139,1.0,0.0346,-0.9399,0.0,0.0,True,,,,,,,,,,False,baseline_only
97080,-25.5,,,,,,,,,,False,-0.4673,0.2503,0.24507,-0.0005,1.0,0.0246,-0.7801,0.0,0.0,True,optimised_only
97080,-25.0,-0.4421,0.24447,0.23941,0.0087,1.0,0.0364,-0.9176,0.0,0.0,True,-0.459,0.24593,0.24066,-0.003,1.0,0.0251,-0.7845,0.0,0.0,True,both_converged
97080,-24.5,-0.4328,0.2396,0.23452,0.0061,1.0,0.0383,-0.9183,0.0,0.0,True,-0.4507,0.24166,0.23638,-0.0054,1.0,0.0257,-0.7901,0.0,0.0,True,both_converged
97080,-24.0,-0.4242,0.23496,0.22984,0.0032,1.0,0.04,-0.9427,0.0,0.0,True,-0.4425,0.23762,0.23232,-0.0079,1.0,0.026,-0.7997,0.0,0.0,True,both_converged
97080,-23.5,,,,,,,,,,False,-0.4348,0.234,0.22868,-0.0103,1.0,0.0263,-0.8161,0.0,0.0,True,optimised_only
97080,-23.0,-0.6839,0.27184,0.26584,0.038,1.0,0.0395,-1.5772,0.0,0.0,True,-0.6752,0.27417,0.26795,0.0214,1.0,0.0249,-1.2962,0.0,0.0,True,both_converged
97080,-22.5,-0.6689,0.26821,0.26222,0.0321,1.0,0.0406,-1.644,0.0,0.0,True,-0.6582,0.26877,0.26254,0.0173,1.0,0.0256,-1.2795,0.0,0.0,True,both_converged
97080,-22.0,-0.6509,0.26087,0.25488,0.0284,1.0,0.0413,-1.6076,0.0,0.0,True,-0.6411,0.26357,0.25734,0.013,1.0,0.0261,-1.3042,0.0,0.0,True,both_converged
97080,-21.5,-0.6321,0.25433,0.24833,0.0253,1.0,0.0428,-1.5349,0.0,0.0,True,,,,,,,,,,False,baseline_only
97080,-21.0,-0.6144,0.24863,0.24262,0.0213,1.0,0.0453,-1.5246,0.0,0.0,True,-0.3949,0.21359,0.20825,-0.0187,1.0,0.0295,-0.8227,0.0,0.0,True,both_converged
97080,-20.5,-0.6007,0.24518,0.23918,0.0153,1.0,0.0474,-1.6142,0.0,0.0,True,-0.3879,0.21016,0.20483,-0.0201,1.0,0.0306,-0.8521,0.0,0.0,True,both_converged
97080,-20.0,-0.5827,0.23757,0.23159,0.0119,1.0,0.0482,-1.5948,0.0,0.0,True,-0.3824,0.20766,0.20233,-0.0217,1.0,0.0311,-0.9087,0.0,0.0,True,both_converged
97080,-19.5,-0.5629,0.23066,0.22467,0.0094,1.0,0.0501,-1.5207,0.0,0.0,True,-0.5579,0.23567,0.22947,-0.0044,1.0,0.0297,-1.298,0.0,0.0,True,both_converged
97080,-19.0,-0.5455,0.22479,0.21879,0.0058,1.0,0.0527,-1.4993,0.0,0.0,True,-0.5418,0.2305,0.22431,-0.0077,1.0,0.0307,-1.3254,0.0,0.0,True,both_converged
97080,-18.5,-0.5336,0.22096,0.21498,0.0002,1.0,0.0552,-1.5689,0.0,0.0,True,-0.5272,0.22652,0.22037,-0.0116,1.0,0.0312,-1.391,0.0,0.0,True,both_converged
97080,-18.0,-0.5158,0.21319,0.20723,-0.0026,1.0,0.0565,-1.5362,0.0,0.0,True,-0.3574,0.19315,0.18791,-0.0237,1.0,0.0344,-0.9193,0.0,0.0,True,both_converged
97080,-17.5,-0.4959,0.20651,0.20055,-0.0048,1.0,0.0593,-1.4735,0.0,0.0,True,-0.353,0.19023,0.18502,-0.024,1.0,0.0356,-0.938,0.0,0.0,True,both_converged
97080,-17.0,-0.4806,0.20079,0.19485,-0.0085,1.0,0.0628,-1.487,0.0,0.0,True,-0.3503,0.18797,0.18278,-0.0243,1.0,0.0366,-0.9784,0.0,0.0,True,both_converged
97080,-16.5,-0.4842,0.20059,0.19471,-0.0154,1.0,0.0646,-1.6618,0.0,0.0,True,-0.3514,0.18736,0.1822,-0.0249,1.0,0.0369,-1.0495,0.0,0.0,True,both_converged
97080,-16.0,-0.452,0.1881,0.1822,-0.0151,1.0,0.0666,-1.5067,0.0,0.0,True,-0.3451,0.18218,0.17707,-0.0238,1.0,0.0375,-1.0129,0.0,0.0,True,both_converged
97080,-15.5,-0.4346,0.18191,0.17601,-0.0172,1.0,0.0706,-1.457,0.0,0.0,True,-0.341,0.17874,0.17366,-0.0228,1.0,0.0387,-0.9817,0.0,0.0,True,both_converged
97080,-15.0,-0.436,0.17955,0.17371,-0.023,1.0,0.0747,-1.5782,0.0,0.0,True,-0.3388,0.17605,0.171,-0.0221,1.0,0.0401,-0.9762,0.0,0.0,True,both_converged
97080,-14.5,-0.414,0.16987,0.16404,-0.0241,1.0,0.0766,-1.5145,0.0,0.0,True,-0.3376,0.17355,0.16854,-0.0215,1.0,0.0417,-0.9841,0.0,0.0,True,both_converged
97080,-14.0,-0.3951,0.16316,0.15734,-0.0252,1.0,0.0804,-1.4559,0.0,0.0,True,-0.3378,0.1713,0.16632,-0.0212,1.0,0.043,-1.0163,0.0,0.0,True,both_converged
97080,-13.5,-0.3899,0.15825,0.15247,-0.0289,1.0,0.0856,-1.5135,0.0,0.0,True,-0.343,0.17058,0.16565,-0.0215,1.0,0.0436,-1.092,0.0,0.0,True,both_converged
97080,-13.0,-0.3887,0.15214,0.14643,-0.0324,1.0,0.0878,-1.586,0.0,0.0,True,-0.3364,0.16445,0.15958,-0.0197,1.0,0.0444,-1.0398,0.0,0.0,True,both_converged
97080,-12.5,-0.3625,0.14454,0.13883,-0.0317,1.0,0.0931,-1.4596,0.0,0.0,True,-0.3322,0.16009,0.15526,-0.018,1.0,0.0461,-0.9911,0.0,0.0,True,both_converged
97080,-12.0,-0.3704,0.14072,0.13508,-0.0362,1.0,0.0989,-1.5658,0.0,0.0,True,-0.3306,0.15635,0.15158,-0.0169,1.0,0.0482,-0.9937,0.0,0.0,True,both_converged
97080,-11.5,-0.3597,0.13268,0.1271,-0.0373,1.0,0.1013,-1.5584,0.0,0.0,True,-0.3323,0.15316,0.14843,-0.0164,1.0,0.0507,-1.0496,0.0,0.0,True,both_converged
97080,-11.0,-0.3396,0.12618,0.12063,-0.0366,1.0,0.1071,-1.4804,0.0,0.0,True,-0.3452,0.15267,0.14801,-0.0171,1.0,0.0516,-1.1877,0.0,0.0,True,both_converged
97080,-10.5,-0.3698,0.12356,0.11818,-0.0422,1.0,0.1133,-1.6805,0.0,0.0,True,-0.3305,0.14418,0.13958,-0.0141,1.0,0.0538,-1.0939,0.0,0.0,True,both_converged
97080,-10.0,-0.3361,0.11451,0.10913,-0.0384,1.0,0.1182,-1.5226,0.0,0.0,True,-0.3285,0.13982,0.13528,-0.0126,1.0,0.0566,-1.0971,0.0,0.0,True,both_converged
97080,-9.5,-0.3404,0.10975,0.10448,-0.0386,1.0,0.1256,-1.5471,0.0,0.0,True,-0.3305,0.13593,0.13144,-0.0118,1.0,0.0595,-1.1468,0.0,0.0,True,both_converged
97080,-9.0,-0.4116,0.10898,0.10406,-0.0407,1.0,0.1282,-1.8337,0.0,0.0,True,-0.3452,0.13458,0.13017,-0.0121,1.0,0.0608,-1.2791,0.0,0.0,True,both_converged
97080,-8.5,-0.3506,0.09944,0.09442,-0.035,1.0,0.1358,-1.553,0.0,0.0,True,-0.4024,0.13329,0.1285,-0.012,1.0,0.0606,-1.499,0.0,0.0,True,both_converged
97080,-8.0,-0.3982,0.09723,0.09245,-0.0317,1.0,0.142,-1.6808,0.0,0.0,True,-0.4306,0.13411,0.12947,-0.0098,1.0,0.061,-1.6439,0.0,0.0,True,both_converged
97080,-7.5,-0.477,0.09414,0.08959,-0.0352,1.0,0.1435,-1.9751,0.0,0.0,True,-0.3986,0.12217,0.11756,-0.0066,1.0,0.064,-1.4834,0.0,0.0,True,both_converged
97080,-7.0,-0.4347,0.08868,0.0842,-0.0216,1.0,0.1508,-1.6966,0.0,0.0,True,-0.4025,0.11839,0.11387,-0.0036,1.0,0.0669,-1.4881,0.0,0.0,True,both_converged
97080,-6.5,-0.4834,0.08191,0.07749,-0.0307,1.0,0.1599,-1.9353,0.0,0.0,True,-0.416,0.11572,0.1113,-0.0005,1.0,0.0699,-1.5418,0.0,0.0,True,both_converged
97080,-6.0,-0.4714,0.07752,0.07322,-0.0222,1.0,0.1642,-1.8007,0.0,0.0,True,-0.4139,0.11467,0.11037,-0.0126,1.0,0.0721,-1.7708,0.0,0.0,True,both_converged
97080,-5.5,-0.4627,0.06986,0.06545,-0.0287,0.998,0.1781,-1.8332,0.0,0.0,True,-0.4088,0.10559,0.10136,-0.0016,1.0,0.0746,-1.6053,0.0,0.0,True,both_converged
97080,-5.0,-0.3953,0.06179,0.05719,-0.0394,0.9848,0.1993,-1.7056,0.0,0.0,True,-0.3942,0.10026,0.09608,-0.0023,1.0,0.0798,-1.5674,0.0,0.0,True,both_converged
97080,-4.5,-0.2936,0.03146,0.02329,-0.0674,0.9781,0.1158,-2.308,0.0,0.0,True,-0.362,0.09358,0.08946,-0.013,1.0,0.0863,-1.6279,0.0,0.0,True,both_converged
97080,-4.0,-0.2109,0.0288,0.0201,-0.0737,0.9644,0.1313,-2.0559,0.0,0.0,True,-0.3339,0.08774,0.08364,-0.015,1.0,0.095,-1.5434,0.0,0.0,True,both_converged
97080,-3.5,-0.1299,0.02706,0.0181,-0.0792,0.9494,0.1527,-1.7918,0.0,0.0,True,-0.2838,0.08009,0.076,-0.0255,1.0,0.1024,-1.512,0.0,0.0,True,both_converged
97080,-3.0,-0.0501,0.02562,0.01653,-0.0843,0.9338,0.182,-1.5485,0.0,0.0,True,-0.2107,0.07227,0.06813,-0.041,1.0,0.1163,-1.4411,0.0,0.0,True,both_converged
97080,-2.5,0.0282,0.02454,0.01539,-0.0887,0.9174,0.225,-1.3157,0.0,0.0,True,-0.1402,0.06559,0.0614,-0.0523,1.0,0.1346,-1.3454,0.0,0.0,True,both_converged
97080,-2.0,0.1043,0.02343,0.01459,-0.0927,0.9008,0.2853,-1.0962,0.0,0.0,True,0.1005,0.04692,0.04204,-0.1112,1.0,0.1169,-1.4713,0.0,0.0,True,both_converged
97080,-1.5,0.1797,0.02222,0.01385,-0.0963,0.8845,0.3822,-0.8971,0.0,0.0,True,0.3797,0.03182,0.02418,-0.1659,1.0,0.1444,-1.3688,0.0,0.0,True,both_converged
97080,-1.0,0.2456,0.02023,0.01343,-0.0969,0.8693,0.7113,-0.7283,0.0,0.0,True,0.5544,0.02953,0.02195,-0.1877,0.9661,0.244,-0.8267,0.0,0.0,True,both_converged
97080,-0.5,,,,,,,,,,False,0.7592,0.02126,0.01405,-0.208,0.8806,0.3672,-1.0052,0.0,0.0,True,optimised_only
97080,0.0,0.405,0.01915,0.01201,-0.1032,0.8361,1.0,-0.6927,0.0,0.0,True,0.8213,0.02161,0.01171,-0.2039,0.3434,0.4196,-1.1174,0.0,0.0,True,both_converged
97080,0.5,0.4735,0.01883,0.01144,-0.1047,0.8183,1.0,-0.7441,0.0,0.0,True,0.8714,0.02283,0.01255,-0.202,0.3073,0.4634,-1.2201,0.0,0.0,True,both_converged
97080,1.0,0.5399,0.01851,0.01092,-0.1056,0.8003,1.0,-0.7967,0.0,0.0,True,0.9306,0.02396,0.01334,-0.2019,0.2817,0.51,-1.342,0.0,0.0,True,both_converged
97080,1.5,0.5967,0.01855,0.01081,-0.105,0.7787,1.0,-0.8451,0.0,0.0,True,0.9896,0.02511,0.01432,-0.202,0.2624,0.5575,-1.465,0.0,0.0,True,both_converged
97080,2.0,0.6535,0.01862,0.01076,-0.1045,0.7572,1.0,-0.8962,0.0,0.0,True,1.0474,0.02629,0.01536,-0.2019,0.2458,0.609,-1.5994,0.0,0.0,True,both_converged
97080,2.5,0.7131,0.01863,0.01065,-0.1043,0.7372,1.0,-0.9531,0.0,0.0,True,1.105,0.02759,0.01667,-0.2017,0.2325,0.6724,-1.7329,0.0,0.0,True,both_converged
97080,3.0,0.7715,0.01878,0.0107,-0.104,0.7173,1.0,-1.0135,0.0,0.0,True,1.1569,0.02849,0.01787,-0.2005,0.2199,1.0,-1.8766,0.0,0.0,True,both_converged
97080,3.5,0.821,0.01935,0.01126,-0.1025,0.6939,1.0,-1.0746,0.0,0.0,True,1.2165,0.03049,0.01992,-0.2009,0.2086,1.0,-2.0201,0.0,0.0,True,both_converged
97080,4.0,0.8764,0.01973,0.0116,-0.1019,0.6731,1.0,-1.169,0.0,0.0,True,1.2717,0.03288,0.0223,-0.2005,0.198,1.0,-2.1767,0.0,0.0,True,both_converged
97080,4.5,0.9333,0.02011,0.01193,-0.1014,0.6531,1.0,-1.3022,0.0,0.0,True,1.3253,0.03529,0.02481,-0.1997,0.189,1.0,-2.3338,0.0,0.0,True,both_converged
97080,5.0,0.9797,0.02093,0.01285,-0.0996,0.6294,1.0,-1.4467,0.0,0.0,True,1.3748,0.03846,0.02838,-0.198,0.1798,1.0,-2.4826,0.0,0.0,True,both_converged
97080,5.5,1.0332,0.02143,0.01337,-0.0986,0.6074,1.0,-1.6286,0.0,0.0,True,1.4236,0.04143,0.03153,-0.1965,0.1724,1.0,-2.6471,0.0,0.0,True,both_converged
97080,6.0,1.0826,0.02203,0.01404,-0.0969,0.5828,1.0,-1.8267,0.0,0.0,True,1.4652,0.04593,0.03663,-0.1937,0.1649,1.0,-2.7802,0.0,0.0,True,both_converged
97080,6.5,1.136,0.02223,0.0142,-0.0955,0.5561,1.0,-2.0603,0.0,0.0,True,1.5033,0.05063,0.04192,-0.1903,0.1587,1.0,-2.9072,0.0,0.0,True,both_converged
97080,7.0,1.1813,0.02261,0.01467,-0.093,0.5256,1.0,-2.295,0.0,0.0,True,1.5421,0.05513,0.04653,-0.1879,0.1529,1.0,-3.0864,0.0,0.0,True,both_converged
97080,7.5,1.2259,0.02293,0.01507,-0.0903,0.4937,1.0,-2.5512,0.0,0.0,True,1.5518,0.06406,0.05669,-0.1806,0.1492,1.0,-3.0828,0.0,0.0,True,both_converged
97080,8.0,1.2684,0.02322,0.01538,-0.0873,0.4593,1.0,-2.8207,0.0,0.0,True,1.5509,0.07413,0.06762,-0.1733,0.1483,1.0,-3.0635,0.0,0.0,True,both_converged
97080,8.5,1.3007,0.02368,0.01602,-0.0827,0.4193,1.0,-3.0736,0.0,0.0,True,1.5338,0.08519,0.07937,-0.1655,0.1495,1.0,-3.0121,0.0,0.0,True,both_converged
97080,9.0,1.3257,0.02431,0.0167,-0.0771,0.3714,1.0,-3.3194,0.0,0.0,True,1.5452,0.096,0.09033,-0.162,0.1533,1.0,-3.0831,0.0,0.0,True,both_converged
97080,9.5,,,,,,,,,,False,1.3217,0.12745,0.12282,-0.157,0.2002,1.0,-2.2343,0.0,0.0,True,optimised_only
97080,10.0,1.3245,0.02826,0.02012,-0.0598,0.237,1.0,-3.6505,0.0,0.0,True,1.2677,0.14353,0.13891,-0.167,0.1902,1.0,-2.0507,0.0,0.0,True,both_converged
97080,10.5,1.313,0.03226,0.02363,-0.0519,0.1828,1.0,-3.7606,0.0,0.0,True,1.3335,0.1479,0.14336,-0.1558,0.1855,1.0,-2.3222,0.0,0.0,True,both_converged
97080,11.0,1.313,0.0364,0.02749,-0.0462,0.1484,1.0,-3.9071,0.0,0.0,True,1.2451,0.16617,0.16154,-0.1767,0.1748,1.0,-1.9399,0.0,0.0,True,both_converged
97080,11.5,1.3255,0.04027,0.03111,-0.0421,0.125,1.0,-4.1,0.0,0.0,True,1.3161,0.17099,0.16653,-0.1633,0.1696,1.0,-2.2789,0.0,0.0,True,both_converged
97080,12.0,1.3465,0.04398,0.03487,-0.0389,0.1079,1.0,-4.3108,0.0,0.0,True,1.2448,0.18532,0.18071,-0.1852,0.1604,1.0,-1.8943,0.0,0.0,True,both_converged
97080,12.5,1.375,0.04773,0.03867,-0.0364,0.095,1.0,-4.5501,0.0,0.0,True,1.2764,0.19245,0.18794,-0.1817,0.155,1.0,-2.0403,0.0,0.0,True,both_converged
97080,13.0,1.412,0.05179,0.04277,-0.0347,0.0849,1.0,-4.8372,0.0,0.0,True,1.2568,0.20285,0.19829,-0.1933,0.1481,1.0,-1.8755,0.0,0.0,True,both_converged
97080,13.5,1.4233,0.05637,0.0478,-0.0316,0.0785,1.0,-5.0152,0.0,0.0,True,1.2738,0.21014,0.20563,-0.1947,0.1414,1.0,-1.9402,0.0,0.0,True,both_converged
97080,14.0,1.4449,0.06205,0.05375,-0.0295,0.0733,1.0,-5.2205,0.0,0.0,True,1.3117,0.22161,0.21722,-0.1898,0.1384,1.0,-2.1176,0.0,0.0,True,both_converged
97080,14.5,1.4255,0.06871,0.06105,-0.0261,0.0706,1.0,-5.2498,0.0,0.0,True,1.2864,0.22651,0.22205,-0.2057,0.1302,1.0,-1.8869,0.0,0.0,True,both_converged
97080,15.0,1.4068,0.07615,0.06899,-0.0242,0.0684,1.0,-5.2924,0.0,0.0,True,1.3122,0.23464,0.23027,-0.2048,0.1255,1.0,-2.0137,0.0,0.0,True,both_converged
97080,15.5,1.3833,0.08474,0.07802,-0.0236,0.067,1.0,-5.3005,0.0,0.0,True,1.3189,0.2437,0.23936,-0.211,0.123,1.0,-1.9684,0.0,0.0,True,both_converged
97080,16.0,1.3197,0.09811,0.09205,-0.0267,0.0676,1.0,-5.072,0.0,0.0,True,1.3238,0.24883,0.24451,-0.2186,0.1151,1.0,-1.9208,0.0,0.0,True,both_converged
97080,16.5,1.2132,0.1218,0.11644,-0.0395,0.0708,1.0,-4.515,0.0,0.0,True,0.9722,0.22991,0.22597,-0.1644,0.1174,1.0,-1.2212,0.0,0.0,True,both_converged
97080,17.0,1.1087,0.15535,0.1503,-0.0608,0.0755,1.0,-3.7402,0.0,0.0,True,0.9859,0.23664,0.23279,-0.1642,0.112,1.0,-1.2935,0.0,0.0,True,both_converged
97080,17.5,,,,,,,,,,False,0.9962,0.24622,0.24242,-0.1651,0.11,1.0,-1.3194,0.0,0.0,True,optimised_only
97080,18.0,,,,,,,,,,False,0.9812,0.24963,0.24587,-0.17,0.1043,1.0,-1.2004,0.0,0.0,True,optimised_only
97080,18.5,1.0072,0.23239,0.2271,-0.1097,0.1196,1.0,-1.9601,0.0,0.0,True,0.9911,0.25627,0.25258,-0.1705,0.0994,1.0,-1.2634,0.0,0.0,True,both_converged
97080,19.0,,,,,,,,,,False,1.0077,0.26743,0.26382,-0.1704,0.0974,1.0,-1.4699,0.0,0.0,True,optimised_only
97080,19.5,1.0332,0.24653,0.24128,-0.1183,0.1057,1.0,-1.9767,0.0,0.0,True,0.9909,0.27011,0.26654,-0.1758,0.0928,1.0,-1.357,0.0,0.0,True,both_converged
97080,20.0,1.0577,0.25341,0.24823,-0.1191,0.0997,1.0,-2.0933,0.0,0.0,True,0.9969,0.27675,0.27326,-0.1771,0.0881,1.0,-1.4803,0.0,0.0,True,both_converged
97080,20.5,1.0611,0.26032,0.25509,-0.127,0.0942,1.0,-1.9989,0.0,0.0,True,1.0204,0.28978,0.28639,-0.1756,0.0856,1.0,-1.7705,0.0,0.0,True,both_converged
97080,21.0,1.0798,0.26664,0.26147,-0.1298,0.0882,1.0,-2.077,0.0,0.0,True,1.0008,0.29145,0.28809,-0.1816,0.0826,1.0,-1.5945,0.0,0.0,True,both_converged
97080,21.5,1.1013,0.27647,0.27134,-0.1316,0.0857,1.0,-2.1609,0.0,0.0,True,1.0044,0.29841,0.29512,-0.1835,0.078,1.0,-1.6726,0.0,0.0,True,both_converged
97080,22.0,1.1044,0.28014,0.27498,-0.1407,0.0789,1.0,-2.0378,0.0,0.0,True,,,,,,,,,,False,baseline_only
97080,22.5,1.1361,0.29124,0.2862,-0.1385,0.075,1.0,-2.2833,0.0,0.0,True,1.0095,0.31391,0.31075,-0.1876,0.0723,1.0,-1.759,0.0,0.0,True,both_converged
97080,23.0,1.1333,0.29342,0.2883,-0.1502,0.0717,1.0,-2.0676,0.0,0.0,True,1.0132,0.32125,0.31818,-0.1893,0.0667,1.0,-1.8053,0.0,0.0,True,both_converged
97080,23.5,1.1488,0.29942,0.29435,-0.1547,0.0671,1.0,-2.1031,0.0,0.0,True,1.0164,0.33032,0.3273,-0.1909,0.0639,1.0,-1.8048,0.0,0.0,True,both_converged
97080,24.0,1.1783,0.31305,0.30806,-0.1526,0.0643,1.0,-2.339,0.0,0.0,True,1.0185,0.33797,0.33502,-0.193,0.0567,1.0,-1.7511,0.0,0.0,True,both_converged
97080,24.5,1.1768,0.3122,0.30715,-0.1651,0.0607,1.0,-2.0923,0.0,0.0,True,1.0182,0.3473,0.34436,-0.1957,0.0518,1.0,-1.602,0.0,0.0,True,both_converged
97080,25.0,1.1924,0.31801,0.31301,-0.1694,0.0571,1.0,-2.1416,0.0,0.0,True,1.0252,0.3569,0.354,-0.196,0.0473,1.0,-1.6141,0.0,0.0,True,both_converged
97080,25.5,,,,,,,,,,False,1.0223,0.36483,0.36196,-0.1997,0.0433,1.0,-1.4353,0.0,0.0,True,optimised_only
97080,26.0,,,,,,,,,,False,1.029,0.37391,0.37109,-0.1999,0.0404,1.0,-1.4811,0.0,0.0,True,optimised_only
97080,26.5,,,,,,,,,,False,1.0262,0.38238,0.37956,-0.2034,0.0392,1.0,-1.318,0.0,0.0,True,optimised_only
97080,27.0,0.7733,0.30366,0.29953,-0.1066,0.0519,1.0,-1.1268,0.0,0.0,True,1.0276,0.39093,0.38815,-0.2055,0.0363,1.0,-1.272,0.0,0.0,True,both_converged
97080,27.5,0.7783,0.30978,0.30571,-0.1087,0.0485,1.0,-1.1382,0.0,0.0,True,1.0326,0.39974,0.39703,-0.206,0.034,1.0,-1.3694,0.0,0.0,True,both_converged
97080,28.0,,,,,,,,,,False,1.0303,0.40821,0.4055,-0.2093,0.033,1.0,-1.263,0.0,0.0,True,optimised_only
97080,28.5,0.7852,0.32323,0.31923,-0.1136,0.0455,1.0,-1.1019,0.0,0.0,True,1.0312,0.41674,0.41407,-0.2113,0.0306,1.0,-1.248,0.0,0.0,True,both_converged
97080,29.0,0.7881,0.32966,0.32571,-0.1162,0.0426,1.0,-1.089,0.0,0.0,True,1.0328,0.42479,0.42217,-0.2128,0.029,1.0,-1.2781,0.0,0.0,True,both_converged
97080,29.5,0.7935,0.33582,0.33194,-0.118,0.0402,1.0,-1.135,0.0,0.0,True,1.7083,0.42503,0.42193,-0.3621,0.0251,1.0,-2.5856,0.0,0.0,True,both_converged
97080,30.0,0.7967,0.343,0.33915,-0.1202,0.0392,1.0,-1.1288,0.0,0.0,True,1.719,0.42997,0.42693,-0.3664,0.0239,1.0,-2.6714,0.0,0.0,True,both_converged
98503,-30.0,-0.9104,0.34628,0.34055,0.1049,1.0,0.025,-1.7765,0.0,0.0,True,,,,,,,,,,False,baseline_only
98503,-29.5,,,,,,,,,,False,-0.8822,0.34227,0.33638,0.0826,1.0,0.0191,-1.546,0.0,0.0,True,optimised_only
98503,-29.0,-0.881,0.33595,0.33019,0.0949,1.0,0.0259,-1.7339,0.0,0.0,True,-0.8677,0.33726,0.33134,0.0775,1.0,0.0195,-1.5123,0.0,0.0,True,both_converged
98503,-28.5,-0.8657,0.33094,0.32515,0.0901,1.0,0.0268,-1.689,0.0,0.0,True,-0.8528,0.33222,0.32627,0.0724,1.0,0.02,-1.4801,0.0,0.0,True,both_converged
98503,-28.0,-0.8501,0.32592,0.3201,0.0851,1.0,0.028,-1.672,0.0,0.0,True,-0.8376,0.32714,0.32115,0.0674,1.0,0.0206,-1.4584,0.0,0.0,True,both_converged
98503,-27.5,-0.8341,0.32095,0.31511,0.0798,1.0,0.0292,-1.6879,0.0,0.0,True,-0.8221,0.322,0.31598,0.0624,1.0,0.0212,-1.4455,0.0,0.0,True,both_converged
98503,-27.0,,,,,,,,,,False,-0.8063,0.31686,0.31081,0.0574,1.0,0.0216,-1.4334,0.0,0.0,True,optimised_only
98503,-26.5,-0.4677,0.25955,0.25462,0.0172,1.0,0.0331,-0.9041,0.0,0.0,True,-0.7902,0.3118,0.30572,0.0524,1.0,0.0219,-1.423,0.0,0.0,True,both_converged
98503,-26.0,-0.4597,0.25474,0.24978,0.0141,1.0,0.0344,-0.9238,0.0,0.0,True,,,,,,,,,,False,baseline_only
98503,-25.5,,,,,,,,,,False,-0.4673,0.25023,0.24504,-0.0005,1.0,0.0242,-0.7811,0.0,0.0,True,optimised_only
98503,-25.0,-0.4424,0.24444,0.23942,0.0087,1.0,0.0359,-0.9281,0.0,0.0,True,-0.459,0.24585,0.24063,-0.003,1.0,0.0247,-0.7837,0.0,0.0,True,both_converged
98503,-24.5,-0.4328,0.23952,0.23448,0.0061,1.0,0.0377,-0.9197,0.0,0.0,True,-0.4506,0.24155,0.23631,-0.0054,1.0,0.0253,-0.7865,0.0,0.0,True,both_converged
98503,-24.0,-0.4238,0.23474,0.22966,0.0033,1.0,0.0394,-0.9337,0.0,0.0,True,-0.4423,0.23739,0.23213,-0.0078,1.0,0.0258,-0.7915,0.0,0.0,True,both_converged
98503,-23.5,-0.4173,0.23108,0.22597,0.0001,1.0,0.0406,-0.9894,0.0,0.0,True,-0.4343,0.23352,0.22824,-0.0101,1.0,0.0261,-0.802,0.0,0.0,True,both_converged
98503,-23.0,-0.4083,0.22575,0.22064,-0.0025,1.0,0.0412,-0.9969,0.0,0.0,True,-0.6752,0.27414,0.26796,0.0214,1.0,0.0245,-1.2959,0.0,0.0,True,both_converged
98503,-22.5,-0.3964,0.22017,0.21503,-0.0045,1.0,0.0427,-0.9503,0.0,0.0,True,-0.6582,0.26869,0.2625,0.0173,1.0,0.0252,-1.2745,0.0,0.0,True,both_converged
98503,-22.0,-0.3865,0.21552,0.21035,-0.0069,1.0,0.0449,-0.9394,0.0,0.0,True,-0.6411,0.26331,0.25712,0.0132,1.0,0.0258,-1.2889,0.0,0.0,True,both_converged
98503,-21.5,-0.3798,0.212,0.20681,-0.01,1.0,0.0472,-0.9983,0.0,0.0,True,-0.6241,0.25833,0.25213,0.0089,1.0,0.0262,-1.3245,0.0,0.0,True,both_converged
98503,-21.0,-0.3736,0.20804,0.20285,-0.0129,1.0,0.0479,-1.0502,0.0,0.0,True,-0.3948,0.21351,0.20821,-0.0187,1.0,0.029,-0.8222,0.0,0.0,True,both_converged
98503,-20.5,-0.359,0.2017,0.19649,-0.0143,1.0,0.0497,-0.9909,0.0,0.0,True,-0.3877,0.20996,0.20467,-0.02,1.0,0.0301,-0.8433,0.0,0.0,True,both_converged
98503,-20.0,-0.3488,0.19722,0.19199,-0.0165,1.0,0.0521,-0.9843,0.0,0.0,True,-0.3814,0.20694,0.20166,-0.0215,1.0,0.0309,-0.8863,0.0,0.0,True,both_converged
98503,-19.5,-0.3418,0.19361,0.18836,-0.0192,1.0,0.0547,-1.0197,0.0,0.0,True,,,,,,,,,,False,baseline_only
98503,-19.0,,,,,,,,,,False,-0.5416,0.23023,0.22409,-0.0076,1.0,0.0303,-1.311,0.0,0.0,True,optimised_only
98503,-18.5,-0.3221,0.1841,0.17885,-0.0231,1.0,0.0583,-1.0056,0.0,0.0,True,-0.5263,0.22553,0.21941,-0.0111,1.0,0.031,-1.3582,0.0,0.0,True,both_converged
98503,-18.0,-0.3127,0.17996,0.17469,-0.0251,1.0,0.0615,-1.0125,0.0,0.0,True,,,,,,,,,,False,baseline_only
98503,-17.5,-0.3128,0.17843,0.17315,-0.0282,1.0,0.0642,-1.1029,0.0,0.0,True,-0.4965,0.21382,0.20777,-0.0157,1.0,0.0321,-1.3437,0.0,0.0,True,both_converged
98503,-17.0,-0.3061,0.17362,0.16836,-0.0301,1.0,0.0653,-1.1303,0.0,0.0,True,-0.4821,0.20834,0.20233,-0.0175,1.0,0.0333,-1.3162,0.0,0.0,True,both_converged
98503,-16.5,-0.289,0.16752,0.16226,-0.0306,1.0,0.0683,-1.0546,0.0,0.0,True,-0.4688,0.20314,0.19716,-0.0193,1.0,0.0346,-1.3075,0.0,0.0,True,both_converged
98503,-16.0,-0.283,0.16416,0.15888,-0.0324,1.0,0.073,-1.0671,0.0,0.0,True,-0.4565,0.19816,0.19222,-0.021,1.0,0.0359,-1.3157,0.0,0.0,True,both_converged
98503,-15.5,-0.3051,0.16795,0.16268,-0.0359,1.0,0.075,-1.2416,0.0,0.0,True,-0.4469,0.19441,0.18853,-0.0232,1.0,0.0368,-1.3672,0.0,0.0,True,both_converged
98503,-15.0,-0.2732,0.15635,0.1511,-0.0352,1.0,0.0776,-1.1108,0.0,0.0,True,-0.3391,0.17602,0.17101,-0.0221,1.0,0.0394,-0.9816,0.0,0.0,True,both_converged
98503,-14.5,-0.2655,0.15258,0.14733,-0.0359,1.0,0.0816,-1.1015,0.0,0.0,True,-0.3377,0.17344,0.16847,-0.0214,1.0,0.0409,-0.9827,0.0,0.0,True,both_converged
98503,-14.0,-0.2751,0.15175,0.14651,-0.0381,1.0,0.086,-1.2004,0.0,0.0,True,-0.3369,0.17076,0.16582,-0.0208,1.0,0.0425,-0.9983,0.0,0.0,True,both_converged
98503,-13.5,-0.2701,0.14607,0.14086,-0.0389,1.0,0.0883,-1.2138,0.0,0.0,True,-0.3395,0.16914,0.16425,-0.0208,1.0,0.0434,-1.0561,0.0,0.0,True,both_converged
98503,-13.0,-0.2557,0.14067,0.13548,-0.0383,1.0,0.0933,-1.1469,0.0,0.0,True,-0.3479,0.16875,0.16392,-0.0212,1.0,0.0437,-1.1435,0.0,0.0,True,both_converged
98503,-12.5,-0.2654,0.13784,0.13269,-0.0401,1.0,0.0986,-1.2254,0.0,0.0,True,-0.3332,0.16016,0.15537,-0.0181,1.0,0.0453,-1.0063,0.0,0.0,True,both_converged
98503,-12.0,-0.2792,0.1333,0.12823,-0.0416,1.0,0.1004,-1.3229,0.0,0.0,True,-0.331,0.15628,0.15154,-0.0168,1.0,0.0472,-0.9959,0.0,0.0,True,both_converged
98503,-11.5,-0.2518,0.12619,0.12113,-0.039,1.0,0.106,-1.1978,0.0,0.0,True,-0.3308,0.15262,0.14793,-0.016,1.0,0.0498,-1.0283,0.0,0.0,True,both_converged
98503,-11.0,-0.2725,0.12296,0.11799,-0.0404,1.0,0.1127,-1.3095,0.0,0.0,True,-0.3396,0.15108,0.14645,-0.0164,1.0,0.0514,-1.1451,0.0,0.0,True,both_converged
98503,-10.5,-0.2677,0.11607,0.11117,-0.039,1.0,0.1159,-1.2956,0.0,0.0,True,-0.3333,0.14454,0.13998,-0.0144,1.0,0.0528,-1.1252,0.0,0.0,True,both_converged
98503,-10.0,-0.2611,0.111,0.10617,-0.0366,1.0,0.1217,-1.2471,0.0,0.0,True,-0.329,0.13974,0.13523,-0.0125,1.0,0.0556,-1.101,0.0,0.0,True,both_converged
98503,-9.5,-0.3013,0.10793,0.10327,-0.0372,1.0,0.1277,-1.4073,0.0,0.0,True,-0.3293,0.13553,0.13108,-0.0114,1.0,0.0584,-1.1318,0.0,0.0,True,both_converged
98503,-9.0,-0.3962,0.10773,0.10278,-0.0405,1.0,0.128,-1.7791,0.0,0.0,True,-0.3388,0.13308,0.1287,-0.0115,1.0,0.0606,-1.2375,0.0,0.0,True,both_converged
98503,-8.5,-0.3546,0.09918,0.09421,-0.0353,1.0,0.1335,-1.5739,0.0,0.0,True,-0.3606,0.13248,0.1282,-0.0115,1.0,0.061,-1.3835,0.0,0.0,True,both_converged
98503,-8.0,-0.3828,0.09612,0.09133,-0.0317,1.0,0.1408,-1.6346,0.0,0.0,True,-0.333,0.12158,0.11734,-0.0076,1.0,0.0641,-1.2326,0.0,0.0,True,both_converged
98503,-7.5,-0.4591,0.09399,0.08949,-0.0313,1.0,0.1431,-1.8707,0.0,0.0,True,-0.3334,0.117,0.11283,-0.0058,1.0,0.0673,-1.2391,0.0,0.0,True,both_converged
98503,-7.0,-0.4408,0.08829,0.08387,-0.0224,1.0,0.1484,-1.7258,0.0,0.0,True,-0.3429,0.1135,0.10941,-0.0046,1.0,0.0706,-1.3053,0.0,0.0,True,both_converged
98503,-6.5,-0.4893,0.08192,0.07744,-0.0339,1.0,0.1593,-1.9968,0.0,0.0,True,-0.3732,0.11274,0.10877,-0.0024,1.0,0.0717,-1.4401,0.0,0.0,True,both_converged
98503,-6.0,-0.4746,0.07675,0.07248,-0.024,1.0,0.1628,-1.8331,0.0,0.0,True,-0.4178,0.11359,0.10932,-0.0069,1.0,0.0717,-1.6947,0.0,0.0,True,both_converged
98503,-5.5,-0.455,0.06881,0.06438,-0.0317,0.9962,0.1778,-1.8422,0.0,0.0,True,-0.4086,0.10572,0.10152,-0.0036,1.0,0.0736,-1.6438,0.0,0.0,True,both_converged
98503,-5.0,-0.3874,0.06084,0.05623,-0.0418,0.9834,0.1981,-1.7099,0.0,0.0,True,-0.3949,0.10008,0.09594,-0.0021,1.0,0.0781,-1.571,0.0,0.0,True,both_converged
98503,-4.5,-0.2879,0.03106,0.02283,-0.0684,0.9763,0.1154,-2.3066,0.0,0.0,True,-0.3553,0.09339,0.08928,-0.0167,1.0,0.0857,-1.6621,0.0,0.0,True,both_converged
98503,-4.0,-0.2056,0.02848,0.01977,-0.0746,0.9627,0.131,-2.0514,0.0,0.0,True,-0.3376,0.08763,0.08358,-0.0134,1.0,0.0925,-1.5375,0.0,0.0,True,both_converged
98503,-3.5,-0.1248,0.02678,0.01783,-0.08,0.9479,0.1524,-1.7857,0.0,0.0,True,-0.2791,0.0797,0.07563,-0.0275,1.0,0.1015,-1.5265,0.0,0.0,True,both_converged
98503,-3.0,-0.0451,0.02535,0.01629,-0.085,0.9324,0.1819,-1.5409,0.0,0.0,True,-0.2038,0.07181,0.06768,-0.0435,1.0,0.1157,-1.4524,0.0,0.0,True,both_converged
98503,-2.5,0.0332,0.02426,0.01516,-0.0894,0.9162,0.2252,-1.3079,0.0,0.0,True,-0.1355,0.0652,0.06104,-0.0539,1.0,0.1334,-1.3524,0.0,0.0,True,both_converged
98503,-2.0,0.1093,0.02315,0.01435,-0.0934,0.8998,0.2861,-1.0887,0.0,0.0,True,0.0888,0.04854,0.04374,-0.1081,1.0,0.1267,-1.4413,0.0,0.0,True,both_converged
98503,-1.5,0.1847,0.02192,0.0136,-0.097,0.8838,0.3839,-0.8897,0.0,0.0,True,0.3802,0.03172,0.02412,-0.166,1.0,0.1433,-1.3691,0.0,0.0,True,both_converged
98503,-1.0,0.2499,0.01991,0.01318,-0.0973,0.8687,0.7226,-0.7222,0.0,0.0,True,0.5709,0.02895,0.02148,-0.1905,0.9611,0.2495,-0.7903,0.0,0.0,True,both_converged
98503,-0.5,0.3382,0.01913,0.01238,-0.1016,0.8532,1.0,-0.6452,0.0,0.0,True,0.7589,0.021,0.01381,-0.2077,0.8758,0.3656,-1.005,0.0,0.0,True,both_converged
98503,0.0,0.4093,0.01882,0.01173,-0.1037,0.8356,1.0,-0.6959,0.0,0.0,True,0.8225,0.02155,0.01163,-0.2041,0.3401,0.4179,-1.1191,0.0,0.0,True,both_converged
98503,0.5,0.4775,0.01849,0.01115,-0.105,0.8178,1.0,-0.7473,0.0,0.0,True,0.8731,0.02277,0.01245,-0.2023,0.3051,0.4619,-1.2228,0.0,0.0,True,both_converged
98503,1.0,0.5435,0.01817,0.01062,-0.1059,0.7998,1.0,-0.7998,0.0,0.0,True,0.9315,0.02386,0.01325,-0.2021,0.2798,0.5081,-1.3436,0.0,0.0,True,both_converged
98503,1.5,0.5977,0.0183,0.0106,-0.105,0.7771,1.0,-0.8464,0.0,0.0,True,0.9902,0.02501,0.01423,-0.2022,0.2607,0.5553,-1.4669,0.0,0.0,True,both_converged
98503,2.0,0.656,0.0183,0.01048,-0.1046,0.7561,1.0,-0.8987,0.0,0.0,True,1.0478,0.02617,0.01527,-0.202,0.2443,0.6058,-1.6012,0.0,0.0,True,both_converged
98503,2.5,0.716,0.01831,0.01036,-0.1045,0.7363,1.0,-0.956,0.0,0.0,True,1.1052,0.02745,0.01657,-0.2018,0.231,0.6681,-1.7343,0.0,0.0,True,both_converged
98503,3.0,0.77,0.01864,0.01062,-0.1036,0.7146,1.0,-1.0128,0.0,0.0,True,1.157,0.0284,0.01781,-0.2006,0.2187,1.0,-1.8781,0.0,0.0,True,both_converged
98503,3.5,0.8228,0.01907,0.01101,-0.1026,0.6924,1.0,-1.0768,0.0,0.0,True,1.2165,0.03029,0.01972,-0.201,0.2074,1.0,-2.0238,0.0,0.0,True,both_converged
98503,4.0,0.8788,0.01942,0.01131,-0.102,0.6718,1.0,-1.1727,0.0,0.0,True,1.2717,0.03265,0.02213,-0.2005,0.1967,1.0,-2.1788,0.0,0.0,True,both_converged
98503,4.5,0.9314,0.01998,0.01187,-0.101,0.6505,1.0,-1.2999,0.0,0.0,True,1.3255,0.03505,0.02454,-0.1998,0.188,1.0,-2.3407,0.0,0.0,True,both_converged
98503,5.0,0.9811,0.02066,0.0126,-0.0996,0.6277,1.0,-1.4501,0.0,0.0,True,1.3749,0.03815,0.02809,-0.1981,0.1786,1.0,-2.487,0.0,0.0,True,both_converged
98503,5.5,1.0357,0.02112,0.01306,-0.0988,0.6061,1.0,-1.6344,0.0,0.0,True,1.4245,0.04101,0.03103,-0.1968,0.1715,1.0,-2.6602,0.0,0.0,True,both_converged
98503,6.0,1.0832,0.02178,0.01383,-0.0969,0.5808,1.0,-1.8293,0.0,0.0,True,1.4655,0.04558,0.03634,-0.1937,0.1636,1.0,-2.7841,0.0,0.0,True,both_converged
98503,6.5,1.1361,0.02202,0.01402,-0.0954,0.5542,1.0,-2.0618,0.0,0.0,True,1.5059,0.04969,0.04085,-0.1908,0.1574,1.0,-2.9323,0.0,0.0,True,both_converged
98503,7.0,1.1835,0.02232,0.01437,-0.0932,0.5241,1.0,-2.3027,0.0,0.0,True,1.5401,0.055,0.04659,-0.1874,0.1518,1.0,-3.0737,0.0,0.0,True,both_converged
98503,7.5,1.2276,0.02267,0.01479,-0.0904,0.4922,1.0,-2.5578,0.0,0.0,True,1.5521,0.06375,0.05643,-0.1806,0.148,1.0,-3.0853,0.0,0.0,True,both_converged
98503,8.0,1.269,0.023,0.01517,-0.0873,0.4577,1.0,-2.8245,0.0,0.0,True,1.5525,0.07354,0.06706,-0.1734,0.1467,1.0,-3.074,0.0,0.0,True,both_converged
98503,8.5,1.3009,0.02348,0.01584,-0.0827,0.4175,1.0,-3.0762,0.0,0.0,True,1.5323,0.08504,0.07928,-0.1654,0.1484,1.0,-3.0071,0.0,0.0,True,both_converged
98503,9.0,1.3258,0.02412,0.01654,-0.0771,0.3696,1.0,-3.3218,0.0,0.0,True,1.5372,0.09607,0.09051,-0.1612,0.1531,1.0,-3.0536,0.0,0.0,True,both_converged
98503,9.5,1.3355,0.02542,0.01774,-0.0695,0.3062,1.0,-3.5251,0.0,0.0,True,,,,,,,,,,False,baseline_only
98503,10.0,1.3247,0.02812,0.02,-0.0598,0.2344,1.0,-3.6532,0.0,0.0,True,1.0459,0.14494,0.14054,-0.1426,0.2005,1.0,-1.6021,0.0,0.0,True,both_converged
98503,10.5,1.3129,0.03216,0.02351,-0.0519,0.1813,1.0,-3.7634,0.0,0.0,True,1.0177,0.15164,0.14726,-0.1436,0.1889,1.0,-1.5285,0.0,0.0,True,both_converged
98503,11.0,1.3132,0.03626,0.02739,-0.0463,0.1468,1.0,-3.9105,0.0,0.0,True,1.0099,0.15998,0.15562,-0.1442,0.1842,1.0,-1.5051,0.0,0.0,True,both_converged
98503,11.5,1.3253,0.04016,0.03102,-0.0422,0.1239,1.0,-4.1021,0.0,0.0,True,0.983,0.16606,0.16173,-0.1471,0.174,1.0,-1.4115,0.0,0.0,True,both_converged
98503,12.0,1.3451,0.04385,0.0348,-0.0389,0.1071,1.0,-4.3097,0.0,0.0,True,1.025,0.17476,0.17048,-0.1436,0.1692,1.0,-1.5644,0.0,0.0,True,both_converged
98503,12.5,1.3726,0.04759,0.03858,-0.0363,0.0944,1.0,-4.5462,0.0,0.0,True,0.9694,0.17916,0.17488,-0.1504,0.1593,1.0,-1.3444,0.0,0.0,True,both_converged
98503,13.0,1.4082,0.05159,0.04264,-0.0345,0.0844,1.0,-4.8285,0.0,0.0,True,1.0085,0.18719,0.18299,-0.1472,0.1545,1.0,-1.5037,0.0,0.0,True,both_converged
98503,13.5,1.4235,0.05602,0.04742,-0.0317,0.0777,1.0,-5.028,0.0,0.0,True,0.9639,0.1921,0.18791,-0.1538,0.1487,1.0,-1.2954,0.0,0.0,True,both_converged
98503,14.0,1.4411,0.06176,0.05351,-0.0293,0.0728,1.0,-5.2134,0.0,0.0,True,0.9755,0.19804,0.19389,-0.1538,0.141,1.0,-1.3438,0.0,0.0,True,both_converged
98503,14.5,1.4265,0.06822,0.06056,-0.0262,0.0698,1.0,-5.2661,0.0,0.0,True,0.9998,0.2085,0.20441,-0.153,0.1382,1.0,-1.4302,0.0,0.0,True,both_converged
98503,15.0,1.4173,0.07503,0.06776,-0.0243,0.0672,1.0,-5.3602,0.0,0.0,True,0.9656,0.21064,0.20657,-0.1589,0.131,1.0,-1.2545,0.0,0.0,True,both_converged
98503,15.5,1.4069,0.08279,0.07584,-0.0233,0.0652,1.0,-5.4436,0.0,0.0,True,0.9868,0.21789,0.21391,-0.1578,0.1253,1.0,-1.356,0.0,0.0,True,both_converged
98503,16.0,1.3748,0.09339,0.08686,-0.0237,0.0643,1.0,-5.3899,0.0,0.0,True,0.9807,0.22491,0.22095,-0.1608,0.123,1.0,-1.2972,0.0,0.0,True,both_converged
98503,16.5,1.3151,0.10612,0.10018,-0.0279,0.0648,1.0,-5.1782,0.0,0.0,True,0.973,0.22972,0.22582,-0.1643,0.116,1.0,-1.228,0.0,0.0,True,both_converged
98503,17.0,1.1131,0.15365,0.14861,-0.0597,0.0743,1.0,-3.7964,0.0,0.0,True,0.9936,0.2377,0.23388,-0.1631,0.1113,1.0,-1.3389,0.0,0.0,True,both_converged
98503,17.5,0.9836,0.21724,0.21197,-0.1014,0.1318,1.0,-1.9617,0.0,0.0,True,0.9862,0.24423,0.24044,-0.1666,0.1094,1.0,-1.2633,0.0,0.0,True,both_converged
98503,18.0,1.0207,0.22489,0.21973,-0.0993,0.1252,1.0,-2.1457,0.0,0.0,True,0.9818,0.24946,0.24573,-0.1699,0.103,1.0,-1.2062,0.0,0.0,True,both_converged
98503,18.5,1.0074,0.23207,0.22682,-0.1097,0.1176,1.0,-1.9659,0.0,0.0,True,0.9955,0.25677,0.25313,-0.1697,0.0987,1.0,-1.3098,0.0,0.0,True,both_converged
98503,19.0,,,,,,,,,,False,0.9993,0.26536,0.26177,-0.1716,0.0971,1.0,-1.3961,0.0,0.0,True,optimised_only
98503,19.5,1.0337,0.24625,0.24104,-0.1182,0.1041,1.0,-1.9847,0.0,0.0,True,0.9911,0.26996,0.26642,-0.1758,0.0915,1.0,-1.3613,0.0,0.0,True,both_converged
98503,20.0,1.0717,0.25586,0.25077,-0.1152,0.0987,1.0,-2.2158,0.0,0.0,True,0.999,0.27675,0.27329,-0.1767,0.0874,1.0,-1.5088,0.0,0.0,True,both_converged
98503,20.5,1.061,0.26009,0.25491,-0.1271,0.0925,1.0,-2.0004,0.0,0.0,True,1.0131,0.2877,0.28432,-0.1767,0.0855,1.0,-1.7028,0.0,0.0,True,both_converged
98503,21.0,1.0837,0.26686,0.26174,-0.1283,0.0874,1.0,-2.1257,0.0,0.0,True,1.0006,0.29131,0.28798,-0.1818,0.0814,1.0,-1.5925,0.0,0.0,True,both_converged
98503,21.5,1.0924,0.27417,0.26904,-0.1348,0.0846,1.0,-2.0635,0.0,0.0,True,1.0054,0.29826,0.295,-0.1833,0.0771,1.0,-1.6911,0.0,0.0,True,both_converged
98503,22.0,1.1055,0.2799,0.27479,-0.1402,0.0778,1.0,-2.0598,0.0,0.0,True,1.4962,0.33186,0.32832,-0.2775,0.0676,1.0,-3.0484,0.0,0.0,True,both_converged
98503,22.5,1.1387,0.29313,0.28811,-0.1377,0.0747,1.0,-2.3039,0.0,0.0,True,1.5128,0.34148,0.33804,-0.28,0.0642,1.0,-3.1468,0.0,0.0,True,both_converged
98503,23.0,1.133,0.29328,0.28819,-0.1505,0.0704,1.0,-2.0638,0.0,0.0,True,1.5319,0.35285,0.34948,-0.2815,0.0555,1.0,-3.2154,0.0,0.0,True,both_converged
98503,23.5,1.15,0.29931,0.29428,-0.154,0.0663,1.0,-2.1318,0.0,0.0,True,1.5423,0.35281,0.34941,-0.2938,0.0492,1.0,-2.8771,0.0,0.0,True,both_converged
98503,24.0,1.1714,0.30947,0.30448,-0.1552,0.0641,1.0,-2.2542,0.0,0.0,True,1.5574,0.36021,0.3568,-0.3001,0.0454,1.0,-2.7261,0.0,0.0,True,both_converged
98503,24.5,1.1769,0.31207,0.30707,-0.1652,0.0596,1.0,-2.095,0.0,0.0,True,1.5728,0.36659,0.36323,-0.3046,0.0413,1.0,-2.6959,0.0,0.0,True,both_converged
98503,25.0,1.1934,0.31799,0.31303,-0.1687,0.0564,1.0,-2.1719,0.0,0.0,True,1.5874,0.37464,0.37128,-0.309,0.04,1.0,-2.659,0.0,0.0,True,both_converged
98503,25.5,1.2153,0.32978,0.32488,-0.1692,0.0549,1.0,-2.3362,0.0,0.0,True,1.6023,0.37995,0.3766,-0.3171,0.0368,1.0,-2.5049,0.0,0.0,True,both_converged
98503,26.0,1.2201,0.3303,0.32538,-0.1803,0.0516,1.0,-2.142,0.0,0.0,True,1.6161,0.38707,0.38379,-0.3194,0.0342,1.0,-2.6404,0.0,0.0,True,both_converged
98503,26.5,1.2352,0.33582,0.33094,-0.1845,0.0483,1.0,-2.201,0.0,0.0,True,1.6301,0.39241,0.38912,-0.3275,0.0333,1.0,-2.537,0.0,0.0,True,both_converged
98503,27.0,1.2578,0.34925,0.34446,-0.1837,0.0467,1.0,-2.4174,0.0,0.0,True,1.6444,0.3983,0.39504,-0.334,0.0311,1.0,-2.5132,0.0,0.0,True,both_converged
98503,27.5,1.2622,0.3478,0.34297,-0.1954,0.0451,1.0,-2.1752,0.0,0.0,True,1.6574,0.40381,0.4006,-0.3389,0.0294,1.0,-2.5726,0.0,0.0,True,both_converged
98503,28.0,1.2759,0.35315,0.34836,-0.2009,0.0423,1.0,-2.171,0.0,0.0,True,1.6694,0.41253,0.40936,-0.3413,0.0284,1.0,-2.7197,0.0,0.0,True,both_converged
98503,28.5,1.2904,0.35886,0.35413,-0.2044,0.0402,1.0,-2.2784,0.0,0.0,True,1.6832,0.4152,0.41204,-0.3504,0.0278,1.0,-2.5788,0.0,0.0,True,both_converged
98503,29.0,1.3032,0.36522,0.3605,-0.2096,0.0392,1.0,-2.2897,0.0,0.0,True,1.6963,0.42029,0.41716,-0.3566,0.0261,1.0,-2.5623,0.0,0.0,True,both_converged
98503,29.5,1.3153,0.36955,0.36487,-0.217,0.037,1.0,-2.2164,0.0,0.0,True,1.7082,0.42492,0.42186,-0.3619,0.0246,1.0,-2.6031,0.0,0.0,True,both_converged
98503,30.0,1.3281,0.37457,0.36993,-0.222,0.035,1.0,-2.2467,0.0,0.0,True,1.7182,0.43151,0.42851,-0.3651,0.0237,1.0,-2.7316,0.0,0.0,True,both_converged
99459,-30.0,-0.5224,0.29556,0.29091,0.0374,1.0,0.0259,-0.8953,0.0,0.0,True,,,,,,,,,,False,baseline_only
99459,-29.5,-0.515,0.2904,0.2857,0.0345,1.0,0.0269,-0.8842,0.0,0.0,True,-0.5292,0.28747,0.28259,0.022,1.0,0.0208,-0.8008,0.0,0.0,True,both_converged
99459,-29.0,-0.5075,0.28524,0.28049,0.0316,1.0,0.0279,-0.8817,0.0,0.0,True,-0.522,0.28266,0.27773,0.019,1.0,0.0213,-0.7998,0.0,0.0,True,both_converged
99459,-28.5,-0.5001,0.28011,0.27533,0.0286,1.0,0.0291,-0.8884,0.0,0.0,True,-0.5146,0.27794,0.27296,0.016,1.0,0.0217,-0.7989,0.0,0.0,True,both_converged
99459,-28.0,,,,,,,,,,False,,,,,,,,,,False,none_converged
99459,-27.5,-0.4849,0.26969,0.26485,0.0227,1.0,0.0303,-0.9182,0.0,0.0,True,-0.8221,0.32199,0.31599,0.0624,1.0,0.021,-1.4441,0.0,0.0,True,both_converged
99459,-27.0,-0.4762,0.26455,0.25967,0.02,1.0,0.0315,-0.904,0.0,0.0,True,-0.8063,0.31682,0.3108,0.0575,1.0,0.0215,-1.4297,0.0,0.0,True,both_converged
99459,-26.5,-0.4677,0.25951,0.2546,0.0172,1.0,0.0328,-0.9037,0.0,0.0,True,-0.7903,0.31171,0.30566,0.0525,1.0,0.0218,-1.4162,0.0,0.0,True,both_converged
99459,-26.0,-0.4595,0.25458,0.24964,0.0142,1.0,0.0341,-0.9164,0.0,0.0,True,-0.774,0.30674,0.30067,0.0475,1.0,0.022,-1.426,0.0,0.0,True,both_converged
99459,-25.5,,,,,,,,,,False,,,,,,,,,,False,none_converged
99459,-25.0,-0.4428,0.24449,0.2395,0.0086,1.0,0.0356,-0.9381,0.0,0.0,True,,,,,,,,,,False,baseline_only
99459,-24.5,-0.4329,0.23948,0.23446,0.0061,1.0,0.0373,-0.9219,0.0,0.0,True,-0.7253,0.29045,0.28434,0.034,1.0,0.0226,-1.3879,0.0,0.0,True,both_converged
99459,-24.0,-0.4237,0.23466,0.2296,0.0034,1.0,0.039,-0.9307,0.0,0.0,True,-0.7088,0.28492,0.27879,0.0298,1.0,0.0231,-1.3518,0.0,0.0,True,both_converged
99459,-23.5,-0.4162,0.23052,0.22543,0.0003,1.0,0.0404,-0.9727,0.0,0.0,True,-0.692,0.27952,0.27337,0.0256,1.0,0.0236,-1.3227,0.0,0.0,True,both_converged
99459,-23.0,-0.4104,0.22682,0.22173,-0.0029,1.0,0.0409,-1.0242,0.0,0.0,True,-0.6752,0.2741,0.26795,0.0214,1.0,0.0242,-1.2967,0.0,0.0,True,both_converged
99459,-22.5,-0.3966,0.22014,0.21503,-0.0046,1.0,0.0423,-0.9568,0.0,0.0,True,-0.6582,0.26865,0.2625,0.0173,1.0,0.0249,-1.2732,0.0,0.0,True,both_converged
99459,-22.0,-0.3864,0.21545,0.21031,-0.0069,1.0,0.0444,-0.9398,0.0,0.0,True,-0.6411,0.26322,0.25706,0.0133,1.0,0.0256,-1.2822,0.0,0.0,True,both_converged
99459,-21.5,-0.3785,0.21143,0.20627,-0.0098,1.0,0.0469,-0.9808,0.0,0.0,True,-0.624,0.25802,0.25185,0.0091,1.0,0.0261,-1.3098,0.0,0.0,True,both_converged
99459,-21.0,,,,,,,,,,False,,,,,,,,,,False,none_converged
99459,-20.5,,,,,,,,,,False,-0.3876,0.20989,0.20462,-0.02,1.0,0.0298,-0.8403,0.0,0.0,True,optimised_only
99459,-20.0,-0.3488,0.19715,0.19194,-0.0165,1.0,0.0515,-0.9855,0.0,0.0,True,-0.3811,0.20664,0.20138,-0.0213,1.0,0.0308,-0.8749,0.0,0.0,True,both_converged
99459,-19.5,-0.3406,0.19315,0.18793,-0.019,1.0,0.0542,-1.0062,0.0,0.0,True,-0.3763,0.20437,0.19912,-0.0228,1.0,0.0312,-0.9352,0.0,0.0,True,both_converged
99459,-19.0,-0.3471,0.19434,0.18912,-0.023,1.0,0.0555,-1.1407,0.0,0.0,True,-0.5416,0.23013,0.22403,-0.0075,1.0,0.03,-1.3056,0.0,0.0,True,both_converged
99459,-18.5,-0.3226,0.18411,0.17888,-0.0232,1.0,0.0578,-1.0136,0.0,0.0,True,-0.5259,0.2251,0.21901,-0.0108,1.0,0.0309,-1.3407,0.0,0.0,True,both_converged
99459,-18.0,-0.3125,0.17985,0.17461,-0.025,1.0,0.0608,-1.0117,0.0,0.0,True,,,,,,,,,,False,baseline_only
99459,-17.5,-0.3093,0.17728,0.17203,-0.0278,1.0,0.0639,-1.0771,0.0,0.0,True,-0.353,0.19004,0.1849,-0.0238,1.0,0.0346,-0.9334,0.0,0.0,True,both_converged
99459,-17.0,,,,,,,,,,False,-0.3493,0.18726,0.18213,-0.0239,1.0,0.0358,-0.9536,0.0,0.0,True,optimised_only
99459,-16.5,-0.4722,0.19671,0.19086,-0.0135,1.0,0.0642,-1.5697,0.0,0.0,True,-0.3477,0.18531,0.18022,-0.0241,1.0,0.0366,-0.9997,0.0,0.0,True,both_converged
99459,-16.0,-0.4573,0.18908,0.18327,-0.0164,1.0,0.0654,-1.5704,0.0,0.0,True,,,,,,,,,,False,baseline_only
99459,-15.5,-0.435,0.18164,0.17582,-0.0174,1.0,0.0687,-1.467,0.0,0.0,True,-0.4459,0.19374,0.18788,-0.0228,1.0,0.0366,-1.3459,0.0,0.0,True,both_converged
99459,-15.0,-0.4241,0.17644,0.17064,-0.021,1.0,0.0738,-1.4872,0.0,0.0,True,,,,,,,,,,False,baseline_only
99459,-14.5,-0.4347,0.17442,0.16872,-0.0271,1.0,0.0753,-1.6577,0.0,0.0,True,-0.4257,0.18296,0.17724,-0.0242,1.0,0.0379,-1.322,0.0,0.0,True,both_converged
99459,-14.0,-0.3965,0.16293,0.15718,-0.0256,1.0,0.0786,-1.4752,0.0,0.0,True,-0.4162,0.17785,0.17218,-0.024,1.0,0.0393,-1.2791,0.0,0.0,True,both_converged
99459,-13.5,-0.3838,0.15695,0.15123,-0.0278,1.0,0.0833,-1.468,0.0,0.0,True,-0.4087,0.17317,0.16757,-0.0239,1.0,0.041,-1.2627,0.0,0.0,True,both_converged
99459,-13.0,-0.4047,0.15564,0.15002,-0.0348,1.0,0.0867,-1.6834,0.0,0.0,True,-0.4036,0.16898,0.16346,-0.0238,1.0,0.0427,-1.2744,0.0,0.0,True,both_converged
99459,-12.5,-0.3643,0.14424,0.1386,-0.0321,1.0,0.0909,-1.4801,0.0,0.0,True,-0.4056,0.16696,0.16153,-0.0244,1.0,0.0435,-1.3515,0.0,0.0,True,both_converged
99459,-12.0,-0.3559,0.13853,0.13293,-0.0341,1.0,0.0968,-1.4781,0.0,0.0,True,-0.3997,0.16078,0.15544,-0.0229,1.0,0.0442,-1.3197,0.0,0.0,True,both_converged
99459,-11.5,-0.2528,0.12605,0.12102,-0.0391,1.0,0.1049,-1.206,0.0,0.0,True,-0.3925,0.15516,0.14988,-0.0207,1.0,0.0459,-1.2675,0.0,0.0,True,both_converged
99459,-11.0,-0.2647,0.12218,0.11723,-0.0398,1.0,0.1122,-1.2739,0.0,0.0,True,-0.3899,0.1509,0.1457,-0.0191,1.0,0.0482,-1.2726,0.0,0.0,True,both_converged
99459,-10.5,-0.2774,0.11644,0.11159,-0.0399,1.0,0.1149,-1.3449,0.0,0.0,True,-0.3921,0.1478,0.1427,-0.0183,1.0,0.0509,-1.341,0.0,0.0,True,both_converged
99459,-10.0,-0.2615,0.11084,0.10603,-0.0366,1.0,0.1205,-1.2513,0.0,0.0,True,-0.4091,0.14829,0.14332,-0.0183,1.0,0.0516,-1.5003,0.0,0.0,True,both_converged
99459,-9.5,-0.2903,0.10717,0.1025,-0.0365,1.0,0.1272,-1.3607,0.0,0.0,True,-0.3896,0.13825,0.13332,-0.0145,1.0,0.0541,-1.3666,0.0,0.0,True,both_converged
99459,-9.0,-0.3035,0.10114,0.0966,-0.0343,1.0,0.13,-1.3938,0.0,0.0,True,-0.3887,0.13406,0.12922,-0.0125,1.0,0.0568,-1.3723,0.0,0.0,True,both_converged
99459,-8.5,-0.2958,0.09674,0.09226,-0.0297,1.0,0.1379,-1.3167,0.0,0.0,True,-0.3931,0.13079,0.12603,-0.011,1.0,0.0596,-1.4307,0.0,0.0,True,both_converged
99459,-8.0,-0.3543,0.09408,0.08982,-0.0284,1.0,0.1428,-1.4944,0.0,0.0,True,-0.4151,0.13091,0.12629,-0.0098,1.0,0.0608,-1.575,0.0,0.0,True,both_converged
99459,-7.5,-0.4031,0.08975,0.0857,-0.0247,1.0,0.1442,-1.6129,0.0,0.0,True,-0.442,0.13113,0.12666,-0.0083,1.0,0.0611,-1.7235,0.0,0.0,True,both_converged
99459,-7.0,-0.4483,0.08794,0.08355,-0.0235,1.0,0.147,-1.763,0.0,0.0,True,-0.4044,0.11828,0.11382,-0.0036,1.0,0.0649,-1.5027,0.0,0.0,True,both_converged
99459,-6.5,-0.4595,0.08355,0.07925,-0.0211,1.0,0.1541,-1.7618,0.0,0.0,True,-0.4134,0.11496,0.1106,-0.0001,1.0,0.0677,-1.5231,0.0,0.0,True,both_converged
99459,-6.0,-0.4768,0.07621,0.07194,-0.0254,1.0,0.1621,-1.8576,0.0,0.0,True,-0.4181,0.11252,0.10827,-0.0033,1.0,0.0714,-1.64,0.0,0.0,True,both_converged
99459,-5.5,-0.4499,0.06812,0.06368,-0.0336,0.995,0.1775,-1.8482,0.0,0.0,True,-0.4076,0.10595,0.10178,-0.0057,1.0,0.0731,-1.6772,0.0,0.0,True,both_converged
99459,-5.0,-0.3836,0.06025,0.05563,-0.0432,0.9822,0.1973,-1.7152,0.0,0.0,True,-0.3951,0.09996,0.09584,-0.0023,1.0,0.0771,-1.5779,0.0,0.0,True,both_converged
99459,-4.5,-0.2838,0.03081,0.02255,-0.0691,0.9753,0.1151,-2.3046,0.0,0.0,True,-0.3499,0.09328,0.08919,-0.0195,1.0,0.0854,-1.6849,0.0,0.0,True,both_converged
99459,-4.0,-0.2019,0.02827,0.01955,-0.0752,0.9617,0.1308,-2.0478,0.0,0.0,True,-0.3378,0.08751,0.08348,-0.0134,1.0,0.0913,-1.5408,0.0,0.0,True,both_converged
99459,-3.5,-0.1212,0.02659,0.01764,-0.0806,0.947,0.1522,-1.7811,0.0,0.0,True,-0.2754,0.07943,0.07537,-0.0291,1.0,0.101,-1.5369,0.0,0.0,True,both_converged
99459,-3.0,-0.0417,0.02517,0.01613,-0.0855,0.9316,0.182,-1.5354,0.0,0.0,True,-0.1989,0.07151,0.06739,-0.0452,1.0,0.1153,-1.4599,0.0,0.0,True,both_converged
99459,-2.5,0.0365,0.02408,0.015,-0.0899,0.9155,0.2254,-1.3026,0.0,0.0,True,,,,,,,,,,False,baseline_only
99459,-2.0,0.1127,0.02297,0.01419,-0.0939,0.8993,0.2868,-1.0834,0.0,0.0,True,0.097,0.04711,0.04231,-0.1103,1.0,0.1168,-1.4667,0.0,0.0,True,both_converged
99459,-1.5,0.1882,0.02172,0.01343,-0.0974,0.8834,0.3852,-0.8846,0.0,0.0,True,0.3929,0.03138,0.02382,-0.1685,0.9974,0.1462,-1.3389,0.0,0.0,True,both_converged
99459,-1.0,0.2526,0.01969,0.01302,-0.0975,0.8683,0.7294,-0.7183,0.0,0.0,True,0.5926,0.02829,0.02076,-0.1943,0.9576,0.2606,-0.7875,0.0,0.0,True,both_converged
99459,-0.5,,,,,,,,,,False,0.7684,0.02021,0.01302,-0.2088,0.8659,0.3683,-1.0155,0.0,0.0,True,optimised_only
99459,0.0,0.4121,0.01861,0.01154,-0.104,0.8353,1.0,-0.698,0.0,0.0,True,0.8233,0.02151,0.01158,-0.2043,0.3382,0.4168,-1.1201,0.0,0.0,True,both_converged
99459,0.5,0.48,0.01827,0.01095,-0.1053,0.8175,1.0,-0.7494,0.0,0.0,True,0.8743,0.02275,0.0124,-0.2026,0.3037,0.4611,-1.2246,0.0,0.0,True,both_converged
99459,1.0,0.5459,0.01795,0.01043,-0.1061,0.7995,1.0,-0.8018,0.0,0.0,True,0.9321,0.02379,0.0132,-0.2023,0.2786,0.507,-1.3448,0.0,0.0,True,both_converged
99459,1.5,0.5989,0.01812,0.01045,-0.105,0.7761,1.0,-0.8475,0.0,0.0,True,0.9907,0.02495,0.01417,-0.2023,0.2596,0.5539,-1.4682,0.0,0.0,True,both_converged
99459,2.0,0.6578,0.0181,0.01029,-0.1047,0.7555,1.0,-0.9004,0.0,0.0,True,1.0481,0.02609,0.01521,-0.2021,0.2433,0.6039,-1.6026,0.0,0.0,True,both_converged
99459,2.5,0.7178,0.0181,0.01017,-0.1046,0.7357,1.0,-0.9578,0.0,0.0,True,1.1054,0.02736,0.0165,-0.2019,0.2301,0.6655,-1.7355,0.0,0.0,True,both_converged
99459,3.0,0.7701,0.0185,0.01051,-0.1035,0.7132,1.0,-1.0132,0.0,0.0,True,1.1566,0.02825,0.01772,-0.2005,0.218,1.0,-1.878,0.0,0.0,True,both_converged
99459,3.5,0.8241,0.01888,0.01084,-0.1026,0.6914,1.0,-1.0783,0.0,0.0,True,1.2164,0.03016,0.0196,-0.201,0.2067,1.0,-2.0263,0.0,0.0,True,both_converged
99459,4.0,0.8804,0.01922,0.01112,-0.1021,0.6711,1.0,-1.1752,0.0,0.0,True,1.2716,0.0325,0.022,-0.2005,0.1959,1.0,-2.1805,0.0,0.0,True,both_converged
99459,4.5,0.9311,0.01986,0.01178,-0.1009,0.649,1.0,-1.2999,0.0,0.0,True,1.3257,0.03494,0.0244,-0.1999,0.1873,1.0,-2.3452,0.0,0.0,True,both_converged
99459,5.0,0.9822,0.02048,0.01243,-0.0997,0.6267,1.0,-1.4526,0.0,0.0,True,1.3751,0.03793,0.02788,-0.1981,0.1778,1.0,-2.4905,0.0,0.0,True,both_converged
99459,5.5,1.0373,0.02093,0.01287,-0.0989,0.6053,1.0,-1.6384,0.0,0.0,True,1.4249,0.04083,0.0308,-0.197,0.1708,1.0,-2.6677,0.0,0.0,True,both_converged
99459,6.0,1.0839,0.02161,0.01367,-0.0969,0.5796,1.0,-1.8317,0.0,0.0,True,1.4658,0.04532,0.03609,-0.1938,0.1628,1.0,-2.7881,0.0,0.0,True,both_converged
99459,6.5,1.1353,0.0219,0.01395,-0.0953,0.5527,1.0,-2.0607,0.0,0.0,True,1.5078,0.04903,0.0401,-0.1912,0.1567,1.0,-2.9509,0.0,0.0,True,both_converged
99459,7.0,1.185,0.02214,0.01417,-0.0933,0.5232,1.0,-2.3081,0.0,0.0,True,1.5392,0.05492,0.04661,-0.1872,0.151,1.0,-3.0683,0.0,0.0,True,both_converged
99459,7.5,1.2288,0.0225,0.01461,-0.0906,0.4913,1.0,-2.5625,0.0,0.0,True,1.553,0.06341,0.05611,-0.1807,0.1471,1.0,-3.0915,0.0,0.0,True,both_converged
99459,8.0,1.2683,0.02289,0.0151,-0.0871,0.4565,1.0,-2.8235,0.0,0.0,True,1.5559,0.07272,0.06621,-0.1738,0.1453,1.0,-3.0949,0.0,0.0,True,both_converged
99459,8.5,1.3011,0.02335,0.01571,-0.0827,0.4164,1.0,-3.0781,0.0,0.0,True,1.5327,0.08477,0.07904,-0.1654,0.1474,1.0,-3.0097,0.0,0.0,True,both_converged
99459,9.0,1.3259,0.024,0.01643,-0.0771,0.3684,1.0,-3.3236,0.0,0.0,True,1.5324,0.09612,0.09064,-0.1608,0.1529,1.0,-3.0358,0.0,0.0,True,both_converged
99459,9.5,1.3355,0.02532,0.01764,-0.0695,0.3049,1.0,-3.5267,0.0,0.0,True,1.2843,0.13089,0.12633,-0.1624,0.1947,1.0,-2.107,0.0,0.0,True,both_converged
99459,10.0,1.3248,0.02804,0.01992,-0.0599,0.2328,1.0,-3.6549,0.0,0.0,True,1.2978,0.13879,0.13427,-0.1607,0.1881,1.0,-2.1842,0.0,0.0,True,both_converged
99459,10.5,1.3132,0.03207,0.02344,-0.052,0.18,1.0,-3.7655,0.0,0.0,True,1.2504,0.15595,0.15137,-0.1724,0.1814,1.0,-1.978,0.0,0.0,True,both_converged
99459,11.0,1.3133,0.03617,0.02732,-0.0463,0.1458,1.0,-3.9128,0.0,0.0,True,1.2591,0.16402,0.15947,-0.1733,0.1724,1.0,-2.0151,0.0,0.0,True,both_converged
99459,11.5,1.3248,0.04008,0.03099,-0.0422,0.1233,1.0,-4.1016,0.0,0.0,True,1.2517,0.17555,0.17099,-0.1785,0.1671,1.0,-1.9607,0.0,0.0,True,both_converged
99459,12.0,1.3443,0.04377,0.03474,-0.0389,0.1066,1.0,-4.3096,0.0,0.0,True,1.2505,0.18429,0.17975,-0.1836,0.158,1.0,-1.9325,0.0,0.0,True,both_converged
99459,12.5,1.3712,0.04749,0.03851,-0.0363,0.0939,1.0,-4.5443,0.0,0.0,True,1.3109,0.19233,0.18793,-0.1722,0.1538,1.0,-2.2351,0.0,0.0,True,both_converged
99459,13.0,1.4059,0.05147,0.04255,-0.0344,0.0841,1.0,-4.8236,0.0,0.0,True,1.2578,0.20224,0.19773,-0.193,0.1451,1.0,-1.8869,0.0,0.0,True,both_converged
99459,13.5,1.4244,0.05579,0.04715,-0.0318,0.0772,1.0,-5.0398,0.0,0.0,True,1.2846,0.20971,0.20529,-0.1913,0.1401,1.0,-2.0162,0.0,0.0,True,both_converged
99459,14.0,1.439,0.06157,0.05335,-0.0293,0.0725,1.0,-5.2102,0.0,0.0,True,1.2814,0.21931,0.21487,-0.1994,0.1365,1.0,-1.9234,0.0,0.0,True,both_converged
99459,14.5,1.4282,0.06783,0.06015,-0.0263,0.0692,1.0,-5.2821,0.0,0.0,True,1.2896,0.226,0.2216,-0.2046,0.1281,1.0,-1.9182,0.0,0.0,True,both_converged
99459,15.0,1.4233,0.07437,0.06704,-0.0244,0.0665,1.0,-5.4015,0.0,0.0,True,1.3281,0.23667,0.23242,-0.1993,0.1246,1.0,-2.1305,0.0,0.0,True,both_converged
99459,15.5,1.4186,0.08287,0.0758,-0.0233,0.0643,1.0,-5.499,0.0,0.0,True,1.3104,0.24179,0.23747,-0.2144,0.1198,1.0,-1.9,0.0,0.0,True,both_converged
99459,16.0,1.3702,0.09333,0.08684,-0.0239,0.0641,1.0,-5.3738,0.0,0.0,True,1.3269,0.24855,0.2443,-0.2172,0.1134,1.0,-1.957,0.0,0.0,True,both_converged
99459,16.5,1.3177,0.10603,0.10005,-0.0276,0.0642,1.0,-5.1959,0.0,0.0,True,1.3698,0.26431,0.26024,-0.2103,0.1106,1.0,-2.2445,0.0,0.0,True,both_converged
99459,17.0,,,,,,,,,,False,1.35,0.26353,0.25937,-0.2282,0.106,1.0,-1.9321,0.0,0.0,True,optimised_only
99459,17.5,0.7005,0.18725,0.18245,-0.0628,0.1409,1.0,-1.3413,0.0,0.0,True,1.3665,0.27012,0.26603,-0.2314,0.1004,1.0,-2.1188,0.0,0.0,True,both_converged
99459,18.0,0.6989,0.1937,0.18892,-0.0654,0.1358,1.0,-1.3012,0.0,0.0,True,1.4027,0.28672,0.2828,-0.2265,0.0978,1.0,-2.5816,0.0,0.0,True,both_converged
99459,18.5,0.7136,0.19919,0.19447,-0.0659,0.1259,1.0,-1.3613,0.0,0.0,True,1.3927,0.28467,0.28068,-0.2423,0.0942,1.0,-2.3237,0.0,0.0,True,both_converged
99459,19.0,1.0497,0.2419,0.2368,-0.1059,0.1111,1.0,-2.2144,0.0,0.0,True,1.4081,0.29107,0.28715,-0.2467,0.089,1.0,-2.4753,0.0,0.0,True,both_converged
99459,19.5,1.0345,0.24605,0.24087,-0.1179,0.1031,1.0,-1.9949,0.0,0.0,True,1.4319,0.30215,0.29836,-0.2455,0.0862,1.0,-2.8121,0.0,0.0,True,both_converged
99459,20.0,1.0782,0.25777,0.25271,-0.1134,0.0983,1.0,-2.27,0.0,0.0,True,1.4372,0.30555,0.30175,-0.2564,0.0837,1.0,-2.7118,0.0,0.0,True,both_converged
99459,20.5,1.0614,0.25992,0.25476,-0.127,0.0915,1.0,-2.0075,0.0,0.0,True,1.4516,0.3116,0.30787,-0.2622,0.0787,1.0,-2.8044,0.0,0.0,True,both_converged
99459,21.0,1.0878,0.26751,0.26244,-0.1269,0.087,1.0,-2.1711,0.0,0.0,True,1.4723,0.32164,0.31805,-0.2618,0.0752,1.0,-3.1087,0.0,0.0,True,both_converged
99459,21.5,1.0903,0.27378,0.26866,-0.1358,0.0833,1.0,-2.0365,0.0,0.0,True,1.4814,0.32589,0.3223,-0.2718,0.0731,1.0,-3.0048,0.0,0.0,True,both_converged
99459,22.0,1.1067,0.27977,0.27469,-0.1397,0.0771,1.0,-2.0802,0.0,0.0,True,1.4965,0.3318,0.32829,-0.2773,0.0671,1.0,-3.0646,0.0,0.0,True,both_converged
99459,22.5,1.1328,0.29085,0.28583,-0.1396,0.0745,1.0,-2.2443,0.0,0.0,True,1.5119,0.3403,0.33685,-0.2813,0.0639,1.0,-3.1058,0.0,0.0,True,both_converged
99459,23.0,1.1331,0.29317,0.28811,-0.1505,0.0696,1.0,-2.0665,0.0,0.0,True,1.5307,0.3513,0.34794,-0.2826,0.0555,1.0,-3.1804,0.0,0.0,True,both_converged
99459,23.5,1.1512,0.29935,0.29435,-0.1534,0.0658,1.0,-2.1575,0.0,0.0,True,1.5425,0.35278,0.3494,-0.2931,0.0486,1.0,-2.9054,0.0,0.0,True,both_converged
99459,24.0,1.1672,0.30751,0.30253,-0.1571,0.0638,1.0,-2.1931,0.0,0.0,True,1.5575,0.36016,0.35677,-0.3002,0.0447,1.0,-2.7186,0.0,0.0,True,both_converged
99459,24.5,1.177,0.31198,0.307,-0.1651,0.059,1.0,-2.1003,0.0,0.0,True,1.5729,0.36671,0.36337,-0.304,0.041,1.0,-2.7237,0.0,0.0,True,both_converged
99459,25.0,1.1944,0.31814,0.31321,-0.1681,0.0561,1.0,-2.1987,0.0,0.0,True,1.5874,0.37406,0.37071,-0.31,0.0398,1.0,-2.6218,0.0,0.0,True,both_converged
99459,25.5,1.2118,0.32747,0.32258,-0.1709,0.0547,1.0,-2.2798,0.0,0.0,True,1.6023,0.37986,0.37653,-0.317,0.0363,1.0,-2.5108,0.0,0.0,True,both_converged
99459,26.0,1.2201,0.33024,0.32534,-0.1803,0.051,1.0,-2.1438,0.0,0.0,True,1.6166,0.38949,0.38622,-0.3176,0.034,1.0,-2.7001,0.0,0.0,True,both_converged
99459,26.5,1.2357,0.33584,0.33099,-0.1841,0.0479,1.0,-2.2228,0.0,0.0,True,1.6304,0.39237,0.38908,-0.328,0.0329,1.0,-2.518,0.0,0.0,True,both_converged
99459,27.0,1.2548,0.34672,0.34194,-0.1853,0.0466,1.0,-2.3639,0.0,0.0,True,1.6444,0.39825,0.39501,-0.3339,0.0307,1.0,-2.5178,0.0,0.0,True,both_converged
99459,27.5,1.2622,0.3477,0.34289,-0.1957,0.0445,1.0,-2.1672,0.0,0.0,True,1.6572,0.40384,0.40064,-0.3385,0.0291,1.0,-2.5939,0.0,0.0,True,both_converged
99459,28.0,1.276,0.35308,0.34832,-0.2008,0.0418,1.0,-2.1797,0.0,0.0,True,1.6695,0.4115,0.40834,-0.3422,0.0284,1.0,-2.6835,0.0,0.0,True,both_converged
99459,28.5,1.2912,0.35954,0.35484,-0.2035,0.0399,1.0,-2.3153,0.0,0.0,True,1.6835,0.41522,0.41207,-0.3507,0.0274,1.0,-2.5652,0.0,0.0,True,both_converged
99459,29.0,1.3026,0.36452,0.35981,-0.2106,0.0389,1.0,-2.2503,0.0,0.0,True,1.6964,0.42026,0.41715,-0.3566,0.0257,1.0,-2.5658,0.0,0.0,True,both_converged
99459,29.5,1.3153,0.36951,0.36485,-0.217,0.0365,1.0,-2.2178,0.0,0.0,True,1.708,0.42491,0.42186,-0.3617,0.0244,1.0,-2.6191,0.0,0.0,True,both_converged
99459,30.0,1.3282,0.37451,0.3699,-0.2219,0.0347,1.0,-2.2595,0.0,0.0,True,,,,,,,,,,False,baseline_only
99940,-30.0,,,,,,,,,,False,,,,,,,,,,False,none_converged
99940,-29.5,-0.515,0.29036,0.28567,0.0345,1.0,0.0267,-0.8856,0.0,0.0,True,-0.8819,0.34232,0.33647,0.0825,1.0,0.0188,-1.559,0.0,0.0,True,both_converged
99940,-29.0,-0.5075,0.28521,0.28048,0.0316,1.0,0.0278,-0.8818,0.0,0.0,True,-0.8676,0.33724,0.33135,0.0775,1.0,0.0192,-1.519,0.0,0.0,True,both_converged
99940,-28.5,-0.5,0.28007,0.2753,0.0286,1.0,0.0289,-0.8862,0.0,0.0,True,-0.8527,0.3322,0.32628,0.0724,1.0,0.0197,-1.4837,0.0,0.0,True,both_converged
99940,-28.0,,,,,,,,,,False,-0.8376,0.32712,0.32118,0.0674,1.0,0.0203,-1.4596,0.0,0.0,True,optimised_only
99940,-27.5,-0.8342,0.32081,0.31502,0.08,1.0,0.0288,-1.6749,0.0,0.0,True,-0.8221,0.32198,0.316,0.0624,1.0,0.0209,-1.4438,0.0,0.0,True,both_converged
99940,-27.0,-0.8183,0.31651,0.3107,0.0742,1.0,0.0296,-1.7224,0.0,0.0,True,-0.8064,0.31681,0.31081,0.0575,1.0,0.0214,-1.4283,0.0,0.0,True,both_converged
99940,-26.5,-0.4677,0.25948,0.25458,0.0172,1.0,0.0326,-0.9038,0.0,0.0,True,-0.7903,0.31166,0.30563,0.0526,1.0,0.0217,-1.4134,0.0,0.0,True,both_converged
99940,-26.0,-0.4594,0.25452,0.2496,0.0143,1.0,0.034,-0.9137,0.0,0.0,True,-0.774,0.30664,0.30059,0.0476,1.0,0.0219,-1.4207,0.0,0.0,True,both_converged
99940,-25.5,-0.4527,0.25049,0.24552,0.0109,1.0,0.0347,-0.9575,0.0,0.0,True,,,,,,,,,,False,baseline_only
99940,-25.0,-0.443,0.24456,0.23958,0.0085,1.0,0.0355,-0.9445,0.0,0.0,True,-0.4589,0.24579,0.2406,-0.003,1.0,0.0243,-0.7842,0.0,0.0,True,both_converged
99940,-24.5,-0.4329,0.23944,0.23443,0.0061,1.0,0.0371,-0.9233,0.0,0.0,True,-0.4506,0.24148,0.23627,-0.0054,1.0,0.0249,-0.7849,0.0,0.0,True,both_converged
99940,-24.0,-0.4237,0.23462,0.22958,0.0034,1.0,0.0388,-0.9298,0.0,0.0,True,-0.4422,0.23726,0.23203,-0.0078,1.0,0.0255,-0.7865,0.0,0.0,True,both_converged
99940,-23.5,-0.4158,0.23031,0.22524,0.0004,1.0,0.0403,-0.9656,0.0,0.0,True,-0.434,0.23323,0.22798,-0.01,1.0,0.0259,-0.7918,0.0,0.0,True,both_converged
99940,-23.0,-0.4122,0.22785,0.22277,-0.0032,1.0,0.0408,-1.0434,0.0,0.0,True,-0.4263,0.22958,0.22431,-0.0123,1.0,0.0262,-0.8042,0.0,0.0,True,both_converged
99940,-22.5,-0.3968,0.22015,0.21505,-0.0046,1.0,0.0421,-0.9607,0.0,0.0,True,,,,,,,,,,False,baseline_only
99940,-22.0,-0.3865,0.21542,0.21029,-0.0069,1.0,0.0441,-0.9404,0.0,0.0,True,-0.4106,0.22137,0.21611,-0.016,1.0,0.0267,-0.8298,0.0,0.0,True,both_converged
99940,-21.5,-0.378,0.21123,0.20608,-0.0097,1.0,0.0467,-0.974,0.0,0.0,True,-0.4025,0.21718,0.21192,-0.0173,1.0,0.0275,-0.8196,0.0,0.0,True,both_converged
99940,-21.0,,,,,,,,,,False,-0.3948,0.21345,0.20819,-0.0187,1.0,0.0284,-0.8241,0.0,0.0,True,optimised_only
99940,-20.5,-0.3597,0.20174,0.19657,-0.0145,1.0,0.049,-1.0042,0.0,0.0,True,-0.3876,0.20986,0.2046,-0.02,1.0,0.0296,-0.8394,0.0,0.0,True,both_converged
99940,-20.0,-0.3488,0.19712,0.19192,-0.0165,1.0,0.0513,-0.9865,0.0,0.0,True,-0.3809,0.20653,0.20129,-0.0213,1.0,0.0306,-0.8704,0.0,0.0,True,both_converged
99940,-19.5,-0.3402,0.19301,0.1878,-0.0189,1.0,0.054,-1.0015,0.0,0.0,True,-0.3759,0.20407,0.19883,-0.0227,1.0,0.0311,-0.9264,0.0,0.0,True,both_converged
99940,-19.0,-0.3449,0.19351,0.1883,-0.0229,1.0,0.0555,-1.1258,0.0,0.0,True,-0.5416,0.23009,0.22399,-0.0075,1.0,0.0299,-1.3038,0.0,0.0,True,both_converged
99940,-18.5,-0.323,0.18413,0.17892,-0.0233,1.0,0.0575,-1.0186,0.0,0.0,True,-0.5258,0.22494,0.21887,-0.0107,1.0,0.0308,-1.3335,0.0,0.0,True,both_converged
99940,-18.0,-0.3125,0.17981,0.17458,-0.025,1.0,0.0605,-1.0119,0.0,0.0,True,-0.5122,0.22116,0.21511,-0.0144,1.0,0.0312,-1.4042,0.0,0.0,True,both_converged
99940,-17.5,-0.3079,0.17682,0.17159,-0.0276,1.0,0.0637,-1.0658,0.0,0.0,True,-0.353,0.19002,0.18489,-0.0238,1.0,0.0344,-0.9336,0.0,0.0,True,both_converged
99940,-17.0,-0.324,0.18003,0.1748,-0.0315,1.0,0.0646,-1.2363,0.0,0.0,True,-0.3493,0.1872,0.18208,-0.0238,1.0,0.0356,-0.9512,0.0,0.0,True,both_converged
99940,-16.5,-0.2901,0.16752,0.1623,-0.0308,1.0,0.0673,-1.0675,0.0,0.0,True,-0.3473,0.18505,0.17997,-0.024,1.0,0.0366,-0.9918,0.0,0.0,True,both_converged
99940,-16.0,-0.2816,0.16371,0.15847,-0.0322,1.0,0.0718,-1.0566,0.0,0.0,True,-0.3494,0.18458,0.17953,-0.0245,1.0,0.0369,-1.0647,0.0,0.0,True,both_converged
99940,-15.5,-0.2956,0.16524,0.16001,-0.0355,1.0,0.0748,-1.1939,0.0,0.0,True,-0.3433,0.17938,0.17438,-0.0232,1.0,0.0376,-1.0234,0.0,0.0,True,both_converged
99940,-15.0,-0.277,0.15689,0.15168,-0.0357,1.0,0.0766,-1.14,0.0,0.0,True,-0.3397,0.17604,0.17107,-0.0221,1.0,0.0388,-0.991,0.0,0.0,True,both_converged
99940,-14.5,-0.2657,0.15244,0.14723,-0.0359,1.0,0.0803,-1.1057,0.0,0.0,True,-0.338,0.17337,0.16843,-0.0213,1.0,0.0402,-0.9848,0.0,0.0,True,both_converged
99940,-14.0,-0.2678,0.15013,0.14492,-0.0374,1.0,0.0851,-1.1581,0.0,0.0,True,-0.3366,0.17053,0.16563,-0.0206,1.0,0.0418,-0.9903,0.0,0.0,True,both_converged
99940,-13.5,-0.3021,0.1525,0.14735,-0.0415,1.0,0.0868,-1.379,0.0,0.0,True,-0.3371,0.16809,0.16323,-0.0202,1.0,0.0431,-1.0255,0.0,0.0,True,both_converged
99940,-13.0,-0.4016,0.15513,0.14952,-0.0343,1.0,0.0866,-1.6638,0.0,0.0,True,-0.3437,0.16733,0.16252,-0.0206,1.0,0.0436,-1.1077,0.0,0.0,True,both_converged
99940,-12.5,-0.365,0.14419,0.13857,-0.0323,1.0,0.0905,-1.4869,0.0,0.0,True,-0.4042,0.16644,0.16102,-0.0241,1.0,0.0435,-1.3374,0.0,0.0,True,both_converged
99940,-12.0,-0.3549,0.13837,0.13278,-0.0339,1.0,0.0962,-1.4723,0.0,0.0,True,-0.4023,0.16169,0.15638,-0.0233,1.0,0.044,-1.3478,0.0,0.0,True,both_converged
99940,-11.5,-0.3879,0.13663,0.1312,-0.0417,1.0,0.0996,-1.7252,0.0,0.0,True,-0.3929,0.15517,0.1499,-0.0207,1.0,0.0456,-1.2728,0.0,0.0,True,both_converged
99940,-11.0,-0.3427,0.12573,0.12026,-0.0372,1.0,0.1039,-1.509,0.0,0.0,True,-0.3899,0.15086,0.14567,-0.0191,1.0,0.0479,-1.2729,0.0,0.0,True,both_converged
99940,-10.5,,,,,,,,,,False,-0.3911,0.14744,0.14234,-0.018,1.0,0.0506,-1.3285,0.0,0.0,True,optimised_only
99940,-10.0,-0.262,0.11076,0.10596,-0.0367,1.0,0.1199,-1.2549,0.0,0.0,True,-0.4068,0.14766,0.14269,-0.0181,1.0,0.0516,-1.485,0.0,0.0,True,both_converged
99940,-9.5,-0.2849,0.1068,0.10213,-0.0361,1.0,0.1268,-1.3372,0.0,0.0,True,-0.3902,0.13829,0.13338,-0.0146,1.0,0.0538,-1.374,0.0,0.0,True,both_converged
99940,-9.0,-0.379,0.10638,0.10141,-0.0399,1.0,0.1277,-1.7135,0.0,0.0,True,-0.3888,0.13403,0.12919,-0.0124,1.0,0.0564,-1.3729,0.0,0.0,True,both_converged
99940,-8.5,-0.3663,0.09913,0.09423,-0.0359,1.0,0.1312,-1.6298,0.0,0.0,True,-0.3922,0.13052,0.12577,-0.0109,1.0,0.0593,-1.422,0.0,0.0,True,both_converged
99940,-8.0,-0.374,0.09541,0.09064,-0.0316,1.0,0.1388,-1.6077,0.0,0.0,True,-0.4122,0.13027,0.12566,-0.0097,1.0,0.0607,-1.5606,0.0,0.0,True,both_converged
99940,-7.5,-0.4405,0.09357,0.08908,-0.028,1.0,0.1424,-1.782,0.0,0.0,True,-0.4405,0.13069,0.12623,-0.0078,1.0,0.0611,-1.7081,0.0,0.0,True,both_converged
99940,-7.0,-0.4536,0.08771,0.08335,-0.0245,1.0,0.1463,-1.7901,0.0,0.0,True,-0.4051,0.11831,0.11386,-0.0036,1.0,0.0645,-1.5084,0.0,0.0,True,both_converged
99940,-6.5,-0.459,0.08348,0.0792,-0.0208,1.0,0.1531,-1.7589,0.0,0.0,True,-0.4134,0.11489,0.11054,-0.0001,1.0,0.0673,-1.523,0.0,0.0,True,both_converged
99940,-6.0,-0.4778,0.07594,0.07167,-0.0261,1.0,0.1617,-1.8702,0.0,0.0,True,-0.4176,0.11199,0.10774,-0.0019,1.0,0.0711,-1.6156,0.0,0.0,True,both_converged
99940,-5.5,-0.4474,0.06779,0.06334,-0.0346,0.9945,0.1774,-1.8509,0.0,0.0,True,-0.4066,0.10612,0.10196,-0.0071,1.0,0.0729,-1.696,0.0,0.0,True,both_converged
99940,-5.0,-0.382,0.05996,0.05533,-0.0438,0.9814,0.197,-1.7184,0.0,0.0,True,-0.3951,0.0999,0.09579,-0.0025,1.0,0.0767,-1.5826,0.0,0.0,True,both_converged
99940,-4.5,-0.2818,0.03069,0.02241,-0.0694,0.9748,0.115,-2.3033,0.0,0.0,True,-0.347,0.09325,0.08916,-0.021,1.0,0.0853,-1.6961,0.0,0.0,True,both_converged
99940,-4.0,-0.2,0.02817,0.01944,-0.0755,0.9613,0.1307,-2.0457,0.0,0.0,True,-0.3377,0.08744,0.08341,-0.0135,1.0,0.0908,-1.5434,0.0,0.0,True,both_converged
99940,-3.5,-0.1194,0.02649,0.01755,-0.0809,0.9466,0.1521,-1.7787,0.0,0.0,True,-0.2734,0.07929,0.07524,-0.0299,1.0,0.1008,-1.5422,0.0,0.0,True,both_converged
99940,-3.0,-0.0399,0.02508,0.01605,-0.0857,0.9312,0.182,-1.5326,0.0,0.0,True,-0.1964,0.07136,0.06724,-0.0461,1.0,0.1151,-1.4636,0.0,0.0,True,both_converged
99940,-2.5,0.0382,0.02398,0.01492,-0.0901,0.9151,0.2255,-1.2998,0.0,0.0,True,-0.1299,0.0648,0.06065,-0.0558,1.0,0.1325,-1.3601,0.0,0.0,True,both_converged
99940,-2.0,0.1144,0.02288,0.01411,-0.0941,0.899,0.2872,-1.0808,0.0,0.0,True,-0.0168,0.05716,0.05285,-0.0779,1.0,0.1628,-1.2771,0.0,0.0,True,both_converged
99940,-1.5,0.1899,0.02162,0.01335,-0.0977,0.8832,0.3859,-0.882,0.0,0.0,True,0.0896,0.05087,0.0464,-0.0952,1.0,0.1958,-1.1313,0.0,0.0,True,both_converged
99940,-1.0,0.254,0.01959,0.01293,-0.0976,0.8681,0.7327,-0.7164,0.0,0.0,True,0.5916,0.02824,0.0207,-0.1941,0.9566,0.2599,-0.7865,0.0,0.0,True,both_converged
99940,-0.5,0.3427,0.01883,0.01211,-0.1021,0.8527,1.0,-0.6484,0.0,0.0,True,0.7676,0.02017,0.01299,-0.2086,0.8646,0.3674,-1.0146,0.0,0.0,True,both_converged
99940,0.0,0.4135,0.0185,0.01145,-0.1041,0.8351,1.0,-0.6991,0.0,0.0,True,0.8236,0.0215,0.01155,-0.2044,0.3373,0.4163,-1.1206,0.0,0.0,True,both_converged
99940,0.5,0.4813,0.01816,0.01086,-0.1054,0.8173,1.0,-0.7504,0.0,0.0,True,0.8748,0.02271,0.01236,-0.2027,0.3029,0.4606,-1.2253,0.0,0.0,True,both_converged
99940,1.0,0.547,0.01784,0.01033,-0.1062,0.7993,1.0,-0.8028,0.0,0.0,True,0.9324,0.02376,0.01317,-0.2024,0.2779,0.5065,-1.3454,0.0,0.0,True,both_converged
99940,1.5,0.5995,0.01802,0.01037,-0.105,0.7757,1.0,-0.8481,0.0,0.0,True,0.9909,0.02492,0.01414,-0.2024,0.2591,0.5533,-1.4689,0.0,0.0,True,both_converged
99940,2.0,0.6586,0.01799,0.0102,-0.1047,0.7551,1.0,-0.9012,0.0,0.0,True,1.0483,0.02606,0.01518,-0.2021,0.2428,0.603,-1.6033,0.0,0.0,True,both_converged
99940,2.5,0.7187,0.018,0.01007,-0.1046,0.7354,1.0,-0.9587,0.0,0.0,True,1.1055,0.02732,0.01647,-0.2019,0.2296,0.6643,-1.7362,0.0,0.0,True,both_converged
99940,3.0,0.7703,0.01843,0.01045,-0.1034,0.7126,1.0,-1.0135,0.0,0.0,True,1.1564,0.02818,0.01768,-0.2005,0.2176,1.0,-1.8781,0.0,0.0,True,both_converged
99940,3.5,0.8247,0.01879,0.01075,-0.1026,0.691,1.0,-1.0791,0.0,0.0,True,1.2164,0.0301,0.01954,-0.201,0.2063,1.0,-2.0276,0.0,0.0,True,both_converged
99940,4.0,0.8812,0.01912,0.01103,-0.1021,0.6707,1.0,-1.1764,0.0,0.0,True,1.2716,0.03242,0.02194,-0.2005,0.1955,1.0,-2.1815,0.0,0.0,True,both_converged
99940,4.5,0.9312,0.01979,0.01173,-0.1008,0.6483,1.0,-1.3002,0.0,0.0,True,1.3258,0.0349,0.02435,-0.2,0.187,1.0,-2.3474,0.0,0.0,True,both_converged
99940,5.0,0.9828,0.02038,0.01234,-0.0997,0.6262,1.0,-1.4539,0.0,0.0,True,1.3751,0.03781,0.02777,-0.1982,0.1774,1.0,-2.4924,0.0,0.0,True,both_converged
99940,5.5,1.0382,0.02083,0.01277,-0.0989,0.6049,1.0,-1.6404,0.0,0.0,True,1.4252,0.04078,0.03072,-0.1971,0.1705,1.0,-2.6713,0.0,0.0,True,both_converged
99940,6.0,1.0843,0.02152,0.01359,-0.0969,0.579,1.0,-1.8331,0.0,0.0,True,1.466,0.04518,0.03595,-0.1938,0.1624,1.0,-2.7905,0.0,0.0,True,both_converged
99940,6.5,1.1351,0.02184,0.0139,-0.0952,0.552,1.0,-2.0606,0.0,0.0,True,1.5088,0.04871,0.03972,-0.1914,0.1564,1.0,-2.9606,0.0,0.0,True,both_converged
99940,7.0,1.1851,0.02208,0.01411,-0.0933,0.5226,1.0,-2.3087,0.0,0.0,True,1.5389,0.05487,0.0466,-0.1872,0.1506,1.0,-3.0664,0.0,0.0,True,both_converged
99940,7.5,1.2295,0.02242,0.01452,-0.0906,0.4908,1.0,-2.5649,0.0,0.0,True,1.5537,0.06318,0.05588,-0.1808,0.1467,1.0,-3.0963,0.0,0.0,True,both_converged
99940,8.0,1.2681,0.02283,0.01505,-0.0871,0.4559,1.0,-2.8233,0.0,0.0,True,1.5592,0.07201,0.06545,-0.1742,0.1444,1.0,-3.1154,0.0,0.0,True,both_converged
99940,8.5,1.3012,0.02328,0.01565,-0.0827,0.4159,1.0,-3.0791,0.0,0.0,True,1.5947,0.07534,0.06865,-0.1718,0.1378,1.0,-3.3563,0.0,0.0,True,both_converged
99940,9.0,1.326,0.02394,0.01637,-0.0771,0.3679,1.0,-3.3245,0.0,0.0,True,1.5845,0.08653,0.08047,-0.1646,0.1382,1.0,-3.3319,0.0,0.0,True,both_converged
99940,9.5,1.3356,0.02527,0.01759,-0.0695,0.3043,1.0,-3.5276,0.0,0.0,True,1.0811,0.13308,0.12871,-0.1398,0.205,1.0,-1.7146,0.0,0.0,True,both_converged
99940,10.0,1.3248,0.02799,0.01988,-0.0599,0.232,1.0,-3.6558,0.0,0.0,True,1.3097,0.13705,0.13254,-0.1583,0.1877,1.0,-2.2336,0.0,0.0,True,both_converged
99940,10.5,1.3134,0.03203,0.02341,-0.052,0.1792,1.0,-3.7667,0.0,0.0,True,1.2482,0.15605,0.15148,-0.1729,0.1804,1.0,-1.9691,0.0,0.0,True,both_converged
99940,11.0,1.3134,0.03612,0.02728,-0.0464,0.1453,1.0,-3.914,0.0,0.0,True,1.2633,0.16344,0.15891,-0.1723,0.172,1.0,-2.0371,0.0,0.0,True,both_converged
99940,11.5,1.3245,0.04004,0.03097,-0.0422,0.123,1.0,-4.1016,0.0,0.0,True,1.246,0.17581,0.17125,-0.18,0.1658,1.0,-1.9313,0.0,0.0,True,both_converged
99940,12.0,1.344,0.04373,0.03471,-0.0389,0.1063,1.0,-4.3096,0.0,0.0,True,1.2521,0.18405,0.17951,-0.1831,0.1576,1.0,-1.9431,0.0,0.0,True,both_converged
99940,12.5,1.3706,0.04744,0.03848,-0.0363,0.0937,1.0,-4.5436,0.0,0.0,True,1.3054,0.19254,0.18814,-0.1737,0.1537,1.0,-2.2042,0.0,0.0,True,both_converged
99940,13.0,1.4048,0.05141,0.04251,-0.0343,0.0839,1.0,-4.8213,0.0,0.0,True,1.2584,0.20209,0.1976,-0.1928,0.1446,1.0,-1.8922,0.0,0.0,True,both_converged
99940,13.5,1.4252,0.05567,0.04701,-0.0319,0.0769,1.0,-5.0473,0.0,0.0,True,1.2875,0.20969,0.20528,-0.1904,0.1399,1.0,-2.036,0.0,0.0,True,both_converged
99940,14.0,1.438,0.06148,0.05327,-0.0292,0.0723,1.0,-5.2091,0.0,0.0,True,1.2786,0.21906,0.21462,-0.2004,0.1357,1.0,-1.9038,0.0,0.0,True,both_converged
99940,14.5,1.4293,0.06762,0.05993,-0.0263,0.0689,1.0,-5.2919,0.0,0.0,True,1.2906,0.2259,0.22153,-0.2042,0.1277,1.0,-1.9268,0.0,0.0,True,both_converged
99940,15.0,1.427,0.07404,0.06666,-0.0244,0.0661,1.0,-5.4262,0.0,0.0,True,1.3324,0.23741,0.23318,-0.1979,0.1244,1.0,-2.1609,0.0,0.0,True,both_converged
99940,15.5,1.4163,0.08277,0.07573,-0.0233,0.0642,1.0,-5.4919,0.0,0.0,True,1.3101,0.24169,0.23737,-0.2146,0.1192,1.0,-1.8985,0.0,0.0,True,both_converged
99940,16.0,1.368,0.0933,0.08685,-0.024,0.064,1.0,-5.3662,0.0,0.0,True,1.3278,0.24854,0.2443,-0.2168,0.1131,1.0,-1.9667,0.0,0.0,True,both_converged
99940,16.5,1.3154,0.1061,0.10015,-0.0279,0.0641,1.0,-5.1863,0.0,0.0,True,1.3696,0.26458,0.2605,-0.2104,0.1105,1.0,-2.2427,0.0,0.0,True,both_converged
99940,17.0,1.0241,0.19137,0.18625,-0.0817,0.0989,1.0,-2.6078,0.0,0.0,True,1.3499,0.26345,0.25929,-0.2283,0.1055,1.0,-1.9315,0.0,0.0,True,both_converged
99940,17.5,0.9853,0.21677,0.21154,-0.1009,0.1298,1.0,-1.9786,0.0,0.0,True,1.3671,0.27015,0.26607,-0.2311,0.1002,1.0,-2.1306,0.0,0.0,True,both_converged
99940,18.0,1.0342,0.22611,0.22101,-0.096,0.1245,1.0,-2.243,0.0,0.0,True,1.4071,0.28914,0.28524,-0.2248,0.0977,1.0,-2.6382,0.0,0.0,True,both_converged
99940,18.5,1.0091,0.23167,0.22647,-0.1092,0.1159,1.0,-1.9847,0.0,0.0,True,1.3926,0.28457,0.28058,-0.2424,0.0937,1.0,-2.3211,0.0,0.0,True,both_converged
99940,19.0,1.0454,0.24145,0.23634,-0.107,0.1109,1.0,-2.1809,0.0,0.0,True,1.4084,0.29104,0.28713,-0.2465,0.0888,1.0,-2.484,0.0,0.0,True,both_converged
99940,19.5,1.035,0.24594,0.24077,-0.1177,0.1027,1.0,-2.0014,0.0,0.0,True,1.4344,0.3038,0.30003,-0.2443,0.086,1.0,-2.8553,0.0,0.0,True,both_converged
99940,20.0,1.0753,0.2573,0.25224,-0.1142,0.0983,1.0,-2.2446,0.0,0.0,True,1.4369,0.30534,0.30155,-0.2568,0.0833,1.0,-2.702,0.0,0.0,True,both_converged
99940,20.5,1.0617,0.25982,0.25468,-0.1269,0.091,1.0,-2.0124,0.0,0.0,True,1.4517,0.31155,0.30784,-0.2621,0.0784,1.0,-2.8105,0.0,0.0,True,both_converged
99940,21.0,1.0907,0.26815,0.26311,-0.126,0.0868,1.0,-2.2002,0.0,0.0,True,1.4738,0.32298,0.31941,-0.2608,0.075,1.0,-3.1442,0.0,0.0,True,both_converged
99940,21.5,1.0899,0.27369,0.26859,-0.136,0.0828,1.0,-2.0313,0.0,0.0,True,1.4812,0.32567,0.32209,-0.2721,0.0727,1.0,-2.9941,0.0,0.0,True,both_converged
99940,22.0,1.1074,0.27973,0.27467,-0.1393,0.0768,1.0,-2.0925,0.0,0.0,True,1.4966,0.33179,0.32829,-0.2771,0.0669,1.0,-3.0739,0.0,0.0,True,both_converged
99940,22.5,1.1298,0.28977,0.28475,-0.1405,0.0744,1.0,-2.2126,0.0,0.0,True,1.5115,0.33985,0.33641,-0.2819,0.0636,1.0,-3.0868,0.0,0.0,True,both_converged
99940,23.0,1.1332,0.29311,0.28807,-0.1505,0.0692,1.0,-2.0689,0.0,0.0,True,1.5301,0.35061,0.34724,-0.2831,0.0554,1.0,-3.1623,0.0,0.0,True,both_converged
99940,23.5,1.152,0.29945,0.29447,-0.153,0.0656,1.0,-2.173,0.0,0.0,True,1.5427,0.35286,0.34949,-0.2926,0.0484,1.0,-2.9252,0.0,0.0,True,both_converged
99940,24.0,1.1655,0.30679,0.30181,-0.1581,0.0635,1.0,-2.1632,0.0,0.0,True,1.5576,0.36014,0.35675,-0.3003,0.0444,1.0,-2.7169,0.0,0.0,True,both_converged
99940,24.5,1.1771,0.31192,0.30695,-0.1651,0.0587,1.0,-2.104,0.0,0.0,True,1.573,0.3669,0.36357,-0.3035,0.0408,1.0,-2.7415,0.0,0.0,True,both_converged
99940,25.0,1.195,0.31831,0.3134,-0.1677,0.0559,1.0,-2.2146,0.0,0.0,True,1.5874,0.37388,0.37054,-0.3104,0.0396,1.0,-2.6046,0.0,0.0,True,both_converged
99940,25.5,1.2103,0.32647,0.32159,-0.1718,0.0546,1.0,-2.251,0.0,0.0,True,1.6023,0.3798,0.37648,-0.317,0.036,1.0,-2.5153,0.0,0.0,True,both_converged
99940,26.0,1.2202,0.33019,0.3253,-0.1803,0.0507,1.0,-2.1459,0.0,0.0,True,1.6164,0.38889,0.38563,-0.3182,0.0339,1.0,-2.6804,0.0,0.0,True,both_converged
99940,26.5,1.236,0.3359,0.33107,-0.1838,0.0477,1.0,-2.2357,0.0,0.0,True,1.6305,0.39236,0.38909,-0.3281,0.0327,1.0,-2.5118,0.0,0.0,True,both_converged
99940,27.0,1.2535,0.3456,0.34082,-0.186,0.0466,1.0,-2.3367,0.0,0.0,True,1.6444,0.39822,0.39499,-0.3339,0.0305,1.0,-2.521,0.0,0.0,True,both_converged
99940,27.5,1.2621,0.34765,0.34286,-0.1958,0.0442,1.0,-2.1653,0.0,0.0,True,1.6571,0.40388,0.4007,-0.3383,0.029,1.0,-2.6069,0.0,0.0,True,both_converged
99940,28.0,1.276,0.35303,0.34828,-0.2008,0.0416,1.0,-2.1851,0.0,0.0,True,1.6695,0.41107,0.40791,-0.3426,0.0283,1.0,-2.6661,0.0,0.0,True,both_converged
99940,28.5,1.2918,0.36024,0.35556,-0.203,0.0398,1.0,-2.3382,0.0,0.0,True,1.6836,0.41522,0.41208,-0.3508,0.0273,1.0,-2.5608,0.0,0.0,True,both_converged
99940,29.0,1.3025,0.36435,0.35966,-0.2109,0.0387,1.0,-2.2365,0.0,0.0,True,1.6964,0.42024,0.41714,-0.3566,0.0256,1.0,-2.5683,0.0,0.0,True,both_converged
99940,29.5,1.3153,0.36947,0.36483,-0.217,0.0363,1.0,-2.2194,0.0,0.0,True,1.7079,0.42491,0.42187,-0.3615,0.0243,1.0,-2.6288,0.0,0.0,True,both_converged
99940,30.0,1.3282,0.37447,0.36987,-0.2217,0.0345,1.0,-2.2672,0.0,0.0,True,1.7181,0.43205,0.42905,-0.365,0.0236,1.0,-2.7344,0.0,0.0,True,both_converged
