Re,alpha,baseline_CL,baseline_CD,baseline_CDp,baseline_Cm,baseline_Top Xtr,baseline_Bot Xtr,baseline_Cpmin,baseline_Chinge,baseline_XCp,baseline_has_data,optimised_CL,optimised_CD,optimised_CDp,optimised_Cm,optimised_Top Xtr,optimised_Bot Xtr,optimised_Cpmin,optimised_Chinge,optimised_XCp,optimised_has_data,status
160,-30.0,,,,,,,,,,False,,,,,,,,,,False,none_converged
160,-29.5,,,,,,,,,,False,,,,,,,,,,False,none_converged
160,-29.0,,,,,,,,,,False,,,,,,,,,,False,none_converged
160,-28.5,,,,,,,,,,False,,,,,,,,,,False,none_converged
160,-28.0,,,,,,,,,,False,,,,,,,,,,False,none_converged
160,-27.5,,,,,,,,,,False,,,,,,,,,,False,none_converged
160,-27.0,,,,,,,,,,False,,,,,,,,,,False,none_converged
160,-26.5,,,,,,,,,,False,,,,,,,,,,False,none_converged
160,-26.0,,,,,,,,,,False,,,,,,,,,,False,none_converged
160,-25.5,,,,,,,,,,False,,,,,,,,,,False,none_converged
160,-25.0,,,,,,,,,,False,,,,,,,,,,False,none_converged
160,-24.5,,,,,,,,,,False,,,,,,,,,,False,none_converged
160,-24.0,,,,,,,,,,False,,,,,,,,,,False,none_converged
160,-23.5,,,,,,,,,,False,,,,,,,,,,False,none_converged
160,-23.0,,,,,,,,,,False,,,,,,,,,,False,none_converged
160,-22.5,,,,,,,,,,False,,,,,,,,,,False,none_converged
160,-22.0,,,,,,,,,,False,,,,,,,,,,False,none_converged
160,-21.5,,,,,,,,,,False,,,,,,,,,,False,none_converged
160,-21.0,,,,,,,,,,False,,,,,,,,,,False,none_converged
160,-20.5,,,,,,,,,,False,,,,,,,,,,False,none_converged
160,-20.0,,,,,,,,,,False,,,,,,,,,,False,none_converged
160,-19.5,,,,,,,,,,False,,,,,,,,,,False,none_converged
160,-19.0,,,,,,,,,,False,,,,,,,,,,False,none_converged
160,-18.5,,,,,,,,,,False,,,,,,,,,,False,none_converged
160,-18.0,,,,,,,,,,False,,,,,,,,,,False,none_converged
160,-17.5,,,,,,,,,,False,,,,,,,,,,False,none_converged
160,-17.0,,,,,,,,,,False,,,,,,,,,,False,none_converged
160,-16.5,,,,,,,,,,False,,,,,,,,,,False,none_converged
160,-16.0,,,,,,,,,,False,,,,,,,,,,False,none_converged
160,-15.5,,,,,,,,,,False,,,,,,,,,,False,none_converged
160,-15.0,,,,,,,,,,False,,,,,,,,,,False,none_converged
160,-14.5,,,,,,,,,,False,,,,,,,,,,False,none_converged
160,-14.0,,,,,,,,,,False,,,,,,,,,,False,none_converged
160,-13.5,,,,,,,,,,False,,,,,,,,,,False,none_converged
160,-13.0,,,,,,,,,,False,,,,,,,,,,False,none_converged
160,-12.5,,,,,,,,,,False,,,,,,,,,,False,none_converged
160,-12.0,,,,,,,,,,False,,,,,,,,,,False,none_converged
160,-11.5,,,,,,,,,,False,,,,,,,,,,False,none_converged
160,-11.0,,,,,,,,,,False,,,,,,,,,,False,none_converged
160,-10.5,,,,,,,,,,False,,,,,,,,,,False,none_converged
160,-10.0,,,,,,,,,,False,,,,,,,,,,False,none_converged
160,-9.5,,,,,,,,,,False,,,,,,,,,,False,none_converged
160,-9.0,,,,,,,,,,False,,,,,,,,,,False,none_converged
160,-8.5,,,,,,,,,,False,,,,,,,,,,False,none_converged
160,-8.0,,,,,,,,,,False,,,,,,,,,,False,none_converged
160,-7.5,,,,,,,,,,False,,,,,,,,,,False,none_converged
160,-7.0,,,,,,,,,,False,,,,,,,,,,False,none_converged
160,-6.5,,,,,,,,,,False,,,,,,,,,,False,none_converged
160,-6.0,,,,,,,,,,False,,,,,,,,,,False,none_converged
160,-5.5,,,,,,,,,,False,,,,,,,,,,False,none_converged
160,-5.0,,,,,,,,,,False,,,,,,,,,,False,none_converged
160,-4.5,,,,,,,,,,False,,,,,,,,,,False,none_converged
160,-4.0,,,,,,,,,,False,,,,,,,,,,False,none_converged
160,-3.5,,,,,,,,,,False,,,,,,,,,,False,none_converged
160,-3.0,,,,,,,,,,False,,,,,,,,,,False,none_converged
160,-2.5,,,,,,,,,,False,,,,,,,,,,False,none_converged
160,-2.0,,,,,,,,,,False,,,,,,,,,,False,none_converged
160,-1.5,,,,,,,,,,False,,,,,,,,,,False,none_converged
160,-1.0,,,,,,,,,,False,,,,,,,,,,False,none_converged
160,-0.5,,,,,,,,,,False,,,,,,,,,,False,none_converged
160,0.0,,,,,,,,,,False,,,,,,,,,,False,none_converged
160,0.5,,,,,,,,,,False,,,,,,,,,,False,none_converged
160,1.0,,,,,,,,,,False,,,,,,,,,,False,none_converged
160,1.5,,,,,,,,,,False,,,,,,,,,,False,none_converged
160,2.0,,,,,,,,,,False,,,,,,,,,,False,none_converged
160,2.5,,,,,,,,,,False,,,,,,,,,,False,none_converged
160,3.0,,,,,,,,,,False,,,,,,,,,,False,none_converged
160,3.5,,,,,,,,,,False,,,,,,,,,,False,none_converged
160,4.0,,,,,,,,,,False,,,,,,,,,,False,none_converged
160,4.5,,,,,,,,,,False,,,,,,,,,,False,none_converged
160,5.0,,,,,,,,,,False,,,,,,,,,,False,none_converged
160,5.5,,,,,,,,,,False,,,,,,,,,,False,none_converged
160,6.0,,,,,,,,,,False,,,,,,,,,,False,none_converged
160,6.5,,,,,,,,,,False,,,,,,,,,,False,none_converged
160,7.0,,,,,,,,,,False,,,,,,,,,,False,none_converged
160,7.5,,,,,,,,,,False,,,,,,,,,,False,none_converged
160,8.0,,,,,,,,,,False,,,,,,,,,,False,none_converged
160,8.5,,,,,,,,,,False,,,,,,,,,,False,none_converged
160,9.0,,,,,,,,,,False,,,,,,,,,,False,none_converged
160,9.5,,,,,,,,,,False,,,,,,,,,,False,none_converged
160,10.0,,,,,,,,,,False,,,,,,,,,,False,none_converged
160,10.5,,,,,,,,,,False,,,,,,,,,,False,none_converged
160,11.0,,,,,,,,,,False,,,,,,,,,,False,none_converged
160,11.5,,,,,,,,,,False,,,,,,,,,,False,none_converged
160,12.0,,,,,,,,,,False,,,,,,,,,,False,none_converged
160,12.5,,,,,,,,,,False,,,,,,,,,,False,none_converged
160,13.0,,,,,,,,,,False,,,,,,,,,,False,none_converged
160,13.5,,,,,,,,,,False,,,,,,,,,,False,none_converged
160,14.0,,,,,,,,,,False,,,,,,,,,,False,none_converged
160,14.5,,,,,,,,,,False,,,,,,,,,,False,none_converged
160,15.0,,,,,,,,,,False,,,,,,,,,,False,none_converged
160,15.5,,,,,,,,,,False,,,,,,,,,,False,none_converged
160,16.0,,,,,,,,,,False,,,,,,,,,,False,none_converged
160,16.5,,,,,,,,,,False,,,,,,,,,,False,none_converged
160,17.0,,,,,,,,,,False,,,,,,,,,,False,none_converged
160,17.5,,,,,,,,,,False,,,,,,,,,,False,none_converged
160,18.0,,,,,,,,,,False,,,,,,,,,,False,none_converged
160,18.5,,,,,,,,,,False,,,,,,,,,,False,none_converged
160,19.0,,,,,,,,,,False,,,,,,,,,,False,none_converged
160,19.5,,,,,,,,,,False,,,,,,,,,,False,none_converged
160,20.0,,,,,,,,,,False,,,,,,,,,,False,none_converged
160,20.5,,,,,,,,,,False,,,,,,,,,,False,none_converged
160,21.0,,,,,,,,,,False,,,,,,,,,,False,none_converged
160,21.5,,,,,,,,,,False,,,,,,,,,,False,none_converged
160,22.0,,,,,,,,,,False,,,,,,,,,,False,none_converged
160,22.5,,,,,,,,,,False,,,,,,,,,,False,none_converged
160,23.0,,,,,,,,,,False,,,,,,,,,,False,none_converged
160,23.5,,,,,,,,,,False,,,,,,,,,,False,none_converged
160,24.0,,,,,,,,,,False,,,,,,,,,,False,none_converged
160,24.5,,,,,,,,,,False,,,,,,,,,,False,none_converged
160,25.0,,,,,,,,,,False,,,,,,,,,,False,none_converged
160,25.5,,,,,,,,,,False,,,,,,,,,,False,none_converged
160,26.0,,,,,,,,,,False,,,,,,,,,,False,none_converged
160,26.5,,,,,,,,,,False,,,,,,,,,,False,none_converged
160,27.0,,,,,,,,,,False,,,,,,,,,,False,none_converged
160,27.5,,,,,,,,,,False,,,,,,,,,,False,none_converged
160,28.0,,,,,,,,,,False,,,,,,,,,,False,none_converged
160,28.5,,,,,,,,,,False,,,,,,,,,,False,none_converged
160,29.0,,,,,,,,,,False,,,,,,,,,,False,none_converged
160,29.5,,,,,,,,,,False,,,,,,,,,,False,none_converged
160,30.0,,,,,,,,,,False,,,,,,,,,,False,none_converged
641,-30.0,-0.4919,0.35047,0.29357,0.0347,1.0,1.0,-0.9499,0.0,0.0,True,,,,,,,,,,False,baseline_only
641,-29.5,-0.4845,0.34499,0.28755,0.0319,1.0,1.0,-0.9559,0.0,0.0,True,-0.5346,0.34916,0.29181,0.0329,1.0,1.0,-0.8642,0.0,0.0,True,both_converged
641,-29.0,-0.477,0.33953,0.2816,0.0291,1.0,1.0,-0.9609,0.0,0.0,True,-0.5277,0.3436,0.28572,0.0303,1.0,1.0,-0.8722,0.0,0.0,True,both_converged
641,-28.5,-0.4692,0.33408,0.27566,0.0264,1.0,1.0,-0.965,0.0,0.0,True,-0.5206,0.33807,0.27974,0.0277,1.0,1.0,-0.8796,0.0,0.0,True,both_converged
641,-28.0,-0.4612,0.32862,0.26968,0.0237,1.0,1.0,-0.9681,0.0,0.0,True,-0.5133,0.33256,0.27381,0.0251,1.0,1.0,-0.8865,0.0,0.0,True,both_converged
641,-27.5,-0.4531,0.3232,0.26379,0.021,1.0,1.0,-0.9733,0.0,0.0,True,-0.5058,0.32707,0.26782,0.0226,1.0,1.0,-0.8928,0.0,0.0,True,both_converged
641,-27.0,-0.4448,0.3178,0.25793,0.0183,1.0,1.0,-0.9807,0.0,0.0,True,-0.4981,0.32162,0.26197,0.0201,1.0,1.0,-0.8985,0.0,0.0,True,both_converged
641,-26.5,-0.4362,0.31241,0.25204,0.0157,1.0,1.0,-0.9874,0.0,0.0,True,-0.4901,0.3162,0.25616,0.0177,1.0,1.0,-0.9083,0.0,0.0,True,both_converged
641,-26.0,-0.4276,0.30706,0.24625,0.0131,1.0,1.0,-0.9931,0.0,0.0,True,-0.482,0.3108,0.25031,0.0153,1.0,1.0,-0.9181,0.0,0.0,True,both_converged
641,-25.5,-0.4187,0.30176,0.24051,0.0105,1.0,1.0,-0.9978,0.0,0.0,True,-0.4738,0.30545,0.2446,0.013,1.0,1.0,-0.9275,0.0,0.0,True,both_converged
641,-25.0,-0.4097,0.29648,0.23475,0.008,1.0,1.0,-1.0016,0.0,0.0,True,-0.4653,0.30014,0.23894,0.0107,1.0,1.0,-0.9365,0.0,0.0,True,both_converged
641,-24.5,-0.4005,0.29127,0.22913,0.0055,1.0,1.0,-1.004,0.0,0.0,True,-0.4567,0.29487,0.23335,0.0084,1.0,1.0,-0.9449,0.0,0.0,True,both_converged
641,-24.0,-0.3912,0.28611,0.22357,0.003,1.0,1.0,-1.0056,0.0,0.0,True,-0.448,0.28964,0.22772,0.0062,1.0,1.0,-0.9531,0.0,0.0,True,both_converged
641,-23.5,-0.3818,0.28099,0.21799,0.0006,1.0,1.0,-1.0125,0.0,0.0,True,-0.4391,0.28447,0.22226,0.0041,1.0,1.0,-0.9605,0.0,0.0,True,both_converged
641,-23.0,-0.3723,0.27594,0.21256,-0.0018,1.0,1.0,-1.0183,0.0,0.0,True,-0.4301,0.27935,0.21686,0.002,1.0,1.0,-0.9673,0.0,0.0,True,both_converged
641,-22.5,-0.3627,0.27095,0.2072,-0.0041,1.0,1.0,-1.023,0.0,0.0,True,-0.4209,0.27428,0.21144,-0.0001,1.0,1.0,-0.9759,0.0,0.0,True,both_converged
641,-22.0,-0.353,0.26602,0.20184,-0.0064,1.0,1.0,-1.0265,0.0,0.0,True,-0.4117,0.26927,0.20619,-0.002,1.0,1.0,-0.9875,0.0,0.0,True,both_converged
641,-21.5,-0.3432,0.26116,0.19664,-0.0087,1.0,1.0,-1.029,0.0,0.0,True,-0.4023,0.26433,0.20101,-0.004,1.0,1.0,-0.9986,0.0,0.0,True,both_converged
641,-21.0,-0.3334,0.25638,0.19152,-0.0109,1.0,1.0,-1.0302,0.0,0.0,True,-0.3929,0.25945,0.19592,-0.0058,1.0,1.0,-1.0092,0.0,0.0,True,both_converged
641,-20.5,-0.3236,0.25168,0.18648,-0.013,1.0,1.0,-1.0302,0.0,0.0,True,-0.3833,0.25461,0.1908,-0.0076,1.0,1.0,-1.0198,0.0,0.0,True,both_converged
641,-20.0,-0.3137,0.24703,0.18145,-0.0151,1.0,1.0,-1.0356,0.0,0.0,True,-0.3737,0.24986,0.18587,-0.0094,1.0,1.0,-1.0295,0.0,0.0,True,both_converged
641,-19.5,-0.3039,0.24248,0.17659,-0.0172,1.0,1.0,-1.0399,0.0,0.0,True,-0.3641,0.24517,0.18101,-0.0111,1.0,1.0,-1.0385,0.0,0.0,True,both_converged
641,-19.0,-0.2941,0.23802,0.17183,-0.0192,1.0,1.0,-1.0429,0.0,0.0,True,-0.3544,0.24055,0.17616,-0.0127,1.0,1.0,-1.0468,0.0,0.0,True,both_converged
641,-18.5,-0.2843,0.23362,0.16708,-0.0211,1.0,1.0,-1.0446,0.0,0.0,True,-0.3447,0.23599,0.17148,-0.0142,1.0,1.0,-1.0545,0.0,0.0,True,both_converged
641,-18.0,-0.2746,0.22932,0.16251,-0.023,1.0,1.0,-1.0453,0.0,0.0,True,-0.335,0.23153,0.1669,-0.0157,1.0,1.0,-1.0613,0.0,0.0,True,both_converged
641,-17.5,-0.265,0.22512,0.15805,-0.0248,1.0,1.0,-1.0445,0.0,0.0,True,-0.3253,0.22714,0.16242,-0.0171,1.0,1.0,-1.0711,0.0,0.0,True,both_converged
641,-17.0,-0.2555,0.221,0.15369,-0.0266,1.0,1.0,-1.0458,0.0,0.0,True,-0.3156,0.22281,0.15792,-0.0185,1.0,1.0,-1.0828,0.0,0.0,True,both_converged
641,-16.5,-0.2461,0.21696,0.14934,-0.0282,1.0,1.0,-1.0489,0.0,0.0,True,-0.3059,0.21856,0.15361,-0.0197,1.0,1.0,-1.094,0.0,0.0,True,both_converged
641,-16.0,-0.2369,0.21303,0.14518,-0.0299,1.0,1.0,-1.0511,0.0,0.0,True,-0.2963,0.2144,0.14941,-0.021,1.0,1.0,-1.1043,0.0,0.0,True,both_converged
641,-15.5,-0.228,0.2092,0.14114,-0.0314,1.0,1.0,-1.0518,0.0,0.0,True,-0.2868,0.21032,0.14531,-0.0221,1.0,1.0,-1.1136,0.0,0.0,True,both_converged
641,-15.0,-0.2192,0.20546,0.13721,-0.0329,1.0,1.0,-1.0513,0.0,0.0,True,-0.2773,0.2063,0.14118,-0.0231,1.0,1.0,-1.1219,0.0,0.0,True,both_converged
641,-14.5,-0.2108,0.2018,0.13328,-0.0342,1.0,1.0,-1.0493,0.0,0.0,True,-0.268,0.20237,0.13726,-0.0241,1.0,1.0,-1.1297,0.0,0.0,True,both_converged
641,-14.0,-0.2026,0.19825,0.12955,-0.0355,1.0,1.0,-1.0501,0.0,0.0,True,-0.2589,0.19853,0.13345,-0.0251,1.0,1.0,-1.1363,0.0,0.0,True,both_converged
641,-13.5,-0.1948,0.1948,0.12594,-0.0368,1.0,1.0,-1.0522,0.0,0.0,True,-0.2499,0.19477,0.12973,-0.0259,1.0,1.0,-1.1418,0.0,0.0,True,both_converged
641,-13.0,-0.1873,0.19145,0.12244,-0.0379,1.0,1.0,-1.053,0.0,0.0,True,-0.241,0.19109,0.12612,-0.0267,1.0,1.0,-1.146,0.0,0.0,True,both_converged
641,-12.5,-0.1803,0.18818,0.11895,-0.0389,1.0,1.0,-1.0524,0.0,0.0,True,-0.2325,0.18748,0.12247,-0.0274,1.0,1.0,-1.1495,0.0,0.0,True,both_converged
641,-12.0,-0.1738,0.18501,0.11564,-0.0399,1.0,1.0,-1.0512,0.0,0.0,True,-0.2241,0.18396,0.11904,-0.028,1.0,1.0,-1.1586,0.0,0.0,True,both_converged
641,-11.5,-0.1679,0.18193,0.11244,-0.0407,1.0,1.0,-1.0498,0.0,0.0,True,-0.2161,0.18053,0.11572,-0.0285,1.0,1.0,-1.1668,0.0,0.0,True,both_converged
641,-11.0,-0.1624,0.17896,0.10933,-0.0414,1.0,1.0,-1.0521,0.0,0.0,True,-0.2083,0.17719,0.11249,-0.029,1.0,1.0,-1.174,0.0,0.0,True,both_converged
641,-10.5,-0.1577,0.17607,0.10633,-0.042,1.0,1.0,-1.0534,0.0,0.0,True,-0.2009,0.17393,0.10936,-0.0294,1.0,1.0,-1.1802,0.0,0.0,True,both_converged
641,-10.0,-0.1536,0.17326,0.10331,-0.0425,1.0,1.0,-1.0536,0.0,0.0,True,-0.1939,0.17073,0.10618,-0.0297,1.0,1.0,-1.1854,0.0,0.0,True,both_converged
641,-9.5,-0.1503,0.17053,0.10046,-0.0429,1.0,1.0,-1.0534,0.0,0.0,True,-0.1874,0.16763,0.10323,-0.0299,1.0,1.0,-1.1902,0.0,0.0,True,both_converged
641,-9.0,-0.1477,0.16791,0.0977,-0.0432,1.0,1.0,-1.0527,0.0,0.0,True,-0.1813,0.16463,0.10038,-0.03,1.0,1.0,-1.1942,0.0,0.0,True,both_converged
641,-8.5,-0.146,0.16536,0.09502,-0.0433,1.0,1.0,-1.0558,0.0,0.0,True,-0.1757,0.16171,0.09762,-0.0301,1.0,1.0,-1.1974,0.0,0.0,True,both_converged
641,-8.0,-0.1451,0.16291,0.09241,-0.0433,1.0,1.0,-1.0581,0.0,0.0,True,-0.1706,0.15888,0.09496,-0.0301,1.0,1.0,-1.1999,0.0,0.0,True,both_converged
641,-7.5,-0.1452,0.16054,0.08987,-0.0431,1.0,1.0,-1.0596,0.0,0.0,True,-0.1661,0.15614,0.0924,-0.03,1.0,1.0,-1.2037,0.0,0.0,True,both_converged
641,-7.0,-0.1462,0.1582,0.08723,-0.0427,1.0,1.0,-1.0597,0.0,0.0,True,-0.1623,0.15348,0.08977,-0.0298,1.0,1.0,-1.2111,0.0,0.0,True,both_converged
641,-6.5,-0.1479,0.15594,0.08471,-0.0421,1.0,1.0,-1.0596,0.0,0.0,True,-0.1591,0.1509,0.08736,-0.0296,1.0,1.0,-1.2185,0.0,0.0,True,both_converged
641,-6.0,-0.1503,0.15371,0.08217,-0.0414,1.0,1.0,-1.0602,0.0,0.0,True,-0.1566,0.1484,0.08504,-0.0292,1.0,1.0,-1.2252,0.0,0.0,True,both_converged
641,-5.5,-0.1527,0.15155,0.07958,-0.0404,1.0,1.0,-1.0573,0.0,0.0,True,-0.1547,0.14595,0.08277,-0.0288,1.0,1.0,-1.2311,0.0,0.0,True,both_converged
641,-5.0,-0.1548,0.14949,0.07693,-0.0393,1.0,1.0,-1.0497,0.0,0.0,True,-0.1533,0.14353,0.08055,-0.0283,1.0,1.0,-1.2358,0.0,0.0,True,both_converged
641,-4.5,-0.1554,0.14757,0.07417,-0.038,1.0,1.0,-1.0352,0.0,0.0,True,-0.1525,0.14116,0.07838,-0.0278,1.0,1.0,-1.2391,0.0,0.0,True,both_converged
641,-4.0,-0.1536,0.1458,0.07115,-0.0367,1.0,1.0,-1.0152,0.0,0.0,True,-0.1518,0.13886,0.07625,-0.0272,1.0,1.0,-1.2405,0.0,0.0,True,both_converged
641,-3.5,-0.149,0.14424,0.06817,-0.0354,1.0,1.0,-0.987,0.0,0.0,True,-0.1509,0.13664,0.07393,-0.0268,1.0,1.0,-1.2379,0.0,0.0,True,both_converged
641,-3.0,-0.1409,0.14285,0.06515,-0.0341,1.0,1.0,-0.9486,0.0,0.0,True,-0.1466,0.13444,0.07159,-0.0269,1.0,1.0,-1.2335,0.0,0.0,True,both_converged
641,-2.5,-0.1294,0.14163,0.06218,-0.0329,1.0,1.0,-0.9032,0.0,0.0,True,-0.1361,0.13223,0.06891,-0.0282,1.0,1.0,-1.2154,0.0,0.0,True,both_converged
641,-2.0,-0.1147,0.14056,0.05921,-0.0318,1.0,1.0,-0.8505,0.0,0.0,True,-0.1171,0.13008,0.06588,-0.0309,1.0,1.0,-1.1782,0.0,0.0,True,both_converged
641,-1.5,-0.0975,0.13967,0.05654,-0.0307,1.0,1.0,-0.7924,0.0,0.0,True,-0.089,0.12816,0.06262,-0.0348,1.0,1.0,-1.119,0.0,0.0,True,both_converged
641,-1.0,-0.0786,0.13895,0.05412,-0.0296,1.0,1.0,-0.7325,0.0,0.0,True,-0.0526,0.12658,0.05913,-0.0395,1.0,1.0,-1.0388,0.0,0.0,True,both_converged
641,-0.5,-0.0582,0.13841,0.05191,-0.0284,1.0,1.0,-0.6698,0.0,0.0,True,-0.0105,0.12546,0.05595,-0.0444,1.0,1.0,-0.9468,0.0,0.0,True,both_converged
641,0.0,-0.0367,0.13805,0.05007,-0.0273,1.0,1.0,-0.6071,0.0,0.0,True,0.035,0.12481,0.05317,-0.0491,1.0,1.0,-0.8404,0.0,0.0,True,both_converged
641,0.5,-0.0147,0.13787,0.04857,-0.0261,1.0,1.0,-0.5458,0.0,0.0,True,0.0819,0.12454,0.05074,-0.0533,1.0,1.0,-0.7329,0.0,0.0,True,both_converged
641,1.0,0.0076,0.13787,0.04734,-0.025,1.0,1.0,-0.4853,0.0,0.0,True,0.1286,0.12464,0.04899,-0.0569,1.0,1.0,-0.6232,0.0,0.0,True,both_converged
641,1.5,0.0302,0.13805,0.04648,-0.0238,1.0,1.0,-0.4268,0.0,0.0,True,0.1743,0.12508,0.04789,-0.0599,1.0,1.0,-0.5175,0.0,0.0,True,both_converged
641,2.0,0.0526,0.1384,0.04596,-0.0227,1.0,1.0,-0.371,0.0,0.0,True,0.2183,0.12581,0.04734,-0.0624,1.0,1.0,-0.4884,0.0,0.0,True,both_converged
641,2.5,0.0749,0.1389,0.04573,-0.0216,1.0,1.0,-0.3721,0.0,0.0,True,0.2606,0.1268,0.04747,-0.0645,1.0,1.0,-0.5391,0.0,0.0,True,both_converged
641,3.0,0.0968,0.13956,0.04584,-0.0205,1.0,1.0,-0.3835,0.0,0.0,True,0.3004,0.12805,0.0482,-0.0663,1.0,1.0,-0.5883,0.0,0.0,True,both_converged
641,3.5,0.1182,0.14037,0.04626,-0.0195,1.0,1.0,-0.3951,0.0,0.0,True,0.3377,0.12954,0.04955,-0.0678,1.0,1.0,-0.6364,0.0,0.0,True,both_converged
641,4.0,0.139,0.14131,0.04696,-0.0185,1.0,1.0,-0.407,0.0,0.0,True,0.373,0.1313,0.05139,-0.069,1.0,1.0,-0.6824,0.0,0.0,True,both_converged
641,4.5,0.1592,0.14237,0.04792,-0.0175,1.0,1.0,-0.4191,0.0,0.0,True,0.4052,0.13329,0.05375,-0.0701,1.0,1.0,-0.7257,0.0,0.0,True,both_converged
641,5.0,0.1787,0.14355,0.04915,-0.0166,1.0,1.0,-0.4319,0.0,0.0,True,0.4341,0.13548,0.05658,-0.0711,1.0,1.0,-0.7651,0.0,0.0,True,both_converged
641,5.5,0.1976,0.14487,0.05065,-0.0158,1.0,1.0,-0.4453,0.0,0.0,True,0.4596,0.13789,0.05985,-0.072,1.0,1.0,-0.7999,0.0,0.0,True,both_converged
641,6.0,0.216,0.14634,0.0524,-0.0151,1.0,1.0,-0.4599,0.0,0.0,True,0.4821,0.14056,0.06348,-0.0729,1.0,1.0,-0.8291,0.0,0.0,True,both_converged
641,6.5,0.2338,0.14795,0.05439,-0.0145,1.0,1.0,-0.4755,0.0,0.0,True,0.5015,0.14352,0.06745,-0.0739,1.0,1.0,-0.8537,0.0,0.0,True,both_converged
641,7.0,0.2512,0.14973,0.05668,-0.014,1.0,1.0,-0.4927,0.0,0.0,True,0.5181,0.14676,0.07176,-0.0751,1.0,1.0,-0.8715,0.0,0.0,True,both_converged
641,7.5,0.268,0.15167,0.05917,-0.0137,1.0,1.0,-0.5112,0.0,0.0,True,0.5324,0.15031,0.07626,-0.0764,1.0,1.0,-0.8862,0.0,0.0,True,both_converged
641,8.0,0.2844,0.15377,0.0619,-0.0135,1.0,1.0,-0.5316,0.0,0.0,True,0.5449,0.15416,0.08096,-0.0778,1.0,1.0,-0.895,0.0,0.0,True,both_converged
641,8.5,0.3003,0.15604,0.06492,-0.0134,1.0,1.0,-0.5533,0.0,0.0,True,0.5561,0.15828,0.08588,-0.0795,1.0,1.0,-0.9015,0.0,0.0,True,both_converged
641,9.0,0.3157,0.15847,0.06812,-0.0135,1.0,1.0,-0.5764,0.0,0.0,True,0.5666,0.16264,0.09089,-0.0813,1.0,1.0,-0.9055,0.0,0.0,True,both_converged
641,9.5,0.3306,0.16106,0.07153,-0.0137,1.0,1.0,-0.6011,0.0,0.0,True,0.5769,0.1672,0.09604,-0.0833,1.0,1.0,-0.907,0.0,0.0,True,both_converged
641,10.0,0.3451,0.16382,0.07524,-0.0141,1.0,1.0,-0.627,0.0,0.0,True,0.5874,0.17196,0.1014,-0.0854,1.0,1.0,-0.9105,0.0,0.0,True,both_converged
641,10.5,0.3592,0.16673,0.07907,-0.0146,1.0,1.0,-0.6537,0.0,0.0,True,0.5979,0.17684,0.10682,-0.0876,1.0,1.0,-0.9123,0.0,0.0,True,both_converged
641,11.0,0.3728,0.1698,0.0831,-0.0152,1.0,1.0,-0.6812,0.0,0.0,True,0.6086,0.18188,0.11239,-0.0899,1.0,1.0,-0.9144,0.0,0.0,True,both_converged
641,11.5,0.3861,0.17304,0.08741,-0.016,1.0,1.0,-0.7093,0.0,0.0,True,0.6196,0.18706,0.11811,-0.0923,1.0,1.0,-0.9175,0.0,0.0,True,both_converged
641,12.0,0.3989,0.17642,0.0918,-0.017,1.0,1.0,-0.7372,0.0,0.0,True,0.6308,0.19235,0.12403,-0.0947,1.0,1.0,-0.9198,0.0,0.0,True,both_converged
641,12.5,0.4113,0.17995,0.09637,-0.018,1.0,1.0,-0.7658,0.0,0.0,True,0.642,0.19775,0.13003,-0.0971,1.0,1.0,-0.924,0.0,0.0,True,both_converged
641,13.0,0.4234,0.18365,0.10112,-0.0193,1.0,1.0,-0.7941,0.0,0.0,True,0.6533,0.20328,0.13618,-0.0996,1.0,1.0,-0.9277,0.0,0.0,True,both_converged
641,13.5,0.4351,0.1875,0.10612,-0.0206,1.0,1.0,-0.8212,0.0,0.0,True,0.6647,0.20893,0.14247,-0.1022,1.0,1.0,-0.9306,0.0,0.0,True,both_converged
641,14.0,0.4465,0.19148,0.11116,-0.0221,1.0,1.0,-0.8488,0.0,0.0,True,0.6761,0.21465,0.14893,-0.1047,1.0,1.0,-0.937,0.0,0.0,True,both_converged
641,14.5,0.4575,0.19562,0.11636,-0.0237,1.0,1.0,-0.8743,0.0,0.0,True,0.6874,0.22051,0.15549,-0.1073,1.0,1.0,-0.9411,0.0,0.0,True,both_converged
641,15.0,0.4683,0.19991,0.12182,-0.0253,1.0,1.0,-0.9003,0.0,0.0,True,0.6987,0.22648,0.16219,-0.1099,1.0,1.0,-0.9462,0.0,0.0,True,both_converged
641,15.5,0.4788,0.20432,0.12726,-0.0272,1.0,1.0,-0.9232,0.0,0.0,True,0.71,0.23254,0.16907,-0.1125,1.0,1.0,-0.9528,0.0,0.0,True,both_converged
641,16.0,0.4891,0.20887,0.13285,-0.0291,1.0,1.0,-0.947,0.0,0.0,True,0.721,0.2387,0.17601,-0.1152,1.0,1.0,-0.9572,0.0,0.0,True,both_converged
641,16.5,0.4991,0.21355,0.13856,-0.0311,1.0,1.0,-0.9676,0.0,0.0,True,0.7319,0.24498,0.1831,-0.1179,1.0,1.0,-0.9645,0.0,0.0,True,both_converged
641,17.0,0.509,0.21838,0.14449,-0.0332,1.0,1.0,-0.9885,0.0,0.0,True,0.7427,0.25138,0.19033,-0.1206,1.0,1.0,-0.9707,0.0,0.0,True,both_converged
641,17.5,0.5187,0.2233,0.1504,-0.0353,1.0,1.0,-1.0076,0.0,0.0,True,0.7534,0.25783,0.19768,-0.1232,1.0,1.0,-0.9767,0.0,0.0,True,both_converged
641,18.0,0.5282,0.22835,0.15644,-0.0376,1.0,1.0,-1.0236,0.0,0.0,True,0.7638,0.26441,0.20513,-0.1259,1.0,1.0,-0.9854,0.0,0.0,True,both_converged
641,18.5,0.5376,0.23353,0.16258,-0.0399,1.0,1.0,-1.0404,0.0,0.0,True,0.774,0.27109,0.2127,-0.1287,1.0,1.0,-0.9918,0.0,0.0,True,both_converged
641,19.0,0.5468,0.23881,0.1689,-0.0422,1.0,1.0,-1.0561,0.0,0.0,True,0.784,0.27787,0.22043,-0.1313,1.0,1.0,-0.9997,0.0,0.0,True,both_converged
641,19.5,0.5559,0.24419,0.17521,-0.0446,1.0,1.0,-1.0684,0.0,0.0,True,0.7938,0.28471,0.22819,-0.1341,1.0,1.0,-1.0087,0.0,0.0,True,both_converged
641,20.0,0.5648,0.24968,0.18161,-0.0471,1.0,1.0,-1.0798,0.0,0.0,True,0.8033,0.29167,0.23607,-0.1368,1.0,1.0,-1.0154,0.0,0.0,True,both_converged
641,20.5,0.5737,0.25529,0.18823,-0.0496,1.0,1.0,-1.0926,0.0,0.0,True,0.8126,0.29874,0.24415,-0.1395,1.0,1.0,-1.0256,0.0,0.0,True,both_converged
641,21.0,0.5824,0.26095,0.19478,-0.0521,1.0,1.0,-1.1025,0.0,0.0,True,0.8216,0.30584,0.25218,-0.1422,1.0,1.0,-1.035,0.0,0.0,True,both_converged
641,21.5,0.5909,0.26671,0.20142,-0.0547,1.0,1.0,-1.1096,0.0,0.0,True,0.8304,0.31304,0.26033,-0.1449,1.0,1.0,-1.0426,0.0,0.0,True,both_converged
641,22.0,0.5993,0.27256,0.20814,-0.0572,1.0,1.0,-1.1167,0.0,0.0,True,0.8389,0.32034,0.26859,-0.1476,1.0,1.0,-1.0548,0.0,0.0,True,both_converged
641,22.5,0.6076,0.2785,0.21503,-0.0598,1.0,1.0,-1.1254,0.0,0.0,True,0.8471,0.3277,0.27698,-0.1503,1.0,1.0,-1.0648,0.0,0.0,True,both_converged
641,23.0,0.6158,0.28449,0.22187,-0.0624,1.0,1.0,-1.1314,0.0,0.0,True,0.8551,0.33512,0.28536,-0.153,1.0,1.0,-1.0756,0.0,0.0,True,both_converged
641,23.5,0.6237,0.29055,0.22878,-0.0651,1.0,1.0,-1.1351,0.0,0.0,True,0.8627,0.34261,0.29382,-0.1557,1.0,1.0,-1.0886,0.0,0.0,True,both_converged
641,24.0,0.6315,0.29668,0.23576,-0.0677,1.0,1.0,-1.1364,0.0,0.0,True,0.8701,0.35018,0.30244,-0.1584,1.0,1.0,-1.0993,0.0,0.0,True,both_converged
641,24.5,0.6392,0.30288,0.24287,-0.0704,1.0,1.0,-1.1417,0.0,0.0,True,0.8771,0.35777,0.31099,-0.161,1.0,1.0,-1.1141,0.0,0.0,True,both_converged
641,25.0,0.6466,0.30912,0.24994,-0.073,1.0,1.0,-1.1455,0.0,0.0,True,0.8838,0.36542,0.31961,-0.1637,1.0,1.0,-1.1282,0.0,0.0,True,both_converged
641,25.5,0.6539,0.3154,0.25705,-0.0757,1.0,1.0,-1.1472,0.0,0.0,True,0.8903,0.37315,0.32838,-0.1663,1.0,1.0,-1.1413,0.0,0.0,True,both_converged
641,26.0,0.661,0.32175,0.2643,-0.0784,1.0,1.0,-1.1469,0.0,0.0,True,0.8965,0.38088,0.33706,-0.169,1.0,1.0,-1.1598,0.0,0.0,True,both_converged
641,26.5,0.6678,0.3281,0.27147,-0.0811,1.0,1.0,-1.1447,0.0,0.0,True,0.9023,0.38865,0.3458,-0.1716,1.0,1.0,-1.1755,0.0,0.0,True,both_converged
641,27.0,0.6744,0.33448,0.27867,-0.0837,1.0,1.0,-1.1453,0.0,0.0,True,0.9079,0.39648,0.35467,-0.1742,1.0,1.0,-1.1937,0.0,0.0,True,both_converged
641,27.5,0.6809,0.34092,0.286,-0.0864,1.0,1.0,-1.1463,0.0,0.0,True,0.9131,0.40429,0.36342,-0.1768,1.0,1.0,-1.2142,0.0,0.0,True,both_converged
641,28.0,0.6871,0.34734,0.29323,-0.0891,1.0,1.0,-1.1455,0.0,0.0,True,0.918,0.41212,0.3722,-0.1793,1.0,1.0,-1.2317,0.0,0.0,True,both_converged
641,28.5,0.693,0.35377,0.30047,-0.0918,1.0,1.0,-1.1429,0.0,0.0,True,0.9226,0.41999,0.38109,-0.1819,1.0,1.0,-1.2467,0.0,0.0,True,both_converged
641,29.0,0.6988,0.36023,0.30782,-0.0945,1.0,1.0,-1.1385,0.0,0.0,True,0.9268,0.42782,0.38985,-0.1844,1.0,1.0,-1.2586,0.0,0.0,True,both_converged
641,29.5,0.7042,0.36666,0.31506,-0.0971,1.0,1.0,-1.1327,0.0,0.0,True,0.9308,0.43565,0.39861,-0.1869,1.0,1.0,-1.2678,0.0,0.0,True,both_converged
641,30.0,0.7095,0.37309,0.32229,-0.0998,1.0,1.0,-1.1308,0.0,0.0,True,0.9344,0.4435,0.40746,-0.1893,1.0,1.0,-1.2743,0.0,0.0,True,both_converged
1597,-30.0,-0.8429,0.37092,0.32693,0.1019,1.0,1.0,-1.6259,0.0,0.0,True,,,,,,,,,,False,baseline_only
1597,-29.5,-0.8282,0.36429,0.32005,0.097,1.0,1.0,-1.6135,0.0,0.0,True,-0.8566,0.361,0.31691,0.0894,1.0,1.0,-1.4092,0.0,0.0,True,both_converged
1597,-29.0,-0.8131,0.3577,0.31318,0.0921,1.0,1.0,-1.6058,0.0,0.0,True,-0.8427,0.35465,0.31031,0.0847,1.0,1.0,-1.4068,0.0,0.0,True,both_converged
1597,-28.5,-0.7978,0.35115,0.30638,0.0873,1.0,1.0,-1.601,0.0,0.0,True,-0.8285,0.34835,0.30378,0.08,1.0,1.0,-1.404,0.0,0.0,True,both_converged
1597,-28.0,-0.7823,0.34463,0.29963,0.0825,1.0,1.0,-1.5951,0.0,0.0,True,-0.8141,0.3421,0.29724,0.0754,1.0,1.0,-1.4007,0.0,0.0,True,both_converged
1597,-27.5,-0.7665,0.33814,0.29288,0.0778,1.0,1.0,-1.5883,0.0,0.0,True,-0.7994,0.33589,0.29082,0.0708,1.0,1.0,-1.3969,0.0,0.0,True,both_converged
1597,-27.0,-0.7505,0.33174,0.28626,0.0731,1.0,1.0,-1.5801,0.0,0.0,True,-0.7845,0.32976,0.28448,0.0664,1.0,1.0,-1.3924,0.0,0.0,True,both_converged
1597,-26.5,-0.7342,0.32539,0.27969,0.0685,1.0,1.0,-1.5707,0.0,0.0,True,-0.7694,0.32367,0.27815,0.062,1.0,1.0,-1.3872,0.0,0.0,True,both_converged
1597,-26.0,-0.7177,0.31907,0.27313,0.0639,1.0,1.0,-1.5599,0.0,0.0,True,-0.7541,0.31763,0.27192,0.0576,1.0,1.0,-1.3812,0.0,0.0,True,both_converged
1597,-25.5,-0.7011,0.3128,0.26666,0.0594,1.0,1.0,-1.5478,0.0,0.0,True,-0.7386,0.31162,0.26574,0.0534,1.0,1.0,-1.3744,0.0,0.0,True,both_converged
1597,-25.0,-0.6842,0.30658,0.26025,0.055,1.0,1.0,-1.5375,0.0,0.0,True,-0.723,0.30567,0.25957,0.0493,1.0,1.0,-1.3688,0.0,0.0,True,both_converged
1597,-24.5,-0.6672,0.3004,0.25384,0.0506,1.0,1.0,-1.5331,0.0,0.0,True,-0.7071,0.29977,0.25352,0.0452,1.0,1.0,-1.3687,0.0,0.0,True,both_converged
1597,-24.0,-0.65,0.29428,0.24754,0.0463,1.0,1.0,-1.5276,0.0,0.0,True,-0.6911,0.29392,0.24754,0.0412,1.0,1.0,-1.3683,0.0,0.0,True,both_converged
1597,-23.5,-0.6326,0.2882,0.2413,0.0421,1.0,1.0,-1.5208,0.0,0.0,True,-0.675,0.28812,0.24156,0.0373,1.0,1.0,-1.3676,0.0,0.0,True,both_converged
1597,-23.0,-0.6151,0.28218,0.23507,0.0379,1.0,1.0,-1.5127,0.0,0.0,True,-0.6587,0.28238,0.23571,0.0335,1.0,1.0,-1.3664,0.0,0.0,True,both_converged
1597,-22.5,-0.5975,0.27622,0.22895,0.0339,1.0,1.0,-1.5031,0.0,0.0,True,-0.6424,0.27669,0.22993,0.0298,1.0,1.0,-1.3646,0.0,0.0,True,both_converged
1597,-22.0,-0.5798,0.27031,0.2229,0.0298,1.0,1.0,-1.492,0.0,0.0,True,-0.6259,0.27106,0.22415,0.0262,1.0,1.0,-1.3624,0.0,0.0,True,both_converged
1597,-21.5,-0.562,0.26447,0.21687,0.0259,1.0,1.0,-1.4794,0.0,0.0,True,-0.6094,0.26549,0.21851,0.0227,1.0,1.0,-1.3595,0.0,0.0,True,both_converged
1597,-21.0,-0.5441,0.25869,0.21096,0.022,1.0,1.0,-1.4712,0.0,0.0,True,-0.5928,0.25997,0.21294,0.0193,1.0,1.0,-1.3559,0.0,0.0,True,both_converged
1597,-20.5,-0.5262,0.25297,0.20512,0.0183,1.0,1.0,-1.4663,0.0,0.0,True,-0.5761,0.25452,0.20738,0.016,1.0,1.0,-1.3515,0.0,0.0,True,both_converged
1597,-20.0,-0.5082,0.24732,0.19936,0.0146,1.0,1.0,-1.4599,0.0,0.0,True,-0.5594,0.24912,0.20195,0.0127,1.0,1.0,-1.3473,0.0,0.0,True,both_converged
1597,-19.5,-0.4903,0.24174,0.19362,0.0109,1.0,1.0,-1.4522,0.0,0.0,True,-0.5427,0.24379,0.19661,0.0096,1.0,1.0,-1.3512,0.0,0.0,True,both_converged
1597,-19.0,-0.4723,0.23623,0.18801,0.0074,1.0,1.0,-1.4428,0.0,0.0,True,-0.526,0.23852,0.19134,0.0066,1.0,1.0,-1.3548,0.0,0.0,True,both_converged
1597,-18.5,-0.4544,0.23079,0.18249,0.0039,1.0,1.0,-1.4318,0.0,0.0,True,-0.5093,0.23332,0.18609,0.0038,1.0,1.0,-1.3583,0.0,0.0,True,both_converged
1597,-18.0,-0.4365,0.22542,0.17698,0.0006,1.0,1.0,-1.4191,0.0,0.0,True,-0.4926,0.22818,0.18098,0.001,1.0,1.0,-1.3612,0.0,0.0,True,both_converged
1597,-17.5,-0.4186,0.22013,0.17162,-0.0027,1.0,1.0,-1.4105,0.0,0.0,True,-0.476,0.2231,0.17594,-0.0017,1.0,1.0,-1.3637,0.0,0.0,True,both_converged
1597,-17.0,-0.4009,0.21492,0.16634,-0.0059,1.0,1.0,-1.405,0.0,0.0,True,-0.4595,0.21809,0.17092,-0.0042,1.0,1.0,-1.3657,0.0,0.0,True,both_converged
1597,-16.5,-0.3834,0.20978,0.16115,-0.009,1.0,1.0,-1.398,0.0,0.0,True,-0.443,0.21314,0.16603,-0.0067,1.0,1.0,-1.367,0.0,0.0,True,both_converged
1597,-16.0,-0.3659,0.2047,0.15597,-0.012,1.0,1.0,-1.3895,0.0,0.0,True,-0.4267,0.20825,0.16123,-0.009,1.0,1.0,-1.3675,0.0,0.0,True,both_converged
1597,-15.5,-0.3487,0.19971,0.15094,-0.0149,1.0,1.0,-1.3793,0.0,0.0,True,-0.4105,0.20343,0.15651,-0.0112,1.0,1.0,-1.3672,0.0,0.0,True,both_converged
1597,-15.0,-0.3317,0.19479,0.146,-0.0176,1.0,1.0,-1.3672,0.0,0.0,True,-0.3945,0.19867,0.1518,-0.0132,1.0,1.0,-1.3661,0.0,0.0,True,both_converged
1597,-14.5,-0.3149,0.18997,0.14109,-0.0203,1.0,1.0,-1.3567,0.0,0.0,True,-0.3787,0.19398,0.14723,-0.0152,1.0,1.0,-1.3639,0.0,0.0,True,both_converged
1597,-14.0,-0.2985,0.1852,0.13633,-0.0229,1.0,1.0,-1.3515,0.0,0.0,True,-0.3631,0.18935,0.14274,-0.017,1.0,1.0,-1.3665,0.0,0.0,True,both_converged
1597,-13.5,-0.2824,0.18053,0.13165,-0.0254,1.0,1.0,-1.3447,0.0,0.0,True,-0.3477,0.18478,0.13833,-0.0187,1.0,1.0,-1.3728,0.0,0.0,True,both_converged
1597,-13.0,-0.2667,0.17593,0.12707,-0.0278,1.0,1.0,-1.3363,0.0,0.0,True,-0.3326,0.18028,0.13399,-0.0203,1.0,1.0,-1.3784,0.0,0.0,True,both_converged
1597,-12.5,-0.2515,0.17142,0.1225,-0.0301,1.0,1.0,-1.3264,0.0,0.0,True,-0.3178,0.17583,0.12965,-0.0217,1.0,1.0,-1.3834,0.0,0.0,True,both_converged
1597,-12.0,-0.2367,0.16697,0.11809,-0.0322,1.0,1.0,-1.3149,0.0,0.0,True,-0.3032,0.17144,0.12546,-0.0231,1.0,1.0,-1.3873,0.0,0.0,True,both_converged
1597,-11.5,-0.2226,0.16261,0.11377,-0.0342,1.0,1.0,-1.309,0.0,0.0,True,-0.289,0.16712,0.12134,-0.0243,1.0,1.0,-1.3901,0.0,0.0,True,both_converged
1597,-11.0,-0.209,0.15832,0.10954,-0.0361,1.0,1.0,-1.3037,0.0,0.0,True,-0.2751,0.16285,0.11729,-0.0253,1.0,1.0,-1.3917,0.0,0.0,True,both_converged
1597,-10.5,-0.1962,0.15412,0.1054,-0.0379,1.0,1.0,-1.2971,0.0,0.0,True,-0.2616,0.15863,0.11323,-0.0263,1.0,1.0,-1.3923,0.0,0.0,True,both_converged
1597,-10.0,-0.1841,0.14999,0.10127,-0.0395,1.0,1.0,-1.2894,0.0,0.0,True,-0.2486,0.15447,0.10932,-0.0271,1.0,1.0,-1.3915,0.0,0.0,True,both_converged
1597,-9.5,-0.173,0.14593,0.09731,-0.041,1.0,1.0,-1.2804,0.0,0.0,True,-0.2359,0.15037,0.10548,-0.0278,1.0,1.0,-1.3894,0.0,0.0,True,both_converged
1597,-9.0,-0.1628,0.14196,0.09345,-0.0423,1.0,1.0,-1.2761,0.0,0.0,True,-0.2237,0.14633,0.10172,-0.0284,1.0,1.0,-1.3858,0.0,0.0,True,both_converged
1597,-8.5,-0.1537,0.13806,0.08968,-0.0435,1.0,1.0,-1.2729,0.0,0.0,True,-0.212,0.14235,0.09803,-0.0288,1.0,1.0,-1.383,0.0,0.0,True,both_converged
1597,-8.0,-0.1459,0.13423,0.08599,-0.0444,1.0,1.0,-1.2687,0.0,0.0,True,-0.2008,0.13842,0.09433,-0.0292,1.0,1.0,-1.3871,0.0,0.0,True,both_converged
1597,-7.5,-0.1395,0.13047,0.08233,-0.0452,1.0,1.0,-1.2639,0.0,0.0,True,-0.1902,0.13455,0.09078,-0.0294,1.0,1.0,-1.3899,0.0,0.0,True,both_converged
1597,-7.0,-0.1346,0.12678,0.07884,-0.0457,1.0,1.0,-1.2583,0.0,0.0,True,-0.1802,0.13074,0.08732,-0.0294,1.0,1.0,-1.3913,0.0,0.0,True,both_converged
1597,-6.5,-0.1315,0.12318,0.07547,-0.046,1.0,1.0,-1.2585,0.0,0.0,True,-0.1708,0.12699,0.08394,-0.0293,1.0,1.0,-1.3913,0.0,0.0,True,both_converged
1597,-6.0,-0.1304,0.11965,0.0722,-0.0459,1.0,1.0,-1.2584,0.0,0.0,True,-0.1621,0.12331,0.08064,-0.0291,1.0,1.0,-1.3899,0.0,0.0,True,both_converged
1597,-5.5,-0.1315,0.1162,0.06903,-0.0455,1.0,1.0,-1.2583,0.0,0.0,True,-0.1541,0.11969,0.07743,-0.0288,1.0,1.0,-1.3871,0.0,0.0,True,both_converged
1597,-5.0,-0.1352,0.11281,0.06597,-0.0447,1.0,1.0,-1.2582,0.0,0.0,True,-0.147,0.11612,0.07421,-0.0283,1.0,1.0,-1.3827,0.0,0.0,True,both_converged
1597,-4.5,-0.1416,0.10951,0.0629,-0.0434,1.0,1.0,-1.2583,0.0,0.0,True,-0.1407,0.11263,0.07117,-0.0277,1.0,1.0,-1.3772,0.0,0.0,True,both_converged
1597,-4.0,-0.1496,0.10634,0.05994,-0.0417,1.0,1.0,-1.2606,0.0,0.0,True,-0.1354,0.10919,0.06822,-0.0269,1.0,1.0,-1.3703,0.0,0.0,True,both_converged
1597,-3.5,-0.1562,0.10348,0.05688,-0.0399,1.0,1.0,-1.2548,0.0,0.0,True,-0.131,0.10581,0.06535,-0.026,1.0,1.0,-1.3707,0.0,0.0,True,both_converged
1597,-3.0,-0.1561,0.10116,0.05369,-0.0385,1.0,1.0,-1.2312,0.0,0.0,True,-0.1277,0.10249,0.06255,-0.025,1.0,1.0,-1.3699,0.0,0.0,True,both_converged
1597,-2.5,-0.1447,0.09947,0.05046,-0.038,1.0,1.0,-1.1814,0.0,0.0,True,-0.1249,0.09925,0.05983,-0.024,1.0,1.0,-1.3674,0.0,0.0,True,both_converged
1597,-2.0,-0.124,0.09837,0.04739,-0.0378,1.0,1.0,-1.1139,0.0,0.0,True,-0.1202,0.09614,0.05714,-0.0237,1.0,1.0,-1.3604,0.0,0.0,True,both_converged
1597,-1.5,-0.0976,0.09775,0.0448,-0.0377,1.0,1.0,-1.0311,0.0,0.0,True,-0.1031,0.09328,0.05431,-0.0264,1.0,1.0,-1.3356,0.0,0.0,True,both_converged
1597,-1.0,-0.0681,0.09751,0.04268,-0.0375,1.0,1.0,-0.9435,0.0,0.0,True,-0.0604,0.09094,0.05117,-0.0349,1.0,1.0,-1.271,0.0,0.0,True,both_converged
1597,-0.5,-0.0369,0.09761,0.04097,-0.0371,1.0,1.0,-0.8521,0.0,0.0,True,0.0145,0.08959,0.04816,-0.0498,1.0,1.0,-1.1604,0.0,0.0,True,both_converged
1597,0.0,-0.0049,0.098,0.03978,-0.0367,1.0,1.0,-0.7642,0.0,0.0,True,0.109,0.08952,0.04552,-0.0669,1.0,1.0,-0.9951,0.0,0.0,True,both_converged
1597,0.5,0.0275,0.09866,0.03904,-0.0362,1.0,1.0,-0.6782,0.0,0.0,True,0.2003,0.09038,0.04373,-0.0805,1.0,1.0,-0.8214,0.0,0.0,True,both_converged
1597,1.0,0.06,0.09957,0.03865,-0.0357,1.0,1.0,-0.5958,0.0,0.0,True,0.2796,0.09171,0.04276,-0.0898,1.0,1.0,-0.656,0.0,0.0,True,both_converged
1597,1.5,0.0922,0.10071,0.03872,-0.0352,1.0,1.0,-0.5185,0.0,0.0,True,0.3495,0.09329,0.04247,-0.0961,1.0,1.0,-0.6791,0.0,0.0,True,both_converged
1597,2.0,0.1241,0.10208,0.03915,-0.0347,1.0,1.0,-0.5106,0.0,0.0,True,0.4124,0.09509,0.04299,-0.1006,1.0,1.0,-0.7603,0.0,0.0,True,both_converged
1597,2.5,0.1555,0.10367,0.03997,-0.0343,1.0,1.0,-0.5299,0.0,0.0,True,0.4703,0.0971,0.04416,-0.1039,1.0,1.0,-0.8401,0.0,0.0,True,both_converged
1597,3.0,0.1863,0.10546,0.04116,-0.0339,1.0,1.0,-0.5498,0.0,0.0,True,0.5242,0.09935,0.04603,-0.1065,1.0,1.0,-0.9188,0.0,0.0,True,both_converged
1597,3.5,0.2165,0.10748,0.04268,-0.0336,1.0,1.0,-0.5704,0.0,0.0,True,0.5744,0.10187,0.0486,-0.1087,1.0,1.0,-0.9969,0.0,0.0,True,both_converged
1597,4.0,0.2461,0.1097,0.04456,-0.0333,1.0,1.0,-0.5917,0.0,0.0,True,0.621,0.10474,0.05187,-0.1106,1.0,1.0,-1.0707,0.0,0.0,True,both_converged
1597,4.5,0.275,0.11213,0.04679,-0.0332,1.0,1.0,-0.6142,0.0,0.0,True,0.6641,0.10804,0.05587,-0.1126,1.0,1.0,-1.1422,0.0,0.0,True,both_converged
1597,5.0,0.3031,0.11477,0.04932,-0.0332,1.0,1.0,-0.6379,0.0,0.0,True,0.7029,0.11191,0.06071,-0.1147,1.0,1.0,-1.2043,0.0,0.0,True,both_converged
1597,5.5,0.3306,0.11763,0.05218,-0.0333,1.0,1.0,-0.6635,0.0,0.0,True,0.7366,0.11652,0.06639,-0.1173,1.0,1.0,-1.2582,0.0,0.0,True,both_converged
1597,6.0,0.3573,0.12069,0.05539,-0.0335,1.0,1.0,-0.6914,0.0,0.0,True,0.764,0.12209,0.07298,-0.1204,1.0,1.0,-1.295,0.0,0.0,True,both_converged
1597,6.5,0.3834,0.12396,0.05887,-0.0339,1.0,1.0,-0.722,0.0,0.0,True,0.7846,0.12871,0.08043,-0.1242,1.0,1.0,-1.3173,0.0,0.0,True,both_converged
1597,7.0,0.4086,0.12744,0.06265,-0.0345,1.0,1.0,-0.7558,0.0,0.0,True,0.8004,0.13616,0.08829,-0.1284,1.0,1.0,-1.3254,0.0,0.0,True,both_converged
1597,7.5,0.4332,0.13114,0.06678,-0.0352,1.0,1.0,-0.7931,0.0,0.0,True,0.8146,0.14399,0.09632,-0.1329,1.0,1.0,-1.3277,0.0,0.0,True,both_converged
1597,8.0,0.457,0.13504,0.07113,-0.0361,1.0,1.0,-0.8338,0.0,0.0,True,0.8294,0.1519,0.10434,-0.1374,1.0,1.0,-1.3315,0.0,0.0,True,both_converged
1597,8.5,0.48,0.13914,0.07577,-0.0372,1.0,1.0,-0.8773,0.0,0.0,True,0.8451,0.1598,0.11244,-0.1418,1.0,1.0,-1.3348,0.0,0.0,True,both_converged
1597,9.0,0.5024,0.14346,0.08075,-0.0384,1.0,1.0,-0.9244,0.0,0.0,True,0.8615,0.16765,0.12044,-0.1463,1.0,1.0,-1.3416,0.0,0.0,True,both_converged
1597,9.5,0.5241,0.148,0.08592,-0.0399,1.0,1.0,-0.9736,0.0,0.0,True,0.8787,0.17548,0.12844,-0.1506,1.0,1.0,-1.3495,0.0,0.0,True,both_converged
1597,10.0,0.545,0.15274,0.09136,-0.0415,1.0,1.0,-1.0245,0.0,0.0,True,0.8963,0.1833,0.13656,-0.1549,1.0,1.0,-1.3566,0.0,0.0,True,both_converged
1597,10.5,0.5654,0.1577,0.09713,-0.0434,1.0,1.0,-1.0768,0.0,0.0,True,0.9142,0.19111,0.1446,-0.1592,1.0,1.0,-1.3688,0.0,0.0,True,both_converged
1597,11.0,0.5851,0.16286,0.10304,-0.0454,1.0,1.0,-1.1296,0.0,0.0,True,0.9325,0.19892,0.15268,-0.1635,1.0,1.0,-1.3795,0.0,0.0,True,both_converged
1597,11.5,0.6042,0.16822,0.10918,-0.0477,1.0,1.0,-1.1819,0.0,0.0,True,0.9511,0.20674,0.1608,-0.1677,1.0,1.0,-1.3914,0.0,0.0,True,both_converged
1597,12.0,0.6227,0.17378,0.11563,-0.0502,1.0,1.0,-1.2339,0.0,0.0,True,0.9698,0.21459,0.16908,-0.172,1.0,1.0,-1.4058,0.0,0.0,True,both_converged
1597,12.5,0.6408,0.17952,0.12216,-0.0529,1.0,1.0,-1.2853,0.0,0.0,True,0.9885,0.22247,0.17731,-0.1763,1.0,1.0,-1.4184,0.0,0.0,True,both_converged
1597,13.0,0.6584,0.18545,0.12888,-0.0559,1.0,1.0,-1.3333,0.0,0.0,True,1.0074,0.23039,0.18561,-0.1806,1.0,1.0,-1.4343,0.0,0.0,True,both_converged
1597,13.5,0.6757,0.19156,0.13586,-0.059,1.0,1.0,-1.3816,0.0,0.0,True,1.0264,0.23838,0.19411,-0.1849,1.0,1.0,-1.4502,0.0,0.0,True,both_converged
1597,14.0,0.6927,0.19783,0.14289,-0.0623,1.0,1.0,-1.4253,0.0,0.0,True,1.0454,0.24641,0.20257,-0.1893,1.0,1.0,-1.4642,0.0,0.0,True,both_converged
1597,14.5,0.7094,0.20424,0.15004,-0.0658,1.0,1.0,-1.468,0.0,0.0,True,1.0644,0.25449,0.2111,-0.1937,1.0,1.0,-1.4838,0.0,0.0,True,both_converged
1597,15.0,0.726,0.2108,0.15731,-0.0695,1.0,1.0,-1.5078,0.0,0.0,True,1.0833,0.26265,0.21973,-0.1982,1.0,1.0,-1.5009,0.0,0.0,True,both_converged
1597,15.5,0.7426,0.21748,0.16477,-0.0733,1.0,1.0,-1.5422,0.0,0.0,True,1.1022,0.27088,0.22856,-0.2026,1.0,1.0,-1.5183,0.0,0.0,True,both_converged
1597,16.0,0.7591,0.22426,0.17221,-0.0772,1.0,1.0,-1.5789,0.0,0.0,True,1.121,0.27917,0.23737,-0.2071,1.0,1.0,-1.5392,0.0,0.0,True,both_converged
1597,16.5,0.7756,0.23115,0.17974,-0.0813,1.0,1.0,-1.6108,0.0,0.0,True,1.1397,0.28755,0.24628,-0.2117,1.0,1.0,-1.5572,0.0,0.0,True,both_converged
1597,17.0,0.7921,0.23814,0.18733,-0.0854,1.0,1.0,-1.638,0.0,0.0,True,1.1584,0.29603,0.2554,-0.2163,1.0,1.0,-1.5784,0.0,0.0,True,both_converged
1597,17.5,0.8088,0.24522,0.19509,-0.0897,1.0,1.0,-1.6671,0.0,0.0,True,1.1768,0.30458,0.26451,-0.221,1.0,1.0,-1.6005,0.0,0.0,True,both_converged
1597,18.0,0.8255,0.25238,0.20281,-0.094,1.0,1.0,-1.694,0.0,0.0,True,1.1951,0.31326,0.27376,-0.2256,1.0,1.0,-1.6195,0.0,0.0,True,both_converged
1597,18.5,0.8422,0.25962,0.21059,-0.0984,1.0,1.0,-1.7169,0.0,0.0,True,1.2133,0.32201,0.2832,-0.2304,1.0,1.0,-1.6456,0.0,0.0,True,both_converged
1597,19.0,0.8591,0.26693,0.21843,-0.1028,1.0,1.0,-1.7358,0.0,0.0,True,1.2312,0.33084,0.29262,-0.2351,1.0,1.0,-1.6689,0.0,0.0,True,both_converged
1597,19.5,0.8759,0.27431,0.22641,-0.1073,1.0,1.0,-1.7604,0.0,0.0,True,1.249,0.33976,0.30215,-0.2399,1.0,1.0,-1.694,0.0,0.0,True,both_converged
1597,20.0,0.8928,0.28176,0.23436,-0.1119,1.0,1.0,-1.7818,0.0,0.0,True,1.2667,0.34878,0.31178,-0.2448,1.0,1.0,-1.7222,0.0,0.0,True,both_converged
1597,20.5,0.9098,0.28928,0.24237,-0.1165,1.0,1.0,-1.7998,0.0,0.0,True,1.2841,0.35789,0.32161,-0.2497,1.0,1.0,-1.748,0.0,0.0,True,both_converged
1597,21.0,0.9267,0.29688,0.25053,-0.1211,1.0,1.0,-1.8146,0.0,0.0,True,1.3013,0.36709,0.33143,-0.2546,1.0,1.0,-1.7819,0.0,0.0,True,both_converged
1597,21.5,0.9435,0.30454,0.25867,-0.1258,1.0,1.0,-1.8326,0.0,0.0,True,1.3184,0.37638,0.34135,-0.2596,1.0,1.0,-1.8122,0.0,0.0,True,both_converged
1597,22.0,0.9604,0.31227,0.26687,-0.1305,1.0,1.0,-1.852,0.0,0.0,True,1.3352,0.38578,0.35146,-0.2646,1.0,1.0,-1.8524,0.0,0.0,True,both_converged
1597,22.5,0.9771,0.32009,0.27515,-0.1352,1.0,1.0,-1.8685,0.0,0.0,True,1.3518,0.39526,0.36157,-0.2697,1.0,1.0,-1.8942,0.0,0.0,True,both_converged
1597,23.0,0.9937,0.328,0.28359,-0.14,1.0,1.0,-1.8821,0.0,0.0,True,1.3681,0.40482,0.37178,-0.2747,1.0,1.0,-1.952,0.0,0.0,True,both_converged
1597,23.5,1.0102,0.33597,0.29203,-0.1448,1.0,1.0,-1.8932,0.0,0.0,True,1.3843,0.41449,0.38215,-0.2799,1.0,1.0,-2.0119,0.0,0.0,True,both_converged
1597,24.0,1.0266,0.34401,0.30052,-0.1496,1.0,1.0,-1.9074,0.0,0.0,True,1.4001,0.42423,0.39253,-0.285,1.0,1.0,-2.0674,0.0,0.0,True,both_converged
1597,24.5,1.0428,0.35211,0.30915,-0.1545,1.0,1.0,-1.9247,0.0,0.0,True,1.4158,0.43407,0.40299,-0.2902,1.0,1.0,-2.1184,0.0,0.0,True,both_converged
1597,25.0,1.0588,0.36026,0.31775,-0.1594,1.0,1.0,-1.9396,0.0,0.0,True,1.4312,0.44398,0.41353,-0.2955,1.0,1.0,-2.1692,0.0,0.0,True,both_converged
1597,25.5,1.0746,0.36847,0.32642,-0.1643,1.0,1.0,-1.9521,0.0,0.0,True,1.4463,0.45398,0.42423,-0.3007,1.0,1.0,-2.2298,0.0,0.0,True,both_converged
1597,26.0,1.0903,0.37674,0.33514,-0.1693,1.0,1.0,-1.9623,0.0,0.0,True,1.4611,0.46405,0.43492,-0.306,1.0,1.0,-2.2857,0.0,0.0,True,both_converged
1597,26.5,1.1057,0.38506,0.34398,-0.1743,1.0,1.0,-1.9702,0.0,0.0,True,1.4756,0.47418,0.44566,-0.3113,1.0,1.0,-2.3369,0.0,0.0,True,both_converged
1597,27.0,1.1209,0.39344,0.35281,-0.1793,1.0,1.0,-1.9834,0.0,0.0,True,1.4899,0.48438,0.45654,-0.3167,1.0,1.0,-2.3833,0.0,0.0,True,both_converged
1597,27.5,1.1358,0.40186,0.36169,-0.1844,1.0,1.0,-1.9991,0.0,0.0,True,1.5038,0.49464,0.4674,-0.322,1.0,1.0,-2.4251,0.0,0.0,True,both_converged
1597,28.0,1.1505,0.41034,0.37068,-0.1894,1.0,1.0,-2.0124,0.0,0.0,True,1.5174,0.50496,0.47833,-0.3274,1.0,1.0,-2.4623,0.0,0.0,True,both_converged
1597,28.5,1.1649,0.41886,0.37966,-0.1945,1.0,1.0,-2.0238,0.0,0.0,True,1.5307,0.51535,0.48937,-0.3328,1.0,1.0,-2.4948,0.0,0.0,True,both_converged
1597,29.0,1.179,0.42743,0.38869,-0.1997,1.0,1.0,-2.0331,0.0,0.0,True,1.5437,0.52579,0.5004,-0.3383,1.0,1.0,-2.5232,0.0,0.0,True,both_converged
1597,29.5,1.1928,0.43604,0.39782,-0.2048,1.0,1.0,-2.0405,0.0,0.0,True,1.5563,0.53628,0.51147,-0.3437,1.0,1.0,-2.5473,0.0,0.0,True,both_converged
1597,30.0,1.2064,0.44469,0.40694,-0.21,1.0,1.0,-2.0462,0.0,0.0,True,1.5686,0.54682,0.52265,-0.3492,1.0,1.0,-2.5674,0.0,0.0,True,both_converged
3020,-30.0,-0.4442,0.27763,0.25293,0.0321,1.0,1.0,-0.683,0.0,0.0,True,-0.8571,0.35717,0.32569,0.0938,1.0,1.0,-1.321,0.0,0.0,True,both_converged
3020,-29.5,-0.4355,0.27205,0.24715,0.0292,1.0,1.0,-0.6857,0.0,0.0,True,-0.843,0.35054,0.31887,0.0889,1.0,1.0,-1.3067,0.0,0.0,True,both_converged
3020,-29.0,-0.4265,0.26648,0.24137,0.0264,1.0,1.0,-0.6872,0.0,0.0,True,-0.8287,0.34397,0.31212,0.0841,1.0,1.0,-1.2908,0.0,0.0,True,both_converged
3020,-28.5,-0.4173,0.26093,0.23562,0.0235,1.0,1.0,-0.6873,0.0,0.0,True,-0.8141,0.33744,0.30538,0.0793,1.0,1.0,-1.2767,0.0,0.0,True,both_converged
3020,-28.0,-0.4078,0.25538,0.22989,0.0207,1.0,1.0,-0.6861,0.0,0.0,True,-0.7992,0.33096,0.29873,0.0746,1.0,1.0,-1.2741,0.0,0.0,True,both_converged
3020,-27.5,-0.3981,0.24986,0.22416,0.0179,1.0,1.0,-0.6856,0.0,0.0,True,-0.7842,0.32452,0.29213,0.0699,1.0,1.0,-1.271,0.0,0.0,True,both_converged
3020,-27.0,-0.3882,0.24437,0.21848,0.0152,1.0,1.0,-0.6907,0.0,0.0,True,-0.7688,0.31813,0.28554,0.0654,1.0,1.0,-1.2673,0.0,0.0,True,both_converged
3020,-26.5,-0.3781,0.2389,0.21284,0.0125,1.0,1.0,-0.6948,0.0,0.0,True,-0.7533,0.31178,0.27906,0.0609,1.0,1.0,-1.263,0.0,0.0,True,both_converged
3020,-26.0,-0.3677,0.23347,0.20722,0.0098,1.0,1.0,-0.6977,0.0,0.0,True,-0.7376,0.30549,0.27263,0.0565,1.0,1.0,-1.2579,0.0,0.0,True,both_converged
3020,-25.5,-0.3572,0.22808,0.20166,0.0071,1.0,1.0,-0.6993,0.0,0.0,True,-0.7217,0.29925,0.26623,0.0521,1.0,1.0,-1.2521,0.0,0.0,True,both_converged
3020,-25.0,-0.3465,0.22273,0.19616,0.0045,1.0,1.0,-0.6994,0.0,0.0,True,-0.7056,0.29307,0.25992,0.0479,1.0,1.0,-1.2453,0.0,0.0,True,both_converged
3020,-24.5,-0.3355,0.21743,0.19068,0.002,1.0,1.0,-0.6981,0.0,0.0,True,-0.6893,0.28693,0.25368,0.0437,1.0,1.0,-1.2375,0.0,0.0,True,both_converged
3020,-24.0,-0.3244,0.21219,0.18529,-0.0006,1.0,1.0,-0.6952,0.0,0.0,True,-0.6728,0.28084,0.24746,0.0397,1.0,1.0,-1.2287,0.0,0.0,True,both_converged
3020,-23.5,-0.3132,0.207,0.17996,-0.0031,1.0,1.0,-0.7001,0.0,0.0,True,-0.6562,0.27482,0.24135,0.0357,1.0,1.0,-1.2265,0.0,0.0,True,both_converged
3020,-23.0,-0.3018,0.20187,0.17467,-0.0055,1.0,1.0,-0.7041,0.0,0.0,True,-0.6395,0.26886,0.23531,0.0318,1.0,1.0,-1.2262,0.0,0.0,True,both_converged
3020,-22.5,-0.2902,0.1968,0.16948,-0.0079,1.0,1.0,-0.7068,0.0,0.0,True,-0.6227,0.26296,0.22929,0.028,1.0,1.0,-1.2255,0.0,0.0,True,both_converged
3020,-22.0,-0.2786,0.19181,0.16437,-0.0102,1.0,1.0,-0.708,0.0,0.0,True,-0.6058,0.25712,0.2234,0.0243,1.0,1.0,-1.2244,0.0,0.0,True,both_converged
3020,-21.5,-0.2668,0.18688,0.1593,-0.0125,1.0,1.0,-0.7077,0.0,0.0,True,-0.5887,0.25135,0.21758,0.0207,1.0,1.0,-1.2227,0.0,0.0,True,both_converged
3020,-21.0,-0.2549,0.18203,0.15435,-0.0147,1.0,1.0,-0.7057,0.0,0.0,True,-0.5717,0.24564,0.21179,0.0172,1.0,1.0,-1.2205,0.0,0.0,True,both_converged
3020,-20.5,-0.243,0.17727,0.14948,-0.0168,1.0,1.0,-0.702,0.0,0.0,True,-0.5545,0.24,0.20613,0.0139,1.0,1.0,-1.2176,0.0,0.0,True,both_converged
3020,-20.0,-0.2309,0.17258,0.14468,-0.0189,1.0,1.0,-0.7065,0.0,0.0,True,-0.5373,0.23442,0.20054,0.0106,1.0,1.0,-1.214,0.0,0.0,True,both_converged
3020,-19.5,-0.2189,0.16799,0.14,-0.021,1.0,1.0,-0.7095,0.0,0.0,True,-0.5202,0.22892,0.19503,0.0074,1.0,1.0,-1.2096,0.0,0.0,True,both_converged
3020,-19.0,-0.2068,0.16348,0.13542,-0.0229,1.0,1.0,-0.7109,0.0,0.0,True,-0.503,0.22348,0.18956,0.0044,1.0,1.0,-1.2044,0.0,0.0,True,both_converged
3020,-18.5,-0.1947,0.15907,0.13091,-0.0248,1.0,1.0,-0.7107,0.0,0.0,True,-0.4858,0.2181,0.1842,0.0015,1.0,1.0,-1.1982,0.0,0.0,True,both_converged
3020,-18.0,-0.1826,0.15475,0.12653,-0.0266,1.0,1.0,-0.7087,0.0,0.0,True,-0.4687,0.2128,0.17893,-0.0014,1.0,1.0,-1.2023,0.0,0.0,True,both_converged
3020,-17.5,-0.1706,0.15053,0.12227,-0.0283,1.0,1.0,-0.7049,0.0,0.0,True,-0.4517,0.20757,0.1737,-0.004,1.0,1.0,-1.2069,0.0,0.0,True,both_converged
3020,-17.0,-0.1587,0.14642,0.11812,-0.03,1.0,1.0,-0.7053,0.0,0.0,True,-0.4347,0.20239,0.16858,-0.0066,1.0,1.0,-1.2112,0.0,0.0,True,both_converged
3020,-16.5,-0.1469,0.14241,0.11405,-0.0315,1.0,1.0,-0.7078,0.0,0.0,True,-0.4179,0.1973,0.16355,-0.009,1.0,1.0,-1.2152,0.0,0.0,True,both_converged
3020,-16.0,-0.1352,0.13851,0.11013,-0.033,1.0,1.0,-0.7084,0.0,0.0,True,-0.4012,0.19227,0.15861,-0.0113,1.0,1.0,-1.2188,0.0,0.0,True,both_converged
3020,-15.5,-0.1236,0.13472,0.10634,-0.0344,1.0,1.0,-0.7074,0.0,0.0,True,-0.3847,0.18731,0.15368,-0.0135,1.0,1.0,-1.2219,0.0,0.0,True,both_converged
3020,-15.0,-0.1123,0.13104,0.10267,-0.0356,1.0,1.0,-0.7044,0.0,0.0,True,-0.3684,0.18242,0.14889,-0.0155,1.0,1.0,-1.2243,0.0,0.0,True,both_converged
3020,-14.5,-0.1012,0.12748,0.09908,-0.0368,1.0,1.0,-0.6996,0.0,0.0,True,-0.3523,0.17759,0.14418,-0.0174,1.0,1.0,-1.226,0.0,0.0,True,both_converged
3020,-14.0,-0.0905,0.12403,0.09566,-0.0378,1.0,1.0,-0.7013,0.0,0.0,True,-0.3365,0.17283,0.13954,-0.0192,1.0,1.0,-1.2269,0.0,0.0,True,both_converged
3020,-13.5,-0.08,0.12069,0.09236,-0.0387,1.0,1.0,-0.7021,0.0,0.0,True,-0.3209,0.16813,0.13493,-0.0208,1.0,1.0,-1.2269,0.0,0.0,True,both_converged
3020,-13.0,-0.07,0.11748,0.0892,-0.0395,1.0,1.0,-0.7013,0.0,0.0,True,-0.3056,0.16349,0.13043,-0.0223,1.0,1.0,-1.2258,0.0,0.0,True,both_converged
3020,-12.5,-0.0604,0.11438,0.08612,-0.0402,1.0,1.0,-0.6987,0.0,0.0,True,-0.2907,0.15891,0.12601,-0.0236,1.0,1.0,-1.2236,0.0,0.0,True,both_converged
3020,-12.0,-0.0513,0.11139,0.08322,-0.0407,1.0,1.0,-0.6944,0.0,0.0,True,-0.276,0.15439,0.12166,-0.0248,1.0,1.0,-1.2281,0.0,0.0,True,both_converged
3020,-11.5,-0.0428,0.10852,0.08044,-0.0411,1.0,1.0,-0.6945,0.0,0.0,True,-0.2617,0.14992,0.11737,-0.0258,1.0,1.0,-1.2361,0.0,0.0,True,both_converged
3020,-11.0,-0.035,0.10575,0.07778,-0.0413,1.0,1.0,-0.6952,0.0,0.0,True,-0.2478,0.14551,0.11308,-0.0267,1.0,1.0,-1.2434,0.0,0.0,True,both_converged
3020,-10.5,-0.0278,0.10309,0.07519,-0.0414,1.0,1.0,-0.6945,0.0,0.0,True,-0.2343,0.14115,0.10891,-0.0275,1.0,1.0,-1.2497,0.0,0.0,True,both_converged
3020,-10.0,-0.0214,0.10052,0.07274,-0.0414,1.0,1.0,-0.6924,0.0,0.0,True,-0.2212,0.13684,0.10481,-0.0281,1.0,1.0,-1.2548,0.0,0.0,True,both_converged
3020,-9.5,-0.0157,0.09803,0.07038,-0.0412,1.0,1.0,-0.689,0.0,0.0,True,-0.2086,0.13258,0.10077,-0.0286,1.0,1.0,-1.2587,0.0,0.0,True,both_converged
3020,-9.0,-0.0109,0.0956,0.0681,-0.041,1.0,1.0,-0.6913,0.0,0.0,True,-0.1963,0.12838,0.09679,-0.029,1.0,1.0,-1.2612,0.0,0.0,True,both_converged
3020,-8.5,-0.0069,0.09323,0.06586,-0.0406,1.0,1.0,-0.6927,0.0,0.0,True,-0.1845,0.12423,0.09282,-0.0292,1.0,1.0,-1.2624,0.0,0.0,True,both_converged
3020,-8.0,-0.0038,0.09089,0.06367,-0.0401,1.0,1.0,-0.6932,0.0,0.0,True,-0.1731,0.12015,0.08899,-0.0293,1.0,1.0,-1.2619,0.0,0.0,True,both_converged
3020,-7.5,-0.0018,0.08859,0.06146,-0.0395,1.0,1.0,-0.6931,0.0,0.0,True,-0.1622,0.11613,0.08523,-0.0293,1.0,1.0,-1.2597,0.0,0.0,True,both_converged
3020,-7.0,-0.001,0.0863,0.05931,-0.0387,1.0,1.0,-0.6954,0.0,0.0,True,-0.1517,0.11218,0.08155,-0.0291,1.0,1.0,-1.2557,0.0,0.0,True,both_converged
3020,-6.5,-0.0014,0.08401,0.05715,-0.0379,1.0,1.0,-0.7005,0.0,0.0,True,-0.1418,0.10831,0.07796,-0.0289,1.0,1.0,-1.2568,0.0,0.0,True,both_converged
3020,-6.0,-0.0031,0.0817,0.05495,-0.037,1.0,1.0,-0.7056,0.0,0.0,True,-0.1323,0.10451,0.0744,-0.0285,1.0,1.0,-1.2615,0.0,0.0,True,both_converged
3020,-5.5,-0.0062,0.07935,0.05271,-0.036,1.0,1.0,-0.711,0.0,0.0,True,-0.1234,0.10081,0.07101,-0.028,1.0,1.0,-1.2645,0.0,0.0,True,both_converged
3020,-5.0,-0.0108,0.07694,0.0504,-0.0349,1.0,1.0,-0.717,0.0,0.0,True,-0.1152,0.09719,0.06771,-0.0273,1.0,1.0,-1.2658,0.0,0.0,True,both_converged
3020,-4.5,-0.0172,0.07449,0.04803,-0.0337,1.0,1.0,-0.728,0.0,0.0,True,-0.1077,0.09367,0.06454,-0.0266,1.0,1.0,-1.2655,0.0,0.0,True,both_converged
3020,-4.0,-0.0256,0.07198,0.04555,-0.0323,1.0,1.0,-0.7405,0.0,0.0,True,-0.1011,0.09024,0.06147,-0.0256,1.0,1.0,-1.2636,0.0,0.0,True,both_converged
3020,-3.5,-0.0362,0.06943,0.04306,-0.0309,1.0,1.0,-0.7552,0.0,0.0,True,-0.0955,0.0869,0.05851,-0.0245,1.0,1.0,-1.2603,0.0,0.0,True,both_converged
3020,-3.0,-0.0495,0.06686,0.0405,-0.0293,1.0,1.0,-0.7736,0.0,0.0,True,-0.0911,0.08364,0.05566,-0.0232,1.0,1.0,-1.2558,0.0,0.0,True,both_converged
3020,-2.5,-0.066,0.06427,0.0379,-0.0276,1.0,1.0,-0.7971,0.0,0.0,True,-0.088,0.08045,0.05289,-0.0217,1.0,1.0,-1.2505,0.0,0.0,True,both_converged
3020,-2.0,-0.0867,0.0617,0.03524,-0.0255,1.0,1.0,-0.8286,0.0,0.0,True,-0.086,0.07729,0.05011,-0.0201,1.0,1.0,-1.2532,0.0,0.0,True,both_converged
3020,-1.5,-0.1106,0.05932,0.03258,-0.023,1.0,1.0,-0.8648,0.0,0.0,True,-0.0848,0.07419,0.04746,-0.0185,1.0,1.0,-1.2543,0.0,0.0,True,both_converged
3020,-1.0,-0.1278,0.05769,0.03008,-0.0207,1.0,1.0,-0.8827,0.0,0.0,True,-0.0783,0.07119,0.04478,-0.0185,1.0,1.0,-1.2478,0.0,0.0,True,both_converged
3020,-0.5,-0.1266,0.05707,0.02805,-0.0195,1.0,1.0,-0.8553,0.0,0.0,True,-0.0382,0.06865,0.04199,-0.0268,1.0,1.0,-1.2003,0.0,0.0,True,both_converged
3020,0.0,-0.1134,0.0571,0.02665,-0.0187,1.0,1.0,-0.7954,0.0,0.0,True,0.0728,0.06774,0.03954,-0.0512,1.0,1.0,-1.0559,0.0,0.0,True,both_converged
3020,0.5,-0.0956,0.0575,0.02575,-0.0178,1.0,1.0,-0.7249,0.0,0.0,True,0.2215,0.06912,0.0382,-0.081,1.0,1.0,-0.8277,0.0,0.0,True,both_converged
3020,1.0,-0.076,0.05818,0.02534,-0.0168,1.0,1.0,-0.6496,0.0,0.0,True,0.3361,0.07122,0.03788,-0.099,1.0,1.0,-0.6654,0.0,0.0,True,both_converged
3020,1.5,-0.0558,0.05908,0.0253,-0.0159,1.0,1.0,-0.5751,0.0,0.0,True,0.4203,0.07326,0.03825,-0.1084,1.0,1.0,-0.7644,0.0,0.0,True,both_converged
3020,2.0,-0.0353,0.06017,0.02554,-0.0149,1.0,1.0,-0.5031,0.0,0.0,True,0.4891,0.07529,0.03917,-0.1136,1.0,1.0,-0.8575,0.0,0.0,True,both_converged
3020,2.5,-0.0147,0.06142,0.02612,-0.014,1.0,1.0,-0.4338,0.0,0.0,True,0.5494,0.0774,0.04073,-0.1169,1.0,1.0,-0.9463,0.0,0.0,True,both_converged
3020,3.0,0.0057,0.06283,0.02696,-0.0131,1.0,1.0,-0.3681,0.0,0.0,True,0.6042,0.07971,0.04293,-0.1192,1.0,1.0,-1.034,0.0,0.0,True,both_converged
3020,3.5,0.0261,0.06439,0.02802,-0.0124,1.0,1.0,-0.3068,0.0,0.0,True,0.6545,0.08232,0.04585,-0.1211,1.0,1.0,-1.1174,0.0,0.0,True,both_converged
3020,4.0,0.0463,0.06608,0.02933,-0.0117,1.0,1.0,-0.2772,0.0,0.0,True,0.7003,0.08541,0.04961,-0.123,1.0,1.0,-1.1945,0.0,0.0,True,both_converged
3020,4.5,0.0662,0.06791,0.03087,-0.0112,1.0,1.0,-0.2869,0.0,0.0,True,0.74,0.08935,0.05454,-0.1252,1.0,1.0,-1.2593,0.0,0.0,True,both_converged
3020,5.0,0.0859,0.06987,0.03259,-0.0108,1.0,1.0,-0.2977,0.0,0.0,True,0.7696,0.09484,0.0611,-0.1286,1.0,1.0,-1.2987,0.0,0.0,True,both_converged
3020,5.5,0.1052,0.07196,0.03454,-0.0105,1.0,1.0,-0.3098,0.0,0.0,True,0.7842,0.10263,0.06956,-0.1333,1.0,1.0,-1.3007,0.0,0.0,True,both_converged
3020,6.0,0.1243,0.07417,0.03668,-0.0103,1.0,1.0,-0.3231,0.0,0.0,True,0.7916,0.11164,0.07872,-0.1386,1.0,1.0,-1.2847,0.0,0.0,True,both_converged
3020,6.5,0.143,0.07652,0.03902,-0.0103,1.0,1.0,-0.3383,0.0,0.0,True,0.8013,0.12051,0.08762,-0.1436,1.0,1.0,-1.2704,0.0,0.0,True,both_converged
3020,7.0,0.1613,0.07898,0.04154,-0.0104,1.0,1.0,-0.3548,0.0,0.0,True,0.8136,0.12904,0.09615,-0.1483,1.0,1.0,-1.264,0.0,0.0,True,both_converged
3020,7.5,,,,,,,,,,False,0.8278,0.13734,0.10449,-0.1527,1.0,1.0,-1.2615,0.0,0.0,True,optimised_only
3020,8.0,0.4605,0.1162,0.07091,-0.0408,1.0,1.0,-0.8341,0.0,0.0,True,0.8431,0.14549,0.11268,-0.1569,1.0,1.0,-1.2606,0.0,0.0,True,both_converged
3020,8.5,0.4829,0.12071,0.07591,-0.0421,1.0,1.0,-0.8785,0.0,0.0,True,0.8593,0.15352,0.12085,-0.1609,1.0,1.0,-1.2656,0.0,0.0,True,both_converged
3020,9.0,0.5044,0.12544,0.08111,-0.0437,1.0,1.0,-0.9262,0.0,0.0,True,0.8762,0.16147,0.1289,-0.1648,1.0,1.0,-1.2703,0.0,0.0,True,both_converged
3020,9.5,0.5252,0.1304,0.08659,-0.0454,1.0,1.0,-0.9758,0.0,0.0,True,0.8936,0.16937,0.13692,-0.1687,1.0,1.0,-1.2775,0.0,0.0,True,both_converged
3020,10.0,0.5452,0.13557,0.09231,-0.0473,1.0,1.0,-1.0267,0.0,0.0,True,0.9114,0.17725,0.14493,-0.1725,1.0,1.0,-1.2871,0.0,0.0,True,both_converged
3020,10.5,0.5644,0.14095,0.09835,-0.0494,1.0,1.0,-1.0782,0.0,0.0,True,0.9296,0.18511,0.15303,-0.1764,1.0,1.0,-1.2953,0.0,0.0,True,both_converged
3020,11.0,0.583,0.14654,0.10454,-0.0518,1.0,1.0,-1.1292,0.0,0.0,True,0.9479,0.19298,0.16109,-0.1802,1.0,1.0,-1.3083,0.0,0.0,True,both_converged
3020,11.5,0.6009,0.15233,0.11094,-0.0543,1.0,1.0,-1.1793,0.0,0.0,True,0.9665,0.20087,0.16918,-0.1841,1.0,1.0,-1.3205,0.0,0.0,True,both_converged
3020,12.0,0.6183,0.15832,0.11761,-0.0571,1.0,1.0,-1.2288,0.0,0.0,True,0.9852,0.2088,0.17743,-0.1879,1.0,1.0,-1.332,0.0,0.0,True,both_converged
3020,12.5,0.6353,0.16449,0.12438,-0.0601,1.0,1.0,-1.2739,0.0,0.0,True,1.004,0.21676,0.18564,-0.1919,1.0,1.0,-1.3481,0.0,0.0,True,both_converged
3020,13.0,0.652,0.17083,0.13131,-0.0633,1.0,1.0,-1.3193,0.0,0.0,True,1.0228,0.22477,0.19392,-0.1958,1.0,1.0,-1.3616,0.0,0.0,True,both_converged
3020,13.5,0.6684,0.17733,0.13847,-0.0667,1.0,1.0,-1.3583,0.0,0.0,True,1.0417,0.23285,0.20228,-0.1998,1.0,1.0,-1.3768,0.0,0.0,True,both_converged
3020,14.0,0.6846,0.18397,0.14566,-0.0702,1.0,1.0,-1.398,0.0,0.0,True,1.0606,0.24099,0.21082,-0.2039,1.0,1.0,-1.394,0.0,0.0,True,both_converged
3020,14.5,0.7009,0.19074,0.15297,-0.074,1.0,1.0,-1.4321,0.0,0.0,True,1.0794,0.24921,0.21936,-0.208,1.0,1.0,-1.4084,0.0,0.0,True,both_converged
3020,15.0,0.7172,0.19764,0.16038,-0.0778,1.0,1.0,-1.4634,0.0,0.0,True,1.0982,0.25751,0.22799,-0.2121,1.0,1.0,-1.4269,0.0,0.0,True,both_converged
3020,15.5,0.7336,0.20466,0.16795,-0.0818,1.0,1.0,-1.4941,0.0,0.0,True,1.1169,0.26589,0.23682,-0.2163,1.0,1.0,-1.4449,0.0,0.0,True,both_converged
3020,16.0,0.7502,0.21177,0.17552,-0.0858,1.0,1.0,-1.5195,0.0,0.0,True,1.1355,0.27436,0.24566,-0.2206,1.0,1.0,-1.4599,0.0,0.0,True,both_converged
3020,16.5,0.7669,0.21899,0.18318,-0.09,1.0,1.0,-1.543,0.0,0.0,True,1.154,0.28293,0.25461,-0.2249,1.0,1.0,-1.4818,0.0,0.0,True,both_converged
3020,17.0,0.7838,0.22628,0.19089,-0.0942,1.0,1.0,-1.5679,0.0,0.0,True,1.1724,0.29157,0.26372,-0.2293,1.0,1.0,-1.5007,0.0,0.0,True,both_converged
3020,17.5,0.8009,0.23367,0.19874,-0.0985,1.0,1.0,-1.5883,0.0,0.0,True,1.1907,0.3003,0.27286,-0.2338,1.0,1.0,-1.519,0.0,0.0,True,both_converged
3020,18.0,0.8181,0.24113,0.2066,-0.1028,1.0,1.0,-1.6046,0.0,0.0,True,1.2088,0.30913,0.2821,-0.2382,1.0,1.0,-1.5427,0.0,0.0,True,both_converged
3020,18.5,0.8354,0.24867,0.21451,-0.1072,1.0,1.0,-1.6251,0.0,0.0,True,1.2268,0.31806,0.29146,-0.2428,1.0,1.0,-1.5627,0.0,0.0,True,both_converged
3020,19.0,0.8528,0.2563,0.2225,-0.1116,1.0,1.0,-1.6442,0.0,0.0,True,1.2446,0.32711,0.30102,-0.2474,1.0,1.0,-1.5874,0.0,0.0,True,both_converged
3020,19.5,0.8702,0.264,0.23061,-0.1161,1.0,1.0,-1.6596,0.0,0.0,True,1.2621,0.33632,0.31066,-0.252,1.0,1.0,-1.6125,0.0,0.0,True,both_converged
3020,20.0,0.8877,0.27178,0.23874,-0.1205,1.0,1.0,-1.6716,0.0,0.0,True,1.2794,0.34563,0.32043,-0.2567,1.0,1.0,-1.6383,0.0,0.0,True,both_converged
3020,20.5,0.9052,0.27964,0.24693,-0.1251,1.0,1.0,-1.6882,0.0,0.0,True,1.2965,0.35505,0.33037,-0.2614,1.0,1.0,-1.6694,0.0,0.0,True,both_converged
3020,21.0,0.9226,0.28757,0.2552,-0.1296,1.0,1.0,-1.7055,0.0,0.0,True,1.3135,0.36458,0.34035,-0.2662,1.0,1.0,-1.7026,0.0,0.0,True,both_converged
3020,21.5,0.94,0.29559,0.2636,-0.1342,1.0,1.0,-1.7197,0.0,0.0,True,1.3302,0.37421,0.35044,-0.271,1.0,1.0,-1.7496,0.0,0.0,True,both_converged
3020,22.0,0.9573,0.30369,0.27202,-0.1388,1.0,1.0,-1.7309,0.0,0.0,True,1.3468,0.38396,0.3607,-0.2758,1.0,1.0,-1.8179,0.0,0.0,True,both_converged
3020,22.5,0.9745,0.31185,0.28051,-0.1435,1.0,1.0,-1.7392,0.0,0.0,True,1.3631,0.3938,0.37101,-0.2808,1.0,1.0,-1.882,0.0,0.0,True,both_converged
3020,23.0,0.9915,0.32008,0.28905,-0.1481,1.0,1.0,-1.7568,0.0,0.0,True,1.3792,0.40376,0.38142,-0.2857,1.0,1.0,-1.9602,0.0,0.0,True,both_converged
3020,23.5,1.0084,0.32837,0.2977,-0.1529,1.0,1.0,-1.7724,0.0,0.0,True,1.3951,0.41381,0.39193,-0.2907,1.0,1.0,-2.0332,0.0,0.0,True,both_converged
3020,24.0,1.0252,0.33672,0.30637,-0.1576,1.0,1.0,-1.7853,0.0,0.0,True,1.4108,0.42398,0.4026,-0.2958,1.0,1.0,-2.1005,0.0,0.0,True,both_converged
3020,24.5,1.0417,0.34515,0.31512,-0.1624,1.0,1.0,-1.7954,0.0,0.0,True,1.4262,0.43423,0.4133,-0.3008,1.0,1.0,-2.1621,0.0,0.0,True,both_converged
3020,25.0,1.058,0.35369,0.32402,-0.1672,1.0,1.0,-1.803,0.0,0.0,True,1.4414,0.44459,0.4241,-0.306,1.0,1.0,-2.2177,0.0,0.0,True,both_converged
3020,25.5,1.0741,0.36229,0.33293,-0.172,1.0,1.0,-1.8143,0.0,0.0,True,1.4564,0.45503,0.43503,-0.3111,1.0,1.0,-2.2672,0.0,0.0,True,both_converged
3020,26.0,1.0899,0.37094,0.3419,-0.1769,1.0,1.0,-1.8307,0.0,0.0,True,1.471,0.46554,0.44597,-0.3163,1.0,1.0,-2.3105,0.0,0.0,True,both_converged
3020,26.5,1.1055,0.37965,0.35097,-0.1818,1.0,1.0,-1.8445,0.0,0.0,True,1.4854,0.47613,0.45699,-0.3215,1.0,1.0,-2.3478,0.0,0.0,True,both_converged
3020,27.0,1.1209,0.38841,0.36005,-0.1867,1.0,1.0,-1.8559,0.0,0.0,True,1.4996,0.48679,0.46811,-0.3268,1.0,1.0,-2.3793,0.0,0.0,True,both_converged
3020,27.5,1.1359,0.39722,0.36917,-0.1917,1.0,1.0,-1.865,0.0,0.0,True,1.5135,0.49752,0.47925,-0.3321,1.0,1.0,-2.4049,0.0,0.0,True,both_converged
3020,28.0,1.1507,0.40607,0.37834,-0.1967,1.0,1.0,-1.8719,0.0,0.0,True,1.527,0.50832,0.49046,-0.3374,1.0,1.0,-2.4252,0.0,0.0,True,both_converged
3020,28.5,1.1653,0.41496,0.3876,-0.2017,1.0,1.0,-1.8768,0.0,0.0,True,1.5403,0.51918,0.50176,-0.3427,1.0,1.0,-2.4419,0.0,0.0,True,both_converged
3020,29.0,1.1795,0.4239,0.39685,-0.2068,1.0,1.0,-1.8926,0.0,0.0,True,1.5532,0.53008,0.51305,-0.3481,1.0,1.0,-2.4658,0.0,0.0,True,both_converged
3020,29.5,1.1934,0.43288,0.40615,-0.2119,1.0,1.0,-1.9073,0.0,0.0,True,1.5658,0.54104,0.5244,-0.3534,1.0,1.0,-2.4851,0.0,0.0,True,both_converged
3020,30.0,1.207,0.44189,0.41553,-0.217,1.0,1.0,-1.9197,0.0,0.0,True,1.5781,0.55203,0.53578,-0.3588,1.0,1.0,-2.5001,0.0,0.0,True,both_converged
4896,-30.0,-0.8967,0.39242,0.36845,0.1164,1.0,0.6674,-1.5233,0.0,0.0,True,-0.5455,0.3132,0.29322,0.0356,1.0,0.5435,-0.6748,0.0,0.0,True,both_converged
4896,-29.5,-0.8803,0.38484,0.36076,0.1123,1.0,0.6938,-1.511,0.0,0.0,True,-0.5375,0.30687,0.28678,0.0331,1.0,0.5609,-0.6705,0.0,0.0,True,both_converged
4896,-29.0,-0.8642,0.37946,0.35528,0.1082,1.0,0.7218,-1.498,0.0,0.0,True,-0.5281,0.29943,0.27921,0.0306,1.0,0.5814,-0.6628,0.0,0.0,True,both_converged
4896,-28.5,-0.8451,0.36901,0.34468,0.1037,1.0,0.7524,-1.4813,0.0,0.0,True,-0.5189,0.29268,0.27238,0.0282,1.0,0.6018,-0.6545,0.0,0.0,True,both_converged
4896,-28.0,-0.8258,0.3606,0.33616,0.0992,1.0,0.7853,-1.4634,0.0,0.0,True,-0.51,0.2867,0.2663,0.026,1.0,0.6243,-0.645,0.0,0.0,True,both_converged
4896,-27.5,-0.806,0.35382,0.32923,0.0946,1.0,0.8212,-1.4436,0.0,0.0,True,-0.4995,0.27944,0.25894,0.0236,1.0,0.6492,-0.6319,0.0,0.0,True,both_converged
4896,-27.0,-0.7833,0.34466,0.31995,0.0893,1.0,0.8608,-1.4202,0.0,0.0,True,-0.4878,0.2714,0.25084,0.0211,1.0,0.6765,-0.6266,0.0,0.0,True,both_converged
4896,-26.5,-0.7564,0.33231,0.30742,0.0827,1.0,0.9055,-1.3922,0.0,0.0,True,-0.4754,0.26336,0.24268,0.0187,1.0,0.7072,-0.6238,0.0,0.0,True,both_converged
4896,-26.0,-0.7253,0.32081,0.29568,0.0746,1.0,0.9559,-1.3742,0.0,0.0,True,-0.4622,0.2553,0.23457,0.0161,1.0,0.7404,-0.6198,0.0,0.0,True,both_converged
4896,-25.5,-0.6853,0.29936,0.27392,0.0631,1.0,1.0,-1.3514,0.0,0.0,True,-0.4479,0.24728,0.2265,0.0135,1.0,0.7782,-0.6137,0.0,0.0,True,both_converged
4896,-25.0,-0.6677,0.2925,0.26693,0.0586,1.0,1.0,-1.344,0.0,0.0,True,-0.4313,0.23843,0.21758,0.0105,1.0,0.8215,-0.6046,0.0,0.0,True,both_converged
4896,-24.5,-0.6499,0.28574,0.26007,0.0542,1.0,1.0,-1.3349,0.0,0.0,True,-0.4103,0.22751,0.20661,0.0065,1.0,0.8739,-0.5909,0.0,0.0,True,both_converged
4896,-24.0,-0.632,0.27903,0.25326,0.0498,1.0,1.0,-1.3242,0.0,0.0,True,-0.3827,0.21518,0.19419,0.0006,1.0,0.9388,-0.5699,0.0,0.0,True,both_converged
4896,-23.5,-0.6139,0.27237,0.24649,0.0454,1.0,1.0,-1.3117,0.0,0.0,True,-0.3458,0.19865,0.17748,-0.0086,1.0,1.0,-0.5438,0.0,0.0,True,both_converged
4896,-23.0,-0.5956,0.26577,0.2398,0.0412,1.0,1.0,-1.2972,0.0,0.0,True,-0.3352,0.19394,0.17272,-0.0107,1.0,1.0,-0.5468,0.0,0.0,True,both_converged
4896,-22.5,-0.5772,0.25922,0.23317,0.037,1.0,1.0,-1.2861,0.0,0.0,True,-0.3245,0.1893,0.16802,-0.0127,1.0,1.0,-0.5531,0.0,0.0,True,both_converged
4896,-22.0,-0.5586,0.25273,0.22657,0.0329,1.0,1.0,-1.2819,0.0,0.0,True,-0.3138,0.18474,0.16343,-0.0146,1.0,1.0,-0.559,0.0,0.0,True,both_converged
4896,-21.5,-0.5399,0.2463,0.22007,0.0289,1.0,1.0,-1.2762,0.0,0.0,True,-0.303,0.18027,0.15893,-0.0164,1.0,1.0,-0.5644,0.0,0.0,True,both_converged
4896,-21.0,-0.5211,0.23993,0.21363,0.0249,1.0,1.0,-1.2688,0.0,0.0,True,-0.2922,0.17587,0.1545,-0.018,1.0,1.0,-0.5693,0.0,0.0,True,both_converged
4896,-20.5,-0.5022,0.23362,0.20723,0.0211,1.0,1.0,-1.2596,0.0,0.0,True,-0.2814,0.17157,0.15019,-0.0196,1.0,1.0,-0.5735,0.0,0.0,True,both_converged
4896,-20.0,-0.4832,0.22738,0.20093,0.0173,1.0,1.0,-1.2484,0.0,0.0,True,-0.2706,0.16735,0.14599,-0.0211,1.0,1.0,-0.577,0.0,0.0,True,both_converged
4896,-19.5,-0.4642,0.22121,0.19471,0.0136,1.0,1.0,-1.2352,0.0,0.0,True,-0.2599,0.16322,0.14188,-0.0225,1.0,1.0,-0.5797,0.0,0.0,True,both_converged
4896,-19.0,-0.4451,0.21511,0.18856,0.0099,1.0,1.0,-1.2206,0.0,0.0,True,-0.2492,0.15918,0.13785,-0.0237,1.0,1.0,-0.5816,0.0,0.0,True,both_converged
4896,-18.5,-0.4261,0.20908,0.18246,0.0064,1.0,1.0,-1.2173,0.0,0.0,True,-0.2387,0.15523,0.13394,-0.0248,1.0,1.0,-0.5826,0.0,0.0,True,both_converged
4896,-18.0,-0.407,0.20313,0.17646,0.003,1.0,1.0,-1.2121,0.0,0.0,True,-0.2282,0.15137,0.13015,-0.0258,1.0,1.0,-0.583,0.0,0.0,True,both_converged
4896,-17.5,-0.388,0.19725,0.17055,-0.0004,1.0,1.0,-1.205,0.0,0.0,True,-0.2178,0.1476,0.12641,-0.0267,1.0,1.0,-0.5926,0.0,0.0,True,both_converged
4896,-17.0,-0.369,0.19145,0.16469,-0.0036,1.0,1.0,-1.1958,0.0,0.0,True,-0.2076,0.14392,0.12281,-0.0274,1.0,1.0,-0.6018,0.0,0.0,True,both_converged
4896,-16.5,-0.3501,0.18572,0.15894,-0.0068,1.0,1.0,-1.1844,0.0,0.0,True,-0.1975,0.14032,0.1193,-0.0281,1.0,1.0,-0.6107,0.0,0.0,True,both_converged
4896,-16.0,-0.3313,0.18008,0.15328,-0.0099,1.0,1.0,-1.1707,0.0,0.0,True,-0.1876,0.1368,0.11588,-0.0286,1.0,1.0,-0.6192,0.0,0.0,True,both_converged
4896,-15.5,-0.3126,0.17451,0.1477,-0.0128,1.0,1.0,-1.1628,0.0,0.0,True,-0.1779,0.13335,0.11251,-0.029,1.0,1.0,-0.6272,0.0,0.0,True,both_converged
4896,-15.0,-0.294,0.16902,0.14217,-0.0157,1.0,1.0,-1.1585,0.0,0.0,True,-0.1683,0.12997,0.10925,-0.0293,1.0,1.0,-0.6344,0.0,0.0,True,both_converged
4896,-14.5,-0.2757,0.16361,0.13676,-0.0184,1.0,1.0,-1.1521,0.0,0.0,True,-0.1589,0.12664,0.10605,-0.0295,1.0,1.0,-0.6409,0.0,0.0,True,both_converged
4896,-14.0,-0.2575,0.15832,0.13147,-0.0211,1.0,1.0,-1.1434,0.0,0.0,True,-0.1496,0.12337,0.1029,-0.0295,1.0,1.0,-0.6464,0.0,0.0,True,both_converged
4896,-13.5,-0.2396,0.15313,0.12624,-0.0236,1.0,1.0,-1.1324,0.0,0.0,True,-0.1405,0.12014,0.09982,-0.0295,1.0,1.0,-0.6509,0.0,0.0,True,both_converged
4896,-13.0,-0.222,0.14801,0.12114,-0.026,1.0,1.0,-1.1192,0.0,0.0,True,-0.1316,0.11696,0.09675,-0.0294,1.0,1.0,-0.6544,0.0,0.0,True,both_converged
4896,-12.5,-0.2048,0.14297,0.11612,-0.0283,1.0,1.0,-1.1159,0.0,0.0,True,-0.1229,0.11382,0.09376,-0.0292,1.0,1.0,-0.6567,0.0,0.0,True,both_converged
4896,-12.0,-0.1879,0.13801,0.11118,-0.0305,1.0,1.0,-1.1111,0.0,0.0,True,-0.1144,0.11072,0.0908,-0.0289,1.0,1.0,-0.6576,0.0,0.0,True,both_converged
4896,-11.5,-0.1714,0.13312,0.10628,-0.0325,1.0,1.0,-1.1043,0.0,0.0,True,-0.1062,0.10764,0.08788,-0.0286,1.0,1.0,-0.6659,0.0,0.0,True,both_converged
4896,-11.0,-0.1555,0.12831,0.1015,-0.0344,1.0,1.0,-1.0954,0.0,0.0,True,-0.0981,0.10458,0.08499,-0.0281,1.0,1.0,-0.6755,0.0,0.0,True,both_converged
4896,-10.5,-0.14,0.12358,0.09681,-0.0362,1.0,1.0,-1.0843,0.0,0.0,True,-0.0903,0.10153,0.08207,-0.0276,1.0,1.0,-0.6843,0.0,0.0,True,both_converged
4896,-10.0,-0.1252,0.11893,0.0922,-0.0379,1.0,1.0,-1.0825,0.0,0.0,True,-0.0827,0.09849,0.0792,-0.027,1.0,1.0,-0.6918,0.0,0.0,True,both_converged
4896,-9.5,-0.111,0.11436,0.08769,-0.0394,1.0,1.0,-1.079,0.0,0.0,True,-0.0753,0.09546,0.07633,-0.0264,1.0,1.0,-0.6981,0.0,0.0,True,both_converged
4896,-9.0,-0.0975,0.10989,0.08324,-0.0408,1.0,1.0,-1.0736,0.0,0.0,True,-0.0681,0.09242,0.07346,-0.0257,1.0,1.0,-0.7031,0.0,0.0,True,both_converged
4896,-8.5,-0.0849,0.10553,0.07895,-0.042,1.0,1.0,-1.0665,0.0,0.0,True,-0.0612,0.08936,0.07058,-0.0249,1.0,1.0,-0.7068,0.0,0.0,True,both_converged
4896,-8.0,-0.0732,0.10128,0.07478,-0.0431,1.0,1.0,-1.0628,0.0,0.0,True,-0.0544,0.08629,0.06764,-0.0242,1.0,1.0,-0.709,0.0,0.0,True,both_converged
4896,-7.5,-0.0626,0.09716,0.07076,-0.044,1.0,1.0,-1.0622,0.0,0.0,True,-0.048,0.08319,0.06471,-0.0234,1.0,1.0,-0.7098,0.0,0.0,True,both_converged
4896,-7.0,-0.0533,0.09319,0.06685,-0.0447,1.0,1.0,-1.0604,0.0,0.0,True,-0.0418,0.08007,0.06176,-0.0225,1.0,1.0,-0.7092,0.0,0.0,True,both_converged
4896,-6.5,-0.0455,0.08938,0.06317,-0.0452,1.0,1.0,-1.0578,0.0,0.0,True,-0.0358,0.0769,0.05877,-0.0216,1.0,1.0,-0.7121,0.0,0.0,True,both_converged
4896,-6.0,-0.0397,0.08574,0.05968,-0.0455,1.0,1.0,-1.0575,0.0,0.0,True,-0.0301,0.0737,0.05573,-0.0207,1.0,1.0,-0.7192,0.0,0.0,True,both_converged
4896,-5.5,-0.0362,0.08228,0.0564,-0.0454,1.0,1.0,-1.0623,0.0,0.0,True,-0.0247,0.07045,0.05267,-0.0198,1.0,1.0,-0.7245,0.0,0.0,True,both_converged
4896,-5.0,-0.0356,0.07899,0.05331,-0.045,1.0,1.0,-1.0681,0.0,0.0,True,-0.0196,0.06717,0.04958,-0.0188,1.0,1.0,-0.7282,0.0,0.0,True,both_converged
4896,-4.5,-0.0384,0.07585,0.05042,-0.0442,1.0,1.0,-1.0759,0.0,0.0,True,-0.0149,0.06388,0.04644,-0.0178,1.0,1.0,-0.7304,0.0,0.0,True,both_converged
4896,-4.0,-0.0455,0.07284,0.04769,-0.043,1.0,1.0,-1.087,0.0,0.0,True,-0.0107,0.0606,0.04335,-0.0168,1.0,1.0,-0.7313,0.0,0.0,True,both_converged
4896,-3.5,-0.058,0.06992,0.04509,-0.0411,1.0,1.0,-1.1069,0.0,0.0,True,-0.007,0.05734,0.04028,-0.0157,1.0,1.0,-0.7313,0.0,0.0,True,both_converged
4896,-3.0,-0.0773,0.06701,0.04256,-0.0384,1.0,1.0,-1.1343,0.0,0.0,True,-0.0041,0.05413,0.03726,-0.0146,1.0,1.0,-0.7306,0.0,0.0,True,both_converged
4896,-2.5,-0.1048,0.06399,0.03998,-0.0348,1.0,1.0,-1.171,0.0,0.0,True,-0.002,0.05099,0.0343,-0.0135,1.0,1.0,-0.7376,0.0,0.0,True,both_converged
4896,-2.0,-0.1338,0.06095,0.03704,-0.0315,1.0,1.0,-1.2083,0.0,0.0,True,-0.001,0.04795,0.03146,-0.0122,1.0,1.0,-0.7456,0.0,0.0,True,both_converged
4896,-1.5,-0.1207,0.05921,0.03366,-0.0344,1.0,1.0,-1.1731,0.0,0.0,True,-0.0014,0.04507,0.02876,-0.0109,1.0,1.0,-0.7548,0.0,0.0,True,both_converged
4896,-1.0,-0.0825,0.05915,0.03152,-0.0372,1.0,1.0,-1.0736,0.0,0.0,True,-0.0034,0.04241,0.02629,-0.0095,1.0,1.0,-0.7659,0.0,0.0,True,both_converged
4896,-0.5,-0.0439,0.05973,0.03038,-0.0382,1.0,1.0,-0.9617,0.0,0.0,True,-0.0074,0.04007,0.02411,-0.008,1.0,1.0,-0.7807,0.0,0.0,True,both_converged
4896,0.0,-0.0067,0.06064,0.02986,-0.0386,1.0,1.0,-0.8534,0.0,0.0,True,-0.0132,0.03813,0.02228,-0.0064,1.0,1.0,-0.7995,0.0,0.0,True,both_converged
4896,0.5,0.0295,0.06182,0.02988,-0.0386,1.0,1.0,-0.749,0.0,0.0,True,-0.0153,0.03669,0.02092,-0.006,1.0,1.0,-0.8139,0.0,0.0,True,both_converged
4896,1.0,0.0646,0.06323,0.0303,-0.0385,1.0,1.0,-0.6511,0.0,0.0,True,0.0306,0.03632,0.02017,-0.0167,1.0,1.0,-0.7665,0.0,0.0,True,both_converged
4896,1.5,0.0988,0.06487,0.03115,-0.0383,1.0,1.0,-0.5606,0.0,0.0,True,0.1466,0.03851,0.02122,-0.0415,1.0,1.0,-0.5942,0.0,0.0,True,both_converged
4896,2.0,0.1321,0.06673,0.03233,-0.0382,1.0,1.0,-0.5135,0.0,0.0,True,0.2518,0.04197,0.0235,-0.0605,1.0,1.0,-0.5474,0.0,0.0,True,both_converged
4896,2.5,0.1646,0.06881,0.03387,-0.0382,1.0,1.0,-0.5323,0.0,0.0,True,0.3225,0.04534,0.02626,-0.0705,1.0,1.0,-0.6254,0.0,0.0,True,both_converged
4896,3.0,0.1962,0.0711,0.03575,-0.0382,1.0,1.0,-0.5513,0.0,0.0,True,0.369,0.04886,0.02963,-0.0756,1.0,1.0,-0.6803,0.0,0.0,True,both_converged
4896,3.5,0.2268,0.07361,0.03794,-0.0384,1.0,1.0,-0.5708,0.0,0.0,True,0.3927,0.05328,0.0344,-0.0787,1.0,1.0,-0.7017,0.0,0.0,True,both_converged
4896,4.0,0.2567,0.07635,0.04045,-0.0386,1.0,1.0,-0.5911,0.0,0.0,True,0.3919,0.05938,0.04093,-0.0813,1.0,1.0,-0.6768,0.0,0.0,True,both_converged
4896,4.5,0.2857,0.07931,0.04329,-0.039,1.0,1.0,-0.6123,0.0,0.0,True,0.3889,0.06586,0.0475,-0.0845,1.0,1.0,-0.6433,0.0,0.0,True,both_converged
4896,5.0,0.3139,0.08249,0.04642,-0.0394,1.0,1.0,-0.635,0.0,0.0,True,0.3945,0.07186,0.05336,-0.0879,1.0,1.0,-0.6216,0.0,0.0,True,both_converged
4896,5.5,0.3412,0.0859,0.04985,-0.0401,1.0,1.0,-0.6597,0.0,0.0,True,0.405,0.07751,0.05881,-0.0911,1.0,1.0,-0.6105,0.0,0.0,True,both_converged
4896,6.0,0.3677,0.08954,0.0536,-0.0408,1.0,1.0,-0.687,0.0,0.0,True,0.4181,0.08296,0.06403,-0.0942,1.0,1.0,-0.6039,0.0,0.0,True,both_converged
4896,6.5,0.3933,0.09342,0.05763,-0.0417,1.0,1.0,-0.7176,0.0,0.0,True,0.4327,0.0883,0.06914,-0.0972,1.0,1.0,-0.6011,0.0,0.0,True,both_converged
4896,7.0,0.4179,0.09752,0.06195,-0.0427,1.0,1.0,-0.7519,0.0,0.0,True,0.4482,0.09359,0.07422,-0.0999,1.0,1.0,-0.6015,0.0,0.0,True,both_converged
4896,7.5,0.4416,0.10185,0.06659,-0.0439,1.0,1.0,-0.7899,0.0,0.0,True,0.4642,0.09887,0.07931,-0.1026,1.0,1.0,-0.6019,0.0,0.0,True,both_converged
4896,8.0,0.4644,0.10642,0.07147,-0.0452,1.0,1.0,-0.8313,0.0,0.0,True,0.4803,0.10416,0.08445,-0.1052,1.0,1.0,-0.6065,0.0,0.0,True,both_converged
4896,8.5,0.4863,0.11122,0.07669,-0.0467,1.0,1.0,-0.8764,0.0,0.0,True,0.4966,0.10947,0.08963,-0.1076,1.0,1.0,-0.6097,0.0,0.0,True,both_converged
4896,9.0,0.5072,0.11625,0.08212,-0.0484,1.0,1.0,-0.9235,0.0,0.0,True,0.5128,0.11482,0.09487,-0.11,1.0,1.0,-0.6154,0.0,0.0,True,both_converged
4896,9.5,0.5273,0.12151,0.08782,-0.0503,1.0,1.0,-0.9723,0.0,0.0,True,0.5289,0.12022,0.10021,-0.1124,1.0,1.0,-0.6211,0.0,0.0,True,both_converged
4896,10.0,0.5466,0.12699,0.09377,-0.0523,1.0,1.0,-1.0222,0.0,0.0,True,0.5448,0.12569,0.10566,-0.1148,1.0,1.0,-0.6263,0.0,0.0,True,both_converged
4896,10.5,0.565,0.13269,0.10001,-0.0546,1.0,1.0,-1.0725,0.0,0.0,True,0.5606,0.13123,0.11118,-0.1171,1.0,1.0,-0.6342,0.0,0.0,True,both_converged
4896,11.0,0.5828,0.13861,0.10642,-0.0571,1.0,1.0,-1.1221,0.0,0.0,True,0.5761,0.13684,0.11681,-0.1194,1.0,1.0,-0.6398,0.0,0.0,True,both_converged
4896,11.5,0.5999,0.14473,0.11304,-0.0598,1.0,1.0,-1.1695,0.0,0.0,True,0.5914,0.14253,0.12258,-0.1217,1.0,1.0,-0.6479,0.0,0.0,True,both_converged
4896,12.0,0.6166,0.15105,0.11992,-0.0627,1.0,1.0,-1.2144,0.0,0.0,True,0.6065,0.14831,0.12841,-0.1239,1.0,1.0,-0.6553,0.0,0.0,True,both_converged
4896,12.5,0.6329,0.15757,0.12693,-0.0659,1.0,1.0,-1.2574,0.0,0.0,True,0.6212,0.15417,0.13436,-0.1262,1.0,1.0,-0.6611,0.0,0.0,True,both_converged
4896,13.0,0.649,0.1643,0.13414,-0.0692,1.0,1.0,-1.2955,0.0,0.0,True,0.6357,0.16012,0.14047,-0.1285,1.0,1.0,-0.6705,0.0,0.0,True,both_converged
4896,13.5,0.6649,0.1712,0.14149,-0.0727,1.0,1.0,-1.3317,0.0,0.0,True,0.6499,0.16616,0.14664,-0.1308,1.0,1.0,-0.6771,0.0,0.0,True,both_converged
4896,14.0,0.6808,0.17824,0.14903,-0.0763,1.0,1.0,-1.3639,0.0,0.0,True,0.6638,0.17229,0.15292,-0.1331,1.0,1.0,-0.6846,0.0,0.0,True,both_converged
4896,14.5,0.6969,0.18542,0.15663,-0.0801,1.0,1.0,-1.3914,0.0,0.0,True,0.6774,0.17852,0.15937,-0.1354,1.0,1.0,-0.6932,0.0,0.0,True,both_converged
4896,15.0,0.7132,0.19272,0.16433,-0.084,1.0,1.0,-1.4199,0.0,0.0,True,0.6906,0.18484,0.16587,-0.1377,1.0,1.0,-0.6987,0.0,0.0,True,both_converged
4896,15.5,0.7299,0.20014,0.17211,-0.088,1.0,1.0,-1.443,0.0,0.0,True,0.7036,0.19124,0.17248,-0.14,1.0,1.0,-0.7075,0.0,0.0,True,both_converged
4896,16.0,0.7467,0.20765,0.18003,-0.0921,1.0,1.0,-1.4632,0.0,0.0,True,0.7162,0.19775,0.17926,-0.1423,1.0,1.0,-0.7152,0.0,0.0,True,both_converged
4896,16.5,0.7638,0.21524,0.18796,-0.0962,1.0,1.0,-1.4859,0.0,0.0,True,0.7285,0.20434,0.18608,-0.1447,1.0,1.0,-0.7196,0.0,0.0,True,both_converged
4896,17.0,0.7811,0.22292,0.19596,-0.1004,1.0,1.0,-1.5039,0.0,0.0,True,0.7405,0.21103,0.19301,-0.147,1.0,1.0,-0.7298,0.0,0.0,True,both_converged
4896,17.5,0.7986,0.23068,0.20403,-0.1046,1.0,1.0,-1.5175,0.0,0.0,True,0.7521,0.21781,0.20005,-0.1494,1.0,1.0,-0.7367,0.0,0.0,True,both_converged
4896,18.0,0.8162,0.23852,0.21221,-0.1089,1.0,1.0,-1.5366,0.0,0.0,True,0.7635,0.22469,0.20725,-0.1517,1.0,1.0,-0.7423,0.0,0.0,True,both_converged
4896,18.5,0.834,0.24643,0.22041,-0.1132,1.0,1.0,-1.5535,0.0,0.0,True,0.7745,0.23165,0.21449,-0.1541,1.0,1.0,-0.7523,0.0,0.0,True,both_converged
4896,19.0,0.8517,0.25442,0.22867,-0.1175,1.0,1.0,-1.5665,0.0,0.0,True,0.7851,0.23871,0.22182,-0.1565,1.0,1.0,-0.7586,0.0,0.0,True,both_converged
4896,19.5,0.8696,0.26249,0.237,-0.1219,1.0,1.0,-1.576,0.0,0.0,True,0.7955,0.24585,0.22931,-0.1588,1.0,1.0,-0.7674,0.0,0.0,True,both_converged
4896,20.0,0.8874,0.27062,0.24544,-0.1263,1.0,1.0,-1.5938,0.0,0.0,True,0.8055,0.25309,0.23684,-0.1612,1.0,1.0,-0.7773,0.0,0.0,True,both_converged
4896,20.5,0.9052,0.27883,0.2539,-0.1307,1.0,1.0,-1.6092,0.0,0.0,True,0.8152,0.26041,0.24447,-0.1636,1.0,1.0,-0.785,0.0,0.0,True,both_converged
4896,21.0,0.9229,0.28711,0.26243,-0.1352,1.0,1.0,-1.6212,0.0,0.0,True,0.8246,0.26782,0.25223,-0.166,1.0,1.0,-0.7992,0.0,0.0,True,both_converged
4896,21.5,0.9405,0.29545,0.27106,-0.1397,1.0,1.0,-1.63,0.0,0.0,True,,,,,,,,,,False,baseline_only
4896,22.0,0.9581,0.30386,0.27971,-0.1442,1.0,1.0,-1.6417,0.0,0.0,True,1.3556,0.3875,0.37012,-0.2829,1.0,1.0,-1.846,0.0,0.0,True,both_converged
4896,22.5,0.9755,0.31232,0.28842,-0.1488,1.0,1.0,-1.6586,0.0,0.0,True,1.3719,0.39757,0.38055,-0.2878,1.0,1.0,-1.9271,0.0,0.0,True,both_converged
4896,23.0,0.9927,0.32084,0.29717,-0.1534,1.0,1.0,-1.6724,0.0,0.0,True,1.388,0.40776,0.3911,-0.2927,1.0,1.0,-2.002,0.0,0.0,True,both_converged
4896,23.5,1.0098,0.32941,0.30602,-0.1581,1.0,1.0,-1.6833,0.0,0.0,True,1.4039,0.41806,0.40175,-0.2977,1.0,1.0,-2.0704,0.0,0.0,True,both_converged
4896,24.0,1.0267,0.33804,0.31489,-0.1628,1.0,1.0,-1.6913,0.0,0.0,True,1.4196,0.42847,0.41255,-0.3027,1.0,1.0,-2.1317,0.0,0.0,True,both_converged
4896,24.5,1.0434,0.34672,0.32381,-0.1675,1.0,1.0,-1.6998,0.0,0.0,True,1.435,0.43899,0.42342,-0.3077,1.0,1.0,-2.1857,0.0,0.0,True,both_converged
4896,25.0,1.0688,0.35967,0.33712,-0.175,0.9834,1.0,-1.7263,0.0,0.0,True,1.4502,0.44961,0.43438,-0.3128,1.0,1.0,-2.2322,0.0,0.0,True,both_converged
4896,25.5,1.0951,0.36915,0.34692,-0.1827,0.9534,1.0,-1.752,0.0,0.0,True,1.4652,0.46033,0.44547,-0.3179,1.0,1.0,-2.2711,0.0,0.0,True,both_converged
4896,26.0,1.1189,0.3796,0.35765,-0.1893,0.9245,1.0,-1.7728,0.0,0.0,True,1.491,0.46395,0.44948,-0.3262,0.9708,1.0,-2.3195,0.0,0.0,True,both_converged
4896,26.5,1.1399,0.38665,0.36499,-0.1951,0.8973,1.0,-1.789,0.0,0.0,True,1.5144,0.46512,0.45099,-0.3334,0.936,1.0,-2.3583,0.0,0.0,True,both_converged
4896,27.0,1.1601,0.39531,0.37391,-0.2006,0.8716,1.0,-1.8021,0.0,0.0,True,1.5365,0.47192,0.45814,-0.3398,0.9017,1.0,-2.3979,0.0,0.0,True,both_converged
4896,27.5,1.1788,0.40242,0.38125,-0.2057,0.8469,1.0,-1.8188,0.0,0.0,True,1.5569,0.47894,0.46546,-0.3457,0.8683,1.0,-2.4356,0.0,0.0,True,both_converged
4896,28.0,1.1981,0.41369,0.39282,-0.211,0.8225,1.0,-1.8434,0.0,0.0,True,1.576,0.48455,0.47135,-0.3511,0.835,1.0,-2.4664,0.0,0.0,True,both_converged
4896,28.5,1.2152,0.42102,0.40035,-0.2158,0.8003,1.0,-1.8636,0.0,0.0,True,1.5948,0.49407,0.48119,-0.3563,0.8025,1.0,-2.4913,0.0,0.0,True,both_converged
4896,29.0,1.2318,0.42843,0.40799,-0.2205,0.7783,1.0,-1.8814,0.0,0.0,True,1.612,0.50034,0.48771,-0.3612,0.7712,1.0,-2.5102,0.0,0.0,True,both_converged
4896,29.5,1.2483,0.43737,0.41719,-0.2253,0.7567,1.0,-1.8972,0.0,0.0,True,1.6282,0.50645,0.49404,-0.3658,0.7408,1.0,-2.5243,0.0,0.0,True,both_converged
4896,30.0,1.2639,0.44463,0.42469,-0.23,0.7359,1.0,-1.9104,0.0,0.0,True,1.6446,0.51866,0.50653,-0.3704,0.7103,1.0,-2.5354,0.0,0.0,True,both_converged
7206,-30.0,,,,,,,,,,False,,,,,,,,,,False,none_converged
7206,-29.5,-0.8897,0.38451,0.36448,0.101,1.0,0.3811,-1.5486,0.0,0.0,True,-0.5383,0.30715,0.29024,0.0266,1.0,0.3144,-0.705,0.0,0.0,True,both_converged
7206,-29.0,-0.8754,0.37859,0.35849,0.0968,1.0,0.3939,-1.539,0.0,0.0,True,-0.5303,0.30096,0.28393,0.024,1.0,0.324,-0.7001,0.0,0.0,True,both_converged
7206,-28.5,-0.8607,0.37234,0.35215,0.0927,1.0,0.4077,-1.5277,0.0,0.0,True,-0.5216,0.29423,0.27711,0.0214,1.0,0.3332,-0.6928,0.0,0.0,True,both_converged
7206,-28.0,-0.8458,0.36626,0.34601,0.0887,1.0,0.4226,-1.5149,0.0,0.0,True,-0.5136,0.2886,0.27138,0.0189,1.0,0.3422,-0.6863,0.0,0.0,True,both_converged
7206,-27.5,-0.8313,0.3613,0.341,0.0848,1.0,0.4383,-1.5017,0.0,0.0,True,-0.5063,0.28396,0.26668,0.0164,1.0,0.3518,-0.68,0.0,0.0,True,both_converged
7206,-27.0,-0.8177,0.35817,0.33781,0.0811,1.0,0.4537,-1.4891,0.0,0.0,True,-0.4981,0.27868,0.26132,0.0141,1.0,0.3627,-0.6698,0.0,0.0,True,both_converged
7206,-26.5,-0.7996,0.34729,0.32686,0.0774,1.0,0.4717,-1.4665,0.0,0.0,True,-0.4885,0.27213,0.25468,0.0118,1.0,0.3743,-0.6688,0.0,0.0,True,both_converged
7206,-26.0,-0.7839,0.34157,0.32109,0.0738,1.0,0.4908,-1.4469,0.0,0.0,True,-0.4791,0.26595,0.24845,0.0096,1.0,0.386,-0.6703,0.0,0.0,True,both_converged
7206,-25.5,-0.7675,0.33472,0.31419,0.0703,1.0,0.5096,-1.4252,0.0,0.0,True,-0.4698,0.26006,0.24251,0.0075,1.0,0.3982,-0.6716,0.0,0.0,True,both_converged
7206,-25.0,-0.7514,0.32911,0.30853,0.0671,1.0,0.5317,-1.4164,0.0,0.0,True,-0.4604,0.25437,0.23676,0.0055,1.0,0.4111,-0.6722,0.0,0.0,True,both_converged
7206,-24.5,-0.7327,0.32015,0.29951,0.0637,1.0,0.5553,-1.4032,0.0,0.0,True,-0.451,0.24889,0.23125,0.0036,1.0,0.4249,-0.672,0.0,0.0,True,both_converged
7206,-24.0,-0.7147,0.31265,0.29195,0.0605,1.0,0.5801,-1.3897,0.0,0.0,True,-0.4419,0.24375,0.2261,0.0018,1.0,0.4393,-0.6714,0.0,0.0,True,both_converged
7206,-23.5,-0.6964,0.30546,0.28472,0.0574,1.0,0.6067,-1.3746,0.0,0.0,True,-0.433,0.23897,0.22132,0.0002,1.0,0.454,-0.6702,0.0,0.0,True,both_converged
7206,-23.0,-0.6786,0.29944,0.27865,0.0545,1.0,0.6352,-1.3586,0.0,0.0,True,-0.4211,0.23162,0.21395,-0.0015,1.0,0.4711,-0.6625,0.0,0.0,True,both_converged
7206,-22.5,-0.6576,0.2903,0.26947,0.0512,1.0,0.6665,-1.3371,0.0,0.0,True,-0.4107,0.2259,0.20822,-0.003,1.0,0.4895,-0.6562,0.0,0.0,True,both_converged
7206,-22.0,-0.6377,0.28326,0.26238,0.0483,1.0,0.701,-1.3151,0.0,0.0,True,,,,,,,,,,False,baseline_only
7206,-21.5,-0.6141,0.27368,0.25272,0.0448,1.0,0.7401,-1.2901,0.0,0.0,True,-0.6629,0.29203,0.27089,0.0282,1.0,0.4935,-1.2023,0.0,0.0,True,both_converged
7206,-21.0,-0.5909,0.26574,0.24472,0.0414,1.0,0.782,-1.2777,0.0,0.0,True,-0.645,0.28254,0.26137,0.0257,1.0,0.5165,-1.1944,0.0,0.0,True,both_converged
7206,-20.5,-0.5643,0.25662,0.23552,0.0373,1.0,0.8308,-1.2611,0.0,0.0,True,-0.6288,0.27506,0.25388,0.0235,1.0,0.54,-1.1891,0.0,0.0,True,both_converged
7206,-20.0,-0.5333,0.2466,0.22537,0.0319,1.0,0.8866,-1.2398,0.0,0.0,True,-0.6129,0.26801,0.24686,0.0216,1.0,0.5665,-1.1835,0.0,0.0,True,both_converged
7206,-19.5,-0.4898,0.23166,0.21024,0.0228,1.0,0.9541,-1.2075,0.0,0.0,True,-0.5979,0.26172,0.24061,0.0199,1.0,0.5962,-1.1783,0.0,0.0,True,both_converged
7206,-19.0,-0.4407,0.21327,0.19159,0.0109,1.0,1.0,-1.1702,0.0,0.0,True,-0.5795,0.25301,0.23193,0.0181,1.0,0.6306,-1.1685,0.0,0.0,True,both_converged
7206,-18.5,-0.4214,0.20705,0.18533,0.0074,1.0,1.0,-1.1546,0.0,0.0,True,-0.5619,0.24532,0.22424,0.0166,1.0,0.6715,-1.1588,0.0,0.0,True,both_converged
7206,-18.0,-0.402,0.20089,0.17915,0.0039,1.0,1.0,-1.1493,0.0,0.0,True,-0.5421,0.23677,0.21573,0.015,1.0,0.7213,-1.1459,0.0,0.0,True,both_converged
7206,-17.5,-0.3827,0.19482,0.17304,0.0005,1.0,1.0,-1.1447,0.0,0.0,True,-0.5156,0.22564,0.2046,0.0125,1.0,0.7887,-1.1258,0.0,0.0,True,both_converged
7206,-17.0,-0.3634,0.18881,0.16699,-0.0028,1.0,1.0,-1.138,0.0,0.0,True,-0.4648,0.20782,0.18659,0.0046,1.0,0.914,-1.0848,0.0,0.0,True,both_converged
7206,-16.5,-0.3441,0.18288,0.16104,-0.006,1.0,1.0,-1.129,0.0,0.0,True,-0.3952,0.18681,0.1653,-0.0114,1.0,1.0,-1.0365,0.0,0.0,True,both_converged
7206,-16.0,-0.325,0.17701,0.15516,-0.0091,1.0,1.0,-1.1175,0.0,0.0,True,-0.3782,0.1814,0.15992,-0.0138,1.0,1.0,-1.0411,0.0,0.0,True,both_converged
7206,-15.5,-0.3059,0.17122,0.14933,-0.012,1.0,1.0,-1.1036,0.0,0.0,True,-0.3615,0.17608,0.15467,-0.0159,1.0,1.0,-1.0475,0.0,0.0,True,both_converged
7206,-15.0,-0.287,0.16551,0.14361,-0.0149,1.0,1.0,-1.095,0.0,0.0,True,-0.345,0.17082,0.14949,-0.0179,1.0,1.0,-1.0538,0.0,0.0,True,both_converged
7206,-14.5,-0.2682,0.15986,0.13797,-0.0177,1.0,1.0,-1.0911,0.0,0.0,True,-0.3287,0.16564,0.14439,-0.0198,1.0,1.0,-1.0598,0.0,0.0,True,both_converged
7206,-14.0,-0.2497,0.15429,0.1324,-0.0204,1.0,1.0,-1.0849,0.0,0.0,True,-0.3128,0.16052,0.13933,-0.0215,1.0,1.0,-1.0655,0.0,0.0,True,both_converged
7206,-13.5,-0.2314,0.14879,0.12688,-0.0229,1.0,1.0,-1.0763,0.0,0.0,True,-0.2972,0.15547,0.13438,-0.023,1.0,1.0,-1.0706,0.0,0.0,True,both_converged
7206,-13.0,-0.2134,0.14338,0.12148,-0.0253,1.0,1.0,-1.0652,0.0,0.0,True,-0.282,0.15047,0.1295,-0.0244,1.0,1.0,-1.075,0.0,0.0,True,both_converged
7206,-12.5,-0.1957,0.13804,0.11615,-0.0276,1.0,1.0,-1.0525,0.0,0.0,True,-0.2671,0.14554,0.12469,-0.0256,1.0,1.0,-1.0787,0.0,0.0,True,both_converged
7206,-12.0,-0.1784,0.13278,0.11091,-0.0298,1.0,1.0,-1.0502,0.0,0.0,True,-0.2526,0.14067,0.11991,-0.0267,1.0,1.0,-1.0814,0.0,0.0,True,both_converged
7206,-11.5,-0.1614,0.1276,0.10572,-0.0319,1.0,1.0,-1.0456,0.0,0.0,True,-0.2386,0.13586,0.11523,-0.0275,1.0,1.0,-1.083,0.0,0.0,True,both_converged
7206,-11.0,-0.1448,0.12249,0.10065,-0.0338,1.0,1.0,-1.0386,0.0,0.0,True,-0.225,0.13111,0.11063,-0.0282,1.0,1.0,-1.0832,0.0,0.0,True,both_converged
7206,-10.5,-0.1287,0.11748,0.09567,-0.0356,1.0,1.0,-1.0292,0.0,0.0,True,-0.2117,0.12643,0.1061,-0.0288,1.0,1.0,-1.0821,0.0,0.0,True,both_converged
7206,-10.0,-0.1132,0.11256,0.09079,-0.0373,1.0,1.0,-1.0207,0.0,0.0,True,-0.1989,0.12181,0.10164,-0.0292,1.0,1.0,-1.0793,0.0,0.0,True,both_converged
7206,-9.5,-0.0982,0.10774,0.08599,-0.0388,1.0,1.0,-1.0189,0.0,0.0,True,-0.1865,0.11726,0.09722,-0.0294,1.0,1.0,-1.087,0.0,0.0,True,both_converged
7206,-9.0,-0.0839,0.10305,0.08134,-0.0402,1.0,1.0,-1.0149,0.0,0.0,True,-0.1744,0.11279,0.09292,-0.0295,1.0,1.0,-1.0964,0.0,0.0,True,both_converged
7206,-8.5,-0.0703,0.09849,0.07685,-0.0414,1.0,1.0,-1.0086,0.0,0.0,True,-0.1628,0.1084,0.08871,-0.0295,1.0,1.0,-1.1044,0.0,0.0,True,both_converged
7206,-8.0,-0.0576,0.09409,0.07252,-0.0425,1.0,1.0,-1.0003,0.0,0.0,True,-0.1514,0.10409,0.0846,-0.0293,1.0,1.0,-1.1106,0.0,0.0,True,both_converged
7206,-7.5,-0.0458,0.08984,0.06835,-0.0434,1.0,1.0,-1.0002,0.0,0.0,True,-0.1404,0.09988,0.08058,-0.0291,1.0,1.0,-1.1149,0.0,0.0,True,both_converged
7206,-7.0,-0.0353,0.08577,0.06434,-0.0441,1.0,1.0,-0.9987,0.0,0.0,True,-0.1297,0.09578,0.07669,-0.0286,1.0,1.0,-1.1172,0.0,0.0,True,both_converged
7206,-6.5,-0.0261,0.08188,0.06056,-0.0445,1.0,1.0,-0.9958,0.0,0.0,True,-0.1195,0.0918,0.07288,-0.0281,1.0,1.0,-1.1174,0.0,0.0,True,both_converged
7206,-6.0,-0.0188,0.07819,0.05701,-0.0448,1.0,1.0,-0.9922,0.0,0.0,True,-0.1098,0.08792,0.06922,-0.0274,1.0,1.0,-1.1153,0.0,0.0,True,both_converged
7206,-5.5,-0.0135,0.07471,0.05368,-0.0447,1.0,1.0,-0.9963,0.0,0.0,True,-0.1005,0.08417,0.06569,-0.0266,1.0,1.0,-1.111,0.0,0.0,True,both_converged
7206,-5.0,-0.0109,0.07143,0.05057,-0.0443,1.0,1.0,-1.0009,0.0,0.0,True,-0.0918,0.08053,0.06229,-0.0256,1.0,1.0,-1.1045,0.0,0.0,True,both_converged
7206,-4.5,-0.0112,0.06834,0.04767,-0.0436,1.0,1.0,-1.0068,0.0,0.0,True,-0.0837,0.07701,0.05901,-0.0245,1.0,1.0,-1.1067,0.0,0.0,True,both_converged
7206,-4.0,-0.0157,0.06542,0.04494,-0.0424,1.0,1.0,-1.0157,0.0,0.0,True,-0.0763,0.0736,0.05586,-0.0232,1.0,1.0,-1.1103,0.0,0.0,True,both_converged
7206,-3.5,-0.0255,0.06266,0.04243,-0.0406,1.0,1.0,-1.0335,0.0,0.0,True,-0.0696,0.0703,0.05278,-0.0218,1.0,1.0,-1.112,0.0,0.0,True,both_converged
7206,-3.0,-0.0421,0.05999,0.04005,-0.0381,1.0,1.0,-1.0594,0.0,0.0,True,-0.0639,0.0671,0.04985,-0.0202,1.0,1.0,-1.1117,0.0,0.0,True,both_converged
7206,-2.5,-0.0673,0.05727,0.03768,-0.0347,1.0,1.0,-1.0953,0.0,0.0,True,-0.0619,0.06412,0.04716,-0.0178,1.0,0.9981,-1.1126,0.0,0.0,True,both_converged
7206,-2.0,-0.103,0.0543,0.03515,-0.0303,1.0,1.0,-1.1452,0.0,0.0,True,-0.0739,0.0617,0.0451,-0.0123,1.0,0.9874,-1.1255,0.0,0.0,True,both_converged
7206,-1.5,-0.1318,0.05114,0.03184,-0.0289,1.0,1.0,-1.1911,0.0,0.0,True,-0.0632,0.05833,0.042,-0.0122,1.0,0.9927,-1.113,0.0,0.0,True,both_converged
7206,-1.0,-0.0884,0.05045,0.02884,-0.0367,1.0,1.0,-1.1079,0.0,0.0,True,-0.0527,0.05497,0.03893,-0.0121,1.0,1.0,-1.0994,0.0,0.0,True,both_converged
7206,-0.5,-0.0448,0.05119,0.02777,-0.039,1.0,1.0,-0.9919,0.0,0.0,True,-0.0521,0.05196,0.03626,-0.0099,1.0,1.0,-1.1019,0.0,0.0,True,both_converged
7206,0.0,-0.0055,0.05228,0.02749,-0.0397,1.0,1.0,-0.8761,0.0,0.0,True,-0.0308,0.04911,0.03354,-0.0131,1.0,1.0,-1.0829,0.0,0.0,True,both_converged
7206,0.5,0.0316,0.05362,0.02778,-0.04,1.0,1.0,-0.766,0.0,0.0,True,0.1443,0.04861,0.03166,-0.0536,1.0,1.0,-0.8924,0.0,0.0,True,both_converged
7206,1.0,0.0674,0.0552,0.02848,-0.04,1.0,1.0,-0.6647,0.0,0.0,True,0.3875,0.05218,0.03252,-0.105,1.0,1.0,-0.7393,0.0,0.0,True,both_converged
7206,1.5,0.102,0.057,0.02958,-0.0401,1.0,1.0,-0.5714,0.0,0.0,True,0.5068,0.05483,0.03372,-0.1229,1.0,1.0,-0.8744,0.0,0.0,True,both_converged
7206,2.0,0.1356,0.05901,0.03101,-0.0402,1.0,1.0,-0.5125,0.0,0.0,True,0.5859,0.05697,0.03507,-0.1301,1.0,1.0,-0.9849,0.0,0.0,True,both_converged
7206,2.5,0.1682,0.06125,0.03279,-0.0403,1.0,1.0,-0.5309,0.0,0.0,True,0.6492,0.05898,0.03685,-0.1336,1.0,1.0,-1.0846,0.0,0.0,True,both_converged
7206,3.0,0.1999,0.0637,0.03489,-0.0405,1.0,1.0,-0.5494,0.0,0.0,True,0.7052,0.06114,0.03926,-0.1356,1.0,1.0,-1.1798,0.0,0.0,True,both_converged
7206,3.5,0.2308,0.06637,0.03729,-0.0408,1.0,1.0,-0.5687,0.0,0.0,True,0.755,0.06392,0.04278,-0.1376,1.0,1.0,-1.2607,0.0,0.0,True,both_converged
7206,4.0,0.2608,0.06927,0.04,-0.0413,1.0,1.0,-0.5884,0.0,0.0,True,0.7868,0.06954,0.04959,-0.1418,1.0,1.0,-1.2951,0.0,0.0,True,both_converged
7206,4.5,0.2899,0.07239,0.04302,-0.0418,1.0,1.0,-0.6094,0.0,0.0,True,0.7772,0.08149,0.0619,-0.1496,1.0,1.0,-1.229,0.0,0.0,True,both_converged
7206,5.0,0.3181,0.07573,0.04632,-0.0425,1.0,1.0,-0.6316,0.0,0.0,True,0.7788,0.09184,0.07221,-0.1558,1.0,1.0,-1.1914,0.0,0.0,True,both_converged
7206,5.5,0.3454,0.0793,0.04992,-0.0432,1.0,1.0,-0.656,0.0,0.0,True,0.788,0.10101,0.08133,-0.1607,1.0,1.0,-1.1724,0.0,0.0,True,both_converged
7206,6.0,0.3718,0.0831,0.05383,-0.0441,1.0,1.0,-0.6832,0.0,0.0,True,0.8007,0.1097,0.08998,-0.1649,1.0,1.0,-1.1614,0.0,0.0,True,both_converged
7206,6.5,0.3972,0.08714,0.058,-0.0452,1.0,1.0,-0.7136,0.0,0.0,True,0.8153,0.11815,0.09838,-0.1687,1.0,1.0,-1.1591,0.0,0.0,True,both_converged
7206,7.0,0.4216,0.09141,0.06247,-0.0463,1.0,1.0,-0.7478,0.0,0.0,True,0.8309,0.12645,0.10669,-0.1722,1.0,1.0,-1.1578,0.0,0.0,True,both_converged
7206,7.5,0.4451,0.09593,0.06724,-0.0476,1.0,1.0,-0.7857,0.0,0.0,True,0.8472,0.13467,0.1149,-0.1755,1.0,1.0,-1.1611,0.0,0.0,True,both_converged
7206,8.0,0.4675,0.10068,0.07228,-0.049,1.0,1.0,-0.8272,0.0,0.0,True,0.864,0.14284,0.12308,-0.1788,1.0,1.0,-1.1663,0.0,0.0,True,both_converged
7206,8.5,0.489,0.1057,0.07766,-0.0506,1.0,1.0,-0.8715,0.0,0.0,True,0.8812,0.15099,0.13125,-0.182,1.0,1.0,-1.1709,0.0,0.0,True,both_converged
7206,9.0,0.5095,0.11098,0.08329,-0.0524,1.0,1.0,-0.9185,0.0,0.0,True,0.8986,0.15911,0.13945,-0.1851,1.0,1.0,-1.1808,0.0,0.0,True,both_converged
7206,9.5,0.5292,0.11651,0.0892,-0.0544,1.0,1.0,-0.967,0.0,0.0,True,0.9163,0.16724,0.14763,-0.1883,1.0,1.0,-1.1889,0.0,0.0,True,both_converged
7206,10.0,0.548,0.12229,0.09538,-0.0565,1.0,1.0,-1.0159,0.0,0.0,True,0.9343,0.17538,0.15585,-0.1915,1.0,1.0,-1.1993,0.0,0.0,True,both_converged
7206,10.5,0.5659,0.12831,0.10186,-0.0589,1.0,1.0,-1.064,0.0,0.0,True,0.9524,0.18355,0.16416,-0.1947,1.0,1.0,-1.2114,0.0,0.0,True,both_converged
7206,11.0,0.5831,0.13458,0.10855,-0.0615,1.0,1.0,-1.111,0.0,0.0,True,0.9706,0.19175,0.17247,-0.198,1.0,1.0,-1.221,0.0,0.0,True,both_converged
7206,11.5,0.5997,0.14107,0.11547,-0.0643,1.0,1.0,-1.1565,0.0,0.0,True,0.9889,0.19997,0.18081,-0.2013,1.0,1.0,-1.236,0.0,0.0,True,both_converged
7206,12.0,0.6159,0.14778,0.12265,-0.0673,1.0,1.0,-1.1974,0.0,0.0,True,1.0073,0.20824,0.18928,-0.2047,1.0,1.0,-1.2492,0.0,0.0,True,both_converged
7206,12.5,0.6319,0.15468,0.12997,-0.0705,1.0,1.0,-1.2373,0.0,0.0,True,1.0258,0.21657,0.19776,-0.2082,1.0,1.0,-1.2611,0.0,0.0,True,both_converged
7206,13.0,0.6477,0.16176,0.13744,-0.0739,1.0,1.0,-1.2708,0.0,0.0,True,1.0443,0.22497,0.20632,-0.2118,1.0,1.0,-1.2783,0.0,0.0,True,both_converged
7206,13.5,0.6636,0.169,0.14506,-0.0774,1.0,1.0,-1.3041,0.0,0.0,True,1.0628,0.23344,0.21497,-0.2154,1.0,1.0,-1.2922,0.0,0.0,True,both_converged
7206,14.0,0.6797,0.17638,0.15285,-0.0811,1.0,1.0,-1.3308,0.0,0.0,True,1.0813,0.24199,0.22377,-0.2192,1.0,1.0,-1.3069,0.0,0.0,True,both_converged
7206,14.5,0.696,0.1839,0.16071,-0.0849,1.0,1.0,-1.3574,0.0,0.0,True,1.0998,0.25062,0.2326,-0.223,1.0,1.0,-1.3248,0.0,0.0,True,both_converged
7206,15.0,0.7126,0.19152,0.16865,-0.0888,1.0,1.0,-1.3806,0.0,0.0,True,1.1182,0.25934,0.24153,-0.2268,1.0,1.0,-1.339,0.0,0.0,True,both_converged
7206,15.5,0.7295,0.19924,0.17667,-0.0928,1.0,1.0,-1.3983,0.0,0.0,True,1.1366,0.26815,0.25062,-0.2308,1.0,1.0,-1.356,0.0,0.0,True,both_converged
7206,16.0,0.7467,0.20703,0.1848,-0.0968,1.0,1.0,-1.4196,0.0,0.0,True,1.1548,0.27704,0.25975,-0.2348,1.0,1.0,-1.3745,0.0,0.0,True,both_converged
7206,16.5,0.7641,0.21491,0.19294,-0.1009,1.0,1.0,-1.4375,0.0,0.0,True,1.173,0.286,0.26895,-0.2388,1.0,1.0,-1.389,0.0,0.0,True,both_converged
7206,17.0,0.7817,0.22286,0.20114,-0.1051,1.0,1.0,-1.4507,0.0,0.0,True,1.191,0.29505,0.27831,-0.243,1.0,1.0,-1.4085,0.0,0.0,True,both_converged
7206,17.5,0.7995,0.23087,0.2094,-0.1092,1.0,1.0,-1.4665,0.0,0.0,True,1.2089,0.3042,0.28772,-0.2472,1.0,1.0,-1.4279,0.0,0.0,True,both_converged
7206,18.0,0.8174,0.23896,0.21776,-0.1134,1.0,1.0,-1.4831,0.0,0.0,True,1.2266,0.31345,0.29724,-0.2515,1.0,1.0,-1.443,0.0,0.0,True,both_converged
7206,18.5,0.8354,0.24711,0.22614,-0.1176,1.0,1.0,-1.4958,0.0,0.0,True,1.2443,0.32281,0.30687,-0.2558,1.0,1.0,-1.4674,0.0,0.0,True,both_converged
7206,19.0,0.864,0.25955,0.23889,-0.1249,0.9853,1.0,-1.514,0.0,0.0,True,1.2617,0.33228,0.31666,-0.2602,1.0,1.0,-1.4881,0.0,0.0,True,both_converged
7206,19.5,0.8967,0.2704,0.25007,-0.1331,0.9475,1.0,-1.547,0.0,0.0,True,1.279,0.34185,0.32652,-0.2647,1.0,1.0,-1.512,0.0,0.0,True,both_converged
7206,20.0,0.9247,0.28036,0.26034,-0.1395,0.9121,1.0,-1.5727,0.0,0.0,True,1.3014,0.34943,0.33443,-0.2708,0.9876,1.0,-1.5454,0.0,0.0,True,both_converged
7206,20.5,0.9495,0.28917,0.26938,-0.1448,0.88,1.0,-1.5918,0.0,0.0,True,1.3295,0.35482,0.34023,-0.2781,0.9516,1.0,-1.6379,0.0,0.0,True,both_converged
7206,21.0,0.973,0.29816,0.27858,-0.1497,0.85,1.0,-1.6069,0.0,0.0,True,1.3546,0.36042,0.34614,-0.2841,0.9162,1.0,-1.7534,0.0,0.0,True,both_converged
7206,21.5,0.9958,0.30743,0.28808,-0.1544,0.8213,1.0,-1.6339,0.0,0.0,True,1.3787,0.36751,0.35355,-0.2896,0.8804,1.0,-1.8633,0.0,0.0,True,both_converged
7206,22.0,1.0158,0.31384,0.29468,-0.1584,0.7941,1.0,-1.6548,0.0,0.0,True,1.4013,0.37425,0.36062,-0.2945,0.8454,1.0,-1.9645,0.0,0.0,True,both_converged
7206,22.5,1.038,0.32463,0.30565,-0.1628,0.7685,1.0,-1.6747,0.0,0.0,True,1.4239,0.38331,0.36997,-0.2992,0.8101,1.0,-2.0599,0.0,0.0,True,both_converged
7206,23.0,1.0567,0.33111,0.31233,-0.1667,0.7444,1.0,-1.6881,0.0,0.0,True,1.4445,0.38977,0.37671,-0.3035,0.7752,1.0,-2.1438,0.0,0.0,True,both_converged
7206,23.5,1.076,0.3393,0.32069,-0.1707,0.7211,1.0,-1.703,0.0,0.0,True,1.4651,0.39792,0.38516,-0.3076,0.7396,1.0,-2.2205,0.0,0.0,True,both_converged
7206,24.0,1.0956,0.34871,0.33027,-0.1747,0.6983,1.0,-1.729,0.0,0.0,True,1.4849,0.406,0.39349,-0.3115,0.7048,1.0,-2.2874,0.0,0.0,True,both_converged
7206,24.5,1.1132,0.35519,0.33696,-0.1785,0.6764,1.0,-1.7497,0.0,0.0,True,1.5043,0.41476,0.40249,-0.3153,0.6707,1.0,-2.3446,0.0,0.0,True,both_converged
7206,25.0,1.1297,0.36105,0.34296,-0.1823,0.6568,1.0,-1.7662,0.0,0.0,True,1.524,0.42626,0.41427,-0.3189,0.6361,1.0,-2.3944,0.0,0.0,True,both_converged
7206,25.5,1.149,0.37271,0.35479,-0.1865,0.6363,1.0,-1.7838,0.0,0.0,True,1.5404,0.43058,0.41879,-0.3225,0.6044,1.0,-2.4384,0.0,0.0,True,both_converged
7206,26.0,1.164,0.37611,0.35837,-0.1903,0.6178,1.0,-1.7934,0.0,0.0,True,1.5589,0.44412,0.43256,-0.3259,0.5721,1.0,-2.4877,0.0,0.0,True,both_converged
7206,26.5,1.1828,0.38864,0.37111,-0.1944,0.5986,1.0,-1.8112,0.0,0.0,True,1.5739,0.44893,0.43757,-0.3296,0.5437,1.0,-2.5196,0.0,0.0,True,both_converged
7206,27.0,1.1971,0.3916,0.37418,-0.1984,0.5821,1.0,-1.8323,0.0,0.0,True,1.589,0.4562,0.44501,-0.3332,0.5163,1.0,-2.5456,0.0,0.0,True,both_converged
7206,27.5,1.2127,0.39798,0.38071,-0.2024,0.5645,1.0,-1.8536,0.0,0.0,True,1.6038,0.46457,0.45356,-0.3369,0.4903,1.0,-2.5655,0.0,0.0,True,both_converged
7206,28.0,1.2293,0.40833,0.39129,-0.2066,0.5475,1.0,-1.8746,0.0,0.0,True,1.6185,0.47516,0.46434,-0.3405,0.4658,1.0,-2.5809,0.0,0.0,True,both_converged
7206,28.5,1.2444,0.41608,0.39917,-0.2107,0.5322,1.0,-1.8906,0.0,0.0,True,1.6318,0.48161,0.47097,-0.3444,0.443,1.0,-2.5883,0.0,0.0,True,both_converged
7206,29.0,1.2581,0.42038,0.40361,-0.215,0.5173,1.0,-1.9023,0.0,0.0,True,1.6441,0.48754,0.47703,-0.3487,0.4235,1.0,-2.5893,0.0,0.0,True,both_converged
7206,29.5,1.2719,0.42592,0.40934,-0.2193,0.5026,1.0,-1.9126,0.0,0.0,True,1.6572,0.49829,0.488,-0.3525,0.4033,1.0,-2.5927,0.0,0.0,True,both_converged
7206,30.0,1.2856,0.43217,0.41575,-0.2237,0.4883,1.0,-1.9212,0.0,0.0,True,1.6688,0.50524,0.49507,-0.3569,0.3869,1.0,-2.5884,0.0,0.0,True,both_converged
9930,-30.0,,,,,,,,,,False,,,,,,,,,,False,none_converged
9930,-29.5,-0.5074,0.29892,0.28482,0.0327,1.0,0.2636,-0.784,0.0,0.0,True,-0.5319,0.30077,0.28616,0.0232,1.0,0.2086,-0.7157,0.0,0.0,True,both_converged
9930,-29.0,-0.4983,0.29215,0.27796,0.03,1.0,0.2717,-0.7762,0.0,0.0,True,-0.523,0.29364,0.27894,0.0205,1.0,0.2141,-0.7087,0.0,0.0,True,both_converged
9930,-28.5,-0.4904,0.28674,0.27249,0.0272,1.0,0.2797,-0.7819,0.0,0.0,True,-0.5165,0.28973,0.27495,0.0177,1.0,0.2196,-0.7101,0.0,0.0,True,both_converged
9930,-28.0,,,,,,,,,,False,-0.507,0.28248,0.26761,0.0151,1.0,0.2258,-0.6986,0.0,0.0,True,optimised_only
9930,-27.5,-0.8273,0.35352,0.33603,0.0783,1.0,0.283,-1.5266,0.0,0.0,True,,,,,,,,,,False,baseline_only
9930,-27.0,-0.8128,0.34859,0.33106,0.074,1.0,0.2923,-1.5151,0.0,0.0,True,-0.4903,0.27163,0.25663,0.01,1.0,0.2386,-0.6811,0.0,0.0,True,both_converged
9930,-26.5,-0.7988,0.34509,0.32754,0.0698,1.0,0.3021,-1.504,0.0,0.0,True,-0.4827,0.26713,0.25207,0.0074,1.0,0.244,-0.6778,0.0,0.0,True,both_converged
9930,-26.0,-0.7841,0.34046,0.32285,0.0658,1.0,0.3129,-1.4884,0.0,0.0,True,-0.4735,0.26142,0.2463,0.0051,1.0,0.2519,-0.6802,0.0,0.0,True,both_converged
9930,-25.5,-0.7678,0.33303,0.31537,0.062,1.0,0.3246,-1.4665,0.0,0.0,True,-0.464,0.25543,0.24027,0.0028,1.0,0.2585,-0.6819,0.0,0.0,True,both_converged
9930,-25.0,-0.7519,0.32665,0.30896,0.0583,1.0,0.3368,-1.4443,0.0,0.0,True,,,,,,,,,,False,baseline_only
9930,-24.5,-0.7364,0.3211,0.30339,0.0547,1.0,0.3498,-1.4367,0.0,0.0,True,-0.4462,0.24535,0.23011,-0.0015,1.0,0.2747,-0.6868,0.0,0.0,True,both_converged
9930,-24.0,-0.7214,0.31621,0.29848,0.0512,1.0,0.3631,-1.4299,0.0,0.0,True,-0.4365,0.23962,0.22436,-0.0035,1.0,0.2828,-0.6857,0.0,0.0,True,both_converged
9930,-23.5,-0.7034,0.30728,0.28953,0.0479,1.0,0.3778,-1.4146,0.0,0.0,True,-0.4283,0.23539,0.22012,-0.0054,1.0,0.2909,-0.6881,0.0,0.0,True,both_converged
9930,-23.0,-0.6855,0.29929,0.2815,0.0447,1.0,0.3938,-1.3984,0.0,0.0,True,-0.4198,0.23118,0.2159,-0.0072,1.0,0.3006,-0.688,0.0,0.0,True,both_converged
9930,-22.5,-0.669,0.29319,0.27536,0.0416,1.0,0.4109,-1.3835,0.0,0.0,True,-0.4091,0.22495,0.20967,-0.0088,1.0,0.311,-0.6806,0.0,0.0,True,both_converged
9930,-22.0,-0.6558,0.29028,0.27247,0.0387,1.0,0.4276,-1.3732,0.0,0.0,True,-0.3991,0.21939,0.20413,-0.0103,1.0,0.321,-0.674,0.0,0.0,True,both_converged
9930,-21.5,-0.6348,0.27978,0.26194,0.0358,1.0,0.4487,-1.3453,0.0,0.0,True,-0.3897,0.21439,0.19914,-0.0116,1.0,0.3312,-0.6768,0.0,0.0,True,both_converged
9930,-21.0,-0.6195,0.27474,0.25691,0.0332,1.0,0.4688,-1.3267,0.0,0.0,True,-0.3806,0.20966,0.19445,-0.0128,1.0,0.3423,-0.6817,0.0,0.0,True,both_converged
9930,-20.5,-0.6022,0.26828,0.25043,0.0308,1.0,0.4922,-1.3149,0.0,0.0,True,-0.3715,0.20492,0.18977,-0.0139,1.0,0.3543,-0.6857,0.0,0.0,True,both_converged
9930,-20.0,-0.5826,0.26011,0.24225,0.0283,1.0,0.5168,-1.3022,0.0,0.0,True,-0.3622,0.20004,0.18493,-0.0148,1.0,0.3674,-0.6884,0.0,0.0,True,both_converged
9930,-19.5,-0.5646,0.25342,0.23554,0.0261,1.0,0.5439,-1.2898,0.0,0.0,True,-0.3528,0.19511,0.18006,-0.0155,1.0,0.3814,-0.6899,0.0,0.0,True,both_converged
9930,-19.0,-0.5483,0.24795,0.23011,0.0243,1.0,0.5726,-1.2776,0.0,0.0,True,-0.3437,0.19037,0.17539,-0.016,1.0,0.3963,-0.6911,0.0,0.0,True,both_converged
9930,-18.5,-0.5244,0.23795,0.22007,0.0218,1.0,0.6069,-1.2531,0.0,0.0,True,-0.3354,0.1861,0.17121,-0.0163,1.0,0.4117,-0.6926,0.0,0.0,True,both_converged
9930,-18.0,-0.5036,0.23029,0.21239,0.0198,1.0,0.6421,-1.2309,0.0,0.0,True,-0.3284,0.18257,0.16777,-0.0164,1.0,0.4271,-0.6954,0.0,0.0,True,both_converged
9930,-17.5,-0.4816,0.22255,0.20463,0.0178,1.0,0.6829,-1.2047,0.0,0.0,True,-0.3174,0.17651,0.16182,-0.0166,1.0,0.4449,-0.6899,0.0,0.0,True,both_converged
9930,-17.0,-0.4569,0.21399,0.19605,0.0154,1.0,0.7294,-1.186,0.0,0.0,True,-0.3092,0.1722,0.15762,-0.0164,1.0,0.4648,-0.6875,0.0,0.0,True,both_converged
9930,-16.5,-0.4311,0.20577,0.18779,0.0129,1.0,0.7818,-1.1698,0.0,0.0,True,-0.2994,0.16694,0.15246,-0.0162,1.0,0.4853,-0.6815,0.0,0.0,True,both_converged
9930,-16.0,-0.3975,0.19536,0.1773,0.0086,1.0,0.8445,-1.1447,0.0,0.0,True,-0.2926,0.16323,0.1489,-0.0155,1.0,0.5076,-0.6785,0.0,0.0,True,both_converged
9930,-15.5,-0.3537,0.18354,0.16534,0.0015,1.0,0.9246,-1.1095,0.0,0.0,True,-0.2843,0.15873,0.14453,-0.0148,1.0,0.5328,-0.675,0.0,0.0,True,both_converged
9930,-15.0,-0.2832,0.16357,0.14507,-0.0142,1.0,1.0,-1.0501,0.0,0.0,True,-0.2736,0.15312,0.13907,-0.0141,1.0,0.5606,-0.677,0.0,0.0,True,both_converged
9930,-14.5,-0.2642,0.15772,0.13922,-0.017,1.0,1.0,-1.0444,0.0,0.0,True,-0.2618,0.14721,0.13327,-0.0134,1.0,0.5934,-0.6768,0.0,0.0,True,both_converged
9930,-14.0,-0.2454,0.15194,0.13342,-0.0197,1.0,1.0,-1.0403,0.0,0.0,True,-0.2509,0.14182,0.12804,-0.0124,1.0,0.6297,-0.6768,0.0,0.0,True,both_converged
9930,-13.5,-0.2268,0.14624,0.12773,-0.0223,1.0,1.0,-1.0337,0.0,0.0,True,-0.24,0.13671,0.1231,-0.0112,1.0,0.6735,-0.6751,0.0,0.0,True,both_converged
9930,-13.0,-0.2085,0.14061,0.12211,-0.0247,1.0,1.0,-1.0244,0.0,0.0,True,-0.2221,0.12954,0.11609,-0.0107,1.0,0.7301,-0.6649,0.0,0.0,True,both_converged
9930,-12.5,-0.1905,0.13506,0.11657,-0.027,1.0,1.0,-1.0125,0.0,0.0,True,-0.1978,0.12165,0.10833,-0.0112,1.0,0.8088,-0.6461,0.0,0.0,True,both_converged
9930,-12.0,-0.1728,0.12958,0.11108,-0.0292,1.0,1.0,-1.0038,0.0,0.0,True,-0.1044,0.10387,0.09054,-0.0273,1.0,1.0,-0.5637,0.0,0.0,True,both_converged
9930,-11.5,-0.1555,0.12419,0.10571,-0.0313,1.0,1.0,-1.001,0.0,0.0,True,-0.0969,0.10088,0.08768,-0.0267,1.0,1.0,-0.5669,0.0,0.0,True,both_converged
9930,-11.0,-0.1385,0.11887,0.10042,-0.0333,1.0,1.0,-0.9956,0.0,0.0,True,-0.0896,0.09788,0.08478,-0.026,1.0,1.0,-0.5688,0.0,0.0,True,both_converged
9930,-10.5,-0.1219,0.11365,0.09523,-0.0351,1.0,1.0,-0.9876,0.0,0.0,True,-0.0825,0.09487,0.0819,-0.0252,1.0,1.0,-0.5691,0.0,0.0,True,both_converged
9930,-10.0,-0.1058,0.10852,0.09011,-0.0368,1.0,1.0,-0.9769,0.0,0.0,True,-0.0755,0.09184,0.07899,-0.0244,1.0,1.0,-0.5702,0.0,0.0,True,both_converged
9930,-9.5,-0.0903,0.10352,0.08515,-0.0383,1.0,1.0,-0.9731,0.0,0.0,True,-0.0686,0.08877,0.07606,-0.0235,1.0,1.0,-0.5805,0.0,0.0,True,both_converged
9930,-9.0,-0.0753,0.09865,0.08033,-0.0397,1.0,1.0,-0.97,0.0,0.0,True,-0.0619,0.08566,0.07308,-0.0227,1.0,1.0,-0.5896,0.0,0.0,True,both_converged
9930,-8.5,-0.0609,0.09392,0.07566,-0.0409,1.0,1.0,-0.9644,0.0,0.0,True,-0.0553,0.08252,0.07004,-0.0217,1.0,1.0,-0.5974,0.0,0.0,True,both_converged
9930,-8.0,-0.0473,0.08936,0.07117,-0.042,1.0,1.0,-0.9564,0.0,0.0,True,-0.0489,0.07932,0.06698,-0.0208,1.0,1.0,-0.6037,0.0,0.0,True,both_converged
9930,-7.5,-0.0347,0.08499,0.06684,-0.0429,1.0,1.0,-0.9524,0.0,0.0,True,-0.0426,0.07607,0.06386,-0.0199,1.0,1.0,-0.6086,0.0,0.0,True,both_converged
9930,-7.0,-0.0676,0.08548,0.06766,-0.033,1.0,0.965,-0.9886,0.0,0.0,True,-0.0365,0.07276,0.06068,-0.0189,1.0,1.0,-0.6118,0.0,0.0,True,both_converged
9930,-6.5,-0.1163,0.08657,0.06924,-0.0209,1.0,0.9042,-1.0407,0.0,0.0,True,-0.0306,0.06937,0.05742,-0.0179,1.0,1.0,-0.6134,0.0,0.0,True,both_converged
9930,-6.0,-0.1444,0.08498,0.06802,-0.0144,1.0,0.8643,-1.077,0.0,0.0,True,-0.0249,0.0659,0.05408,-0.0169,1.0,1.0,-0.6131,0.0,0.0,True,both_converged
9930,-5.5,-0.167,0.0825,0.06589,-0.0093,1.0,0.8375,-1.1084,0.0,0.0,True,-0.0193,0.06237,0.05068,-0.0159,1.0,1.0,-0.6107,0.0,0.0,True,both_converged
9930,-5.0,-0.185,0.07937,0.06308,-0.0049,1.0,0.8243,-1.1338,0.0,0.0,True,-0.0139,0.0588,0.04722,-0.0149,1.0,1.0,-0.6163,0.0,0.0,True,both_converged
9930,-4.5,-0.2002,0.07583,0.05984,-0.0009,1.0,0.8201,-1.1545,0.0,0.0,True,-0.0086,0.0552,0.04378,-0.0138,1.0,1.0,-0.6216,0.0,0.0,True,both_converged
9930,-4.0,-0.206,0.07168,0.0559,0.0017,1.0,0.8296,-1.1625,0.0,0.0,True,-0.0037,0.05161,0.04033,-0.0127,1.0,1.0,-0.625,0.0,0.0,True,both_converged
9930,-3.5,-0.1835,0.0663,0.05052,-0.0007,1.0,0.8651,-1.1464,0.0,0.0,True,0.0009,0.04803,0.03691,-0.0116,1.0,1.0,-0.6264,0.0,0.0,True,both_converged
9930,-3.0,-0.017,0.05535,0.03856,-0.0374,1.0,1.0,-0.9972,0.0,0.0,True,0.0051,0.0445,0.03352,-0.0104,1.0,1.0,-0.6261,0.0,0.0,True,both_converged
9930,-2.5,-0.0389,0.05287,0.03636,-0.0342,1.0,1.0,-1.0292,0.0,0.0,True,0.0087,0.04103,0.03021,-0.0093,1.0,1.0,-0.6245,0.0,0.0,True,both_converged
9930,-2.0,-0.071,0.05025,0.03408,-0.0301,1.0,1.0,-1.0749,0.0,0.0,True,-0.0257,0.03816,0.02764,0.0004,1.0,0.9708,-0.6616,0.0,0.0,True,both_converged
9930,-1.5,-0.1152,0.04718,0.03142,-0.0249,1.0,1.0,-1.1384,0.0,0.0,True,-0.0694,0.03529,0.02511,0.0112,1.0,0.9321,-0.7112,0.0,0.0,True,both_converged
9930,-1.0,-0.0976,0.04462,0.02732,-0.0348,1.0,1.0,-1.1346,0.0,0.0,True,-0.111,0.03226,0.0224,0.0208,1.0,0.8971,-0.7619,0.0,0.0,True,both_converged
9930,-0.5,-0.0451,0.04544,0.02605,-0.0399,1.0,1.0,-1.0128,0.0,0.0,True,-0.1532,0.02908,0.01956,0.0297,1.0,0.8654,-0.8159,0.0,0.0,True,both_converged
9930,0.0,-0.004,0.04668,0.02596,-0.041,1.0,1.0,-0.8917,0.0,0.0,True,-0.1592,0.02578,0.0164,0.0304,1.0,0.8457,-0.834,0.0,0.0,True,both_converged
9930,0.5,0.0338,0.04817,0.02648,-0.0414,1.0,1.0,-0.7788,0.0,0.0,True,-0.1219,0.02246,0.01302,0.0231,1.0,0.853,-0.8107,0.0,0.0,True,both_converged
9930,1.0,0.0699,0.04987,0.0274,-0.0416,1.0,1.0,-0.6748,0.0,0.0,True,-0.0498,0.01959,0.00996,0.0109,1.0,0.912,-0.7366,0.0,0.0,True,both_converged
9930,1.5,0.1047,0.0518,0.0287,-0.0418,1.0,1.0,-0.5789,0.0,0.0,True,0.5316,0.04984,0.03237,-0.1267,1.0,1.0,-0.908,0.0,0.0,True,both_converged
9930,2.0,0.1384,0.05395,0.03034,-0.042,1.0,1.0,-0.5106,0.0,0.0,True,0.6166,0.052,0.03389,-0.1353,1.0,1.0,-1.0268,0.0,0.0,True,both_converged
9930,2.5,0.1712,0.05631,0.0323,-0.0423,1.0,1.0,-0.5285,0.0,0.0,True,0.6822,0.05394,0.03573,-0.1391,1.0,1.0,-1.1308,0.0,0.0,True,both_converged
9930,3.0,0.203,0.05888,0.03457,-0.0427,1.0,1.0,-0.5469,0.0,0.0,True,0.7393,0.05606,0.03826,-0.1414,1.0,1.0,-1.2238,0.0,0.0,True,both_converged
9930,3.5,0.234,0.06168,0.03714,-0.0432,1.0,1.0,-0.5657,0.0,0.0,True,0.7848,0.05981,0.04304,-0.1446,1.0,1.0,-1.2863,0.0,0.0,True,both_converged
9930,4.0,0.264,0.06469,0.03999,-0.0437,1.0,1.0,-0.585,0.0,0.0,True,0.7719,0.07239,0.05632,-0.1533,1.0,1.0,-1.2094,0.0,0.0,True,both_converged
9930,4.5,0.2931,0.06793,0.04315,-0.0444,1.0,1.0,-0.6056,0.0,0.0,True,0.7697,0.08341,0.0673,-0.16,1.0,1.0,-1.1582,0.0,0.0,True,both_converged
9930,5.0,0.3213,0.07138,0.04657,-0.0452,1.0,1.0,-0.6276,0.0,0.0,True,0.8054,0.09428,0.07817,-0.1709,0.9727,1.0,-1.1606,0.0,0.0,True,both_converged
9930,5.5,0.3485,0.07507,0.05028,-0.046,1.0,1.0,-0.6517,0.0,0.0,True,0.8664,0.10475,0.0886,-0.1832,0.9101,1.0,-1.1991,0.0,0.0,True,both_converged
9930,6.0,0.3749,0.079,0.05431,-0.047,1.0,1.0,-0.6787,0.0,0.0,True,0.893,0.11342,0.09728,-0.1878,0.8824,1.0,-1.2109,0.0,0.0,True,both_converged
9930,6.5,0.4003,0.08318,0.05861,-0.0482,1.0,1.0,-0.709,0.0,0.0,True,0.9114,0.12211,0.10593,-0.1911,0.8716,1.0,-1.2139,0.0,0.0,True,both_converged
9930,7.0,0.4247,0.0876,0.0632,-0.0494,1.0,1.0,-0.7431,0.0,0.0,True,0.9201,0.13062,0.11441,-0.1932,0.8767,1.0,-1.2097,0.0,0.0,True,both_converged
9930,7.5,0.4481,0.09227,0.06811,-0.0508,1.0,1.0,-0.7811,0.0,0.0,True,0.9201,0.1389,0.12267,-0.1943,0.9026,1.0,-1.1938,0.0,0.0,True,both_converged
9930,8.0,0.4704,0.0972,0.07329,-0.0523,1.0,1.0,-0.8226,0.0,0.0,True,0.8728,0.14294,0.12653,-0.1853,1.0,1.0,-1.1353,0.0,0.0,True,both_converged
9930,8.5,0.4917,0.1024,0.07877,-0.054,1.0,1.0,-0.8667,0.0,0.0,True,0.8901,0.15116,0.13475,-0.1882,1.0,1.0,-1.1434,0.0,0.0,True,both_converged
9930,9.0,0.512,0.10787,0.08458,-0.0558,1.0,1.0,-0.9134,0.0,0.0,True,0.9075,0.15938,0.14304,-0.1912,1.0,1.0,-1.1524,0.0,0.0,True,both_converged
9930,9.5,0.5313,0.1136,0.09065,-0.0579,1.0,1.0,-0.9611,0.0,0.0,True,0.9252,0.16762,0.15132,-0.1941,1.0,1.0,-1.1597,0.0,0.0,True,both_converged
9930,10.0,0.5496,0.1196,0.097,-0.0601,1.0,1.0,-1.0089,0.0,0.0,True,0.9431,0.17588,0.15964,-0.1972,1.0,1.0,-1.1729,0.0,0.0,True,both_converged
9930,10.5,0.5672,0.12586,0.10366,-0.0625,1.0,1.0,-1.0556,0.0,0.0,True,0.9612,0.18417,0.16805,-0.2002,1.0,1.0,-1.1835,0.0,0.0,True,both_converged
9930,11.0,0.584,0.13238,0.11056,-0.0651,1.0,1.0,-1.0998,0.0,0.0,True,0.9793,0.1925,0.17646,-0.2034,1.0,1.0,-1.1952,0.0,0.0,True,both_converged
9930,11.5,0.6003,0.13915,0.1177,-0.068,1.0,1.0,-1.1433,0.0,0.0,True,0.9974,0.20085,0.18491,-0.2066,1.0,1.0,-1.2095,0.0,0.0,True,both_converged
9930,12.0,0.6163,0.14615,0.12511,-0.071,1.0,1.0,-1.1823,0.0,0.0,True,1.0157,0.20926,0.19348,-0.2099,1.0,1.0,-1.2207,0.0,0.0,True,both_converged
9930,12.5,0.6321,0.15334,0.13265,-0.0743,1.0,1.0,-1.2179,0.0,0.0,True,1.034,0.21773,0.20208,-0.2132,1.0,1.0,-1.2362,0.0,0.0,True,both_converged
9930,13.0,0.6478,0.16071,0.14036,-0.0777,1.0,1.0,-1.2496,0.0,0.0,True,1.0524,0.22627,0.21076,-0.2167,1.0,1.0,-1.2514,0.0,0.0,True,both_converged
9930,13.5,0.6638,0.16825,0.14822,-0.0813,1.0,1.0,-1.2786,0.0,0.0,True,1.0708,0.23489,0.21952,-0.2202,1.0,1.0,-1.2629,0.0,0.0,True,both_converged
9930,14.0,0.68,0.17592,0.15625,-0.085,1.0,1.0,-1.3017,0.0,0.0,True,1.0891,0.24358,0.22842,-0.2239,1.0,1.0,-1.2815,0.0,0.0,True,both_converged
9930,14.5,0.6965,0.18371,0.16432,-0.0888,1.0,1.0,-1.3268,0.0,0.0,True,1.1075,0.25235,0.23736,-0.2276,1.0,1.0,-1.297,0.0,0.0,True,both_converged
9930,15.0,0.7134,0.1916,0.17249,-0.0927,1.0,1.0,-1.346,0.0,0.0,True,1.1258,0.26121,0.2464,-0.2314,1.0,1.0,-1.3096,0.0,0.0,True,both_converged
9930,15.5,0.7461,0.20391,0.18516,-0.1009,0.9805,1.0,-1.3808,0.0,0.0,True,1.144,0.27015,0.25559,-0.2352,1.0,1.0,-1.3296,0.0,0.0,True,both_converged
9930,16.0,0.7828,0.21542,0.1971,-0.1095,0.9334,1.0,-1.4202,0.0,0.0,True,1.1689,0.2784,0.26409,-0.2411,0.9851,1.0,-1.3515,0.0,0.0,True,both_converged
9930,16.5,0.8108,0.22437,0.20632,-0.1152,0.8917,1.0,-1.4449,0.0,0.0,True,1.1977,0.28501,0.27097,-0.2475,0.9496,1.0,-1.3788,0.0,0.0,True,both_converged
9930,17.0,0.8378,0.23403,0.21624,-0.1203,0.8529,1.0,-1.4747,0.0,0.0,True,1.2241,0.29142,0.27768,-0.2528,0.9125,1.0,-1.4099,0.0,0.0,True,both_converged
9930,17.5,0.8607,0.24188,0.22433,-0.1243,0.8183,1.0,-1.4984,0.0,0.0,True,1.2497,0.29888,0.28537,-0.2576,0.8766,1.0,-1.4361,0.0,0.0,True,both_converged
9930,18.0,0.8834,0.25016,0.2328,-0.1281,0.786,1.0,-1.5175,0.0,0.0,True,1.2742,0.30615,0.29288,-0.2619,0.8393,1.0,-1.4706,0.0,0.0,True,both_converged
9930,18.5,0.9068,0.2596,0.24243,-0.132,0.7559,1.0,-1.5385,0.0,0.0,True,1.3005,0.31647,0.30349,-0.2663,0.8013,1.0,-1.5061,0.0,0.0,True,both_converged
9930,19.0,0.9268,0.26668,0.24967,-0.1352,0.7272,1.0,-1.5618,0.0,0.0,True,1.321,0.32129,0.30853,-0.2695,0.7651,1.0,-1.5388,0.0,0.0,True,both_converged
9930,19.5,0.9491,0.27625,0.25945,-0.1388,0.7004,1.0,-1.5841,0.0,0.0,True,1.3436,0.32926,0.31674,-0.2729,0.7269,1.0,-1.5879,0.0,0.0,True,both_converged
9930,20.0,0.9697,0.28494,0.26829,-0.1422,0.6753,1.0,-1.6006,0.0,0.0,True,1.3654,0.33755,0.3253,-0.2761,0.6902,1.0,-1.714,0.0,0.0,True,both_converged
9930,20.5,0.9877,0.29135,0.27482,-0.1454,0.652,1.0,-1.6144,0.0,0.0,True,1.3862,0.34553,0.3335,-0.2791,0.6533,1.0,-1.8348,0.0,0.0,True,both_converged
9930,21.0,,,,,,,,,,False,1.4056,0.35319,0.34137,-0.282,0.619,1.0,-1.947,0.0,0.0,True,optimised_only
9930,21.5,1.0253,0.30702,0.29078,-0.1521,0.6092,1.0,-1.659,0.0,0.0,True,1.4266,0.36418,0.35262,-0.2848,0.5843,1.0,-2.0603,0.0,0.0,True,both_converged
9930,22.0,1.0436,0.3145,0.2984,-0.1554,0.5879,1.0,-1.6762,0.0,0.0,True,1.4432,0.36943,0.35808,-0.2877,0.5519,1.0,-2.152,0.0,0.0,True,both_converged
9930,22.5,1.061,0.32167,0.30568,-0.1589,0.5697,1.0,-1.6881,0.0,0.0,True,1.4629,0.38095,0.36984,-0.2904,0.5207,1.0,-2.2476,0.0,0.0,True,both_converged
9930,23.0,1.0785,0.32859,0.31276,-0.1623,0.55,1.0,-1.7052,0.0,0.0,True,1.4796,0.38875,0.37784,-0.2935,0.4923,1.0,-2.3236,0.0,0.0,True,both_converged
9930,23.5,1.0977,0.33908,0.32337,-0.166,0.5323,1.0,-1.733,0.0,0.0,True,1.4959,0.39675,0.38602,-0.2967,0.4659,1.0,-2.3884,0.0,0.0,True,both_converged
9930,24.0,1.1124,0.34319,0.32758,-0.1696,0.516,1.0,-1.7493,0.0,0.0,True,1.5123,0.40597,0.39543,-0.2998,0.4402,1.0,-2.4441,0.0,0.0,True,both_converged
9930,24.5,1.1291,0.34997,0.33452,-0.1733,0.4985,1.0,-1.7671,0.0,0.0,True,1.5269,0.41155,0.40121,-0.3035,0.4165,1.0,-2.497,0.0,0.0,True,both_converged
9930,25.0,1.147,0.35934,0.34404,-0.177,0.482,1.0,-1.7847,0.0,0.0,True,1.5407,0.41671,0.4065,-0.3076,0.3963,1.0,-2.5372,0.0,0.0,True,both_converged
9930,25.5,1.1645,0.36923,0.35403,-0.1807,0.4669,1.0,-1.7988,0.0,0.0,True,1.5566,0.42899,0.41894,-0.3109,0.3751,1.0,-2.581,0.0,0.0,True,both_converged
9930,26.0,1.1792,0.37374,0.35867,-0.1848,0.4527,1.0,-1.8146,0.0,0.0,True,1.5693,0.43201,0.42209,-0.3155,0.3571,1.0,-2.5979,0.0,0.0,True,both_converged
9930,26.5,1.1941,0.37885,0.3639,-0.1888,0.4385,1.0,-1.8371,0.0,0.0,True,1.5848,0.44497,0.43526,-0.3189,0.3385,1.0,-2.6238,0.0,0.0,True,both_converged
9930,27.0,1.209,0.38503,0.37019,-0.1929,0.4249,1.0,-1.8576,0.0,0.0,True,1.5973,0.44959,0.43997,-0.3237,0.3236,1.0,-2.6262,0.0,0.0,True,both_converged
9930,27.5,1.2239,0.39153,0.37684,-0.1971,0.4118,1.0,-1.8757,0.0,0.0,True,1.6098,0.45507,0.44556,-0.3284,0.3092,1.0,-2.6244,0.0,0.0,True,both_converged
9930,28.0,1.2385,0.39797,0.3834,-0.2013,0.3987,1.0,-1.8912,0.0,0.0,True,1.6225,0.46204,0.45269,-0.333,0.2952,1.0,-2.6211,0.0,0.0,True,both_converged
9930,28.5,1.2528,0.40462,0.39017,-0.2056,0.3861,1.0,-1.9044,0.0,0.0,True,1.635,0.46962,0.46039,-0.3377,0.282,1.0,-2.6152,0.0,0.0,True,both_converged
9930,29.0,1.267,0.41191,0.39762,-0.2098,0.374,1.0,-1.9158,0.0,0.0,True,1.6471,0.47669,0.46758,-0.3425,0.2705,1.0,-2.6057,0.0,0.0,True,both_converged
9930,29.5,1.2812,0.42026,0.4061,-0.214,0.3623,1.0,-1.9277,0.0,0.0,True,1.6588,0.48384,0.47487,-0.3474,0.2601,1.0,-2.5939,0.0,0.0,True,both_converged
9930,30.0,,,,,,,,,,False,1.6703,0.49142,0.48258,-0.3522,0.2501,1.0,-2.5823,0.0,0.0,True,optimised_only
13039,-30.0,-0.5117,0.29954,0.2872,0.0341,1.0,0.186,-0.7968,0.0,0.0,True,-0.888,0.37421,0.35874,0.0839,1.0,0.1348,-1.4295,0.0,0.0,True,both_converged
13039,-29.5,-0.5038,0.2936,0.2812,0.0311,1.0,0.1908,-0.7936,0.0,0.0,True,-0.8746,0.37087,0.3553,0.0788,1.0,0.1384,-1.4217,0.0,0.0,True,both_converged
13039,-29.0,-0.4959,0.28829,0.27581,0.0282,1.0,0.1975,-0.7889,0.0,0.0,True,-0.861,0.36558,0.34997,0.0739,1.0,0.1409,-1.4091,0.0,0.0,True,both_converged
13039,-28.5,-0.4864,0.28144,0.26888,0.0255,1.0,0.2031,-0.7836,0.0,0.0,True,-0.8467,0.35869,0.34299,0.0695,1.0,0.1454,-1.387,0.0,0.0,True,both_converged
13039,-28.0,,,,,,,,,,False,,,,,,,,,,False,none_converged
13039,-27.5,-0.4686,0.26975,0.25706,0.0199,1.0,0.2161,-0.7892,0.0,0.0,True,-0.8185,0.34782,0.332,0.0603,1.0,0.1525,-1.349,0.0,0.0,True,both_converged
13039,-27.0,-0.4603,0.2646,0.25186,0.0171,1.0,0.2221,-0.7937,0.0,0.0,True,-0.8044,0.3437,0.32783,0.0557,1.0,0.1569,-1.3294,0.0,0.0,True,both_converged
13039,-26.5,-0.4514,0.25944,0.24662,0.0144,1.0,0.2303,-0.7937,0.0,0.0,True,-0.79,0.33809,0.32218,0.0513,1.0,0.16,-1.3071,0.0,0.0,True,both_converged
13039,-26.0,-0.4402,0.25242,0.23955,0.0119,1.0,0.2386,-0.7844,0.0,0.0,True,-0.7749,0.3315,0.31552,0.0472,1.0,0.1652,-1.2989,0.0,0.0,True,both_converged
13039,-25.5,-0.4305,0.24677,0.23385,0.0093,1.0,0.246,-0.7799,0.0,0.0,True,-0.7613,0.3292,0.31324,0.0426,1.0,0.1685,-1.3052,0.0,0.0,True,both_converged
13039,-25.0,-0.4233,0.24332,0.23038,0.0067,1.0,0.2539,-0.7814,0.0,0.0,True,-0.7451,0.3201,0.30405,0.039,1.0,0.1743,-1.2889,0.0,0.0,True,both_converged
13039,-24.5,-0.4108,0.23606,0.22305,0.0044,1.0,0.2637,-0.7756,0.0,0.0,True,-0.7319,0.31838,0.30235,0.0346,1.0,0.1783,-1.295,0.0,0.0,True,both_converged
13039,-24.0,-0.3994,0.22968,0.21662,0.002,1.0,0.2733,-0.7748,0.0,0.0,True,-0.7152,0.30902,0.29293,0.0313,1.0,0.1848,-1.2758,0.0,0.0,True,both_converged
13039,-23.5,-0.3885,0.22393,0.21084,-0.0003,1.0,0.2833,-0.7745,0.0,0.0,True,-0.7014,0.30547,0.28939,0.0272,1.0,0.1893,-1.2752,0.0,0.0,True,both_converged
13039,-23.0,-0.3777,0.21843,0.20532,-0.0025,1.0,0.2939,-0.7731,0.0,0.0,True,-0.6854,0.29833,0.28221,0.0239,1.0,0.1963,-1.2593,0.0,0.0,True,both_converged
13039,-22.5,-0.3669,0.21305,0.19991,-0.0046,1.0,0.305,-0.7701,0.0,0.0,True,-0.6704,0.29259,0.27649,0.0204,1.0,0.2015,-1.2494,0.0,0.0,True,both_converged
13039,-22.0,-0.3561,0.20777,0.19462,-0.0067,1.0,0.3164,-0.7651,0.0,0.0,True,-0.6562,0.2884,0.27228,0.017,1.0,0.2083,-1.2406,0.0,0.0,True,both_converged
13039,-21.5,-0.3447,0.2023,0.18915,-0.0087,1.0,0.3288,-0.7565,0.0,0.0,True,-0.6398,0.28066,0.26455,0.014,1.0,0.2147,-1.2207,0.0,0.0,True,both_converged
13039,-21.0,-0.3326,0.19658,0.1834,-0.0105,1.0,0.3428,-0.7477,0.0,0.0,True,-0.6274,0.27808,0.26203,0.0107,1.0,0.2207,-1.2235,0.0,0.0,True,both_converged
13039,-20.5,-0.3207,0.19114,0.17795,-0.0122,1.0,0.358,-0.7479,0.0,0.0,True,-0.6111,0.27058,0.25452,0.008,1.0,0.2294,-1.2158,0.0,0.0,True,both_converged
13039,-20.0,-0.3099,0.18637,0.1732,-0.0139,1.0,0.3736,-0.7487,0.0,0.0,True,-0.5954,0.26378,0.24774,0.0054,1.0,0.237,-1.2112,0.0,0.0,True,both_converged
13039,-19.5,-0.3003,0.18233,0.16916,-0.0153,1.0,0.3884,-0.7505,0.0,0.0,True,-0.582,0.25908,0.2431,0.0027,1.0,0.2448,-1.2137,0.0,0.0,True,both_converged
13039,-19.0,-0.2852,0.17535,0.1622,-0.0168,1.0,0.4059,-0.7385,0.0,0.0,True,-0.5705,0.25611,0.24017,0.0002,1.0,0.2537,-1.22,0.0,0.0,True,both_converged
13039,-18.5,-0.2738,0.17066,0.15753,-0.018,1.0,0.4257,-0.7312,0.0,0.0,True,-0.5546,0.2487,0.23279,-0.0018,1.0,0.2642,-1.2112,0.0,0.0,True,both_converged
13039,-18.0,-0.2601,0.16475,0.15164,-0.0192,1.0,0.4457,-0.7171,0.0,0.0,True,-0.5396,0.242,0.22615,-0.0037,1.0,0.2745,-1.2045,0.0,0.0,True,both_converged
13039,-17.5,-0.2507,0.16114,0.14807,-0.0199,1.0,0.4667,-0.7125,0.0,0.0,True,-0.5254,0.23587,0.22009,-0.0055,1.0,0.2848,-1.1993,0.0,0.0,True,both_converged
13039,-17.0,-0.2353,0.15471,0.14169,-0.0209,1.0,0.4906,-0.7052,0.0,0.0,True,-0.512,0.23013,0.21443,-0.0071,1.0,0.2954,-1.1949,0.0,0.0,True,both_converged
13039,-16.5,-0.2217,0.14934,0.13637,-0.0216,1.0,0.5162,-0.6985,0.0,0.0,True,-0.4993,0.22455,0.20892,-0.0085,1.0,0.3069,-1.1902,0.0,0.0,True,both_converged
13039,-16.0,-0.2089,0.14442,0.13151,-0.022,1.0,0.5438,-0.69,0.0,0.0,True,-0.4868,0.21898,0.20344,-0.0096,1.0,0.3198,-1.1843,0.0,0.0,True,both_converged
13039,-15.5,-0.1972,0.14,0.12716,-0.0222,1.0,0.5718,-0.6804,0.0,0.0,True,-0.4751,0.21362,0.19818,-0.0105,1.0,0.3339,-1.1782,0.0,0.0,True,both_converged
13039,-15.0,-0.18,0.13358,0.12082,-0.0227,1.0,0.6039,-0.6602,0.0,0.0,True,-0.4653,0.20895,0.1936,-0.0111,1.0,0.3487,-1.1742,0.0,0.0,True,both_converged
13039,-14.5,-0.167,0.12898,0.1163,-0.0226,1.0,0.6385,-0.6478,0.0,0.0,True,-0.4581,0.20514,0.18995,-0.0114,1.0,0.3632,-1.1735,0.0,0.0,True,both_converged
13039,-14.0,-0.1516,0.12371,0.11113,-0.0227,1.0,0.676,-0.6383,0.0,0.0,True,-0.4414,0.19667,0.18157,-0.0116,1.0,0.3817,-1.1567,0.0,0.0,True,both_converged
13039,-13.5,-0.1334,0.11779,0.1053,-0.0231,1.0,0.7178,-0.6227,0.0,0.0,True,-0.4338,0.19226,0.1773,-0.0114,1.0,0.4001,-1.1675,0.0,0.0,True,both_converged
13039,-13.0,-0.1153,0.11235,0.09995,-0.0235,1.0,0.7637,-0.604,0.0,0.0,True,-0.4214,0.1855,0.17069,-0.0111,1.0,0.4195,-1.1698,0.0,0.0,True,both_converged
13039,-12.5,-0.0968,0.10731,0.09503,-0.024,1.0,0.8125,-0.5816,0.0,0.0,True,-0.4174,0.18191,0.16723,-0.01,1.0,0.4406,-1.1837,0.0,0.0,True,both_converged
13039,-12.0,-0.0723,0.10127,0.08909,-0.0258,1.0,0.8691,-0.5586,0.0,0.0,True,-0.4065,0.17548,0.16094,-0.0091,1.0,0.4663,-1.1853,0.0,0.0,True,both_converged
13039,-11.5,-0.0411,0.09461,0.08251,-0.0295,1.0,0.9319,-0.5323,0.0,0.0,True,-0.3962,0.16906,0.1547,-0.0078,1.0,0.4946,-1.1867,0.0,0.0,True,both_converged
13039,-11.0,0.0094,0.08498,0.07285,-0.0388,1.0,1.0,-0.4871,0.0,0.0,True,-0.3834,0.16195,0.14773,-0.0064,1.0,0.5298,-1.1829,0.0,0.0,True,both_converged
13039,-10.5,0.0153,0.08275,0.07074,-0.038,1.0,1.0,-0.4822,0.0,0.0,True,-0.3726,0.15532,0.14123,-0.0045,1.0,0.5691,-1.1805,0.0,0.0,True,both_converged
13039,-10.0,0.0203,0.08063,0.06873,-0.0371,1.0,1.0,-0.4852,0.0,0.0,True,-0.3587,0.14778,0.13384,-0.0025,1.0,0.6182,-1.1724,0.0,0.0,True,both_converged
13039,-9.5,0.0243,0.07856,0.06677,-0.036,1.0,1.0,-0.4866,0.0,0.0,True,-0.3393,0.1389,0.12508,-0.0005,1.0,0.6917,-1.1554,0.0,0.0,True,both_converged
13039,-9.0,0.0273,0.07656,0.06488,-0.0348,1.0,1.0,-0.4865,0.0,0.0,True,-0.1662,0.10603,0.0915,-0.0297,1.0,1.0,-1.0047,0.0,0.0,True,both_converged
13039,-8.5,0.0293,0.07458,0.06303,-0.0334,1.0,1.0,-0.4849,0.0,0.0,True,-0.1546,0.10153,0.08715,-0.0295,1.0,1.0,-0.9996,0.0,0.0,True,both_converged
13039,-8.0,0.0304,0.0726,0.06117,-0.032,1.0,1.0,-0.486,0.0,0.0,True,-0.1433,0.09715,0.08293,-0.0292,1.0,1.0,-1.0092,0.0,0.0,True,both_converged
13039,-7.5,0.0306,0.07059,0.05928,-0.0305,1.0,1.0,-0.4902,0.0,0.0,True,-0.1325,0.0929,0.07884,-0.0287,1.0,1.0,-1.0175,0.0,0.0,True,both_converged
13039,-7.0,0.0299,0.06854,0.05734,-0.0289,1.0,1.0,-0.4933,0.0,0.0,True,-0.1221,0.08877,0.07486,-0.0281,1.0,1.0,-1.0236,0.0,0.0,True,both_converged
13039,-6.5,0.0284,0.06641,0.0553,-0.0274,1.0,1.0,-0.4956,0.0,0.0,True,-0.1121,0.08478,0.07104,-0.0273,1.0,1.0,-1.0275,0.0,0.0,True,both_converged
13039,-6.0,0.0262,0.06417,0.05315,-0.0259,1.0,1.0,-0.4977,0.0,0.0,True,-0.1026,0.08092,0.06736,-0.0264,1.0,1.0,-1.029,0.0,0.0,True,both_converged
13039,-5.5,0.0233,0.06182,0.05089,-0.0244,1.0,1.0,-0.505,0.0,0.0,True,-0.0936,0.07718,0.06382,-0.0253,1.0,1.0,-1.0279,0.0,0.0,True,both_converged
13039,-5.0,0.0196,0.05943,0.0486,-0.0229,1.0,1.0,-0.5108,0.0,0.0,True,-0.0851,0.07357,0.0604,-0.024,1.0,1.0,-1.0244,0.0,0.0,True,both_converged
13039,-4.5,-0.0778,0.06122,0.05074,-0.0026,1.0,0.8926,-0.6173,0.0,0.0,True,-0.0771,0.07008,0.05711,-0.0227,1.0,1.0,-1.0184,0.0,0.0,True,both_converged
13039,-4.0,-0.1409,0.05951,0.04926,0.007,1.0,0.8104,-0.7005,0.0,0.0,True,-0.0697,0.0667,0.0539,-0.0212,1.0,1.0,-1.01,0.0,0.0,True,both_converged
13039,-3.5,-0.183,0.05637,0.04628,0.0126,1.0,0.7667,-0.7615,0.0,0.0,True,-0.066,0.06361,0.05103,-0.0188,1.0,0.9984,-1.0155,0.0,0.0,True,both_converged
13039,-3.0,-0.2181,0.05262,0.04267,0.0172,1.0,0.7413,-0.8144,0.0,0.0,True,-0.1367,0.06451,0.05246,0.001,1.0,0.9553,-1.0742,0.0,0.0,True,both_converged
13039,-2.5,-0.262,0.04829,0.03853,0.023,1.0,0.7213,-0.8784,0.0,0.0,True,-0.2018,0.06496,0.05348,0.0177,1.0,0.9111,-1.1319,0.0,0.0,True,both_converged
13039,-2.0,-0.3045,0.04345,0.03386,0.0287,1.0,0.7098,-0.9417,0.0,0.0,True,-0.2641,0.06498,0.05401,0.0324,1.0,0.8673,-1.1924,0.0,0.0,True,both_converged
13039,-1.5,-0.2817,0.04839,0.03552,0.0108,1.0,0.7769,-1.2793,0.0,0.0,True,-0.2848,0.06433,0.05367,0.0341,1.0,0.8035,-1.2297,0.0,0.0,True,both_converged
13039,-1.0,-0.1242,0.0413,0.02772,-0.0239,1.0,1.0,-1.141,0.0,0.0,True,-0.1653,0.06165,0.0505,-0.0007,1.0,0.6955,-1.1787,0.0,0.0,True,both_converged
13039,-0.5,-0.0454,0.04137,0.02492,-0.0407,1.0,1.0,-1.028,0.0,0.0,True,0.0076,0.0559,0.04394,-0.0393,1.0,0.6675,-1.0314,0.0,0.0,True,both_converged
13039,0.0,-0.0026,0.04274,0.02496,-0.0422,1.0,1.0,-0.9033,0.0,0.0,True,0.1508,0.05013,0.03744,-0.0644,1.0,0.7281,-0.8751,0.0,0.0,True,both_converged
13039,0.5,0.0357,0.04434,0.02566,-0.0428,1.0,1.0,-0.789,0.0,0.0,True,0.2545,0.04486,0.03185,-0.0777,1.0,0.8428,-0.73,0.0,0.0,True,both_converged
13039,1.0,0.0719,0.04616,0.02676,-0.0431,1.0,1.0,-0.6825,0.0,0.0,True,0.3801,0.04297,0.02956,-0.099,1.0,1.0,-0.7549,0.0,0.0,True,both_converged
13039,1.5,0.1068,0.0482,0.02824,-0.0434,1.0,1.0,-0.5846,0.0,0.0,True,0.5484,0.04618,0.03138,-0.129,1.0,1.0,-0.9329,0.0,0.0,True,both_converged
13039,2.0,0.1407,0.05045,0.03003,-0.0438,1.0,1.0,-0.5081,0.0,0.0,True,0.6399,0.04834,0.03301,-0.1392,1.0,1.0,-1.0585,0.0,0.0,True,both_converged
13039,2.5,0.1735,0.05292,0.03214,-0.0442,1.0,1.0,-0.5259,0.0,0.0,True,0.7087,0.05021,0.0349,-0.1435,1.0,1.0,-1.1656,0.0,0.0,True,both_converged
13039,3.0,0.2054,0.05559,0.03455,-0.0447,1.0,1.0,-0.5439,0.0,0.0,True,0.7671,0.05246,0.03779,-0.1464,1.0,1.0,-1.252,0.0,0.0,True,both_converged
13039,3.5,0.2364,0.05848,0.03724,-0.0453,1.0,1.0,-0.5623,0.0,0.0,True,0.7748,0.06222,0.04869,-0.154,1.0,1.0,-1.2181,0.0,0.0,True,both_converged
13039,4.0,0.2666,0.0616,0.04022,-0.0459,1.0,1.0,-0.5815,0.0,0.0,True,0.9274,0.07281,0.05929,-0.1845,0.8052,1.0,-1.3226,0.0,0.0,True,both_converged
13039,4.5,0.2958,0.06494,0.04348,-0.0467,1.0,1.0,-0.6018,0.0,0.0,True,0.9991,0.07788,0.06427,-0.1901,0.7336,1.0,-1.401,0.0,0.0,True,both_converged
13039,5.0,0.3241,0.0685,0.04702,-0.0476,1.0,1.0,-0.6237,0.0,0.0,True,1.036,0.08511,0.07143,-0.1926,0.6956,1.0,-1.4374,0.0,0.0,True,both_converged
13039,5.5,0.3514,0.07229,0.05083,-0.0486,1.0,1.0,-0.6477,0.0,0.0,True,1.0617,0.09371,0.07999,-0.1948,0.6732,1.0,-1.4603,0.0,0.0,True,both_converged
13039,6.0,0.3777,0.07631,0.05495,-0.0496,1.0,1.0,-0.6745,0.0,0.0,True,1.0575,0.10421,0.09049,-0.196,0.6675,1.0,-1.435,0.0,0.0,True,both_converged
13039,6.5,0.4031,0.08058,0.05933,-0.0508,1.0,1.0,-0.7046,0.0,0.0,True,1.0538,0.11473,0.10098,-0.1976,0.6685,1.0,-1.4075,0.0,0.0,True,both_converged
13039,7.0,0.4274,0.08511,0.06401,-0.0521,1.0,1.0,-0.7387,0.0,0.0,True,1.0441,0.12535,0.11159,-0.1994,0.68,1.0,-1.3724,0.0,0.0,True,both_converged
13039,7.5,0.4506,0.08989,0.069,-0.0535,1.0,1.0,-0.7764,0.0,0.0,True,1.031,0.13568,0.12192,-0.2013,0.7027,1.0,-1.3315,0.0,0.0,True,both_converged
13039,8.0,0.4727,0.09494,0.07428,-0.0551,1.0,1.0,-0.8176,0.0,0.0,True,1.0081,0.14574,0.13199,-0.2034,0.751,1.0,-1.2737,0.0,0.0,True,both_converged
13039,8.5,0.4938,0.10027,0.07986,-0.0568,1.0,1.0,-0.8617,0.0,0.0,True,0.8976,0.15157,0.13755,-0.193,1.0,1.0,-1.1213,0.0,0.0,True,both_converged
13039,9.0,0.5139,0.10588,0.08578,-0.0587,1.0,1.0,-0.9077,0.0,0.0,True,0.9151,0.15988,0.14592,-0.1958,1.0,1.0,-1.1294,0.0,0.0,True,both_converged
13039,9.5,0.533,0.11177,0.09198,-0.0608,1.0,1.0,-0.9545,0.0,0.0,True,0.9328,0.16822,0.15428,-0.1987,1.0,1.0,-1.1394,0.0,0.0,True,both_converged
13039,10.0,0.5511,0.11795,0.09847,-0.063,1.0,1.0,-1.0012,0.0,0.0,True,0.9506,0.17659,0.16269,-0.2016,1.0,1.0,-1.1515,0.0,0.0,True,both_converged
13039,10.5,0.5684,0.12442,0.1053,-0.0655,1.0,1.0,-1.0468,0.0,0.0,True,0.9685,0.18499,0.1712,-0.2045,1.0,1.0,-1.1605,0.0,0.0,True,both_converged
13039,11.0,0.5851,0.13117,0.11238,-0.0682,1.0,1.0,-1.0896,0.0,0.0,True,0.9865,0.19343,0.1797,-0.2075,1.0,1.0,-1.175,0.0,0.0,True,both_converged
13039,11.5,0.6013,0.13818,0.11972,-0.0711,1.0,1.0,-1.1302,0.0,0.0,True,1.0046,0.2019,0.18826,-0.2106,1.0,1.0,-1.1878,0.0,0.0,True,both_converged
13039,12.0,0.6171,0.14542,0.12732,-0.0742,1.0,1.0,-1.1675,0.0,0.0,True,1.0227,0.21043,0.19692,-0.2138,1.0,1.0,-1.1988,0.0,0.0,True,both_converged
13039,12.5,0.6329,0.15286,0.13508,-0.0775,1.0,1.0,-1.1997,0.0,0.0,True,1.0409,0.21902,0.20562,-0.2171,1.0,1.0,-1.2158,0.0,0.0,True,both_converged
13039,13.0,0.6487,0.16049,0.14301,-0.0809,1.0,1.0,-1.2299,0.0,0.0,True,1.0672,0.22764,0.21442,-0.2227,0.9841,1.0,-1.2355,0.0,0.0,True,both_converged
13039,13.5,0.6986,0.17464,0.15768,-0.093,0.9473,1.0,-1.2952,0.0,0.0,True,1.095,0.235,0.22201,-0.2282,0.9524,1.0,-1.26,0.0,0.0,True,both_converged
13039,14.0,0.7331,0.18546,0.16891,-0.1001,0.8958,1.0,-1.3439,0.0,0.0,True,1.124,0.24369,0.23089,-0.2335,0.9182,1.0,-1.289,0.0,0.0,True,both_converged
13039,14.5,0.7609,0.19483,0.17858,-0.105,0.8504,1.0,-1.3782,0.0,0.0,True,1.1492,0.25013,0.2375,-0.2375,0.88,1.0,-1.3108,0.0,0.0,True,both_converged
13039,15.0,0.7841,0.20282,0.18682,-0.1086,0.809,1.0,-1.4078,0.0,0.0,True,1.1773,0.25921,0.2468,-0.2417,0.8419,1.0,-1.3461,0.0,0.0,True,both_converged
13039,15.5,0.8102,0.21256,0.19683,-0.1125,0.7697,1.0,-1.4408,0.0,0.0,True,1.2034,0.26722,0.25498,-0.2451,0.8012,1.0,-1.376,0.0,0.0,True,both_converged
13039,16.0,0.834,0.22183,0.20631,-0.1158,0.7347,1.0,-1.4647,0.0,0.0,True,1.2247,0.27249,0.26041,-0.2476,0.7616,1.0,-1.4017,0.0,0.0,True,both_converged
13039,16.5,0.8504,0.22747,0.21209,-0.118,0.7034,1.0,-1.4836,0.0,0.0,True,1.2498,0.28109,0.26922,-0.2504,0.7208,1.0,-1.4387,0.0,0.0,True,both_converged
13039,17.0,0.8741,0.23743,0.22221,-0.1212,0.6737,1.0,-1.5118,0.0,0.0,True,1.2719,0.2879,0.27621,-0.2527,0.6795,1.0,-1.4682,0.0,0.0,True,both_converged
13039,17.5,0.8918,0.24415,0.22911,-0.1237,0.6472,1.0,-1.5266,0.0,0.0,True,1.2952,0.2966,0.28509,-0.2549,0.6396,1.0,-1.507,0.0,0.0,True,both_converged
13039,18.0,0.9112,0.25205,0.23713,-0.1265,0.6218,1.0,-1.5431,0.0,0.0,True,1.3174,0.30522,0.29393,-0.257,0.6001,1.0,-1.5459,0.0,0.0,True,both_converged
13039,18.5,0.932,0.26097,0.24619,-0.1294,0.5975,1.0,-1.5701,0.0,0.0,True,1.3351,0.3114,0.30026,-0.2591,0.5659,1.0,-1.5764,0.0,0.0,True,both_converged
13039,19.0,0.9494,0.26753,0.2529,-0.1322,0.5745,1.0,-1.5878,0.0,0.0,True,1.3563,0.32141,0.31046,-0.2611,0.5315,1.0,-1.6439,0.0,0.0,True,both_converged
13039,19.5,0.9657,0.27382,0.25928,-0.135,0.5546,1.0,-1.5994,0.0,0.0,True,1.3724,0.32716,0.31639,-0.2635,0.5005,1.0,-1.7635,0.0,0.0,True,both_converged
13039,20.0,0.9883,0.28493,0.27055,-0.1382,0.5332,1.0,-1.6207,0.0,0.0,True,1.3901,0.33521,0.32463,-0.266,0.4719,1.0,-1.8864,0.0,0.0,True,both_converged
13039,20.5,1.0018,0.28873,0.2744,-0.1411,0.5156,1.0,-1.6365,0.0,0.0,True,1.4072,0.34336,0.33296,-0.2686,0.4446,1.0,-2.0033,0.0,0.0,True,both_converged
13039,21.0,1.0204,0.29674,0.28256,-0.1443,0.4965,1.0,-1.6595,0.0,0.0,True,1.4229,0.35048,0.34026,-0.2717,0.4219,1.0,-2.1062,0.0,0.0,True,both_converged
13039,21.5,1.0394,0.30598,0.29189,-0.1475,0.4793,1.0,-1.6795,0.0,0.0,True,1.44,0.35986,0.34982,-0.2747,0.3995,1.0,-2.2099,0.0,0.0,True,both_converged
13039,22.0,1.0542,0.31076,0.29675,-0.151,0.4634,1.0,-1.6876,0.0,0.0,True,1.4565,0.36869,0.35885,-0.2778,0.3772,1.0,-2.304,0.0,0.0,True,both_converged
13039,22.5,1.0708,0.31729,0.30341,-0.1544,0.4467,1.0,-1.7015,0.0,0.0,True,1.4704,0.37393,0.36424,-0.2819,0.3599,1.0,-2.3712,0.0,0.0,True,both_converged
13039,23.0,1.089,0.32585,0.31209,-0.1578,0.4301,1.0,-1.7306,0.0,0.0,True,1.4863,0.38256,0.37306,-0.2853,0.3401,1.0,-2.442,0.0,0.0,True,both_converged
13039,23.5,1.107,0.33501,0.32136,-0.1613,0.4154,1.0,-1.7562,0.0,0.0,True,1.5015,0.39146,0.38209,-0.2891,0.3245,1.0,-2.5052,0.0,0.0,True,both_converged
13039,24.0,1.1239,0.34302,0.32944,-0.1649,0.4014,1.0,-1.7757,0.0,0.0,True,1.5146,0.39548,0.38624,-0.2938,0.3087,1.0,-2.5512,0.0,0.0,True,both_converged
13039,24.5,1.1389,0.34808,0.33461,-0.1688,0.3878,1.0,-1.7876,0.0,0.0,True,1.5293,0.4033,0.39423,-0.2979,0.2928,1.0,-2.5971,0.0,0.0,True,both_converged
13039,25.0,1.1545,0.35418,0.34081,-0.1728,0.3747,1.0,-1.7985,0.0,0.0,True,1.5444,0.41323,0.40432,-0.3018,0.2785,1.0,-2.6351,0.0,0.0,True,both_converged
13039,25.5,1.1703,0.36103,0.34775,-0.1767,0.3621,1.0,-1.8164,0.0,0.0,True,1.559,0.42366,0.41485,-0.3058,0.2651,1.0,-2.6601,0.0,0.0,True,both_converged
13039,26.0,1.1857,0.36748,0.35432,-0.1808,0.3494,1.0,-1.8419,0.0,0.0,True,1.5724,0.43026,0.42158,-0.3106,0.2533,1.0,-2.666,0.0,0.0,True,both_converged
13039,26.5,1.2009,0.37414,0.36108,-0.1848,0.337,1.0,-1.8647,0.0,0.0,True,1.5857,0.4371,0.42853,-0.3154,0.2418,1.0,-2.6647,0.0,0.0,True,both_converged
13039,27.0,1.2164,0.38199,0.36904,-0.1888,0.3251,1.0,-1.8867,0.0,0.0,True,1.599,0.4447,0.43623,-0.3201,0.2307,1.0,-2.6596,0.0,0.0,True,both_converged
13039,27.5,1.2308,0.388,0.37519,-0.1931,0.3139,1.0,-1.9026,0.0,0.0,True,1.6122,0.45337,0.44504,-0.3247,0.2204,1.0,-2.6527,0.0,0.0,True,both_converged
13039,28.0,1.2437,0.39143,0.3787,-0.1978,0.3033,1.0,-1.9105,0.0,0.0,True,1.624,0.45612,0.44788,-0.3306,0.2112,1.0,-2.6286,0.0,0.0,True,both_converged
13039,28.5,1.2569,0.39626,0.38361,-0.2025,0.293,1.0,-1.9177,0.0,0.0,True,1.6359,0.4613,0.45314,-0.3361,0.2028,1.0,-2.6067,0.0,0.0,True,both_converged
13039,29.0,1.2701,0.40204,0.38951,-0.2071,0.2834,1.0,-1.9238,0.0,0.0,True,1.648,0.46893,0.46086,-0.3412,0.1956,1.0,-2.5894,0.0,0.0,True,both_converged
13039,29.5,1.2837,0.4095,0.39708,-0.2115,0.2745,1.0,-1.9503,0.0,0.0,True,1.6606,0.48054,0.47262,-0.3453,0.1878,1.0,-2.585,0.0,0.0,True,both_converged
13039,30.0,1.2982,0.41958,0.40728,-0.2155,0.265,1.0,-1.9807,0.0,0.0,True,1.6714,0.48353,0.47572,-0.3513,0.1804,1.0,-2.5594,0.0,0.0,True,both_converged
16506,-30.0,-0.8948,0.36765,0.3541,0.0987,1.0,0.1331,-1.628,0.0,0.0,True,-0.8851,0.36979,0.35594,0.0834,1.0,0.1036,-1.4396,0.0,0.0,True,both_converged
16506,-29.5,-0.8806,0.3632,0.3496,0.0937,1.0,0.1378,-1.61,0.0,0.0,True,,,,,,,,,,False,baseline_only
16506,-29.0,-0.8666,0.35933,0.34571,0.0886,1.0,0.1407,-1.5955,0.0,0.0,True,-0.8574,0.35881,0.34484,0.0737,1.0,0.1077,-1.4139,0.0,0.0,True,both_converged
16506,-28.5,-0.8511,0.35205,0.33834,0.0842,1.0,0.1457,-1.5674,0.0,0.0,True,-0.8432,0.35361,0.33957,0.0689,1.0,0.1108,-1.3973,0.0,0.0,True,both_converged
16506,-28.0,-0.8377,0.35191,0.33822,0.0786,1.0,0.1489,-1.5786,0.0,0.0,True,-0.8292,0.35123,0.33712,0.0636,1.0,0.1129,-1.3906,0.0,0.0,True,both_converged
16506,-27.5,-0.8208,0.34153,0.32775,0.0749,1.0,0.1545,-1.5521,0.0,0.0,True,-0.8145,0.34327,0.32912,0.0594,1.0,0.1155,-1.3622,0.0,0.0,True,both_converged
16506,-27.0,-0.8071,0.34051,0.32673,0.0696,1.0,0.1586,-1.5575,0.0,0.0,True,-0.7998,0.33752,0.32331,0.0549,1.0,0.1192,-1.337,0.0,0.0,True,both_converged
16506,-26.5,-0.7899,0.33127,0.31741,0.0658,1.0,0.1651,-1.5304,0.0,0.0,True,,,,,,,,,,False,baseline_only
16506,-26.0,-0.7751,0.32707,0.31321,0.0611,1.0,0.1696,-1.5229,0.0,0.0,True,-0.461,0.25088,0.23895,0.0012,1.0,0.1376,-0.6795,0.0,0.0,True,both_converged
16506,-25.5,-0.759,0.32112,0.3072,0.0569,1.0,0.1763,-1.5035,0.0,0.0,True,-0.4534,0.24707,0.23514,-0.0015,1.0,0.1399,-0.6936,0.0,0.0,True,both_converged
16506,-25.0,-0.7428,0.31457,0.30064,0.0528,1.0,0.1812,-1.4838,0.0,0.0,True,-0.4424,0.24014,0.22814,-0.0036,1.0,0.1445,-0.6871,0.0,0.0,True,both_converged
16506,-24.5,-0.7284,0.31144,0.29749,0.0483,1.0,0.1877,-1.472,0.0,0.0,True,-0.4347,0.23658,0.22456,-0.0061,1.0,0.1482,-0.6986,0.0,0.0,True,both_converged
16506,-24.0,-0.7104,0.30274,0.28875,0.0447,1.0,0.1946,-1.4496,0.0,0.0,True,-0.4241,0.23024,0.21821,-0.0081,1.0,0.1522,-0.6941,0.0,0.0,True,both_converged
16506,-23.5,-0.6951,0.2977,0.28372,0.0406,1.0,0.2011,-1.4477,0.0,0.0,True,-0.4157,0.22615,0.21409,-0.0102,1.0,0.1571,-0.6987,0.0,0.0,True,both_converged
16506,-23.0,-0.6812,0.29485,0.28086,0.0364,1.0,0.2091,-1.449,0.0,0.0,True,-0.4058,0.22065,0.2086,-0.0121,1.0,0.1612,-0.6957,0.0,0.0,True,both_converged
16506,-22.5,-0.6626,0.28603,0.272,0.0331,1.0,0.2179,-1.4275,0.0,0.0,True,-0.3972,0.21654,0.20449,-0.014,1.0,0.1668,-0.6963,0.0,0.0,True,both_converged
16506,-22.0,-0.6455,0.27916,0.26513,0.0296,1.0,0.2256,-1.4125,0.0,0.0,True,-0.3874,0.2112,0.19916,-0.0156,1.0,0.1712,-0.6906,0.0,0.0,True,both_converged
16506,-21.5,-0.6307,0.27434,0.26034,0.026,1.0,0.2333,-1.4042,0.0,0.0,True,-0.3794,0.20751,0.19549,-0.0172,1.0,0.177,-0.6898,0.0,0.0,True,both_converged
16506,-21.0,-0.6178,0.27148,0.25749,0.0223,1.0,0.2425,-1.3987,0.0,0.0,True,-0.3694,0.20201,0.19003,-0.0184,1.0,0.1819,-0.6881,0.0,0.0,True,both_converged
16506,-20.5,-0.6008,0.26454,0.25053,0.0193,1.0,0.2535,-1.3753,0.0,0.0,True,-0.3627,0.19909,0.18715,-0.0198,1.0,0.1876,-0.7018,0.0,0.0,True,both_converged
16506,-20.0,-0.5843,0.25804,0.24404,0.0163,1.0,0.2648,-1.3567,0.0,0.0,True,-0.3522,0.19321,0.18131,-0.0206,1.0,0.1936,-0.6999,0.0,0.0,True,both_converged
16506,-19.5,-0.5682,0.25177,0.23777,0.0134,1.0,0.2765,-1.3506,0.0,0.0,True,-0.3472,0.19125,0.17942,-0.0217,1.0,0.1989,-0.7178,0.0,0.0,True,both_converged
16506,-19.0,-0.5524,0.24555,0.23157,0.0107,1.0,0.2883,-1.3432,0.0,0.0,True,-0.3366,0.18533,0.17355,-0.0222,1.0,0.2071,-0.7125,0.0,0.0,True,both_converged
16506,-18.5,-0.5376,0.23995,0.226,0.0081,1.0,0.3007,-1.3362,0.0,0.0,True,-0.3283,0.1808,0.16911,-0.0227,1.0,0.2137,-0.715,0.0,0.0,True,both_converged
16506,-18.0,-0.5198,0.23227,0.21834,0.0058,1.0,0.3149,-1.3186,0.0,0.0,True,-0.324,0.17882,0.16721,-0.0233,1.0,0.2205,-0.7295,0.0,0.0,True,both_converged
16506,-17.5,-0.5011,0.22453,0.21059,0.0037,1.0,0.3319,-1.2952,0.0,0.0,True,-0.3149,0.17371,0.16216,-0.0233,1.0,0.2297,-0.7252,0.0,0.0,True,both_converged
16506,-17.0,-0.4882,0.21972,0.20582,0.0017,1.0,0.3489,-1.2833,0.0,0.0,True,-0.3065,0.16895,0.15749,-0.0233,1.0,0.238,-0.7224,0.0,0.0,True,both_converged
16506,-16.5,-0.4728,0.21324,0.19939,-0.0002,1.0,0.3651,-1.2634,0.0,0.0,True,-0.3005,0.16534,0.15399,-0.0231,1.0,0.2458,-0.7256,0.0,0.0,True,both_converged
16506,-16.0,-0.4559,0.20642,0.19256,-0.0018,1.0,0.386,-1.2508,0.0,0.0,True,-0.298,0.16356,0.15232,-0.0229,1.0,0.254,-0.7365,0.0,0.0,True,both_converged
16506,-15.5,-0.4388,0.19932,0.18551,-0.0031,1.0,0.4082,-1.239,0.0,0.0,True,-0.2903,0.15884,0.14768,-0.0223,1.0,0.2644,-0.73,0.0,0.0,True,both_converged
16506,-15.0,-0.4236,0.19302,0.17926,-0.0042,1.0,0.4324,-1.2279,0.0,0.0,True,-0.2834,0.15449,0.14344,-0.0216,1.0,0.275,-0.7243,0.0,0.0,True,both_converged
16506,-14.5,-0.408,0.18656,0.17284,-0.0051,1.0,0.4583,-1.2131,0.0,0.0,True,-0.2776,0.15055,0.13962,-0.0208,1.0,0.2861,-0.7197,0.0,0.0,True,both_converged
16506,-14.0,-0.3912,0.17983,0.16612,-0.0058,1.0,0.4885,-1.1925,0.0,0.0,True,-0.2725,0.14681,0.13599,-0.0198,1.0,0.298,-0.7252,0.0,0.0,True,both_converged
16506,-13.5,-0.3767,0.1737,0.16006,-0.006,1.0,0.5222,-1.1723,0.0,0.0,True,-0.268,0.14322,0.13253,-0.0187,1.0,0.3105,-0.7354,0.0,0.0,True,both_converged
16506,-13.0,-0.359,0.16686,0.15325,-0.006,1.0,0.5612,-1.1536,0.0,0.0,True,-0.2641,0.13978,0.12921,-0.0175,1.0,0.3235,-0.7461,0.0,0.0,True,both_converged
16506,-12.5,-0.3357,0.15873,0.14512,-0.0064,1.0,0.6056,-1.1328,0.0,0.0,True,-0.2611,0.1365,0.12607,-0.0161,1.0,0.3369,-0.7577,0.0,0.0,True,both_converged
16506,-12.0,-0.3147,0.15156,0.13798,-0.0062,1.0,0.6597,-1.1117,0.0,0.0,True,-0.2592,0.13346,0.12316,-0.0147,1.0,0.3503,-0.7704,0.0,0.0,True,both_converged
16506,-11.5,-0.291,0.14414,0.13057,-0.0062,1.0,0.7228,-1.0846,0.0,0.0,True,-0.2506,0.128,0.11782,-0.0132,1.0,0.367,-0.7686,0.0,0.0,True,both_converged
16506,-11.0,-0.2466,0.13293,0.11929,-0.0095,1.0,0.8059,-1.0309,0.0,0.0,True,-0.2469,0.12425,0.11421,-0.0114,1.0,0.3858,-0.7745,0.0,0.0,True,both_converged
16506,-10.5,-0.1775,0.11905,0.1052,-0.0193,1.0,0.9303,-0.9792,0.0,0.0,True,-0.2435,0.12035,0.11046,-0.0096,1.0,0.4043,-0.7803,0.0,0.0,True,both_converged
16506,-10.0,-0.0976,0.10366,0.08955,-0.0359,1.0,1.0,-0.9183,0.0,0.0,True,-0.241,0.11668,0.10692,-0.0076,1.0,0.4264,-0.7851,0.0,0.0,True,both_converged
16506,-9.5,-0.0811,0.09839,0.08432,-0.0375,1.0,1.0,-0.9062,0.0,0.0,True,-0.2342,0.11176,0.10215,-0.0056,1.0,0.4501,-0.7812,0.0,0.0,True,both_converged
16506,-9.0,-0.0651,0.09328,0.07926,-0.039,1.0,1.0,-0.9048,0.0,0.0,True,-0.2295,0.1073,0.09781,-0.0035,1.0,0.4756,-0.7791,0.0,0.0,True,both_converged
16506,-8.5,-0.0497,0.08835,0.07438,-0.0402,1.0,1.0,-0.9004,0.0,0.0,True,-0.2276,0.1033,0.09396,-0.0009,1.0,0.5053,-0.7793,0.0,0.0,True,both_converged
16506,-8.0,-0.035,0.08361,0.06968,-0.0413,1.0,1.0,-0.8929,0.0,0.0,True,-0.2189,0.09785,0.08866,0.0014,1.0,0.5423,-0.7653,0.0,0.0,True,both_converged
16506,-7.5,-0.0211,0.0791,0.06523,-0.0422,1.0,1.0,-0.883,0.0,0.0,True,-0.2152,0.09316,0.08414,0.0044,1.0,0.5849,-0.7566,0.0,0.0,True,both_converged
16506,-7.0,-0.0084,0.07483,0.06104,-0.0428,1.0,1.0,-0.8821,0.0,0.0,True,-0.1989,0.0865,0.07764,0.0066,1.0,0.6426,-0.7347,0.0,0.0,True,both_converged
16506,-6.5,-0.1455,0.08455,0.07162,-0.0122,1.0,0.8486,-1.0072,0.0,0.0,True,,,,,,,,,,False,baseline_only
16506,-6.0,-0.2441,0.08776,0.07557,-0.0002,1.0,0.7007,-1.1389,0.0,0.0,True,-0.1012,0.07884,0.06691,-0.0259,1.0,1.0,-0.995,0.0,0.0,True,both_converged
16506,-5.5,-0.315,0.08693,0.07531,0.006,1.0,0.6131,-1.2506,0.0,0.0,True,-0.0923,0.07513,0.06337,-0.0247,1.0,1.0,-0.9954,0.0,0.0,True,both_converged
16506,-5.0,-0.3696,0.08391,0.07273,0.0094,1.0,0.5572,-1.3484,0.0,0.0,True,-0.084,0.07154,0.05996,-0.0233,1.0,1.0,-0.9932,0.0,0.0,True,both_converged
16506,-4.5,-0.4023,0.07884,0.06792,0.0084,1.0,0.5186,-1.4283,0.0,0.0,True,-0.0761,0.06806,0.05667,-0.0219,1.0,1.0,-0.9882,0.0,0.0,True,both_converged
16506,-4.0,-0.4062,0.07241,0.06153,0.0051,1.0,0.499,-1.4649,0.0,0.0,True,-0.0688,0.0647,0.05346,-0.0203,1.0,1.0,-0.9808,0.0,0.0,True,both_converged
16506,-3.5,-0.3921,0.06546,0.05439,-0.0013,1.0,0.4914,-1.4809,0.0,0.0,True,-0.062,0.06144,0.0504,-0.0186,1.0,1.0,-0.9754,0.0,0.0,True,both_converged
16506,-3.0,-0.3593,0.05895,0.04756,-0.0069,1.0,0.5021,-1.4615,0.0,0.0,True,-0.0558,0.05828,0.04743,-0.0167,1.0,1.0,-0.9793,0.0,0.0,True,both_converged
16506,-2.5,-0.3133,0.05317,0.04129,-0.0127,1.0,0.5312,-1.4077,0.0,0.0,True,-0.1291,0.05883,0.04847,0.0037,1.0,0.9611,-1.0382,0.0,0.0,True,both_converged
16506,-2.0,-0.2645,0.04858,0.03636,-0.0154,1.0,0.5815,-1.3312,0.0,0.0,True,-0.2022,0.05918,0.04932,0.0224,1.0,0.9185,-1.0996,0.0,0.0,True,both_converged
16506,-1.5,-0.2205,0.04485,0.0325,-0.015,1.0,0.6591,-1.2517,0.0,0.0,True,-0.2704,0.05915,0.04978,0.0381,1.0,0.873,-1.1612,0.0,0.0,True,both_converged
16506,-1.0,,,,,,,,,,False,,,,,,,,,,False,none_converged
16506,-0.5,-0.0464,0.03838,0.02418,-0.0413,1.0,1.0,-1.0398,0.0,0.0,True,0.0928,0.05457,0.04361,-0.0633,1.0,0.5774,-0.9599,0.0,0.0,True,both_converged
16506,0.0,-0.0013,0.03987,0.0243,-0.0434,1.0,1.0,-0.9133,0.0,0.0,True,0.2373,0.04929,0.03763,-0.0874,1.0,0.6433,-0.7866,0.0,0.0,True,both_converged
16506,0.5,0.0373,0.04157,0.02514,-0.0441,1.0,1.0,-0.797,0.0,0.0,True,0.3489,0.04495,0.03281,-0.1014,1.0,0.7599,-0.7067,0.0,0.0,True,both_converged
16506,1.0,0.0736,0.04349,0.0264,-0.0445,1.0,1.0,-0.6887,0.0,0.0,True,0.4118,0.04105,0.02918,-0.1046,1.0,0.9166,-0.7906,0.0,0.0,True,both_converged
16506,1.5,0.1087,0.04562,0.02802,-0.0449,1.0,1.0,-0.5891,0.0,0.0,True,0.5595,0.04338,0.03061,-0.1303,1.0,1.0,-0.9516,0.0,0.0,True,both_converged
16506,2.0,0.1427,0.04796,0.02995,-0.0454,1.0,1.0,-0.5056,0.0,0.0,True,0.6581,0.04553,0.03233,-0.1421,1.0,1.0,-1.0825,0.0,0.0,True,both_converged
16506,2.5,0.1757,0.05051,0.03219,-0.0459,1.0,1.0,-0.5232,0.0,0.0,True,0.7311,0.04731,0.03429,-0.1472,1.0,1.0,-1.191,0.0,0.0,True,both_converged
16506,3.0,0.2077,0.05328,0.03471,-0.0465,1.0,1.0,-0.541,0.0,0.0,True,0.7862,0.05064,0.03857,-0.1518,1.0,1.0,-1.2561,0.0,0.0,True,both_converged
16506,3.5,0.2388,0.05625,0.0375,-0.0472,1.0,1.0,-0.5591,0.0,0.0,True,1.0059,0.04993,0.03816,-0.1799,0.6934,1.0,-1.4698,0.0,0.0,True,both_converged
16506,4.0,0.269,0.05944,0.04057,-0.048,1.0,1.0,-0.5781,0.0,0.0,True,1.1702,0.04719,0.03428,-0.1874,0.5932,1.0,-1.714,0.0,0.0,True,both_converged
16506,4.5,0.2982,0.06285,0.04392,-0.0488,1.0,1.0,-0.5981,0.0,0.0,True,1.2449,0.05215,0.03887,-0.19,0.5519,1.0,-1.8356,0.0,0.0,True,both_converged
16506,5.0,0.3264,0.06648,0.04753,-0.0497,1.0,1.0,-0.6198,0.0,0.0,True,1.2941,0.05899,0.04598,-0.1911,0.529,1.0,-1.915,0.0,0.0,True,both_converged
16506,5.5,0.3536,0.07034,0.05141,-0.0507,1.0,1.0,-0.6436,0.0,0.0,True,1.3165,0.06775,0.05521,-0.1909,0.5178,1.0,-1.9484,0.0,0.0,True,both_converged
16506,6.0,0.3799,0.07444,0.0556,-0.0518,1.0,1.0,-0.6702,0.0,0.0,True,1.2969,0.08004,0.06801,-0.1902,0.5181,1.0,-1.8971,0.0,0.0,True,both_converged
16506,6.5,0.4052,0.07879,0.06005,-0.0531,1.0,1.0,-0.7004,0.0,0.0,True,1.1986,0.09901,0.08714,-0.1909,0.5392,1.0,-1.6909,0.0,0.0,True,both_converged
16506,7.0,0.4294,0.08339,0.0648,-0.0544,1.0,1.0,-0.7343,0.0,0.0,True,1.1589,0.11462,0.1027,-0.1951,0.5584,1.0,-1.5847,0.0,0.0,True,both_converged
16506,7.5,0.4525,0.08826,0.06986,-0.0559,1.0,1.0,-0.7718,0.0,0.0,True,1.1083,0.12935,0.11734,-0.1992,0.5935,1.0,-1.4597,0.0,0.0,True,both_converged
16506,8.0,0.4745,0.09341,0.07521,-0.0575,1.0,1.0,-0.8126,0.0,0.0,True,1.073,0.14247,0.13046,-0.204,0.6475,1.0,-1.3645,0.0,0.0,True,both_converged
16506,8.5,0.4956,0.09886,0.08089,-0.0592,1.0,1.0,-0.8565,0.0,0.0,True,0.936,0.15422,0.14213,-0.2037,0.9426,1.0,-1.131,0.0,0.0,True,both_converged
16506,9.0,0.5156,0.1046,0.08691,-0.0612,1.0,1.0,-0.9019,0.0,0.0,True,0.9404,0.16195,0.14983,-0.204,0.9693,1.0,-1.1258,0.0,0.0,True,both_converged
16506,9.5,0.5345,0.11063,0.09321,-0.0633,1.0,1.0,-0.9478,0.0,0.0,True,0.9533,0.16999,0.15788,-0.2057,0.9774,1.0,-1.1345,0.0,0.0,True,both_converged
16506,10.0,0.5525,0.11697,0.09984,-0.0656,1.0,1.0,-0.9936,0.0,0.0,True,0.9703,0.17826,0.16619,-0.2084,0.9768,1.0,-1.1441,0.0,0.0,True,both_converged
16506,10.5,0.5697,0.12362,0.10682,-0.0681,1.0,1.0,-1.0382,0.0,0.0,True,0.9901,0.18648,0.17451,-0.2117,0.9689,1.0,-1.1567,0.0,0.0,True,both_converged
16506,11.0,0.5863,0.13057,0.11407,-0.0708,1.0,1.0,-1.0798,0.0,0.0,True,1.0129,0.19504,0.18315,-0.2156,0.9553,1.0,-1.1757,0.0,0.0,True,both_converged
16506,11.5,0.623,0.14135,0.12526,-0.0788,0.9828,1.0,-1.1449,0.0,0.0,True,1.0378,0.20336,0.19157,-0.2198,0.9323,1.0,-1.1932,0.0,0.0,True,both_converged
16506,12.0,0.6658,0.15246,0.13688,-0.0879,0.9262,1.0,-1.2161,0.0,0.0,True,1.0623,0.21084,0.19919,-0.2234,0.9019,1.0,-1.2179,0.0,0.0,True,both_converged
16506,12.5,0.6959,0.1615,0.14628,-0.0932,0.8741,1.0,-1.2686,0.0,0.0,True,1.0875,0.21782,0.20629,-0.2267,0.8639,1.0,-1.2424,0.0,0.0,True,both_converged
16506,13.0,0.7242,0.1707,0.15581,-0.0976,0.825,1.0,-1.3148,0.0,0.0,True,1.1154,0.22603,0.21462,-0.2301,0.824,1.0,-1.2714,0.0,0.0,True,both_converged
16506,13.5,0.7528,0.1806,0.16602,-0.1015,0.7793,1.0,-1.3618,0.0,0.0,True,1.1453,0.23516,0.22393,-0.2332,0.78,1.0,-1.3092,0.0,0.0,True,both_converged
16506,14.0,0.7723,0.18786,0.17351,-0.1037,0.7379,1.0,-1.3906,0.0,0.0,True,1.1685,0.24154,0.23042,-0.235,0.7366,1.0,-1.3356,0.0,0.0,True,both_converged
16506,14.5,0.7977,0.1975,0.18338,-0.1068,0.6996,1.0,-1.4259,0.0,0.0,True,1.1925,0.24851,0.23754,-0.2366,0.6904,1.0,-1.3721,0.0,0.0,True,both_converged
16506,15.0,0.8135,0.20393,0.18996,-0.1085,0.6662,1.0,-1.4478,0.0,0.0,True,1.2175,0.25689,0.24605,-0.2383,0.6475,1.0,-1.409,0.0,0.0,True,both_converged
16506,15.5,0.8356,0.213,0.19923,-0.1111,0.6355,1.0,-1.4734,0.0,0.0,True,1.2393,0.26376,0.25305,-0.2393,0.6023,1.0,-1.441,0.0,0.0,True,both_converged
16506,16.0,0.8517,0.21964,0.206,-0.113,0.6074,1.0,-1.4899,0.0,0.0,True,1.2615,0.27193,0.26139,-0.2406,0.5621,1.0,-1.4828,0.0,0.0,True,both_converged
16506,16.5,0.8701,0.22727,0.21375,-0.1154,0.5814,1.0,-1.5133,0.0,0.0,True,1.28,0.27888,0.26846,-0.2419,0.5252,1.0,-1.514,0.0,0.0,True,both_converged
16506,17.0,0.89,0.23575,0.22239,-0.1179,0.5572,1.0,-1.5344,0.0,0.0,True,1.3004,0.28783,0.27754,-0.2434,0.4912,1.0,-1.5512,0.0,0.0,True,both_converged
16506,17.5,0.912,0.24544,0.23223,-0.1205,0.5331,1.0,-1.5549,0.0,0.0,True,1.3163,0.2943,0.28417,-0.2454,0.4618,1.0,-1.5834,0.0,0.0,True,both_converged
16506,18.0,0.9234,0.24944,0.23628,-0.1228,0.5132,1.0,-1.566,0.0,0.0,True,1.3334,0.3019,0.29191,-0.2474,0.4332,1.0,-1.6143,0.0,0.0,True,both_converged
16506,18.5,0.9461,0.26011,0.24707,-0.1257,0.493,1.0,-1.5963,0.0,0.0,True,1.3497,0.30959,0.29973,-0.2499,0.4096,1.0,-1.6506,0.0,0.0,True,both_converged
16506,19.0,0.9584,0.2642,0.25125,-0.1284,0.4746,1.0,-1.6019,0.0,0.0,True,1.368,0.31952,0.30985,-0.2522,0.3874,1.0,-1.7831,0.0,0.0,True,both_converged
16506,19.5,0.9785,0.27314,0.26031,-0.1313,0.4557,1.0,-1.6195,0.0,0.0,True,1.3829,0.32614,0.31662,-0.2552,0.3654,1.0,-1.9009,0.0,0.0,True,both_converged
16506,20.0,0.9959,0.28098,0.26823,-0.1343,0.4395,1.0,-1.641,0.0,0.0,True,1.3983,0.33431,0.32492,-0.2584,0.3489,1.0,-2.0145,0.0,0.0,True,both_converged
16506,20.5,1.0102,0.28601,0.27332,-0.1375,0.4231,1.0,-1.6564,0.0,0.0,True,1.4119,0.33951,0.33026,-0.2623,0.331,1.0,-2.1121,0.0,0.0,True,both_converged
16506,21.0,1.027,0.29292,0.28034,-0.1407,0.4072,1.0,-1.6743,0.0,0.0,True,1.4299,0.35093,0.34191,-0.2649,0.3139,1.0,-2.2333,0.0,0.0,True,both_converged
16506,21.5,1.0458,0.30155,0.28907,-0.1439,0.3908,1.0,-1.6944,0.0,0.0,True,1.4446,0.35823,0.34933,-0.2689,0.3004,1.0,-2.3213,0.0,0.0,True,both_converged
16506,22.0,1.0647,0.31106,0.29868,-0.1471,0.3763,1.0,-1.7109,0.0,0.0,True,1.4578,0.36242,0.35364,-0.2736,0.2865,1.0,-2.3884,0.0,0.0,True,both_converged
16506,22.5,1.0811,0.31842,0.30612,-0.1506,0.3629,1.0,-1.7375,0.0,0.0,True,1.4721,0.36885,0.36023,-0.278,0.2735,1.0,-2.4533,0.0,0.0,True,both_converged
16506,23.0,1.0958,0.32364,0.31141,-0.1543,0.3496,1.0,-1.756,0.0,0.0,True,1.4866,0.37562,0.36714,-0.2824,0.2607,1.0,-2.5227,0.0,0.0,True,both_converged
16506,23.5,1.1114,0.32967,0.31751,-0.1582,0.3367,1.0,-1.7739,0.0,0.0,True,1.5011,0.3828,0.37445,-0.2869,0.2479,1.0,-2.5827,0.0,0.0,True,both_converged
16506,24.0,1.1278,0.33678,0.32472,-0.162,0.3245,1.0,-1.7912,0.0,0.0,True,1.5156,0.39004,0.38182,-0.2915,0.2368,1.0,-2.627,0.0,0.0,True,both_converged
16506,24.5,1.1436,0.34323,0.33125,-0.1659,0.3122,1.0,-1.8043,0.0,0.0,True,1.5299,0.39735,0.38926,-0.2961,0.2251,1.0,-2.6586,0.0,0.0,True,both_converged
16506,25.0,1.1593,0.34974,0.33783,-0.1698,0.3001,1.0,-1.8182,0.0,0.0,True,1.544,0.40465,0.39667,-0.3009,0.2151,1.0,-2.6739,0.0,0.0,True,both_converged
16506,25.5,1.1755,0.35765,0.34584,-0.1737,0.2887,1.0,-1.8495,0.0,0.0,True,1.5579,0.41217,0.40429,-0.3057,0.205,1.0,-2.6787,0.0,0.0,True,both_converged
16506,26.0,1.1902,0.36316,0.35147,-0.178,0.2779,1.0,-1.8718,0.0,0.0,True,1.5718,0.4199,0.41213,-0.3106,0.1956,1.0,-2.6748,0.0,0.0,True,both_converged
16506,26.5,1.2037,0.36699,0.35537,-0.1826,0.2676,1.0,-1.8855,0.0,0.0,True,1.5859,0.42915,0.42147,-0.3151,0.1869,1.0,-2.6692,0.0,0.0,True,both_converged
16506,27.0,1.2174,0.37202,0.36046,-0.1872,0.2576,1.0,-1.8985,0.0,0.0,True,1.5998,0.43908,0.43149,-0.3194,0.1777,1.0,-2.663,0.0,0.0,True,both_converged
16506,27.5,1.2312,0.37785,0.36638,-0.1918,0.2485,1.0,-1.9101,0.0,0.0,True,1.6122,0.44291,0.43542,-0.3253,0.1698,1.0,-2.6337,0.0,0.0,True,both_converged
16506,28.0,1.2459,0.38561,0.37423,-0.196,0.2404,1.0,-1.9242,0.0,0.0,True,1.6245,0.44823,0.44082,-0.3312,0.1639,1.0,-2.602,0.0,0.0,True,both_converged
16506,28.5,1.2614,0.39578,0.38451,-0.1998,0.231,1.0,-1.9444,0.0,0.0,True,1.6373,0.45807,0.45075,-0.3357,0.1572,1.0,-2.5904,0.0,0.0,True,both_converged
16506,29.0,1.2731,0.39798,0.38682,-0.2051,0.2223,1.0,-1.9558,0.0,0.0,True,1.6497,0.46548,0.45828,-0.3407,0.1497,1.0,-2.5761,0.0,0.0,True,both_converged
16506,29.5,1.2852,0.40255,0.39146,-0.2102,0.2147,1.0,-1.9719,0.0,0.0,True,1.6609,0.46953,0.4624,-0.347,0.1453,1.0,-2.5403,0.0,0.0,True,both_converged
16506,30.0,1.2985,0.41015,0.39915,-0.2147,0.2074,1.0,-1.9959,0.0,0.0,True,,,,,,,,,,False,baseline_only
20295,-30.0,,,,,,,,,,False,,,,,,,,,,False,none_converged
20295,-29.5,,,,,,,,,,False,-0.8693,0.36047,0.34786,0.0784,1.0,0.0839,-1.4353,0.0,0.0,True,optimised_only
20295,-29.0,,,,,,,,,,False,-0.8551,0.35497,0.34229,0.0736,1.0,0.0864,-1.4184,0.0,0.0,True,optimised_only
20295,-28.5,,,,,,,,,,False,-0.8408,0.35117,0.33844,0.0684,1.0,0.0885,-1.4102,0.0,0.0,True,optimised_only
20295,-28.0,,,,,,,,,,False,-0.8265,0.34798,0.33522,0.0632,1.0,0.0896,-1.4045,0.0,0.0,True,optimised_only
20295,-27.5,,,,,,,,,,False,-0.8116,0.33939,0.32655,0.0592,1.0,0.0921,-1.3687,0.0,0.0,True,optimised_only
20295,-27.0,-0.8035,0.33269,0.32016,0.07,1.0,0.1275,-1.5503,0.0,0.0,True,-0.7968,0.33402,0.32113,0.0546,1.0,0.0948,-1.3455,0.0,0.0,True,both_converged
20295,-26.5,,,,,,,,,,False,-0.7822,0.33066,0.31773,0.0496,1.0,0.0966,-1.3317,0.0,0.0,True,optimised_only
20295,-26.0,-0.7719,0.32185,0.30926,0.0609,1.0,0.1354,-1.5265,0.0,0.0,True,-0.7671,0.32375,0.3108,0.0454,1.0,0.0985,-1.311,0.0,0.0,True,both_converged
20295,-25.5,,,,,,,,,,False,-0.7516,0.31732,0.30432,0.0413,1.0,0.1018,-1.3004,0.0,0.0,True,optimised_only
20295,-25.0,-0.7399,0.31083,0.29819,0.0522,1.0,0.1451,-1.4941,0.0,0.0,True,-0.7368,0.31373,0.30069,0.0367,1.0,0.1044,-1.3074,0.0,0.0,True,both_converged
20295,-24.5,-0.7261,0.30846,0.29585,0.0472,1.0,0.1492,-1.4927,0.0,0.0,True,-0.7213,0.30697,0.29392,0.0327,1.0,0.1067,-1.2989,0.0,0.0,True,both_converged
20295,-24.0,-0.7078,0.29965,0.28697,0.0437,1.0,0.1554,-1.4569,0.0,0.0,True,-0.7055,0.30081,0.28773,0.0289,1.0,0.1104,-1.287,0.0,0.0,True,both_converged
20295,-23.5,-0.6929,0.29526,0.2826,0.0393,1.0,0.1595,-1.4625,0.0,0.0,True,-0.6911,0.29791,0.28481,0.0244,1.0,0.113,-1.2954,0.0,0.0,True,both_converged
20295,-23.0,-0.6758,0.28866,0.27596,0.0356,1.0,0.1662,-1.4497,0.0,0.0,True,-0.6746,0.28977,0.27667,0.0211,1.0,0.1159,-1.2746,0.0,0.0,True,both_converged
20295,-22.5,-0.659,0.28203,0.26931,0.0318,1.0,0.1717,-1.4389,0.0,0.0,True,-0.6592,0.2845,0.27139,0.0174,1.0,0.1199,-1.2652,0.0,0.0,True,both_converged
20295,-22.0,,,,,,,,,,False,-0.6451,0.28106,0.26797,0.0133,1.0,0.1221,-1.2685,0.0,0.0,True,optimised_only
20295,-21.5,-0.6271,0.27113,0.25841,0.0243,1.0,0.1864,-1.4178,0.0,0.0,True,-0.628,0.27277,0.25966,0.0105,1.0,0.1265,-1.2392,0.0,0.0,True,both_converged
20295,-21.0,-0.6098,0.26415,0.25142,0.021,1.0,0.1933,-1.3981,0.0,0.0,True,-0.6143,0.26961,0.25653,0.0067,1.0,0.1301,-1.2387,0.0,0.0,True,both_converged
20295,-20.5,-0.5961,0.26008,0.24739,0.0172,1.0,0.1998,-1.3928,0.0,0.0,True,-0.5976,0.26174,0.24866,0.004,1.0,0.134,-1.2197,0.0,0.0,True,both_converged
20295,-20.0,-0.5804,0.25451,0.24181,0.0139,1.0,0.2086,-1.373,0.0,0.0,True,-0.5839,0.25797,0.24492,0.0007,1.0,0.1388,-1.2297,0.0,0.0,True,both_converged
20295,-19.5,-0.5623,0.24691,0.2342,0.0111,1.0,0.2177,-1.3576,0.0,0.0,True,-0.5678,0.25073,0.23772,-0.0018,1.0,0.1432,-1.221,0.0,0.0,True,both_converged
20295,-19.0,-0.5458,0.24043,0.22774,0.0082,1.0,0.2275,-1.3497,0.0,0.0,True,-0.5553,0.24744,0.23447,-0.0048,1.0,0.1483,-1.2334,0.0,0.0,True,both_converged
20295,-18.5,-0.5298,0.23426,0.22159,0.0054,1.0,0.2376,-1.3413,0.0,0.0,True,-0.5388,0.23971,0.22676,-0.0069,1.0,0.1536,-1.2202,0.0,0.0,True,both_converged
20295,-18.0,-0.5143,0.22819,0.21555,0.0027,1.0,0.2479,-1.3318,0.0,0.0,True,-0.5286,0.23754,0.22466,-0.0097,1.0,0.1582,-1.2398,0.0,0.0,True,both_converged
20295,-17.5,-0.4992,0.22218,0.20955,0.0001,1.0,0.2585,-1.3208,0.0,0.0,True,-0.5113,0.229,0.21617,-0.0113,1.0,0.1647,-1.2195,0.0,0.0,True,both_converged
20295,-17.0,-0.4838,0.21605,0.20345,-0.0022,1.0,0.2708,-1.3052,0.0,0.0,True,-0.5001,0.22483,0.21209,-0.0135,1.0,0.1693,-1.2285,0.0,0.0,True,both_converged
20295,-16.5,-0.4693,0.21018,0.19761,-0.0043,1.0,0.2852,-1.2876,0.0,0.0,True,-0.4868,0.21913,0.20643,-0.0151,1.0,0.1765,-1.2221,0.0,0.0,True,both_converged
20295,-16.0,-0.4579,0.2054,0.19287,-0.0063,1.0,0.2998,-1.2797,0.0,0.0,True,-0.4733,0.21288,0.20027,-0.0164,1.0,0.1824,-1.2145,0.0,0.0,True,both_converged
20295,-15.5,-0.4466,0.2002,0.18774,-0.008,1.0,0.3138,-1.2827,0.0,0.0,True,-0.4663,0.21027,0.19778,-0.018,1.0,0.1886,-1.2296,0.0,0.0,True,both_converged
20295,-15.0,-0.4259,0.19159,0.17913,-0.0095,1.0,0.3307,-1.2608,0.0,0.0,True,-0.453,0.20372,0.19128,-0.0188,1.0,0.1975,-1.2151,0.0,0.0,True,both_converged
20295,-14.5,-0.4171,0.18719,0.17479,-0.0107,1.0,0.3496,-1.261,0.0,0.0,True,-0.4406,0.19747,0.18513,-0.0193,1.0,0.2058,-1.2026,0.0,0.0,True,both_converged
20295,-14.0,-0.3981,0.17931,0.16693,-0.0117,1.0,0.3716,-1.2356,0.0,0.0,True,-0.4309,0.19221,0.18,-0.0198,1.0,0.2139,-1.1969,0.0,0.0,True,both_converged
20295,-13.5,-0.3843,0.17298,0.16066,-0.0124,1.0,0.3934,-1.2186,0.0,0.0,True,-0.4237,0.18787,0.17579,-0.0201,1.0,0.2223,-1.1969,0.0,0.0,True,both_converged
20295,-13.0,-0.3736,0.16742,0.15517,-0.0128,1.0,0.4168,-1.2039,0.0,0.0,True,-0.4206,0.18514,0.1732,-0.0203,1.0,0.2312,-1.2066,0.0,0.0,True,both_converged
20295,-12.5,-0.3555,0.16014,0.14793,-0.013,1.0,0.447,-1.1854,0.0,0.0,True,-0.4101,0.17899,0.16715,-0.0199,1.0,0.2418,-1.2094,0.0,0.0,True,both_converged
20295,-12.0,-0.3478,0.15538,0.14323,-0.0123,1.0,0.4797,-1.1837,0.0,0.0,True,-0.4013,0.17327,0.16157,-0.0194,1.0,0.2524,-1.215,0.0,0.0,True,both_converged
20295,-11.5,-0.3264,0.14749,0.13538,-0.0122,1.0,0.517,-1.1574,0.0,0.0,True,-0.3943,0.16815,0.15659,-0.0186,1.0,0.2636,-1.2238,0.0,0.0,True,both_converged
20295,-11.0,-0.3147,0.14185,0.12981,-0.0109,1.0,0.559,-1.1416,0.0,0.0,True,-0.3896,0.16357,0.15217,-0.0175,1.0,0.2758,-1.2352,0.0,0.0,True,both_converged
20295,-10.5,-0.2885,0.13352,0.1215,-0.0104,1.0,0.6135,-1.0999,0.0,0.0,True,-0.3873,0.15955,0.14833,-0.0162,1.0,0.2885,-1.2496,0.0,0.0,True,both_converged
20295,-10.0,-0.2645,0.12611,0.11413,-0.0095,1.0,0.6756,-1.0734,0.0,0.0,True,,,,,,,,,,False,baseline_only
20295,-9.5,-0.2221,0.11624,0.10422,-0.0108,1.0,0.7648,-1.0276,0.0,0.0,True,-0.3731,0.14804,0.13712,-0.0126,1.0,0.3189,-1.2501,0.0,0.0,True,both_converged
20295,-9.0,-0.1544,0.1038,0.09159,-0.018,1.0,0.8956,-0.9569,0.0,0.0,True,-0.3721,0.1439,0.13316,-0.0104,1.0,0.3354,-1.2591,0.0,0.0,True,both_converged
20295,-8.5,-0.0461,0.08657,0.07404,-0.04,1.0,1.0,-0.8761,0.0,0.0,True,-0.3772,0.14104,0.1305,-0.0076,1.0,0.3503,-1.277,0.0,0.0,True,both_converged
20295,-8.0,-0.0309,0.08177,0.06927,-0.0411,1.0,1.0,-0.8689,0.0,0.0,True,-0.3667,0.13412,0.12374,-0.0051,1.0,0.3713,-1.2629,0.0,0.0,True,both_converged
20295,-7.5,-0.0167,0.07721,0.06477,-0.042,1.0,1.0,-0.8588,0.0,0.0,True,,,,,,,,,,False,baseline_only
20295,-7.0,-0.0035,0.0729,0.06054,-0.0426,1.0,1.0,-0.8561,0.0,0.0,True,,,,,,,,,,False,baseline_only
20295,-6.5,0.0014,0.06954,0.0573,-0.0412,1.0,0.9964,-0.8585,0.0,0.0,True,-0.3656,0.1198,0.11,0.0057,1.0,0.4458,-1.2554,0.0,0.0,True,both_converged
20295,-6.0,-0.1787,0.08161,0.0704,-0.0048,1.0,0.7939,-1.0258,0.0,0.0,True,,,,,,,,,,False,baseline_only
20295,-5.5,-0.3084,0.08518,0.07481,0.0063,1.0,0.6132,-1.216,0.0,0.0,True,,,,,,,,,,False,baseline_only
20295,-5.0,-0.3864,0.08283,0.07297,0.0086,1.0,0.5155,-1.3641,0.0,0.0,True,,,,,,,,,,False,baseline_only
20295,-4.5,-0.4184,0.07648,0.06679,0.002,1.0,0.4512,-1.481,0.0,0.0,True,-0.0759,0.06657,0.05639,-0.0211,1.0,1.0,-0.9622,0.0,0.0,True,both_converged
20295,-4.0,-0.4092,0.06861,0.05878,-0.0063,1.0,0.4213,-1.5311,0.0,0.0,True,-0.0687,0.06322,0.05319,-0.0194,1.0,1.0,-0.9556,0.0,0.0,True,both_converged
20295,-3.5,-0.3757,0.06067,0.05041,-0.0162,1.0,0.4131,-1.5364,0.0,0.0,True,-0.0619,0.05997,0.05012,-0.0177,1.0,1.0,-0.9463,0.0,0.0,True,both_converged
20295,-3.0,-0.3289,0.05409,0.04331,-0.0232,1.0,0.4255,-1.4983,0.0,0.0,True,-0.0557,0.05681,0.04715,-0.0158,1.0,1.0,-0.9479,0.0,0.0,True,both_converged
20295,-2.5,-0.2747,0.04883,0.03743,-0.0288,1.0,0.4554,-1.424,0.0,0.0,True,-0.0501,0.05375,0.04426,-0.0138,1.0,1.0,-0.9505,0.0,0.0,True,both_converged
20295,-2.0,-0.2207,0.04494,0.03307,-0.0318,1.0,0.5045,-1.3309,0.0,0.0,True,-0.1131,0.05338,0.04431,0.0043,1.0,0.9706,-1.0011,0.0,0.0,True,both_converged
20295,-1.5,-0.1728,0.04201,0.02997,-0.0319,1.0,0.5776,-1.232,0.0,0.0,True,-0.1939,0.05345,0.04486,0.0251,1.0,0.932,-1.0667,0.0,0.0,True,both_converged
20295,-1.0,-0.1353,0.03945,0.02771,-0.0282,1.0,0.6937,-1.1463,0.0,0.0,True,-0.267,0.05322,0.04508,0.0418,1.0,0.8874,-1.1307,0.0,0.0,True,both_converged
20295,-0.5,-0.0495,0.03611,0.02379,-0.0413,1.0,1.0,-1.0494,0.0,0.0,True,0.1597,0.05283,0.0427,-0.082,1.0,0.5013,-0.9125,0.0,0.0,True,both_converged
20295,0.0,-0.0001,0.03772,0.02387,-0.0445,1.0,1.0,-0.9216,0.0,0.0,True,0.3001,0.04815,0.03735,-0.1042,1.0,0.5737,-0.7313,0.0,0.0,True,both_converged
20295,0.5,0.0389,0.03951,0.02484,-0.0453,1.0,1.0,-0.8033,0.0,0.0,True,0.4073,0.04467,0.03339,-0.1165,1.0,0.6856,-0.7532,0.0,0.0,True,both_converged
20295,1.0,0.0754,0.04151,0.02622,-0.0459,1.0,1.0,-0.6933,0.0,0.0,True,0.49,0.04167,0.03038,-0.123,1.0,0.8202,-0.8617,0.0,0.0,True,both_converged
20295,1.5,0.1106,0.04372,0.02797,-0.0464,1.0,1.0,-0.5926,0.0,0.0,True,0.567,0.04118,0.02999,-0.1309,1.0,1.0,-0.9654,0.0,0.0,True,both_converged
20295,2.0,0.1446,0.04614,0.03001,-0.0469,1.0,1.0,-0.5033,0.0,0.0,True,0.6732,0.04329,0.03179,-0.1444,1.0,1.0,-1.1023,0.0,0.0,True,both_converged
20295,2.5,0.1776,0.04876,0.03234,-0.0475,1.0,1.0,-0.5206,0.0,0.0,True,0.7511,0.04503,0.0339,-0.1506,1.0,1.0,-1.2077,0.0,0.0,True,both_converged
20295,3.0,0.2096,0.05159,0.03495,-0.0482,1.0,1.0,-0.538,0.0,0.0,True,0.9472,0.04038,0.03002,-0.1708,0.6804,1.0,-1.4156,0.0,0.0,True,both_converged
20295,3.5,0.2406,0.05463,0.03782,-0.0489,1.0,1.0,-0.5558,0.0,0.0,True,1.1307,0.0398,0.0264,-0.1831,0.5341,1.0,-1.6782,0.0,0.0,True,both_converged
20295,4.0,0.2708,0.05787,0.04096,-0.0497,1.0,1.0,-0.5747,0.0,0.0,True,1.215,0.04467,0.03077,-0.1875,0.4927,1.0,-1.8143,0.0,0.0,True,both_converged
20295,4.5,0.3,0.06134,0.04438,-0.0506,1.0,1.0,-0.5945,0.0,0.0,True,1.285,0.05002,0.03636,-0.1901,0.4671,1.0,-1.9319,0.0,0.0,True,both_converged
20295,5.0,0.3281,0.06503,0.04805,-0.0515,1.0,1.0,-0.616,0.0,0.0,True,1.3376,0.05611,0.0431,-0.191,0.4514,1.0,-2.0259,0.0,0.0,True,both_converged
20295,5.5,0.3554,0.06895,0.05199,-0.0526,1.0,1.0,-0.6396,0.0,0.0,True,1.3776,0.06327,0.05102,-0.1909,0.4421,1.0,-2.0932,0.0,0.0,True,both_converged
20295,6.0,0.3816,0.07311,0.05623,-0.0538,1.0,1.0,-0.6662,0.0,0.0,True,1.3958,0.07197,0.06043,-0.1895,0.4398,1.0,-2.1238,0.0,0.0,True,both_converged
20295,6.5,0.4069,0.07752,0.06074,-0.055,1.0,1.0,-0.6963,0.0,0.0,True,1.3619,0.08384,0.07304,-0.1866,0.449,1.0,-2.044,0.0,0.0,True,both_converged
20295,7.0,0.431,0.08219,0.06554,-0.0564,1.0,1.0,-0.73,0.0,0.0,True,1.2595,0.10173,0.09116,-0.186,0.4753,1.0,-1.8194,0.0,0.0,True,both_converged
20295,7.5,0.4541,0.08714,0.07067,-0.0579,1.0,1.0,-0.7674,0.0,0.0,True,1.1796,0.12206,0.11145,-0.1944,0.5189,1.0,-1.6084,0.0,0.0,True,both_converged
20295,8.0,0.4761,0.09238,0.0761,-0.0595,1.0,1.0,-0.8079,0.0,0.0,True,1.0975,0.14043,0.12978,-0.2041,0.6088,1.0,-1.3959,0.0,0.0,True,both_converged
20295,8.5,0.4971,0.09792,0.08185,-0.0613,1.0,1.0,-0.8516,0.0,0.0,True,0.9541,0.15468,0.14398,-0.2082,0.9054,1.0,-1.1283,0.0,0.0,True,both_converged
20295,9.0,0.5171,0.10377,0.08796,-0.0633,1.0,1.0,-0.8964,0.0,0.0,True,0.9635,0.16273,0.15203,-0.2097,0.9198,1.0,-1.1302,0.0,0.0,True,both_converged
20295,9.5,0.536,0.10993,0.09437,-0.0654,1.0,1.0,-0.9416,0.0,0.0,True,0.9816,0.17133,0.16065,-0.2125,0.9184,1.0,-1.1424,0.0,0.0,True,both_converged
20295,10.0,0.5652,0.11795,0.1027,-0.0704,0.9929,1.0,-1.0009,0.0,0.0,True,0.9968,0.17849,0.16785,-0.2144,0.9073,1.0,-1.1486,0.0,0.0,True,both_converged
20295,10.5,0.6161,0.12881,0.11404,-0.0805,0.9417,1.0,-1.0889,0.0,0.0,True,1.0201,0.18638,0.17583,-0.2174,0.8822,1.0,-1.1715,0.0,0.0,True,both_converged
20295,11.0,0.6519,0.13793,0.12355,-0.0864,0.8903,1.0,-1.1591,0.0,0.0,True,1.0462,0.19432,0.18383,-0.2204,0.8482,1.0,-1.1954,0.0,0.0,True,both_converged
20295,11.5,0.6845,0.14715,0.13315,-0.0911,0.8403,1.0,-1.2258,0.0,0.0,True,1.0749,0.2022,0.19182,-0.2231,0.8041,1.0,-1.2269,0.0,0.0,True,both_converged
20295,12.0,0.7155,0.15654,0.14286,-0.095,0.7904,1.0,-1.2869,0.0,0.0,True,1.1046,0.21057,0.20027,-0.2254,0.7588,1.0,-1.2638,0.0,0.0,True,both_converged
20295,12.5,0.7373,0.16445,0.15103,-0.0971,0.7451,1.0,-1.3308,0.0,0.0,True,1.1311,0.21785,0.20762,-0.2266,0.7092,1.0,-1.296,0.0,0.0,True,both_converged
20295,13.0,0.7576,0.17208,0.15893,-0.0989,0.7015,1.0,-1.3685,0.0,0.0,True,1.1579,0.22561,0.21551,-0.2276,0.6606,1.0,-1.3391,0.0,0.0,True,both_converged
20295,13.5,0.7837,0.18177,0.16885,-0.1014,0.6619,1.0,-1.4138,0.0,0.0,True,1.1834,0.23324,0.22324,-0.2279,0.6099,1.0,-1.3789,0.0,0.0,True,both_converged
20295,14.0,0.7961,0.18782,0.17506,-0.1024,0.6275,1.0,-1.4291,0.0,0.0,True,1.2023,0.2393,0.22938,-0.2281,0.5649,1.0,-1.4125,0.0,0.0,True,both_converged
20295,14.5,0.8161,0.1963,0.1837,-0.1044,0.5965,1.0,-1.4611,0.0,0.0,True,1.2277,0.24843,0.23866,-0.2285,0.5212,1.0,-1.4613,0.0,0.0,True,both_converged
20295,15.0,0.831,0.20312,0.19068,-0.106,0.5679,1.0,-1.479,0.0,0.0,True,1.2431,0.25456,0.24487,-0.2292,0.4847,1.0,-1.4864,0.0,0.0,True,both_converged
20295,15.5,0.8484,0.21075,0.19844,-0.108,0.5418,1.0,-1.4953,0.0,0.0,True,1.2646,0.26416,0.2546,-0.2302,0.4528,1.0,-1.5312,0.0,0.0,True,both_converged
20295,16.0,0.8676,0.21913,0.20694,-0.1102,0.5177,1.0,-1.5231,0.0,0.0,True,1.2774,0.26977,0.26029,-0.2317,0.4233,1.0,-1.5551,0.0,0.0,True,both_converged
20295,16.5,0.8895,0.22856,0.21652,-0.1124,0.4937,1.0,-1.5526,0.0,0.0,True,1.2946,0.27812,0.26876,-0.2336,0.3991,1.0,-1.5828,0.0,0.0,True,both_converged
20295,17.0,0.8988,0.23295,0.22097,-0.1146,0.4748,1.0,-1.5513,0.0,0.0,True,1.3132,0.28764,0.2784,-0.2353,0.3752,1.0,-1.6258,0.0,0.0,True,both_converged
20295,17.5,0.9235,0.24403,0.23218,-0.1171,0.4538,1.0,-1.5849,0.0,0.0,True,1.3248,0.29256,0.28345,-0.2383,0.3542,1.0,-1.6445,0.0,0.0,True,both_converged
20295,18.0,0.9331,0.248,0.2362,-0.1198,0.4371,1.0,-1.5898,0.0,0.0,True,1.3427,0.30258,0.2936,-0.2407,0.3371,1.0,-1.6779,0.0,0.0,True,both_converged
20295,18.5,0.9503,0.2552,0.24349,-0.1224,0.4184,1.0,-1.6085,0.0,0.0,True,1.3538,0.30695,0.29807,-0.2445,0.3198,1.0,-1.7391,0.0,0.0,True,both_converged
20295,19.0,0.9728,0.26607,0.25447,-0.1251,0.4015,1.0,-1.6349,0.0,0.0,True,1.3699,0.31526,0.30654,-0.2475,0.304,1.0,-1.8675,0.0,0.0,True,both_converged
20295,19.5,0.9845,0.27037,0.25882,-0.1283,0.3866,1.0,-1.6368,0.0,0.0,True,1.3872,0.32539,0.31684,-0.2503,0.2897,1.0,-2.0015,0.0,0.0,True,both_converged
20295,20.0,0.9995,0.27646,0.26498,-0.1315,0.3718,1.0,-1.6557,0.0,0.0,True,1.4018,0.33323,0.32477,-0.254,0.2766,1.0,-2.1117,0.0,0.0,True,both_converged
20295,20.5,1.016,0.28324,0.27185,-0.1347,0.3557,1.0,-1.6762,0.0,0.0,True,1.4164,0.34049,0.33219,-0.258,0.2649,1.0,-2.2141,0.0,0.0,True,both_converged
20295,21.0,1.0332,0.29071,0.27939,-0.1379,0.3415,1.0,-1.6946,0.0,0.0,True,1.4308,0.34714,0.33897,-0.2622,0.2531,1.0,-2.3071,0.0,0.0,True,both_converged
20295,21.5,1.0504,0.2983,0.28706,-0.1412,0.3279,1.0,-1.7095,0.0,0.0,True,1.4454,0.35408,0.34604,-0.2665,0.2417,1.0,-2.3932,0.0,0.0,True,both_converged
20295,22.0,1.0688,0.30714,0.29599,-0.1443,0.314,1.0,-1.7366,0.0,0.0,True,1.4611,0.36316,0.35527,-0.2703,0.231,1.0,-2.4819,0.0,0.0,True,both_converged
20295,22.5,1.085,0.31431,0.30324,-0.1479,0.3017,1.0,-1.7625,0.0,0.0,True,1.4757,0.37081,0.36307,-0.2746,0.22,1.0,-2.5651,0.0,0.0,True,both_converged
20295,23.0,1.1002,0.32016,0.30915,-0.1518,0.29,1.0,-1.781,0.0,0.0,True,1.4891,0.37484,0.36723,-0.28,0.2103,1.0,-2.6168,0.0,0.0,True,both_converged
20295,23.5,1.1164,0.32698,0.31604,-0.1556,0.278,1.0,-1.8007,0.0,0.0,True,1.5027,0.38023,0.37273,-0.2853,0.2007,1.0,-2.6576,0.0,0.0,True,both_converged
20295,24.0,1.1317,0.33288,0.32202,-0.1596,0.2664,1.0,-1.8141,0.0,0.0,True,1.5166,0.38651,0.37912,-0.2905,0.1914,1.0,-2.6859,0.0,0.0,True,both_converged
20295,24.5,1.1456,0.3372,0.32638,-0.1642,0.2566,1.0,-1.8168,0.0,0.0,True,1.5306,0.39328,0.38598,-0.2956,0.183,1.0,-2.6988,0.0,0.0,True,both_converged
20295,25.0,1.1602,0.3427,0.33194,-0.1686,0.247,1.0,-1.8349,0.0,0.0,True,1.5448,0.40069,0.39348,-0.3006,0.1741,1.0,-2.7028,0.0,0.0,True,both_converged
20295,25.5,1.1751,0.34885,0.33815,-0.1729,0.2372,1.0,-1.8595,0.0,0.0,True,1.5592,0.40968,0.40255,-0.3052,0.1664,1.0,-2.7005,0.0,0.0,True,both_converged
20295,26.0,1.1902,0.35552,0.34491,-0.1771,0.2278,1.0,-1.8828,0.0,0.0,True,1.5737,0.41918,0.41215,-0.3096,0.1577,1.0,-2.6957,0.0,0.0,True,both_converged
20295,26.5,1.2062,0.36396,0.35344,-0.181,0.2191,1.0,-1.9097,0.0,0.0,True,1.5871,0.42529,0.41835,-0.315,0.1498,1.0,-2.6709,0.0,0.0,True,both_converged
20295,27.0,1.2215,0.37157,0.36115,-0.1851,0.2099,1.0,-1.9321,0.0,0.0,True,1.5998,0.42982,0.42293,-0.3212,0.144,1.0,-2.6283,0.0,0.0,True,both_converged
20295,27.5,1.2334,0.37412,0.36376,-0.1905,0.2021,1.0,-1.9288,0.0,0.0,True,1.613,0.43849,0.43167,-0.3261,0.1378,1.0,-2.6088,0.0,0.0,True,both_converged
20295,28.0,1.2468,0.38005,0.36975,-0.1953,0.1947,1.0,-1.9351,0.0,0.0,True,1.6265,0.44875,0.44206,-0.3302,0.1309,1.0,-2.6037,0.0,0.0,True,both_converged
20295,28.5,1.2614,0.3884,0.37819,-0.1994,0.1871,1.0,-1.9579,0.0,0.0,True,1.6382,0.45147,0.44481,-0.3371,0.127,1.0,-2.5527,0.0,0.0,True,both_converged
20295,29.0,1.2749,0.39457,0.38448,-0.204,0.1792,1.0,-1.9855,0.0,0.0,True,,,,,,,,,,False,baseline_only
20295,29.5,1.2863,0.39836,0.38832,-0.2096,0.1738,1.0,-1.9923,0.0,0.0,True,,,,,,,,,,False,baseline_only
20295,30.0,1.3005,0.40805,0.39811,-0.2136,0.1675,1.0,-2.0261,0.0,0.0,True,,,,,,,,,,False,baseline_only
24371,-30.0,-0.8928,0.36243,0.35118,0.0989,1.0,0.0886,-1.6519,0.0,0.0,True,,,,,,,,,,False,baseline_only
24371,-29.5,-0.8787,0.35782,0.34655,0.0937,1.0,0.0901,-1.6423,0.0,0.0,True,-0.8677,0.35895,0.34741,0.0782,1.0,0.0689,-1.4485,0.0,0.0,True,both_converged
24371,-29.0,-0.8634,0.35055,0.33922,0.0893,1.0,0.0932,-1.6076,0.0,0.0,True,-0.8535,0.35246,0.34085,0.0736,1.0,0.0708,-1.4252,0.0,0.0,True,both_converged
24371,-28.5,-0.8488,0.34694,0.33557,0.084,1.0,0.0962,-1.5952,0.0,0.0,True,-0.839,0.34751,0.33584,0.0687,1.0,0.0729,-1.4108,0.0,0.0,True,both_converged
24371,-28.0,-0.8338,0.34153,0.33013,0.0792,1.0,0.0983,-1.5798,0.0,0.0,True,-0.8244,0.34396,0.33223,0.0634,1.0,0.0744,-1.4048,0.0,0.0,True,both_converged
24371,-27.5,-0.8179,0.33527,0.32383,0.0747,1.0,0.1024,-1.5636,0.0,0.0,True,-0.8097,0.33859,0.32684,0.0586,1.0,0.0755,-1.388,0.0,0.0,True,both_converged
24371,-27.0,,,,,,,,,,False,-0.7947,0.33147,0.31966,0.0544,1.0,0.0777,-1.353,0.0,0.0,True,optimised_only
24371,-26.5,-0.7865,0.32466,0.31316,0.0654,1.0,0.1085,-1.547,0.0,0.0,True,-0.7796,0.3261,0.31424,0.0498,1.0,0.0799,-1.3279,0.0,0.0,True,both_converged
24371,-26.0,-0.771,0.32071,0.30918,0.0605,1.0,0.1122,-1.5432,0.0,0.0,True,-0.7646,0.3222,0.31031,0.0449,1.0,0.0815,-1.3171,0.0,0.0,True,both_converged
24371,-25.5,-0.7549,0.3148,0.30325,0.056,1.0,0.1148,-1.5301,0.0,0.0,True,-0.7494,0.31636,0.30446,0.0406,1.0,0.0827,-1.3165,0.0,0.0,True,both_converged
24371,-25.0,-0.7383,0.30858,0.29699,0.0518,1.0,0.1194,-1.5067,0.0,0.0,True,-0.7336,0.3093,0.29735,0.0367,1.0,0.0853,-1.3002,0.0,0.0,True,both_converged
24371,-24.5,-0.7235,0.30478,0.29321,0.047,1.0,0.1224,-1.5036,0.0,0.0,True,-0.7182,0.30424,0.29226,0.0324,1.0,0.0878,-1.2992,0.0,0.0,True,both_converged
24371,-24.0,-0.7058,0.29719,0.28556,0.0433,1.0,0.128,-1.467,0.0,0.0,True,,,,,,,,,,False,baseline_only
24371,-23.5,-0.6906,0.29253,0.28092,0.0388,1.0,0.1317,-1.4699,0.0,0.0,True,-0.687,0.29272,0.28071,0.0244,1.0,0.092,-1.287,0.0,0.0,True,both_converged
24371,-23.0,-0.6733,0.28584,0.2742,0.0351,1.0,0.1375,-1.4557,0.0,0.0,True,-0.6713,0.28741,0.27539,0.0205,1.0,0.0953,-1.2797,0.0,0.0,True,both_converged
24371,-22.5,-0.6576,0.28041,0.26877,0.0309,1.0,0.1411,-1.4556,0.0,0.0,True,,,,,,,,,,False,baseline_only
24371,-22.0,-0.6408,0.27444,0.26278,0.0271,1.0,0.1472,-1.443,0.0,0.0,True,-0.64,0.27585,0.26382,0.0132,1.0,0.1003,-1.2586,0.0,0.0,True,both_converged
24371,-21.5,-0.624,0.26785,0.2562,0.0235,1.0,0.1517,-1.4297,0.0,0.0,True,-0.6247,0.27099,0.25897,0.0096,1.0,0.1037,-1.2508,0.0,0.0,True,both_converged
24371,-21.0,-0.6108,0.26488,0.25322,0.0192,1.0,0.158,-1.4332,0.0,0.0,True,-0.6103,0.26661,0.25463,0.0059,1.0,0.1056,-1.2492,0.0,0.0,True,both_converged
24371,-20.5,-0.5913,0.25611,0.24445,0.0164,1.0,0.1654,-1.3974,0.0,0.0,True,-0.5935,0.25906,0.24705,0.0032,1.0,0.1095,-1.2193,0.0,0.0,True,both_converged
24371,-20.0,-0.5753,0.24999,0.23835,0.013,1.0,0.1713,-1.3797,0.0,0.0,True,-0.5798,0.2554,0.24343,-0.0003,1.0,0.1127,-1.2352,0.0,0.0,True,both_converged
24371,-19.5,-0.5638,0.24739,0.23577,0.009,1.0,0.1779,-1.3881,0.0,0.0,True,-0.5637,0.2483,0.23637,-0.0029,1.0,0.1157,-1.2271,0.0,0.0,True,both_converged
24371,-19.0,-0.5437,0.2384,0.22677,0.0065,1.0,0.1859,-1.3653,0.0,0.0,True,-0.5493,0.24324,0.23134,-0.0057,1.0,0.1202,-1.2296,0.0,0.0,True,both_converged
24371,-18.5,-0.5272,0.2318,0.22019,0.0036,1.0,0.1933,-1.3568,0.0,0.0,True,-0.5354,0.23794,0.22608,-0.0083,1.0,0.1232,-1.2352,0.0,0.0,True,both_converged
24371,-18.0,-0.5126,0.22618,0.2146,0.0006,1.0,0.2017,-1.3526,0.0,0.0,True,-0.5207,0.23217,0.22034,-0.0106,1.0,0.1286,-1.2298,0.0,0.0,True,both_converged
24371,-17.5,-0.4991,0.22098,0.20942,-0.0022,1.0,0.211,-1.3486,0.0,0.0,True,-0.5076,0.22691,0.21515,-0.0128,1.0,0.1323,-1.2339,0.0,0.0,True,both_converged
24371,-17.0,-0.4881,0.21682,0.20532,-0.005,1.0,0.2204,-1.3488,0.0,0.0,True,-0.4945,0.2218,0.21008,-0.0148,1.0,0.1382,-1.2325,0.0,0.0,True,both_converged
24371,-16.5,-0.4731,0.21051,0.19902,-0.0073,1.0,0.2309,-1.3311,0.0,0.0,True,-0.4811,0.2158,0.20416,-0.0164,1.0,0.1424,-1.2281,0.0,0.0,True,both_converged
24371,-16.0,-0.4582,0.20401,0.19254,-0.0094,1.0,0.2419,-1.3102,0.0,0.0,True,-0.4711,0.21199,0.20043,-0.0182,1.0,0.1481,-1.237,0.0,0.0,True,both_converged
24371,-15.5,-0.447,0.19881,0.18738,-0.0114,1.0,0.2537,-1.3112,0.0,0.0,True,-0.4571,0.20512,0.19364,-0.0192,1.0,0.1532,-1.2224,0.0,0.0,True,both_converged
24371,-15.0,-0.4281,0.19055,0.17916,-0.0129,1.0,0.2674,-1.2922,0.0,0.0,True,-0.4515,0.20289,0.19152,-0.0208,1.0,0.1582,-1.2446,0.0,0.0,True,both_converged
24371,-14.5,-0.4121,0.18363,0.17227,-0.0144,1.0,0.2818,-1.2775,0.0,0.0,True,-0.4364,0.19513,0.18382,-0.0211,1.0,0.1652,-1.2186,0.0,0.0,True,both_converged
24371,-14.0,-0.3992,0.17763,0.1663,-0.0157,1.0,0.2969,-1.2679,0.0,0.0,True,-0.4277,0.19024,0.17906,-0.0217,1.0,0.1706,-1.2189,0.0,0.0,True,both_converged
24371,-13.5,-0.3947,0.17371,0.16246,-0.0168,1.0,0.3128,-1.2738,0.0,0.0,True,-0.4228,0.1871,0.17603,-0.0223,1.0,0.1777,-1.2286,0.0,0.0,True,both_converged
24371,-13.0,-0.3741,0.16542,0.1542,-0.0175,1.0,0.3333,-1.2364,0.0,0.0,True,-0.4109,0.1805,0.16954,-0.022,1.0,0.1862,-1.2074,0.0,0.0,True,both_converged
24371,-12.5,-0.3665,0.1602,0.14907,-0.018,1.0,0.3523,-1.2312,0.0,0.0,True,-0.4022,0.17502,0.16417,-0.0218,1.0,0.194,-1.2022,0.0,0.0,True,both_converged
24371,-12.0,-0.3559,0.15446,0.14337,-0.0181,1.0,0.3748,-1.2276,0.0,0.0,True,-0.3964,0.17043,0.15973,-0.0214,1.0,0.2018,-1.2177,0.0,0.0,True,both_converged
24371,-11.5,-0.3445,0.14838,0.13737,-0.0179,1.0,0.4007,-1.2177,0.0,0.0,True,,,,,,,,,,False,baseline_only
24371,-11.0,-0.3277,0.14119,0.13025,-0.0174,1.0,0.4306,-1.1938,0.0,0.0,True,-0.3904,0.16276,0.15235,-0.0199,1.0,0.2197,-1.2552,0.0,0.0,True,both_converged
24371,-10.5,-0.314,0.13496,0.12409,-0.0165,1.0,0.4642,-1.1713,0.0,0.0,True,-0.3833,0.15711,0.14684,-0.0186,1.0,0.2297,-1.2582,0.0,0.0,True,both_converged
24371,-10.0,-0.299,0.12853,0.11772,-0.0152,1.0,0.5035,-1.1419,0.0,0.0,True,-0.3782,0.152,0.14186,-0.017,1.0,0.2399,-1.2646,0.0,0.0,True,both_converged
24371,-9.5,-0.2796,0.12159,0.11085,-0.0136,1.0,0.5521,-1.1174,0.0,0.0,True,-0.3754,0.14743,0.13746,-0.0152,1.0,0.251,-1.2737,0.0,0.0,True,both_converged
24371,-9.0,-0.2608,0.11508,0.10441,-0.0116,1.0,0.6082,-1.0923,0.0,0.0,True,-0.3748,0.14329,0.13349,-0.0131,1.0,0.2633,-1.2847,0.0,0.0,True,both_converged
24371,-8.5,-0.234,0.10787,0.09722,-0.0096,1.0,0.6858,-1.0517,0.0,0.0,True,-0.3768,0.13965,0.13004,-0.0107,1.0,0.2761,-1.2981,0.0,0.0,True,both_converged
24371,-8.0,-0.183,0.098,0.0873,-0.0111,1.0,0.7923,-0.986,0.0,0.0,True,-0.3819,0.13641,0.12699,-0.0078,1.0,0.2888,-1.3141,0.0,0.0,True,both_converged
24371,-7.5,-0.0132,0.07574,0.06445,-0.0418,1.0,1.0,-0.8385,0.0,0.0,True,,,,,,,,,,False,baseline_only
24371,-7.0,0.0004,0.07139,0.06017,-0.0424,1.0,1.0,-0.8338,0.0,0.0,True,-0.375,0.12553,0.11643,-0.0017,1.0,0.3203,-1.3022,0.0,0.0,True,both_converged
24371,-6.5,0.0126,0.06733,0.05619,-0.0427,1.0,1.0,-0.8308,0.0,0.0,True,-0.3837,0.12239,0.11351,0.0023,1.0,0.3362,-1.3144,0.0,0.0,True,both_converged
24371,-6.0,,,,,,,,,,False,,,,,,,,,,False,none_converged
24371,-5.5,-0.2162,0.0788,0.06901,0.0026,1.0,0.7479,-1.0526,0.0,0.0,True,,,,,,,,,,False,baseline_only
24371,-5.0,-0.3798,0.08234,0.07345,0.013,1.0,0.5472,-1.3077,0.0,0.0,True,,,,,,,,,,False,baseline_only
24371,-4.5,-0.4263,0.074,0.06521,-0.0046,1.0,0.3996,-1.5281,0.0,0.0,True,-0.3712,0.10225,0.09407,0.0139,1.0,0.4389,-1.2667,0.0,0.0,True,both_converged
24371,-4.0,-0.401,0.06442,0.05523,-0.0178,1.0,0.3609,-1.5954,0.0,0.0,True,-0.3616,0.09612,0.08807,0.017,1.0,0.4765,-1.2568,0.0,0.0,True,both_converged
24371,-3.5,-0.358,0.05653,0.04683,-0.0264,1.0,0.3555,-1.5807,0.0,0.0,True,-0.353,0.08996,0.08207,0.0211,1.0,0.5296,-1.2433,0.0,0.0,True,both_converged
24371,-3.0,-0.3053,0.0502,0.03988,-0.0332,1.0,0.3687,-1.5305,0.0,0.0,True,-0.3476,0.08317,0.07545,0.0282,1.0,0.6102,-1.2226,0.0,0.0,True,both_converged
24371,-2.5,-0.2501,0.04549,0.03451,-0.038,1.0,0.3973,-1.4464,0.0,0.0,True,-0.3181,0.06994,0.06231,0.0402,1.0,0.7948,-1.1555,0.0,0.0,True,both_converged
24371,-2.0,-0.1955,0.04218,0.03065,-0.0408,1.0,0.4435,-1.3436,0.0,0.0,True,-0.1687,0.05477,0.04678,0.0176,1.0,0.9432,-1.0095,0.0,0.0,True,both_converged
24371,-1.5,-0.1453,0.03982,0.02805,-0.0415,1.0,0.5114,-1.2316,0.0,0.0,True,-0.1754,0.05149,0.0437,0.0222,1.0,0.9428,-1.023,0.0,0.0,True,both_converged
24371,-1.0,-0.1017,0.0379,0.02639,-0.0397,1.0,0.6187,-1.1289,0.0,0.0,True,-0.2289,0.04982,0.04237,0.0365,1.0,0.9246,-1.0688,0.0,0.0,True,both_converged
24371,-0.5,-0.0797,0.03479,0.0248,-0.0314,1.0,0.9306,-1.0582,0.0,0.0,True,-0.2519,0.04823,0.04103,0.041,1.0,0.8814,-1.0996,0.0,0.0,True,both_converged
24371,0.0,0.0012,0.03607,0.0236,-0.0456,1.0,1.0,-0.9281,0.0,0.0,True,0.343,0.04672,0.03666,-0.1157,1.0,0.5149,-0.6987,0.0,0.0,True,both_converged
24371,0.5,0.0403,0.03794,0.02467,-0.0465,1.0,1.0,-0.8085,0.0,0.0,True,0.4446,0.044,0.03351,-0.1264,1.0,0.6215,-0.7848,0.0,0.0,True,both_converged
24371,1.0,0.0769,0.04002,0.02616,-0.0471,1.0,1.0,-0.6973,0.0,0.0,True,0.531,0.04183,0.03122,-0.1333,1.0,0.7412,-0.8994,0.0,0.0,True,both_converged
24371,1.5,0.1121,0.04229,0.02801,-0.0477,1.0,1.0,-0.5956,0.0,0.0,True,0.583,0.03969,0.02966,-0.1334,1.0,0.9192,-0.9862,0.0,0.0,True,both_converged
24371,2.0,0.1461,0.04477,0.03014,-0.0483,1.0,1.0,-0.5035,0.0,0.0,True,0.6861,0.04144,0.03134,-0.1462,1.0,1.0,-1.1176,0.0,0.0,True,both_converged
24371,2.5,0.179,0.04744,0.03255,-0.049,1.0,1.0,-0.5178,0.0,0.0,True,0.8723,0.03779,0.02846,-0.1671,0.8073,1.0,-1.3224,0.0,0.0,True,both_converged
24371,3.0,0.211,0.05032,0.03523,-0.0497,1.0,1.0,-0.535,0.0,0.0,True,1.058,0.03569,0.02274,-0.1792,0.5047,1.0,-1.5735,0.0,0.0,True,both_converged
24371,3.5,0.2421,0.05341,0.03817,-0.0504,1.0,1.0,-0.5527,0.0,0.0,True,1.1504,0.04,0.02631,-0.1849,0.4582,1.0,-1.7217,0.0,0.0,True,both_converged
24371,4.0,0.2722,0.05671,0.04137,-0.0513,1.0,1.0,-0.5714,0.0,0.0,True,1.2352,0.04461,0.03088,-0.1897,0.4292,1.0,-1.8654,0.0,0.0,True,both_converged
24371,4.5,0.3014,0.06022,0.04483,-0.0522,1.0,1.0,-0.5911,0.0,0.0,True,1.3028,0.04958,0.03639,-0.1919,0.4107,1.0,-1.9833,0.0,0.0,True,both_converged
24371,5.0,0.3296,0.06396,0.04855,-0.0532,1.0,1.0,-0.6123,0.0,0.0,True,1.3563,0.05532,0.04274,-0.1922,0.3987,1.0,-2.0847,0.0,0.0,True,both_converged
24371,5.5,0.3568,0.06793,0.05255,-0.0542,1.0,1.0,-0.6359,0.0,0.0,True,1.3949,0.06189,0.05011,-0.1909,0.3924,1.0,-2.1558,0.0,0.0,True,both_converged
24371,6.0,0.3831,0.07215,0.05684,-0.0554,1.0,1.0,-0.6625,0.0,0.0,True,1.4253,0.06972,0.05858,-0.1893,0.3891,1.0,-2.2148,0.0,0.0,True,both_converged
24371,6.5,0.4083,0.07662,0.0614,-0.0567,1.0,1.0,-0.6925,0.0,0.0,True,1.417,0.07932,0.06909,-0.1859,0.3976,1.0,-2.1803,0.0,0.0,True,both_converged
24371,7.0,0.4325,0.08135,0.06625,-0.0581,1.0,1.0,-0.7261,0.0,0.0,True,1.3808,0.0918,0.08214,-0.1833,0.413,1.0,-2.0904,0.0,0.0,True,both_converged
24371,7.5,0.4556,0.08637,0.07144,-0.0596,1.0,1.0,-0.7634,0.0,0.0,True,1.2087,0.11722,0.10766,-0.1901,0.4755,1.0,-1.6791,0.0,0.0,True,both_converged
24371,8.0,0.4776,0.09168,0.07693,-0.0613,1.0,1.0,-0.8038,0.0,0.0,True,0.9639,0.14703,0.13739,-0.2102,0.859,1.0,-1.1348,0.0,0.0,True,both_converged
24371,8.5,0.4987,0.09732,0.08276,-0.0632,1.0,1.0,-0.847,0.0,0.0,True,0.9717,0.15565,0.14603,-0.212,0.878,1.0,-1.1298,0.0,0.0,True,both_converged
24371,9.0,0.5533,0.1069,0.09271,-0.0728,0.9688,1.0,-0.9332,0.0,0.0,True,0.9809,0.16283,0.15321,-0.2129,0.8757,1.0,-1.1342,0.0,0.0,True,both_converged
24371,9.5,0.5976,0.11562,0.10179,-0.0798,0.9237,1.0,-1.0141,0.0,0.0,True,1.0016,0.17066,0.16107,-0.2152,0.8549,1.0,-1.1497,0.0,0.0,True,both_converged
24371,10.0,0.6346,0.12396,0.11049,-0.0848,0.8772,1.0,-1.0908,0.0,0.0,True,1.0276,0.17844,0.1689,-0.2174,0.8181,1.0,-1.1753,0.0,0.0,True,both_converged
24371,10.5,0.6648,0.13182,0.11866,-0.0882,0.83,1.0,-1.1601,0.0,0.0,True,1.06,0.18674,0.17725,-0.2197,0.7703,1.0,-1.2137,0.0,0.0,True,both_converged
24371,11.0,0.6954,0.14015,0.12733,-0.0913,0.7811,1.0,-1.2302,0.0,0.0,True,1.0859,0.19358,0.18413,-0.2203,0.7193,1.0,-1.2449,0.0,0.0,True,both_converged
24371,11.5,0.723,0.14864,0.1361,-0.0937,0.7342,1.0,-1.2912,0.0,0.0,True,1.1217,0.20239,0.19305,-0.2212,0.6624,1.0,-1.3008,0.0,0.0,True,both_converged
24371,12.0,0.7405,0.15558,0.14329,-0.0946,0.6897,1.0,-1.3357,0.0,0.0,True,1.1447,0.20892,0.19962,-0.2205,0.6094,1.0,-1.3367,0.0,0.0,True,both_converged
24371,12.5,0.7639,0.16417,0.15211,-0.0963,0.6482,1.0,-1.3814,0.0,0.0,True,1.1698,0.2164,0.2072,-0.2198,0.5576,1.0,-1.3858,0.0,0.0,True,both_converged
24371,13.0,0.7837,0.17228,0.16045,-0.0977,0.6103,1.0,-1.4228,0.0,0.0,True,1.1887,0.22292,0.21378,-0.2191,0.5105,1.0,-1.424,0.0,0.0,True,both_converged
24371,13.5,0.7962,0.17886,0.16718,-0.0985,0.5763,1.0,-1.443,0.0,0.0,True,1.2066,0.23016,0.22108,-0.2191,0.472,1.0,-1.4564,0.0,0.0,True,both_converged
24371,14.0,0.8192,0.18824,0.17673,-0.1004,0.5455,1.0,-1.4808,0.0,0.0,True,1.2246,0.238,0.22902,-0.2194,0.4372,1.0,-1.4976,0.0,0.0,True,both_converged
24371,14.5,0.8338,0.19562,0.18424,-0.1018,0.5188,1.0,-1.5019,0.0,0.0,True,1.2391,0.24508,0.23617,-0.2205,0.4088,1.0,-1.5241,0.0,0.0,True,both_converged
24371,15.0,0.8529,0.20416,0.19293,-0.1036,0.4932,1.0,-1.5258,0.0,0.0,True,1.2543,0.25254,0.24371,-0.2219,0.3823,1.0,-1.5509,0.0,0.0,True,both_converged
24371,15.5,0.8604,0.20916,0.19801,-0.1052,0.4715,1.0,-1.5266,0.0,0.0,True,1.2704,0.26075,0.25203,-0.2236,0.3602,1.0,-1.586,0.0,0.0,True,both_converged
24371,16.0,0.8775,0.21724,0.20618,-0.1073,0.4514,1.0,-1.5496,0.0,0.0,True,1.2876,0.26931,0.26071,-0.2255,0.3395,1.0,-1.6192,0.0,0.0,True,both_converged
24371,16.5,0.8937,0.22447,0.21351,-0.1095,0.4304,1.0,-1.5666,0.0,0.0,True,1.2985,0.27543,0.26688,-0.2285,0.322,1.0,-1.6301,0.0,0.0,True,both_converged
24371,17.0,0.9118,0.23303,0.22217,-0.1119,0.4135,1.0,-1.5812,0.0,0.0,True,1.3127,0.28258,0.27416,-0.2314,0.3055,1.0,-1.6585,0.0,0.0,True,both_converged
24371,17.5,0.9231,0.23831,0.2275,-0.1145,0.3954,1.0,-1.5911,0.0,0.0,True,1.3303,0.29213,0.28384,-0.2338,0.2902,1.0,-1.6951,0.0,0.0,True,both_converged
24371,18.0,0.9416,0.2464,0.23569,-0.117,0.3785,1.0,-1.6165,0.0,0.0,True,1.3459,0.30109,0.2929,-0.2367,0.2767,1.0,-1.7254,0.0,0.0,True,both_converged
24371,18.5,0.9613,0.25568,0.24506,-0.1196,0.3626,1.0,-1.6408,0.0,0.0,True,1.3599,0.30851,0.30043,-0.2403,0.2649,1.0,-1.8397,0.0,0.0,True,both_converged
24371,19.0,0.974,0.26129,0.25071,-0.1228,0.3487,1.0,-1.6416,0.0,0.0,True,1.3735,0.31542,0.30747,-0.2442,0.2532,1.0,-1.9519,0.0,0.0,True,both_converged
24371,19.5,0.988,0.26709,0.25656,-0.126,0.3337,1.0,-1.655,0.0,0.0,True,1.3879,0.3228,0.31497,-0.248,0.2418,1.0,-2.0658,0.0,0.0,True,both_converged
24371,20.0,1.0041,0.27387,0.26341,-0.1292,0.3186,1.0,-1.6775,0.0,0.0,True,1.4039,0.33198,0.32431,-0.2514,0.2313,1.0,-2.1885,0.0,0.0,True,both_converged
24371,20.5,1.0204,0.28092,0.27054,-0.1325,0.3058,1.0,-1.6955,0.0,0.0,True,1.4169,0.33642,0.32886,-0.2564,0.221,1.0,-2.2741,0.0,0.0,True,both_converged
24371,21.0,1.0376,0.28838,0.27807,-0.1357,0.2919,1.0,-1.7145,0.0,0.0,True,1.4301,0.34103,0.33357,-0.2617,0.2118,1.0,-2.3498,0.0,0.0,True,both_converged
24371,21.5,1.0544,0.29578,0.28553,-0.1391,0.2792,1.0,-1.7283,0.0,0.0,True,1.4441,0.3471,0.33975,-0.2667,0.2039,1.0,-2.4237,0.0,0.0,True,both_converged
24371,22.0,1.0694,0.30206,0.29186,-0.1429,0.2682,1.0,-1.7503,0.0,0.0,True,1.4589,0.35434,0.34711,-0.2712,0.1949,1.0,-2.5148,0.0,0.0,True,both_converged
24371,22.5,1.0855,0.30872,0.29859,-0.1466,0.2564,1.0,-1.7754,0.0,0.0,True,1.4745,0.36363,0.35654,-0.2752,0.187,1.0,-2.6051,0.0,0.0,True,both_converged
24371,23.0,1.1014,0.31515,0.30508,-0.1505,0.2449,1.0,-1.7964,0.0,0.0,True,1.4902,0.37331,0.36635,-0.2791,0.1777,1.0,-2.6848,0.0,0.0,True,both_converged
24371,23.5,1.1162,0.32078,0.31075,-0.1548,0.2354,1.0,-1.8071,0.0,0.0,True,1.5042,0.37884,0.37201,-0.2844,0.1689,1.0,-2.7212,0.0,0.0,True,both_converged
24371,24.0,1.1314,0.32707,0.31711,-0.159,0.2263,1.0,-1.8172,0.0,0.0,True,1.5174,0.3834,0.37666,-0.2904,0.1612,1.0,-2.7251,0.0,0.0,True,both_converged
24371,24.5,1.147,0.33358,0.32368,-0.1632,0.2166,1.0,-1.8317,0.0,0.0,True,1.5314,0.39027,0.3836,-0.2957,0.1535,1.0,-2.7259,0.0,0.0,True,both_converged
24371,25.0,1.1628,0.34066,0.33082,-0.1672,0.2073,1.0,-1.8644,0.0,0.0,True,1.5459,0.39849,0.39189,-0.3006,0.1465,1.0,-2.7198,0.0,0.0,True,both_converged
24371,25.5,1.1801,0.35014,0.3404,-0.1706,0.1984,1.0,-1.905,0.0,0.0,True,1.5606,0.40771,0.40119,-0.305,0.1387,1.0,-2.7129,0.0,0.0,True,both_converged
24371,26.0,1.1929,0.35329,0.34361,-0.1758,0.1901,1.0,-1.9119,0.0,0.0,True,1.5747,0.41532,0.40891,-0.31,0.1313,1.0,-2.6915,0.0,0.0,True,both_converged
24371,26.5,1.2061,0.35824,0.3486,-0.1809,0.1829,1.0,-1.9186,0.0,0.0,True,1.5876,0.41983,0.41346,-0.3165,0.1252,1.0,-2.6404,0.0,0.0,True,both_converged
24371,27.0,1.2206,0.36509,0.35552,-0.1853,0.1756,1.0,-1.9348,0.0,0.0,True,1.6011,0.42819,0.42186,-0.3215,0.1201,1.0,-2.6142,0.0,0.0,True,both_converged
24371,27.5,1.2366,0.37482,0.36534,-0.1888,0.1677,1.0,-1.9648,0.0,0.0,True,1.6147,0.43667,0.43045,-0.3261,0.1141,1.0,-2.5993,0.0,0.0,True,both_converged
24371,28.0,1.2483,0.37723,0.36782,-0.1946,0.1611,1.0,-1.9532,0.0,0.0,True,1.627,0.44162,0.43544,-0.3325,0.1101,1.0,-2.5511,0.0,0.0,True,both_converged
24371,28.5,1.2615,0.3837,0.37435,-0.1995,0.1561,1.0,-1.9728,0.0,0.0,True,1.64,0.453,0.4469,-0.3363,0.1048,1.0,-2.5569,0.0,0.0,True,both_converged
24371,29.0,1.277,0.39422,0.385,-0.2029,0.1489,1.0,-2.0226,0.0,0.0,True,1.6518,0.45565,0.44962,-0.3434,0.1007,1.0,-2.5042,0.0,0.0,True,both_converged
24371,29.5,1.2872,0.39524,0.38605,-0.2094,0.1434,1.0,-2.0128,0.0,0.0,True,,,,,,,,,,False,baseline_only
24371,30.0,1.3003,0.40287,0.39375,-0.2139,0.1383,1.0,-2.0377,0.0,0.0,True,,,,,,,,,,False,baseline_only
28694,-30.0,,,,,,,,,,False,-0.8807,0.36109,0.35047,0.0837,1.0,0.0575,-1.4502,0.0,0.0,True,optimised_only
28694,-29.5,-0.8777,0.35417,0.34375,0.0944,1.0,0.0768,-1.6381,0.0,0.0,True,-0.8667,0.35584,0.34516,0.0787,1.0,0.059,-1.4387,0.0,0.0,True,both_converged
28694,-29.0,-0.8628,0.34884,0.33837,0.0896,1.0,0.0795,-1.6153,0.0,0.0,True,-0.8523,0.35119,0.34045,0.0735,1.0,0.0604,-1.432,0.0,0.0,True,both_converged
28694,-28.5,-0.8483,0.34589,0.33537,0.084,1.0,0.0816,-1.6117,0.0,0.0,True,-0.8376,0.34759,0.3368,0.0682,1.0,0.0613,-1.4316,0.0,0.0,True,both_converged
28694,-28.0,-0.8329,0.33929,0.32875,0.0795,1.0,0.0833,-1.5825,0.0,0.0,True,-0.823,0.34179,0.33097,0.0634,1.0,0.0622,-1.4149,0.0,0.0,True,both_converged
28694,-27.5,-0.8171,0.33317,0.32259,0.075,1.0,0.0864,-1.5669,0.0,0.0,True,-0.8081,0.33511,0.32423,0.0591,1.0,0.064,-1.3815,0.0,0.0,True,both_converged
28694,-27.0,-0.8022,0.33056,0.31995,0.0695,1.0,0.089,-1.5805,0.0,0.0,True,-0.793,0.32977,0.31885,0.0544,1.0,0.066,-1.3581,0.0,0.0,True,both_converged
28694,-26.5,-0.7857,0.32289,0.31226,0.0654,1.0,0.0917,-1.5562,0.0,0.0,True,-0.7779,0.32539,0.31443,0.0494,1.0,0.0675,-1.3428,0.0,0.0,True,both_converged
28694,-26.0,-0.7696,0.31795,0.30728,0.0607,1.0,0.0955,-1.5451,0.0,0.0,True,-0.7629,0.3215,0.31054,0.0444,1.0,0.0682,-1.3318,0.0,0.0,True,both_converged
28694,-25.5,-0.7546,0.31467,0.30401,0.0555,1.0,0.0975,-1.5519,0.0,0.0,True,-0.7473,0.31331,0.30229,0.0408,1.0,0.0701,-1.3079,0.0,0.0,True,both_converged
28694,-25.0,-0.7369,0.30636,0.29566,0.0519,1.0,0.1011,-1.5132,0.0,0.0,True,-0.7316,0.30753,0.29647,0.0365,1.0,0.0722,-1.3014,0.0,0.0,True,both_converged
28694,-24.5,-0.7218,0.30281,0.2921,0.0469,1.0,0.1045,-1.5124,0.0,0.0,True,-0.7162,0.30283,0.29175,0.0321,1.0,0.074,-1.3065,0.0,0.0,True,both_converged
28694,-24.0,-0.7046,0.29523,0.28449,0.0431,1.0,0.1073,-1.4813,0.0,0.0,True,-0.7012,0.29968,0.28862,0.0272,1.0,0.0749,-1.3244,0.0,0.0,True,both_converged
28694,-23.5,-0.6884,0.29011,0.27935,0.0388,1.0,0.112,-1.4701,0.0,0.0,True,-0.6847,0.29087,0.27976,0.0241,1.0,0.0771,-1.2923,0.0,0.0,True,both_converged
28694,-23.0,-0.6719,0.28382,0.27307,0.0347,1.0,0.1153,-1.4656,0.0,0.0,True,-0.6688,0.2852,0.27408,0.0203,1.0,0.0797,-1.2824,0.0,0.0,True,both_converged
28694,-22.5,-0.6557,0.27866,0.26788,0.0306,1.0,0.1206,-1.462,0.0,0.0,True,-0.6537,0.28134,0.27022,0.0159,1.0,0.0816,-1.2902,0.0,0.0,True,both_converged
28694,-22.0,-0.6388,0.27196,0.26119,0.0268,1.0,0.1241,-1.451,0.0,0.0,True,-0.6376,0.27437,0.26325,0.0126,1.0,0.0835,-1.2711,0.0,0.0,True,both_converged
28694,-21.5,-0.6229,0.26686,0.25608,0.0228,1.0,0.1294,-1.4452,0.0,0.0,True,-0.6216,0.26834,0.25721,0.0093,1.0,0.0867,-1.2518,0.0,0.0,True,both_converged
28694,-21.0,-0.6058,0.25996,0.24917,0.0193,1.0,0.1332,-1.4281,0.0,0.0,True,-0.6071,0.26467,0.25356,0.0053,1.0,0.0891,-1.2562,0.0,0.0,True,both_converged
28694,-20.5,-0.5913,0.25569,0.24491,0.0152,1.0,0.1389,-1.4249,0.0,0.0,True,-0.5909,0.25743,0.24633,0.0025,1.0,0.0913,-1.2293,0.0,0.0,True,both_converged
28694,-20.0,-0.5727,0.24778,0.237,0.0123,1.0,0.1446,-1.3909,0.0,0.0,True,-0.5753,0.25173,0.24064,-0.0005,1.0,0.0948,-1.2235,0.0,0.0,True,both_converged
28694,-19.5,-0.5589,0.24308,0.23235,0.0085,1.0,0.15,-1.3866,0.0,0.0,True,-0.5624,0.24869,0.23765,-0.0042,1.0,0.0969,-1.25,0.0,0.0,True,both_converged
28694,-19.0,-0.5431,0.2374,0.22665,0.0053,1.0,0.1574,-1.3835,0.0,0.0,True,-0.5455,0.24057,0.22956,-0.0063,1.0,0.1,-1.2293,0.0,0.0,True,both_converged
28694,-18.5,-0.525,0.2298,0.21906,0.0026,1.0,0.1633,-1.3678,0.0,0.0,True,-0.5315,0.23576,0.22476,-0.009,1.0,0.1038,-1.2361,0.0,0.0,True,both_converged
28694,-18.0,-0.5128,0.22535,0.21466,-0.0009,1.0,0.1691,-1.3793,0.0,0.0,True,-0.5181,0.23068,0.21975,-0.0116,1.0,0.106,-1.2459,0.0,0.0,True,both_converged
28694,-17.5,-0.4984,0.2199,0.2092,-0.0038,1.0,0.1774,-1.3724,0.0,0.0,True,-0.503,0.22426,0.21336,-0.0135,1.0,0.1105,-1.2333,0.0,0.0,True,both_converged
28694,-17.0,-0.4809,0.21258,0.2019,-0.0061,1.0,0.1864,-1.3487,0.0,0.0,True,,,,,,,,,,False,baseline_only
28694,-16.5,-0.4651,0.20595,0.1953,-0.0085,1.0,0.1952,-1.3292,0.0,0.0,True,-0.477,0.21353,0.20274,-0.0173,1.0,0.1185,-1.2336,0.0,0.0,True,both_converged
28694,-16.0,-0.4506,0.19973,0.18911,-0.0108,1.0,0.2036,-1.3126,0.0,0.0,True,-0.4692,0.21095,0.20027,-0.0195,1.0,0.1219,-1.2615,0.0,0.0,True,both_converged
28694,-15.5,-0.4381,0.19402,0.18343,-0.0132,1.0,0.2124,-1.3091,0.0,0.0,True,-0.4538,0.20327,0.19265,-0.0202,1.0,0.1278,-1.2334,0.0,0.0,True,both_converged
28694,-15.0,-0.4258,0.18825,0.17771,-0.0152,1.0,0.2226,-1.3108,0.0,0.0,True,-0.4452,0.19913,0.1886,-0.0216,1.0,0.1315,-1.2462,0.0,0.0,True,both_converged
28694,-14.5,-0.4115,0.18185,0.17135,-0.0168,1.0,0.235,-1.3009,0.0,0.0,True,-0.4337,0.19339,0.18293,-0.0221,1.0,0.1377,-1.2336,0.0,0.0,True,both_converged
28694,-14.0,-0.3982,0.17567,0.1652,-0.0183,1.0,0.2481,-1.2906,0.0,0.0,True,-0.4245,0.18825,0.1779,-0.0228,1.0,0.1417,-1.2334,0.0,0.0,True,both_converged
28694,-13.5,-0.3866,0.16976,0.15934,-0.0197,1.0,0.2611,-1.2816,0.0,0.0,True,-0.4175,0.18415,0.17391,-0.0233,1.0,0.1479,-1.2367,0.0,0.0,True,both_converged
28694,-13.0,-0.3777,0.16437,0.15401,-0.0208,1.0,0.275,-1.2758,0.0,0.0,True,-0.4068,0.17798,0.16785,-0.0231,1.0,0.1532,-1.2201,0.0,0.0,True,both_converged
28694,-12.5,-0.3733,0.15969,0.14943,-0.0218,1.0,0.2896,-1.2769,0.0,0.0,True,-0.4071,0.17614,0.16614,-0.0236,1.0,0.1583,-1.2481,0.0,0.0,True,both_converged
28694,-12.0,-0.3541,0.15196,0.14172,-0.0221,1.0,0.3098,-1.2493,0.0,0.0,True,-0.395,0.16908,0.15918,-0.0227,1.0,0.1664,-1.2272,0.0,0.0,True,both_converged
28694,-11.5,-0.3491,0.14684,0.1367,-0.0224,1.0,0.3269,-1.257,0.0,0.0,True,-0.3878,0.1637,0.15393,-0.0219,1.0,0.1734,-1.2341,0.0,0.0,True,both_converged
28694,-11.0,-0.3372,0.14065,0.13057,-0.0222,1.0,0.3488,-1.2429,0.0,0.0,True,-0.3849,0.15954,0.14993,-0.0211,1.0,0.1804,-1.2542,0.0,0.0,True,both_converged
28694,-10.5,-0.3271,0.13472,0.12473,-0.0215,1.0,0.3742,-1.2273,0.0,0.0,True,-0.388,0.15732,0.14787,-0.0201,1.0,0.1881,-1.2882,0.0,0.0,True,both_converged
28694,-10.0,-0.3232,0.12976,0.11989,-0.0202,1.0,0.4013,-1.219,0.0,0.0,True,-0.3808,0.15144,0.1421,-0.0184,1.0,0.1977,-1.2859,0.0,0.0,True,both_converged
28694,-9.5,-0.3037,0.12229,0.11248,-0.019,1.0,0.4316,-1.1805,0.0,0.0,True,-0.3755,0.14607,0.13687,-0.0166,1.0,0.2065,-1.2879,0.0,0.0,True,both_converged
28694,-9.0,,,,,,,,,,False,-0.3733,0.14144,0.1324,-0.0146,1.0,0.2149,-1.2971,0.0,0.0,True,optimised_only
28694,-8.5,-0.2801,0.11074,0.10114,-0.0139,1.0,0.5172,-1.1416,0.0,0.0,True,,,,,,,,,,False,baseline_only
28694,-8.0,-0.2652,0.1048,0.09529,-0.0107,1.0,0.5705,-1.111,0.0,0.0,True,,,,,,,,,,False,baseline_only
28694,-7.5,-0.2381,0.09788,0.08842,-0.0076,1.0,0.6478,-1.057,0.0,0.0,True,-0.378,0.12934,0.12081,-0.0069,1.0,0.2458,-1.33,0.0,0.0,True,both_converged
28694,-7.0,-0.1918,0.08944,0.07995,-0.0067,1.0,0.7572,-1.0,0.0,0.0,True,-0.3806,0.12519,0.11683,-0.0036,1.0,0.2587,-1.3341,0.0,0.0,True,both_converged
28694,-6.5,0.016,0.06612,0.05591,-0.0425,1.0,1.0,-0.8118,0.0,0.0,True,-0.3854,0.12132,0.11314,0.0,1.0,0.2722,-1.3398,0.0,0.0,True,both_converged
28694,-6.0,0.0267,0.06234,0.05221,-0.0424,1.0,1.0,-0.8065,0.0,0.0,True,-0.3883,0.11756,0.10956,0.0024,1.0,0.287,-1.347,0.0,0.0,True,both_converged
28694,-5.5,-0.0498,0.06573,0.05608,-0.022,1.0,0.9427,-0.8708,0.0,0.0,True,-0.3884,0.11371,0.1059,0.0034,1.0,0.3016,-1.3548,0.0,0.0,True,both_converged
28694,-5.0,-0.2492,0.07547,0.06682,0.0094,1.0,0.7159,-1.074,0.0,0.0,True,-0.3773,0.1073,0.09961,0.0058,1.0,0.3213,-1.3255,0.0,0.0,True,both_converged
28694,-4.5,-0.4292,0.07169,0.0636,-0.0102,1.0,0.3618,-1.5655,0.0,0.0,True,-0.3676,0.10193,0.09438,0.0069,1.0,0.3446,-1.3044,0.0,0.0,True,both_converged
28694,-4.0,-0.3887,0.06022,0.05146,-0.0271,1.0,0.3112,-1.658,0.0,0.0,True,-0.3547,0.09692,0.08949,0.0068,1.0,0.3743,-1.2841,0.0,0.0,True,both_converged
28694,-3.5,-0.3402,0.05256,0.04315,-0.035,1.0,0.31,-1.6325,0.0,0.0,True,-0.3372,0.0907,0.08338,0.0076,1.0,0.4053,-1.2689,0.0,0.0,True,both_converged
28694,-3.0,-0.2841,0.04666,0.03646,-0.0413,1.0,0.3247,-1.5728,0.0,0.0,True,-0.3164,0.08458,0.07738,0.0082,1.0,0.4459,-1.2455,0.0,0.0,True,both_converged
28694,-2.5,-0.2321,0.04274,0.03199,-0.0442,1.0,0.3529,-1.474,0.0,0.0,True,-0.2937,0.07877,0.07169,0.0088,1.0,0.507,-1.2134,0.0,0.0,True,both_converged
28694,-2.0,-0.1815,0.04,0.02881,-0.0458,1.0,0.3943,-1.3635,0.0,0.0,True,-0.2787,0.07194,0.065,0.0144,1.0,0.5857,-1.1724,0.0,0.0,True,both_converged
28694,-1.5,-0.1303,0.0381,0.02658,-0.0469,1.0,0.4568,-1.243,0.0,0.0,True,-0.2903,0.06374,0.05701,0.0306,1.0,0.7117,-1.1392,0.0,0.0,True,both_converged
28694,-1.0,-0.0838,0.03665,0.02534,-0.0463,1.0,0.5538,-1.1277,0.0,0.0,True,-0.284,0.05537,0.04877,0.0403,1.0,0.8062,-1.1066,0.0,0.0,True,both_converged
28694,-0.5,-0.0536,0.03451,0.02457,-0.0398,1.0,0.7719,-1.0364,0.0,0.0,True,-0.2472,0.04888,0.04233,0.0376,1.0,0.8479,-1.0748,0.0,0.0,True,both_converged
28694,0.0,0.0022,0.03479,0.02343,-0.0466,1.0,1.0,-0.9337,0.0,0.0,True,0.3807,0.04518,0.03567,-0.1257,1.0,0.4699,-0.6941,0.0,0.0,True,both_converged
28694,0.5,0.0415,0.03672,0.02459,-0.0476,1.0,1.0,-0.8131,0.0,0.0,True,0.4729,0.04312,0.03328,-0.1339,1.0,0.5697,-0.8085,0.0,0.0,True,both_converged
28694,1.0,0.0781,0.03885,0.02617,-0.0483,1.0,1.0,-0.7009,0.0,0.0,True,0.5563,0.04156,0.03162,-0.1399,1.0,0.6773,-0.9224,0.0,0.0,True,both_converged
28694,1.5,0.1132,0.04118,0.0281,-0.0489,1.0,1.0,-0.5984,0.0,0.0,True,0.6322,0.04005,0.03047,-0.1442,1.0,0.8014,-1.0352,0.0,0.0,True,both_converged
28694,2.0,0.1472,0.04371,0.0303,-0.0496,1.0,1.0,-0.5056,0.0,0.0,True,0.6974,0.03985,0.03094,-0.1477,1.0,1.0,-1.1284,0.0,0.0,True,both_converged
28694,2.5,0.1802,0.04643,0.03278,-0.0502,1.0,1.0,-0.5151,0.0,0.0,True,0.9814,0.03217,0.02023,-0.1757,0.4941,1.0,-1.4609,0.0,0.0,True,both_converged
28694,3.0,0.2122,0.04936,0.03552,-0.051,1.0,1.0,-0.532,0.0,0.0,True,1.0791,0.03614,0.02291,-0.1824,0.4389,1.0,-1.6117,0.0,0.0,True,both_converged
28694,3.5,0.2433,0.05249,0.03851,-0.0518,1.0,1.0,-0.5497,0.0,0.0,True,1.175,0.04005,0.02658,-0.189,0.4054,1.0,-1.7692,0.0,0.0,True,both_converged
28694,4.0,0.2734,0.05583,0.04177,-0.0527,1.0,1.0,-0.5682,0.0,0.0,True,1.2539,0.0443,0.03105,-0.1928,0.3837,1.0,-1.9104,0.0,0.0,True,both_converged
28694,4.5,0.3026,0.05938,0.04528,-0.0536,1.0,1.0,-0.5878,0.0,0.0,True,1.3146,0.04907,0.03634,-0.1935,0.3692,1.0,-2.0255,0.0,0.0,True,both_converged
28694,5.0,0.3308,0.06316,0.04904,-0.0546,1.0,1.0,-0.609,0.0,0.0,True,1.3637,0.05462,0.04249,-0.1927,0.3592,1.0,-2.1242,0.0,0.0,True,both_converged
28694,5.5,0.3581,0.06718,0.05309,-0.0557,1.0,1.0,-0.6326,0.0,0.0,True,1.4039,0.06093,0.04947,-0.191,0.353,1.0,-2.2058,0.0,0.0,True,both_converged
28694,6.0,0.3844,0.07145,0.05742,-0.0569,1.0,1.0,-0.6591,0.0,0.0,True,1.4299,0.06827,0.05763,-0.1884,0.3537,1.0,-2.2516,0.0,0.0,True,both_converged
28694,6.5,0.4097,0.07596,0.06202,-0.0582,1.0,1.0,-0.689,0.0,0.0,True,1.4369,0.07708,0.06728,-0.185,0.3589,1.0,-2.254,0.0,0.0,True,both_converged
28694,7.0,0.4338,0.08075,0.06692,-0.0597,1.0,1.0,-0.7225,0.0,0.0,True,1.4299,0.08807,0.07894,-0.1828,0.3756,1.0,-2.2191,0.0,0.0,True,both_converged
28694,7.5,0.4721,0.08717,0.07352,-0.0644,0.9923,1.0,-0.7746,0.0,0.0,True,1.3038,0.10727,0.09863,-0.183,0.4275,1.0,-1.9014,0.0,0.0,True,both_converged
28694,8.0,0.5299,0.09561,0.08224,-0.0734,0.9559,1.0,-0.8553,0.0,0.0,True,0.9692,0.14675,0.13798,-0.2117,0.8446,1.0,-1.1257,0.0,0.0,True,both_converged
28694,8.5,0.5701,0.10268,0.08961,-0.0784,0.9164,1.0,-0.9263,0.0,0.0,True,0.9858,0.1554,0.14665,-0.2139,0.8426,1.0,-1.1346,0.0,0.0,True,both_converged
28694,9.0,0.606,0.10976,0.09696,-0.0823,0.8752,1.0,-0.9997,0.0,0.0,True,1.0077,0.16283,0.15408,-0.2152,0.8095,1.0,-1.1564,0.0,0.0,True,both_converged
28694,9.5,0.646,0.11779,0.1053,-0.0866,0.8317,1.0,-1.0855,0.0,0.0,True,1.0367,0.17017,0.16146,-0.2164,0.7608,1.0,-1.1867,0.0,0.0,True,both_converged
28694,10.0,0.6697,0.12435,0.11213,-0.088,0.7879,1.0,-1.1492,0.0,0.0,True,1.07,0.17756,0.16887,-0.2169,0.7017,1.0,-1.2358,0.0,0.0,True,both_converged
28694,10.5,0.6959,0.1316,0.11965,-0.0897,0.7423,1.0,-1.2162,0.0,0.0,True,1.0981,0.18429,0.17562,-0.2161,0.6428,1.0,-1.2772,0.0,0.0,True,both_converged
28694,11.0,0.7226,0.1394,0.12775,-0.0914,0.6965,1.0,-1.2854,0.0,0.0,True,1.1283,0.19149,0.18289,-0.2147,0.5811,1.0,-1.3345,0.0,0.0,True,both_converged
28694,11.5,0.7538,0.14818,0.13679,-0.0933,0.6494,1.0,-1.36,0.0,0.0,True,1.1529,0.19875,0.19018,-0.2133,0.529,1.0,-1.3822,0.0,0.0,True,both_converged
28694,12.0,0.7675,0.15509,0.1439,-0.0935,0.6099,1.0,-1.3959,0.0,0.0,True,1.1842,0.20793,0.19946,-0.212,0.4799,1.0,-1.448,0.0,0.0,True,both_converged
28694,12.5,0.7875,0.16316,0.15219,-0.0944,0.5715,1.0,-1.4406,0.0,0.0,True,1.1974,0.21457,0.20615,-0.2112,0.442,1.0,-1.4812,0.0,0.0,True,both_converged
28694,13.0,0.7952,0.16945,0.15863,-0.0948,0.5394,1.0,-1.4563,0.0,0.0,True,1.206,0.22086,0.21245,-0.2115,0.4102,1.0,-1.4975,0.0,0.0,True,both_converged
28694,13.5,0.8177,0.17827,0.16763,-0.0962,0.5079,1.0,-1.4941,0.0,0.0,True,1.2202,0.22819,0.21987,-0.212,0.3809,1.0,-1.5291,0.0,0.0,True,both_converged
28694,14.0,0.8308,0.18569,0.17517,-0.0974,0.4819,1.0,-1.5166,0.0,0.0,True,1.2335,0.23587,0.2276,-0.2135,0.3589,1.0,-1.5559,0.0,0.0,True,both_converged
28694,14.5,0.8396,0.19228,0.18187,-0.0989,0.4598,1.0,-1.5224,0.0,0.0,True,1.2519,0.24502,0.23683,-0.2145,0.3368,1.0,-1.5927,0.0,0.0,True,both_converged
28694,15.0,0.8581,0.2009,0.1906,-0.1008,0.4389,1.0,-1.5431,0.0,0.0,True,1.2601,0.25071,0.24258,-0.2172,0.3179,1.0,-1.6024,0.0,0.0,True,both_converged
28694,15.5,0.8717,0.20785,0.19764,-0.1026,0.4174,1.0,-1.5616,0.0,0.0,True,1.2833,0.2625,0.25452,-0.2181,0.301,1.0,-1.6604,0.0,0.0,True,both_converged
28694,16.0,0.8876,0.21592,0.20579,-0.1048,0.4,1.0,-1.5803,0.0,0.0,True,1.2881,0.26643,0.25847,-0.2222,0.2865,1.0,-1.6506,0.0,0.0,True,both_converged
28694,16.5,0.8984,0.22196,0.21191,-0.1072,0.3826,1.0,-1.582,0.0,0.0,True,1.3005,0.27333,0.26545,-0.2256,0.2734,1.0,-1.6657,0.0,0.0,True,both_converged
28694,17.0,0.9207,0.23139,0.22145,-0.1092,0.364,1.0,-1.6144,0.0,0.0,True,1.3139,0.28045,0.27268,-0.229,0.2604,1.0,-1.689,0.0,0.0,True,both_converged
28694,17.5,0.9354,0.23893,0.22904,-0.1119,0.3498,1.0,-1.6322,0.0,0.0,True,1.3279,0.28775,0.28008,-0.2324,0.2478,1.0,-1.7094,0.0,0.0,True,both_converged
28694,18.0,0.9453,0.24394,0.23408,-0.115,0.3342,1.0,-1.6332,0.0,0.0,True,1.3421,0.29527,0.28769,-0.2362,0.2381,1.0,-1.7369,0.0,0.0,True,both_converged
28694,18.5,0.9603,0.25079,0.241,-0.118,0.32,1.0,-1.6432,0.0,0.0,True,1.3567,0.30286,0.29538,-0.2399,0.2278,1.0,-1.8581,0.0,0.0,True,both_converged
28694,19.0,0.9774,0.2582,0.24847,-0.1208,0.3044,1.0,-1.6584,0.0,0.0,True,1.3719,0.31089,0.30354,-0.2436,0.2181,1.0,-1.9821,0.0,0.0,True,both_converged
28694,19.5,0.9947,0.26593,0.25627,-0.1237,0.2911,1.0,-1.6883,0.0,0.0,True,1.3896,0.32163,0.31442,-0.2463,0.209,1.0,-2.1278,0.0,0.0,True,both_converged
28694,20.0,1.0121,0.27389,0.26429,-0.1267,0.2782,1.0,-1.7151,0.0,0.0,True,1.4033,0.32721,0.32012,-0.2509,0.1994,1.0,-2.2273,0.0,0.0,True,both_converged
28694,20.5,1.0306,0.28303,0.27351,-0.1295,0.2653,1.0,-1.7436,0.0,0.0,True,1.4156,0.33106,0.32407,-0.2568,0.1916,1.0,-2.2968,0.0,0.0,True,both_converged
28694,21.0,1.0461,0.28996,0.28051,-0.133,0.2539,1.0,-1.7557,0.0,0.0,True,1.4302,0.33797,0.33108,-0.2616,0.1848,1.0,-2.3841,0.0,0.0,True,both_converged
28694,21.5,1.061,0.29643,0.28702,-0.1367,0.2426,1.0,-1.7702,0.0,0.0,True,1.4459,0.34677,0.34001,-0.2654,0.1768,1.0,-2.4997,0.0,0.0,True,both_converged
28694,22.0,1.0771,0.30395,0.29459,-0.1402,0.2312,1.0,-1.8009,0.0,0.0,True,1.4621,0.35624,0.34966,-0.2691,0.1685,1.0,-2.6131,0.0,0.0,True,both_converged
28694,22.5,1.0906,0.30868,0.29937,-0.1445,0.2208,1.0,-1.8141,0.0,0.0,True,1.4747,0.35931,0.35279,-0.2756,0.1611,1.0,-2.6496,0.0,0.0,True,both_converged
28694,23.0,1.1036,0.31275,0.30347,-0.1493,0.2117,1.0,-1.817,0.0,0.0,True,1.4889,0.36606,0.35964,-0.2808,0.1544,1.0,-2.6972,0.0,0.0,True,both_converged
28694,23.5,1.1182,0.31842,0.30918,-0.1538,0.2024,1.0,-1.8263,0.0,0.0,True,1.504,0.37507,0.36874,-0.2852,0.1474,1.0,-2.7454,0.0,0.0,True,both_converged
28694,24.0,1.1333,0.32449,0.3153,-0.1581,0.1931,1.0,-1.8356,0.0,0.0,True,1.5196,0.38528,0.37907,-0.289,0.1392,1.0,-2.7849,0.0,0.0,True,both_converged
28694,24.5,1.1487,0.33129,0.32215,-0.1623,0.1853,1.0,-1.8573,0.0,0.0,True,1.5333,0.39006,0.38394,-0.295,0.1316,1.0,-2.7644,0.0,0.0,True,both_converged
28694,25.0,1.1663,0.3405,0.33143,-0.1656,0.1776,1.0,-1.9032,0.0,0.0,True,1.5469,0.39567,0.38959,-0.3011,0.1248,1.0,-2.7247,0.0,0.0,True,both_converged
28694,25.5,1.1803,0.34534,0.33636,-0.1704,0.1692,1.0,-1.9209,0.0,0.0,True,1.5611,0.40338,0.39735,-0.3064,0.1192,1.0,-2.6911,0.0,0.0,True,both_converged
28694,26.0,1.193,0.34964,0.34068,-0.1757,0.1619,1.0,-1.9243,0.0,0.0,True,1.5755,0.41298,0.40703,-0.3107,0.1126,1.0,-2.6767,0.0,0.0,True,both_converged
28694,26.5,1.2073,0.35609,0.34718,-0.1803,0.1554,1.0,-1.9387,0.0,0.0,True,1.5891,0.41857,0.41268,-0.3167,0.1068,1.0,-2.6309,0.0,0.0,True,both_converged
28694,27.0,1.2242,0.36658,0.35777,-0.1835,0.1486,1.0,-1.9798,0.0,0.0,True,1.6023,0.42548,0.41963,-0.3224,0.1027,1.0,-2.5875,0.0,0.0,True,both_converged
28694,27.5,1.2352,0.36835,0.35959,-0.1898,0.1428,1.0,-1.9579,0.0,0.0,True,,,,,,,,,,False,baseline_only
28694,28.0,1.2491,0.37549,0.36679,-0.1943,0.1379,1.0,-1.9718,0.0,0.0,True,,,,,,,,,,False,baseline_only
28694,28.5,1.264,0.38385,0.37524,-0.1982,0.131,1.0,-2.0183,0.0,0.0,True,,,,,,,,,,False,baseline_only
28694,29.0,1.2749,0.38668,0.37812,-0.2045,0.126,1.0,-2.0115,0.0,0.0,True,,,,,,,,,,False,baseline_only
28694,29.5,1.2891,0.39593,0.38744,-0.2083,0.1213,1.0,-2.0526,0.0,0.0,True,,,,,,,,,,False,baseline_only
28694,30.0,1.3002,0.39908,0.39066,-0.2145,0.1165,1.0,-2.0456,0.0,0.0,True,1.6763,0.46859,0.46315,-0.3549,0.0803,1.0,-2.4629,0.0,0.0,True,both_converged
33222,-30.0,-0.8918,0.35775,0.34807,0.1,1.0,0.0649,-1.6536,0.0,0.0,True,,,,,,,,,,False,baseline_only
33222,-29.5,-0.8774,0.35347,0.34375,0.0946,1.0,0.0672,-1.6473,0.0,0.0,True,,,,,,,,,,False,baseline_only
33222,-29.0,-0.8631,0.3503,0.34058,0.089,1.0,0.0683,-1.6507,0.0,0.0,True,,,,,,,,,,False,baseline_only
33222,-28.5,-0.8475,0.34233,0.33254,0.0849,1.0,0.0706,-1.6039,0.0,0.0,True,-0.4925,0.26611,0.2578,0.0128,1.0,0.0579,-0.7169,0.0,0.0,True,both_converged
33222,-28.0,-0.8322,0.33733,0.3275,0.08,1.0,0.0731,-1.5813,0.0,0.0,True,-0.4838,0.26069,0.25232,0.0098,1.0,0.0595,-0.7139,0.0,0.0,True,both_converged
33222,-27.5,,,,,,,,,,False,-0.4754,0.25582,0.24741,0.0069,1.0,0.0609,-0.7151,0.0,0.0,True,optimised_only
33222,-27.0,-0.8011,0.32694,0.31706,0.0702,1.0,0.0766,-1.572,0.0,0.0,True,,,,,,,,,,False,baseline_only
33222,-26.5,-0.7849,0.32137,0.31145,0.0657,1.0,0.0796,-1.5575,0.0,0.0,True,,,,,,,,,,False,baseline_only
33222,-26.0,,,,,,,,,,False,-0.7612,0.31747,0.30722,0.0452,1.0,0.0596,-1.3117,0.0,0.0,True,optimised_only
33222,-25.5,-0.7525,0.31062,0.30066,0.0564,1.0,0.0847,-1.5372,0.0,0.0,True,-0.7458,0.31277,0.3025,0.0404,1.0,0.061,-1.3157,0.0,0.0,True,both_converged
33222,-25.0,-0.7364,0.3058,0.29582,0.0517,1.0,0.0882,-1.5272,0.0,0.0,True,,,,,,,,,,False,baseline_only
33222,-24.5,-0.7209,0.30115,0.29119,0.0469,1.0,0.09,-1.5259,0.0,0.0,True,,,,,,,,,,False,baseline_only
33222,-24.0,-0.7032,0.29354,0.28352,0.0433,1.0,0.0935,-1.4845,0.0,0.0,True,,,,,,,,,,False,baseline_only
33222,-23.5,-0.6881,0.28985,0.27983,0.0383,1.0,0.0966,-1.4874,0.0,0.0,True,,,,,,,,,,False,baseline_only
33222,-23.0,-0.6704,0.28207,0.27205,0.0347,1.0,0.0994,-1.4696,0.0,0.0,True,,,,,,,,,,False,baseline_only
33222,-22.5,-0.6544,0.27701,0.26696,0.0304,1.0,0.1039,-1.4697,0.0,0.0,True,,,,,,,,,,False,baseline_only
33222,-22.0,-0.6375,0.27043,0.26039,0.0266,1.0,0.1072,-1.4593,0.0,0.0,True,-0.6351,0.27237,0.26199,0.0125,1.0,0.0719,-1.268,0.0,0.0,True,both_converged
33222,-21.5,-0.6215,0.26527,0.25522,0.0225,1.0,0.1122,-1.4545,0.0,0.0,True,-0.6197,0.26764,0.25726,0.0087,1.0,0.0741,-1.2668,0.0,0.0,True,both_converged
33222,-21.0,-0.6046,0.25856,0.24851,0.0189,1.0,0.1154,-1.44,0.0,0.0,True,-0.6047,0.26264,0.2523,0.005,1.0,0.0754,-1.2651,0.0,0.0,True,both_converged
33222,-20.5,-0.5885,0.25313,0.24308,0.0151,1.0,0.1205,-1.4283,0.0,0.0,True,-0.5881,0.25552,0.24516,0.0022,1.0,0.0783,-1.2298,0.0,0.0,True,both_converged
33222,-20.0,-0.5719,0.2465,0.23647,0.0117,1.0,0.124,-1.4098,0.0,0.0,True,-0.5733,0.25084,0.2405,-0.0012,1.0,0.0811,-1.2327,0.0,0.0,True,both_converged
33222,-19.5,-0.5574,0.24186,0.23184,0.0079,1.0,0.1298,-1.4012,0.0,0.0,True,-0.5588,0.24567,0.23538,-0.0044,1.0,0.0827,-1.2452,0.0,0.0,True,both_converged
33222,-19.0,-0.539,0.23418,0.22415,0.0051,1.0,0.1353,-1.3794,0.0,0.0,True,-0.5427,0.23889,0.22861,-0.0067,1.0,0.0859,-1.2291,0.0,0.0,True,both_converged
33222,-18.5,-0.5262,0.22959,0.21961,0.0013,1.0,0.1405,-1.3962,0.0,0.0,True,-0.5292,0.23458,0.22433,-0.0097,1.0,0.0887,-1.2458,0.0,0.0,True,both_converged
33222,-18.0,-0.5096,0.22321,0.21322,-0.0015,1.0,0.1475,-1.3832,0.0,0.0,True,-0.5148,0.22854,0.21835,-0.0121,1.0,0.0907,-1.2465,0.0,0.0,True,both_converged
33222,-17.5,-0.4927,0.21614,0.20616,-0.0042,1.0,0.1529,-1.3677,0.0,0.0,True,-0.5002,0.22258,0.21242,-0.0141,1.0,0.0944,-1.2376,0.0,0.0,True,both_converged
33222,-17.0,-0.4838,0.21267,0.20275,-0.0078,1.0,0.1586,-1.389,0.0,0.0,True,-0.4899,0.21951,0.20942,-0.0168,1.0,0.0969,-1.2677,0.0,0.0,True,both_converged
33222,-16.5,-0.467,0.20568,0.19576,-0.01,1.0,0.1673,-1.363,0.0,0.0,True,-0.4742,0.2118,0.20175,-0.0179,1.0,0.1003,-1.2419,0.0,0.0,True,both_converged
33222,-16.0,-0.4502,0.19855,0.18865,-0.0122,1.0,0.1758,-1.3347,0.0,0.0,True,-0.4637,0.20763,0.19765,-0.0198,1.0,0.1042,-1.2545,0.0,0.0,True,both_converged
33222,-15.5,-0.4352,0.19201,0.18214,-0.0143,1.0,0.1838,-1.3167,0.0,0.0,True,-0.4513,0.20157,0.19167,-0.0209,1.0,0.1073,-1.2469,0.0,0.0,True,both_converged
33222,-15.0,-0.423,0.18614,0.17631,-0.0166,1.0,0.1915,-1.3224,0.0,0.0,True,-0.4417,0.19721,0.18738,-0.0222,1.0,0.1123,-1.2527,0.0,0.0,True,both_converged
33222,-14.5,-0.4138,0.18099,0.17121,-0.0188,1.0,0.2001,-1.3333,0.0,0.0,True,-0.4306,0.19131,0.18158,-0.0228,1.0,0.116,-1.2434,0.0,0.0,True,both_converged
33222,-14.0,-0.4021,0.17505,0.16532,-0.0205,1.0,0.2107,-1.3292,0.0,0.0,True,-0.4239,0.18765,0.17801,-0.0237,1.0,0.1211,-1.2562,0.0,0.0,True,both_converged
33222,-13.5,-0.388,0.1684,0.15871,-0.0218,1.0,0.2227,-1.312,0.0,0.0,True,-0.4125,0.18126,0.17172,-0.0237,1.0,0.1255,-1.237,0.0,0.0,True,both_converged
33222,-13.0,-0.3758,0.16216,0.15252,-0.0231,1.0,0.2347,-1.2974,0.0,0.0,True,-0.4095,0.17844,0.16902,-0.0243,1.0,0.1302,-1.2599,0.0,0.0,True,both_converged
33222,-12.5,-0.3645,0.15604,0.14645,-0.0241,1.0,0.247,-1.2818,0.0,0.0,True,-0.3977,0.17157,0.16224,-0.0237,1.0,0.1355,-1.2302,0.0,0.0,True,both_converged
33222,-12.0,-0.3549,0.15028,0.14075,-0.0249,1.0,0.2618,-1.2758,0.0,0.0,True,,,,,,,,,,False,baseline_only
33222,-11.5,-0.3567,0.14646,0.13703,-0.0256,1.0,0.2769,-1.3016,0.0,0.0,True,,,,,,,,,,False,baseline_only
33222,-11.0,-0.3355,0.13832,0.12894,-0.0255,1.0,0.2951,-1.2657,0.0,0.0,True,,,,,,,,,,False,baseline_only
33222,-10.5,-0.3369,0.13413,0.12487,-0.0254,1.0,0.3126,-1.2798,0.0,0.0,True,-0.386,0.15543,0.14662,-0.0209,1.0,0.158,-1.2974,0.0,0.0,True,both_converged
33222,-10.0,-0.321,0.12712,0.11793,-0.0246,1.0,0.3345,-1.2468,0.0,0.0,True,-0.3785,0.14946,0.14077,-0.0191,1.0,0.1663,-1.2912,0.0,0.0,True,both_converged
33222,-9.5,-0.3136,0.12153,0.11245,-0.0233,1.0,0.3597,-1.227,0.0,0.0,True,-0.375,0.14453,0.13598,-0.0172,1.0,0.1736,-1.2978,0.0,0.0,True,both_converged
33222,-9.0,-0.3081,0.11618,0.10722,-0.0214,1.0,0.3857,-1.2179,0.0,0.0,True,-0.376,0.14064,0.13225,-0.0154,1.0,0.1807,-1.3174,0.0,0.0,True,both_converged
33222,-8.5,-0.3115,0.11194,0.10316,-0.0185,1.0,0.414,-1.2232,0.0,0.0,True,-0.3858,0.13896,0.13075,-0.0133,1.0,0.1881,-1.357,0.0,0.0,True,both_converged
33222,-8.0,-0.3029,0.1064,0.09774,-0.015,1.0,0.453,-1.1992,0.0,0.0,True,-0.3812,0.13336,0.12529,-0.0107,1.0,0.1975,-1.3502,0.0,0.0,True,both_converged
33222,-7.5,-0.2884,0.10023,0.09167,-0.0114,1.0,0.4963,-1.1624,0.0,0.0,True,-0.3801,0.12849,0.12057,-0.0079,1.0,0.2062,-1.3507,0.0,0.0,True,both_converged
33222,-7.0,-0.2716,0.09441,0.08595,-0.0071,1.0,0.5545,-1.1155,0.0,0.0,True,-0.384,0.12445,0.11669,-0.0047,1.0,0.2147,-1.3602,0.0,0.0,True,both_converged
33222,-6.5,-0.2477,0.08827,0.07988,-0.0026,1.0,0.6331,-1.0733,0.0,0.0,True,-0.3901,0.12074,0.11314,-0.0014,1.0,0.2245,-1.3718,0.0,0.0,True,both_converged
33222,-6.0,-0.1831,0.07919,0.07069,-0.0024,1.0,0.771,-0.9806,0.0,0.0,True,-0.3895,0.11633,0.1089,0.0007,1.0,0.2374,-1.372,0.0,0.0,True,both_converged
33222,-5.5,0.0386,0.05789,0.04862,-0.0417,1.0,1.0,-0.783,0.0,0.0,True,-0.3876,0.11229,0.105,0.0015,1.0,0.2521,-1.3762,0.0,0.0,True,both_converged
33222,-5.0,-0.0882,0.0644,0.05581,-0.0109,1.0,0.9065,-0.8904,0.0,0.0,True,-0.3796,0.10725,0.10012,0.0015,1.0,0.2668,-1.3694,0.0,0.0,True,both_converged
33222,-4.5,,,,,,,,,,False,-0.3657,0.10138,0.09436,0.0023,1.0,0.285,-1.3394,0.0,0.0,True,optimised_only
33222,-4.0,-0.3789,0.05664,0.04821,-0.0334,1.0,0.2745,-1.713,0.0,0.0,True,-0.348,0.0957,0.08879,0.0012,1.0,0.3056,-1.3102,0.0,0.0,True,both_converged
33222,-3.5,-0.3259,0.04907,0.03982,-0.041,1.0,0.2749,-1.6843,0.0,0.0,True,-0.3241,0.09015,0.08331,-0.001,1.0,0.3357,-1.2866,0.0,0.0,True,both_converged
33222,-3.0,-0.272,0.04392,0.03394,-0.0455,1.0,0.2906,-1.6091,0.0,0.0,True,-0.2956,0.08388,0.07712,-0.0028,1.0,0.367,-1.2595,0.0,0.0,True,both_converged
33222,-2.5,-0.2213,0.04053,0.03002,-0.0476,1.0,0.3172,-1.5021,0.0,0.0,True,-0.2614,0.07764,0.07095,-0.005,1.0,0.4077,-1.2184,0.0,0.0,True,both_converged
33222,-2.0,-0.1721,0.03821,0.0273,-0.0489,1.0,0.3562,-1.385,0.0,0.0,True,,,,,,,,,,False,baseline_only
33222,-1.5,-0.1226,0.03669,0.02545,-0.0498,1.0,0.4128,-1.2599,0.0,0.0,True,,,,,,,,,,False,baseline_only
33222,-1.0,-0.0749,0.03562,0.02452,-0.0499,1.0,0.4993,-1.1355,0.0,0.0,True,,,,,,,,,,False,baseline_only
33222,-0.5,-0.0335,0.03417,0.02422,-0.047,1.0,0.6875,-1.0221,0.0,0.0,True,0.3092,0.04618,0.03748,-0.1227,1.0,0.3549,-0.8498,0.0,0.0,True,both_converged
33222,0.0,0.003,0.03378,0.02335,-0.0476,1.0,1.0,-0.9386,0.0,0.0,True,0.4096,0.04362,0.03457,-0.1333,1.0,0.4341,-0.715,0.0,0.0,True,both_converged
33222,0.5,0.0424,0.03576,0.02457,-0.0486,1.0,1.0,-0.8172,0.0,0.0,True,0.495,0.0421,0.03282,-0.1398,1.0,0.528,-0.827,0.0,0.0,True,both_converged
33222,1.0,0.079,0.03794,0.02623,-0.0493,1.0,1.0,-0.7042,0.0,0.0,True,0.5746,0.04102,0.03166,-0.1448,1.0,0.6265,-0.9395,0.0,0.0,True,both_converged
33222,1.5,0.1142,0.04031,0.02822,-0.05,1.0,1.0,-0.601,0.0,0.0,True,0.6515,0.03997,0.03093,-0.1489,1.0,0.7314,-1.0526,0.0,0.0,True,both_converged
33222,2.0,0.1559,0.04317,0.03075,-0.0521,0.9972,1.0,-0.5006,0.0,0.0,True,0.8231,0.03182,0.0239,-0.1636,0.7906,1.0,-1.2512,0.0,0.0,True,both_converged
33222,2.5,0.2402,0.04756,0.03483,-0.0621,0.968,1.0,-0.5497,0.0,0.0,True,0.9977,0.03254,0.02028,-0.1783,0.433,1.0,-1.4888,0.0,0.0,True,both_converged
33222,3.0,0.3032,0.05137,0.03846,-0.0679,0.9438,1.0,-0.5889,0.0,0.0,True,1.1061,0.03607,0.02302,-0.1874,0.392,1.0,-1.6591,0.0,0.0,True,both_converged
33222,3.5,0.3528,0.055,0.04199,-0.0714,0.9232,1.0,-0.6216,0.0,0.0,True,1.1972,0.03974,0.02662,-0.1932,0.366,1.0,-1.8147,0.0,0.0,True,both_converged
33222,4.0,0.398,0.05878,0.04573,-0.0742,0.9047,1.0,-0.6543,0.0,0.0,True,1.2654,0.04391,0.03101,-0.195,0.3486,1.0,-1.9493,0.0,0.0,True,both_converged
33222,4.5,,,,,,,,,,False,1.32,0.04859,0.03611,-0.1946,0.3362,1.0,-2.062,0.0,0.0,True,optimised_only
33222,5.0,0.3319,0.06256,0.04951,-0.0559,1.0,1.0,-0.606,0.0,0.0,True,1.3675,0.05384,0.042,-0.1932,0.3277,1.0,-2.1601,0.0,0.0,True,both_converged
33222,5.5,0.3593,0.06662,0.05359,-0.057,1.0,1.0,-0.6296,0.0,0.0,True,1.4058,0.06,0.04886,-0.1909,0.3231,1.0,-2.2408,0.0,0.0,True,both_converged
33222,6.0,0.3856,0.07093,0.05796,-0.0583,1.0,1.0,-0.656,0.0,0.0,True,1.4334,0.06705,0.05671,-0.1878,0.3223,1.0,-2.2937,0.0,0.0,True,both_converged
33222,6.5,0.4463,0.078,0.06517,-0.0668,0.9768,1.0,-0.7162,0.0,0.0,True,1.4452,0.07552,0.06612,-0.1844,0.3312,1.0,-2.299,0.0,0.0,True,both_converged
33222,7.0,0.4976,0.08466,0.07202,-0.0732,0.9454,1.0,-0.7786,0.0,0.0,True,1.4394,0.08613,0.0775,-0.1815,0.3488,1.0,-2.2616,0.0,0.0,True,both_converged
33222,7.5,0.5402,0.09096,0.07852,-0.0778,0.9118,1.0,-0.8433,0.0,0.0,True,,,,,,,,,,False,baseline_only
33222,8.0,0.5779,0.09727,0.08506,-0.0812,0.8769,1.0,-0.9116,0.0,0.0,True,0.9816,0.14647,0.13843,-0.2131,0.8155,1.0,-1.1285,0.0,0.0,True,both_converged
33222,8.5,0.6113,0.10352,0.09153,-0.0838,0.8394,1.0,-0.983,0.0,0.0,True,1.0139,0.15438,0.14633,-0.2148,0.7709,1.0,-1.166,0.0,0.0,True,both_converged
33222,9.0,0.6452,0.1102,0.09846,-0.0862,0.7996,1.0,-1.0612,0.0,0.0,True,1.0485,0.16166,0.1536,-0.2152,0.713,1.0,-1.2103,0.0,0.0,True,both_converged
33222,9.5,0.6789,0.11725,0.10578,-0.0884,0.7568,1.0,-1.1448,0.0,0.0,True,1.0805,0.16794,0.15991,-0.2135,0.6441,1.0,-1.2638,0.0,0.0,True,both_converged
33222,10.0,0.7116,0.12454,0.11334,-0.0901,0.7109,1.0,-1.2312,0.0,0.0,True,1.1125,0.17465,0.16662,-0.2114,0.5789,1.0,-1.3226,0.0,0.0,True,both_converged
33222,10.5,0.7246,0.13038,0.11942,-0.0895,0.6677,1.0,-1.281,0.0,0.0,True,1.1462,0.18223,0.17426,-0.2089,0.5179,1.0,-1.3925,0.0,0.0,True,both_converged
33222,11.0,0.753,0.13821,0.12751,-0.0905,0.6225,1.0,-1.3558,0.0,0.0,True,1.1679,0.18941,0.18147,-0.2067,0.4689,1.0,-1.4452,0.0,0.0,True,both_converged
33222,11.5,0.7674,0.14502,0.13452,-0.0905,0.5812,1.0,-1.4025,0.0,0.0,True,1.1918,0.198,0.19012,-0.205,0.4273,1.0,-1.499,0.0,0.0,True,both_converged
33222,12.0,0.7856,0.15264,0.14234,-0.0909,0.5429,1.0,-1.447,0.0,0.0,True,1.191,0.2036,0.19572,-0.2049,0.3962,1.0,-1.5046,0.0,0.0,True,both_converged
33222,12.5,0.8109,0.16137,0.15129,-0.0918,0.5062,1.0,-1.5084,0.0,0.0,True,1.2043,0.21121,0.20337,-0.205,0.3676,1.0,-1.5364,0.0,0.0,True,both_converged
33222,13.0,0.821,0.16886,0.15891,-0.0926,0.4794,1.0,-1.5248,0.0,0.0,True,1.2151,0.21867,0.21086,-0.206,0.3437,1.0,-1.5543,0.0,0.0,True,both_converged
33222,13.5,0.8365,0.17706,0.16725,-0.0936,0.4535,1.0,-1.552,0.0,0.0,True,1.2352,0.22844,0.22073,-0.2067,0.3248,1.0,-1.6038,0.0,0.0,True,both_converged
33222,14.0,0.8372,0.18289,0.17315,-0.0949,0.433,1.0,-1.5421,0.0,0.0,True,1.2393,0.23396,0.22628,-0.2092,0.305,1.0,-1.6051,0.0,0.0,True,both_converged
33222,14.5,0.8553,0.19166,0.18205,-0.0966,0.4132,1.0,-1.5671,0.0,0.0,True,1.2619,0.24492,0.23736,-0.21,0.2892,1.0,-1.6543,0.0,0.0,True,both_converged
33222,15.0,0.8642,0.19815,0.18862,-0.0984,0.393,1.0,-1.5683,0.0,0.0,True,1.2675,0.25076,0.24323,-0.2135,0.276,1.0,-1.6561,0.0,0.0,True,both_converged
33222,15.5,0.8856,0.20763,0.1982,-0.1002,0.3754,1.0,-1.6063,0.0,0.0,True,1.2757,0.25665,0.24918,-0.2171,0.2618,1.0,-1.661,0.0,0.0,True,both_converged
33222,16.0,0.8919,0.2134,0.20401,-0.1028,0.3601,1.0,-1.5987,0.0,0.0,True,1.2886,0.26414,0.25674,-0.2204,0.2503,1.0,-1.6751,0.0,0.0,True,both_converged
33222,16.5,0.9061,0.22037,0.21107,-0.105,0.3419,1.0,-1.6092,0.0,0.0,True,1.3019,0.27162,0.2643,-0.2237,0.239,1.0,-1.6951,0.0,0.0,True,both_converged
33222,17.0,0.9254,0.22904,0.21983,-0.1072,0.3268,1.0,-1.6386,0.0,0.0,True,1.3155,0.27905,0.27183,-0.2272,0.228,1.0,-1.7181,0.0,0.0,True,both_converged
33222,17.5,0.9403,0.23675,0.22758,-0.1098,0.3124,1.0,-1.6577,0.0,0.0,True,1.3319,0.28813,0.28102,-0.2301,0.219,1.0,-1.7475,0.0,0.0,True,both_converged
33222,18.0,0.9523,0.24312,0.23398,-0.113,0.2994,1.0,-1.662,0.0,0.0,True,1.3485,0.29754,0.29053,-0.2329,0.209,1.0,-1.8326,0.0,0.0,True,both_converged
33222,18.5,0.9647,0.24905,0.23997,-0.1162,0.2844,1.0,-1.6642,0.0,0.0,True,1.3609,0.30338,0.29649,-0.2375,0.1995,1.0,-1.9378,0.0,0.0,True,both_converged
33222,19.0,0.9798,0.25604,0.247,-0.1194,0.2716,1.0,-1.6766,0.0,0.0,True,1.3717,0.30797,0.30115,-0.2433,0.1924,1.0,-2.0127,0.0,0.0,True,both_converged
33222,19.5,0.9955,0.26305,0.25407,-0.1226,0.2587,1.0,-1.7009,0.0,0.0,True,1.3865,0.31521,0.30848,-0.2476,0.185,1.0,-2.1242,0.0,0.0,True,both_converged
33222,20.0,1.0122,0.27033,0.2614,-0.1257,0.2455,1.0,-1.7265,0.0,0.0,True,1.4036,0.3251,0.31849,-0.2506,0.1774,1.0,-2.2639,0.0,0.0,True,both_converged
33222,20.5,1.027,0.27707,0.2682,-0.1294,0.2349,1.0,-1.7373,0.0,0.0,True,1.4173,0.33017,0.32369,-0.2559,0.1698,1.0,-2.3491,0.0,0.0,True,both_converged
33222,21.0,1.0424,0.28389,0.27505,-0.133,0.2239,1.0,-1.7478,0.0,0.0,True,1.4309,0.3357,0.32931,-0.2614,0.1629,1.0,-2.4332,0.0,0.0,True,both_converged
33222,21.5,1.0581,0.29074,0.28196,-0.1366,0.2126,1.0,-1.7705,0.0,0.0,True,1.4465,0.3446,0.33832,-0.2654,0.157,1.0,-2.5489,0.0,0.0,True,both_converged
33222,22.0,1.073,0.29716,0.28842,-0.1407,0.2034,1.0,-1.7907,0.0,0.0,True,1.4628,0.35416,0.34804,-0.2688,0.1491,1.0,-2.6677,0.0,0.0,True,both_converged
33222,22.5,1.0885,0.3038,0.2951,-0.1448,0.195,1.0,-1.8109,0.0,0.0,True,1.4753,0.35719,0.35114,-0.2757,0.1425,1.0,-2.693,0.0,0.0,True,both_converged
33222,23.0,1.1046,0.31056,0.3019,-0.1487,0.1858,1.0,-1.8322,0.0,0.0,True,1.4898,0.36469,0.35872,-0.2808,0.137,1.0,-2.7389,0.0,0.0,True,both_converged
33222,23.5,1.1211,0.31782,0.30922,-0.1525,0.1768,1.0,-1.8545,0.0,0.0,True,1.5052,0.3739,0.36804,-0.2849,0.1297,1.0,-2.7881,0.0,0.0,True,both_converged
33222,24.0,1.1395,0.32737,0.31888,-0.1555,0.1681,1.0,-1.8894,0.0,0.0,True,1.5204,0.38287,0.37713,-0.2892,0.1221,1.0,-2.8118,0.0,0.0,True,both_converged
33222,24.5,1.1504,0.32921,0.32072,-0.1616,0.161,1.0,-1.883,0.0,0.0,True,1.5338,0.38702,0.38131,-0.296,0.1152,1.0,-2.7625,0.0,0.0,True,both_converged
33222,25.0,1.1645,0.33516,0.32671,-0.1664,0.1542,1.0,-1.9014,0.0,0.0,True,1.5479,0.39401,0.38835,-0.3018,0.1097,1.0,-2.7169,0.0,0.0,True,both_converged
33222,25.5,1.1802,0.34252,0.33413,-0.1704,0.1473,1.0,-1.9329,0.0,0.0,True,1.5623,0.40255,0.39693,-0.3066,0.1036,1.0,-2.6885,0.0,0.0,True,both_converged
33222,26.0,1.1969,0.35135,0.34305,-0.1738,0.1398,1.0,-1.9761,0.0,0.0,True,1.5769,0.41171,0.40619,-0.3108,0.0975,1.0,-2.6733,0.0,0.0,True,both_converged
33222,26.5,1.2079,0.35385,0.34556,-0.1802,0.1346,1.0,-1.9532,0.0,0.0,True,1.59,0.41632,0.41081,-0.3178,0.0929,1.0,-2.6004,0.0,0.0,True,both_converged
33222,27.0,1.2233,0.36216,0.35394,-0.1842,0.1297,1.0,-1.9791,0.0,0.0,True,1.6036,0.42535,0.41989,-0.3223,0.0886,1.0,-2.5842,0.0,0.0,True,both_converged
33222,27.5,1.2368,0.36746,0.35932,-0.1892,0.1231,1.0,-1.9842,0.0,0.0,True,1.6168,0.43115,0.42576,-0.3284,0.0842,1.0,-2.541,0.0,0.0,True,both_converged
33222,28.0,1.2491,0.37259,0.36448,-0.1947,0.1183,1.0,-1.9846,0.0,0.0,True,1.6296,0.44057,0.43524,-0.3329,0.0815,1.0,-2.5305,0.0,0.0,True,both_converged
33222,28.5,1.2647,0.38263,0.37461,-0.198,0.1131,1.0,-2.0452,0.0,0.0,True,1.6421,0.44543,0.44016,-0.3394,0.0779,1.0,-2.4813,0.0,0.0,True,both_converged
33222,29.0,1.2754,0.38493,0.37695,-0.2047,0.1087,1.0,-2.0281,0.0,0.0,True,1.6542,0.45556,0.45036,-0.3434,0.0746,1.0,-2.4937,0.0,0.0,True,both_converged
33222,29.5,1.2899,0.39465,0.38675,-0.2082,0.1048,1.0,-2.0776,0.0,0.0,True,1.6661,0.45952,0.45438,-0.3504,0.0714,1.0,-2.447,0.0,0.0,True,both_converged
33222,30.0,1.3006,0.39731,0.38946,-0.2148,0.1008,1.0,-2.0567,0.0,0.0,True,,,,,,,,,,False,baseline_only
37913,-30.0,,,,,,,,,,False,,,,,,,,,,False,none_converged
37913,-29.5,-0.8771,0.35166,0.34255,0.0952,1.0,0.0588,-1.6439,0.0,0.0,True,,,,,,,,,,False,baseline_only
37913,-29.0,-0.8624,0.34741,0.33826,0.0898,1.0,0.0609,-1.6385,0.0,0.0,True,,,,,,,,,,False,baseline_only
37913,-28.5,-0.8477,0.3434,0.33423,0.0844,1.0,0.0619,-1.6359,0.0,0.0,True,-0.8361,0.34339,0.33397,0.0689,1.0,0.0469,-1.4226,0.0,0.0,True,both_converged
37913,-28.0,-0.8319,0.33611,0.3269,0.0803,1.0,0.0642,-1.5875,0.0,0.0,True,-0.8212,0.33831,0.32883,0.0639,1.0,0.048,-1.4089,0.0,0.0,True,both_converged
37913,-27.5,-0.8163,0.33112,0.32187,0.0754,1.0,0.0665,-1.5738,0.0,0.0,True,-0.8059,0.3337,0.32418,0.0588,1.0,0.049,-1.3996,0.0,0.0,True,both_converged
37913,-27.0,,,,,,,,,,False,,,,,,,,,,False,none_converged
37913,-26.5,,,,,,,,,,False,-0.7756,0.3226,0.31303,0.0494,1.0,0.0503,-1.3571,0.0,0.0,True,optimised_only
37913,-26.0,,,,,,,,,,False,-0.7602,0.31641,0.3068,0.0452,1.0,0.0518,-1.3179,0.0,0.0,True,optimised_only
37913,-25.5,-0.7527,0.31169,0.30235,0.0558,1.0,0.0746,-1.5656,0.0,0.0,True,-0.7446,0.31089,0.30125,0.0407,1.0,0.0535,-1.3059,0.0,0.0,True,both_converged
37913,-25.0,-0.7357,0.30419,0.29483,0.0519,1.0,0.0768,-1.5334,0.0,0.0,True,-0.7289,0.30599,0.29631,0.0361,1.0,0.0548,-1.3155,0.0,0.0,True,both_converged
37913,-24.5,-0.7191,0.29862,0.28925,0.0476,1.0,0.0803,-1.5136,0.0,0.0,True,,,,,,,,,,False,baseline_only
37913,-24.0,-0.7048,0.29605,0.28669,0.042,1.0,0.082,-1.5327,0.0,0.0,True,,,,,,,,,,False,baseline_only
37913,-23.5,-0.686,0.28665,0.27725,0.039,1.0,0.0851,-1.4722,0.0,0.0,True,,,,,,,,,,False,baseline_only
37913,-23.0,-0.67,0.28173,0.27232,0.0345,1.0,0.0885,-1.4797,0.0,0.0,True,-0.6654,0.28288,0.27315,0.0198,1.0,0.0602,-1.2916,0.0,0.0,True,both_converged
37913,-22.5,-0.6537,0.27576,0.26635,0.0303,1.0,0.0904,-1.4826,0.0,0.0,True,-0.6499,0.27852,0.26878,0.0154,1.0,0.0613,-1.3028,0.0,0.0,True,both_converged
37913,-22.0,-0.6361,0.26905,0.25962,0.0267,1.0,0.0946,-1.4612,0.0,0.0,True,-0.634,0.27213,0.2624,0.0119,1.0,0.0623,-1.2898,0.0,0.0,True,both_converged
37913,-21.5,-0.6217,0.26489,0.25549,0.0219,1.0,0.0975,-1.4804,0.0,0.0,True,-0.6177,0.26558,0.25585,0.0087,1.0,0.0644,-1.2624,0.0,0.0,True,both_converged
37913,-21.0,-0.6029,0.25711,0.24767,0.0189,1.0,0.1024,-1.4419,0.0,0.0,True,-0.602,0.26018,0.25045,0.0052,1.0,0.0665,-1.2519,0.0,0.0,True,both_converged
37913,-20.5,-0.5897,0.25339,0.24399,0.0142,1.0,0.1053,-1.4614,0.0,0.0,True,-0.5874,0.25629,0.24656,0.0012,1.0,0.0679,-1.2613,0.0,0.0,True,both_converged
37913,-20.0,-0.5699,0.24498,0.23555,0.0116,1.0,0.11,-1.4131,0.0,0.0,True,-0.5711,0.24898,0.23928,-0.0014,1.0,0.0697,-1.2316,0.0,0.0,True,both_converged
37913,-19.5,-0.5587,0.24209,0.23272,0.0069,1.0,0.1133,-1.4359,0.0,0.0,True,-0.5556,0.24324,0.23356,-0.0042,1.0,0.0726,-1.2279,0.0,0.0,True,both_converged
37913,-19.0,-0.5378,0.23293,0.22351,0.0047,1.0,0.1187,-1.388,0.0,0.0,True,-0.5422,0.23946,0.22981,-0.0077,1.0,0.0747,-1.2566,0.0,0.0,True,both_converged
37913,-18.5,-0.5239,0.22765,0.21827,0.001,1.0,0.123,-1.4023,0.0,0.0,True,-0.5264,0.23232,0.2227,-0.0099,1.0,0.0767,-1.2412,0.0,0.0,True,both_converged
37913,-18.0,-0.509,0.22221,0.21284,-0.0022,1.0,0.1297,-1.3998,0.0,0.0,True,-0.5118,0.22675,0.21716,-0.0122,1.0,0.0799,-1.239,0.0,0.0,True,both_converged
37913,-17.5,-0.4912,0.21474,0.20537,-0.0047,1.0,0.1348,-1.3776,0.0,0.0,True,-0.5004,0.22331,0.21377,-0.0152,1.0,0.0818,-1.2712,0.0,0.0,True,both_converged
37913,-17.0,-0.4831,0.21152,0.20222,-0.0086,1.0,0.1397,-1.409,0.0,0.0,True,-0.4849,0.21586,0.20636,-0.0166,1.0,0.0844,-1.2476,0.0,0.0,True,both_converged
37913,-16.5,-0.4628,0.2031,0.19378,-0.0105,1.0,0.1468,-1.3654,0.0,0.0,True,-0.4724,0.21081,0.20137,-0.0185,1.0,0.0879,-1.2508,0.0,0.0,True,both_converged
37913,-16.0,-0.4477,0.19652,0.18723,-0.0129,1.0,0.1529,-1.3469,0.0,0.0,True,-0.4632,0.20717,0.19783,-0.0207,1.0,0.0897,-1.2803,0.0,0.0,True,both_converged
37913,-15.5,-0.4363,0.19107,0.18182,-0.0156,1.0,0.1602,-1.3417,0.0,0.0,True,-0.4486,0.19996,0.19066,-0.0212,1.0,0.0934,-1.2493,0.0,0.0,True,both_converged
37913,-15.0,-0.4314,0.18772,0.17852,-0.0185,1.0,0.168,-1.3741,0.0,0.0,True,-0.4408,0.19647,0.18724,-0.0229,1.0,0.0967,-1.274,0.0,0.0,True,both_converged
37913,-14.5,-0.4123,0.17963,0.17045,-0.0199,1.0,0.1769,-1.3474,0.0,0.0,True,-0.4284,0.18984,0.1807,-0.0232,1.0,0.1,-1.2531,0.0,0.0,True,both_converged
37913,-14.0,-0.3969,0.1726,0.16345,-0.0215,1.0,0.1851,-1.3318,0.0,0.0,True,-0.4215,0.18603,0.17699,-0.0242,1.0,0.1044,-1.268,0.0,0.0,True,both_converged
37913,-13.5,-0.3849,0.16644,0.15733,-0.0232,1.0,0.1945,-1.3244,0.0,0.0,True,-0.4108,0.1799,0.17095,-0.0241,1.0,0.1082,-1.2503,0.0,0.0,True,both_converged
37913,-13.0,-0.3744,0.16057,0.15151,-0.0246,1.0,0.2056,-1.3159,0.0,0.0,True,-0.4069,0.17669,0.16785,-0.0247,1.0,0.1128,-1.2711,0.0,0.0,True,both_converged
37913,-12.5,-0.3646,0.15468,0.14568,-0.0259,1.0,0.2168,-1.3054,0.0,0.0,True,-0.3964,0.17025,0.1615,-0.024,1.0,0.1173,-1.2439,0.0,0.0,True,both_converged
37913,-12.0,-0.3552,0.14875,0.13982,-0.0269,1.0,0.2279,-1.2977,0.0,0.0,True,-0.3965,0.16774,0.15911,-0.0242,1.0,0.1215,-1.2735,0.0,0.0,True,both_converged
37913,-11.5,-0.3489,0.14331,0.13444,-0.0278,1.0,0.2405,-1.3069,0.0,0.0,True,-0.3858,0.16096,0.15244,-0.0229,1.0,0.1266,-1.2438,0.0,0.0,True,both_converged
37913,-11.0,-0.3522,0.13931,0.13057,-0.0285,1.0,0.2537,-1.3356,0.0,0.0,True,-0.3908,0.15939,0.15102,-0.0227,1.0,0.1305,-1.3023,0.0,0.0,True,both_converged
37913,-10.5,-0.3296,0.13112,0.12242,-0.028,1.0,0.2711,-1.2882,0.0,0.0,True,-0.3794,0.15224,0.14398,-0.0208,1.0,0.1369,-1.28,0.0,0.0,True,both_converged
37913,-10.0,-0.3296,0.12645,0.11787,-0.0277,1.0,0.2876,-1.2955,0.0,0.0,True,-0.3792,0.14822,0.14009,-0.0195,1.0,0.1413,-1.3065,0.0,0.0,True,both_converged
37913,-9.5,,,,,,,,,,False,-0.3808,0.1449,0.1369,-0.0179,1.0,0.1481,-1.3305,0.0,0.0,True,optimised_only
37913,-9.0,-0.3328,0.11709,0.1088,-0.0249,1.0,0.3255,-1.2941,0.0,0.0,True,-0.3758,0.13942,0.13155,-0.0157,1.0,0.1553,-1.3262,0.0,0.0,True,both_converged
37913,-8.5,-0.3279,0.11161,0.10346,-0.0223,1.0,0.3503,-1.2814,0.0,0.0,True,-0.3765,0.13526,0.12755,-0.0136,1.0,0.1618,-1.3414,0.0,0.0,True,both_converged
37913,-8.0,-0.3249,0.10633,0.09833,-0.0191,1.0,0.3753,-1.2696,0.0,0.0,True,-0.3915,0.13432,0.12679,-0.0113,1.0,0.168,-1.3951,0.0,0.0,True,both_converged
37913,-7.5,,,,,,,,,,False,-0.3875,0.12871,0.12131,-0.0084,1.0,0.177,-1.3837,0.0,0.0,True,optimised_only
37913,-7.0,,,,,,,,,,False,-0.3872,0.12379,0.11654,-0.0052,1.0,0.1846,-1.3812,0.0,0.0,True,optimised_only
37913,-6.5,-0.3118,0.09101,0.08343,-0.0048,1.0,0.486,-1.1853,0.0,0.0,True,-0.394,0.1201,0.113,-0.0021,1.0,0.1916,-1.3981,0.0,0.0,True,both_converged
37913,-6.0,-0.3148,0.08714,0.07972,0.0027,1.0,0.545,-1.1668,0.0,0.0,True,,,,,,,,,,False,baseline_only
37913,-5.5,-0.2784,0.08045,0.07304,0.0073,1.0,0.6334,-1.0969,0.0,0.0,True,,,,,,,,,,False,baseline_only
37913,-5.0,-0.0958,0.06437,0.05642,-0.0087,1.0,0.8979,-0.8831,0.0,0.0,True,-0.379,0.10586,0.09917,0.0004,1.0,0.2269,-1.3875,0.0,0.0,True,both_converged
37913,-4.5,-0.1409,0.0637,0.05604,0.0017,1.0,0.8642,-0.9251,0.0,0.0,True,,,,,,,,,,False,baseline_only
37913,-4.0,-0.3274,0.06958,0.06273,0.0269,1.0,0.6964,-1.1226,0.0,0.0,True,-0.3437,0.09483,0.08834,-0.0028,1.0,0.2615,-1.3377,0.0,0.0,True,both_converged
37913,-3.5,-0.3161,0.0461,0.03703,-0.0447,1.0,0.2463,-1.7315,0.0,0.0,True,-0.316,0.08879,0.08236,-0.0059,1.0,0.2827,-1.302,0.0,0.0,True,both_converged
37913,-3.0,-0.263,0.04155,0.0317,-0.0483,1.0,0.2632,-1.6467,0.0,0.0,True,-0.2768,0.08291,0.07654,-0.0119,1.0,0.3147,-1.2755,0.0,0.0,True,both_converged
37913,-2.5,-0.2121,0.03856,0.02812,-0.0503,1.0,0.2897,-1.534,0.0,0.0,True,-0.2297,0.07675,0.07039,-0.0181,1.0,0.3513,-1.2278,0.0,0.0,True,both_converged
37913,-2.0,-0.1644,0.03667,0.02588,-0.0512,1.0,0.3261,-1.4092,0.0,0.0,True,,,,,,,,,,False,baseline_only
37913,-1.5,-0.1184,0.03548,0.02452,-0.0515,1.0,0.377,-1.2787,0.0,0.0,True,,,,,,,,,,False,baseline_only
37913,-1.0,-0.0707,0.03475,0.02385,-0.0519,1.0,0.4551,-1.1479,0.0,0.0,True,,,,,,,,,,False,baseline_only
37913,-0.5,-0.024,0.03384,0.02388,-0.0511,1.0,0.6135,-1.0203,0.0,0.0,True,0.0893,0.05107,0.04436,-0.0627,1.0,0.5316,-0.8675,0.0,0.0,True,both_converged
37913,0.0,0.0035,0.03296,0.02332,-0.0484,1.0,1.0,-0.9428,0.0,0.0,True,0.4353,0.04211,0.03339,-0.1399,1.0,0.4075,-0.7336,0.0,0.0,True,both_converged
37913,0.5,0.0432,0.035,0.02459,-0.0495,1.0,1.0,-0.8208,0.0,0.0,True,0.5149,0.04107,0.03223,-0.1449,1.0,0.4963,-0.8433,0.0,0.0,True,both_converged
37913,1.0,0.1362,0.03857,0.02745,-0.0603,0.9739,1.0,-0.6327,0.0,0.0,True,0.5896,0.04036,0.03151,-0.1487,1.0,0.5867,-0.9532,0.0,0.0,True,both_converged
37913,1.5,0.2105,0.04163,0.03009,-0.0673,0.9472,1.0,-0.5371,0.0,0.0,True,0.8071,0.03171,0.02366,-0.1717,0.8668,0.7773,-1.2086,0.0,0.0,True,both_converged
37913,2.0,0.2749,0.04454,0.03272,-0.0724,0.9219,1.0,-0.5758,0.0,0.0,True,0.9126,0.02906,0.01812,-0.1728,0.4418,1.0,-1.3627,0.0,0.0,True,both_converged
37913,2.5,0.3331,0.04746,0.03544,-0.0761,0.8978,1.0,-0.6133,0.0,0.0,True,1.0257,0.03251,0.0202,-0.1835,0.3895,1.0,-1.5325,0.0,0.0,True,both_converged
37913,3.0,0.3849,0.05044,0.03829,-0.0788,0.8748,1.0,-0.6489,0.0,0.0,True,1.1314,0.03565,0.0229,-0.1923,0.3573,1.0,-1.7048,0.0,0.0,True,both_converged
37913,3.5,0.4361,0.05357,0.04136,-0.0813,0.8526,1.0,-0.6873,0.0,0.0,True,1.2098,0.0393,0.02644,-0.1959,0.3366,1.0,-1.8509,0.0,0.0,True,both_converged
37913,4.0,0.4822,0.05686,0.04462,-0.0831,0.8311,1.0,-0.7256,0.0,0.0,True,1.2685,0.04321,0.0307,-0.1959,0.3221,1.0,-1.9736,0.0,0.0,True,both_converged
37913,4.5,0.5213,0.06033,0.04812,-0.084,0.8105,1.0,-0.7628,0.0,0.0,True,1.3214,0.04776,0.03563,-0.1951,0.3105,1.0,-2.088,0.0,0.0,True,both_converged
37913,5.0,0.5607,0.06402,0.05187,-0.085,0.7899,1.0,-0.8071,0.0,0.0,True,1.369,0.05303,0.04133,-0.1936,0.3013,1.0,-2.1975,0.0,0.0,True,both_converged
37913,5.5,0.5918,0.06797,0.05593,-0.0851,0.7703,1.0,-0.8516,0.0,0.0,True,1.4058,0.05885,0.04801,-0.1908,0.2979,1.0,-2.272,0.0,0.0,True,both_converged
37913,6.0,0.6152,0.07227,0.06034,-0.0847,0.7521,1.0,-0.8964,0.0,0.0,True,1.4353,0.06574,0.05569,-0.1876,0.2973,1.0,-2.3294,0.0,0.0,True,both_converged
37913,6.5,0.6464,0.07675,0.06495,-0.0851,0.7313,1.0,-0.9599,0.0,0.0,True,1.4604,0.07396,0.0646,-0.1846,0.3015,1.0,-2.378,0.0,0.0,True,both_converged
37913,7.0,0.677,0.08142,0.06981,-0.0854,0.7087,1.0,-1.0328,0.0,0.0,True,1.4406,0.08499,0.07686,-0.1808,0.3329,1.0,-2.2724,0.0,0.0,True,both_converged
37913,7.5,0.7038,0.0863,0.07488,-0.0853,0.6843,1.0,-1.1097,0.0,0.0,True,0.9804,0.1381,0.13064,-0.213,0.7973,1.0,-1.1299,0.0,0.0,True,both_converged
37913,8.0,0.7262,0.09138,0.08018,-0.0848,0.6578,1.0,-1.1858,0.0,0.0,True,1.0188,0.14583,0.13835,-0.2144,0.7445,1.0,-1.1743,0.0,0.0,True,both_converged
37913,8.5,0.713,0.09996,0.08895,-0.0861,0.6766,1.0,-1.1798,0.0,0.0,True,1.061,0.15258,0.14509,-0.2139,0.6758,1.0,-1.2379,0.0,0.0,True,both_converged
37913,9.0,0.792,0.10019,0.0895,-0.0828,0.5781,1.0,-1.4123,0.0,0.0,True,1.1087,0.15922,0.15176,-0.2115,0.5988,1.0,-1.3216,0.0,0.0,True,both_converged
37913,9.5,0.8329,0.10363,0.09323,-0.0807,0.5294,1.0,-1.5659,0.0,0.0,True,1.1332,0.16492,0.15743,-0.2072,0.5304,1.0,-1.3817,0.0,0.0,True,both_converged
37913,10.0,0.8778,0.10614,0.09608,-0.0776,0.4785,1.0,-1.7477,0.0,0.0,True,1.1562,0.17133,0.16388,-0.2034,0.4709,1.0,-1.4389,0.0,0.0,True,both_converged
37913,10.5,0.8923,0.11097,0.10115,-0.075,0.4355,1.0,-1.8384,0.0,0.0,True,1.1872,0.17978,0.17237,-0.2008,0.4279,1.0,-1.5184,0.0,0.0,True,both_converged
37913,11.0,0.931,0.11302,0.10351,-0.0708,0.3866,1.0,-2.0241,0.0,0.0,True,1.1887,0.18632,0.1789,-0.1992,0.3908,1.0,-1.5323,0.0,0.0,True,both_converged
37913,11.5,0.9428,0.11841,0.10911,-0.0684,0.348,1.0,-2.1037,0.0,0.0,True,1.2065,0.19507,0.18771,-0.1984,0.3636,1.0,-1.5772,0.0,0.0,True,both_converged
37913,12.0,0.9336,0.12753,0.11834,-0.0688,0.3207,1.0,-2.0901,0.0,0.0,True,1.2145,0.20284,0.19551,-0.1986,0.3386,1.0,-1.6019,0.0,0.0,True,both_converged
37913,12.5,0.9312,0.13652,0.12742,-0.0695,0.2976,1.0,-2.0897,0.0,0.0,True,1.2121,0.20923,0.20189,-0.2006,0.3174,1.0,-1.5894,0.0,0.0,True,both_converged
37913,13.0,0.9187,0.14795,0.13891,-0.0725,0.2855,1.0,-2.0228,0.0,0.0,True,1.234,0.21937,0.21213,-0.2009,0.3007,1.0,-1.6406,0.0,0.0,True,both_converged
37913,13.5,0.905,0.16079,0.15178,-0.0774,0.2866,1.0,-1.9225,0.0,0.0,True,1.2305,0.22458,0.21733,-0.2044,0.284,1.0,-1.62,0.0,0.0,True,both_converged
37913,14.0,,,,,,,,,,False,1.2429,0.23236,0.22518,-0.2065,0.2688,1.0,-1.6426,0.0,0.0,True,optimised_only
37913,14.5,,,,,,,,,,False,1.2559,0.24043,0.23331,-0.2088,0.256,1.0,-1.6603,0.0,0.0,True,optimised_only
37913,15.0,,,,,,,,,,False,1.2725,0.24964,0.24263,-0.2106,0.2431,1.0,-1.704,0.0,0.0,True,optimised_only
37913,15.5,,,,,,,,,,False,1.2817,0.25635,0.24938,-0.2144,0.2325,1.0,-1.7091,0.0,0.0,True,optimised_only
37913,16.0,0.5515,0.14865,0.14085,-0.0517,0.337,1.0,-0.9252,0.0,0.0,True,1.2918,0.26301,0.2561,-0.2183,0.2224,1.0,-1.7099,0.0,0.0,True,both_converged
37913,16.5,0.5577,0.15356,0.14581,-0.0535,0.3204,1.0,-0.9218,0.0,0.0,True,1.3039,0.27011,0.26326,-0.2221,0.2121,1.0,-1.7262,0.0,0.0,True,both_converged
37913,17.0,0.5695,0.15963,0.15197,-0.0552,0.305,1.0,-0.9352,0.0,0.0,True,1.3159,0.27718,0.27042,-0.2264,0.2043,1.0,-1.736,0.0,0.0,True,both_converged
37913,17.5,0.5847,0.16655,0.15896,-0.0568,0.2902,1.0,-0.9545,0.0,0.0,True,1.3307,0.28536,0.27869,-0.2299,0.1965,1.0,-1.7568,0.0,0.0,True,both_converged
37913,18.0,0.5986,0.17373,0.1662,-0.0585,0.277,1.0,-0.9692,0.0,0.0,True,1.348,0.29497,0.28841,-0.2325,0.1877,1.0,-1.8608,0.0,0.0,True,both_converged
37913,18.5,0.6061,0.17931,0.17182,-0.0606,0.2647,1.0,-0.9705,0.0,0.0,True,1.3598,0.30031,0.29385,-0.2377,0.1798,1.0,-1.9541,0.0,0.0,True,both_converged
37913,19.0,0.6149,0.1853,0.17788,-0.0626,0.2528,1.0,-0.972,0.0,0.0,True,1.3723,0.30636,0.29997,-0.2429,0.1731,1.0,-2.0441,0.0,0.0,True,both_converged
37913,19.5,0.6231,0.19118,0.1838,-0.0648,0.2406,1.0,-0.9681,0.0,0.0,True,1.3881,0.31481,0.30852,-0.2466,0.1665,1.0,-2.1725,0.0,0.0,True,both_converged
37913,20.0,0.6342,0.19797,0.19065,-0.0668,0.2301,1.0,-0.9737,0.0,0.0,True,1.4042,0.32268,0.31651,-0.2504,0.1592,1.0,-2.2998,0.0,0.0,True,both_converged
37913,20.5,0.6433,0.2043,0.19703,-0.069,0.2189,1.0,-0.9828,0.0,0.0,True,1.4168,0.32725,0.32117,-0.2566,0.1531,1.0,-2.3694,0.0,0.0,True,both_converged
37913,21.0,0.6539,0.21118,0.20398,-0.0711,0.2085,1.0,-0.994,0.0,0.0,True,1.4325,0.33585,0.32987,-0.2606,0.1475,1.0,-2.4963,0.0,0.0,True,both_converged
37913,21.5,0.6664,0.2188,0.21166,-0.073,0.1986,1.0,-1.01,0.0,0.0,True,1.448,0.34323,0.33738,-0.2649,0.1405,1.0,-2.6091,0.0,0.0,True,both_converged
37913,22.0,0.6742,0.22499,0.21792,-0.0754,0.1886,1.0,-1.0046,0.0,0.0,True,1.4612,0.34827,0.3425,-0.2711,0.1345,1.0,-2.6598,0.0,0.0,True,both_converged
37913,22.5,0.6792,0.23056,0.22354,-0.0781,0.1798,1.0,-0.9963,0.0,0.0,True,1.4766,0.35735,0.35169,-0.2752,0.1294,1.0,-2.745,0.0,0.0,True,both_converged
37913,23.0,0.6855,0.23699,0.23002,-0.0808,0.1727,1.0,-0.9922,0.0,0.0,True,,,,,,,,,,False,baseline_only
37913,23.5,0.6943,0.24409,0.23717,-0.0832,0.1654,1.0,-0.9982,0.0,0.0,True,,,,,,,,,,False,baseline_only
37913,24.0,0.7043,0.25159,0.24472,-0.0853,0.1573,1.0,-1.0094,0.0,0.0,True,,,,,,,,,,False,baseline_only
37913,24.5,0.7136,0.25891,0.25213,-0.0876,0.1494,1.0,-1.0153,0.0,0.0,True,,,,,,,,,,False,baseline_only
37913,25.0,0.7174,0.26494,0.25821,-0.0906,0.1437,1.0,-0.9945,0.0,0.0,True,1.5497,0.39591,0.39061,-0.3004,0.0967,1.0,-2.7499,0.0,0.0,True,both_converged
37913,25.5,0.7258,0.27251,0.26583,-0.093,0.138,1.0,-1.0088,0.0,0.0,True,1.5635,0.40076,0.39551,-0.3071,0.0911,1.0,-2.6766,0.0,0.0,True,both_converged
37913,26.0,0.7371,0.28113,0.27453,-0.095,0.1305,1.0,-1.0411,0.0,0.0,True,1.5773,0.40787,0.40265,-0.3129,0.0864,1.0,-2.621,0.0,0.0,True,both_converged
37913,26.5,0.7388,0.2865,0.27996,-0.0983,0.125,1.0,-1.0099,0.0,0.0,True,1.5914,0.4182,0.41304,-0.3166,0.0817,1.0,-2.623,0.0,0.0,True,both_converged
37913,27.0,0.7467,0.2944,0.28792,-0.1007,0.1207,1.0,-1.0153,0.0,0.0,True,1.6046,0.42261,0.41749,-0.3238,0.0781,1.0,-2.5468,0.0,0.0,True,both_converged
37913,27.5,0.7527,0.30136,0.29495,-0.1033,0.1149,1.0,-1.008,0.0,0.0,True,1.618,0.43339,0.42832,-0.3272,0.0747,1.0,-2.5624,0.0,0.0,True,both_converged
37913,28.0,0.7577,0.30862,0.30227,-0.1061,0.1107,1.0,-0.991,0.0,0.0,True,1.6306,0.43717,0.43216,-0.3347,0.0715,1.0,-2.4876,0.0,0.0,True,both_converged
37913,28.5,,,,,,,,,,False,1.643,0.44748,0.44254,-0.3382,0.0679,1.0,-2.5107,0.0,0.0,True,optimised_only
37913,29.0,,,,,,,,,,False,1.6553,0.45142,0.44653,-0.3456,0.0651,1.0,-2.4424,0.0,0.0,True,optimised_only
37913,29.5,,,,,,,,,,False,1.6669,0.46035,0.45556,-0.3497,0.062,1.0,-2.4857,0.0,0.0,True,optimised_only
37913,30.0,,,,,,,,,,False,1.6783,0.46653,0.46177,-0.3561,0.0607,1.0,-2.4693,0.0,0.0,True,optimised_only
42721,-30.0,-0.8918,0.35645,0.3479,0.1003,1.0,0.0508,-1.6727,0.0,0.0,True,,,,,,,,,,False,baseline_only
42721,-29.5,-0.8771,0.35094,0.34234,0.0955,1.0,0.0525,-1.6486,0.0,0.0,True,,,,,,,,,,False,baseline_only
42721,-29.0,-0.8622,0.3462,0.33757,0.0903,1.0,0.0543,-1.6388,0.0,0.0,True,-0.8503,0.34795,0.3391,0.0739,1.0,0.0409,-1.4387,0.0,0.0,True,both_converged
42721,-28.5,,,,,,,,,,False,-0.8355,0.34274,0.33385,0.0689,1.0,0.042,-1.4257,0.0,0.0,True,optimised_only
42721,-28.0,,,,,,,,,,False,-0.8204,0.33779,0.32884,0.0639,1.0,0.043,-1.4156,0.0,0.0,True,optimised_only
42721,-27.5,,,,,,,,,,False,-0.8051,0.33334,0.32436,0.0587,1.0,0.0436,-1.4103,0.0,0.0,True,optimised_only
42721,-27.0,,,,,,,,,,False,,,,,,,,,,False,none_converged
42721,-26.5,-0.7847,0.32061,0.31185,0.0655,1.0,0.0623,-1.5867,0.0,0.0,True,,,,,,,,,,False,baseline_only
42721,-26.0,-0.7679,0.31408,0.30529,0.0614,1.0,0.0646,-1.5565,0.0,0.0,True,,,,,,,,,,False,baseline_only
42721,-25.5,-0.7516,0.30923,0.30041,0.0566,1.0,0.067,-1.553,0.0,0.0,True,-0.7437,0.3101,0.301,0.0407,1.0,0.0475,-1.3065,0.0,0.0,True,both_converged
42721,-25.0,-0.7364,0.30592,0.29711,0.0511,1.0,0.0683,-1.5732,0.0,0.0,True,-0.7279,0.30492,0.29579,0.0361,1.0,0.0487,-1.3142,0.0,0.0,True,both_converged
42721,-24.5,-0.7185,0.29746,0.28862,0.0478,1.0,0.0711,-1.5178,0.0,0.0,True,,,,,,,,,,False,baseline_only
42721,-24.0,-0.7025,0.29275,0.28389,0.0429,1.0,0.0742,-1.5134,0.0,0.0,True,,,,,,,,,,False,baseline_only
42721,-23.5,-0.6862,0.28662,0.27776,0.0386,1.0,0.0759,-1.496,0.0,0.0,True,,,,,,,,,,False,baseline_only
42721,-23.0,-0.6686,0.27993,0.27104,0.0349,1.0,0.079,-1.4712,0.0,0.0,True,,,,,,,,,,False,baseline_only
42721,-22.5,-0.6536,0.27593,0.26703,0.0299,1.0,0.0817,-1.4975,0.0,0.0,True,-0.3786,0.20275,0.19514,-0.0173,1.0,0.0603,-0.7043,0.0,0.0,True,both_converged
42721,-22.0,-0.6357,0.2682,0.25931,0.0265,1.0,0.0839,-1.4734,0.0,0.0,True,-0.3711,0.19936,0.19176,-0.0192,1.0,0.0614,-0.7207,0.0,0.0,True,both_converged
42721,-21.5,-0.6189,0.26236,0.25346,0.0226,1.0,0.0878,-1.4637,0.0,0.0,True,-0.3616,0.19416,0.1866,-0.0204,1.0,0.0626,-0.7101,0.0,0.0,True,both_converged
42721,-21.0,-0.6034,0.25688,0.24799,0.0184,1.0,0.0904,-1.4691,0.0,0.0,True,-0.3524,0.18945,0.18191,-0.0215,1.0,0.0647,-0.6957,0.0,0.0,True,both_converged
42721,-20.5,-0.5857,0.25026,0.24135,0.015,1.0,0.0951,-1.4397,0.0,0.0,True,-0.3447,0.18568,0.17817,-0.0227,1.0,0.067,-0.6953,0.0,0.0,True,both_converged
42721,-20.0,-0.5713,0.24521,0.23633,0.0108,1.0,0.0978,-1.4473,0.0,0.0,True,,,,,,,,,,False,baseline_only
42721,-19.5,-0.5529,0.23796,0.22907,0.0079,1.0,0.1023,-1.4055,0.0,0.0,True,,,,,,,,,,False,baseline_only
42721,-19.0,-0.5409,0.23401,0.22515,0.0034,1.0,0.1053,-1.4306,0.0,0.0,True,,,,,,,,,,False,baseline_only
42721,-18.5,-0.5209,0.22577,0.2169,0.0011,1.0,0.1103,-1.395,0.0,0.0,True,,,,,,,,,,False,baseline_only
42721,-18.0,-0.5077,0.22051,0.21168,-0.0026,1.0,0.1143,-1.4123,0.0,0.0,True,,,,,,,,,,False,baseline_only
42721,-17.5,-0.4924,0.21469,0.20585,-0.0055,1.0,0.1208,-1.4032,0.0,0.0,True,-0.4962,0.22022,0.21122,-0.0148,1.0,0.0729,-1.2456,0.0,0.0,True,both_converged
42721,-17.0,-0.4752,0.20749,0.19867,-0.008,1.0,0.1255,-1.3815,0.0,0.0,True,-0.4854,0.21671,0.20775,-0.0176,1.0,0.0747,-1.2817,0.0,0.0,True,both_converged
42721,-16.5,-0.4687,0.20449,0.19572,-0.0121,1.0,0.1304,-1.419,0.0,0.0,True,-0.4705,0.20943,0.20052,-0.0188,1.0,0.077,-1.2561,0.0,0.0,True,both_converged
42721,-16.0,-0.4468,0.19546,0.18669,-0.0135,1.0,0.1368,-1.3617,0.0,0.0,True,-0.4585,0.20429,0.19544,-0.0203,1.0,0.0803,-1.2567,0.0,0.0,True,both_converged
42721,-15.5,-0.4338,0.18936,0.18061,-0.0161,1.0,0.1422,-1.3514,0.0,0.0,True,,,,,,,,,,False,baseline_only
42721,-15.0,-0.4278,0.18534,0.17666,-0.0192,1.0,0.1492,-1.382,0.0,0.0,True,-0.4365,0.19372,0.18501,-0.0226,1.0,0.0852,-1.2585,0.0,0.0,True,both_converged
42721,-14.5,-0.4135,0.17885,0.17018,-0.0211,1.0,0.1577,-1.3721,0.0,0.0,True,-0.4283,0.18956,0.18093,-0.0238,1.0,0.0886,-1.2744,0.0,0.0,True,both_converged
42721,-14.0,-0.3961,0.1713,0.16266,-0.0225,1.0,0.1653,-1.3474,0.0,0.0,True,-0.4188,0.18406,0.17553,-0.0243,1.0,0.0908,-1.2726,0.0,0.0,True,both_converged
42721,-13.5,-0.3843,0.16501,0.1564,-0.0243,1.0,0.1723,-1.3429,0.0,0.0,True,-0.4098,0.17899,0.17054,-0.0245,1.0,0.0952,-1.2638,0.0,0.0,True,both_converged
42721,-13.0,-0.3751,0.15921,0.15066,-0.026,1.0,0.1809,-1.3427,0.0,0.0,True,-0.4046,0.17479,0.16646,-0.0249,1.0,0.0979,-1.2809,0.0,0.0,True,both_converged
42721,-12.5,-0.365,0.15322,0.14473,-0.0273,1.0,0.1913,-1.331,0.0,0.0,True,-0.3962,0.16946,0.1612,-0.0243,1.0,0.1032,-1.2614,0.0,0.0,True,both_converged
42721,-12.0,-0.3558,0.14729,0.13886,-0.0285,1.0,0.2018,-1.3191,0.0,0.0,True,-0.3921,0.16505,0.15692,-0.024,1.0,0.1064,-1.27,0.0,0.0,True,both_converged
42721,-11.5,-0.348,0.14146,0.1331,-0.0294,1.0,0.2121,-1.3266,0.0,0.0,True,-0.3869,0.16046,0.15242,-0.0232,1.0,0.1118,-1.2601,0.0,0.0,True,both_converged
42721,-11.0,-0.3391,0.13548,0.12719,-0.03,1.0,0.2239,-1.3242,0.0,0.0,True,-0.3835,0.15582,0.14792,-0.0222,1.0,0.115,-1.276,0.0,0.0,True,both_converged
42721,-10.5,-0.3321,0.12991,0.12171,-0.0301,1.0,0.2389,-1.3186,0.0,0.0,True,-0.3814,0.15177,0.14398,-0.021,1.0,0.1205,-1.2943,0.0,0.0,True,both_converged
42721,-10.0,-0.3372,0.12576,0.1177,-0.0302,1.0,0.2533,-1.3421,0.0,0.0,True,-0.3783,0.14688,0.13921,-0.0194,1.0,0.1243,-1.3071,0.0,0.0,True,both_converged
42721,-9.5,,,,,,,,,,False,-0.3813,0.14385,0.13631,-0.018,1.0,0.1298,-1.3407,0.0,0.0,True,optimised_only
42721,-9.0,-0.3205,0.11369,0.10584,-0.0277,1.0,0.2848,-1.294,0.0,0.0,True,-0.3763,0.13831,0.1309,-0.0158,1.0,0.1348,-1.3365,0.0,0.0,True,both_converged
42721,-8.5,-0.3247,0.10904,0.10136,-0.0255,1.0,0.3036,-1.3028,0.0,0.0,True,-0.3895,0.1372,0.12996,-0.0141,1.0,0.1394,-1.3997,0.0,0.0,True,both_converged
42721,-8.0,-0.3379,0.10558,0.09811,-0.0221,1.0,0.325,-1.3211,0.0,0.0,True,-0.3829,0.13119,0.12406,-0.0114,1.0,0.1474,-1.3805,0.0,0.0,True,both_converged
42721,-7.5,-0.3318,0.09997,0.09262,-0.0184,1.0,0.3475,-1.2959,0.0,0.0,True,-0.383,0.12653,0.11955,-0.0086,1.0,0.1541,-1.3824,0.0,0.0,True,both_converged
42721,-7.0,-0.3393,0.0957,0.08854,-0.0134,1.0,0.3719,-1.2892,0.0,0.0,True,,,,,,,,,,False,baseline_only
42721,-6.5,-0.362,0.09276,0.08583,-0.0064,1.0,0.4001,-1.2994,0.0,0.0,True,,,,,,,,,,False,baseline_only
42721,-6.0,-0.3636,0.08815,0.08136,0.0001,1.0,0.4361,-1.2681,0.0,0.0,True,-0.3969,0.11545,0.1089,-0.0014,1.0,0.1763,-1.4302,0.0,0.0,True,both_converged
42721,-5.5,-0.3758,0.08436,0.07775,0.0077,1.0,0.4742,-1.2568,0.0,0.0,True,-0.3905,0.1103,0.10387,-0.0006,1.0,0.1853,-1.4247,0.0,0.0,True,both_converged
42721,-5.0,,,,,,,,,,False,-0.38,0.10524,0.09893,-0.0016,1.0,0.1963,-1.4196,0.0,0.0,True,optimised_only
42721,-4.5,,,,,,,,,,False,,,,,,,,,,False,none_converged
42721,-4.0,-0.3599,0.04959,0.04143,-0.0429,1.0,0.217,-1.8401,0.0,0.0,True,-0.3401,0.09394,0.08781,-0.0061,1.0,0.2284,-1.3648,0.0,0.0,True,both_converged
42721,-3.5,-0.3083,0.0435,0.03452,-0.0474,1.0,0.2244,-1.7783,0.0,0.0,True,-0.3093,0.08771,0.08163,-0.0101,1.0,0.2467,-1.3174,0.0,0.0,True,both_converged
42721,-3.0,-0.2555,0.03938,0.02956,-0.0504,1.0,0.2414,-1.6868,0.0,0.0,True,-0.2694,0.08149,0.07545,-0.0154,1.0,0.2717,-1.286,0.0,0.0,True,both_converged
42721,-2.5,-0.2072,0.03692,0.02665,-0.0516,1.0,0.2666,-1.5623,0.0,0.0,True,-0.2203,0.0752,0.06918,-0.022,1.0,0.3055,-1.2349,0.0,0.0,True,both_converged
42721,-2.0,-0.1604,0.03538,0.02477,-0.0523,1.0,0.3014,-1.4312,0.0,0.0,True,-0.1518,0.0691,0.06304,-0.0329,1.0,0.3512,-1.1589,0.0,0.0,True,both_converged
42721,-1.5,-0.116,0.03445,0.02377,-0.0525,1.0,0.3481,-1.2961,0.0,0.0,True,-0.0899,0.06288,0.05681,-0.0393,1.0,0.403,-1.0584,0.0,0.0,True,both_converged
42721,-1.0,-0.0695,0.03397,0.02335,-0.053,1.0,0.4183,-1.1614,0.0,0.0,True,0.2799,0.0447,0.03676,-0.1299,1.0,0.2547,-1.0392,0.0,0.0,True,both_converged
42721,-0.5,-0.0205,0.03347,0.02356,-0.0533,1.0,0.5536,-1.0255,0.0,0.0,True,0.3823,0.04179,0.03343,-0.1413,1.0,0.3145,-0.8406,0.0,0.0,True,both_converged
42721,0.0,0.0582,0.03334,0.02393,-0.0587,0.9786,1.0,-0.865,0.0,0.0,True,0.4603,0.04067,0.03216,-0.1461,1.0,0.3898,-0.7518,0.0,0.0,True,both_converged
42721,0.5,0.1427,0.03594,0.02574,-0.0671,0.9518,1.0,-0.6837,0.0,0.0,True,0.5307,0.04006,0.03158,-0.149,1.0,0.4706,-0.8564,0.0,0.0,True,both_converged
42721,1.0,0.2169,0.03836,0.02769,-0.0733,0.9259,1.0,-0.5453,0.0,0.0,True,0.6016,0.03961,0.03122,-0.1518,1.0,0.5541,-0.9638,0.0,0.0,True,both_converged
42721,1.5,0.2804,0.04068,0.02968,-0.0774,0.9007,1.0,-0.5841,0.0,0.0,True,0.7942,0.03029,0.02249,-0.1675,0.7578,0.7091,-1.1939,0.0,0.0,True,both_converged
42721,2.0,0.341,0.04305,0.03181,-0.0808,0.8765,1.0,-0.6236,0.0,0.0,True,0.9261,0.029,0.01795,-0.1751,0.4005,1.0,-1.3846,0.0,0.0,True,both_converged
42721,2.5,0.3962,0.04547,0.03408,-0.0832,0.853,1.0,-0.6621,0.0,0.0,True,1.0524,0.03202,0.01994,-0.1886,0.3567,1.0,-1.5745,0.0,0.0,True,both_converged
42721,3.0,0.4474,0.04801,0.03653,-0.085,0.8302,1.0,-0.7003,0.0,0.0,True,1.146,0.0351,0.02261,-0.1953,0.3308,1.0,-1.7383,0.0,0.0,True,both_converged
42721,3.5,0.4908,0.05074,0.03921,-0.0857,0.8079,1.0,-0.7359,0.0,0.0,True,1.2142,0.03876,0.02612,-0.1972,0.3132,1.0,-1.8771,0.0,0.0,True,both_converged
42721,4.0,0.5337,0.05364,0.04212,-0.0863,0.7861,1.0,-0.775,0.0,0.0,True,1.2706,0.04254,0.03021,-0.1968,0.2999,1.0,-2.0005,0.0,0.0,True,both_converged
42721,4.5,0.5743,0.05675,0.04526,-0.0867,0.7645,1.0,-0.818,0.0,0.0,True,1.3232,0.04697,0.03495,-0.1959,0.2891,1.0,-2.1211,0.0,0.0,True,both_converged
42721,5.0,0.6137,0.06003,0.04862,-0.087,0.743,1.0,-0.8685,0.0,0.0,True,1.367,0.05171,0.04045,-0.1935,0.281,1.0,-2.2154,0.0,0.0,True,both_converged
42721,5.5,0.6533,0.06345,0.05214,-0.0872,0.7211,1.0,-0.9319,0.0,0.0,True,1.4072,0.05756,0.04686,-0.191,0.2754,1.0,-2.3123,0.0,0.0,True,both_converged
42721,6.0,0.6928,0.06698,0.05581,-0.0872,0.6983,1.0,-1.0098,0.0,0.0,True,1.439,0.06436,0.05447,-0.1878,0.2751,1.0,-2.3745,0.0,0.0,True,both_converged
42721,6.5,0.7292,0.07066,0.05965,-0.0869,0.6744,1.0,-1.0983,0.0,0.0,True,1.458,0.0723,0.06332,-0.1838,0.2803,1.0,-2.3994,0.0,0.0,True,both_converged
42721,7.0,0.7582,0.07466,0.06382,-0.0859,0.6491,1.0,-1.1879,0.0,0.0,True,1.4525,0.08428,0.07652,-0.1813,0.3231,1.0,-2.3002,0.0,0.0,True,both_converged
42721,7.5,0.7797,0.07904,0.06841,-0.0844,0.6221,1.0,-1.2726,0.0,0.0,True,1.0169,0.13654,0.12956,-0.2135,0.7274,1.0,-1.1762,0.0,0.0,True,both_converged
42721,8.0,0.8003,0.08349,0.07306,-0.0827,0.5925,1.0,-1.3638,0.0,0.0,True,,,,,,,,,,False,baseline_only
42721,8.5,0.8433,0.08645,0.0763,-0.0811,0.5569,1.0,-1.5182,0.0,0.0,True,1.1125,0.14787,0.14086,-0.2079,0.5644,1.0,-1.3441,0.0,0.0,True,both_converged
42721,9.0,0.8841,0.08893,0.07907,-0.0785,0.5182,1.0,-1.6863,0.0,0.0,True,1.1575,0.154,0.14699,-0.2031,0.4947,1.0,-1.4499,0.0,0.0,True,both_converged
42721,9.5,0.9146,0.09167,0.08211,-0.0752,0.4774,1.0,-1.8416,0.0,0.0,True,1.1874,0.16096,0.15399,-0.1985,0.4408,1.0,-1.5287,0.0,0.0,True,both_converged
42721,10.0,0.9444,0.09396,0.08469,-0.0714,0.4339,1.0,-2.0035,0.0,0.0,True,1.1942,0.16832,0.16133,-0.1956,0.4011,1.0,-1.5643,0.0,0.0,True,both_converged
42721,10.5,1.0066,0.09081,0.08198,-0.0646,0.3843,1.0,-2.3042,0.0,0.0,True,1.1901,0.17532,0.16832,-0.1943,0.3663,1.0,-1.5699,0.0,0.0,True,both_converged
42721,11.0,1.3482,0.05,0.04039,-0.0496,0.2417,1.0,-3.7562,0.0,0.0,True,1.1965,0.18335,0.17638,-0.1941,0.3411,1.0,-1.5868,0.0,0.0,True,both_converged
42721,11.5,1.3645,0.05465,0.04498,-0.0449,0.2078,1.0,-3.9062,0.0,0.0,True,1.1996,0.19132,0.18435,-0.195,0.3195,1.0,-1.5939,0.0,0.0,True,both_converged
42721,12.0,1.3734,0.0604,0.05095,-0.0403,0.186,1.0,-4.0257,0.0,0.0,True,1.2183,0.20043,0.19351,-0.1948,0.3002,1.0,-1.6459,0.0,0.0,True,both_converged
42721,12.5,1.3589,0.06743,0.05843,-0.0351,0.174,1.0,-4.0636,0.0,0.0,True,1.2151,0.20739,0.20046,-0.1978,0.2838,1.0,-1.6234,0.0,0.0,True,both_converged
42721,13.0,,,,,,,,,,False,1.2279,0.21556,0.20871,-0.1992,0.2679,1.0,-1.6507,0.0,0.0,True,optimised_only
42721,13.5,1.2512,0.08972,0.08174,-0.0306,0.1693,1.0,-3.7982,0.0,0.0,True,1.2464,0.22518,0.21841,-0.2,0.2542,1.0,-1.7019,0.0,0.0,True,both_converged
42721,14.0,,,,,,,,,,False,1.257,0.23356,0.22685,-0.2025,0.2427,1.0,-1.7165,0.0,0.0,True,optimised_only
42721,14.5,,,,,,,,,,False,1.2676,0.2418,0.23514,-0.2052,0.231,1.0,-1.7315,0.0,0.0,True,optimised_only
42721,15.0,,,,,,,,,,False,1.2772,0.24916,0.24257,-0.2084,0.2204,1.0,-1.746,0.0,0.0,True,optimised_only
42721,15.5,,,,,,,,,,False,1.2816,0.2544,0.24783,-0.2135,0.211,1.0,-1.7271,0.0,0.0,True,optimised_only
42721,16.0,0.5532,0.14706,0.13971,-0.051,0.3111,1.0,-0.9337,0.0,0.0,True,1.2919,0.26127,0.25476,-0.2176,0.2014,1.0,-1.7271,0.0,0.0,True,both_converged
42721,16.5,0.5614,0.15254,0.14525,-0.0528,0.296,1.0,-0.9369,0.0,0.0,True,1.3034,0.26844,0.26198,-0.2219,0.1936,1.0,-1.7372,0.0,0.0,True,both_converged
42721,17.0,0.5742,0.15869,0.15148,-0.0544,0.28,1.0,-0.9544,0.0,0.0,True,1.319,0.27722,0.27087,-0.2249,0.1868,1.0,-1.7687,0.0,0.0,True,both_converged
42721,17.5,0.5869,0.1652,0.15806,-0.0561,0.2669,1.0,-0.9656,0.0,0.0,True,1.338,0.28773,0.28149,-0.2267,0.1779,1.0,-1.819,0.0,0.0,True,both_converged
42721,18.0,0.6028,0.17273,0.16564,-0.0577,0.2537,1.0,-0.9908,0.0,0.0,True,1.3454,0.29102,0.28483,-0.2335,0.1706,1.0,-1.8572,0.0,0.0,True,both_converged
42721,18.5,0.6118,0.17882,0.17179,-0.0597,0.2422,1.0,-0.9965,0.0,0.0,True,1.3588,0.2983,0.2922,-0.2381,0.1651,1.0,-1.9621,0.0,0.0,True,both_converged
42721,19.0,0.6184,0.18433,0.17735,-0.0619,0.2305,1.0,-0.99,0.0,0.0,True,1.3768,0.30876,0.30277,-0.2403,0.1579,1.0,-2.1312,0.0,0.0,True,both_converged
42721,19.5,0.6297,0.19113,0.18419,-0.0639,0.2198,1.0,-0.9963,0.0,0.0,True,1.3885,0.31249,0.30657,-0.2468,0.1513,1.0,-2.1972,0.0,0.0,True,both_converged
42721,20.0,0.6387,0.19738,0.19049,-0.0661,0.2089,1.0,-0.9992,0.0,0.0,True,1.403,0.31965,0.31381,-0.2516,0.1465,1.0,-2.2985,0.0,0.0,True,both_converged
42721,20.5,0.6489,0.20408,0.19726,-0.0682,0.1984,1.0,-1.0129,0.0,0.0,True,1.4217,0.33186,0.32618,-0.2531,0.1394,1.0,-2.4958,0.0,0.0,True,both_converged
42721,21.0,0.6569,0.21017,0.20341,-0.0705,0.1889,1.0,-1.0133,0.0,0.0,True,1.4325,0.33298,0.32735,-0.2614,0.1343,1.0,-2.517,0.0,0.0,True,both_converged
42721,21.5,0.6638,0.2162,0.20947,-0.073,0.1793,1.0,-1.0056,0.0,0.0,True,1.4479,0.3414,0.33587,-0.2655,0.1292,1.0,-2.6317,0.0,0.0,True,both_converged
42721,22.0,0.6706,0.22245,0.21577,-0.0756,0.1706,1.0,-0.9929,0.0,0.0,True,1.4636,0.34957,0.34419,-0.2695,0.1224,1.0,-2.7433,0.0,0.0,True,both_converged
42721,22.5,0.678,0.22914,0.22251,-0.0782,0.1638,1.0,-0.9947,0.0,0.0,True,1.4766,0.35429,0.34896,-0.2764,0.1174,1.0,-2.7579,0.0,0.0,True,both_converged
42721,23.0,0.6877,0.23637,0.2298,-0.0804,0.1566,1.0,-1.0088,0.0,0.0,True,1.4916,0.36267,0.35743,-0.2809,0.1118,1.0,-2.8111,0.0,0.0,True,both_converged
42721,23.5,0.6988,0.244,0.23748,-0.0825,0.1483,1.0,-1.0287,0.0,0.0,True,1.5078,0.37382,0.36868,-0.2839,0.1049,1.0,-2.8749,0.0,0.0,True,both_converged
42721,24.0,0.7049,0.25022,0.24376,-0.0852,0.1408,1.0,-1.0194,0.0,0.0,True,1.5212,0.37746,0.37238,-0.2911,0.0984,1.0,-2.8131,0.0,0.0,True,both_converged
42721,24.5,0.7103,0.25687,0.25047,-0.0881,0.1356,1.0,-0.9987,0.0,0.0,True,1.5355,0.38431,0.37926,-0.2971,0.0921,1.0,-2.755,0.0,0.0,True,both_converged
42721,25.0,0.7201,0.26467,0.25831,-0.0903,0.1297,1.0,-1.0186,0.0,0.0,True,1.55,0.39232,0.3873,-0.3025,0.0875,1.0,-2.703,0.0,0.0,True,both_converged
42721,25.5,0.7288,0.272,0.26571,-0.0926,0.1222,1.0,-1.0383,0.0,0.0,True,1.5647,0.4019,0.39693,-0.3064,0.0816,1.0,-2.6895,0.0,0.0,True,both_converged
42721,26.0,0.7321,0.27826,0.27203,-0.0957,0.1174,1.0,-1.0152,0.0,0.0,True,1.5785,0.40723,0.40231,-0.313,0.0765,1.0,-2.6198,0.0,0.0,True,both_converged
42721,26.5,0.7419,0.28654,0.28037,-0.0979,0.1128,1.0,-1.0363,0.0,0.0,True,1.5921,0.41546,0.41058,-0.3183,0.0739,1.0,-2.5777,0.0,0.0,True,both_converged
42721,27.0,0.7459,0.29287,0.28676,-0.1009,0.1076,1.0,-1.0143,0.0,0.0,True,1.6057,0.42217,0.41735,-0.3238,0.0695,1.0,-2.5454,0.0,0.0,True,both_converged
42721,27.5,0.7524,0.30046,0.29441,-0.1035,0.1035,1.0,-1.0089,0.0,0.0,True,1.6187,0.42956,0.42477,-0.3294,0.0668,1.0,-2.5086,0.0,0.0,True,both_converged
42721,28.0,0.7603,0.30817,0.3022,-0.1058,0.0976,1.0,-1.0192,0.0,0.0,True,1.6316,0.43686,0.43214,-0.3345,0.0626,1.0,-2.4989,0.0,0.0,True,both_converged
42721,28.5,0.7636,0.31503,0.3091,-0.1088,0.0945,1.0,-1.003,0.0,0.0,True,1.6439,0.4443,0.43962,-0.3401,0.0607,1.0,-2.4655,0.0,0.0,True,both_converged
42721,29.0,0.7713,0.32298,0.31714,-0.1111,0.09,1.0,-1.0269,0.0,0.0,True,1.6562,0.45067,0.44605,-0.3461,0.0579,1.0,-2.437,0.0,0.0,True,both_converged
42721,29.5,0.7744,0.33001,0.32422,-0.1141,0.0874,1.0,-1.0063,0.0,0.0,True,1.6676,0.46083,0.45632,-0.3496,0.0555,1.0,-2.5065,0.0,0.0,True,both_converged
42721,30.0,0.7807,0.33765,0.33194,-0.1165,0.0829,1.0,-1.0177,0.0,0.0,True,1.6793,0.4655,0.46101,-0.3568,0.0543,1.0,-2.4645,0.0,0.0,True,both_converged
47599,-30.0,,,,,,,,,,False,,,,,,,,,,False,none_converged
47599,-29.5,,,,,,,,,,False,,,,,,,,,,False,none_converged
47599,-29.0,,,,,,,,,,False,-0.8497,0.34751,0.33911,0.0739,1.0,0.0373,-1.4411,0.0,0.0,True,optimised_only
47599,-28.5,-0.8473,0.34164,0.33344,0.0849,1.0,0.0498,-1.6526,0.0,0.0,True,-0.8347,0.3428,0.33436,0.0687,1.0,0.0382,-1.4388,0.0,0.0,True,both_converged
47599,-28.0,-0.8317,0.33483,0.32658,0.0807,1.0,0.0517,-1.6004,0.0,0.0,True,,,,,,,,,,False,baseline_only
47599,-27.5,-0.816,0.32975,0.32148,0.0758,1.0,0.054,-1.5771,0.0,0.0,True,-0.8044,0.33308,0.32458,0.0585,1.0,0.0389,-1.4264,0.0,0.0,True,both_converged
47599,-27.0,,,,,,,,,,False,-0.7895,0.32648,0.31794,0.0542,1.0,0.0399,-1.3846,0.0,0.0,True,optimised_only
47599,-26.5,-0.7843,0.31934,0.31103,0.066,1.0,0.0565,-1.5809,0.0,0.0,True,-0.7742,0.32074,0.31216,0.0497,1.0,0.0409,-1.3529,0.0,0.0,True,both_converged
47599,-26.0,-0.7677,0.31353,0.30519,0.0616,1.0,0.0587,-1.5588,0.0,0.0,True,-0.7586,0.31517,0.30655,0.0451,1.0,0.042,-1.3243,0.0,0.0,True,both_converged
47599,-25.5,-0.7514,0.30882,0.30045,0.0566,1.0,0.0608,-1.5616,0.0,0.0,True,-0.7429,0.30978,0.30114,0.0405,1.0,0.043,-1.3128,0.0,0.0,True,both_converged
47599,-25.0,-0.7359,0.30483,0.29647,0.0513,1.0,0.0618,-1.579,0.0,0.0,True,-0.727,0.30496,0.2963,0.0357,1.0,0.0437,-1.3302,0.0,0.0,True,both_converged
47599,-24.5,-0.7182,0.29685,0.28846,0.0479,1.0,0.0641,-1.5256,0.0,0.0,True,-0.7113,0.2998,0.29114,0.0312,1.0,0.0441,-1.3428,0.0,0.0,True,both_converged
47599,-24.0,-0.7018,0.29157,0.28315,0.0433,1.0,0.0671,-1.5139,0.0,0.0,True,-0.6954,0.29261,0.28392,0.0276,1.0,0.0454,-1.3106,0.0,0.0,True,both_converged
47599,-23.5,-0.686,0.28639,0.27799,0.0385,1.0,0.0687,-1.5125,0.0,0.0,True,-0.6793,0.28679,0.27808,0.0237,1.0,0.0469,-1.2992,0.0,0.0,True,both_converged
47599,-23.0,-0.6682,0.27924,0.27082,0.035,1.0,0.0716,-1.474,0.0,0.0,True,-0.6632,0.28132,0.2726,0.0196,1.0,0.0484,-1.2981,0.0,0.0,True,both_converged
47599,-22.5,-0.6524,0.27443,0.26598,0.0302,1.0,0.0743,-1.493,0.0,0.0,True,-0.6473,0.27658,0.26785,0.0152,1.0,0.0492,-1.3104,0.0,0.0,True,both_converged
47599,-22.0,-0.6356,0.26784,0.25941,0.0263,1.0,0.076,-1.4881,0.0,0.0,True,-0.6316,0.271,0.26228,0.0113,1.0,0.0498,-1.3106,0.0,0.0,True,both_converged
47599,-21.5,-0.618,0.26129,0.25284,0.0228,1.0,0.0794,-1.4646,0.0,0.0,True,-0.6153,0.26401,0.25529,0.0083,1.0,0.0513,-1.2737,0.0,0.0,True,both_converged
47599,-21.0,-0.6045,0.25781,0.24937,0.0176,1.0,0.0819,-1.4998,0.0,0.0,True,-0.5993,0.25825,0.24953,0.0049,1.0,0.053,-1.2566,0.0,0.0,True,both_converged
47599,-20.5,-0.5848,0.24912,0.24067,0.0151,1.0,0.0853,-1.4453,0.0,0.0,True,-0.5837,0.25309,0.24437,0.0013,1.0,0.0546,-1.253,0.0,0.0,True,both_converged
47599,-20.0,-0.5713,0.24522,0.23679,0.0104,1.0,0.0891,-1.4653,0.0,0.0,True,,,,,,,,,,False,baseline_only
47599,-19.5,-0.5522,0.23699,0.22856,0.0078,1.0,0.0923,-1.4155,0.0,0.0,True,-0.5529,0.24147,0.2328,-0.0048,1.0,0.0569,-1.2374,0.0,0.0,True,both_converged
47599,-19.0,-0.5381,0.23217,0.22374,0.0037,1.0,0.0964,-1.42,0.0,0.0,True,-0.5376,0.23571,0.22706,-0.0075,1.0,0.059,-1.2335,0.0,0.0,True,both_converged
47599,-18.5,-0.5206,0.2249,0.21649,0.0008,1.0,0.0994,-1.4073,0.0,0.0,True,-0.5235,0.23093,0.22229,-0.0106,1.0,0.061,-1.2543,0.0,0.0,True,both_converged
47599,-18.0,-0.5065,0.21968,0.21127,-0.0027,1.0,0.1042,-1.4177,0.0,0.0,True,-0.5098,0.22561,0.21703,-0.0133,1.0,0.0621,-1.2706,0.0,0.0,True,both_converged
47599,-17.5,-0.4894,0.2126,0.20421,-0.0054,1.0,0.1082,-1.3994,0.0,0.0,True,-0.4947,0.21913,0.21058,-0.015,1.0,0.0648,-1.2474,0.0,0.0,True,both_converged
47599,-17.0,-0.4819,0.20955,0.2012,-0.0097,1.0,0.1132,-1.4434,0.0,0.0,True,-0.4823,0.21451,0.20599,-0.0174,1.0,0.0674,-1.2663,0.0,0.0,True,both_converged
47599,-16.5,-0.4598,0.20048,0.19213,-0.0112,1.0,0.1189,-1.3828,0.0,0.0,True,-0.4702,0.20923,0.20079,-0.0194,1.0,0.0688,-1.2791,0.0,0.0,True,both_converged
47599,-16.0,-0.4486,0.19496,0.18665,-0.0144,1.0,0.123,-1.3925,0.0,0.0,True,-0.4568,0.2031,0.1947,-0.0204,1.0,0.0717,-1.258,0.0,0.0,True,both_converged
47599,-15.5,-0.4347,0.18898,0.18068,-0.0169,1.0,0.1294,-1.3741,0.0,0.0,True,-0.447,0.19883,0.1905,-0.0221,1.0,0.0743,-1.2792,0.0,0.0,True,both_converged
47599,-15.0,-0.4189,0.18196,0.17369,-0.0189,1.0,0.1348,-1.3553,0.0,0.0,True,-0.4367,0.19339,0.18514,-0.0232,1.0,0.0759,-1.2835,0.0,0.0,True,both_converged
47599,-14.5,-0.4091,0.17638,0.16816,-0.0214,1.0,0.1413,-1.3719,0.0,0.0,True,-0.4254,0.18773,0.17954,-0.0236,1.0,0.0792,-1.2661,0.0,0.0,True,both_converged
47599,-14.0,-0.4061,0.17263,0.16446,-0.0243,1.0,0.1487,-1.4097,0.0,0.0,True,-0.4199,0.1844,0.1763,-0.0249,1.0,0.0817,-1.3017,0.0,0.0,True,both_converged
47599,-13.5,-0.3858,0.16441,0.15625,-0.0253,1.0,0.1566,-1.3668,0.0,0.0,True,-0.4087,0.17784,0.16983,-0.0246,1.0,0.0843,-1.2739,0.0,0.0,True,both_converged
47599,-13.0,-0.3729,0.15776,0.14964,-0.0267,1.0,0.1634,-1.3523,0.0,0.0,True,-0.4022,0.1734,0.16549,-0.0247,1.0,0.0881,-1.2783,0.0,0.0,True,both_converged
47599,-12.5,-0.3639,0.15182,0.14376,-0.0283,1.0,0.1716,-1.3484,0.0,0.0,True,-0.3971,0.16884,0.16102,-0.0247,1.0,0.0904,-1.2893,0.0,0.0,True,both_converged
47599,-12.0,-0.3549,0.1459,0.1379,-0.0296,1.0,0.1816,-1.3369,0.0,0.0,True,-0.3903,0.16385,0.15612,-0.0239,1.0,0.0953,-1.2722,0.0,0.0,True,both_converged
47599,-11.5,-0.3473,0.14008,0.13214,-0.0306,1.0,0.1913,-1.3426,0.0,0.0,True,-0.388,0.15969,0.15209,-0.0233,1.0,0.0982,-1.2857,0.0,0.0,True,both_converged
47599,-11.0,-0.3416,0.1344,0.12654,-0.0315,1.0,0.2011,-1.3527,0.0,0.0,True,-0.3832,0.155,0.1475,-0.022,1.0,0.1034,-1.2758,0.0,0.0,True,both_converged
47599,-10.5,-0.3349,0.12859,0.12082,-0.0319,1.0,0.2121,-1.3516,0.0,0.0,True,-0.3818,0.15069,0.14332,-0.0209,1.0,0.1065,-1.3027,0.0,0.0,True,both_converged
47599,-10.0,-0.3272,0.12289,0.11522,-0.0315,1.0,0.2264,-1.3374,0.0,0.0,True,-0.3796,0.14641,0.13913,-0.0193,1.0,0.1117,-1.315,0.0,0.0,True,both_converged
47599,-9.5,-0.3297,0.11824,0.1107,-0.0311,1.0,0.2408,-1.3474,0.0,0.0,True,-0.3795,0.14212,0.13498,-0.0177,1.0,0.1149,-1.3394,0.0,0.0,True,both_converged
47599,-9.0,-0.3401,0.1142,0.10684,-0.03,1.0,0.2535,-1.3719,0.0,0.0,True,-0.3802,0.13832,0.1313,-0.0158,1.0,0.1205,-1.3576,0.0,0.0,True,both_converged
47599,-8.5,,,,,,,,,,False,-0.3795,0.13364,0.12675,-0.0137,1.0,0.1244,-1.3691,0.0,0.0,True,optimised_only
47599,-8.0,-0.3362,0.10355,0.09646,-0.0246,1.0,0.2868,-1.3431,0.0,0.0,True,-0.3877,0.1311,0.12436,-0.0116,1.0,0.1299,-1.4083,0.0,0.0,True,both_converged
47599,-7.5,,,,,,,,,,False,-0.3847,0.12576,0.11915,-0.0087,1.0,0.1356,-1.3981,0.0,0.0,True,optimised_only
47599,-7.0,-0.365,0.09591,0.08923,-0.0149,1.0,0.3236,-1.3614,0.0,0.0,True,-0.4089,0.12558,0.11916,-0.0057,1.0,0.1395,-1.4771,0.0,0.0,True,both_converged
47599,-6.5,,,,,,,,,,False,-0.4034,0.11985,0.11355,-0.0032,1.0,0.148,-1.457,0.0,0.0,True,optimised_only
47599,-6.0,-0.4179,0.0895,0.08327,-0.0025,1.0,0.3625,-1.4026,0.0,0.0,True,-0.3986,0.11456,0.10836,-0.0014,1.0,0.1561,-1.4461,0.0,0.0,True,both_converged
47599,-5.5,-0.4165,0.08452,0.0784,0.0038,1.0,0.3941,-1.3602,0.0,0.0,True,-0.3923,0.10946,0.10339,-0.0008,1.0,0.164,-1.4428,0.0,0.0,True,both_converged
47599,-5.0,,,,,,,,,,False,-0.3813,0.10425,0.09827,-0.0018,1.0,0.1732,-1.4374,0.0,0.0,True,optimised_only
47599,-4.5,-0.4051,0.05629,0.04917,-0.0377,1.0,0.2067,-1.8621,0.0,0.0,True,-0.3634,0.09876,0.09288,-0.0044,1.0,0.1849,-1.4225,0.0,0.0,True,both_converged
47599,-4.0,-0.3511,0.04621,0.03796,-0.0466,1.0,0.1975,-1.9122,0.0,0.0,True,,,,,,,,,,False,baseline_only
47599,-3.5,-0.3013,0.04108,0.03207,-0.0496,1.0,0.2071,-1.828,0.0,0.0,True,,,,,,,,,,False,baseline_only
47599,-3.0,-0.2523,0.03771,0.02811,-0.0513,1.0,0.2237,-1.7157,0.0,0.0,True,-0.2512,0.08037,0.0746,-0.0235,1.0,0.2435,-1.3078,0.0,0.0,True,both_converged
47599,-2.5,-0.2047,0.03557,0.02551,-0.0523,1.0,0.2475,-1.5866,0.0,0.0,True,-0.2067,0.07401,0.06826,-0.0274,1.0,0.2725,-1.2445,0.0,0.0,True,both_converged
47599,-2.0,-0.1588,0.03426,0.02392,-0.0529,1.0,0.2803,-1.4503,0.0,0.0,True,-0.1289,0.06768,0.06186,-0.0409,1.0,0.314,-1.1639,0.0,0.0,True,both_converged
47599,-1.5,-0.1137,0.03356,0.02305,-0.0534,1.0,0.3252,-1.3134,0.0,0.0,True,,,,,,,,,,False,baseline_only
47599,-1.0,-0.0376,0.03335,0.023,-0.0589,0.9899,0.4136,-1.1262,0.0,0.0,True,0.309,0.04236,0.03457,-0.1373,1.0,0.2385,-1.0505,0.0,0.0,True,both_converged
47599,-0.5,0.048,0.03199,0.02347,-0.0637,0.9703,0.7143,-0.9359,0.0,0.0,True,0.4077,0.04001,0.03177,-0.1475,1.0,0.3023,-0.8403,0.0,0.0,True,both_converged
47599,0.0,0.1269,0.03307,0.02382,-0.0702,0.9422,1.0,-0.7685,0.0,0.0,True,,,,,,,,,,False,baseline_only
47599,0.5,0.2039,0.03504,0.02519,-0.0763,0.917,1.0,-0.6034,0.0,0.0,True,0.5447,0.03913,0.03092,-0.1524,1.0,0.4509,-0.8679,0.0,0.0,True,both_converged
47599,1.0,0.269,0.03692,0.02668,-0.0801,0.8918,1.0,-0.5811,0.0,0.0,True,0.7938,0.02965,0.02174,-0.1794,0.8512,0.6249,-1.1611,0.0,0.0,True,both_converged
47599,1.5,0.3338,0.03881,0.02829,-0.0837,0.8679,1.0,-0.6233,0.0,0.0,True,0.8794,0.02822,0.0174,-0.178,0.4086,0.7145,-1.2951,0.0,0.0,True,both_converged
47599,2.0,0.3906,0.04075,0.03005,-0.0858,0.8441,1.0,-0.6627,0.0,0.0,True,0.9466,0.02861,0.01763,-0.1789,0.3684,1.0,-1.4149,0.0,0.0,True,both_converged
47599,2.5,0.4525,0.04269,0.03185,-0.0884,0.8219,1.0,-0.7088,0.0,0.0,True,1.073,0.03149,0.01959,-0.1927,0.3322,1.0,-1.6104,0.0,0.0,True,both_converged
47599,3.0,0.4956,0.04497,0.03406,-0.0885,0.7987,1.0,-0.7434,0.0,0.0,True,1.1534,0.03459,0.0223,-0.1971,0.3109,1.0,-1.7628,0.0,0.0,True,both_converged
47599,3.5,0.5417,0.04733,0.03639,-0.0889,0.7766,1.0,-0.7839,0.0,0.0,True,1.2144,0.03784,0.02563,-0.1976,0.2948,1.0,-1.8905,0.0,0.0,True,both_converged
47599,4.0,0.5871,0.04982,0.03889,-0.0892,0.7548,1.0,-0.829,0.0,0.0,True,1.2708,0.04152,0.02954,-0.1972,0.2817,1.0,-2.0186,0.0,0.0,True,both_converged
47599,4.5,0.6345,0.05233,0.04147,-0.0896,0.7334,1.0,-0.8838,0.0,0.0,True,1.3213,0.04572,0.03414,-0.1958,0.2716,1.0,-2.1354,0.0,0.0,True,both_converged
47599,5.0,0.6767,0.05508,0.0443,-0.0894,0.7116,1.0,-0.9463,0.0,0.0,True,1.368,0.0506,0.03945,-0.194,0.2636,1.0,-2.249,0.0,0.0,True,both_converged
47599,5.5,0.7056,0.05847,0.04779,-0.0881,0.689,1.0,-1.0079,0.0,0.0,True,1.4073,0.05601,0.04558,-0.1912,0.2573,1.0,-2.3414,0.0,0.0,True,both_converged
47599,6.0,0.7348,0.062,0.05146,-0.0868,0.6659,1.0,-1.0822,0.0,0.0,True,1.4426,0.06258,0.05278,-0.1882,0.255,1.0,-2.4238,0.0,0.0,True,both_converged
47599,6.5,0.7653,0.06557,0.05518,-0.0856,0.6419,1.0,-1.1712,0.0,0.0,True,1.4608,0.07083,0.06204,-0.1838,0.2615,1.0,-2.438,0.0,0.0,True,both_converged
47599,7.0,0.7973,0.06905,0.05886,-0.0843,0.6164,1.0,-1.2769,0.0,0.0,True,1.477,0.08197,0.07407,-0.1813,0.2891,1.0,-2.4138,0.0,0.0,True,both_converged
47599,7.5,0.8346,0.07208,0.0621,-0.0828,0.5887,1.0,-1.4068,0.0,0.0,True,0.6859,0.09988,0.09448,-0.1391,0.5631,1.0,-0.737,0.0,0.0,True,both_converged
47599,8.0,0.8863,0.07368,0.06399,-0.081,0.5583,1.0,-1.5894,0.0,0.0,True,0.7167,0.10509,0.09953,-0.1382,0.5111,1.0,-0.7882,0.0,0.0,True,both_converged
47599,8.5,0.901,0.07784,0.06836,-0.0781,0.5251,1.0,-1.6949,0.0,0.0,True,0.7523,0.11118,0.10549,-0.1374,0.4678,1.0,-0.8495,0.0,0.0,True,both_converged
47599,9.0,0.9469,0.07869,0.06953,-0.0746,0.4883,1.0,-1.9007,0.0,0.0,True,0.7767,0.11719,0.11141,-0.1363,0.4273,1.0,-0.8987,0.0,0.0,True,both_converged
47599,9.5,1.0152,0.07542,0.06668,-0.069,0.4474,1.0,-2.2087,0.0,0.0,True,0.777,0.12221,0.11637,-0.1358,0.3939,1.0,-0.8967,0.0,0.0,True,both_converged
47599,10.0,1.3265,0.04117,0.03241,-0.0627,0.3374,1.0,-3.4742,0.0,0.0,True,0.7962,0.12857,0.12268,-0.1354,0.3652,1.0,-0.9366,0.0,0.0,True,both_converged
47599,10.5,1.331,0.04328,0.03409,-0.0544,0.2738,1.0,-3.631,0.0,0.0,True,0.8049,0.13462,0.12872,-0.1357,0.3408,1.0,-0.9506,0.0,0.0,True,both_converged
47599,11.0,1.3408,0.04681,0.03725,-0.048,0.2265,1.0,-3.7845,0.0,0.0,True,0.8115,0.1409,0.13497,-0.1365,0.3217,1.0,-0.9532,0.0,0.0,True,both_converged
47599,11.5,1.3632,0.05126,0.04155,-0.044,0.1917,1.0,-3.9603,0.0,0.0,True,0.8358,0.1485,0.14258,-0.1364,0.3014,1.0,-1.0104,0.0,0.0,True,both_converged
47599,12.0,1.3954,0.05654,0.0468,-0.0417,0.1667,1.0,-4.1704,0.0,0.0,True,0.8327,0.154,0.14809,-0.1383,0.2869,1.0,-0.9879,0.0,0.0,True,both_converged
47599,12.5,,,,,,,,,,False,0.8375,0.15998,0.15408,-0.1399,0.271,1.0,-0.9841,0.0,0.0,True,optimised_only
47599,13.0,,,,,,,,,,False,0.8489,0.1667,0.16082,-0.141,0.2566,1.0,-1.006,0.0,0.0,True,optimised_only
47599,13.5,1.3569,0.07814,0.06984,-0.0285,0.1409,1.0,-4.2912,0.0,0.0,True,0.8571,0.17336,0.16753,-0.1427,0.2451,1.0,-1.0119,0.0,0.0,True,both_converged
47599,14.0,1.3043,0.08909,0.08128,-0.027,0.14,1.0,-4.1605,0.0,0.0,True,0.8674,0.18027,0.17448,-0.1442,0.233,1.0,-1.0233,0.0,0.0,True,both_converged
47599,14.5,,,,,,,,,,False,0.8735,0.18683,0.18106,-0.1463,0.2228,1.0,-1.026,0.0,0.0,True,optimised_only
47599,15.0,,,,,,,,,,False,0.8798,0.19353,0.18781,-0.1485,0.2137,1.0,-1.0234,0.0,0.0,True,optimised_only
47599,15.5,,,,,,,,,,False,0.8878,0.20045,0.19479,-0.1505,0.2041,1.0,-1.0237,0.0,0.0,True,optimised_only
47599,16.0,,,,,,,,,,False,0.8982,0.20807,0.20246,-0.1524,0.1968,1.0,-1.0422,0.0,0.0,True,optimised_only
47599,16.5,0.5672,0.15196,0.14507,-0.052,0.275,1.0,-0.9609,0.0,0.0,True,0.9137,0.21674,0.21121,-0.1535,0.188,1.0,-1.079,0.0,0.0,True,both_converged
47599,17.0,0.5754,0.15765,0.15082,-0.054,0.2614,1.0,-0.9612,0.0,0.0,True,0.9161,0.22251,0.21706,-0.1563,0.1794,1.0,-1.0582,0.0,0.0,True,both_converged
47599,17.5,0.5857,0.16358,0.15681,-0.0558,0.2471,1.0,-0.9652,0.0,0.0,True,0.9197,0.22932,0.22393,-0.1593,0.1734,1.0,-1.0464,0.0,0.0,True,both_converged
47599,18.0,0.596,0.16976,0.16304,-0.0578,0.2353,1.0,-0.9715,0.0,0.0,True,0.9307,0.23759,0.23226,-0.1611,0.1669,1.0,-1.0672,0.0,0.0,True,both_converged
47599,18.5,0.6075,0.17612,0.16945,-0.0596,0.2227,1.0,-0.9872,0.0,0.0,True,0.9404,0.24534,0.24011,-0.163,0.159,1.0,-1.0799,0.0,0.0,True,both_converged
47599,19.0,0.6171,0.18241,0.17579,-0.0617,0.2118,1.0,-0.9907,0.0,0.0,True,0.9425,0.25208,0.24692,-0.1662,0.154,1.0,-1.06,0.0,0.0,True,both_converged
47599,19.5,0.6262,0.1887,0.18213,-0.0639,0.2016,1.0,-0.9876,0.0,0.0,True,0.9538,0.26096,0.25589,-0.1679,0.1481,1.0,-1.147,0.0,0.0,True,both_converged
47599,20.0,0.6361,0.19513,0.1886,-0.0661,0.1907,1.0,-0.9959,0.0,0.0,True,0.9586,0.26799,0.263,-0.1707,0.1414,1.0,-1.2134,0.0,0.0,True,both_converged
47599,20.5,0.6437,0.2015,0.19503,-0.0685,0.1824,1.0,-0.9954,0.0,0.0,True,0.9646,0.27617,0.27126,-0.1733,0.1375,1.0,-1.2818,0.0,0.0,True,both_converged
47599,21.0,0.6526,0.20809,0.20166,-0.0708,0.1736,1.0,-0.9983,0.0,0.0,True,0.9772,0.28592,0.28113,-0.1747,0.1306,1.0,-1.4089,0.0,0.0,True,both_converged
47599,21.5,0.6618,0.21477,0.20838,-0.0731,0.1647,1.0,-0.9997,0.0,0.0,True,0.977,0.29242,0.2877,-0.1784,0.1262,1.0,-1.4151,0.0,0.0,True,both_converged
47599,22.0,0.6736,0.22221,0.21588,-0.0752,0.1574,1.0,-1.0126,0.0,0.0,True,0.9877,0.3024,0.29777,-0.18,0.1214,1.0,-1.5274,0.0,0.0,True,both_converged
47599,22.5,0.6858,0.22979,0.22354,-0.0771,0.149,1.0,-1.0442,0.0,0.0,True,0.9903,0.30973,0.30521,-0.1831,0.1153,1.0,-1.5575,0.0,0.0,True,both_converged
47599,23.0,0.6893,0.23526,0.22904,-0.0801,0.1411,1.0,-1.0257,0.0,0.0,True,0.996,0.31896,0.31452,-0.1857,0.1116,1.0,-1.6016,0.0,0.0,True,both_converged
47599,23.5,0.6952,0.24192,0.23573,-0.0829,0.1349,1.0,-1.0141,0.0,0.0,True,,,,,,,,,,False,baseline_only
47599,24.0,0.7055,0.2496,0.24347,-0.0851,0.1296,1.0,-1.0262,0.0,0.0,True,,,,,,,,,,False,baseline_only
47599,24.5,0.7141,0.2566,0.25054,-0.0875,0.1225,1.0,-1.0282,0.0,0.0,True,,,,,,,,,,False,baseline_only
47599,25.0,0.7184,0.26302,0.257,-0.0906,0.1167,1.0,-1.0153,0.0,0.0,True,,,,,,,,,,False,baseline_only
47599,25.5,0.7268,0.27062,0.26465,-0.093,0.112,1.0,-1.0297,0.0,0.0,True,,,,,,,,,,False,baseline_only
47599,26.0,0.7343,0.27771,0.27181,-0.0955,0.1062,1.0,-1.038,0.0,0.0,True,,,,,,,,,,False,baseline_only
47599,26.5,0.7393,0.28484,0.27898,-0.0984,0.1026,1.0,-1.0217,0.0,0.0,True,,,,,,,,,,False,baseline_only
47599,27.0,,,,,,,,,,False,,,,,,,,,,False,none_converged
47599,27.5,,,,,,,,,,False,,,,,,,,,,False,none_converged
47599,28.0,,,,,,,,,,False,,,,,,,,,,False,none_converged
47599,28.5,,,,,,,,,,False,1.6447,0.44409,0.43965,-0.3402,0.0549,1.0,-2.4661,0.0,0.0,True,optimised_only
47599,29.0,,,,,,,,,,False,1.6571,0.45022,0.44583,-0.3466,0.0525,1.0,-2.4343,0.0,0.0,True,optimised_only
47599,29.5,,,,,,,,,,False,1.6686,0.45808,0.45378,-0.3512,0.0501,1.0,-2.48,0.0,0.0,True,optimised_only
47599,30.0,,,,,,,,,,False,1.6799,0.46553,0.46126,-0.3568,0.049,1.0,-2.4814,0.0,0.0,True,optimised_only
52501,-30.0,,,,,,,,,,False,-0.8781,0.35763,0.34972,0.0841,1.0,0.0328,-1.4739,0.0,0.0,True,optimised_only
52501,-29.5,,,,,,,,,,False,-0.8636,0.35282,0.34485,0.0788,1.0,0.0334,-1.4636,0.0,0.0,True,optimised_only
52501,-29.0,-0.8624,0.34586,0.33808,0.0903,1.0,0.0444,-1.6711,0.0,0.0,True,,,,,,,,,,False,baseline_only
52501,-28.5,-0.8471,0.33968,0.33185,0.0859,1.0,0.0459,-1.6274,0.0,0.0,True,-0.8342,0.34258,0.33455,0.0685,1.0,0.0342,-1.4564,0.0,0.0,True,both_converged
52501,-28.0,-0.8316,0.33444,0.32658,0.081,1.0,0.0476,-1.6029,0.0,0.0,True,-0.8196,0.33671,0.32863,0.0639,1.0,0.0351,-1.4241,0.0,0.0,True,both_converged
52501,-27.5,-0.816,0.33034,0.32245,0.0755,1.0,0.0492,-1.6012,0.0,0.0,True,-0.8044,0.33129,0.32318,0.0592,1.0,0.036,-1.4004,0.0,0.0,True,both_converged
52501,-27.0,-0.8003,0.32463,0.31674,0.0707,1.0,0.0501,-1.5992,0.0,0.0,True,-0.789,0.32593,0.31778,0.0544,1.0,0.037,-1.3789,0.0,0.0,True,both_converged
52501,-26.5,-0.7839,0.3185,0.31057,0.0665,1.0,0.0521,-1.5694,0.0,0.0,True,-0.7735,0.32057,0.31238,0.0496,1.0,0.0378,-1.3596,0.0,0.0,True,both_converged
52501,-26.0,-0.7676,0.31339,0.30544,0.0616,1.0,0.0542,-1.5669,0.0,0.0,True,-0.7577,0.31555,0.30733,0.0447,1.0,0.0384,-1.3447,0.0,0.0,True,both_converged
52501,-25.5,,,,,,,,,,False,,,,,,,,,,False,none_converged
52501,-25.0,,,,,,,,,,False,-0.7265,0.30382,0.29557,0.0359,1.0,0.0394,-1.3285,0.0,0.0,True,optimised_only
52501,-24.5,-0.7179,0.29639,0.28838,0.048,1.0,0.059,-1.5275,0.0,0.0,True,-0.7106,0.2977,0.28943,0.0319,1.0,0.0404,-1.3122,0.0,0.0,True,both_converged
52501,-24.0,-0.7018,0.2916,0.28358,0.043,1.0,0.0611,-1.5327,0.0,0.0,True,-0.6946,0.29199,0.2837,0.0277,1.0,0.0417,-1.3053,0.0,0.0,True,both_converged
52501,-23.5,-0.6852,0.28507,0.27705,0.0389,1.0,0.0626,-1.5084,0.0,0.0,True,-0.6785,0.28651,0.27819,0.0235,1.0,0.043,-1.3072,0.0,0.0,True,both_converged
52501,-23.0,-0.6678,0.27875,0.27071,0.035,1.0,0.0657,-1.4771,0.0,0.0,True,-0.6624,0.2818,0.27348,0.019,1.0,0.0437,-1.325,0.0,0.0,True,both_converged
52501,-22.5,-0.6529,0.27481,0.26677,0.0298,1.0,0.0679,-1.5165,0.0,0.0,True,-0.6466,0.27583,0.26752,0.0151,1.0,0.0443,-1.3207,0.0,0.0,True,both_converged
52501,-22.0,-0.6348,0.26686,0.25882,0.0266,1.0,0.0698,-1.4842,0.0,0.0,True,-0.6303,0.26914,0.26081,0.0118,1.0,0.0456,-1.2873,0.0,0.0,True,both_converged
52501,-21.5,-0.6176,0.26078,0.25272,0.0227,1.0,0.0729,-1.4711,0.0,0.0,True,-0.6142,0.26337,0.25504,0.0083,1.0,0.0471,-1.2713,0.0,0.0,True,both_converged
52501,-21.0,,,,,,,,,,False,-0.5983,0.25794,0.24962,0.0046,1.0,0.0485,-1.2661,0.0,0.0,True,optimised_only
52501,-20.5,,,,,,,,,,False,-0.5831,0.25345,0.24513,0.0007,1.0,0.0494,-1.2787,0.0,0.0,True,optimised_only
52501,-20.0,-0.5698,0.24377,0.23572,0.0106,1.0,0.0815,-1.465,0.0,0.0,True,-0.5674,0.24684,0.23855,-0.0022,1.0,0.0502,-1.2529,0.0,0.0,True,both_converged
52501,-19.5,-0.5518,0.23632,0.22828,0.0077,1.0,0.0844,-1.4257,0.0,0.0,True,-0.5516,0.24063,0.23235,-0.0048,1.0,0.0519,-1.2299,0.0,0.0,True,both_converged
52501,-19.0,-0.5368,0.23103,0.22299,0.0038,1.0,0.0886,-1.4199,0.0,0.0,True,-0.5366,0.23516,0.2269,-0.0078,1.0,0.0538,-1.2365,0.0,0.0,True,both_converged
52501,-18.5,-0.5206,0.22432,0.2163,0.0006,1.0,0.091,-1.4199,0.0,0.0,True,-0.5227,0.23071,0.22248,-0.011,1.0,0.0551,-1.2693,0.0,0.0,True,both_converged
52501,-18.0,-0.5046,0.2183,0.21028,-0.0026,1.0,0.0955,-1.4145,0.0,0.0,True,-0.5082,0.22443,0.21624,-0.0133,1.0,0.0562,-1.2673,0.0,0.0,True,both_converged
52501,-17.5,-0.4905,0.21227,0.20428,-0.006,1.0,0.0983,-1.4253,0.0,0.0,True,-0.4935,0.21838,0.21022,-0.0152,1.0,0.0585,-1.2505,0.0,0.0,True,both_converged
52501,-17.0,-0.4755,0.20643,0.19844,-0.009,1.0,0.104,-1.4162,0.0,0.0,True,-0.4809,0.21361,0.20549,-0.0176,1.0,0.0609,-1.2699,0.0,0.0,True,both_converged
52501,-16.5,-0.4591,0.19948,0.19152,-0.0115,1.0,0.1083,-1.3936,0.0,0.0,True,-0.4692,0.2085,0.20045,-0.0196,1.0,0.0622,-1.2882,0.0,0.0,True,both_converged
52501,-16.0,-0.4528,0.19589,0.18797,-0.0155,1.0,0.1131,-1.4344,0.0,0.0,True,-0.4557,0.20232,0.19432,-0.0206,1.0,0.0649,-1.2627,0.0,0.0,True,both_converged
52501,-15.5,-0.4312,0.18718,0.17926,-0.0168,1.0,0.1182,-1.3691,0.0,0.0,True,-0.4458,0.19791,0.18997,-0.0223,1.0,0.0674,-1.2836,0.0,0.0,True,both_converged
52501,-15.0,-0.4234,0.18212,0.17425,-0.0201,1.0,0.1225,-1.3969,0.0,0.0,True,-0.4362,0.19285,0.18498,-0.0235,1.0,0.0687,-1.2978,0.0,0.0,True,both_converged
52501,-14.5,-0.4098,0.17595,0.1681,-0.0221,1.0,0.1296,-1.391,0.0,0.0,True,-0.4245,0.1869,0.17909,-0.0237,1.0,0.0717,-1.2722,0.0,0.0,True,both_converged
52501,-14.0,-0.3942,0.16895,0.16113,-0.0237,1.0,0.1363,-1.3708,0.0,0.0,True,-0.4176,0.1829,0.17518,-0.0248,1.0,0.0744,-1.2975,0.0,0.0,True,both_converged
52501,-13.5,-0.3839,0.16286,0.15508,-0.0258,1.0,0.1424,-1.3756,0.0,0.0,True,-0.409,0.17736,0.16973,-0.0249,1.0,0.0761,-1.293,0.0,0.0,True,both_converged
52501,-13.0,-0.388,0.15965,0.15195,-0.0289,1.0,0.1488,-1.437,0.0,0.0,True,-0.4007,0.17224,0.16469,-0.0246,1.0,0.0796,-1.279,0.0,0.0,True,both_converged
52501,-12.5,-0.3673,0.15149,0.14381,-0.0295,1.0,0.1571,-1.3816,0.0,0.0,True,-0.4002,0.16958,0.16213,-0.0252,1.0,0.0819,-1.3275,0.0,0.0,True,both_converged
52501,-12.0,-0.3552,0.14496,0.13733,-0.0305,1.0,0.1656,-1.358,0.0,0.0,True,-0.3897,0.16279,0.15543,-0.0237,1.0,0.085,-1.2807,0.0,0.0,True,both_converged
52501,-11.5,-0.3467,0.13901,0.13143,-0.0316,1.0,0.1752,-1.3562,0.0,0.0,True,-0.3889,0.15944,0.15219,-0.0233,1.0,0.0888,-1.3044,0.0,0.0,True,both_converged
52501,-11.0,-0.3387,0.13301,0.12551,-0.0323,1.0,0.1843,-1.3589,0.0,0.0,True,-0.3828,0.15387,0.14673,-0.0218,1.0,0.0921,-1.2798,0.0,0.0,True,both_converged
52501,-10.5,-0.3327,0.1272,0.11979,-0.0329,1.0,0.1935,-1.3626,0.0,0.0,True,-0.3843,0.15077,0.14375,-0.0209,1.0,0.0965,-1.3188,0.0,0.0,True,both_converged
52501,-10.0,-0.3284,0.12165,0.11434,-0.0329,1.0,0.2043,-1.363,0.0,0.0,True,-0.3791,0.14525,0.13832,-0.019,1.0,0.1001,-1.3143,0.0,0.0,True,both_converged
52501,-9.5,-0.3289,0.11671,0.10953,-0.0325,1.0,0.2177,-1.3678,0.0,0.0,True,-0.3834,0.14242,0.13563,-0.0177,1.0,0.1045,-1.3601,0.0,0.0,True,both_converged
52501,-9.0,-0.3379,0.11249,0.10547,-0.0316,1.0,0.2304,-1.3897,0.0,0.0,True,-0.3789,0.13693,0.13024,-0.0155,1.0,0.108,-1.3549,0.0,0.0,True,both_converged
52501,-8.5,-0.3506,0.10839,0.10155,-0.0296,1.0,0.2422,-1.4109,0.0,0.0,True,-0.3859,0.13433,0.12779,-0.0138,1.0,0.1127,-1.4011,0.0,0.0,True,both_converged
52501,-8.0,,,,,,,,,,False,-0.3823,0.1289,0.12248,-0.0112,1.0,0.1168,-1.3926,0.0,0.0,True,optimised_only
52501,-7.5,-0.3504,0.09802,0.09148,-0.0223,1.0,0.2715,-1.3801,0.0,0.0,True,-0.396,0.12708,0.1208,-0.0087,1.0,0.1213,-1.4488,0.0,0.0,True,both_converged
52501,-7.0,-0.3793,0.09526,0.08895,-0.0164,1.0,0.2869,-1.4127,0.0,0.0,True,-0.3926,0.12148,0.11533,-0.0056,1.0,0.1263,-1.4304,0.0,0.0,True,both_converged
52501,-6.5,-0.4203,0.09286,0.08682,-0.0108,1.0,0.3007,-1.4693,0.0,0.0,True,-0.4114,0.12065,0.11467,-0.0047,1.0,0.1305,-1.5149,0.0,0.0,True,both_converged
52501,-6.0,-0.4181,0.08759,0.08167,-0.0054,1.0,0.32,-1.431,0.0,0.0,True,-0.4035,0.11476,0.10887,-0.0027,1.0,0.1389,-1.4893,0.0,0.0,True,both_converged
52501,-5.5,-0.4386,0.08344,0.0777,-0.0015,1.0,0.3408,-1.4472,0.0,0.0,True,-0.3951,0.10933,0.10355,-0.0022,1.0,0.1475,-1.4758,0.0,0.0,True,both_converged
52501,-5.0,-0.4446,0.07903,0.07341,0.0034,1.0,0.3701,-1.4222,0.0,0.0,True,-0.3824,0.10386,0.09817,-0.0032,1.0,0.1564,-1.4644,0.0,0.0,True,both_converged
52501,-4.5,-0.4499,0.07476,0.06924,0.0086,1.0,0.4097,-1.395,0.0,0.0,True,-0.3609,0.09839,0.09279,-0.0079,1.0,0.1672,-1.4595,0.0,0.0,True,both_converged
52501,-4.0,,,,,,,,,,False,-0.2952,0.06506,0.06056,0.0042,1.0,0.1877,-1.0817,0.0,0.0,True,optimised_only
52501,-3.5,-0.2975,0.03917,0.03026,-0.0508,1.0,0.1923,-1.8662,0.0,0.0,True,,,,,,,,,,False,baseline_only
52501,-3.0,-0.2468,0.03597,0.02626,-0.0526,1.0,0.2097,-1.7557,0.0,0.0,True,-0.2411,0.07926,0.07374,-0.0279,1.0,0.2209,-1.3229,0.0,0.0,True,both_converged
52501,-2.5,-0.2013,0.03427,0.02426,-0.0531,1.0,0.2328,-1.6143,0.0,0.0,True,-0.1917,0.07269,0.06718,-0.0332,1.0,0.2455,-1.2582,0.0,0.0,True,both_converged
52501,-2.0,-0.1566,0.03328,0.02305,-0.0535,1.0,0.2639,-1.4705,0.0,0.0,True,-0.1035,0.06652,0.0609,-0.0494,1.0,0.2891,-1.1682,0.0,0.0,True,both_converged
52501,-1.5,-0.0639,0.03277,0.02252,-0.062,0.9837,0.3298,-1.2442,0.0,0.0,True,-0.0443,0.06035,0.05474,-0.0541,1.0,0.3287,-1.0581,0.0,0.0,True,both_converged
52501,-1.0,0.0287,0.0323,0.0224,-0.0699,0.9626,0.4459,-1.0304,0.0,0.0,True,0.1306,0.05133,0.04521,-0.0905,1.0,0.3095,-0.9757,0.0,0.0,True,both_converged
52501,-0.5,0.0959,0.03039,0.02235,-0.0708,0.9403,1.0,-0.8742,0.0,0.0,True,0.4262,0.03856,0.03046,-0.1518,1.0,0.2918,-0.8401,0.0,0.0,True,both_converged
52501,0.0,0.1766,0.03201,0.023,-0.0774,0.9154,1.0,-0.6981,0.0,0.0,True,0.4945,0.03826,0.03011,-0.1543,1.0,0.3636,-0.778,0.0,0.0,True,both_converged
52501,0.5,0.2469,0.03354,0.02404,-0.0818,0.8908,1.0,-0.5707,0.0,0.0,True,0.556,0.03827,0.03031,-0.1552,1.0,0.4342,-0.8773,0.0,0.0,True,both_converged
52501,1.0,0.3137,0.03505,0.02521,-0.0853,0.867,1.0,-0.6138,0.0,0.0,True,0.7822,0.02831,0.02067,-0.1759,0.7754,0.5891,-1.1483,0.0,0.0,True,both_converged
52501,1.5,0.3765,0.03655,0.02648,-0.0879,0.8437,1.0,-0.6567,0.0,0.0,True,0.8969,0.02835,0.01729,-0.1817,0.3773,0.6857,-1.3191,0.0,0.0,True,both_converged
52501,2.0,0.4415,0.038,0.02775,-0.0905,0.8218,1.0,-0.7044,0.0,0.0,True,0.984,0.02864,0.01747,-0.1865,0.341,0.8133,-1.4647,0.0,0.0,True,both_converged
52501,2.5,0.4877,0.03985,0.0295,-0.0905,0.7983,1.0,-0.7407,0.0,0.0,True,1.0859,0.03109,0.01924,-0.1955,0.3132,1.0,-1.6394,0.0,0.0,True,both_converged
52501,3.0,0.5382,0.04169,0.03128,-0.091,0.7762,1.0,-0.7834,0.0,0.0,True,1.1549,0.03389,0.0219,-0.1977,0.2944,1.0,-1.7773,0.0,0.0,True,both_converged
52501,3.5,0.5883,0.04359,0.03318,-0.0913,0.7546,1.0,-0.8301,0.0,0.0,True,1.216,0.0371,0.02507,-0.1983,0.2795,1.0,-1.9105,0.0,0.0,True,both_converged
52501,4.0,0.6481,0.04512,0.03473,-0.0925,0.7346,1.0,-0.8923,0.0,0.0,True,1.2716,0.04063,0.02876,-0.1978,0.2668,1.0,-2.0434,0.0,0.0,True,both_converged
52501,4.5,0.6848,0.04765,0.03732,-0.0913,0.7122,1.0,-0.9428,0.0,0.0,True,1.322,0.04457,0.03311,-0.1964,0.2564,1.0,-2.1637,0.0,0.0,True,both_converged
52501,5.0,0.7182,0.05047,0.04022,-0.0898,0.6896,1.0,-1.0039,0.0,0.0,True,1.3678,0.04925,0.03838,-0.1943,0.2488,1.0,-2.2715,0.0,0.0,True,both_converged
52501,5.5,0.7511,0.05343,0.04331,-0.0884,0.6669,1.0,-1.0799,0.0,0.0,True,1.4107,0.05458,0.04409,-0.1921,0.2417,1.0,-2.39,0.0,0.0,True,both_converged
52501,6.0,0.786,0.05635,0.04636,-0.087,0.644,1.0,-1.1749,0.0,0.0,True,1.442,0.06098,0.05141,-0.1882,0.239,1.0,-2.4517,0.0,0.0,True,both_converged
52501,6.5,0.825,0.05896,0.04916,-0.0856,0.6203,1.0,-1.293,0.0,0.0,True,1.4691,0.06874,0.05987,-0.1845,0.2411,1.0,-2.5098,0.0,0.0,True,both_converged
52501,7.0,0.8632,0.06148,0.05187,-0.0838,0.5951,1.0,-1.4274,0.0,0.0,True,,,,,,,,,,False,baseline_only
52501,7.5,0.8948,0.06427,0.05489,-0.0815,0.5675,1.0,-1.563,0.0,0.0,True,1.1466,0.1263,0.12007,-0.2051,0.5366,1.0,-1.4279,0.0,0.0,True,both_converged
52501,8.0,0.9389,0.06556,0.05644,-0.0787,0.5379,1.0,-1.7469,0.0,0.0,True,1.1812,0.13046,0.1242,-0.1971,0.4606,1.0,-1.5295,0.0,0.0,True,both_converged
52501,8.5,,,,,,,,,,False,1.2019,0.13641,0.13015,-0.1909,0.4056,1.0,-1.6109,0.0,0.0,True,optimised_only
52501,9.0,,,,,,,,,,False,1.2022,0.14453,0.13823,-0.188,0.3691,1.0,-1.6323,0.0,0.0,True,optimised_only
52501,9.5,1.3111,0.03826,0.02998,-0.0702,0.3943,1.0,-3.2969,0.0,0.0,True,,,,,,,,,,False,baseline_only
52501,10.0,1.3281,0.03819,0.02954,-0.0619,0.3221,1.0,-3.5172,0.0,0.0,True,,,,,,,,,,False,baseline_only
52501,10.5,1.3272,0.04067,0.03152,-0.0532,0.2603,1.0,-3.6591,0.0,0.0,True,,,,,,,,,,False,baseline_only
52501,11.0,1.3364,0.04439,0.03482,-0.0471,0.2135,1.0,-3.8139,0.0,0.0,True,1.222,0.17903,0.17277,-0.1855,0.2779,1.0,-1.721,0.0,0.0,True,both_converged
52501,11.5,1.3692,0.04868,0.03874,-0.0444,0.1774,1.0,-4.0304,0.0,0.0,True,1.2165,0.18786,0.18159,-0.1883,0.2638,1.0,-1.7004,0.0,0.0,True,both_converged
52501,12.0,1.3929,0.05384,0.04411,-0.0412,0.1553,1.0,-4.2158,0.0,0.0,True,1.2156,0.19611,0.18984,-0.1913,0.2504,1.0,-1.6852,0.0,0.0,True,both_converged
52501,12.5,1.4248,0.05954,0.04996,-0.0392,0.1387,1.0,-4.4319,0.0,0.0,True,1.2208,0.20419,0.19794,-0.1938,0.237,1.0,-1.6849,0.0,0.0,True,both_converged
52501,13.0,1.4276,0.0659,0.05677,-0.0349,0.1296,1.0,-4.5353,0.0,0.0,True,1.2285,0.21231,0.20612,-0.1965,0.2255,1.0,-1.6936,0.0,0.0,True,both_converged
52501,13.5,1.3833,0.07366,0.06527,-0.0288,0.127,1.0,-4.458,0.0,0.0,True,1.2374,0.22048,0.21432,-0.1994,0.2161,1.0,-1.7037,0.0,0.0,True,both_converged
52501,14.0,1.3284,0.08374,0.07597,-0.0261,0.1263,1.0,-4.3251,0.0,0.0,True,1.2475,0.22841,0.22229,-0.2024,0.2061,1.0,-1.7143,0.0,0.0,True,both_converged
52501,14.5,1.2497,0.09864,0.0914,-0.0286,0.1289,1.0,-4.0593,0.0,0.0,True,1.2633,0.23744,0.23141,-0.2043,0.1977,1.0,-1.7501,0.0,0.0,True,both_converged
52501,15.0,,,,,,,,,,False,1.28,0.24647,0.24053,-0.2061,0.1885,1.0,-1.7978,0.0,0.0,True,optimised_only
52501,15.5,,,,,,,,,,False,1.2833,0.25181,0.24589,-0.2119,0.1798,1.0,-1.7672,0.0,0.0,True,optimised_only
52501,16.0,,,,,,,,,,False,1.2922,0.25884,0.25295,-0.2169,0.1732,1.0,-1.7511,0.0,0.0,True,optimised_only
52501,16.5,,,,,,,,,,False,1.3091,0.26815,0.26236,-0.2192,0.1672,1.0,-1.7995,0.0,0.0,True,optimised_only
52501,17.0,,,,,,,,,,False,1.3245,0.27615,0.27045,-0.2223,0.1588,1.0,-1.8351,0.0,0.0,True,optimised_only
52501,17.5,,,,,,,,,,False,1.332,0.28133,0.27566,-0.2292,0.1531,1.0,-1.7954,0.0,0.0,True,optimised_only
52501,18.0,,,,,,,,,,False,1.3491,0.29089,0.28531,-0.2317,0.1481,1.0,-1.9392,0.0,0.0,True,optimised_only
52501,18.5,,,,,,,,,,False,1.3624,0.29723,0.29175,-0.2363,0.1407,1.0,-2.0514,0.0,0.0,True,optimised_only
52501,19.0,,,,,,,,,,False,1.3746,0.30337,0.29794,-0.2424,0.1364,1.0,-2.1237,0.0,0.0,True,optimised_only
52501,19.5,,,,,,,,,,False,1.3943,0.31526,0.30998,-0.2432,0.1306,1.0,-2.3409,0.0,0.0,True,optimised_only
52501,20.0,,,,,,,,,,False,1.4043,0.31713,0.3119,-0.2517,0.125,1.0,-2.3645,0.0,0.0,True,optimised_only
52501,20.5,,,,,,,,,,False,1.4209,0.32682,0.32168,-0.2547,0.1212,1.0,-2.5269,0.0,0.0,True,optimised_only
52501,21.0,0.659,0.20796,0.20185,-0.0699,0.159,1.0,-1.0374,0.0,0.0,True,1.4345,0.33153,0.32648,-0.261,0.1151,1.0,-2.6032,0.0,0.0,True,both_converged
52501,21.5,0.6636,0.21389,0.20782,-0.0728,0.1515,1.0,-1.0134,0.0,0.0,True,1.4487,0.33851,0.33353,-0.2664,0.111,1.0,-2.6829,0.0,0.0,True,both_converged
52501,22.0,0.6711,0.22066,0.21462,-0.0754,0.1451,1.0,-1.0051,0.0,0.0,True,1.4654,0.34861,0.34377,-0.2689,0.1053,1.0,-2.8331,0.0,0.0,True,both_converged
52501,22.5,0.6809,0.22771,0.22173,-0.0777,0.1379,1.0,-1.0234,0.0,0.0,True,1.4781,0.35258,0.34779,-0.2766,0.0999,1.0,-2.8215,0.0,0.0,True,both_converged
52501,23.0,0.6939,0.23561,0.22967,-0.0795,0.1303,1.0,-1.0588,0.0,0.0,True,1.4929,0.36055,0.35583,-0.2816,0.0954,1.0,-2.8529,0.0,0.0,True,both_converged
52501,23.5,0.6969,0.24121,0.23533,-0.0827,0.1239,1.0,-1.0296,0.0,0.0,True,1.5086,0.3706,0.36596,-0.285,0.0891,1.0,-2.8957,0.0,0.0,True,both_converged
52501,24.0,0.7038,0.24827,0.24242,-0.0854,0.1191,1.0,-1.019,0.0,0.0,True,1.5239,0.38011,0.37556,-0.289,0.082,1.0,-2.8892,0.0,0.0,True,both_converged
52501,24.5,0.715,0.25613,0.25034,-0.0874,0.1128,1.0,-1.0402,0.0,0.0,True,1.5374,0.38323,0.37868,-0.2975,0.0765,1.0,-2.7521,0.0,0.0,True,both_converged
52501,25.0,0.7201,0.26242,0.25669,-0.0903,0.1065,1.0,-1.0359,0.0,0.0,True,1.5517,0.39064,0.38611,-0.3034,0.0713,1.0,-2.6777,0.0,0.0,True,both_converged
52501,25.5,0.726,0.26961,0.26392,-0.0932,0.1028,1.0,-1.0293,0.0,0.0,True,1.5662,0.40013,0.39563,-0.3073,0.0677,1.0,-2.6637,0.0,0.0,True,both_converged
52501,26.0,0.7364,0.27752,0.2719,-0.0952,0.0975,1.0,-1.061,0.0,0.0,True,1.5802,0.40593,0.40148,-0.3139,0.0632,1.0,-2.5895,0.0,0.0,True,both_converged
52501,26.5,0.7393,0.284,0.27842,-0.0985,0.0934,1.0,-1.0262,0.0,0.0,True,1.5938,0.41352,0.4091,-0.3194,0.0602,1.0,-2.5473,0.0,0.0,True,both_converged
52501,27.0,0.7486,0.29207,0.28655,-0.1007,0.089,1.0,-1.0467,0.0,0.0,True,1.6073,0.42111,0.41674,-0.3242,0.0561,1.0,-2.5437,0.0,0.0,True,both_converged
52501,27.5,0.7523,0.29864,0.29317,-0.1037,0.0845,1.0,-1.0158,0.0,0.0,True,1.6202,0.42864,0.42429,-0.33,0.0546,1.0,-2.4958,0.0,0.0,True,both_converged
52501,28.0,0.7604,0.3068,0.30139,-0.106,0.0816,1.0,-1.0333,0.0,0.0,True,1.6332,0.43531,0.43103,-0.336,0.0518,1.0,-2.4539,0.0,0.0,True,both_converged
52501,28.5,0.7638,0.3135,0.30815,-0.1091,0.0779,1.0,-1.0151,0.0,0.0,True,1.6451,0.44535,0.44115,-0.3391,0.0495,1.0,-2.5033,0.0,0.0,True,both_converged
52501,29.0,0.7721,0.3219,0.31661,-0.1113,0.0747,1.0,-1.0473,0.0,0.0,True,1.6577,0.4502,0.44601,-0.3468,0.0484,1.0,-2.4431,0.0,0.0,True,both_converged
52501,29.5,0.7744,0.32842,0.32319,-0.1145,0.0711,1.0,-1.015,0.0,0.0,True,1.6696,0.4569,0.45278,-0.3525,0.046,1.0,-2.4503,0.0,0.0,True,both_converged
52501,30.0,0.7823,0.3369,0.33173,-0.1166,0.068,1.0,-1.0454,0.0,0.0,True,1.6803,0.46601,0.46197,-0.3562,0.0441,1.0,-2.5226,0.0,0.0,True,both_converged
57379,-30.0,,,,,,,,,,False,-0.8777,0.35749,0.34992,0.0839,1.0,0.0297,-1.4944,0.0,0.0,True,optimised_only
57379,-29.5,-0.8773,0.34992,0.34249,0.096,1.0,0.0401,-1.6671,0.0,0.0,True,-0.8636,0.352,0.34438,0.079,1.0,0.0304,-1.4584,0.0,0.0,True,both_converged
57379,-29.0,-0.8623,0.3446,0.33713,0.0911,1.0,0.0415,-1.644,0.0,0.0,True,-0.8491,0.3468,0.33914,0.074,1.0,0.0312,-1.4452,0.0,0.0,True,both_converged
57379,-28.5,-0.847,0.33962,0.33211,0.086,1.0,0.043,-1.6335,0.0,0.0,True,-0.8343,0.34158,0.33388,0.069,1.0,0.0321,-1.4337,0.0,0.0,True,both_converged
57379,-28.0,,,,,,,,,,False,-0.819,0.33655,0.32881,0.0639,1.0,0.0329,-1.4245,0.0,0.0,True,optimised_only
57379,-27.5,,,,,,,,,,False,-0.8035,0.33173,0.32395,0.0588,1.0,0.0335,-1.4206,0.0,0.0,True,optimised_only
57379,-27.0,-0.8,0.32352,0.31594,0.0714,1.0,0.0465,-1.5757,0.0,0.0,True,,,,,,,,,,False,baseline_only
57379,-26.5,-0.7838,0.31854,0.31094,0.0664,1.0,0.0486,-1.5798,0.0,0.0,True,,,,,,,,,,False,baseline_only
57379,-26.0,,,,,,,,,,False,,,,,,,,,,False,none_converged
57379,-25.5,,,,,,,,,,False,,,,,,,,,,False,none_converged
57379,-25.0,-0.7343,0.30178,0.29413,0.0527,1.0,0.053,-1.5451,0.0,0.0,True,,,,,,,,,,False,baseline_only
57379,-24.5,-0.718,0.29682,0.28915,0.0477,1.0,0.0549,-1.5513,0.0,0.0,True,,,,,,,,,,False,baseline_only
57379,-24.0,-0.7021,0.29133,0.28366,0.0429,1.0,0.0558,-1.5532,0.0,0.0,True,,,,,,,,,,False,baseline_only
57379,-23.5,-0.6844,0.28419,0.2765,0.0394,1.0,0.058,-1.4983,0.0,0.0,True,,,,,,,,,,False,baseline_only
57379,-23.0,-0.668,0.27885,0.27115,0.0348,1.0,0.0608,-1.4943,0.0,0.0,True,,,,,,,,,,False,baseline_only
57379,-22.5,-0.6519,0.273,0.26531,0.0303,1.0,0.0623,-1.5083,0.0,0.0,True,,,,,,,,,,False,baseline_only
57379,-22.0,-0.634,0.26621,0.2585,0.0269,1.0,0.065,-1.4773,0.0,0.0,True,,,,,,,,,,False,baseline_only
57379,-21.5,-0.6183,0.26115,0.25344,0.0222,1.0,0.0676,-1.4969,0.0,0.0,True,,,,,,,,,,False,baseline_only
57379,-21.0,-0.6016,0.25453,0.24682,0.0184,1.0,0.0691,-1.4894,0.0,0.0,True,,,,,,,,,,False,baseline_only
57379,-20.5,-0.5839,0.24795,0.24023,0.0151,1.0,0.0722,-1.4575,0.0,0.0,True,,,,,,,,,,False,baseline_only
57379,-20.0,-0.5709,0.24411,0.2364,0.01,1.0,0.0748,-1.4959,0.0,0.0,True,,,,,,,,,,False,baseline_only
57379,-19.5,-0.5511,0.23564,0.22794,0.0077,1.0,0.078,-1.43,0.0,0.0,True,,,,,,,,,,False,baseline_only
57379,-19.0,-0.538,0.23127,0.22358,0.0032,1.0,0.0817,-1.4481,0.0,0.0,True,-0.5362,0.23562,0.22771,-0.0085,1.0,0.0493,-1.2644,0.0,0.0,True,both_converged
57379,-18.5,-0.5194,0.22343,0.21574,0.0007,1.0,0.0843,-1.4168,0.0,0.0,True,-0.5216,0.22959,0.22171,-0.0111,1.0,0.05,-1.2706,0.0,0.0,True,both_converged
57379,-18.0,-0.5048,0.21796,0.21028,-0.0029,1.0,0.0885,-1.4295,0.0,0.0,True,-0.5065,0.22328,0.21543,-0.0131,1.0,0.0518,-1.2492,0.0,0.0,True,both_converged
57379,-17.5,-0.4893,0.21132,0.20366,-0.006,1.0,0.091,-1.4272,0.0,0.0,True,-0.4927,0.2179,0.21008,-0.0154,1.0,0.0539,-1.2557,0.0,0.0,True,both_converged
57379,-17.0,-0.4743,0.2054,0.19775,-0.0091,1.0,0.0958,-1.4207,0.0,0.0,True,-0.481,0.21383,0.20605,-0.0182,1.0,0.0552,-1.2975,0.0,0.0,True,both_converged
57379,-16.5,-0.459,0.19876,0.19114,-0.0118,1.0,0.0996,-1.4069,0.0,0.0,True,-0.4672,0.20713,0.19941,-0.0194,1.0,0.0568,-1.2753,0.0,0.0,True,both_converged
57379,-16.0,-0.451,0.19466,0.18707,-0.0157,1.0,0.1048,-1.4405,0.0,0.0,True,-0.4549,0.20174,0.19407,-0.0207,1.0,0.0595,-1.2679,0.0,0.0,True,both_converged
57379,-15.5,-0.4306,0.18635,0.17876,-0.0171,1.0,0.1092,-1.3793,0.0,0.0,True,-0.4461,0.19797,0.19037,-0.0227,1.0,0.0614,-1.309,0.0,0.0,True,both_converged
57379,-15.0,-0.4273,0.18251,0.17499,-0.021,1.0,0.1134,-1.4323,0.0,0.0,True,-0.4341,0.19151,0.18397,-0.0232,1.0,0.0631,-1.2863,0.0,0.0,True,both_converged
57379,-14.5,-0.4059,0.17424,0.16671,-0.022,1.0,0.1194,-1.3831,0.0,0.0,True,-0.4238,0.18632,0.17884,-0.0238,1.0,0.0659,-1.2788,0.0,0.0,True,both_converged
57379,-14.0,-0.3942,0.16796,0.16047,-0.0242,1.0,0.1247,-1.3871,0.0,0.0,True,-0.4181,0.18276,0.17537,-0.0251,1.0,0.0679,-1.32,0.0,0.0,True,both_converged
57379,-13.5,-0.3911,0.1633,0.15587,-0.0272,1.0,0.131,-1.429,0.0,0.0,True,-0.4079,0.17648,0.16917,-0.0248,1.0,0.0698,-1.2943,0.0,0.0,True,both_converged
57379,-13.0,-0.3775,0.15678,0.14938,-0.0286,1.0,0.1387,-1.4065,0.0,0.0,True,-0.4006,0.17164,0.16442,-0.0246,1.0,0.0729,-1.2881,0.0,0.0,True,both_converged
57379,-12.5,-0.3624,0.14969,0.14232,-0.0296,1.0,0.1447,-1.3758,0.0,0.0,True,-0.4004,0.16905,0.16193,-0.0252,1.0,0.0748,-1.3439,0.0,0.0,True,both_converged
57379,-12.0,-0.3562,0.14383,0.13653,-0.0314,1.0,0.151,-1.3834,0.0,0.0,True,-0.3898,0.16217,0.15513,-0.0236,1.0,0.0776,-1.2911,0.0,0.0,True,both_converged
57379,-11.5,,,,,,,,,,False,-0.3876,0.15829,0.15135,-0.023,1.0,0.0811,-1.3047,0.0,0.0,True,optimised_only
57379,-11.0,,,,,,,,,,False,-0.3851,0.15368,0.14686,-0.0219,1.0,0.0832,-1.3093,0.0,0.0,True,optimised_only
57379,-10.5,-0.3518,0.12835,0.12131,-0.0353,1.0,0.178,-1.4497,0.0,0.0,True,-0.3818,0.1492,0.14247,-0.0203,1.0,0.0877,-1.3032,0.0,0.0,True,both_converged
57379,-10.0,-0.3426,0.12203,0.11507,-0.035,1.0,0.1878,-1.4315,0.0,0.0,True,,,,,,,,,,False,baseline_only
57379,-9.5,-0.3406,0.11653,0.10969,-0.0344,1.0,0.1981,-1.4292,0.0,0.0,True,-0.3805,0.14083,0.13432,-0.0171,1.0,0.0954,-1.3446,0.0,0.0,True,both_converged
57379,-9.0,-0.3503,0.11217,0.10551,-0.0334,1.0,0.2092,-1.4529,0.0,0.0,True,-0.3834,0.13704,0.13066,-0.0156,1.0,0.0981,-1.3827,0.0,0.0,True,both_converged
57379,-8.5,,,,,,,,,,False,-0.382,0.13259,0.12632,-0.0132,1.0,0.1031,-1.3841,0.0,0.0,True,optimised_only
57379,-8.0,,,,,,,,,,False,,,,,,,,,,False,none_converged
57379,-7.5,-0.398,0.10009,0.09399,-0.0225,1.0,0.2424,-1.5036,0.0,0.0,True,-0.3888,0.12483,0.11881,-0.0085,1.0,0.1111,-1.4255,0.0,0.0,True,both_converged
57379,-7.0,-0.4202,0.09623,0.09033,-0.0178,1.0,0.2537,-1.5283,0.0,0.0,True,,,,,,,,,,False,baseline_only
57379,-6.5,-0.4109,0.09058,0.08478,-0.0122,1.0,0.2704,-1.4713,0.0,0.0,True,-0.4036,0.11773,0.11198,-0.0024,1.0,0.1197,-1.4701,0.0,0.0,True,both_converged
57379,-6.0,-0.4406,0.08704,0.08144,-0.0093,1.0,0.288,-1.5146,0.0,0.0,True,-0.4026,0.1131,0.10746,-0.0013,1.0,0.1245,-1.483,0.0,0.0,True,both_converged
57379,-5.5,-0.4444,0.08206,0.07658,-0.0049,1.0,0.3062,-1.4906,0.0,0.0,True,,,,,,,,,,False,baseline_only
57379,-5.0,-0.4533,0.07723,0.07185,-0.0028,1.0,0.3291,-1.4884,0.0,0.0,True,-0.3834,0.10322,0.09779,-0.0047,1.0,0.1408,-1.4977,0.0,0.0,True,both_converged
57379,-4.5,,,,,,,,,,False,-0.363,0.09733,0.09198,-0.0074,1.0,0.1506,-1.4752,0.0,0.0,True,optimised_only
57379,-4.0,-0.3407,0.0411,0.03281,-0.0504,1.0,0.1692,-2.0247,0.0,0.0,True,-0.3357,0.09116,0.08586,-0.011,1.0,0.1618,-1.4351,0.0,0.0,True,both_converged
57379,-3.5,-0.2926,0.03718,0.0282,-0.052,1.0,0.1802,-1.9119,0.0,0.0,True,-0.2883,0.08474,0.07944,-0.0215,1.0,0.179,-1.397,0.0,0.0,True,both_converged
57379,-3.0,-0.2448,0.03468,0.02508,-0.0531,1.0,0.1976,-1.7832,0.0,0.0,True,,,,,,,,,,False,baseline_only
57379,-2.5,-0.1991,0.03319,0.02321,-0.0536,1.0,0.2205,-1.6396,0.0,0.0,True,-0.1822,0.07156,0.06626,-0.0368,1.0,0.2235,-1.2699,0.0,0.0,True,both_converged
57379,-2.0,-0.1004,0.0323,0.0222,-0.0631,0.9827,0.2691,-1.3932,0.0,0.0,True,,,,,,,,,,False,baseline_only
57379,-1.5,-0.0099,0.03166,0.02165,-0.0709,0.9622,0.3424,-1.1699,0.0,0.0,True,0.1352,0.04958,0.04336,-0.1062,1.0,0.1956,-1.1926,0.0,0.0,True,both_converged
57379,-1.0,0.074,0.03095,0.02145,-0.0769,0.9413,0.471,-0.9694,0.0,0.0,True,0.3691,0.03805,0.03018,-0.1518,1.0,0.2239,-1.0669,0.0,0.0,True,both_converged
57379,-0.5,0.1413,0.02938,0.02135,-0.0776,0.9194,1.0,-0.8113,0.0,0.0,True,0.4418,0.03734,0.02934,-0.1554,1.0,0.2842,-0.8394,0.0,0.0,True,both_converged
57379,0.0,0.219,0.03061,0.02185,-0.083,0.8958,1.0,-0.6416,0.0,0.0,True,0.5059,0.03731,0.02934,-0.157,1.0,0.3527,-0.7872,0.0,0.0,True,both_converged
57379,0.5,0.2861,0.03181,0.02263,-0.0863,0.8717,1.0,-0.5989,0.0,0.0,True,0.7504,0.03055,0.02288,-0.1859,0.901,0.5143,-1.0776,0.0,0.0,True,both_converged
57379,1.0,0.3511,0.033,0.02352,-0.089,0.8486,1.0,-0.6425,0.0,0.0,True,0.8504,0.0268,0.01635,-0.1846,0.3963,0.5962,-1.2275,0.0,0.0,True,both_converged
57379,1.5,0.4116,0.03422,0.02453,-0.0908,0.8257,1.0,-0.6855,0.0,0.0,True,0.9173,0.02806,0.01694,-0.1859,0.3527,0.6643,-1.3471,0.0,0.0,True,both_converged
57379,2.0,0.4724,0.03542,0.02558,-0.0925,0.8039,1.0,-0.7318,0.0,0.0,True,1.0088,0.02858,0.01726,-0.1917,0.3208,0.7713,-1.5022,0.0,0.0,True,both_converged
57379,2.5,0.5293,0.0367,0.02678,-0.0934,0.7823,1.0,-0.7783,0.0,0.0,True,1.0885,0.03044,0.01889,-0.1962,0.2984,1.0,-1.6517,0.0,0.0,True,both_converged
57379,3.0,0.5815,0.03815,0.02818,-0.0936,0.7607,1.0,-0.8247,0.0,0.0,True,1.1562,0.03324,0.02145,-0.1984,0.2808,1.0,-1.7925,0.0,0.0,True,both_converged
57379,3.5,0.6298,0.03979,0.02982,-0.0932,0.7392,1.0,-0.8723,0.0,0.0,True,1.2171,0.03633,0.02445,-0.199,0.2667,1.0,-1.9292,0.0,0.0,True,both_converged
57379,4.0,0.6777,0.04149,0.03157,-0.0928,0.7181,1.0,-0.9264,0.0,0.0,True,1.272,0.0397,0.02798,-0.1984,0.2546,1.0,-2.0645,0.0,0.0,True,both_converged
57379,4.5,0.7422,0.04221,0.03236,-0.0935,0.6996,1.0,-1.0131,0.0,0.0,True,1.3227,0.04342,0.03205,-0.197,0.244,1.0,-2.1906,0.0,0.0,True,both_converged
57379,5.0,0.7764,0.04466,0.03491,-0.0915,0.6767,1.0,-1.0875,0.0,0.0,True,1.3686,0.04788,0.03715,-0.1947,0.2359,1.0,-2.3005,0.0,0.0,True,both_converged
57379,5.5,,,,,,,,,,False,1.4112,0.05306,0.04278,-0.1924,0.2294,1.0,-2.4161,0.0,0.0,True,optimised_only
57379,6.0,,,,,,,,,,False,1.4443,0.05917,0.04972,-0.1886,0.2249,1.0,-2.4902,0.0,0.0,True,optimised_only
57379,6.5,0.9273,0.04817,0.03895,-0.0874,0.6122,1.0,-1.5139,0.0,0.0,True,1.469,0.06694,0.0583,-0.1843,0.2268,1.0,-2.5363,0.0,0.0,True,both_converged
57379,7.0,0.9721,0.04922,0.04024,-0.0849,0.5872,1.0,-1.6908,0.0,0.0,True,1.4936,0.07581,0.06767,-0.1809,0.231,1.0,-2.5936,0.0,0.0,True,both_converged
57379,7.5,1.05,0.04701,0.03835,-0.0834,0.5617,1.0,-1.9779,0.0,0.0,True,1.2071,0.11818,0.11224,-0.1957,0.4585,1.0,-1.5875,0.0,0.0,True,both_converged
57379,8.0,1.1628,0.04103,0.03266,-0.0832,0.5313,1.0,-2.4094,0.0,0.0,True,1.2581,0.1221,0.1162,-0.1872,0.4022,1.0,-1.7434,0.0,0.0,True,both_converged
57379,8.5,1.2367,0.03796,0.02974,-0.0808,0.4904,1.0,-2.7683,0.0,0.0,True,,,,,,,,,,False,baseline_only
57379,9.0,1.2987,0.03543,0.02722,-0.0774,0.4398,1.0,-3.1267,0.0,0.0,True,,,,,,,,,,False,baseline_only
57379,9.5,1.3242,0.03493,0.02668,-0.0703,0.3792,1.0,-3.3693,0.0,0.0,True,1.2149,0.14996,0.14392,-0.182,0.3082,1.0,-1.7149,0.0,0.0,True,both_converged
57379,10.0,1.3287,0.03592,0.02733,-0.0613,0.3096,1.0,-3.55,0.0,0.0,True,1.2302,0.15858,0.15259,-0.1805,0.2899,1.0,-1.7696,0.0,0.0,True,both_converged
57379,10.5,1.323,0.03878,0.02968,-0.0524,0.2493,1.0,-3.6771,0.0,0.0,True,1.2103,0.16842,0.16238,-0.1838,0.2731,1.0,-1.7103,0.0,0.0,True,both_converged
57379,11.0,1.3303,0.04264,0.03312,-0.0464,0.2033,1.0,-3.8286,0.0,0.0,True,1.2148,0.17694,0.17092,-0.1846,0.2566,1.0,-1.7221,0.0,0.0,True,both_converged
57379,11.5,1.3635,0.04678,0.03682,-0.0438,0.1679,1.0,-4.0538,0.0,0.0,True,1.2208,0.18583,0.17984,-0.1861,0.2442,1.0,-1.7386,0.0,0.0,True,both_converged
57379,12.0,1.3907,0.05164,0.04186,-0.0409,0.1458,1.0,-4.2572,0.0,0.0,True,1.2293,0.19468,0.18871,-0.1876,0.2322,1.0,-1.7579,0.0,0.0,True,both_converged
57379,12.5,1.4276,0.05709,0.04745,-0.0394,0.1294,1.0,-4.4957,0.0,0.0,True,1.2385,0.20354,0.19763,-0.1894,0.2207,1.0,-1.7741,0.0,0.0,True,both_converged
57379,13.0,1.4329,0.06301,0.05383,-0.0352,0.1202,1.0,-4.616,0.0,0.0,True,1.2373,0.21144,0.20554,-0.1938,0.2108,1.0,-1.7493,0.0,0.0,True,both_converged
57379,13.5,1.4151,0.06992,0.06136,-0.0301,0.1156,1.0,-4.6368,0.0,0.0,True,1.2416,0.21931,0.21343,-0.1978,0.2013,1.0,-1.7395,0.0,0.0,True,both_converged
57379,14.0,1.3961,0.07783,0.06972,-0.0267,0.1121,1.0,-4.649,0.0,0.0,True,1.2488,0.2271,0.22126,-0.2015,0.192,1.0,-1.7349,0.0,0.0,True,both_converged
57379,14.5,1.338,0.08823,0.08073,-0.0247,0.1122,1.0,-4.498,0.0,0.0,True,1.2589,0.23522,0.22944,-0.205,0.1853,1.0,-1.7405,0.0,0.0,True,both_converged
57379,15.0,1.2743,0.10161,0.09458,-0.027,0.1131,1.0,-4.2936,0.0,0.0,True,1.2779,0.24485,0.23914,-0.2062,0.1775,1.0,-1.8009,0.0,0.0,True,both_converged
57379,15.5,,,,,,,,,,False,1.2875,0.25168,0.24603,-0.2103,0.1689,1.0,-1.8047,0.0,0.0,True,optimised_only
57379,16.0,,,,,,,,,,False,1.2931,0.25798,0.25236,-0.2165,0.1627,1.0,-1.7671,0.0,0.0,True,optimised_only
57379,16.5,,,,,,,,,,False,1.3081,0.26652,0.26097,-0.2196,0.1569,1.0,-1.803,0.0,0.0,True,optimised_only
57379,17.0,,,,,,,,,,False,1.3248,0.27498,0.26953,-0.2221,0.1494,1.0,-1.8487,0.0,0.0,True,optimised_only
57379,17.5,0.5917,0.16219,0.15603,-0.0548,0.2178,1.0,-0.9932,0.0,0.0,True,1.3326,0.28059,0.27517,-0.229,0.1442,1.0,-1.8059,0.0,0.0,True,both_converged
57379,18.0,0.5998,0.16809,0.16196,-0.0569,0.2054,1.0,-0.9971,0.0,0.0,True,1.3502,0.29025,0.28492,-0.2311,0.139,1.0,-1.9716,0.0,0.0,True,both_converged
57379,18.5,0.6094,0.17436,0.16829,-0.059,0.1951,1.0,-1.0033,0.0,0.0,True,1.3619,0.29569,0.29045,-0.237,0.1324,1.0,-2.0542,0.0,0.0,True,both_converged
57379,19.0,0.6189,0.18068,0.17465,-0.0612,0.185,1.0,-1.0056,0.0,0.0,True,1.3757,0.30317,0.29799,-0.2419,0.1287,1.0,-2.1551,0.0,0.0,True,both_converged
57379,19.5,0.6281,0.187,0.18101,-0.0634,0.1747,1.0,-1.0035,0.0,0.0,True,1.3928,0.31155,0.30648,-0.2448,0.1223,1.0,-2.3327,0.0,0.0,True,both_converged
57379,20.0,0.6397,0.19392,0.18797,-0.0654,0.1668,1.0,-1.0229,0.0,0.0,True,1.4048,0.31642,0.31141,-0.252,0.118,1.0,-2.3866,0.0,0.0,True,both_converged
57379,20.5,0.6504,0.20068,0.19478,-0.0675,0.1576,1.0,-1.0394,0.0,0.0,True,1.4236,0.32837,0.32351,-0.2528,0.1133,1.0,-2.6138,0.0,0.0,True,both_converged
57379,21.0,0.6633,0.20803,0.20218,-0.0693,0.1487,1.0,-1.064,0.0,0.0,True,1.4346,0.33036,0.32552,-0.2616,0.1081,1.0,-2.6165,0.0,0.0,True,both_converged
57379,21.5,0.6658,0.21333,0.20752,-0.0725,0.1411,1.0,-1.0303,0.0,0.0,True,1.4505,0.33982,0.33508,-0.2648,0.1045,1.0,-2.7574,0.0,0.0,True,both_converged
57379,22.0,0.672,0.21985,0.21407,-0.0753,0.1342,1.0,-1.0168,0.0,0.0,True,1.4646,0.34513,0.34049,-0.2709,0.0985,1.0,-2.8124,0.0,0.0,True,both_converged
57379,22.5,0.6803,0.22669,0.22096,-0.0778,0.1273,1.0,-1.0256,0.0,0.0,True,1.4786,0.35208,0.34749,-0.2769,0.0943,1.0,-2.8395,0.0,0.0,True,both_converged
57379,23.0,0.6933,0.23456,0.22888,-0.0796,0.1214,1.0,-1.0616,0.0,0.0,True,1.4941,0.36118,0.35668,-0.2806,0.0888,1.0,-2.9061,0.0,0.0,True,both_converged
57379,23.5,0.6977,0.24056,0.23493,-0.0826,0.115,1.0,-1.04,0.0,0.0,True,1.5095,0.36978,0.36536,-0.2848,0.0822,1.0,-2.9219,0.0,0.0,True,both_converged
57379,24.0,0.704,0.2475,0.24191,-0.0854,0.1098,1.0,-1.0245,0.0,0.0,True,1.5235,0.3752,0.37082,-0.292,0.076,1.0,-2.8229,0.0,0.0,True,both_converged
57379,24.5,0.7142,0.25512,0.24958,-0.0876,0.1043,1.0,-1.0424,0.0,0.0,True,1.538,0.38254,0.37818,-0.2981,0.0703,1.0,-2.7364,0.0,0.0,True,both_converged
57379,25.0,0.7202,0.26171,0.25622,-0.0904,0.0986,1.0,-1.0422,0.0,0.0,True,1.5525,0.39049,0.38615,-0.3035,0.0664,1.0,-2.6681,0.0,0.0,True,both_converged
57379,25.5,0.7265,0.26904,0.26359,-0.0932,0.0953,1.0,-1.0381,0.0,0.0,True,,,,,,,,,,False,baseline_only
57379,26.0,0.7361,0.2766,0.27122,-0.0954,0.0899,1.0,-1.065,0.0,0.0,True,,,,,,,,,,False,baseline_only
57379,26.5,0.7395,0.28337,0.27803,-0.0986,0.0859,1.0,-1.0322,0.0,0.0,True,,,,,,,,,,False,baseline_only
57379,27.0,0.7499,0.29171,0.28642,-0.1005,0.0818,1.0,-1.0642,0.0,0.0,True,,,,,,,,,,False,baseline_only
57379,27.5,0.7521,0.29808,0.29284,-0.1039,0.0783,1.0,-1.0159,0.0,0.0,True,,,,,,,,,,False,baseline_only
57379,28.0,,,,,,,,,,False,,,,,,,,,,False,none_converged
57379,28.5,,,,,,,,,,False,,,,,,,,,,False,none_converged
57379,29.0,1.2777,0.38058,0.37448,-0.2055,0.063,1.0,-2.1072,0.0,0.0,True,,,,,,,,,,False,baseline_only
57379,29.5,1.2907,0.38806,0.382,-0.2099,0.0612,1.0,-2.1389,0.0,0.0,True,,,,,,,,,,False,baseline_only
57379,30.0,1.3024,0.39309,0.38708,-0.2164,0.0585,1.0,-2.1067,0.0,0.0,True,1.6817,0.46368,0.45978,-0.3584,0.0408,1.0,-2.4595,0.0,0.0,True,both_converged
62187,-30.0,,,,,,,,,,False,,,,,,,,,,False,none_converged
62187,-29.5,,,,,,,,,,False,-0.863,0.35214,0.34481,0.0789,1.0,0.0288,-1.4661,0.0,0.0,True,optimised_only
62187,-29.0,,,,,,,,,,False,,,,,,,,,,False,none_converged
62187,-28.5,-0.8472,0.33951,0.33231,0.0859,1.0,0.0394,-1.6544,0.0,0.0,True,,,,,,,,,,False,baseline_only
62187,-28.0,-0.8317,0.33386,0.32663,0.0813,1.0,0.0407,-1.6134,0.0,0.0,True,-0.8187,0.33626,0.32883,0.0639,1.0,0.03,-1.4367,0.0,0.0,True,both_converged
62187,-27.5,-0.8159,0.32862,0.32136,0.0764,1.0,0.0423,-1.5885,0.0,0.0,True,-0.8036,0.33081,0.32334,0.0591,1.0,0.0309,-1.4083,0.0,0.0,True,both_converged
62187,-27.0,-0.8,0.32418,0.31689,0.071,1.0,0.0436,-1.603,0.0,0.0,True,-0.7882,0.32535,0.31785,0.0544,1.0,0.0317,-1.3844,0.0,0.0,True,both_converged
62187,-26.5,-0.7841,0.31871,0.31142,0.0661,1.0,0.0444,-1.6075,0.0,0.0,True,-0.7727,0.31984,0.3123,0.0497,1.0,0.0325,-1.3619,0.0,0.0,True,both_converged
62187,-26.0,-0.7675,0.31251,0.3052,0.062,1.0,0.0463,-1.5689,0.0,0.0,True,-0.7569,0.31438,0.30681,0.0449,1.0,0.0332,-1.3418,0.0,0.0,True,both_converged
62187,-25.5,-0.7509,0.30724,0.29989,0.0573,1.0,0.0482,-1.5632,0.0,0.0,True,-0.7409,0.30933,0.30174,0.0401,1.0,0.0336,-1.3377,0.0,0.0,True,both_converged
62187,-25.0,-0.7349,0.30336,0.29601,0.0517,1.0,0.0494,-1.594,0.0,0.0,True,,,,,,,,,,False,baseline_only
62187,-24.5,-0.718,0.296,0.28864,0.0479,1.0,0.0504,-1.5561,0.0,0.0,True,-0.7095,0.29727,0.28965,0.0315,1.0,0.0345,-1.3309,0.0,0.0,True,both_converged
62187,-24.0,-0.7009,0.2898,0.28242,0.0439,1.0,0.0525,-1.5201,0.0,0.0,True,-0.6935,0.29126,0.28362,0.0275,1.0,0.0354,-1.3141,0.0,0.0,True,both_converged
62187,-23.5,-0.6844,0.28434,0.27694,0.0392,1.0,0.0546,-1.5143,0.0,0.0,True,-0.6774,0.2855,0.27785,0.0235,1.0,0.0364,-1.3061,0.0,0.0,True,both_converged
62187,-23.0,-0.6688,0.27922,0.27184,0.0342,1.0,0.0557,-1.5289,0.0,0.0,True,-0.6611,0.27985,0.27219,0.0194,1.0,0.0375,-1.3042,0.0,0.0,True,both_converged
62187,-22.5,-0.6506,0.27186,0.26445,0.031,1.0,0.0583,-1.4833,0.0,0.0,True,-0.6449,0.27464,0.26697,0.0151,1.0,0.0383,-1.3157,0.0,0.0,True,both_converged
62187,-22.0,-0.6345,0.26663,0.25922,0.0264,1.0,0.061,-1.5025,0.0,0.0,True,,,,,,,,,,False,baseline_only
62187,-21.5,-0.6182,0.2604,0.253,0.0222,1.0,0.0623,-1.508,0.0,0.0,True,-0.6129,0.26259,0.25493,0.0079,1.0,0.0398,-1.2903,0.0,0.0,True,both_converged
62187,-21.0,-0.6002,0.2536,0.24618,0.019,1.0,0.0649,-1.4714,0.0,0.0,True,-0.5968,0.25672,0.24906,0.0046,1.0,0.041,-1.2667,0.0,0.0,True,both_converged
62187,-20.5,-0.585,0.2485,0.24108,0.0144,1.0,0.0676,-1.49,0.0,0.0,True,-0.581,0.25106,0.24339,0.0012,1.0,0.0424,-1.2541,0.0,0.0,True,both_converged
62187,-20.0,-0.5681,0.24161,0.2342,0.0109,1.0,0.0692,-1.4708,0.0,0.0,True,-0.5655,0.24591,0.23826,-0.0024,1.0,0.0435,-1.2561,0.0,0.0,True,both_converged
62187,-19.5,-0.5508,0.23528,0.22787,0.0076,1.0,0.0729,-1.438,0.0,0.0,True,,,,,,,,,,False,baseline_only
62187,-19.0,-0.5374,0.23015,0.22276,0.0032,1.0,0.0754,-1.4579,0.0,0.0,True,-0.5351,0.2341,0.2265,-0.0081,1.0,0.0452,-1.2462,0.0,0.0,True,both_converged
62187,-18.5,-0.5186,0.22289,0.21549,0.0008,1.0,0.0792,-1.4153,0.0,0.0,True,-0.52,0.22835,0.22077,-0.0107,1.0,0.0469,-1.2409,0.0,0.0,True,both_converged
62187,-18.0,-0.5094,0.21946,0.21209,-0.0043,1.0,0.0819,-1.4857,0.0,0.0,True,-0.5058,0.22304,0.21548,-0.0133,1.0,0.0485,-1.2558,0.0,0.0,True,both_converged
62187,-17.5,-0.4877,0.21047,0.20309,-0.0058,1.0,0.0852,-1.4199,0.0,0.0,True,-0.4935,0.21896,0.21145,-0.0164,1.0,0.0494,-1.3039,0.0,0.0,True,both_converged
62187,-17.0,-0.4771,0.20588,0.19853,-0.01,1.0,0.0891,-1.4591,0.0,0.0,True,-0.479,0.21199,0.20452,-0.0178,1.0,0.0506,-1.2769,0.0,0.0,True,both_converged
62187,-16.5,-0.4581,0.19803,0.1907,-0.0118,1.0,0.0926,-1.4116,0.0,0.0,True,-0.4659,0.20641,0.19897,-0.0193,1.0,0.0527,-1.2665,0.0,0.0,True,both_converged
62187,-16.0,-0.454,0.19488,0.18758,-0.0165,1.0,0.097,-1.4774,0.0,0.0,True,-0.455,0.20177,0.19439,-0.0212,1.0,0.0548,-1.2915,0.0,0.0,True,both_converged
62187,-15.5,-0.4304,0.18576,0.17846,-0.0173,1.0,0.1022,-1.3893,0.0,0.0,True,-0.4447,0.19661,0.18931,-0.0226,1.0,0.056,-1.308,0.0,0.0,True,both_converged
62187,-15.0,-0.4223,0.1804,0.17315,-0.0207,1.0,0.1058,-1.4173,0.0,0.0,True,-0.4328,0.19076,0.1835,-0.0231,1.0,0.0586,-1.2798,0.0,0.0,True,both_converged
62187,-14.5,-0.4062,0.17364,0.1664,-0.0224,1.0,0.1115,-1.3962,0.0,0.0,True,-0.4245,0.1864,0.17921,-0.0243,1.0,0.061,-1.3042,0.0,0.0,True,both_converged
62187,-14.0,-0.3944,0.1672,0.16,-0.0247,1.0,0.1156,-1.4028,0.0,0.0,True,-0.4167,0.18143,0.17434,-0.0249,1.0,0.0622,-1.3199,0.0,0.0,True,both_converged
62187,-13.5,-0.3966,0.16373,0.15659,-0.0283,1.0,0.1217,-1.4726,0.0,0.0,True,-0.4068,0.17577,0.16874,-0.0246,1.0,0.0648,-1.2899,0.0,0.0,True,both_converged
62187,-13.0,-0.3754,0.15561,0.14848,-0.0289,1.0,0.1293,-1.4111,0.0,0.0,True,-0.4019,0.17169,0.16475,-0.0249,1.0,0.0674,-1.3135,0.0,0.0,True,both_converged
62187,-12.5,-0.3622,0.14881,0.14172,-0.0301,1.0,0.1346,-1.3896,0.0,0.0,True,-0.3969,0.16691,0.16006,-0.0246,1.0,0.0689,-1.3248,0.0,0.0,True,both_converged
62187,-12.0,-0.3605,0.14345,0.13644,-0.0325,1.0,0.1406,-1.4206,0.0,0.0,True,-0.3899,0.16167,0.1549,-0.0234,1.0,0.072,-1.2965,0.0,0.0,True,both_converged
62187,-11.5,-0.3575,0.13833,0.13139,-0.0342,1.0,0.1484,-1.4353,0.0,0.0,True,-0.3903,0.1585,0.15184,-0.0231,1.0,0.0746,-1.3359,0.0,0.0,True,both_converged
62187,-11.0,-0.3473,0.13199,0.12511,-0.0348,1.0,0.1576,-1.4262,0.0,0.0,True,-0.3846,0.15288,0.14632,-0.0215,1.0,0.0766,-1.3107,0.0,0.0,True,both_converged
62187,-10.5,-0.3383,0.1258,0.11899,-0.035,1.0,0.1666,-1.4156,0.0,0.0,True,-0.3825,0.14868,0.14222,-0.0201,1.0,0.0804,-1.3075,0.0,0.0,True,both_converged
62187,-10.0,-0.3307,0.11972,0.113,-0.0349,1.0,0.1747,-1.4051,0.0,0.0,True,,,,,,,,,,False,baseline_only
62187,-9.5,-0.3291,0.11424,0.10764,-0.0345,1.0,0.1832,-1.4076,0.0,0.0,True,-0.3808,0.14019,0.13394,-0.0168,1.0,0.0874,-1.3469,0.0,0.0,True,both_converged
62187,-9.0,-0.3307,0.10923,0.10276,-0.0335,1.0,0.1941,-1.4083,0.0,0.0,True,,,,,,,,,,False,baseline_only
62187,-8.5,-0.3372,0.10465,0.09833,-0.0315,1.0,0.2058,-1.4124,0.0,0.0,True,-0.3828,0.13203,0.12601,-0.013,1.0,0.0949,-1.3885,0.0,0.0,True,both_converged
62187,-8.0,-0.3482,0.10034,0.09419,-0.0285,1.0,0.2164,-1.427,0.0,0.0,True,-0.4015,0.13132,0.12546,-0.0114,1.0,0.0971,-1.4886,0.0,0.0,True,both_converged
62187,-7.5,-0.3659,0.09645,0.09048,-0.0243,1.0,0.2258,-1.4509,0.0,0.0,True,-0.3891,0.12413,0.11835,-0.0082,1.0,0.1021,-1.4297,0.0,0.0,True,both_converged
62187,-7.0,,,,,,,,,,False,-0.4121,0.12336,0.11774,-0.0053,1.0,0.1049,-1.5188,0.0,0.0,True,optimised_only
62187,-6.5,,,,,,,,,,False,-0.404,0.11697,0.11145,-0.002,1.0,0.1097,-1.475,0.0,0.0,True,optimised_only
62187,-6.0,-0.4389,0.08538,0.08,-0.0107,1.0,0.2603,-1.5336,0.0,0.0,True,,,,,,,,,,False,baseline_only
62187,-5.5,,,,,,,,,,False,-0.3985,0.10844,0.10313,-0.0035,1.0,0.1211,-1.5283,0.0,0.0,True,optimised_only
62187,-5.0,,,,,,,,,,False,-0.3842,0.10282,0.0976,-0.005,1.0,0.1295,-1.5132,0.0,0.0,True,optimised_only
62187,-4.5,-0.424,0.06018,0.05436,-0.0303,1.0,0.2292,-1.7462,0.0,0.0,True,,,,,,,,,,False,baseline_only
62187,-4.0,-0.4104,0.05863,0.05298,-0.0241,1.0,0.2822,-1.6017,0.0,0.0,True,-0.329,0.09048,0.08538,-0.0153,1.0,0.1498,-1.4722,0.0,0.0,True,both_converged
62187,-3.5,,,,,,,,,,False,-0.2944,0.08399,0.07891,-0.019,1.0,0.1622,-1.403,0.0,0.0,True,optimised_only
62187,-3.0,-0.2426,0.03347,0.02388,-0.0535,1.0,0.1876,-1.8121,0.0,0.0,True,-0.2427,0.07744,0.07236,-0.0277,1.0,0.1826,-1.3365,0.0,0.0,True,both_converged
62187,-2.5,-0.1473,0.03204,0.02214,-0.0625,0.9844,0.2225,-1.5628,0.0,0.0,True,-0.1617,0.0704,0.06525,-0.0442,1.0,0.2103,-1.286,0.0,0.0,True,both_converged
62187,-2.0,-0.0551,0.03117,0.02117,-0.0706,0.9653,0.2744,-1.3288,0.0,0.0,True,,,,,,,,,,False,baseline_only
62187,-1.5,0.0305,0.03044,0.02064,-0.0771,0.9453,0.3523,-1.1127,0.0,0.0,True,0.1208,0.05029,0.04441,-0.1025,1.0,0.2007,-1.1732,0.0,0.0,True,both_converged
62187,-1.0,0.1123,0.02946,0.02039,-0.0824,0.9256,0.4991,-0.9161,0.0,0.0,True,0.3925,0.03642,0.02843,-0.1571,1.0,0.2212,-1.0712,0.0,0.0,True,both_converged
62187,-0.5,0.1779,0.02816,0.02026,-0.0826,0.9037,1.0,-0.7598,0.0,0.0,True,0.457,0.03624,0.02828,-0.1588,1.0,0.2796,-0.8374,0.0,0.0,True,both_converged
62187,0.0,0.2499,0.02912,0.02061,-0.0867,0.8802,1.0,-0.6003,0.0,0.0,True,0.5155,0.0365,0.02869,-0.1592,1.0,0.344,-0.7952,0.0,0.0,True,both_converged
62187,0.5,0.3172,0.03005,0.02116,-0.0896,0.8571,1.0,-0.6221,0.0,0.0,True,0.78,0.02617,0.01867,-0.1871,0.8293,0.5102,-1.1091,0.0,0.0,True,both_converged
62187,1.0,0.3834,0.03093,0.02177,-0.092,0.835,1.0,-0.6681,0.0,0.0,True,0.8602,0.02666,0.01611,-0.1868,0.3717,0.5785,-1.2403,0.0,0.0,True,both_converged
62187,1.5,0.449,0.03174,0.02239,-0.0941,0.8137,1.0,-0.7163,0.0,0.0,True,0.9389,0.02763,0.01649,-0.1903,0.333,0.6488,-1.3767,0.0,0.0,True,both_converged
62187,2.0,0.5106,0.03259,0.02311,-0.0954,0.7926,1.0,-0.765,0.0,0.0,True,1.0229,0.02843,0.01704,-0.1948,0.3056,0.7394,-1.5269,0.0,0.0,True,both_converged
62187,2.5,0.5679,0.03353,0.02398,-0.096,0.7715,1.0,-0.8136,0.0,0.0,True,1.0896,0.0299,0.01855,-0.1967,0.2864,1.0,-1.6629,0.0,0.0,True,both_converged
62187,3.0,0.6218,0.0346,0.02502,-0.0959,0.7505,1.0,-0.8635,0.0,0.0,True,1.157,0.03258,0.02099,-0.1988,0.2695,1.0,-1.8054,0.0,0.0,True,both_converged
62187,3.5,0.698,0.03448,0.02491,-0.098,0.7346,1.0,-0.9391,0.0,0.0,True,1.2171,0.0355,0.02383,-0.1993,0.2559,1.0,-1.943,0.0,0.0,True,both_converged
62187,4.0,0.7423,0.03592,0.0264,-0.0965,0.7125,1.0,-0.996,0.0,0.0,True,1.2719,0.0387,0.0272,-0.1987,0.2442,1.0,-2.0801,0.0,0.0,True,both_converged
62187,4.5,0.7847,0.03754,0.02809,-0.0948,0.6905,1.0,-1.0695,0.0,0.0,True,1.3229,0.04229,0.03111,-0.1973,0.2337,1.0,-2.21,0.0,0.0,True,both_converged
62187,5.0,0.8577,0.03711,0.0278,-0.0955,0.6742,1.0,-1.2129,0.0,0.0,True,1.3695,0.04656,0.03592,-0.1952,0.2252,1.0,-2.3283,0.0,0.0,True,both_converged
62187,5.5,0.8975,0.03879,0.02963,-0.0933,0.6513,1.0,-1.334,0.0,0.0,True,1.4131,0.05149,0.04127,-0.193,0.2185,1.0,-2.4509,0.0,0.0,True,both_converged
62187,6.0,0.9378,0.04039,0.03139,-0.0909,0.6279,1.0,-1.4757,0.0,0.0,True,1.4476,0.05735,0.04794,-0.1893,0.2132,1.0,-2.5331,0.0,0.0,True,both_converged
62187,6.5,,,,,,,,,,False,1.4763,0.06438,0.05565,-0.1853,0.2116,1.0,-2.6056,0.0,0.0,True,optimised_only
62187,7.0,1.0673,0.03914,0.03057,-0.0885,0.5824,1.0,-1.9366,0.0,0.0,True,1.4883,0.07444,0.06671,-0.1801,0.2225,1.0,-2.5858,0.0,0.0,True,both_converged
62187,7.5,1.1311,0.03787,0.02952,-0.0864,0.553,1.0,-2.2131,0.0,0.0,True,,,,,,,,,,False,baseline_only
62187,8.0,1.2139,0.03485,0.02659,-0.0856,0.5185,1.0,-2.5802,0.0,0.0,True,,,,,,,,,,False,baseline_only
62187,8.5,1.2648,0.03381,0.02568,-0.082,0.477,1.0,-2.8805,0.0,0.0,True,,,,,,,,,,False,baseline_only
62187,9.0,1.3124,0.03256,0.02438,-0.0778,0.4275,1.0,-3.1935,0.0,0.0,True,0.8225,0.11242,0.10728,-0.1291,0.3264,1.0,-1.0501,0.0,0.0,True,both_converged
62187,9.5,1.3283,0.0328,0.02466,-0.0701,0.3681,1.0,-3.4056,0.0,0.0,True,0.8162,0.1187,0.11353,-0.1297,0.3037,1.0,-1.0336,0.0,0.0,True,both_converged
62187,10.0,1.3284,0.03419,0.02566,-0.0608,0.2993,1.0,-3.5736,0.0,0.0,True,0.8308,0.12578,0.12059,-0.13,0.2883,1.0,-1.064,0.0,0.0,True,both_converged
62187,10.5,1.3193,0.03733,0.02828,-0.0518,0.2398,1.0,-3.6911,0.0,0.0,True,0.8219,0.13171,0.1265,-0.1318,0.2701,1.0,-1.0301,0.0,0.0,True,both_converged
62187,11.0,1.3248,0.0413,0.03184,-0.0459,0.1947,1.0,-3.8393,0.0,0.0,True,0.8353,0.13838,0.13316,-0.1323,0.2556,1.0,-1.0573,0.0,0.0,True,both_converged
62187,11.5,1.3484,0.04541,0.03572,-0.0423,0.1619,1.0,-4.0345,0.0,0.0,True,0.8456,0.14528,0.14009,-0.1334,0.2434,1.0,-1.0757,0.0,0.0,True,both_converged
62187,12.0,1.3887,0.04986,0.04001,-0.0408,0.1379,1.0,-4.2944,0.0,0.0,True,0.8638,0.15301,0.14783,-0.1338,0.2312,1.0,-1.1148,0.0,0.0,True,both_converged
62187,12.5,1.4322,0.05499,0.04522,-0.0399,0.1213,1.0,-4.5643,0.0,0.0,True,0.8623,0.159,0.15383,-0.1362,0.2206,1.0,-1.0955,0.0,0.0,True,both_converged
62187,13.0,1.4443,0.06069,0.05138,-0.0362,0.1122,1.0,-4.7107,0.0,0.0,True,0.8629,0.16505,0.1599,-0.1385,0.2104,1.0,-1.0805,0.0,0.0,True,both_converged
62187,13.5,1.4313,0.06717,0.05851,-0.031,0.1074,1.0,-4.7517,0.0,0.0,True,0.8666,0.17142,0.1663,-0.1407,0.2003,1.0,-1.0708,0.0,0.0,True,both_converged
62187,14.0,1.4139,0.07445,0.06626,-0.0272,0.1035,1.0,-4.7799,0.0,0.0,True,0.8688,0.1779,0.17282,-0.1434,0.1925,1.0,-1.0508,0.0,0.0,True,both_converged
62187,14.5,1.361,0.08395,0.07641,-0.0244,0.1029,1.0,-4.6543,0.0,0.0,True,0.8764,0.18484,0.17979,-0.1455,0.1847,1.0,-1.0566,0.0,0.0,True,both_converged
62187,15.0,1.2976,0.09643,0.08944,-0.0256,0.1036,1.0,-4.4596,0.0,0.0,True,0.8903,0.1926,0.18759,-0.1468,0.1772,1.0,-1.0854,0.0,0.0,True,both_converged
62187,15.5,1.2322,0.11213,0.10554,-0.031,0.105,1.0,-4.2122,0.0,0.0,True,0.8972,0.19917,0.19423,-0.149,0.1692,1.0,-1.0862,0.0,0.0,True,both_converged
62187,16.0,,,,,,,,,,False,0.8996,0.20572,0.20082,-0.152,0.1621,1.0,-1.0671,0.0,0.0,True,optimised_only
62187,16.5,0.576,0.14936,0.14337,-0.0503,0.2293,1.0,-1.0071,0.0,0.0,True,0.9091,0.21338,0.20853,-0.154,0.1567,1.0,-1.077,0.0,0.0,True,both_converged
62187,17.0,0.5827,0.15503,0.14907,-0.0524,0.2159,1.0,-1.0014,0.0,0.0,True,0.9205,0.22091,0.21615,-0.1557,0.1496,1.0,-1.0986,0.0,0.0,True,both_converged
62187,17.5,0.592,0.16118,0.15526,-0.0545,0.2051,1.0,-0.9986,0.0,0.0,True,0.9223,0.22759,0.22287,-0.159,0.1435,1.0,-1.0744,0.0,0.0,True,both_converged
62187,18.0,0.6016,0.16724,0.16136,-0.0565,0.1929,1.0,-1.0104,0.0,0.0,True,0.9349,0.23619,0.23154,-0.1605,0.1389,1.0,-1.105,0.0,0.0,True,both_converged
62187,18.5,0.6106,0.17358,0.16775,-0.0587,0.1838,1.0,-1.013,0.0,0.0,True,0.9385,0.24279,0.23821,-0.1636,0.1327,1.0,-1.0827,0.0,0.0,True,both_converged
62187,19.0,0.6199,0.17981,0.17402,-0.0609,0.1731,1.0,-1.0155,0.0,0.0,True,0.9448,0.2506,0.24609,-0.1662,0.128,1.0,-1.0849,0.0,0.0,True,both_converged
62187,19.5,0.6291,0.18629,0.18054,-0.0632,0.1645,1.0,-1.0115,0.0,0.0,True,0.956,0.25891,0.25448,-0.1678,0.1225,1.0,-1.198,0.0,0.0,True,both_converged
62187,20.0,0.6398,0.19303,0.18732,-0.0653,0.1566,1.0,-1.0288,0.0,0.0,True,0.9585,0.26634,0.26198,-0.1712,0.1186,1.0,-1.236,0.0,0.0,True,both_converged
62187,20.5,0.6497,0.19963,0.19397,-0.0675,0.1476,1.0,-1.0417,0.0,0.0,True,,,,,,,,,,False,baseline_only
62187,21.0,0.6657,0.20752,0.20191,-0.069,0.1395,1.0,-1.0833,0.0,0.0,True,,,,,,,,,,False,baseline_only
62187,21.5,0.6662,0.21259,0.20701,-0.0724,0.1322,1.0,-1.0365,0.0,0.0,True,,,,,,,,,,False,baseline_only
62187,22.0,0.6728,0.21917,0.21362,-0.0752,0.1251,1.0,-1.0277,0.0,0.0,True,,,,,,,,,,False,baseline_only
62187,22.5,0.6812,0.22614,0.22063,-0.0777,0.1193,1.0,-1.036,0.0,0.0,True,,,,,,,,,,False,baseline_only
62187,23.0,0.697,0.23452,0.22907,-0.0791,0.1132,1.0,-1.0922,0.0,0.0,True,,,,,,,,,,False,baseline_only
62187,23.5,0.6973,0.23986,0.23445,-0.0827,0.1074,1.0,-1.0413,0.0,0.0,True,,,,,,,,,,False,baseline_only
62187,24.0,0.7044,0.24693,0.24156,-0.0854,0.1022,1.0,-1.032,0.0,0.0,True,,,,,,,,,,False,baseline_only
62187,24.5,0.7179,0.25519,0.24987,-0.0871,0.0969,1.0,-1.0775,0.0,0.0,True,,,,,,,,,,False,baseline_only
62187,25.0,0.7193,0.26107,0.25579,-0.0907,0.0923,1.0,-1.0386,0.0,0.0,True,,,,,,,,,,False,baseline_only
62187,25.5,0.7288,0.26891,0.26368,-0.0929,0.0888,1.0,-1.0638,0.0,0.0,True,,,,,,,,,,False,baseline_only
62187,26.0,0.7342,0.27556,0.27038,-0.0958,0.0835,1.0,-1.0535,0.0,0.0,True,,,,,,,,,,False,baseline_only
62187,26.5,0.74,0.28293,0.2778,-0.0986,0.08,1.0,-1.0403,0.0,0.0,True,,,,,,,,,,False,baseline_only
62187,27.0,0.7482,0.29034,0.28527,-0.1009,0.0757,1.0,-1.0543,0.0,0.0,True,,,,,,,,,,False,baseline_only
62187,27.5,0.7527,0.29774,0.29271,-0.104,0.0733,1.0,-1.0233,0.0,0.0,True,,,,,,,,,,False,baseline_only
62187,28.0,0.7592,0.30501,0.30004,-0.1065,0.0694,1.0,-1.034,0.0,0.0,True,1.0437,0.41777,0.41439,-0.211,0.0491,1.0,-1.3331,0.0,0.0,True,both_converged
62187,28.5,0.7646,0.31267,0.30774,-0.1093,0.067,1.0,-1.033,0.0,0.0,True,1.0458,0.42768,0.42435,-0.2137,0.0468,1.0,-1.2753,0.0,0.0,True,both_converged
62187,29.0,0.7702,0.31988,0.31502,-0.1119,0.0629,1.0,-1.0384,0.0,0.0,True,1.05,0.43784,0.43457,-0.2157,0.0443,1.0,-1.2784,0.0,0.0,True,both_converged
62187,29.5,0.7758,0.32775,0.32294,-0.1145,0.061,1.0,-1.0394,0.0,0.0,True,1.0518,0.44818,0.44494,-0.2183,0.0433,1.0,-1.2557,0.0,0.0,True,both_converged
62187,30.0,0.7795,0.33493,0.33016,-0.1175,0.0581,1.0,-1.0168,0.0,0.0,True,1.0537,0.45818,0.455,-0.2208,0.0412,1.0,-1.2369,0.0,0.0,True,both_converged
66878,-30.0,,,,,,,,,,False,,,,,,,,,,False,none_converged
66878,-29.5,-0.8774,0.34949,0.34259,0.0964,1.0,0.0351,-1.6724,0.0,0.0,True,-0.8632,0.35167,0.34459,0.0792,1.0,0.0268,-1.4535,0.0,0.0,True,both_converged
66878,-29.0,-0.8624,0.34421,0.33729,0.0914,1.0,0.0364,-1.6499,0.0,0.0,True,-0.8486,0.34639,0.33928,0.0741,1.0,0.0275,-1.4465,0.0,0.0,True,both_converged
66878,-28.5,-0.8471,0.33912,0.33216,0.0863,1.0,0.0377,-1.6393,0.0,0.0,True,-0.8336,0.34124,0.33409,0.069,1.0,0.0281,-1.4401,0.0,0.0,True,both_converged
66878,-28.0,-0.8316,0.33504,0.32805,0.0806,1.0,0.0385,-1.6524,0.0,0.0,True,-0.8183,0.33626,0.32907,0.0639,1.0,0.0287,-1.4363,0.0,0.0,True,both_converged
66878,-27.5,-0.8161,0.32909,0.3221,0.0759,1.0,0.0391,-1.6257,0.0,0.0,True,,,,,,,,,,False,baseline_only
66878,-27.0,-0.8,0.32305,0.31602,0.0716,1.0,0.0404,-1.5842,0.0,0.0,True,,,,,,,,,,False,baseline_only
66878,-26.5,-0.7838,0.31773,0.31068,0.0669,1.0,0.0422,-1.576,0.0,0.0,True,,,,,,,,,,False,baseline_only
66878,-26.0,-0.7675,0.31356,0.3065,0.0614,1.0,0.0437,-1.6054,0.0,0.0,True,,,,,,,,,,False,baseline_only
66878,-25.5,-0.7511,0.30736,0.30029,0.057,1.0,0.0446,-1.5904,0.0,0.0,True,-0.741,0.30824,0.30093,0.0406,1.0,0.0314,-1.3091,0.0,0.0,True,both_converged
66878,-25.0,-0.7342,0.30121,0.29412,0.0529,1.0,0.0463,-1.5535,0.0,0.0,True,-0.7251,0.30251,0.29517,0.0361,1.0,0.0322,-1.3108,0.0,0.0,True,both_converged
66878,-24.5,-0.7175,0.29563,0.28852,0.0483,1.0,0.0482,-1.5432,0.0,0.0,True,-0.709,0.29692,0.28956,0.0317,1.0,0.033,-1.3183,0.0,0.0,True,both_converged
66878,-24.0,-0.7018,0.29137,0.28425,0.0428,1.0,0.0494,-1.5736,0.0,0.0,True,-0.6927,0.29167,0.2843,0.0271,1.0,0.0335,-1.3357,0.0,0.0,True,both_converged
66878,-23.5,-0.6845,0.28379,0.27666,0.0392,1.0,0.0505,-1.5244,0.0,0.0,True,,,,,,,,,,False,baseline_only
66878,-23.0,-0.6673,0.27758,0.27044,0.0353,1.0,0.0527,-1.4846,0.0,0.0,True,,,,,,,,,,False,baseline_only
66878,-22.5,-0.6512,0.27251,0.26536,0.0304,1.0,0.055,-1.5155,0.0,0.0,True,,,,,,,,,,False,baseline_only
66878,-22.0,-0.6343,0.26573,0.25859,0.0266,1.0,0.0565,-1.5044,0.0,0.0,True,,,,,,,,,,False,baseline_only
66878,-21.5,-0.6168,0.25943,0.25227,0.0229,1.0,0.0592,-1.4807,0.0,0.0,True,,,,,,,,,,False,baseline_only
66878,-21.0,-0.6018,0.25465,0.24749,0.018,1.0,0.0613,-1.516,0.0,0.0,True,,,,,,,,,,False,baseline_only
66878,-20.5,-0.5841,0.24729,0.24014,0.0148,1.0,0.0628,-1.4853,0.0,0.0,True,,,,,,,,,,False,baseline_only
66878,-20.0,-0.5668,0.24097,0.23381,0.0114,1.0,0.0658,-1.4566,0.0,0.0,True,,,,,,,,,,False,baseline_only
66878,-19.5,-0.5544,0.23698,0.22984,0.0062,1.0,0.068,-1.5037,0.0,0.0,True,-0.5493,0.23923,0.23187,-0.0052,1.0,0.0415,-1.2266,0.0,0.0,True,both_converged
66878,-19.0,-0.5343,0.22853,0.22138,0.0041,1.0,0.0708,-1.4264,0.0,0.0,True,-0.5342,0.23377,0.22643,-0.0082,1.0,0.0429,-1.2405,0.0,0.0,True,both_converged
66878,-18.5,-0.5212,0.22377,0.21664,-0.0003,1.0,0.0746,-1.4595,0.0,0.0,True,-0.5202,0.22919,0.22187,-0.0115,1.0,0.0438,-1.2823,0.0,0.0,True,both_converged
66878,-18.0,-0.5032,0.21625,0.20913,-0.0028,1.0,0.0769,-1.4321,0.0,0.0,True,-0.5057,0.22285,0.21556,-0.0138,1.0,0.0445,-1.2789,0.0,0.0,True,both_converged
66878,-17.5,-0.4883,0.21041,0.20329,-0.0061,1.0,0.0808,-1.4362,0.0,0.0,True,-0.4912,0.21681,0.20955,-0.0156,1.0,0.0461,-1.2586,0.0,0.0,True,both_converged
66878,-17.0,-0.4746,0.20417,0.19708,-0.0095,1.0,0.083,-1.4495,0.0,0.0,True,-0.4779,0.21143,0.2042,-0.0177,1.0,0.0479,-1.2651,0.0,0.0,True,both_converged
66878,-16.5,-0.458,0.19766,0.19057,-0.012,1.0,0.0874,-1.4215,0.0,0.0,True,-0.4666,0.20698,0.1998,-0.02,1.0,0.0493,-1.3041,0.0,0.0,True,both_converged
66878,-16.0,-0.4456,0.19156,0.18451,-0.0152,1.0,0.0907,-1.4303,0.0,0.0,True,-0.4547,0.20113,0.19403,-0.0214,1.0,0.0502,-1.3053,0.0,0.0,True,both_converged
66878,-15.5,-0.4331,0.18593,0.17889,-0.0181,1.0,0.0963,-1.4232,0.0,0.0,True,-0.4426,0.19542,0.18837,-0.0221,1.0,0.0524,-1.2809,0.0,0.0,True,both_converged
66878,-15.0,-0.4176,0.17889,0.17187,-0.0201,1.0,0.0996,-1.3931,0.0,0.0,True,-0.4331,0.19083,0.18382,-0.0235,1.0,0.0548,-1.3029,0.0,0.0,True,both_converged
66878,-14.5,-0.4115,0.17416,0.16718,-0.0236,1.0,0.1046,-1.4424,0.0,0.0,True,-0.4249,0.18599,0.17907,-0.0245,1.0,0.0559,-1.3268,0.0,0.0,True,both_converged
66878,-14.0,-0.3928,0.16642,0.15946,-0.0247,1.0,0.1088,-1.4027,0.0,0.0,True,-0.4142,0.1802,0.17334,-0.0244,1.0,0.0584,-1.2923,0.0,0.0,True,both_converged
66878,-13.5,-0.3907,0.16155,0.15465,-0.0281,1.0,0.1137,-1.4603,0.0,0.0,True,-0.4078,0.17586,0.16908,-0.0248,1.0,0.0609,-1.313,0.0,0.0,True,both_converged
66878,-13.0,-0.3781,0.15528,0.14841,-0.0296,1.0,0.1211,-1.4401,0.0,0.0,True,-0.4036,0.17165,0.16498,-0.0252,1.0,0.062,-1.3456,0.0,0.0,True,both_converged
66878,-12.5,-0.3619,0.14809,0.14125,-0.0305,1.0,0.1267,-1.4003,0.0,0.0,True,-0.3947,0.1658,0.15919,-0.0239,1.0,0.0646,-1.3026,0.0,0.0,True,both_converged
66878,-12.0,-0.3578,0.1423,0.13552,-0.0327,1.0,0.132,-1.4226,0.0,0.0,True,-0.3918,0.16182,0.15529,-0.0235,1.0,0.0673,-1.3228,0.0,0.0,True,both_converged
66878,-11.5,-0.3584,0.13752,0.13083,-0.0349,1.0,0.1392,-1.4545,0.0,0.0,True,-0.3902,0.15758,0.15117,-0.0229,1.0,0.0687,-1.3448,0.0,0.0,True,both_converged
66878,-11.0,-0.3431,0.13058,0.12392,-0.035,1.0,0.1473,-1.4239,0.0,0.0,True,-0.3842,0.15233,0.146,-0.021,1.0,0.0718,-1.3075,0.0,0.0,True,both_converged
66878,-10.5,-0.3355,0.12459,0.11801,-0.0354,1.0,0.1559,-1.4193,0.0,0.0,True,-0.3868,0.14924,0.14302,-0.0203,1.0,0.0745,-1.3469,0.0,0.0,True,both_converged
66878,-10.0,-0.3306,0.11876,0.11228,-0.0355,1.0,0.1635,-1.4192,0.0,0.0,True,-0.3828,0.14389,0.13777,-0.0183,1.0,0.0766,-1.3393,0.0,0.0,True,both_converged
66878,-9.5,-0.3321,0.11341,0.10705,-0.0354,1.0,0.1712,-1.435,0.0,0.0,True,-0.3829,0.13998,0.13395,-0.0166,1.0,0.0807,-1.3603,0.0,0.0,True,both_converged
66878,-9.0,,,,,,,,,,False,,,,,,,,,,False,none_converged
66878,-8.5,-0.3725,0.10596,0.09999,-0.0334,1.0,0.1883,-1.5478,0.0,0.0,True,-0.385,0.13183,0.12602,-0.0128,1.0,0.088,-1.402,0.0,0.0,True,both_converged
66878,-8.0,-0.3856,0.10174,0.09594,-0.0294,1.0,0.1986,-1.5477,0.0,0.0,True,,,,,,,,,,False,baseline_only
66878,-7.5,-0.4007,0.09768,0.09205,-0.0242,1.0,0.2088,-1.5461,0.0,0.0,True,,,,,,,,,,False,baseline_only
66878,-7.0,-0.4128,0.09332,0.08784,-0.0191,1.0,0.2184,-1.543,0.0,0.0,True,-0.4163,0.12341,0.11801,-0.0052,1.0,0.097,-1.545,0.0,0.0,True,both_converged
66878,-6.5,-0.4296,0.08891,0.08359,-0.0153,1.0,0.2279,-1.5579,0.0,0.0,True,-0.4057,0.1166,0.11128,-0.0018,1.0,0.1018,-1.4853,0.0,0.0,True,both_converged
66878,-6.0,-0.4492,0.0843,0.07913,-0.0136,1.0,0.2401,-1.5899,0.0,0.0,True,,,,,,,,,,False,baseline_only
66878,-5.5,,,,,,,,,,False,-0.3999,0.10768,0.10256,-0.0024,1.0,0.1121,-1.529,0.0,0.0,True,optimised_only
66878,-5.0,,,,,,,,,,False,-0.3867,0.10196,0.09692,-0.0031,1.0,0.1183,-1.511,0.0,0.0,True,optimised_only
66878,-4.5,-0.3858,0.04398,0.03676,-0.0487,1.0,0.1453,-2.1476,0.0,0.0,True,-0.3652,0.09626,0.09129,-0.0071,1.0,0.128,-1.4986,0.0,0.0,True,both_converged
66878,-4.0,-0.3342,0.03733,0.02896,-0.0523,1.0,0.1502,-2.1163,0.0,0.0,True,-0.3233,0.08989,0.08496,-0.0186,1.0,0.14,-1.5016,0.0,0.0,True,both_converged
66878,-3.5,-0.2883,0.03447,0.02556,-0.053,1.0,0.1621,-1.9758,0.0,0.0,True,,,,,,,,,,False,baseline_only
66878,-3.0,-0.1998,0.0322,0.02257,-0.0609,0.9883,0.1875,-1.7599,0.0,0.0,True,,,,,,,,,,False,baseline_only
66878,-2.5,-0.1066,0.03091,0.02109,-0.0692,0.9708,0.2244,-1.5063,0.0,0.0,True,-0.1457,0.06939,0.06438,-0.0497,1.0,0.199,-1.2997,0.0,0.0,True,both_converged
66878,-2.0,-0.0201,0.03001,0.02014,-0.076,0.9514,0.2784,-1.2773,0.0,0.0,True,-0.0898,0.06332,0.0583,-0.0545,1.0,0.2248,-1.192,0.0,0.0,True,both_converged
66878,-1.5,0.063,0.02919,0.01963,-0.0818,0.9321,0.3602,-1.065,0.0,0.0,True,0.0082,0.05711,0.05198,-0.0706,1.0,0.2675,-1.0693,0.0,0.0,True,both_converged
66878,-1.0,0.139,0.02805,0.01935,-0.0858,0.9122,0.5211,-0.8785,0.0,0.0,True,0.4019,0.0355,0.02762,-0.1592,1.0,0.2146,-1.0736,0.0,0.0,True,both_converged
66878,-0.5,0.2032,0.02692,0.01919,-0.0857,0.8905,1.0,-0.7237,0.0,0.0,True,0.4702,0.03532,0.02736,-0.1617,1.0,0.2772,-0.8354,0.0,0.0,True,both_converged
66878,0.0,0.2827,0.02755,0.01926,-0.0906,0.8698,1.0,-0.6013,0.0,0.0,True,0.5261,0.03575,0.02801,-0.1615,1.0,0.3395,-0.8038,0.0,0.0,True,both_converged
66878,0.5,0.3451,0.02831,0.01969,-0.0924,0.8463,1.0,-0.6434,0.0,0.0,True,0.7744,0.02509,0.01766,-0.1851,0.764,0.4937,-1.1027,0.0,0.0,True,both_converged
66878,1.0,0.413,0.0289,0.02003,-0.0947,0.8252,1.0,-0.6918,0.0,0.0,True,0.8728,0.02636,0.01575,-0.1895,0.3524,0.5657,-1.2568,0.0,0.0,True,both_converged
66878,1.5,0.4786,0.02945,0.0204,-0.0965,0.8046,1.0,-0.7413,0.0,0.0,True,0.9559,0.02719,0.01605,-0.1938,0.3176,0.6344,-1.4014,0.0,0.0,True,both_converged
66878,2.0,0.5414,0.03001,0.02085,-0.0976,0.7842,1.0,-0.7923,0.0,0.0,True,1.0309,0.02824,0.01685,-0.1968,0.2938,0.7133,-1.5436,0.0,0.0,True,both_converged
66878,2.5,,,,,,,,,,False,1.0908,0.02944,0.0182,-0.1972,0.2765,1.0,-1.6749,0.0,0.0,True,optimised_only
66878,3.0,0.6715,0.03054,0.02128,-0.0994,0.7473,1.0,-0.9102,0.0,0.0,True,1.1576,0.03196,0.02054,-0.1993,0.2602,1.0,-1.8169,0.0,0.0,True,both_converged
66878,3.5,0.7218,0.03145,0.02222,-0.0985,0.726,1.0,-0.9653,0.0,0.0,True,1.2169,0.03471,0.02326,-0.1996,0.2468,1.0,-1.9544,0.0,0.0,True,both_converged
66878,4.0,0.7739,0.03229,0.02309,-0.0976,0.7057,1.0,-1.0333,0.0,0.0,True,1.2718,0.03779,0.0265,-0.1989,0.2354,1.0,-2.0935,0.0,0.0,True,both_converged
66878,4.5,0.8391,0.03226,0.02315,-0.0977,0.6882,1.0,-1.1451,0.0,0.0,True,1.3231,0.04128,0.03029,-0.1976,0.2253,1.0,-2.2262,0.0,0.0,True,both_converged
66878,5.0,0.8837,0.03351,0.02451,-0.0959,0.6661,1.0,-1.2597,0.0,0.0,True,1.3706,0.04529,0.03471,-0.1958,0.2163,1.0,-2.3561,0.0,0.0,True,both_converged
66878,5.5,0.9402,0.03395,0.02508,-0.0949,0.6461,1.0,-1.4185,0.0,0.0,True,1.4167,0.04978,0.03944,-0.194,0.209,1.0,-2.4975,0.0,0.0,True,both_converged
66878,6.0,1.0027,0.03382,0.02511,-0.0942,0.6256,1.0,-1.6175,0.0,0.0,True,1.4501,0.05573,0.04637,-0.1898,0.2038,1.0,-2.5687,0.0,0.0,True,both_converged
66878,6.5,1.0539,0.03426,0.02572,-0.0922,0.6012,1.0,-1.8199,0.0,0.0,True,1.4868,0.06159,0.05252,-0.187,0.1984,1.0,-2.6979,0.0,0.0,True,both_converged
66878,7.0,1.1164,0.03357,0.0252,-0.0908,0.5747,1.0,-2.0764,0.0,0.0,True,1.5088,0.06979,0.0615,-0.1823,0.1986,1.0,-2.7464,0.0,0.0,True,both_converged
66878,7.5,1.1759,0.03273,0.02446,-0.0887,0.5435,1.0,-2.3542,0.0,0.0,True,,,,,,,,,,False,baseline_only
66878,8.0,1.2357,0.03159,0.0234,-0.0865,0.5075,1.0,-2.6602,0.0,0.0,True,0.8156,0.09793,0.09307,-0.1284,0.3526,1.0,-1.0481,0.0,0.0,True,both_converged
66878,8.5,1.2829,0.03097,0.02285,-0.083,0.4663,1.0,-2.9569,0.0,0.0,True,0.8187,0.10449,0.09956,-0.1279,0.3277,1.0,-1.0582,0.0,0.0,True,both_converged
66878,9.0,1.3147,0.03082,0.02278,-0.0775,0.4177,1.0,-3.2174,0.0,0.0,True,0.8163,0.11109,0.10611,-0.1281,0.3047,1.0,-1.05,0.0,0.0,True,both_converged
66878,9.5,1.3309,0.03116,0.02309,-0.0699,0.3586,1.0,-3.4336,0.0,0.0,True,0.8303,0.11798,0.11298,-0.1281,0.2879,1.0,-1.0815,0.0,0.0,True,both_converged
66878,10.0,1.3263,0.03286,0.02442,-0.0603,0.2907,1.0,-3.5863,0.0,0.0,True,0.8213,0.12436,0.11934,-0.1298,0.2703,1.0,-1.0505,0.0,0.0,True,both_converged
66878,10.5,1.3167,0.03619,0.02718,-0.0515,0.2313,1.0,-3.7045,0.0,0.0,True,0.8388,0.13102,0.12599,-0.1298,0.255,1.0,-1.0896,0.0,0.0,True,both_converged
66878,11.0,1.3214,0.04022,0.03077,-0.0457,0.187,1.0,-3.8527,0.0,0.0,True,0.8497,0.13807,0.13305,-0.1306,0.2429,1.0,-1.1111,0.0,0.0,True,both_converged
66878,11.5,1.3431,0.04427,0.03463,-0.042,0.1554,1.0,-4.0452,0.0,0.0,True,0.8614,0.14539,0.14037,-0.1315,0.2311,1.0,-1.1348,0.0,0.0,True,both_converged
66878,12.0,1.3797,0.04843,0.03866,-0.04,0.1323,1.0,-4.2981,0.0,0.0,True,0.8632,0.152,0.14698,-0.1334,0.22,1.0,-1.1229,0.0,0.0,True,both_converged
66878,12.5,1.4124,0.0533,0.04376,-0.038,0.1172,1.0,-4.531,0.0,0.0,True,0.8643,0.15824,0.15325,-0.1356,0.2098,1.0,-1.1116,0.0,0.0,True,both_converged
66878,13.0,1.4456,0.05862,0.04929,-0.0363,0.1062,1.0,-4.7636,0.0,0.0,True,0.8648,0.16436,0.15938,-0.138,0.1998,1.0,-1.0957,0.0,0.0,True,both_converged
66878,13.5,,,,,,,,,,False,0.8654,0.17063,0.16569,-0.1407,0.1908,1.0,-1.0722,0.0,0.0,True,optimised_only
66878,14.0,1.4353,0.07144,0.0631,-0.0282,0.0959,1.0,-4.9235,0.0,0.0,True,0.8696,0.17742,0.17251,-0.1432,0.1836,1.0,-1.0595,0.0,0.0,True,both_converged
66878,14.5,1.3889,0.08014,0.0725,-0.0245,0.0951,1.0,-4.8303,0.0,0.0,True,0.8796,0.18456,0.17969,-0.145,0.1761,1.0,-1.0761,0.0,0.0,True,both_converged
66878,15.0,1.333,0.09119,0.08414,-0.0241,0.0953,1.0,-4.6766,0.0,0.0,True,0.8993,0.19286,0.18806,-0.1455,0.1682,1.0,-1.1309,0.0,0.0,True,both_converged
66878,15.5,1.2672,0.1054,0.09883,-0.028,0.0963,1.0,-4.4449,0.0,0.0,True,0.8935,0.19818,0.19341,-0.1495,0.1613,1.0,-1.0732,0.0,0.0,True,both_converged
66878,16.0,,,,,,,,,,False,0.9002,0.20534,0.20061,-0.1519,0.1549,1.0,-1.074,0.0,0.0,True,optimised_only
66878,16.5,,,,,,,,,,False,0.9219,0.21466,0.21001,-0.1521,0.1488,1.0,-1.1453,0.0,0.0,True,optimised_only
66878,17.0,,,,,,,,,,False,0.9159,0.21976,0.21516,-0.1565,0.1426,1.0,-1.0775,0.0,0.0,True,optimised_only
66878,17.5,,,,,,,,,,False,0.9241,0.22744,0.22289,-0.1588,0.1376,1.0,-1.0872,0.0,0.0,True,optimised_only
66878,18.0,,,,,,,,,,False,0.9345,0.23506,0.23058,-0.1606,0.1315,1.0,-1.109,0.0,0.0,True,optimised_only
66878,18.5,,,,,,,,,,False,0.9376,0.24237,0.23795,-0.1639,0.127,1.0,-1.0791,0.0,0.0,True,optimised_only
66878,19.0,0.997,0.24738,0.24106,-0.1129,0.1514,1.0,-1.8429,0.0,0.0,True,0.955,0.25205,0.24772,-0.1645,0.1217,1.0,-1.1685,0.0,0.0,True,both_converged
66878,19.5,1.0089,0.25469,0.24838,-0.1172,0.1439,1.0,-1.8422,0.0,0.0,True,0.952,0.25789,0.25361,-0.1688,0.1172,1.0,-1.1645,0.0,0.0,True,both_converged
66878,20.0,1.0234,0.26214,0.25586,-0.121,0.1371,1.0,-1.8544,0.0,0.0,True,0.9649,0.26714,0.26294,-0.1701,0.1129,1.0,-1.3047,0.0,0.0,True,both_converged
66878,20.5,1.0388,0.26943,0.26318,-0.1245,0.1291,1.0,-1.8734,0.0,0.0,True,0.9662,0.2739,0.26978,-0.1736,0.1077,1.0,-1.3312,0.0,0.0,True,both_converged
66878,21.0,1.0606,0.27877,0.27258,-0.1259,0.1217,1.0,-1.9678,0.0,0.0,True,0.9765,0.28319,0.27915,-0.1754,0.1046,1.0,-1.448,0.0,0.0,True,both_converged
66878,21.5,1.0673,0.28313,0.27695,-0.1329,0.1149,1.0,-1.9189,0.0,0.0,True,0.9795,0.29053,0.28656,-0.1786,0.0992,1.0,-1.4926,0.0,0.0,True,both_converged
66878,22.0,1.0802,0.28969,0.28352,-0.1381,0.1094,1.0,-1.9126,0.0,0.0,True,0.9865,0.29958,0.29568,-0.1809,0.0961,1.0,-1.5734,0.0,0.0,True,both_converged
66878,22.5,1.0964,0.29675,0.29061,-0.1418,0.1038,1.0,-1.9455,0.0,0.0,True,0.9921,0.30789,0.30409,-0.1836,0.0909,1.0,-1.6308,0.0,0.0,True,both_converged
66878,23.0,1.1143,0.30424,0.29816,-0.1448,0.0974,1.0,-2.0002,0.0,0.0,True,0.9968,0.317,0.31326,-0.1864,0.0871,1.0,-1.6597,0.0,0.0,True,both_converged
66878,23.5,1.1248,0.30909,0.30301,-0.1518,0.0928,1.0,-1.9455,0.0,0.0,True,,,,,,,,,,False,baseline_only
66878,24.0,1.143,0.31768,0.31165,-0.1543,0.0891,1.0,-2.0303,0.0,0.0,True,,,,,,,,,,False,baseline_only
66878,24.5,1.1548,0.32211,0.31609,-0.1608,0.0837,1.0,-2.0075,0.0,0.0,True,,,,,,,,,,False,baseline_only
66878,25.0,1.1686,0.3286,0.3226,-0.166,0.0799,1.0,-2.0125,0.0,0.0,True,,,,,,,,,,False,baseline_only
66878,25.5,1.1851,0.33584,0.32992,-0.1693,0.0754,1.0,-2.0764,0.0,0.0,True,,,,,,,,,,False,baseline_only
66878,26.0,1.1971,0.34142,0.3355,-0.1759,0.0726,1.0,-2.0308,0.0,0.0,True,,,,,,,,,,False,baseline_only
66878,26.5,1.2124,0.34829,0.34243,-0.1797,0.0688,1.0,-2.0743,0.0,0.0,True,,,,,,,,,,False,baseline_only
66878,27.0,1.225,0.35439,0.34856,-0.1857,0.0665,1.0,-2.0389,0.0,0.0,True,,,,,,,,,,False,baseline_only
66878,27.5,1.2394,0.36089,0.35511,-0.19,0.0624,1.0,-2.0914,0.0,0.0,True,,,,,,,,,,False,baseline_only
66878,28.0,1.2519,0.36711,0.36135,-0.1959,0.0601,1.0,-2.0839,0.0,0.0,True,,,,,,,,,,False,baseline_only
66878,28.5,1.2653,0.37332,0.36762,-0.2009,0.0569,1.0,-2.1094,0.0,0.0,True,,,,,,,,,,False,baseline_only
66878,29.0,1.279,0.38124,0.37558,-0.2046,0.0552,1.0,-2.1667,0.0,0.0,True,,,,,,,,,,False,baseline_only
66878,29.5,1.2906,0.38616,0.38053,-0.2116,0.0528,1.0,-2.1139,0.0,0.0,True,,,,,,,,,,False,baseline_only
66878,30.0,1.3035,0.39262,0.38706,-0.216,0.0503,1.0,-2.1559,0.0,0.0,True,,,,,,,,,,False,baseline_only
71406,-30.0,-0.8921,0.35466,0.348,0.1017,1.0,0.0327,-1.6805,0.0,0.0,True,,,,,,,,,,False,baseline_only
71406,-29.5,-0.8771,0.35037,0.34369,0.0959,1.0,0.0336,-1.704,0.0,0.0,True,,,,,,,,,,False,baseline_only
71406,-29.0,-0.8624,0.34498,0.33829,0.0908,1.0,0.034,-1.6982,0.0,0.0,True,,,,,,,,,,False,baseline_only
71406,-28.5,-0.8473,0.33883,0.3321,0.0864,1.0,0.0351,-1.6462,0.0,0.0,True,,,,,,,,,,False,baseline_only
71406,-28.0,-0.8318,0.33352,0.32676,0.0816,1.0,0.0364,-1.617,0.0,0.0,True,,,,,,,,,,False,baseline_only
71406,-27.5,-0.8159,0.32839,0.32161,0.0765,1.0,0.0378,-1.6009,0.0,0.0,True,,,,,,,,,,False,baseline_only
71406,-27.0,-0.8,0.32438,0.31757,0.0709,1.0,0.0386,-1.6278,0.0,0.0,True,,,,,,,,,,False,baseline_only
71406,-26.5,-0.784,0.31798,0.31117,0.0665,1.0,0.0392,-1.6111,0.0,0.0,True,,,,,,,,,,False,baseline_only
71406,-26.0,-0.7674,0.31212,0.30529,0.0623,1.0,0.0409,-1.5743,0.0,0.0,True,-0.4383,0.23205,0.22618,-0.0028,1.0,0.0319,-0.6874,0.0,0.0,True,both_converged
71406,-25.5,-0.7508,0.30684,0.29998,0.0574,1.0,0.0429,-1.5705,0.0,0.0,True,-0.4288,0.227,0.22111,-0.0054,1.0,0.0327,-0.673,0.0,0.0,True,both_converged
71406,-25.0,,,,,,,,,,False,-0.4195,0.22221,0.2163,-0.008,1.0,0.0333,-0.6913,0.0,0.0,True,optimised_only
71406,-24.5,,,,,,,,,,False,,,,,,,,,,False,none_converged
71406,-24.0,-0.7008,0.28936,0.28246,0.044,1.0,0.0467,-1.5276,0.0,0.0,True,,,,,,,,,,False,baseline_only
71406,-23.5,-0.6841,0.28368,0.27677,0.0394,1.0,0.0487,-1.5202,0.0,0.0,True,-0.6764,0.28504,0.27788,0.0234,1.0,0.0323,-1.3103,0.0,0.0,True,both_converged
71406,-23.0,,,,,,,,,,False,-0.6601,0.27943,0.27227,0.0192,1.0,0.0331,-1.3155,0.0,0.0,True,optimised_only
71406,-22.5,-0.3463,0.19308,0.18728,-0.0112,1.0,0.0566,-0.8226,0.0,0.0,True,-0.6438,0.27428,0.26711,0.0148,1.0,0.0336,-1.3332,0.0,0.0,True,both_converged
71406,-22.0,-0.3341,0.18763,0.18181,-0.0137,1.0,0.0593,-0.8152,0.0,0.0,True,-0.6279,0.26887,0.26171,0.0108,1.0,0.0339,-1.3434,0.0,0.0,True,both_converged
71406,-21.5,-0.3254,0.18345,0.17763,-0.0167,1.0,0.0613,-0.8494,0.0,0.0,True,-0.6118,0.26188,0.25472,0.0078,1.0,0.0349,-1.2934,0.0,0.0,True,both_converged
71406,-21.0,-0.3121,0.17726,0.17143,-0.0188,1.0,0.063,-0.8295,0.0,0.0,True,-0.5957,0.25608,0.24892,0.0044,1.0,0.0362,-1.271,0.0,0.0,True,both_converged
71406,-20.5,-0.3,0.17209,0.16626,-0.0211,1.0,0.066,-0.8168,0.0,0.0,True,-0.5798,0.2504,0.24324,0.001,1.0,0.0374,-1.2601,0.0,0.0,True,both_converged
71406,-20.0,-0.2945,0.16913,0.16332,-0.0242,1.0,0.0681,-0.8651,0.0,0.0,True,-0.5642,0.24518,0.23803,-0.0026,1.0,0.0383,-1.2644,0.0,0.0,True,both_converged
71406,-19.5,-0.2773,0.16207,0.15624,-0.0255,1.0,0.0717,-0.8025,0.0,0.0,True,,,,,,,,,,False,baseline_only
71406,-19.0,-0.2708,0.15875,0.15293,-0.0283,1.0,0.0747,-0.8518,0.0,0.0,True,,,,,,,,,,False,baseline_only
71406,-18.5,-0.2558,0.15249,0.14669,-0.0296,1.0,0.0773,-0.8236,0.0,0.0,True,-0.5188,0.2276,0.22051,-0.0109,1.0,0.0411,-1.2421,0.0,0.0,True,both_converged
71406,-18.0,-0.2466,0.14837,0.14258,-0.0317,1.0,0.0811,-0.8388,0.0,0.0,True,-0.5044,0.22211,0.21504,-0.0135,1.0,0.0427,-1.2529,0.0,0.0,True,both_converged
71406,-17.5,-0.2363,0.14352,0.13775,-0.0332,1.0,0.0834,-0.8401,0.0,0.0,True,-0.4914,0.21739,0.21036,-0.0163,1.0,0.0437,-1.2928,0.0,0.0,True,both_converged
71406,-17.0,-0.2271,0.13948,0.13373,-0.0347,1.0,0.0885,-0.8384,0.0,0.0,True,-0.4785,0.21166,0.20467,-0.0183,1.0,0.0444,-1.3048,0.0,0.0,True,both_converged
71406,-16.5,-0.2167,0.13474,0.12904,-0.0357,1.0,0.0918,-0.8241,0.0,0.0,True,-0.465,0.20555,0.19861,-0.0195,1.0,0.046,-1.2758,0.0,0.0,True,both_converged
71406,-16.0,-0.2119,0.13157,0.1259,-0.037,1.0,0.0965,-0.8385,0.0,0.0,True,-0.4531,0.20034,0.19344,-0.021,1.0,0.0478,-1.2801,0.0,0.0,True,both_converged
71406,-15.5,-0.2014,0.12671,0.12109,-0.0373,1.0,0.0997,-0.8295,0.0,0.0,True,-0.4437,0.19605,0.18922,-0.0228,1.0,0.0493,-1.3221,0.0,0.0,True,both_converged
71406,-15.0,-0.1997,0.12402,0.11845,-0.0382,1.0,0.1045,-0.865,0.0,0.0,True,-0.4329,0.19015,0.18338,-0.0235,1.0,0.0504,-1.3135,0.0,0.0,True,both_converged
71406,-14.5,-0.1892,0.11923,0.11373,-0.0377,1.0,0.1091,-0.8391,0.0,0.0,True,-0.4224,0.18479,0.17808,-0.0239,1.0,0.0529,-1.2932,0.0,0.0,True,both_converged
71406,-14.0,-0.1907,0.11662,0.11119,-0.0381,1.0,0.114,-0.8754,0.0,0.0,True,-0.4158,0.18068,0.17404,-0.0249,1.0,0.055,-1.3289,0.0,0.0,True,both_converged
71406,-13.5,-0.1846,0.11289,0.10751,-0.0371,1.0,0.1203,-0.8553,0.0,0.0,True,-0.4081,0.17527,0.16872,-0.0249,1.0,0.0563,-1.3272,0.0,0.0,True,both_converged
71406,-13.0,-0.1829,0.1094,0.1041,-0.0361,1.0,0.1242,-0.8542,0.0,0.0,True,-0.4002,0.17014,0.16366,-0.0243,1.0,0.0587,-1.3042,0.0,0.0,True,both_converged
71406,-12.5,-0.1902,0.10757,0.10235,-0.0356,1.0,0.1301,-0.8894,0.0,0.0,True,-0.3968,0.1662,0.15979,-0.0242,1.0,0.0611,-1.3342,0.0,0.0,True,both_converged
71406,-12.0,-0.1841,0.10344,0.09831,-0.0333,1.0,0.1361,-0.865,0.0,0.0,True,-0.3933,0.16152,0.15522,-0.0236,1.0,0.0623,-1.347,0.0,0.0,True,both_converged
71406,-11.5,-0.1889,0.10068,0.09565,-0.0318,1.0,0.1421,-0.885,0.0,0.0,True,-0.3873,0.15639,0.15017,-0.022,1.0,0.065,-1.3135,0.0,0.0,True,both_converged
71406,-11.0,-0.2071,0.09958,0.09463,-0.031,1.0,0.1486,-0.9521,0.0,0.0,True,-0.3879,0.15292,0.1468,-0.0213,1.0,0.0676,-1.3471,0.0,0.0,True,both_converged
71406,-10.5,-0.1991,0.09524,0.09038,-0.0278,1.0,0.1554,-0.9043,0.0,0.0,True,-0.3856,0.14805,0.14203,-0.0197,1.0,0.0692,-1.3428,0.0,0.0,True,both_converged
71406,-10.0,-0.2084,0.09247,0.0877,-0.0259,1.0,0.1608,-0.9251,0.0,0.0,True,-0.3826,0.14346,0.13753,-0.0178,1.0,0.0724,-1.3299,0.0,0.0,True,both_converged
71406,-9.5,-0.2331,0.09095,0.08628,-0.025,1.0,0.1679,-0.9986,0.0,0.0,True,-0.39,0.1411,0.13529,-0.017,1.0,0.0747,-1.4124,0.0,0.0,True,both_converged
71406,-9.0,-0.2347,0.08756,0.08298,-0.022,1.0,0.1772,-0.9727,0.0,0.0,True,-0.3832,0.13507,0.12934,-0.0143,1.0,0.0779,-1.378,0.0,0.0,True,both_converged
71406,-8.5,-0.2389,0.08434,0.07987,-0.0191,1.0,0.1857,-0.9642,0.0,0.0,True,-0.3907,0.13243,0.12682,-0.0129,1.0,0.0816,-1.44,0.0,0.0,True,both_converged
71406,-8.0,-0.2504,0.08126,0.07689,-0.0168,1.0,0.1926,-0.9836,0.0,0.0,True,-0.3873,0.12711,0.1216,-0.0102,1.0,0.0849,-1.4233,0.0,0.0,True,both_converged
71406,-7.5,-0.3878,0.09583,0.09034,-0.0251,1.0,0.197,-1.5305,0.0,0.0,True,-0.3978,0.12455,0.11917,-0.008,1.0,0.0888,-1.4783,0.0,0.0,True,both_converged
71406,-7.0,-0.4095,0.0921,0.08679,-0.0194,1.0,0.2042,-1.5478,0.0,0.0,True,-0.4003,0.1199,0.11464,-0.0049,1.0,0.0913,-1.4817,0.0,0.0,True,both_converged
71406,-6.5,,,,,,,,,,False,-0.4092,0.11664,0.1115,-0.0018,1.0,0.0956,-1.506,0.0,0.0,True,optimised_only
71406,-6.0,-0.4531,0.08306,0.07806,-0.015,1.0,0.2234,-1.6218,0.0,0.0,True,-0.4088,0.112,0.10696,-0.0012,1.0,0.0987,-1.5308,0.0,0.0,True,both_converged
71406,-5.5,-0.4591,0.07794,0.07301,-0.0139,1.0,0.2373,-1.6227,0.0,0.0,True,-0.4013,0.10783,0.10288,-0.0047,1.0,0.1047,-1.5747,0.0,0.0,True,both_converged
71406,-5.0,-0.4586,0.07251,0.06761,-0.0141,1.0,0.2577,-1.6117,0.0,0.0,True,-0.3878,0.10157,0.0967,-0.0032,1.0,0.1102,-1.5255,0.0,0.0,True,both_converged
71406,-4.5,-0.4482,0.06715,0.06223,-0.0145,1.0,0.2816,-1.5748,0.0,0.0,True,-0.3664,0.09573,0.09092,-0.007,1.0,0.1185,-1.5121,0.0,0.0,True,both_converged
71406,-4.0,-0.3335,0.03624,0.028,-0.0525,1.0,0.1432,-2.1412,0.0,0.0,True,,,,,,,,,,False,baseline_only
71406,-3.5,-0.2586,0.03287,0.02374,-0.0583,0.993,0.1596,-1.9592,0.0,0.0,True,,,,,,,,,,False,baseline_only
71406,-3.0,-0.1648,0.03102,0.02139,-0.0668,0.9768,0.1874,-1.7138,0.0,0.0,True,,,,,,,,,,False,baseline_only
71406,-2.5,-0.0774,0.02982,0.0201,-0.0738,0.9588,0.225,-1.4675,0.0,0.0,True,-0.1627,0.06898,0.06418,-0.0441,1.0,0.1816,-1.2992,0.0,0.0,True,both_converged
71406,-2.0,0.0068,0.0289,0.01922,-0.0799,0.9401,0.2803,-1.2381,0.0,0.0,True,-0.186,0.04268,0.03893,-0.0178,1.0,0.1904,-1.0526,0.0,0.0,True,both_converged
71406,-1.5,0.0855,0.02804,0.01867,-0.0848,0.9205,0.3641,-1.0322,0.0,0.0,True,-0.124,0.0386,0.03481,-0.0292,1.0,0.221,-0.9874,0.0,0.0,True,both_converged
71406,-1.0,0.1651,0.0266,0.01831,-0.0891,0.9031,0.555,-0.8406,0.0,0.0,True,-0.0749,0.03478,0.03102,-0.0338,1.0,0.2465,-0.8935,0.0,0.0,True,both_converged
71406,-0.5,0.2286,0.02569,0.01811,-0.0888,0.8811,1.0,-0.6873,0.0,0.0,True,0.0023,0.03262,0.02882,-0.0465,1.0,0.2896,-0.8193,0.0,0.0,True,both_converged
71406,0.0,0.307,0.0261,0.01802,-0.0932,0.8611,1.0,-0.619,0.0,0.0,True,0.2599,0.02246,0.01678,-0.1053,1.0,0.2161,-0.8734,0.0,0.0,True,both_converged
71406,0.5,0.3735,0.02658,0.01819,-0.0954,0.8394,1.0,-0.6649,0.0,0.0,True,0.6842,0.00457,-0.0039,-0.1522,0.3918,0.4672,-0.9516,0.0,0.0,True,both_converged
71406,1.0,0.4422,0.02692,0.0183,-0.0976,0.819,1.0,-0.715,0.0,0.0,True,0.7728,0.00566,-0.00365,-0.1588,0.3389,0.5317,-1.0962,0.0,0.0,True,both_converged
71406,1.5,0.5177,0.02686,0.01806,-0.1003,0.8018,1.0,-0.7732,0.0,0.0,True,0.8785,0.00547,-0.00445,-0.1683,0.3038,0.6036,-1.2686,0.0,0.0,True,both_converged
71406,2.0,0.5776,0.02721,0.0183,-0.1006,0.7813,1.0,-0.8238,0.0,0.0,True,0.9435,0.00568,-0.00441,-0.1699,0.2828,0.6659,-1.3974,0.0,0.0,True,both_converged
71406,2.5,0.6346,0.02765,0.01869,-0.1004,0.7607,1.0,-0.8752,0.0,0.0,True,0.9992,0.00589,-0.00414,-0.1697,0.2664,0.7425,-1.5197,0.0,0.0,True,both_converged
71406,3.0,0.6915,0.02809,0.0191,-0.1001,0.7407,1.0,-0.9311,0.0,0.0,True,1.0548,0.00706,-0.00273,-0.1702,0.2527,1.0,-1.6504,0.0,0.0,True,both_converged
71406,3.5,0.759,0.02792,0.01893,-0.1007,0.7239,1.0,-1.0034,0.0,0.0,True,1.1085,0.00842,-0.00132,-0.17,0.2396,1.0,-1.7761,0.0,0.0,True,both_converged
71406,4.0,0.8082,0.02876,0.01981,-0.0994,0.7023,1.0,-1.0742,0.0,0.0,True,1.155,0.01009,0.00054,-0.1683,0.2289,1.0,-1.8981,0.0,0.0,True,both_converged
71406,4.5,0.8613,0.02939,0.02052,-0.0983,0.682,1.0,-1.1796,0.0,0.0,True,1.1972,0.01212,0.00275,-0.166,0.2197,1.0,-2.0212,0.0,0.0,True,both_converged
71406,5.0,0.9242,0.02939,0.02061,-0.0982,0.6634,1.0,-1.3308,0.0,0.0,True,1.2341,0.0156,0.00676,-0.1629,0.2113,1.0,-2.1234,0.0,0.0,True,both_converged
71406,5.5,0.9709,0.03036,0.02171,-0.0963,0.6407,1.0,-1.4822,0.0,0.0,True,1.2641,0.02066,0.01241,-0.159,0.2056,1.0,-2.2088,0.0,0.0,True,both_converged
71406,6.0,1.0228,0.03093,0.02243,-0.0947,0.6182,1.0,-1.6676,0.0,0.0,True,1.2888,0.02684,0.01914,-0.1547,0.2013,1.0,-2.2846,0.0,0.0,True,both_converged
71406,6.5,1.0798,0.03096,0.02258,-0.0933,0.5941,1.0,-1.8893,0.0,0.0,True,1.3075,0.03409,0.02679,-0.15,0.1979,1.0,-2.358,0.0,0.0,True,both_converged
71406,7.0,1.1354,0.03074,0.0225,-0.0914,0.5658,1.0,-2.1358,0.0,0.0,True,,,,,,,,,,False,baseline_only
71406,7.5,1.197,0.02986,0.02166,-0.0898,0.5343,1.0,-2.4267,0.0,0.0,True,1.514,0.07903,0.07186,-0.1764,0.1994,1.0,-2.7351,0.0,0.0,True,both_converged
71406,8.0,1.2422,0.02974,0.02166,-0.0864,0.4979,1.0,-2.6911,0.0,0.0,True,,,,,,,,,,False,baseline_only
71406,8.5,1.2868,0.02936,0.02134,-0.0828,0.4571,1.0,-2.9826,0.0,0.0,True,,,,,,,,,,False,baseline_only
71406,9.0,1.318,0.02933,0.02137,-0.0774,0.4093,1.0,-3.2424,0.0,0.0,True,,,,,,,,,,False,baseline_only
71406,9.5,1.3336,0.0298,0.02174,-0.0699,0.3504,1.0,-3.4596,0.0,0.0,True,0.8225,0.11689,0.11205,-0.1278,0.272,1.0,-1.0715,0.0,0.0,True,both_converged
71406,10.0,1.3245,0.03183,0.0235,-0.0599,0.2824,1.0,-3.5957,0.0,0.0,True,0.8304,0.12342,0.11855,-0.1284,0.2566,1.0,-1.0871,0.0,0.0,True,both_converged
71406,10.5,1.3135,0.03536,0.02648,-0.0512,0.2231,1.0,-3.7093,0.0,0.0,True,0.847,0.13028,0.1254,-0.1285,0.2432,1.0,-1.1236,0.0,0.0,True,both_converged
71406,11.0,1.3168,0.03941,0.0301,-0.0454,0.1804,1.0,-3.8558,0.0,0.0,True,,,,,,,,,,False,baseline_only
71406,11.5,1.3397,0.04331,0.03366,-0.0419,0.1496,1.0,-4.06,0.0,0.0,True,,,,,,,,,,False,baseline_only
71406,12.0,1.3721,0.0474,0.03773,-0.0395,0.1278,1.0,-4.2986,0.0,0.0,True,,,,,,,,,,False,baseline_only
71406,12.5,1.4134,0.05187,0.04223,-0.0382,0.1119,1.0,-4.5756,0.0,0.0,True,0.8572,0.15687,0.15203,-0.1361,0.2003,1.0,-1.0944,0.0,0.0,True,both_converged
71406,13.0,1.436,0.05715,0.04792,-0.0355,0.1023,1.0,-4.7648,0.0,0.0,True,0.8601,0.16335,0.15853,-0.1384,0.1908,1.0,-1.0844,0.0,0.0,True,both_converged
71406,13.5,1.448,0.06284,0.05398,-0.0323,0.0952,1.0,-4.9193,0.0,0.0,True,0.8637,0.1701,0.16532,-0.1409,0.1832,1.0,-1.0692,0.0,0.0,True,both_converged
71406,14.0,1.4698,0.06908,0.06047,-0.0304,0.0893,1.0,-5.1181,0.0,0.0,True,0.8755,0.17744,0.17268,-0.1424,0.1767,1.0,-1.0895,0.0,0.0,True,both_converged
71406,14.5,1.4253,0.07689,0.06903,-0.0253,0.0886,1.0,-5.0387,0.0,0.0,True,0.8981,0.18594,0.18125,-0.1425,0.168,1.0,-1.1618,0.0,0.0,True,both_converged
71406,15.0,1.3743,0.08659,0.07937,-0.0233,0.0884,1.0,-4.9166,0.0,0.0,True,0.8874,0.1907,0.18602,-0.147,0.161,1.0,-1.0837,0.0,0.0,True,both_converged
71406,15.5,1.3161,0.0987,0.09201,-0.0249,0.0888,1.0,-4.7388,0.0,0.0,True,0.8936,0.19785,0.19323,-0.1496,0.1552,1.0,-1.0766,0.0,0.0,True,both_converged
71406,16.0,,,,,,,,,,False,0.9139,0.20665,0.20208,-0.1499,0.1486,1.0,-1.1472,0.0,0.0,True,optimised_only
71406,16.5,,,,,,,,,,False,0.9093,0.21205,0.20753,-0.154,0.1424,1.0,-1.0867,0.0,0.0,True,optimised_only
71406,17.0,,,,,,,,,,False,0.9172,0.21965,0.21519,-0.1564,0.1376,1.0,-1.0873,0.0,0.0,True,optimised_only
71406,17.5,,,,,,,,,,False,0.9305,0.22752,0.22313,-0.1577,0.131,1.0,-1.1312,0.0,0.0,True,optimised_only
71406,18.0,,,,,,,,,,False,0.9307,0.23437,0.23002,-0.1614,0.1268,1.0,-1.0863,0.0,0.0,True,optimised_only
71406,18.5,,,,,,,,,,False,0.9476,0.24361,0.23935,-0.1621,0.1216,1.0,-1.1468,0.0,0.0,True,optimised_only
71406,19.0,,,,,,,,,,False,0.9457,0.24962,0.24542,-0.1663,0.1164,1.0,-1.0966,0.0,0.0,True,optimised_only
71406,19.5,,,,,,,,,,False,0.9585,0.25876,0.25463,-0.1676,0.1129,1.0,-1.2325,0.0,0.0,True,optimised_only
71406,20.0,,,,,,,,,,False,0.9602,0.26545,0.26138,-0.1711,0.1073,1.0,-1.2665,0.0,0.0,True,optimised_only
71406,20.5,,,,,,,,,,False,0.9688,0.2742,0.27022,-0.1732,0.1042,1.0,-1.3628,0.0,0.0,True,optimised_only
71406,21.0,,,,,,,,,,False,0.9733,0.28182,0.27791,-0.1762,0.0993,1.0,-1.4235,0.0,0.0,True,optimised_only
71406,21.5,,,,,,,,,,False,0.9803,0.29056,0.28671,-0.1786,0.0959,1.0,-1.5106,0.0,0.0,True,optimised_only
71406,22.0,,,,,,,,,,False,0.9864,0.29877,0.29501,-0.1811,0.091,1.0,-1.584,0.0,0.0,True,optimised_only
71406,22.5,,,,,,,,,,False,0.9918,0.3078,0.30411,-0.1838,0.0879,1.0,-1.6343,0.0,0.0,True,optimised_only
71406,23.0,,,,,,,,,,False,1.0001,0.31691,0.31332,-0.1857,0.0825,1.0,-1.7193,0.0,0.0,True,optimised_only
71406,23.5,,,,,,,,,,False,1.0025,0.32592,0.32238,-0.1891,0.0784,1.0,-1.691,0.0,0.0,True,optimised_only
71406,24.0,,,,,,,,,,False,1.0091,0.33597,0.33249,-0.1913,0.0741,1.0,-1.7027,0.0,0.0,True,optimised_only
71406,24.5,,,,,,,,,,False,1.0165,0.34645,0.34303,-0.1933,0.0679,1.0,-1.6982,0.0,0.0,True,optimised_only
71406,25.0,,,,,,,,,,False,1.0201,0.35599,0.35261,-0.1962,0.0621,1.0,-1.6218,0.0,0.0,True,optimised_only
71406,25.5,,,,,,,,,,False,1.0229,0.36619,0.36284,-0.1993,0.0578,1.0,-1.5213,0.0,0.0,True,optimised_only
71406,26.0,,,,,,,,,,False,1.0283,0.37671,0.37339,-0.2015,0.0547,1.0,-1.4797,0.0,0.0,True,optimised_only
71406,26.5,1.2113,0.34751,0.34182,-0.1811,0.0653,1.0,-2.0396,0.0,0.0,True,1.0333,0.38656,0.38329,-0.2038,0.0499,1.0,-1.4531,0.0,0.0,True,both_converged
71406,27.0,1.2272,0.3551,0.34949,-0.184,0.0619,1.0,-2.113,0.0,0.0,True,1.0359,0.39687,0.39362,-0.2067,0.0478,1.0,-1.3749,0.0,0.0,True,both_converged
71406,27.5,1.2387,0.3603,0.35468,-0.1911,0.059,1.0,-2.0654,0.0,0.0,True,1.0403,0.40679,0.40359,-0.209,0.0448,1.0,-1.3545,0.0,0.0,True,both_converged
71406,28.0,1.2532,0.36716,0.3616,-0.1949,0.0559,1.0,-2.139,0.0,0.0,True,1.044,0.41735,0.41419,-0.2113,0.0435,1.0,-1.3209,0.0,0.0,True,both_converged
71406,28.5,1.2654,0.37328,0.36775,-0.201,0.0544,1.0,-2.1146,0.0,0.0,True,1.0463,0.42737,0.42425,-0.214,0.0413,1.0,-1.2637,0.0,0.0,True,both_converged
71406,29.0,1.2783,0.37938,0.3739,-0.2064,0.0514,1.0,-2.1208,0.0,0.0,True,1.0502,0.43736,0.4343,-0.2161,0.0391,1.0,-1.2781,0.0,0.0,True,both_converged
71406,29.5,,,,,,,,,,False,1.0524,0.44783,0.4448,-0.2186,0.0382,1.0,-1.26,0.0,0.0,True,optimised_only
71406,30.0,,,,,,,,,,False,1.0541,0.45789,0.45492,-0.2211,0.0364,1.0,-1.2357,0.0,0.0,True,optimised_only
75729,-30.0,-0.8923,0.35443,0.34797,0.1018,1.0,0.0305,-1.6873,0.0,0.0,True,,,,,,,,,,False,baseline_only
75729,-29.5,-0.8776,0.34924,0.34275,0.0967,1.0,0.0319,-1.6676,0.0,0.0,True,,,,,,,,,,False,baseline_only
75729,-29.0,-0.8624,0.34423,0.33771,0.0915,1.0,0.0331,-1.6658,0.0,0.0,True,,,,,,,,,,False,baseline_only
75729,-28.5,,,,,,,,,,False,,,,,,,,,,False,none_converged
75729,-28.0,,,,,,,,,,False,-0.8175,0.3362,0.32945,0.0636,1.0,0.0251,-1.4653,0.0,0.0,True,optimised_only
75729,-27.5,-0.4527,0.24963,0.24421,0.0173,1.0,0.0385,-0.8248,0.0,0.0,True,-0.8027,0.33037,0.32359,0.059,1.0,0.0257,-1.4256,0.0,0.0,True,both_converged
75729,-27.0,-0.4428,0.24339,0.23794,0.0143,1.0,0.0391,-0.8217,0.0,0.0,True,-0.7874,0.32484,0.31803,0.0543,1.0,0.0265,-1.3946,0.0,0.0,True,both_converged
75729,-26.5,-0.4318,0.23725,0.23177,0.0116,1.0,0.0408,-0.8059,0.0,0.0,True,-0.7719,0.31926,0.31242,0.0497,1.0,0.0272,-1.3674,0.0,0.0,True,both_converged
75729,-26.0,-0.4216,0.23164,0.22613,0.0085,1.0,0.0429,-0.8137,0.0,0.0,True,-0.7562,0.31361,0.30674,0.045,1.0,0.0279,-1.3413,0.0,0.0,True,both_converged
75729,-25.5,,,,,,,,,,False,-0.7402,0.30801,0.30112,0.0404,1.0,0.0285,-1.3182,0.0,0.0,True,optimised_only
75729,-25.0,,,,,,,,,,False,-0.724,0.30267,0.29575,0.0357,1.0,0.0289,-1.3385,0.0,0.0,True,optimised_only
75729,-24.5,,,,,,,,,,False,,,,,,,,,,False,none_converged
75729,-24.0,,,,,,,,,,False,,,,,,,,,,False,none_converged
75729,-23.5,,,,,,,,,,False,-0.6762,0.28483,0.27788,0.0232,1.0,0.0302,-1.3241,0.0,0.0,True,optimised_only
75729,-23.0,-0.6671,0.27721,0.27049,0.0354,1.0,0.0477,-1.4929,0.0,0.0,True,-0.66,0.27899,0.27203,0.0193,1.0,0.031,-1.3097,0.0,0.0,True,both_converged
75729,-22.5,-0.6513,0.27227,0.26554,0.0302,1.0,0.0493,-1.5355,0.0,0.0,True,-0.6437,0.27319,0.26622,0.0154,1.0,0.0319,-1.3014,0.0,0.0,True,both_converged
75729,-22.0,-0.6339,0.26511,0.25838,0.0267,1.0,0.0506,-1.5113,0.0,0.0,True,-0.6274,0.26752,0.26055,0.0115,1.0,0.0328,-1.2991,0.0,0.0,True,both_converged
75729,-21.5,-0.6165,0.25892,0.25219,0.023,1.0,0.0533,-1.4877,0.0,0.0,True,-0.6112,0.26228,0.2553,0.0074,1.0,0.0335,-1.3129,0.0,0.0,True,both_converged
75729,-21.0,-0.602,0.25438,0.24765,0.0178,1.0,0.0553,-1.5394,0.0,0.0,True,-0.5956,0.25732,0.25036,0.0033,1.0,0.0339,-1.332,0.0,0.0,True,both_converged
75729,-20.5,-0.5837,0.24661,0.23987,0.0149,1.0,0.0567,-1.4922,0.0,0.0,True,-0.5795,0.25013,0.24317,0.0008,1.0,0.0349,-1.2726,0.0,0.0,True,both_converged
75729,-20.0,-0.5665,0.24035,0.23361,0.0114,1.0,0.0594,-1.4654,0.0,0.0,True,-0.5637,0.24433,0.23738,-0.0023,1.0,0.0361,-1.2462,0.0,0.0,True,both_converged
75729,-19.5,-0.5534,0.23585,0.22913,0.0063,1.0,0.0615,-1.5124,0.0,0.0,True,-0.5482,0.23869,0.23175,-0.0054,1.0,0.0373,-1.2313,0.0,0.0,True,both_converged
75729,-19.0,-0.5344,0.22787,0.22114,0.004,1.0,0.0633,-1.4469,0.0,0.0,True,-0.5332,0.23347,0.22656,-0.0086,1.0,0.0383,-1.256,0.0,0.0,True,both_converged
75729,-18.5,-0.5187,0.22202,0.2153,0.0004,1.0,0.0671,-1.4418,0.0,0.0,True,,,,,,,,,,False,baseline_only
75729,-18.0,-0.5038,0.21567,0.20897,-0.0031,1.0,0.0692,-1.4559,0.0,0.0,True,,,,,,,,,,False,baseline_only
75729,-17.5,-0.487,0.2093,0.20259,-0.006,1.0,0.0728,-1.4353,0.0,0.0,True,,,,,,,,,,False,baseline_only
75729,-17.0,-0.4783,0.20472,0.19806,-0.0107,1.0,0.0751,-1.5067,0.0,0.0,True,,,,,,,,,,False,baseline_only
75729,-16.5,-0.4572,0.1966,0.18993,-0.0121,1.0,0.0784,-1.4301,0.0,0.0,True,-0.4658,0.20643,0.19967,-0.0203,1.0,0.0438,-1.3199,0.0,0.0,True,both_converged
75729,-16.0,-0.4504,0.19223,0.1856,-0.0166,1.0,0.0818,-1.4939,0.0,0.0,True,-0.4537,0.2003,0.19361,-0.0214,1.0,0.0446,-1.3127,0.0,0.0,True,both_converged
75729,-15.5,-0.4294,0.18408,0.17745,-0.0177,1.0,0.0858,-1.4127,0.0,0.0,True,-0.4419,0.19468,0.18804,-0.0222,1.0,0.0463,-1.2896,0.0,0.0,True,both_converged
75729,-15.0,-0.4242,0.17923,0.17264,-0.0217,1.0,0.0897,-1.4657,0.0,0.0,True,-0.4318,0.18969,0.1831,-0.0233,1.0,0.0483,-1.2995,0.0,0.0,True,both_converged
75729,-14.5,-0.4043,0.17168,0.1651,-0.0228,1.0,0.0944,-1.4096,0.0,0.0,True,-0.426,0.18633,0.17981,-0.0251,1.0,0.0495,-1.368,0.0,0.0,True,both_converged
75729,-14.0,-0.3986,0.16607,0.15954,-0.0262,1.0,0.0977,-1.4642,0.0,0.0,True,-0.4142,0.17946,0.17302,-0.0244,1.0,0.0513,-1.3098,0.0,0.0,True,both_converged
75729,-13.5,-0.3825,0.15933,0.15281,-0.0275,1.0,0.1031,-1.43,0.0,0.0,True,-0.4067,0.17471,0.16834,-0.0245,1.0,0.0539,-1.3098,0.0,0.0,True,both_converged
75729,-13.0,-0.3725,0.15294,0.14646,-0.0295,1.0,0.1074,-1.4338,0.0,0.0,True,-0.4051,0.17169,0.1654,-0.0253,1.0,0.0553,-1.3769,0.0,0.0,True,both_converged
75729,-12.5,,,,,,,,,,False,-0.3958,0.1652,0.15898,-0.0238,1.0,0.057,-1.3246,0.0,0.0,True,optimised_only
75729,-12.0,,,,,,,,,,False,-0.3912,0.16065,0.15452,-0.0229,1.0,0.0596,-1.3185,0.0,0.0,True,optimised_only
75729,-11.5,-0.1885,0.10029,0.09541,-0.0315,1.0,0.1354,-0.8846,0.0,0.0,True,-0.3928,0.15767,0.15164,-0.0227,1.0,0.0614,-1.3764,0.0,0.0,True,both_converged
75729,-11.0,-0.1982,0.09784,0.09305,-0.0301,1.0,0.141,-0.9204,0.0,0.0,True,-0.3867,0.15184,0.1459,-0.0207,1.0,0.0631,-1.3373,0.0,0.0,True,both_converged
75729,-10.5,-0.2084,0.09567,0.09095,-0.0284,1.0,0.1481,-0.9471,0.0,0.0,True,-0.3844,0.1475,0.14165,-0.0191,1.0,0.0661,-1.3271,0.0,0.0,True,both_converged
75729,-10.0,-0.2079,0.0921,0.08748,-0.0256,1.0,0.1534,-0.9245,0.0,0.0,True,-0.3912,0.14515,0.13942,-0.0185,1.0,0.068,-1.3995,0.0,0.0,True,both_converged
75729,-9.5,-0.2282,0.08988,0.08536,-0.0246,1.0,0.1591,-0.9865,0.0,0.0,True,-0.3839,0.13896,0.1333,-0.0159,1.0,0.0703,-1.3631,0.0,0.0,True,both_converged
75729,-9.0,-0.2398,0.0873,0.08286,-0.0224,1.0,0.1675,-1.0,0.0,0.0,True,-0.3857,0.13521,0.12965,-0.0142,1.0,0.0737,-1.3944,0.0,0.0,True,both_converged
75729,-8.5,-0.2433,0.08408,0.07975,-0.0195,1.0,0.1761,-0.984,0.0,0.0,True,,,,,,,,,,False,baseline_only
75729,-8.0,-0.253,0.08098,0.07674,-0.017,1.0,0.1832,-0.9959,0.0,0.0,True,-0.389,0.12703,0.12169,-0.0101,1.0,0.0802,-1.4328,0.0,0.0,True,both_converged
75729,-7.5,-0.3869,0.09485,0.08951,-0.0256,1.0,0.1856,-1.5413,0.0,0.0,True,-0.412,0.12646,0.12128,-0.008,1.0,0.082,-1.5517,0.0,0.0,True,both_converged
75729,-7.0,,,,,,,,,,False,-0.3995,0.11947,0.11435,-0.0046,1.0,0.0868,-1.4762,0.0,0.0,True,optimised_only
75729,-6.5,,,,,,,,,,False,-0.419,0.11817,0.11321,-0.0038,1.0,0.0893,-1.5868,0.0,0.0,True,optimised_only
75729,-6.0,,,,,,,,,,False,-0.4088,0.11156,0.10665,-0.0003,1.0,0.0935,-1.5207,0.0,0.0,True,optimised_only
75729,-5.5,-0.463,0.07658,0.07178,-0.0165,1.0,0.2236,-1.6636,0.0,0.0,True,,,,,,,,,,False,baseline_only
75729,-5.0,,,,,,,,,,False,,,,,,,,,,False,none_converged
75729,-4.5,,,,,,,,,,False,-0.3657,0.09534,0.09067,-0.0081,1.0,0.1114,-1.5335,0.0,0.0,True,optimised_only
75729,-4.0,-0.3212,0.03441,0.02585,-0.0549,0.998,0.1388,-2.1782,0.0,0.0,True,,,,,,,,,,False,baseline_only
75729,-3.5,-0.2264,0.03158,0.02231,-0.0638,0.9837,0.1591,-1.9249,0.0,0.0,True,,,,,,,,,,False,baseline_only
75729,-3.0,-0.1371,0.02995,0.02036,-0.0713,0.9674,0.1869,-1.6752,0.0,0.0,True,,,,,,,,,,False,baseline_only
75729,-2.5,-0.0507,0.0288,0.01917,-0.0779,0.9501,0.2262,-1.4297,0.0,0.0,True,-0.231,0.04718,0.04353,-0.0102,1.0,0.1608,-1.0981,0.0,0.0,True,both_converged
75729,-2.0,0.0321,0.02785,0.01833,-0.0836,0.932,0.2834,-1.2017,0.0,0.0,True,,,,,,,,,,False,baseline_only
75729,-1.5,0.1073,0.02691,0.01775,-0.0877,0.9122,0.3689,-1.0006,0.0,0.0,True,0.3489,0.03454,0.02683,-0.1597,1.0,0.1602,-1.3305,0.0,0.0,True,both_converged
75729,-1.0,0.1839,0.02531,0.01736,-0.0912,0.8952,0.5861,-0.8146,0.0,0.0,True,0.4246,0.0338,0.02586,-0.164,1.0,0.2099,-1.0764,0.0,0.0,True,both_converged
75729,-0.5,0.2495,0.02454,0.01711,-0.0912,0.8737,1.0,-0.6591,0.0,0.0,True,0.484,0.03407,0.02631,-0.1646,1.0,0.2675,-0.8327,0.0,0.0,True,both_converged
75729,0.0,0.325,0.02482,0.01693,-0.095,0.8537,1.0,-0.6325,0.0,0.0,True,0.77,0.02435,0.01696,-0.1981,0.8685,0.4366,-1.0592,0.0,0.0,True,both_converged
75729,0.5,0.3984,0.02498,0.01679,-0.098,0.8342,1.0,-0.6839,0.0,0.0,True,0.837,0.02441,0.01421,-0.1946,0.3627,0.4948,-1.1749,0.0,0.0,True,both_converged
75729,1.0,0.467,0.0251,0.0167,-0.0999,0.8147,1.0,-0.735,0.0,0.0,True,0.9002,0.02555,0.01487,-0.1952,0.3238,0.5485,-1.2926,0.0,0.0,True,both_converged
75729,1.5,0.5309,0.02525,0.01669,-0.1008,0.7949,1.0,-0.7858,0.0,0.0,True,0.9747,0.02653,0.01541,-0.198,0.2961,0.6089,-1.4326,0.0,0.0,True,both_converged
75729,2.0,,,,,,,,,,False,1.0393,0.02785,0.01646,-0.1992,0.2764,0.6744,-1.567,0.0,0.0,True,optimised_only
75729,2.5,0.6623,0.02514,0.0164,-0.1023,0.7587,1.0,-0.9009,0.0,0.0,True,1.0951,0.02873,0.01772,-0.1985,0.2603,0.782,-1.6937,0.0,0.0,True,both_converged
75729,3.0,0.7165,0.02559,0.01681,-0.1016,0.7377,1.0,-0.9557,0.0,0.0,True,1.1581,0.03077,0.01964,-0.1998,0.2456,1.0,-1.8377,0.0,0.0,True,both_converged
75729,3.5,0.7716,0.02601,0.01725,-0.1008,0.7174,1.0,-1.0181,0.0,0.0,True,1.2174,0.0333,0.02203,-0.2003,0.2328,1.0,-1.9818,0.0,0.0,True,both_converged
75729,4.0,0.8362,0.02592,0.01717,-0.1011,0.6998,1.0,-1.1091,0.0,0.0,True,1.2725,0.03607,0.0249,-0.1997,0.2217,1.0,-2.1284,0.0,0.0,True,both_converged
75729,4.5,0.8851,0.02672,0.01803,-0.0995,0.6778,1.0,-1.217,0.0,0.0,True,1.3244,0.03923,0.02835,-0.1985,0.2118,1.0,-2.2669,0.0,0.0,True,both_converged
75729,5.0,0.9368,0.02739,0.0188,-0.0983,0.6566,1.0,-1.3563,0.0,0.0,True,1.3727,0.04289,0.03244,-0.1967,0.2026,1.0,-2.4028,0.0,0.0,True,both_converged
75729,5.5,0.9998,0.02736,0.01881,-0.0981,0.6372,1.0,-1.5436,0.0,0.0,True,1.4172,0.04726,0.03728,-0.1943,0.1951,1.0,-2.5316,0.0,0.0,True,both_converged
75729,6.0,1.0483,0.02808,0.01968,-0.0962,0.6131,1.0,-1.7282,0.0,0.0,True,1.4616,0.05162,0.04183,-0.1924,0.1882,1.0,-2.687,0.0,0.0,True,both_converged
75729,6.5,1.1011,0.02835,0.02005,-0.0944,0.5876,1.0,-1.9468,0.0,0.0,True,1.4872,0.05858,0.0499,-0.1871,0.1835,1.0,-2.7348,0.0,0.0,True,both_converged
75729,7.0,1.1595,0.02802,0.01975,-0.093,0.5591,1.0,-2.2076,0.0,0.0,True,1.5069,0.06672,0.05888,-0.1819,0.1829,1.0,-2.7741,0.0,0.0,True,both_converged
75729,7.5,1.2024,0.0283,0.02021,-0.0896,0.5257,1.0,-2.4515,0.0,0.0,True,1.5142,0.0764,0.06931,-0.1761,0.1858,1.0,-2.7769,0.0,0.0,True,both_converged
75729,8.0,1.2515,0.02804,0.01999,-0.0869,0.4901,1.0,-2.729,0.0,0.0,True,,,,,,,,,,False,baseline_only
75729,8.5,1.2914,0.02799,0.02003,-0.0829,0.4496,1.0,-3.0088,0.0,0.0,True,0.8307,0.10203,0.09736,-0.1251,0.2929,1.0,-1.1138,0.0,0.0,True,both_converged
75729,9.0,1.3229,0.02801,0.02006,-0.0776,0.4021,1.0,-3.2707,0.0,0.0,True,0.864,0.10853,0.10383,-0.1235,0.277,1.0,-1.198,0.0,0.0,True,both_converged
75729,9.5,1.3325,0.02889,0.02096,-0.0696,0.3428,1.0,-3.4677,0.0,0.0,True,0.8272,0.11606,0.11134,-0.1269,0.2601,1.0,-1.0937,0.0,0.0,True,both_converged
75729,10.0,1.324,0.03098,0.02267,-0.0597,0.2749,1.0,-3.6076,0.0,0.0,True,0.8341,0.12262,0.11788,-0.1276,0.2453,1.0,-1.107,0.0,0.0,True,both_converged
75729,10.5,1.3123,0.03466,0.02584,-0.0512,0.2157,1.0,-3.7187,0.0,0.0,True,0.842,0.12937,0.12463,-0.1285,0.2329,1.0,-1.1169,0.0,0.0,True,both_converged
75729,11.0,1.3144,0.03875,0.02952,-0.0454,0.1744,1.0,-3.863,0.0,0.0,True,0.8445,0.13618,0.13145,-0.1302,0.2219,1.0,-1.1129,0.0,0.0,True,both_converged
75729,11.5,1.3332,0.04266,0.03319,-0.0416,0.1451,1.0,-4.0542,0.0,0.0,True,0.8507,0.1429,0.13817,-0.1317,0.2108,1.0,-1.1194,0.0,0.0,True,both_converged
75729,12.0,1.366,0.04648,0.03686,-0.0392,0.1237,1.0,-4.3029,0.0,0.0,True,0.8498,0.1495,0.14479,-0.1342,0.2013,1.0,-1.0933,0.0,0.0,True,both_converged
75729,12.5,1.4008,0.05078,0.04129,-0.0372,0.1087,1.0,-4.5583,0.0,0.0,True,0.8522,0.15619,0.15149,-0.1366,0.1928,1.0,-1.08,0.0,0.0,True,both_converged
75729,13.0,1.4515,0.05564,0.04614,-0.0371,0.0968,1.0,-4.8687,0.0,0.0,True,0.8584,0.16292,0.15823,-0.1386,0.1841,1.0,-1.0818,0.0,0.0,True,both_converged
75729,13.5,1.4721,0.06096,0.0518,-0.0345,0.0893,1.0,-5.0647,0.0,0.0,True,0.8777,0.17077,0.16612,-0.1391,0.1776,1.0,-1.1295,0.0,0.0,True,both_converged
75729,14.0,1.4423,0.06765,0.05933,-0.0286,0.0872,1.0,-5.0383,0.0,0.0,True,0.8824,0.17703,0.17242,-0.1413,0.1688,1.0,-1.1278,0.0,0.0,True,both_converged
75729,14.5,1.4111,0.07552,0.06784,-0.0249,0.0855,1.0,-5.0146,0.0,0.0,True,0.8805,0.18328,0.1787,-0.1447,0.1613,1.0,-1.091,0.0,0.0,True,both_converged
75729,15.0,1.3706,0.08484,0.07773,-0.0234,0.0845,1.0,-4.942,0.0,0.0,True,0.8885,0.19062,0.18609,-0.1469,0.1564,1.0,-1.0906,0.0,0.0,True,both_converged
75729,15.5,1.298,0.0987,0.09224,-0.0261,0.0859,1.0,-4.6818,0.0,0.0,True,0.9091,0.19896,0.1945,-0.1472,0.1489,1.0,-1.16,0.0,0.0,True,both_converged
75729,16.0,1.2178,0.11718,0.11118,-0.0344,0.0883,1.0,-4.3259,0.0,0.0,True,0.9023,0.20441,0.19998,-0.1516,0.1425,1.0,-1.0932,0.0,0.0,True,both_converged
75729,16.5,,,,,,,,,,False,0.9128,0.2123,0.20791,-0.1535,0.1385,1.0,-1.1078,0.0,0.0,True,optimised_only
75729,17.0,,,,,,,,,,False,0.9223,0.21939,0.21507,-0.1555,0.1313,1.0,-1.1243,0.0,0.0,True,optimised_only
75729,17.5,,,,,,,,,,False,0.9239,0.22648,0.22221,-0.159,0.1268,1.0,-1.0918,0.0,0.0,True,optimised_only
75729,18.0,,,,,,,,,,False,0.9417,0.23546,0.23126,-0.1595,0.1219,1.0,-1.1589,0.0,0.0,True,optimised_only
75729,18.5,,,,,,,,,,False,0.9389,0.24154,0.23739,-0.1638,0.1165,1.0,-1.0939,0.0,0.0,True,optimised_only
75729,19.0,,,,,,,,,,False,0.9527,0.25058,0.24651,-0.165,0.1129,1.0,-1.1632,0.0,0.0,True,optimised_only
75729,19.5,,,,,,,,,,False,0.9531,0.25719,0.25317,-0.1688,0.108,1.0,-1.186,0.0,0.0,True,optimised_only
75729,20.0,,,,,,,,,,False,0.9628,0.26577,0.26182,-0.1707,0.1043,1.0,-1.2972,0.0,0.0,True,optimised_only
75729,20.5,,,,,,,,,,False,0.9671,0.27324,0.26938,-0.1737,0.0994,1.0,-1.3506,0.0,0.0,True,optimised_only
75729,21.0,,,,,,,,,,False,0.9763,0.28225,0.27845,-0.1757,0.0965,1.0,-1.4666,0.0,0.0,True,optimised_only
75729,21.5,,,,,,,,,,False,0.9804,0.28986,0.28613,-0.1787,0.0912,1.0,-1.523,0.0,0.0,True,optimised_only
75729,22.0,,,,,,,,,,False,0.9876,0.29902,0.29536,-0.181,0.0887,1.0,-1.6067,0.0,0.0,True,optimised_only
75729,22.5,,,,,,,,,,False,0.9929,0.30723,0.30366,-0.1837,0.0833,1.0,-1.6616,0.0,0.0,True,optimised_only
75729,23.0,,,,,,,,,,False,0.9976,0.31648,0.31298,-0.1865,0.0803,1.0,-1.6855,0.0,0.0,True,optimised_only
75729,23.5,,,,,,,,,,False,,,,,,,,,,False,none_converged
75729,24.0,,,,,,,,,,False,,,,,,,,,,False,none_converged
75729,24.5,,,,,,,,,,False,,,,,,,,,,False,none_converged
75729,25.0,,,,,,,,,,False,,,,,,,,,,False,none_converged
75729,25.5,,,,,,,,,,False,,,,,,,,,,False,none_converged
75729,26.0,,,,,,,,,,False,,,,,,,,,,False,none_converged
75729,26.5,,,,,,,,,,False,,,,,,,,,,False,none_converged
75729,27.0,0.7467,0.289,0.28438,-0.1016,0.0638,1.0,-1.044,0.0,0.0,True,,,,,,,,,,False,baseline_only
75729,27.5,0.756,0.29707,0.29251,-0.1037,0.0614,1.0,-1.0703,0.0,0.0,True,1.0405,0.40698,0.40386,-0.2091,0.0434,1.0,-1.3468,0.0,0.0,True,both_converged
75729,28.0,0.7587,0.30385,0.29934,-0.107,0.0578,1.0,-1.0376,0.0,0.0,True,1.0434,0.41702,0.41395,-0.2118,0.0409,1.0,-1.2948,0.0,0.0,True,both_converged
75729,28.5,0.7678,0.31202,0.30755,-0.109,0.0553,1.0,-1.0874,0.0,0.0,True,1.0485,0.4273,0.42429,-0.2135,0.0388,1.0,-1.3131,0.0,0.0,True,both_converged
75729,29.0,0.7696,0.31891,0.31449,-0.1125,0.053,1.0,-1.0359,0.0,0.0,True,1.0497,0.43748,0.4345,-0.2164,0.0379,1.0,-1.2563,0.0,0.0,True,both_converged
75729,29.5,0.776,0.32631,0.32195,-0.1149,0.0503,1.0,-1.0547,0.0,0.0,True,1.0521,0.44755,0.44461,-0.2189,0.0358,1.0,-1.2437,0.0,0.0,True,both_converged
75729,30.0,0.7808,0.33418,0.32986,-0.1176,0.049,1.0,-1.0427,0.0,0.0,True,1.0554,0.45757,0.45469,-0.2208,0.034,1.0,-1.2753,0.0,0.0,True,both_converged
79805,-30.0,,,,,,,,,,False,,,,,,,,,,False,none_converged
79805,-29.5,,,,,,,,,,False,-0.8628,0.35136,0.34488,0.0792,1.0,0.0231,-1.4569,0.0,0.0,True,optimised_only
79805,-29.0,,,,,,,,,,False,-0.8481,0.3461,0.33958,0.0741,1.0,0.0237,-1.4507,0.0,0.0,True,optimised_only
79805,-28.5,,,,,,,,,,False,-0.8329,0.34101,0.33446,0.069,1.0,0.0243,-1.4491,0.0,0.0,True,optimised_only
79805,-28.0,,,,,,,,,,False,-0.8174,0.33596,0.32936,0.0638,1.0,0.0246,-1.4504,0.0,0.0,True,optimised_only
79805,-27.5,,,,,,,,,,False,,,,,,,,,,False,none_converged
79805,-27.0,,,,,,,,,,False,,,,,,,,,,False,none_converged
79805,-26.5,,,,,,,,,,False,,,,,,,,,,False,none_converged
79805,-26.0,,,,,,,,,,False,-0.756,0.31343,0.30674,0.045,1.0,0.0263,-1.3467,0.0,0.0,True,optimised_only
79805,-25.5,,,,,,,,,,False,-0.7402,0.30772,0.30101,0.0405,1.0,0.027,-1.312,0.0,0.0,True,optimised_only
79805,-25.0,-0.7343,0.3009,0.2944,0.0528,1.0,0.0396,-1.5798,0.0,0.0,True,-0.7242,0.302,0.29527,0.036,1.0,0.0277,-1.3122,0.0,0.0,True,both_converged
79805,-24.5,-0.7174,0.29499,0.28848,0.0486,1.0,0.0413,-1.5476,0.0,0.0,True,-0.7081,0.29631,0.28955,0.0316,1.0,0.0283,-1.3192,0.0,0.0,True,both_converged
79805,-24.0,-0.7007,0.28927,0.28274,0.044,1.0,0.0431,-1.5428,0.0,0.0,True,-0.6917,0.29079,0.28402,0.0271,1.0,0.0288,-1.3344,0.0,0.0,True,both_converged
79805,-23.5,,,,,,,,,,False,,,,,,,,,,False,none_converged
79805,-23.0,,,,,,,,,,False,,,,,,,,,,False,none_converged
79805,-22.5,-0.6502,0.27093,0.26436,0.0313,1.0,0.047,-1.4922,0.0,0.0,True,,,,,,,,,,False,baseline_only
79805,-22.0,-0.6339,0.26546,0.25889,0.0265,1.0,0.0491,-1.523,0.0,0.0,True,,,,,,,,,,False,baseline_only
79805,-21.5,-0.6173,0.25886,0.25231,0.0226,1.0,0.0504,-1.5185,0.0,0.0,True,,,,,,,,,,False,baseline_only
79805,-21.0,-0.5997,0.25252,0.24595,0.0191,1.0,0.0529,-1.4851,0.0,0.0,True,,,,,,,,,,False,baseline_only
79805,-20.5,-0.5844,0.24724,0.24067,0.0144,1.0,0.0551,-1.517,0.0,0.0,True,,,,,,,,,,False,baseline_only
79805,-20.0,-0.5675,0.2403,0.23374,0.0109,1.0,0.0563,-1.4974,0.0,0.0,True,,,,,,,,,,False,baseline_only
79805,-19.5,-0.5499,0.23383,0.22727,0.0078,1.0,0.0588,-1.4557,0.0,0.0,True,,,,,,,,,,False,baseline_only
79805,-19.0,-0.5362,0.22875,0.2222,0.0031,1.0,0.0613,-1.4866,0.0,0.0,True,-0.5327,0.23274,0.226,-0.0083,1.0,0.0362,-1.2333,0.0,0.0,True,both_converged
79805,-18.5,-0.5185,0.22137,0.21482,0.0004,1.0,0.0632,-1.4454,0.0,0.0,True,-0.5179,0.22716,0.22043,-0.0111,1.0,0.0375,-1.2455,0.0,0.0,True,both_converged
79805,-18.0,-0.503,0.21553,0.20899,-0.003,1.0,0.0671,-1.4508,0.0,0.0,True,-0.504,0.22219,0.21549,-0.0141,1.0,0.0384,-1.285,0.0,0.0,True,both_converged
79805,-17.5,-0.4887,0.20918,0.20266,-0.0065,1.0,0.069,-1.4684,0.0,0.0,True,-0.4909,0.21689,0.21024,-0.0167,1.0,0.0389,-1.316,0.0,0.0,True,both_converged
79805,-17.0,-0.4717,0.20264,0.19612,-0.0091,1.0,0.0725,-1.4381,0.0,0.0,True,-0.4767,0.21039,0.20376,-0.0179,1.0,0.0402,-1.2763,0.0,0.0,True,both_converged
79805,-16.5,-0.466,0.19864,0.19217,-0.0142,1.0,0.0749,-1.528,0.0,0.0,True,-0.464,0.20496,0.19838,-0.0196,1.0,0.0418,-1.275,0.0,0.0,True,both_converged
79805,-16.0,-0.4429,0.18994,0.18346,-0.015,1.0,0.0782,-1.4302,0.0,0.0,True,-0.4528,0.19999,0.19346,-0.0213,1.0,0.0433,-1.2992,0.0,0.0,True,both_converged
79805,-15.5,-0.439,0.18588,0.17943,-0.0197,1.0,0.0819,-1.5067,0.0,0.0,True,,,,,,,,,,False,baseline_only
79805,-15.0,-0.4163,0.17747,0.17103,-0.0204,1.0,0.0863,-1.4067,0.0,0.0,True,,,,,,,,,,False,baseline_only
79805,-14.5,-0.4116,0.17225,0.16586,-0.0243,1.0,0.0898,-1.4766,0.0,0.0,True,,,,,,,,,,False,baseline_only
79805,-14.0,-0.3924,0.16498,0.15859,-0.0253,1.0,0.0944,-1.4242,0.0,0.0,True,-0.4154,0.17997,0.17368,-0.0248,1.0,0.0492,-1.3421,0.0,0.0,True,both_converged
79805,-13.5,-0.3874,0.15919,0.15285,-0.0285,1.0,0.0978,-1.4759,0.0,0.0,True,-0.4079,0.17458,0.16838,-0.0247,1.0,0.0503,-1.3388,0.0,0.0,True,both_converged
79805,-13.0,-0.3733,0.15277,0.14644,-0.0298,1.0,0.1036,-1.4473,0.0,0.0,True,-0.4004,0.16955,0.16342,-0.0241,1.0,0.0528,-1.3141,0.0,0.0,True,both_converged
79805,-12.5,-0.3619,0.14627,0.13999,-0.0314,1.0,0.1086,-1.4324,0.0,0.0,True,-0.3974,0.16564,0.15959,-0.024,1.0,0.055,-1.3494,0.0,0.0,True,both_converged
79805,-12.0,-0.3625,0.14087,0.13468,-0.0343,1.0,0.1139,-1.4862,0.0,0.0,True,-0.3943,0.16096,0.155,-0.0233,1.0,0.056,-1.364,0.0,0.0,True,both_converged
79805,-11.5,-0.3498,0.13454,0.12837,-0.0351,1.0,0.1205,-1.4473,0.0,0.0,True,-0.3885,0.15586,0.14998,-0.0216,1.0,0.0583,-1.3264,0.0,0.0,True,both_converged
79805,-11.0,-0.34,0.12805,0.12193,-0.0359,1.0,0.1252,-1.4446,0.0,0.0,True,-0.3881,0.15203,0.14624,-0.0206,1.0,0.0609,-1.3504,0.0,0.0,True,both_converged
79805,-10.5,-0.3455,0.12275,0.11675,-0.038,1.0,0.1313,-1.509,0.0,0.0,True,-0.3898,0.1482,0.14252,-0.0196,1.0,0.062,-1.3867,0.0,0.0,True,both_converged
79805,-10.0,-0.3527,0.11815,0.11227,-0.0391,1.0,0.1393,-1.5565,0.0,0.0,True,-0.3843,0.14289,0.13729,-0.0172,1.0,0.0647,-1.334,0.0,0.0,True,both_converged
79805,-9.5,-0.3424,0.11204,0.10624,-0.0376,1.0,0.1479,-1.5136,0.0,0.0,True,-0.3875,0.13952,0.13401,-0.016,1.0,0.0675,-1.3893,0.0,0.0,True,both_converged
79805,-9.0,-0.3366,0.10626,0.10056,-0.0359,1.0,0.1543,-1.4842,0.0,0.0,True,-0.3883,0.13502,0.12962,-0.0142,1.0,0.069,-1.4171,0.0,0.0,True,both_converged
79805,-8.5,-0.3508,0.10161,0.09609,-0.0342,1.0,0.1606,-1.5208,0.0,0.0,True,-0.3866,0.13054,0.12523,-0.0119,1.0,0.0725,-1.4099,0.0,0.0,True,both_converged
79805,-8.0,-0.3893,0.09897,0.09368,-0.0309,1.0,0.1676,-1.6104,0.0,0.0,True,-0.4018,0.12898,0.1238,-0.0106,1.0,0.0748,-1.5157,0.0,0.0,True,both_converged
79805,-7.5,-0.3928,0.09434,0.08916,-0.0258,1.0,0.1756,-1.5688,0.0,0.0,True,-0.3932,0.1227,0.11761,-0.0073,1.0,0.0788,-1.4557,0.0,0.0,True,both_converged
79805,-7.0,,,,,,,,,,False,-0.4126,0.12113,0.11617,-0.0045,1.0,0.0817,-1.5439,0.0,0.0,True,optimised_only
79805,-6.5,,,,,,,,,,False,-0.41,0.11567,0.11081,-0.0011,1.0,0.0849,-1.5121,0.0,0.0,True,optimised_only
79805,-6.0,,,,,,,,,,False,-0.4137,0.11241,0.10766,-0.0027,1.0,0.0891,-1.5863,0.0,0.0,True,optimised_only
79805,-5.5,,,,,,,,,,False,-0.4039,0.10633,0.10166,-0.0007,1.0,0.0928,-1.543,0.0,0.0,True,optimised_only
79805,-5.0,,,,,,,,,,False,,,,,,,,,,False,none_converged
79805,-4.5,-0.3769,0.03783,0.0303,-0.0521,1.0,0.1244,-2.3123,0.0,0.0,True,,,,,,,,,,False,baseline_only
79805,-4.0,-0.2926,0.03316,0.02459,-0.06,0.9904,0.1373,-2.1424,0.0,0.0,True,,,,,,,,,,False,baseline_only
79805,-3.5,-0.201,0.03052,0.02117,-0.068,0.976,0.1584,-1.8991,0.0,0.0,True,,,,,,,,,,False,baseline_only
79805,-3.0,-0.1153,0.02901,0.01949,-0.0747,0.9594,0.1863,-1.6438,0.0,0.0,True,-0.2228,0.07436,0.06983,-0.0361,1.0,0.1416,-1.3899,0.0,0.0,True,both_converged
79805,-2.5,-0.0326,0.02789,0.01836,-0.0805,0.9418,0.2258,-1.4048,0.0,0.0,True,-0.1549,0.06779,0.06322,-0.047,1.0,0.1637,-1.3147,0.0,0.0,True,both_converged
79805,-2.0,0.0494,0.02691,0.01753,-0.0859,0.9243,0.2845,-1.1775,0.0,0.0,True,0.2562,0.03654,0.02956,-0.1511,1.0,0.1228,-1.6054,0.0,0.0,True,both_converged
79805,-1.5,0.1242,0.02592,0.01692,-0.0898,0.9052,0.3726,-0.977,0.0,0.0,True,,,,,,,,,,False,baseline_only
79805,-1.0,0.1972,0.02423,0.01655,-0.0925,0.8882,0.6082,-0.7964,0.0,0.0,True,0.4284,0.03332,0.02553,-0.1647,1.0,0.2046,-1.077,0.0,0.0,True,both_converged
79805,-0.5,,,,,,,,,,False,0.5397,0.03303,0.02534,-0.1749,0.9858,0.2902,-0.7749,0.0,0.0,True,optimised_only
79805,0.0,0.3531,0.0234,0.01567,-0.0985,0.8515,1.0,-0.6523,0.0,0.0,True,0.778,0.02259,0.01526,-0.1979,0.8316,0.4319,-1.0679,0.0,0.0,True,both_converged
79805,0.5,0.4243,0.02339,0.01537,-0.1008,0.8324,1.0,-0.7034,0.0,0.0,True,0.8434,0.02413,0.01391,-0.196,0.3493,0.487,-1.1833,0.0,0.0,True,both_converged
79805,1.0,0.4902,0.02339,0.01517,-0.102,0.8128,1.0,-0.7537,0.0,0.0,True,0.9101,0.0252,0.01448,-0.1973,0.3136,0.5411,-1.3068,0.0,0.0,True,both_converged
79805,1.5,0.5524,0.02345,0.01508,-0.1025,0.7928,1.0,-0.8041,0.0,0.0,True,0.9806,0.02634,0.01517,-0.1994,0.2885,0.5987,-1.4444,0.0,0.0,True,both_converged
79805,2.0,0.6122,0.02358,0.0151,-0.1025,0.7726,1.0,-0.8561,0.0,0.0,True,1.0406,0.02748,0.01623,-0.1996,0.2694,0.6586,-1.5725,0.0,0.0,True,both_converged
79805,2.5,0.6722,0.02368,0.01513,-0.1025,0.7532,1.0,-0.9115,0.0,0.0,True,1.0994,0.02867,0.01749,-0.1998,0.2541,0.7486,-1.7084,0.0,0.0,True,both_converged
79805,3.0,0.7372,0.02353,0.01492,-0.1029,0.7355,1.0,-0.9761,0.0,0.0,True,1.1582,0.03031,0.01927,-0.2001,0.2403,1.0,-1.8466,0.0,0.0,True,both_converged
79805,3.5,0.7897,0.02403,0.01542,-0.1018,0.714,1.0,-1.0374,0.0,0.0,True,1.2172,0.03272,0.02163,-0.2004,0.2275,1.0,-1.9885,0.0,0.0,True,both_converged
79805,4.0,0.8433,0.02452,0.01594,-0.1008,0.6932,1.0,-1.1201,0.0,0.0,True,1.2724,0.03541,0.02441,-0.1998,0.2165,1.0,-2.137,0.0,0.0,True,both_converged
79805,4.5,0.9055,0.02457,0.01598,-0.1008,0.6748,1.0,-1.2501,0.0,0.0,True,1.3249,0.03844,0.02762,-0.1988,0.2068,1.0,-2.2823,0.0,0.0,True,both_converged
79805,5.0,0.9537,0.02539,0.01691,-0.0991,0.6522,1.0,-1.3886,0.0,0.0,True,1.3747,0.04175,0.03116,-0.1974,0.1977,1.0,-2.4349,0.0,0.0,True,both_converged
79805,5.5,1.0037,0.02611,0.01772,-0.0976,0.6297,1.0,-1.5554,0.0,0.0,True,1.4203,0.04564,0.03554,-0.1952,0.1896,1.0,-2.5711,0.0,0.0,True,both_converged
79805,6.0,1.0567,0.02657,0.01829,-0.0962,0.6066,1.0,-1.7514,0.0,0.0,True,1.4584,0.05103,0.0417,-0.1917,0.1832,1.0,-2.6723,0.0,0.0,True,both_converged
79805,6.5,1.1091,0.02685,0.01867,-0.0945,0.5806,1.0,-1.9722,0.0,0.0,True,1.4956,0.05602,0.04708,-0.1887,0.1768,1.0,-2.8089,0.0,0.0,True,both_converged
79805,7.0,1.1608,0.02688,0.01876,-0.0924,0.551,1.0,-2.2177,0.0,0.0,True,1.5145,0.06424,0.05628,-0.183,0.1747,1.0,-2.8393,0.0,0.0,True,both_converged
79805,7.5,1.2154,0.0266,0.01847,-0.0905,0.5193,1.0,-2.4975,0.0,0.0,True,1.523,0.07345,0.06629,-0.1769,0.1751,1.0,-2.8491,0.0,0.0,True,both_converged
79805,8.0,1.2567,0.02679,0.01878,-0.087,0.4831,1.0,-2.7546,0.0,0.0,True,,,,,,,,,,False,baseline_only
79805,8.5,1.2956,0.02684,0.01891,-0.083,0.443,1.0,-3.0321,0.0,0.0,True,,,,,,,,,,False,baseline_only
79805,9.0,1.322,0.02718,0.01934,-0.0773,0.3956,1.0,-3.2768,0.0,0.0,True,1.3572,0.12049,0.11539,-0.1602,0.2419,1.0,-2.2312,0.0,0.0,True,both_converged
79805,9.5,1.3335,0.02804,0.02014,-0.0695,0.3363,1.0,-3.4821,0.0,0.0,True,1.3378,0.13142,0.12638,-0.159,0.2311,1.0,-2.2125,0.0,0.0,True,both_converged
79805,10.0,1.3235,0.03029,0.02204,-0.0596,0.2675,1.0,-3.6168,0.0,0.0,True,,,,,,,,,,False,baseline_only
79805,10.5,1.3118,0.03406,0.02525,-0.0512,0.2095,1.0,-3.7299,0.0,0.0,True,,,,,,,,,,False,baseline_only
79805,11.0,1.3133,0.03817,0.02896,-0.0455,0.1691,1.0,-3.874,0.0,0.0,True,,,,,,,,,,False,baseline_only
79805,11.5,1.3309,0.04203,0.03258,-0.0416,0.1409,1.0,-4.0647,0.0,0.0,True,,,,,,,,,,False,baseline_only
79805,12.0,1.3629,0.04579,0.03621,-0.0391,0.1201,1.0,-4.3124,0.0,0.0,True,,,,,,,,,,False,baseline_only
79805,12.5,1.4053,0.04976,0.04011,-0.0379,0.1046,1.0,-4.6084,0.0,0.0,True,0.8641,0.15642,0.15183,-0.1351,0.1874,1.0,-1.1306,0.0,0.0,True,both_converged
79805,13.0,1.4315,0.05458,0.04532,-0.0354,0.095,1.0,-4.82,0.0,0.0,True,0.8802,0.16362,0.15909,-0.1358,0.1782,1.0,-1.1745,0.0,0.0,True,both_converged
79805,13.5,1.4492,0.05977,0.05086,-0.0326,0.0877,1.0,-5.0063,0.0,0.0,True,0.8689,0.16923,0.16471,-0.14,0.1705,1.0,-1.1006,0.0,0.0,True,both_converged
79805,14.0,1.479,0.06567,0.05698,-0.0311,0.0819,1.0,-5.2423,0.0,0.0,True,0.8728,0.17608,0.17159,-0.1426,0.1634,1.0,-1.0873,0.0,0.0,True,both_converged
79805,14.5,1.4377,0.07297,0.06506,-0.0258,0.0807,1.0,-5.181,0.0,0.0,True,0.8881,0.18376,0.1793,-0.1436,0.1576,1.0,-1.1289,0.0,0.0,True,both_converged
79805,15.0,1.3918,0.08199,0.07476,-0.0234,0.0799,1.0,-5.0868,0.0,0.0,True,0.8922,0.19007,0.18566,-0.1463,0.1502,1.0,-1.1151,0.0,0.0,True,both_converged
79805,15.5,1.3369,0.09335,0.08671,-0.0241,0.0799,1.0,-4.9294,0.0,0.0,True,0.8946,0.19697,0.1926,-0.1494,0.1439,1.0,-1.0899,0.0,0.0,True,both_converged
79805,16.0,1.273,0.10789,0.10175,-0.0289,0.0808,1.0,-4.6902,0.0,0.0,True,0.9121,0.20537,0.20104,-0.1501,0.1392,1.0,-1.1481,0.0,0.0,True,both_converged
79805,16.5,1.2121,0.12522,0.11942,-0.0373,0.082,1.0,-4.4088,0.0,0.0,True,0.9112,0.21135,0.20707,-0.1538,0.1327,1.0,-1.1038,0.0,0.0,True,both_converged
79805,17.0,,,,,,,,,,False,0.9174,0.2188,0.21459,-0.1565,0.1278,1.0,-1.0949,0.0,0.0,True,optimised_only
79805,17.5,,,,,,,,,,False,0.9307,0.22657,0.22243,-0.1578,0.1224,1.0,-1.1402,0.0,0.0,True,optimised_only
79805,18.0,,,,,,,,,,False,0.9316,0.23373,0.22962,-0.1615,0.1181,1.0,-1.0964,0.0,0.0,True,optimised_only
79805,18.5,,,,,,,,,,False,0.9505,0.24312,0.2391,-0.1617,0.1132,1.0,-1.1749,0.0,0.0,True,optimised_only
79805,19.0,,,,,,,,,,False,0.9461,0.24906,0.24509,-0.1664,0.1087,1.0,-1.1052,0.0,0.0,True,optimised_only
79805,19.5,,,,,,,,,,False,0.9622,0.25851,0.25461,-0.1671,0.1049,1.0,-1.2804,0.0,0.0,True,optimised_only
79805,20.0,,,,,,,,,,False,0.9604,0.26484,0.261,-0.1713,0.0999,1.0,-1.2767,0.0,0.0,True,optimised_only
79805,20.5,,,,,,,,,,False,0.9738,0.27434,0.27058,-0.1724,0.0969,1.0,-1.4332,0.0,0.0,True,optimised_only
79805,21.0,0.663,0.20401,0.19905,-0.0691,0.114,1.0,-1.092,0.0,0.0,True,0.9734,0.28125,0.27755,-0.1764,0.0924,1.0,-1.4397,0.0,0.0,True,both_converged
79805,21.5,0.6673,0.21043,0.20549,-0.0723,0.1072,1.0,-1.0599,0.0,0.0,True,0.984,0.29054,0.28692,-0.178,0.0891,1.0,-1.5765,0.0,0.0,True,both_converged
79805,22.0,0.6747,0.21743,0.21252,-0.075,0.1027,1.0,-1.0577,0.0,0.0,True,0.9859,0.29824,0.29468,-0.1815,0.0849,1.0,-1.5912,0.0,0.0,True,both_converged
79805,22.5,0.6916,0.22534,0.2205,-0.0762,0.0971,1.0,-1.1318,0.0,0.0,True,0.994,0.3075,0.30402,-0.1836,0.0814,1.0,-1.6827,0.0,0.0,True,both_converged
79805,23.0,0.6911,0.23105,0.22623,-0.0801,0.0914,1.0,-1.0713,0.0,0.0,True,0.9982,0.31599,0.31259,-0.1865,0.0766,1.0,-1.705,0.0,0.0,True,both_converged
79805,23.5,0.698,0.23817,0.23338,-0.0828,0.087,1.0,-1.0606,0.0,0.0,True,1.003,0.32551,0.32216,-0.1892,0.0725,1.0,-1.7095,0.0,0.0,True,both_converged
79805,24.0,0.711,0.24567,0.24095,-0.0845,0.0823,1.0,-1.104,0.0,0.0,True,1.0111,0.33577,0.33249,-0.1911,0.0678,1.0,-1.7402,0.0,0.0,True,both_converged
79805,24.5,0.7127,0.25235,0.24764,-0.0882,0.0787,1.0,-1.052,0.0,0.0,True,,,,,,,,,,False,baseline_only
79805,25.0,0.7257,0.26037,0.2557,-0.0899,0.0748,1.0,-1.1173,0.0,0.0,True,,,,,,,,,,False,baseline_only
79805,25.5,0.7274,0.26663,0.262,-0.0935,0.0701,1.0,-1.069,0.0,0.0,True,1.5695,0.39661,0.39295,-0.309,0.0445,1.0,-2.634,0.0,0.0,True,both_converged
79805,26.0,0.7361,0.27437,0.26979,-0.0958,0.0676,1.0,-1.0881,0.0,0.0,True,1.5833,0.40445,0.4008,-0.3152,0.0431,1.0,-2.5542,0.0,0.0,True,both_converged
79805,26.5,0.7405,0.2813,0.27677,-0.0989,0.0638,1.0,-1.0574,0.0,0.0,True,1.5972,0.41168,0.40807,-0.321,0.0404,1.0,-2.5072,0.0,0.0,True,both_converged
79805,27.0,0.7506,0.28943,0.28493,-0.1009,0.0614,1.0,-1.0928,0.0,0.0,True,1.6097,0.42115,0.41759,-0.3236,0.0387,1.0,-2.5861,0.0,0.0,True,both_converged
79805,27.5,0.7528,0.29617,0.29173,-0.1044,0.0582,1.0,-1.0337,0.0,0.0,True,1.6235,0.42671,0.42317,-0.332,0.0375,1.0,-2.4411,0.0,0.0,True,both_converged
79805,28.0,0.7625,0.30424,0.29984,-0.1063,0.0553,1.0,-1.0921,0.0,0.0,True,1.6363,0.43388,0.43039,-0.3375,0.0353,1.0,-2.4291,0.0,0.0,True,both_converged
79805,28.5,0.7643,0.31113,0.30677,-0.1099,0.0528,1.0,-1.0407,0.0,0.0,True,1.6475,0.44263,0.43921,-0.3406,0.0338,1.0,-2.5375,0.0,0.0,True,both_converged
79805,29.0,0.7715,0.31856,0.31426,-0.1122,0.0501,1.0,-1.0708,0.0,0.0,True,1.6605,0.44882,0.4454,-0.3483,0.033,1.0,-2.4593,0.0,0.0,True,both_converged
79805,29.5,0.7756,0.32631,0.32205,-0.1151,0.0488,1.0,-1.0472,0.0,0.0,True,1.6726,0.45576,0.4524,-0.3542,0.0312,1.0,-2.4558,0.0,0.0,True,both_converged
79805,30.0,0.7799,0.33368,0.32947,-0.118,0.0462,1.0,-1.027,0.0,0.0,True,1.6831,0.4628,0.45949,-0.3586,0.0295,1.0,-2.5235,0.0,0.0,True,both_converged
83594,-30.0,,,,,,,,,,False,,,,,,,,,,False,none_converged
83594,-29.5,-0.4883,0.27202,0.26699,0.03,1.0,0.0312,-0.8137,0.0,0.0,True,-0.8626,0.35131,0.34497,0.0792,1.0,0.0219,-1.4674,0.0,0.0,True,both_converged
83594,-29.0,-0.4794,0.26615,0.26108,0.0269,1.0,0.0327,-0.8164,0.0,0.0,True,-0.848,0.34604,0.33967,0.0741,1.0,0.0225,-1.4535,0.0,0.0,True,both_converged
83594,-28.5,-0.4709,0.26061,0.2555,0.0236,1.0,0.0335,-0.8348,0.0,0.0,True,-0.833,0.3408,0.33439,0.0691,1.0,0.0231,-1.4431,0.0,0.0,True,both_converged
83594,-28.0,-0.4623,0.25485,0.24973,0.0203,1.0,0.0339,-0.8459,0.0,0.0,True,-0.8178,0.33555,0.32911,0.0641,1.0,0.0237,-1.4322,0.0,0.0,True,both_converged
83594,-27.5,-0.4514,0.24831,0.24315,0.0176,1.0,0.0351,-0.8084,0.0,0.0,True,-0.8023,0.33025,0.32378,0.0591,1.0,0.0242,-1.4216,0.0,0.0,True,both_converged
83594,-27.0,-0.4413,0.24248,0.23729,0.0146,1.0,0.0365,-0.7961,0.0,0.0,True,-0.7865,0.32502,0.31853,0.0541,1.0,0.0246,-1.4153,0.0,0.0,True,both_converged
83594,-26.5,-0.4316,0.23685,0.23163,0.0115,1.0,0.038,-0.8135,0.0,0.0,True,,,,,,,,,,False,baseline_only
83594,-26.0,,,,,,,,,,False,-0.7552,0.31397,0.30744,0.0444,1.0,0.0251,-1.3838,0.0,0.0,True,optimised_only
83594,-25.5,-0.4107,0.22515,0.21989,0.0056,1.0,0.0402,-0.8204,0.0,0.0,True,-0.7399,0.30765,0.30109,0.0403,1.0,0.0256,-1.3299,0.0,0.0,True,both_converged
83594,-25.0,-0.3998,0.21951,0.21422,0.0027,1.0,0.0421,-0.8156,0.0,0.0,True,-0.724,0.30183,0.29525,0.036,1.0,0.0262,-1.3194,0.0,0.0,True,both_converged
83594,-24.5,-0.3901,0.21435,0.20904,-0.0004,1.0,0.0436,-0.8342,0.0,0.0,True,-0.708,0.29609,0.28949,0.0317,1.0,0.0269,-1.3153,0.0,0.0,True,both_converged
83594,-24.0,-0.3799,0.20883,0.2035,-0.0034,1.0,0.0443,-0.8433,0.0,0.0,True,-0.6918,0.29033,0.28372,0.0274,1.0,0.0276,-1.3148,0.0,0.0,True,both_converged
83594,-23.5,-0.367,0.20269,0.19734,-0.0058,1.0,0.046,-0.8047,0.0,0.0,True,-0.6755,0.28459,0.27796,0.0232,1.0,0.0283,-1.3187,0.0,0.0,True,both_converged
83594,-23.0,-0.3558,0.19734,0.19198,-0.0086,1.0,0.0482,-0.8079,0.0,0.0,True,-0.659,0.27904,0.2724,0.0189,1.0,0.0288,-1.3314,0.0,0.0,True,both_converged
83594,-22.5,,,,,,,,,,False,,,,,,,,,,False,none_converged
83594,-22.0,-0.6333,0.26464,0.25822,0.0272,1.0,0.0468,-1.4955,0.0,0.0,True,,,,,,,,,,False,baseline_only
83594,-21.5,-0.6172,0.25923,0.25281,0.0224,1.0,0.0491,-1.5278,0.0,0.0,True,-0.6107,0.26126,0.25462,0.0076,1.0,0.0301,-1.3031,0.0,0.0,True,both_converged
83594,-21.0,-0.6004,0.25247,0.24605,0.0187,1.0,0.0504,-1.5153,0.0,0.0,True,-0.5946,0.25543,0.2488,0.0042,1.0,0.0311,-1.2788,0.0,0.0,True,both_converged
83594,-20.5,-0.5829,0.24612,0.23969,0.0153,1.0,0.0527,-1.4812,0.0,0.0,True,-0.5787,0.24969,0.24305,0.0008,1.0,0.0323,-1.2648,0.0,0.0,True,both_converged
83594,-20.0,-0.5677,0.24067,0.23426,0.0106,1.0,0.055,-1.5084,0.0,0.0,True,-0.5629,0.24426,0.23763,-0.0027,1.0,0.0333,-1.2667,0.0,0.0,True,both_converged
83594,-19.5,-0.5512,0.23385,0.22745,0.0072,1.0,0.0562,-1.4912,0.0,0.0,True,,,,,,,,,,False,baseline_only
83594,-19.0,-0.5336,0.22736,0.22094,0.0042,1.0,0.0588,-1.444,0.0,0.0,True,-0.5327,0.23274,0.22616,-0.0088,1.0,0.0344,-1.2632,0.0,0.0,True,both_converged
83594,-18.5,-0.521,0.22242,0.21602,-0.0006,1.0,0.0614,-1.492,0.0,0.0,True,-0.5176,0.22684,0.22027,-0.0111,1.0,0.0355,-1.2462,0.0,0.0,True,both_converged
83594,-18.0,-0.5023,0.21485,0.20846,-0.0028,1.0,0.0637,-1.4461,0.0,0.0,True,-0.5031,0.22123,0.21469,-0.0136,1.0,0.0368,-1.2501,0.0,0.0,True,both_converged
83594,-17.5,-0.4884,0.20922,0.20284,-0.0066,1.0,0.0675,-1.468,0.0,0.0,True,-0.4895,0.21593,0.20942,-0.0161,1.0,0.0381,-1.2747,0.0,0.0,True,both_converged
83594,-17.0,-0.4734,0.20248,0.19612,-0.0097,1.0,0.0692,-1.4696,0.0,0.0,True,,,,,,,,,,False,baseline_only
83594,-16.5,-0.457,0.19606,0.1897,-0.0122,1.0,0.0727,-1.4411,0.0,0.0,True,,,,,,,,,,False,baseline_only
83594,-16.0,-0.45,0.19107,0.18476,-0.0168,1.0,0.0751,-1.5116,0.0,0.0,True,,,,,,,,,,False,baseline_only
83594,-15.5,-0.4291,0.18334,0.17702,-0.0178,1.0,0.0788,-1.4257,0.0,0.0,True,-0.4414,0.1943,0.18797,-0.0223,1.0,0.0427,-1.2974,0.0,0.0,True,both_converged
83594,-15.0,-0.4227,0.17799,0.17171,-0.0218,1.0,0.0824,-1.4749,0.0,0.0,True,-0.4331,0.19009,0.18382,-0.024,1.0,0.0438,-1.3508,0.0,0.0,True,both_converged
83594,-14.5,-0.4043,0.17095,0.16468,-0.0231,1.0,0.0872,-1.4227,0.0,0.0,True,-0.4232,0.18418,0.17797,-0.0243,1.0,0.0446,-1.3383,0.0,0.0,True,both_converged
83594,-14.0,-0.3972,0.16494,0.15871,-0.0263,1.0,0.0902,-1.4716,0.0,0.0,True,-0.4137,0.1789,0.17275,-0.0242,1.0,0.0466,-1.3113,0.0,0.0,True,both_converged
83594,-13.5,-0.3821,0.15842,0.1522,-0.0278,1.0,0.0951,-1.4426,0.0,0.0,True,-0.4075,0.17447,0.1684,-0.0246,1.0,0.0489,-1.3351,0.0,0.0,True,both_converged
83594,-13.0,-0.3745,0.15212,0.14594,-0.0302,1.0,0.0985,-1.4667,0.0,0.0,True,-0.4037,0.17018,0.1642,-0.0247,1.0,0.0499,-1.3734,0.0,0.0,True,both_converged
83594,-12.5,-0.3719,0.14705,0.14093,-0.0331,1.0,0.1047,-1.5054,0.0,0.0,True,-0.3958,0.16465,0.15873,-0.0234,1.0,0.0521,-1.3243,0.0,0.0,True,both_converged
83594,-12.0,-0.3534,0.13978,0.13369,-0.0333,1.0,0.1104,-1.4376,0.0,0.0,True,-0.3928,0.16046,0.15462,-0.0227,1.0,0.0545,-1.3412,0.0,0.0,True,both_converged
83594,-11.5,-0.35,0.13371,0.12769,-0.0354,1.0,0.1148,-1.4613,0.0,0.0,True,,,,,,,,,,False,baseline_only
83594,-11.0,-0.352,0.12866,0.12271,-0.0377,1.0,0.1213,-1.5143,0.0,0.0,True,-0.3873,0.1513,0.14564,-0.0201,1.0,0.0576,-1.34,0.0,0.0,True,both_converged
83594,-10.5,-0.3352,0.12175,0.11585,-0.037,1.0,0.1268,-1.4646,0.0,0.0,True,-0.3863,0.14719,0.14163,-0.0187,1.0,0.0602,-1.3455,0.0,0.0,True,both_converged
83594,-10.0,-0.3339,0.1161,0.1103,-0.0375,1.0,0.1337,-1.4808,0.0,0.0,True,-0.395,0.14518,0.13973,-0.0183,1.0,0.0616,-1.4352,0.0,0.0,True,both_converged
83594,-9.5,-0.3416,0.11099,0.10532,-0.0379,1.0,0.1409,-1.5247,0.0,0.0,True,-0.3855,0.13851,0.13312,-0.0154,1.0,0.0639,-1.3659,0.0,0.0,True,both_converged
83594,-9.0,-0.3591,0.10695,0.10146,-0.0377,1.0,0.1485,-1.5859,0.0,0.0,True,-0.3873,0.13473,0.12944,-0.0137,1.0,0.067,-1.4007,0.0,0.0,True,both_converged
83594,-8.5,-0.3484,0.10113,0.09572,-0.0343,1.0,0.1551,-1.519,0.0,0.0,True,,,,,,,,,,False,baseline_only
83594,-8.0,-0.3717,0.09704,0.09182,-0.0312,1.0,0.1605,-1.5666,0.0,0.0,True,-0.2686,0.09665,0.09255,-0.0069,1.0,0.0814,-1.0069,0.0,0.0,True,both_converged
83594,-7.5,-0.4093,0.09444,0.08944,-0.0258,1.0,0.1669,-1.6278,0.0,0.0,True,-0.2669,0.09223,0.08821,-0.0054,1.0,0.084,-1.0101,0.0,0.0,True,both_converged
83594,-7.0,-0.4249,0.09028,0.08541,-0.0209,1.0,0.1733,-1.6261,0.0,0.0,True,-0.2719,0.0888,0.08483,-0.0043,1.0,0.0883,-1.0445,0.0,0.0,True,both_converged
83594,-6.5,,,,,,,,,,False,-0.4161,0.11648,0.11174,-0.0018,1.0,0.0814,-1.5571,0.0,0.0,True,optimised_only
83594,-6.0,,,,,,,,,,False,-0.4119,0.11108,0.10643,-0.0001,1.0,0.0844,-1.5436,0.0,0.0,True,optimised_only
83594,-5.5,,,,,,,,,,False,-0.4038,0.10713,0.10256,-0.0064,1.0,0.0893,-1.6366,0.0,0.0,True,optimised_only
83594,-5.0,,,,,,,,,,False,-0.3913,0.10066,0.09616,-0.0029,1.0,0.0938,-1.5547,0.0,0.0,True,optimised_only
83594,-4.5,,,,,,,,,,False,-0.368,0.09453,0.09009,-0.0078,1.0,0.0996,-1.5554,0.0,0.0,True,optimised_only
83594,-4.0,-0.27,0.03204,0.02342,-0.0639,0.984,0.136,-2.1175,0.0,0.0,True,-0.3348,0.08814,0.08374,-0.014,1.0,0.1083,-1.5241,0.0,0.0,True,both_converged
83594,-3.5,-0.1816,0.02965,0.02038,-0.0712,0.9693,0.1573,-1.8724,0.0,0.0,True,,,,,,,,,,False,baseline_only
83594,-3.0,-0.0974,0.02818,0.01873,-0.0774,0.9529,0.1858,-1.6174,0.0,0.0,True,,,,,,,,,,False,baseline_only
83594,-2.5,-0.0161,0.02707,0.01764,-0.0829,0.9356,0.2261,-1.3806,0.0,0.0,True,,,,,,,,,,False,baseline_only
83594,-2.0,0.0656,0.02606,0.01678,-0.0881,0.9186,0.2865,-1.1539,0.0,0.0,True,0.1196,0.04608,0.04071,-0.1162,1.0,0.1234,-1.4551,0.0,0.0,True,both_converged
83594,-1.5,0.1381,0.02505,0.01618,-0.0915,0.8994,0.3759,-0.9577,0.0,0.0,True,0.127,0.04851,0.04344,-0.105,1.0,0.1813,-1.1733,0.0,0.0,True,both_converged
83594,-1.0,0.2079,0.0233,0.01583,-0.0934,0.8824,0.627,-0.7816,0.0,0.0,True,0.4343,0.03284,0.02507,-0.1659,1.0,0.2022,-1.0775,0.0,0.0,True,both_converged
83594,-0.5,0.2859,0.02249,0.01531,-0.0956,0.8643,1.0,-0.6105,0.0,0.0,True,0.6047,0.03112,0.02357,-0.1861,0.9624,0.3166,-0.8402,0.0,0.0,True,both_converged
83594,0.0,0.3621,0.02247,0.01489,-0.0991,0.8457,1.0,-0.6597,0.0,0.0,True,0.7844,0.02127,0.01385,-0.1978,0.7518,0.4286,-1.0743,0.0,0.0,True,both_converged
83594,0.5,0.432,0.0224,0.01455,-0.1011,0.8268,1.0,-0.7104,0.0,0.0,True,0.8508,0.02386,0.01359,-0.1976,0.3384,0.4822,-1.1928,0.0,0.0,True,both_converged
83594,1.0,0.4999,0.02227,0.01421,-0.1025,0.8084,1.0,-0.7626,0.0,0.0,True,0.9166,0.02485,0.01417,-0.1987,0.3054,0.5345,-1.3158,0.0,0.0,True,both_converged
83594,1.5,0.5699,0.02195,0.01373,-0.1039,0.7913,1.0,-0.8192,0.0,0.0,True,0.9824,0.02599,0.01496,-0.1999,0.2819,0.5881,-1.4489,0.0,0.0,True,both_converged
83594,2.0,0.6283,0.02204,0.01371,-0.1037,0.7707,1.0,-0.8707,0.0,0.0,True,1.0431,0.02728,0.01603,-0.2004,0.2641,0.6467,-1.581,0.0,0.0,True,both_converged
83594,2.5,0.6853,0.02222,0.01383,-0.1032,0.75,1.0,-0.9243,0.0,0.0,True,1.1006,0.02837,0.0173,-0.2002,0.2486,0.726,-1.713,0.0,0.0,True,both_converged
83594,3.0,0.7429,0.02242,0.01397,-0.1027,0.7299,1.0,-0.9831,0.0,0.0,True,1.1577,0.02978,0.0189,-0.2001,0.2352,1.0,-1.8521,0.0,0.0,True,both_converged
83594,3.5,0.8051,0.0224,0.01391,-0.1028,0.7115,1.0,-1.0539,0.0,0.0,True,1.2172,0.03211,0.02109,-0.2006,0.2228,1.0,-1.9989,0.0,0.0,True,both_converged
83594,4.0,0.856,0.023,0.01454,-0.1015,0.6895,1.0,-1.1375,0.0,0.0,True,1.2725,0.03466,0.02372,-0.2001,0.2119,1.0,-2.1499,0.0,0.0,True,both_converged
83594,4.5,0.9078,0.02361,0.01518,-0.1003,0.6681,1.0,-1.256,0.0,0.0,True,1.325,0.03762,0.02691,-0.199,0.2022,1.0,-2.2939,0.0,0.0,True,both_converged
83594,5.0,0.9651,0.02395,0.01555,-0.0997,0.648,1.0,-1.4118,0.0,0.0,True,1.3743,0.04099,0.03064,-0.1974,0.1932,1.0,-2.4388,0.0,0.0,True,both_converged
83594,5.5,1.0172,0.02453,0.0162,-0.0984,0.6256,1.0,-1.5853,0.0,0.0,True,1.4203,0.04486,0.0349,-0.1953,0.1853,1.0,-2.5813,0.0,0.0,True,both_converged
83594,6.0,1.0667,0.02516,0.01694,-0.0967,0.6014,1.0,-1.7787,0.0,0.0,True,1.4654,0.04877,0.03902,-0.1933,0.1783,1.0,-2.7419,0.0,0.0,True,both_converged
83594,6.5,1.1187,0.02545,0.0173,-0.095,0.575,1.0,-2.0019,0.0,0.0,True,1.4951,0.05514,0.04641,-0.1886,0.1722,1.0,-2.8132,0.0,0.0,True,both_converged
83594,7.0,1.1727,0.02542,0.01726,-0.0932,0.5458,1.0,-2.2549,0.0,0.0,True,1.5295,0.06059,0.05218,-0.1854,0.1674,1.0,-2.952,0.0,0.0,True,both_converged
83594,7.5,1.2149,0.02577,0.01777,-0.09,0.5126,1.0,-2.5024,0.0,0.0,True,1.5365,0.07004,0.06266,-0.1785,0.1661,1.0,-2.945,0.0,0.0,True,both_converged
83594,8.0,1.2605,0.02581,0.01784,-0.0871,0.4775,1.0,-2.7739,0.0,0.0,True,1.5458,0.07964,0.07287,-0.173,0.1685,1.0,-2.9743,0.0,0.0,True,both_converged
83594,8.5,1.2973,0.02599,0.01812,-0.0829,0.4374,1.0,-3.0451,0.0,0.0,True,,,,,,,,,,False,baseline_only
83594,9.0,1.3241,0.02636,0.01853,-0.0773,0.3902,1.0,-3.292,0.0,0.0,True,,,,,,,,,,False,baseline_only
83594,9.5,1.3334,0.0274,0.01957,-0.0694,0.3298,1.0,-3.49,0.0,0.0,True,,,,,,,,,,False,baseline_only
83594,10.0,1.3233,0.02974,0.02154,-0.0595,0.2605,1.0,-3.6249,0.0,0.0,True,0.8495,0.12143,0.1169,-0.1255,0.2301,1.0,-1.1682,0.0,0.0,True,both_converged
83594,10.5,1.3114,0.03359,0.02487,-0.0513,0.2028,1.0,-3.7368,0.0,0.0,True,0.8585,0.12851,0.12398,-0.1264,0.2196,1.0,-1.1821,0.0,0.0,True,both_converged
83594,11.0,1.3121,0.03772,0.02861,-0.0455,0.1643,1.0,-3.8795,0.0,0.0,True,0.8607,0.13549,0.13097,-0.1281,0.2089,1.0,-1.1807,0.0,0.0,True,both_converged
83594,11.5,1.3283,0.04157,0.03221,-0.0416,0.1373,1.0,-4.0683,0.0,0.0,True,0.8759,0.14261,0.13811,-0.1286,0.1987,1.0,-1.2201,0.0,0.0,True,both_converged
83594,12.0,1.3556,0.04529,0.03586,-0.0388,0.1175,1.0,-4.3005,0.0,0.0,True,0.8611,0.14874,0.14425,-0.1326,0.1893,1.0,-1.1457,0.0,0.0,True,both_converged
83594,12.5,1.392,0.04916,0.03972,-0.0369,0.1027,1.0,-4.5761,0.0,0.0,True,0.8587,0.15528,0.1508,-0.1355,0.1803,1.0,-1.117,0.0,0.0,True,both_converged
83594,13.0,1.4242,0.05362,0.04442,-0.0349,0.0925,1.0,-4.8202,0.0,0.0,True,0.8605,0.16208,0.15762,-0.1381,0.1728,1.0,-1.0988,0.0,0.0,True,both_converged
83594,13.5,1.4419,0.05867,0.04981,-0.0321,0.0852,1.0,-5.0086,0.0,0.0,True,0.8746,0.16951,0.16509,-0.1393,0.1671,1.0,-1.1266,0.0,0.0,True,both_converged
83594,14.0,1.4565,0.06463,0.05617,-0.0296,0.0806,1.0,-5.1734,0.0,0.0,True,0.8894,0.17661,0.17223,-0.1402,0.1586,1.0,-1.1697,0.0,0.0,True,both_converged
83594,14.5,1.4301,0.07179,0.06399,-0.0256,0.0783,1.0,-5.1795,0.0,0.0,True,0.8817,0.18258,0.17822,-0.1445,0.1519,1.0,-1.1032,0.0,0.0,True,both_converged
83594,15.0,1.4339,0.07826,0.07067,-0.0239,0.0745,1.0,-5.341,0.0,0.0,True,0.8905,0.18997,0.18566,-0.1466,0.1472,1.0,-1.1073,0.0,0.0,True,both_converged
83594,15.5,1.3831,0.08817,0.08122,-0.0229,0.0741,1.0,-5.2143,0.0,0.0,True,0.9074,0.19755,0.19329,-0.1473,0.1399,1.0,-1.1631,0.0,0.0,True,both_converged
83594,16.0,1.3285,0.10022,0.09381,-0.025,0.0743,1.0,-5.0435,0.0,0.0,True,0.9026,0.20382,0.19959,-0.1517,0.1344,1.0,-1.0995,0.0,0.0,True,both_converged
83594,16.5,1.272,0.11462,0.10865,-0.0306,0.0748,1.0,-4.8258,0.0,0.0,True,0.9186,0.21213,0.20795,-0.1526,0.1301,1.0,-1.147,0.0,0.0,True,both_converged
83594,17.0,,,,,,,,,,False,0.9201,0.21836,0.21425,-0.156,0.1234,1.0,-1.1177,0.0,0.0,True,optimised_only
83594,17.5,,,,,,,,,,False,0.9261,0.22613,0.22207,-0.1587,0.12,1.0,-1.1104,0.0,0.0,True,optimised_only
83594,18.0,,,,,,,,,,False,0.9365,0.23355,0.22955,-0.1605,0.1142,1.0,-1.135,0.0,0.0,True,optimised_only
83594,18.5,,,,,,,,,,False,0.9393,0.2411,0.23714,-0.1639,0.11,1.0,-1.1003,0.0,0.0,True,optimised_only
83594,19.0,,,,,,,,,,False,0.9521,0.24923,0.24536,-0.1652,0.1055,1.0,-1.1712,0.0,0.0,True,optimised_only
83594,19.5,,,,,,,,,,False,0.9534,0.25674,0.25292,-0.1689,0.1017,1.0,-1.1954,0.0,0.0,True,optimised_only
83594,20.0,,,,,,,,,,False,0.9681,0.26566,0.26192,-0.1698,0.0972,1.0,-1.3656,0.0,0.0,True,optimised_only
83594,20.5,,,,,,,,,,False,0.967,0.27289,0.2692,-0.174,0.094,1.0,-1.3582,0.0,0.0,True,optimised_only
83594,21.0,,,,,,,,,,False,0.9802,0.2819,0.27831,-0.175,0.0896,1.0,-1.5342,0.0,0.0,True,optimised_only
83594,21.5,,,,,,,,,,False,0.9798,0.2895,0.28595,-0.1791,0.0861,1.0,-1.5257,0.0,0.0,True,optimised_only
83594,22.0,0.6776,0.21697,0.21219,-0.0745,0.0982,1.0,-1.0867,0.0,0.0,True,0.9912,0.29865,0.29519,-0.1804,0.0822,1.0,-1.675,0.0,0.0,True,both_converged
83594,22.5,0.6825,0.22393,0.21918,-0.0776,0.0937,1.0,-1.0642,0.0,0.0,True,0.992,0.30681,0.30341,-0.1842,0.0783,1.0,-1.6583,0.0,0.0,True,both_converged
83594,23.0,0.6936,0.23116,0.22645,-0.0797,0.0888,1.0,-1.0951,0.0,0.0,True,1.003,0.31694,0.31361,-0.1855,0.0748,1.0,-1.7815,0.0,0.0,True,both_converged
83594,23.5,0.7005,0.23773,0.23306,-0.0824,0.083,1.0,-1.0887,0.0,0.0,True,1.0041,0.32509,0.32183,-0.1891,0.0695,1.0,-1.7363,0.0,0.0,True,both_converged
83594,24.0,0.7057,0.24497,0.24033,-0.0855,0.0798,1.0,-1.0559,0.0,0.0,True,1.0085,0.33509,0.33188,-0.1919,0.0651,1.0,-1.6959,0.0,0.0,True,both_converged
83594,24.5,0.717,0.25223,0.24764,-0.0875,0.0753,1.0,-1.1017,0.0,0.0,True,1.0139,0.3454,0.34223,-0.1944,0.0601,1.0,-1.6451,0.0,0.0,True,both_converged
83594,25.0,0.72,0.25923,0.25467,-0.091,0.0716,1.0,-1.0633,0.0,0.0,True,1.0199,0.35577,0.35263,-0.1967,0.0548,1.0,-1.5944,0.0,0.0,True,both_converged
83594,25.5,0.7318,0.26706,0.26255,-0.0927,0.0679,1.0,-1.1192,0.0,0.0,True,1.0261,0.36586,0.36278,-0.1988,0.0497,1.0,-1.5627,0.0,0.0,True,both_converged
83594,26.0,0.7339,0.27373,0.26926,-0.0963,0.0644,1.0,-1.0643,0.0,0.0,True,1.0282,0.37599,0.37292,-0.2021,0.046,1.0,-1.4551,0.0,0.0,True,both_converged
83594,26.5,0.7465,0.28204,0.27761,-0.0979,0.0616,1.0,-1.1283,0.0,0.0,True,1.0341,0.38642,0.38338,-0.204,0.0437,1.0,-1.4484,0.0,0.0,True,both_converged
83594,27.0,0.7467,0.28856,0.28417,-0.1018,0.0589,1.0,-1.0446,0.0,0.0,True,1.0364,0.39649,0.39349,-0.2071,0.0413,1.0,-1.3605,0.0,0.0,True,both_converged
83594,27.5,0.7572,0.29638,0.29205,-0.1036,0.0555,1.0,-1.0964,0.0,0.0,True,1.0417,0.40641,0.40346,-0.209,0.039,1.0,-1.3683,0.0,0.0,True,both_converged
83594,28.0,0.7587,0.30341,0.29911,-0.1072,0.053,1.0,-1.0425,0.0,0.0,True,1.0441,0.41689,0.41397,-0.2118,0.038,1.0,-1.2978,0.0,0.0,True,both_converged
83594,28.5,0.766,0.31074,0.30649,-0.1096,0.0502,1.0,-1.0722,0.0,0.0,True,1.0469,0.42698,0.4241,-0.2144,0.0358,1.0,-1.2535,0.0,0.0,True,both_converged
83594,29.0,0.7707,0.31855,0.31434,-0.1124,0.0489,1.0,-1.0577,0.0,0.0,True,1.0513,0.437,0.43418,-0.2162,0.0339,1.0,-1.2973,0.0,0.0,True,both_converged
83594,29.5,0.775,0.32592,0.32176,-0.1154,0.0463,1.0,-1.0375,0.0,0.0,True,1.0527,0.44741,0.44461,-0.219,0.0332,1.0,-1.2566,0.0,0.0,True,both_converged
83594,30.0,,,,,,,,,,False,1.0547,0.45755,0.4548,-0.2215,0.0314,1.0,-1.2362,0.0,0.0,True,optimised_only
87061,-30.0,,,,,,,,,,False,,,,,,,,,,False,none_converged
87061,-29.5,-0.8777,0.34918,0.34312,0.0969,1.0,0.0284,-1.682,0.0,0.0,True,,,,,,,,,,False,baseline_only
87061,-29.0,,,,,,,,,,False,-0.8476,0.34599,0.33975,0.074,1.0,0.0215,-1.4731,0.0,0.0,True,optimised_only
87061,-28.5,-0.8475,0.33867,0.33257,0.0865,1.0,0.0296,-1.6799,0.0,0.0,True,-0.8329,0.34074,0.33447,0.069,1.0,0.0221,-1.4524,0.0,0.0,True,both_converged
87061,-28.0,-0.832,0.33319,0.32707,0.0819,1.0,0.0306,-1.6334,0.0,0.0,True,-0.8177,0.33545,0.32914,0.0641,1.0,0.0226,-1.4345,0.0,0.0,True,both_converged
87061,-27.5,-0.8162,0.32791,0.32176,0.077,1.0,0.0318,-1.6044,0.0,0.0,True,-0.8023,0.33013,0.32379,0.0592,1.0,0.0232,-1.4164,0.0,0.0,True,both_converged
87061,-27.0,-0.8,0.32271,0.31653,0.072,1.0,0.033,-1.5937,0.0,0.0,True,-0.7868,0.32466,0.31829,0.0543,1.0,0.0238,-1.398,0.0,0.0,True,both_converged
87061,-26.5,,,,,,,,,,False,-0.771,0.31911,0.31271,0.0495,1.0,0.0244,-1.3825,0.0,0.0,True,optimised_only
87061,-26.0,,,,,,,,,,False,-0.755,0.31382,0.3074,0.0446,1.0,0.0247,-1.3731,0.0,0.0,True,optimised_only
87061,-25.5,,,,,,,,,,False,,,,,,,,,,False,none_converged
87061,-25.0,,,,,,,,,,False,,,,,,,,,,False,none_converged
87061,-24.5,-0.3888,0.21362,0.20842,-0.0002,1.0,0.0421,-0.815,0.0,0.0,True,,,,,,,,,,False,baseline_only
87061,-24.0,-0.3789,0.20851,0.20328,-0.0033,1.0,0.0436,-0.8317,0.0,0.0,True,,,,,,,,,,False,baseline_only
87061,-23.5,-0.3686,0.203,0.19777,-0.0062,1.0,0.0443,-0.8368,0.0,0.0,True,,,,,,,,,,False,baseline_only
87061,-23.0,-0.3555,0.19696,0.19171,-0.0086,1.0,0.0461,-0.8078,0.0,0.0,True,,,,,,,,,,False,baseline_only
87061,-22.5,-0.3444,0.19174,0.18647,-0.0113,1.0,0.0484,-0.8201,0.0,0.0,True,,,,,,,,,,False,baseline_only
87061,-22.0,-0.3356,0.18713,0.18186,-0.0144,1.0,0.0498,-0.8635,0.0,0.0,True,,,,,,,,,,False,baseline_only
87061,-21.5,-0.3212,0.18095,0.17567,-0.0164,1.0,0.052,-0.8248,0.0,0.0,True,,,,,,,,,,False,baseline_only
87061,-21.0,-0.3104,0.17602,0.17073,-0.0191,1.0,0.0545,-0.8346,0.0,0.0,True,,,,,,,,,,False,baseline_only
87061,-20.5,-0.3019,0.17165,0.16637,-0.022,1.0,0.0556,-0.8694,0.0,0.0,True,-0.5785,0.24949,0.24299,0.0008,1.0,0.0307,-1.2711,0.0,0.0,True,both_converged
87061,-20.0,-0.2869,0.16555,0.16026,-0.0237,1.0,0.058,-0.8197,0.0,0.0,True,-0.5627,0.24375,0.23725,-0.0024,1.0,0.0319,-1.2508,0.0,0.0,True,both_converged
87061,-19.5,-0.277,0.16108,0.15578,-0.0261,1.0,0.0609,-0.8275,0.0,0.0,True,-0.5471,0.2382,0.23172,-0.0057,1.0,0.033,-1.2438,0.0,0.0,True,both_converged
87061,-19.0,-0.2655,0.15587,0.15059,-0.0282,1.0,0.0629,-0.8322,0.0,0.0,True,-0.5323,0.23327,0.2268,-0.0092,1.0,0.0336,-1.2798,0.0,0.0,True,both_converged
87061,-18.5,-0.254,0.15119,0.14592,-0.03,1.0,0.0667,-0.8316,0.0,0.0,True,-0.5179,0.22738,0.22095,-0.0119,1.0,0.034,-1.2958,0.0,0.0,True,both_converged
87061,-18.0,-0.2477,0.14739,0.14215,-0.0325,1.0,0.0684,-0.8791,0.0,0.0,True,-0.503,0.22102,0.21461,-0.0137,1.0,0.0351,-1.2614,0.0,0.0,True,both_converged
87061,-17.5,-0.2329,0.1418,0.13657,-0.0334,1.0,0.0716,-0.8357,0.0,0.0,True,-0.4891,0.21544,0.20905,-0.0159,1.0,0.0364,-1.2594,0.0,0.0,True,both_converged
87061,-17.0,-0.2292,0.13886,0.13365,-0.0356,1.0,0.0747,-0.885,0.0,0.0,True,-0.476,0.21008,0.20373,-0.018,1.0,0.0378,-1.2768,0.0,0.0,True,both_converged
87061,-16.5,-0.2149,0.13319,0.12802,-0.036,1.0,0.0776,-0.8361,0.0,0.0,True,-0.4648,0.20561,0.1993,-0.0205,1.0,0.0386,-1.3319,0.0,0.0,True,both_converged
87061,-16.0,-0.2144,0.13088,0.12574,-0.0379,1.0,0.0818,-0.8846,0.0,0.0,True,-0.453,0.19956,0.19331,-0.0216,1.0,0.0392,-1.3256,0.0,0.0,True,both_converged
87061,-15.5,-0.1998,0.12524,0.12015,-0.0375,1.0,0.0853,-0.8365,0.0,0.0,True,-0.4412,0.19394,0.18774,-0.0223,1.0,0.0407,-1.2987,0.0,0.0,True,both_converged
87061,-15.0,-0.2014,0.12299,0.11795,-0.0388,1.0,0.0892,-0.8988,0.0,0.0,True,-0.431,0.18884,0.18269,-0.0233,1.0,0.0423,-1.3035,0.0,0.0,True,both_converged
87061,-14.5,-0.1892,0.11787,0.11288,-0.0379,1.0,0.0924,-0.8579,0.0,0.0,True,-0.4233,0.18445,0.17836,-0.0245,1.0,0.0437,-1.3478,0.0,0.0,True,both_converged
87061,-14.0,-0.194,0.1159,0.11098,-0.0386,1.0,0.0968,-0.9158,0.0,0.0,True,-0.4157,0.17925,0.17324,-0.0248,1.0,0.0444,-1.3612,0.0,0.0,True,both_converged
87061,-13.5,-0.1837,0.11127,0.10641,-0.0368,1.0,0.1017,-0.865,0.0,0.0,True,-0.4067,0.17383,0.16788,-0.0242,1.0,0.0464,-1.3205,0.0,0.0,True,both_converged
87061,-13.0,-0.1898,0.10884,0.10406,-0.0366,1.0,0.1057,-0.9088,0.0,0.0,True,-0.4016,0.16946,0.16359,-0.0241,1.0,0.0487,-1.3397,0.0,0.0,True,both_converged
87061,-12.5,-0.1856,0.10538,0.10067,-0.0346,1.0,0.1111,-0.8757,0.0,0.0,True,-0.4005,0.16579,0.16001,-0.0242,1.0,0.0497,-1.3983,0.0,0.0,True,both_converged
87061,-12.0,-0.192,0.10264,0.09802,-0.0335,1.0,0.1145,-0.9148,0.0,0.0,True,-0.3925,0.15994,0.15422,-0.0223,1.0,0.0518,-1.3344,0.0,0.0,True,both_converged
87061,-11.5,-0.1949,0.09994,0.09539,-0.0316,1.0,0.1204,-0.9217,0.0,0.0,True,-0.3901,0.15573,0.1501,-0.0213,1.0,0.0542,-1.3445,0.0,0.0,True,both_converged
87061,-11.0,-0.1977,0.09685,0.0924,-0.0295,1.0,0.1252,-0.923,0.0,0.0,True,-0.3956,0.15338,0.14786,-0.0211,1.0,0.0554,-1.4317,0.0,0.0,True,both_converged
87061,-10.5,-0.2262,0.09595,0.09158,-0.0296,1.0,0.1305,-1.0373,0.0,0.0,True,-0.387,0.14684,0.14139,-0.0185,1.0,0.0573,-1.3522,0.0,0.0,True,both_converged
87061,-10.0,-0.2145,0.09167,0.08738,-0.0257,1.0,0.1374,-0.9587,0.0,0.0,True,-0.3862,0.1427,0.13734,-0.0168,1.0,0.0599,-1.3503,0.0,0.0,True,both_converged
87061,-9.5,-0.2255,0.08874,0.08455,-0.0238,1.0,0.1417,-0.983,0.0,0.0,True,-0.3951,0.14049,0.13523,-0.0163,1.0,0.0615,-1.4476,0.0,0.0,True,both_converged
87061,-9.0,-0.2477,0.08653,0.08241,-0.0229,1.0,0.1483,-1.0472,0.0,0.0,True,-0.3872,0.13421,0.12903,-0.0134,1.0,0.0637,-1.3973,0.0,0.0,True,both_converged
87061,-8.5,-0.2462,0.08313,0.07911,-0.0195,1.0,0.1543,-1.0048,0.0,0.0,True,-0.3892,0.13037,0.12529,-0.0115,1.0,0.0667,-1.4255,0.0,0.0,True,both_converged
87061,-8.0,-0.3708,0.09674,0.09162,-0.0312,1.0,0.1559,-1.5688,0.0,0.0,True,-0.4068,0.12907,0.12412,-0.0104,1.0,0.0681,-1.551,0.0,0.0,True,both_converged
87061,-7.5,,,,,,,,,,False,-0.3948,0.12224,0.11737,-0.007,1.0,0.0717,-1.467,0.0,0.0,True,optimised_only
87061,-7.0,,,,,,,,,,False,-0.4128,0.12037,0.11563,-0.0042,1.0,0.0746,-1.5536,0.0,0.0,True,optimised_only
87061,-6.5,,,,,,,,,,False,-0.4122,0.11525,0.1106,-0.0008,1.0,0.0775,-1.5262,0.0,0.0,True,optimised_only
87061,-6.0,,,,,,,,,,False,-0.4158,0.11197,0.10742,-0.0025,1.0,0.0817,-1.606,0.0,0.0,True,optimised_only
87061,-5.5,,,,,,,,,,False,-0.4061,0.10591,0.10143,-0.0004,1.0,0.0851,-1.5586,0.0,0.0,True,optimised_only
87061,-5.0,-0.4372,0.05629,0.05102,-0.0402,0.9986,0.1595,-2.0149,0.0,0.0,True,-0.3892,0.10038,0.09598,-0.0065,1.0,0.0901,-1.6113,0.0,0.0,True,both_converged
87061,-4.5,-0.273,0.00989,0.0035,-0.0647,0.9272,0.1265,-1.9406,0.0,0.0,True,,,,,,,,,,False,baseline_only
87061,-4.0,-0.2057,0.00608,-0.00131,-0.0689,0.9102,0.1399,-1.7845,0.0,0.0,True,,,,,,,,,,False,baseline_only
87061,-3.5,-0.1454,0.0046,-0.00318,-0.0708,0.8907,0.1584,-1.5851,0.0,0.0,True,-0.2907,0.05686,0.05341,0.0011,1.0,0.1172,-1.1688,0.0,0.0,True,both_converged
87061,-3.0,-0.0824,0.00358,-0.00425,-0.0728,0.872,0.1831,-1.3638,0.0,0.0,True,-0.2666,0.05159,0.04817,-0.0041,1.0,0.1265,-1.1471,0.0,0.0,True,both_converged
87061,-2.5,0.0004,0.02632,0.01697,-0.0853,0.9315,0.2273,-1.3551,0.0,0.0,True,,,,,,,,,,False,baseline_only
87061,-2.0,0.0758,0.02535,0.01618,-0.0893,0.913,0.2862,-1.1393,0.0,0.0,True,,,,,,,,,,False,baseline_only
87061,-1.5,0.1531,0.02418,0.01548,-0.0934,0.8961,0.38,-0.9355,0.0,0.0,True,0.3689,0.03276,0.02508,-0.1639,1.0,0.1516,-1.3467,0.0,0.0,True,both_converged
87061,-1.0,0.2212,0.02231,0.01511,-0.0947,0.8796,0.6665,-0.7628,0.0,0.0,True,0.4393,0.03243,0.02468,-0.1669,1.0,0.2005,-1.0781,0.0,0.0,True,both_converged
87061,-0.5,0.3044,0.02156,0.01448,-0.098,0.8624,1.0,-0.6207,0.0,0.0,True,0.6534,0.02897,0.02149,-0.194,0.9436,0.3357,-0.8907,0.0,0.0,True,both_converged
87061,0.0,0.378,0.02145,0.01399,-0.1008,0.844,1.0,-0.6714,0.0,0.0,True,0.8122,0.02199,0.01223,-0.2017,0.3791,0.4327,-1.1059,0.0,0.0,True,both_converged
87061,0.5,0.4461,0.02132,0.01359,-0.1024,0.825,1.0,-0.7215,0.0,0.0,True,0.8572,0.02355,0.0133,-0.1989,0.3294,0.4777,-1.2009,0.0,0.0,True,both_converged
87061,1.0,0.5109,0.0212,0.01328,-0.1033,0.8057,1.0,-0.772,0.0,0.0,True,0.9219,0.02462,0.01391,-0.1999,0.2992,0.5282,-1.3243,0.0,0.0,True,both_converged
87061,1.5,0.5744,0.02108,0.01301,-0.1038,0.7866,1.0,-0.8242,0.0,0.0,True,,,,,,,,,,False,baseline_only
87061,2.0,0.6413,0.02079,0.01258,-0.1046,0.7692,1.0,-0.8826,0.0,0.0,True,1.0442,0.02697,0.01583,-0.2008,0.2591,0.6365,-1.5852,0.0,0.0,True,both_converged
87061,2.5,0.6972,0.02098,0.0127,-0.1039,0.7479,1.0,-0.9357,0.0,0.0,True,1.1022,0.02815,0.01704,-0.2007,0.2443,0.7106,-1.7219,0.0,0.0,True,both_converged
87061,3.0,0.7519,0.02128,0.01296,-0.1031,0.7266,1.0,-0.9926,0.0,0.0,True,1.1583,0.02943,0.01852,-0.2005,0.2316,1.0,-1.8628,0.0,0.0,True,both_converged
87061,3.5,0.8071,0.02162,0.01326,-0.1023,0.7059,1.0,-1.0574,0.0,0.0,True,1.2178,0.0317,0.02066,-0.201,0.2195,1.0,-2.0107,0.0,0.0,True,both_converged
87061,4.0,0.8676,0.02174,0.01335,-0.1022,0.6869,1.0,-1.1535,0.0,0.0,True,1.2733,0.03414,0.02313,-0.2005,0.2086,1.0,-2.1653,0.0,0.0,True,both_converged
87061,4.5,0.9172,0.02244,0.01408,-0.1008,0.6645,1.0,-1.2721,0.0,0.0,True,1.3265,0.03683,0.02594,-0.1996,0.199,1.0,-2.3184,0.0,0.0,True,both_converged
87061,5.0,0.9676,0.02312,0.01484,-0.0994,0.6424,1.0,-1.419,0.0,0.0,True,1.3757,0.03992,0.02946,-0.1979,0.1897,1.0,-2.4649,0.0,0.0,True,both_converged
87061,5.5,1.0207,0.02366,0.01543,-0.0983,0.6205,1.0,-1.5953,0.0,0.0,True,1.4215,0.0438,0.03388,-0.1956,0.1814,1.0,-2.6002,0.0,0.0,True,both_converged
87061,6.0,1.0755,0.02403,0.01583,-0.0972,0.5974,1.0,-1.8027,0.0,0.0,True,1.463,0.04843,0.03903,-0.1928,0.1748,1.0,-2.7305,0.0,0.0,True,both_converged
87061,6.5,1.1245,0.02445,0.01635,-0.0952,0.57,1.0,-2.021,0.0,0.0,True,1.5057,0.05232,0.04307,-0.1907,0.1678,1.0,-2.9034,0.0,0.0,True,both_converged
87061,7.0,1.1715,0.02475,0.01672,-0.0927,0.5396,1.0,-2.2565,0.0,0.0,True,1.5241,0.06058,0.05254,-0.1845,0.1641,1.0,-2.9245,0.0,0.0,True,both_converged
87061,7.5,1.2215,0.02477,0.01675,-0.0905,0.5078,1.0,-2.5271,0.0,0.0,True,1.5373,0.06899,0.06175,-0.1785,0.162,1.0,-2.957,0.0,0.0,True,both_converged
87061,8.0,1.2616,0.02508,0.01717,-0.087,0.4721,1.0,-2.7836,0.0,0.0,True,1.5292,0.08126,0.0749,-0.1713,0.17,1.0,-2.8886,0.0,0.0,True,both_converged
87061,8.5,1.298,0.02531,0.0175,-0.0828,0.4323,1.0,-3.0538,0.0,0.0,True,,,,,,,,,,False,baseline_only
87061,9.0,1.3241,0.02576,0.01801,-0.0772,0.3852,1.0,-3.2983,0.0,0.0,True,0.8412,0.10671,0.10232,-0.1234,0.2476,1.0,-1.1615,0.0,0.0,True,both_converged
87061,9.5,1.3341,0.02684,0.01902,-0.0694,0.3248,1.0,-3.5,0.0,0.0,True,0.8426,0.11368,0.10926,-0.1243,0.2344,1.0,-1.1635,0.0,0.0,True,both_converged
87061,10.0,1.3233,0.02929,0.02109,-0.0595,0.255,1.0,-3.6327,0.0,0.0,True,0.847,0.12054,0.11611,-0.1254,0.2222,1.0,-1.1689,0.0,0.0,True,both_converged
87061,10.5,1.3113,0.03319,0.02445,-0.0514,0.1982,1.0,-3.7457,0.0,0.0,True,0.8441,0.1277,0.12326,-0.1275,0.212,1.0,-1.1419,0.0,0.0,True,both_converged
87061,11.0,1.3116,0.03732,0.02825,-0.0456,0.1602,1.0,-3.8879,0.0,0.0,True,0.8454,0.13459,0.13016,-0.1295,0.2016,1.0,-1.1338,0.0,0.0,True,both_converged
87061,11.5,1.3256,0.04118,0.03193,-0.0416,0.1342,1.0,-4.0699,0.0,0.0,True,0.8466,0.14146,0.13705,-0.1317,0.1924,1.0,-1.1195,0.0,0.0,True,both_converged
87061,12.0,1.3531,0.04479,0.03537,-0.0388,0.1149,1.0,-4.3085,0.0,0.0,True,0.8514,0.14844,0.14403,-0.1337,0.1852,1.0,-1.111,0.0,0.0,True,both_converged
87061,12.5,1.3848,0.04862,0.03928,-0.0365,0.1007,1.0,-4.5667,0.0,0.0,True,0.8665,0.15554,0.15115,-0.1345,0.1772,1.0,-1.1508,0.0,0.0,True,both_converged
87061,13.0,1.4351,0.05268,0.04324,-0.0361,0.0892,1.0,-4.8955,0.0,0.0,True,0.8749,0.1621,0.15775,-0.1361,0.1688,1.0,-1.1648,0.0,0.0,True,both_converged
87061,13.5,1.4626,0.05753,0.04839,-0.034,0.0818,1.0,-5.1246,0.0,0.0,True,0.8687,0.16853,0.1642,-0.14,0.1616,1.0,-1.1062,0.0,0.0,True,both_converged
87061,14.0,1.4483,0.06369,0.05532,-0.0291,0.0787,1.0,-5.1641,0.0,0.0,True,0.8747,0.1755,0.17119,-0.1423,0.1549,1.0,-1.1029,0.0,0.0,True,both_converged
87061,14.5,1.4593,0.06955,0.06143,-0.0269,0.0743,1.0,-5.3589,0.0,0.0,True,0.8989,0.1836,0.17934,-0.142,0.149,1.0,-1.1888,0.0,0.0,True,both_converged
87061,15.0,1.4165,0.07783,0.07043,-0.0237,0.0731,1.0,-5.2843,0.0,0.0,True,0.8897,0.18928,0.18506,-0.1467,0.1423,1.0,-1.1077,0.0,0.0,True,both_converged
87061,15.5,1.3688,0.08803,0.08125,-0.0233,0.0726,1.0,-5.1677,0.0,0.0,True,0.8965,0.19655,0.19236,-0.1492,0.137,1.0,-1.1052,0.0,0.0,True,both_converged
87061,16.0,1.3108,0.10093,0.09471,-0.0264,0.0729,1.0,-4.9723,0.0,0.0,True,0.9105,0.20391,0.19978,-0.1503,0.1312,1.0,-1.1497,0.0,0.0,True,both_converged
87061,16.5,1.2458,0.11731,0.11156,-0.0337,0.074,1.0,-4.6922,0.0,0.0,True,0.9103,0.21084,0.20674,-0.1541,0.126,1.0,-1.1015,0.0,0.0,True,both_converged
87061,17.0,,,,,,,,,,False,0.9284,0.21943,0.21541,-0.1546,0.1215,1.0,-1.1685,0.0,0.0,True,optimised_only
87061,17.5,,,,,,,,,,False,0.9257,0.22558,0.2216,-0.1588,0.1161,1.0,-1.1109,0.0,0.0,True,optimised_only
87061,18.0,,,,,,,,,,False,0.9364,0.23372,0.22979,-0.1606,0.1125,1.0,-1.1334,0.0,0.0,True,optimised_only
87061,18.5,,,,,,,,,,False,0.9415,0.24073,0.23687,-0.1635,0.1067,1.0,-1.1213,0.0,0.0,True,optimised_only
87061,19.0,,,,,,,,,,False,0.9493,0.24904,0.24524,-0.1659,0.1041,1.0,-1.1433,0.0,0.0,True,optimised_only
87061,19.5,,,,,,,,,,False,0.9558,0.25639,0.25265,-0.1684,0.0985,1.0,-1.2284,0.0,0.0,True,optimised_only
87061,20.0,,,,,,,,,,False,0.9617,0.26472,0.26104,-0.1712,0.0957,1.0,-1.2968,0.0,0.0,True,optimised_only
87061,20.5,,,,,,,,,,False,0.9686,0.27251,0.26891,-0.1737,0.091,1.0,-1.3872,0.0,0.0,True,optimised_only
87061,21.0,,,,,,,,,,False,0.9748,0.28108,0.27754,-0.1763,0.0881,1.0,-1.4686,0.0,0.0,True,optimised_only
87061,21.5,,,,,,,,,,False,0.9815,0.28914,0.28568,-0.1787,0.0834,1.0,-1.5587,0.0,0.0,True,optimised_only
87061,22.0,1.0824,0.28749,0.28208,-0.1377,0.0865,1.0,-1.9706,0.0,0.0,True,0.9876,0.29815,0.29475,-0.1813,0.081,1.0,-1.6267,0.0,0.0,True,both_converged
87061,22.5,1.1038,0.29576,0.29042,-0.1388,0.0821,1.0,-2.0853,0.0,0.0,True,0.9941,0.30652,0.3032,-0.1837,0.0758,1.0,-1.7023,0.0,0.0,True,both_converged
87061,23.0,1.1119,0.30071,0.29534,-0.147,0.0777,1.0,-1.9836,0.0,0.0,True,0.9981,0.31584,0.31258,-0.1868,0.0731,1.0,-1.7101,0.0,0.0,True,both_converged
87061,23.5,1.1297,0.30845,0.30314,-0.1497,0.0746,1.0,-2.0639,0.0,0.0,True,1.0087,0.32604,0.32285,-0.1881,0.068,1.0,-1.8106,0.0,0.0,True,both_converged
87061,24.0,1.1423,0.31373,0.30843,-0.1558,0.0693,1.0,-2.0539,0.0,0.0,True,1.0103,0.33472,0.33158,-0.1915,0.0624,1.0,-1.7342,0.0,0.0,True,both_converged
87061,24.5,1.1557,0.32042,0.31513,-0.1613,0.0664,1.0,-2.0457,0.0,0.0,True,1.0142,0.34503,0.34194,-0.1945,0.0572,1.0,-1.649,0.0,0.0,True,both_converged
87061,25.0,1.1711,0.32682,0.32158,-0.1655,0.0626,1.0,-2.0895,0.0,0.0,True,1.0189,0.35555,0.35248,-0.1972,0.0525,1.0,-1.5652,0.0,0.0,True,both_converged
87061,25.5,1.1846,0.33362,0.3284,-0.1709,0.0606,1.0,-2.0779,0.0,0.0,True,1.0242,0.36588,0.36284,-0.1995,0.0486,1.0,-1.5136,0.0,0.0,True,both_converged
87061,26.0,1.1987,0.3398,0.33462,-0.176,0.0569,1.0,-2.0831,0.0,0.0,True,1.031,0.37587,0.37287,-0.2014,0.0441,1.0,-1.515,0.0,0.0,True,both_converged
87061,26.5,1.2129,0.34668,0.34152,-0.1806,0.0548,1.0,-2.0983,0.0,0.0,True,1.0326,0.38626,0.38328,-0.2047,0.0423,1.0,-1.4015,0.0,0.0,True,both_converged
87061,27.0,1.2263,0.35272,0.3476,-0.1862,0.051,1.0,-2.0893,0.0,0.0,True,1.0373,0.39608,0.39314,-0.2069,0.0395,1.0,-1.3811,0.0,0.0,True,both_converged
87061,27.5,1.2414,0.36087,0.3558,-0.1891,0.0494,1.0,-2.1901,0.0,0.0,True,1.0412,0.40662,0.40371,-0.2093,0.0383,1.0,-1.3472,0.0,0.0,True,both_converged
87061,28.0,1.2529,0.36589,0.36083,-0.1968,0.047,1.0,-2.1107,0.0,0.0,True,1.0438,0.41678,0.41392,-0.2121,0.0362,1.0,-1.2825,0.0,0.0,True,both_converged
87061,28.5,1.2666,0.37216,0.36716,-0.2011,0.0447,1.0,-2.1668,0.0,0.0,True,1.0479,0.42657,0.42376,-0.2141,0.0342,1.0,-1.285,0.0,0.0,True,both_converged
87061,29.0,1.2794,0.37912,0.37415,-0.206,0.0436,1.0,-2.1853,0.0,0.0,True,1.0505,0.43713,0.43435,-0.2166,0.0334,1.0,-1.2713,0.0,0.0,True,both_converged
87061,29.5,1.2917,0.3851,0.38016,-0.2124,0.041,1.0,-2.1437,0.0,0.0,True,1.0525,0.44734,0.44459,-0.2192,0.0317,1.0,-1.2421,0.0,0.0,True,both_converged
87061,30.0,1.3046,0.3919,0.38703,-0.2159,0.0389,1.0,-2.2331,0.0,0.0,True,1.0552,0.45714,0.45445,-0.2214,0.0299,1.0,-1.2555,0.0,0.0,True,both_converged
90170,-30.0,-0.8926,0.35421,0.34828,0.1021,1.0,0.0263,-1.6913,0.0,0.0,True,-0.8766,0.35639,0.35032,0.0843,1.0,0.0205,-1.499,0.0,0.0,True,both_converged
90170,-29.5,-0.8779,0.349,0.34304,0.0971,1.0,0.0273,-1.6747,0.0,0.0,True,,,,,,,,,,False,baseline_only
90170,-29.0,-0.8627,0.34389,0.33791,0.0918,1.0,0.0285,-1.6736,0.0,0.0,True,,,,,,,,,,False,baseline_only
90170,-28.5,,,,,,,,,,False,,,,,,,,,,False,none_converged
90170,-28.0,,,,,,,,,,False,,,,,,,,,,False,none_converged
90170,-27.5,-0.4516,0.24831,0.24333,0.0174,1.0,0.0335,-0.8237,0.0,0.0,True,,,,,,,,,,False,baseline_only
90170,-27.0,,,,,,,,,,False,-0.7868,0.32461,0.31836,0.0544,1.0,0.0229,-1.3983,0.0,0.0,True,optimised_only
90170,-26.5,,,,,,,,,,False,-0.7712,0.31894,0.31266,0.0496,1.0,0.0236,-1.3741,0.0,0.0,True,optimised_only
90170,-26.0,,,,,,,,,,False,-0.7553,0.31327,0.30696,0.0449,1.0,0.0242,-1.3518,0.0,0.0,True,optimised_only
90170,-25.5,-0.751,0.30634,0.30023,0.0575,1.0,0.0344,-1.6084,0.0,0.0,True,-0.7392,0.30774,0.30141,0.0402,1.0,0.0246,-1.333,0.0,0.0,True,both_converged
90170,-25.0,-0.7341,0.30052,0.29439,0.0533,1.0,0.0359,-1.5672,0.0,0.0,True,,,,,,,,,,False,baseline_only
90170,-24.5,-0.7173,0.29488,0.28874,0.0486,1.0,0.0378,-1.5615,0.0,0.0,True,,,,,,,,,,False,baseline_only
90170,-24.0,,,,,,,,,,False,,,,,,,,,,False,none_converged
90170,-23.5,,,,,,,,,,False,,,,,,,,,,False,none_converged
90170,-23.0,,,,,,,,,,False,,,,,,,,,,False,none_converged
90170,-22.5,-0.6502,0.27072,0.26454,0.0312,1.0,0.043,-1.5065,0.0,0.0,True,-0.3721,0.19736,0.1921,-0.0183,1.0,0.0295,-0.7409,0.0,0.0,True,both_converged
90170,-22.0,,,,,,,,,,False,-0.3629,0.1926,0.18736,-0.0196,1.0,0.0303,-0.7206,0.0,0.0,True,optimised_only
90170,-21.5,,,,,,,,,,False,-0.3545,0.18837,0.18315,-0.0207,1.0,0.0313,-0.7118,0.0,0.0,True,optimised_only
90170,-21.0,-0.5996,0.25213,0.24594,0.0191,1.0,0.048,-1.4962,0.0,0.0,True,-0.3468,0.18437,0.17917,-0.0217,1.0,0.0324,-0.71,0.0,0.0,True,both_converged
90170,-20.5,,,,,,,,,,False,-0.34,0.18077,0.1756,-0.0226,1.0,0.0333,-0.7197,0.0,0.0,True,optimised_only
90170,-20.0,,,,,,,,,,False,,,,,,,,,,False,none_converged
90170,-19.5,-0.2752,0.16036,0.15516,-0.0259,1.0,0.0588,-0.812,0.0,0.0,True,,,,,,,,,,False,baseline_only
90170,-19.0,-0.2695,0.15715,0.15195,-0.0289,1.0,0.0615,-0.8765,0.0,0.0,True,-0.5318,0.23232,0.22597,-0.0086,1.0,0.0328,-1.2388,0.0,0.0,True,both_converged
90170,-18.5,-0.2533,0.15074,0.14557,-0.03,1.0,0.0642,-0.8296,0.0,0.0,True,-0.5172,0.22721,0.22087,-0.0118,1.0,0.0336,-1.2809,0.0,0.0,True,both_converged
90170,-18.0,-0.2448,0.14669,0.14153,-0.0322,1.0,0.0675,-0.8557,0.0,0.0,True,-0.5038,0.22204,0.21575,-0.0147,1.0,0.0339,-1.3221,0.0,0.0,True,both_converged
90170,-17.5,-0.2344,0.14177,0.13663,-0.0337,1.0,0.0692,-0.8574,0.0,0.0,True,-0.4891,0.2153,0.20904,-0.0161,1.0,0.0349,-1.2747,0.0,0.0,True,both_converged
90170,-17.0,-0.2234,0.13727,0.13215,-0.0349,1.0,0.0729,-0.8403,0.0,0.0,True,-0.4757,0.20978,0.20354,-0.0179,1.0,0.0362,-1.2698,0.0,0.0,True,both_converged
90170,-16.5,-0.2206,0.13413,0.12905,-0.0369,1.0,0.0752,-0.8893,0.0,0.0,True,-0.4634,0.20447,0.19827,-0.0198,1.0,0.0376,-1.2851,0.0,0.0,True,both_converged
90170,-16.0,-0.2068,0.12901,0.12396,-0.0369,1.0,0.0798,-0.8318,0.0,0.0,True,-0.4531,0.19999,0.19384,-0.0219,1.0,0.0385,-1.3389,0.0,0.0,True,both_converged
90170,-15.5,-0.204,0.12561,0.12061,-0.0381,1.0,0.0827,-0.8732,0.0,0.0,True,-0.4423,0.19422,0.18813,-0.0229,1.0,0.0391,-1.3414,0.0,0.0,True,both_converged
90170,-15.0,-0.1938,0.12131,0.11636,-0.0379,1.0,0.0868,-0.8499,0.0,0.0,True,-0.431,0.18859,0.18254,-0.0233,1.0,0.0406,-1.3089,0.0,0.0,True,both_converged
90170,-14.5,-0.1967,0.11879,0.1139,-0.0389,1.0,0.0897,-0.9129,0.0,0.0,True,-0.4218,0.18357,0.17758,-0.0239,1.0,0.0423,-1.312,0.0,0.0,True,both_converged
90170,-14.0,-0.1858,0.11428,0.10945,-0.0375,1.0,0.0941,-0.8657,0.0,0.0,True,-0.4153,0.17926,0.17334,-0.0247,1.0,0.0436,-1.3566,0.0,0.0,True,both_converged
90170,-13.5,-0.1886,0.11147,0.10671,-0.0374,1.0,0.098,-0.9018,0.0,0.0,True,-0.4087,0.17413,0.1683,-0.0247,1.0,0.0445,-1.3669,0.0,0.0,True,both_converged
90170,-13.0,-0.1869,0.10846,0.10376,-0.0361,1.0,0.1039,-0.891,0.0,0.0,True,-0.401,0.16894,0.16317,-0.0238,1.0,0.0466,-1.3275,0.0,0.0,True,both_converged
90170,-12.5,-0.1869,0.10511,0.10048,-0.0346,1.0,0.1071,-0.887,0.0,0.0,True,-0.3975,0.16477,0.15907,-0.0234,1.0,0.0489,-1.3531,0.0,0.0,True,both_converged
90170,-12.0,-0.1941,0.10289,0.09835,-0.0336,1.0,0.1125,-0.9238,0.0,0.0,True,-0.3966,0.16078,0.15518,-0.023,1.0,0.0498,-1.3979,0.0,0.0,True,both_converged
90170,-11.5,-0.1936,0.09941,0.09495,-0.0313,1.0,0.116,-0.9168,0.0,0.0,True,-0.3901,0.15536,0.14983,-0.021,1.0,0.0519,-1.3422,0.0,0.0,True,both_converged
90170,-11.0,-0.2122,0.09795,0.09357,-0.0308,1.0,0.1215,-0.9956,0.0,0.0,True,-0.3888,0.15125,0.14581,-0.0198,1.0,0.0543,-1.3541,0.0,0.0,True,both_converged
90170,-10.5,-0.2062,0.09415,0.08985,-0.0275,1.0,0.1279,-0.9445,0.0,0.0,True,-0.3961,0.14908,0.14375,-0.0196,1.0,0.0554,-1.4483,0.0,0.0,True,both_converged
90170,-10.0,-0.2172,0.09137,0.08716,-0.0258,1.0,0.1325,-0.9748,0.0,0.0,True,-0.387,0.14245,0.13719,-0.0167,1.0,0.0574,-1.3588,0.0,0.0,True,both_converged
90170,-9.5,-0.2341,0.08916,0.08503,-0.0245,1.0,0.1389,-1.0221,0.0,0.0,True,-0.3871,0.1384,0.13322,-0.015,1.0,0.0601,-1.3706,0.0,0.0,True,both_converged
90170,-9.0,-0.2353,0.08576,0.08172,-0.0215,1.0,0.1434,-0.9941,0.0,0.0,True,-0.3983,0.13643,0.13137,-0.0144,1.0,0.0615,-1.4875,0.0,0.0,True,both_converged
90170,-8.5,-0.2778,0.08341,0.07945,-0.0224,1.0,0.1488,-1.1464,0.0,0.0,True,-0.3893,0.12995,0.12496,-0.0113,1.0,0.0638,-1.4245,0.0,0.0,True,both_converged
90170,-8.0,-0.2683,0.07969,0.07582,-0.0191,0.9993,0.1572,-1.0772,0.0,0.0,True,-0.393,0.1263,0.12141,-0.0093,1.0,0.0669,-1.4588,0.0,0.0,True,both_converged
90170,-7.5,-0.2736,0.07324,0.06934,-0.0226,0.9941,0.1673,-1.1308,0.0,0.0,True,-0.4152,0.12535,0.1206,-0.0074,1.0,0.0681,-1.5906,0.0,0.0,True,both_converged
90170,-7.0,-0.2774,0.06563,0.06172,-0.0266,0.9867,0.1775,-1.1769,0.0,0.0,True,-0.4025,0.11849,0.1138,-0.004,1.0,0.0721,-1.498,0.0,0.0,True,both_converged
90170,-6.5,-0.2836,0.05744,0.05355,-0.0308,0.976,0.1878,-1.2235,0.0,0.0,True,-0.4214,0.11674,0.11219,-0.0025,1.0,0.0747,-1.6071,0.0,0.0,True,both_converged
90170,-6.0,,,,,,,,,,False,-0.4133,0.11074,0.10626,0.0005,1.0,0.0785,-1.547,0.0,0.0,True,optimised_only
90170,-5.5,,,,,,,,,,False,,,,,,,,,,False,none_converged
90170,-5.0,-0.4199,0.05574,0.05057,-0.0432,0.9941,0.1604,-1.9743,0.0,0.0,True,,,,,,,,,,False,baseline_only
90170,-4.5,,,,,,,,,,False,,,,,,,,,,False,none_converged
90170,-4.0,-0.2366,0.03019,0.02145,-0.0696,0.9743,0.1339,-2.085,0.0,0.0,True,,,,,,,,,,False,baseline_only
90170,-3.5,-0.1524,0.02821,0.01905,-0.0759,0.9594,0.1553,-1.8333,0.0,0.0,True,,,,,,,,,,False,baseline_only
90170,-3.0,-0.0687,0.02681,0.01748,-0.0817,0.9439,0.1854,-1.5747,0.0,0.0,True,-0.2233,0.07344,0.06917,-0.0362,1.0,0.1254,-1.4094,0.0,0.0,True,both_converged
90170,-2.5,0.0099,0.02571,0.01643,-0.0865,0.9267,0.2267,-1.3414,0.0,0.0,True,,,,,,,,,,False,baseline_only
90170,-2.0,0.0907,0.02464,0.01556,-0.0914,0.9107,0.2896,-1.1167,0.0,0.0,True,,,,,,,,,,False,baseline_only
90170,-1.5,0.1608,0.02356,0.01496,-0.0942,0.8918,0.3801,-0.9246,0.0,0.0,True,0.3745,0.03233,0.02461,-0.165,1.0,0.1501,-1.3515,0.0,0.0,True,both_converged
90170,-1.0,0.2335,0.02142,0.01446,-0.0959,0.8783,0.7098,-0.7451,0.0,0.0,True,0.4715,0.03181,0.02411,-0.1729,0.9931,0.2116,-1.0057,0.0,0.0,True,both_converged
90170,-0.5,0.3198,0.02075,0.01375,-0.1,0.8614,1.0,-0.6313,0.0,0.0,True,0.6836,0.02708,0.01971,-0.1984,0.9284,0.3448,-0.9227,0.0,0.0,True,both_converged
90170,0.0,0.3914,0.02057,0.01321,-0.1023,0.8429,1.0,-0.6813,0.0,0.0,True,0.8151,0.02189,0.01205,-0.2024,0.3669,0.4294,-1.1091,0.0,0.0,True,both_converged
90170,0.5,0.4581,0.0204,0.01278,-0.1036,0.8238,1.0,-0.7309,0.0,0.0,True,0.8622,0.02331,0.01305,-0.2,0.3226,0.4732,-1.2078,0.0,0.0,True,both_converged
90170,1.0,0.5214,0.02027,0.01245,-0.1042,0.8042,1.0,-0.7808,0.0,0.0,True,0.9251,0.02436,0.0137,-0.2006,0.2937,0.5229,-1.3295,0.0,0.0,True,both_converged
90170,1.5,0.5825,0.02019,0.01223,-0.1043,0.7842,1.0,-0.8317,0.0,0.0,True,0.9867,0.02556,0.01461,-0.2012,0.2725,0.5735,-1.4594,0.0,0.0,True,both_converged
90170,2.0,0.6428,0.02016,0.01208,-0.1042,0.7644,1.0,-0.8851,0.0,0.0,True,1.0456,0.02676,0.01562,-0.2013,0.2553,0.6277,-1.5914,0.0,0.0,True,both_converged
90170,2.5,0.7069,0.01998,0.01179,-0.1046,0.7463,1.0,-0.945,0.0,0.0,True,1.1035,0.02797,0.01688,-0.2012,0.2408,0.6983,-1.7278,0.0,0.0,True,both_converged
90170,3.0,0.7606,0.02031,0.01207,-0.1036,0.7244,1.0,-1.0014,0.0,0.0,True,1.1575,0.02903,0.01831,-0.2003,0.2281,1.0,-1.8639,0.0,0.0,True,both_converged
90170,3.5,0.8135,0.02075,0.01247,-0.1026,0.7026,1.0,-1.0648,0.0,0.0,True,1.2171,0.03124,0.02041,-0.2008,0.216,1.0,-2.0116,0.0,0.0,True,both_converged
90170,4.0,0.867,0.02121,0.01294,-0.1016,0.6814,1.0,-1.1542,0.0,0.0,True,1.2725,0.03365,0.02287,-0.2004,0.2052,1.0,-2.1656,0.0,0.0,True,both_converged
90170,4.5,0.9257,0.02148,0.01316,-0.1013,0.6619,1.0,-1.2869,0.0,0.0,True,1.3257,0.03637,0.02572,-0.1995,0.1958,1.0,-2.3175,0.0,0.0,True,both_converged
90170,5.0,0.9748,0.02221,0.01396,-0.0998,0.6391,1.0,-1.434,0.0,0.0,True,1.3765,0.03931,0.02884,-0.1982,0.187,1.0,-2.479,0.0,0.0,True,both_converged
90170,5.5,1.0246,0.0229,0.01473,-0.0983,0.6161,1.0,-1.6057,0.0,0.0,True,1.4243,0.04255,0.03239,-0.1964,0.1787,1.0,-2.6357,0.0,0.0,True,both_converged
90170,6.0,1.0754,0.02344,0.01535,-0.0968,0.592,1.0,-1.8055,0.0,0.0,True,1.4648,0.04732,0.03792,-0.1932,0.1715,1.0,-2.7523,0.0,0.0,True,both_converged
90170,6.5,1.1259,0.02378,0.01575,-0.095,0.565,1.0,-2.0284,0.0,0.0,True,1.5014,0.05237,0.04354,-0.1898,0.165,1.0,-2.8779,0.0,0.0,True,both_converged
90170,7.0,1.1766,0.02392,0.01589,-0.093,0.5354,1.0,-2.274,0.0,0.0,True,1.5346,0.0577,0.04936,-0.1861,0.1597,1.0,-3.0049,0.0,0.0,True,both_converged
90170,7.5,1.222,0.02419,0.01624,-0.0903,0.5033,1.0,-2.533,0.0,0.0,True,1.5497,0.06595,0.05844,-0.1802,0.1564,1.0,-3.0463,0.0,0.0,True,both_converged
90170,8.0,1.2653,0.02437,0.01645,-0.0872,0.4683,1.0,-2.8008,0.0,0.0,True,1.5496,0.07606,0.0694,-0.1732,0.1565,1.0,-3.0354,0.0,0.0,True,both_converged
90170,8.5,1.3007,0.02468,0.01686,-0.083,0.4286,1.0,-3.0681,0.0,0.0,True,1.5543,0.08582,0.07961,-0.1677,0.1585,1.0,-3.062,0.0,0.0,True,both_converged
90170,9.0,1.3242,0.02527,0.01757,-0.0771,0.3808,1.0,-3.3041,0.0,0.0,True,,,,,,,,,,False,baseline_only
90170,9.5,1.334,0.02642,0.01866,-0.0694,0.3194,1.0,-3.5052,0.0,0.0,True,,,,,,,,,,False,baseline_only
90170,10.0,1.3235,0.02893,0.02077,-0.0596,0.2491,1.0,-3.639,0.0,0.0,True,,,,,,,,,,False,baseline_only
90170,10.5,1.3116,0.03286,0.0242,-0.0515,0.1928,1.0,-3.7522,0.0,0.0,True,,,,,,,,,,False,baseline_only
90170,11.0,1.3115,0.037,0.02795,-0.0458,0.1569,1.0,-3.8956,0.0,0.0,True,,,,,,,,,,False,baseline_only
90170,11.5,1.3252,0.04082,0.03155,-0.0417,0.1315,1.0,-4.0803,0.0,0.0,True,,,,,,,,,,False,baseline_only
90170,12.0,1.3536,0.04438,0.03493,-0.039,0.1126,1.0,-4.324,0.0,0.0,True,,,,,,,,,,False,baseline_only
90170,12.5,1.3822,0.0481,0.03876,-0.0365,0.0988,1.0,-4.5756,0.0,0.0,True,,,,,,,,,,False,baseline_only
90170,13.0,1.4218,0.0522,0.04293,-0.0351,0.0883,1.0,-4.8596,0.0,0.0,True,0.8651,0.16172,0.15743,-0.1375,0.1661,1.0,-1.1241,0.0,0.0,True,both_converged
90170,13.5,1.4473,0.05691,0.04795,-0.0328,0.0809,1.0,-5.0833,0.0,0.0,True,0.8864,0.16909,0.16484,-0.1375,0.1586,1.0,-1.1876,0.0,0.0,True,both_converged
90170,14.0,1.4673,0.06213,0.05351,-0.0305,0.0756,1.0,-5.2874,0.0,0.0,True,0.8781,0.17505,0.17082,-0.1417,0.151,1.0,-1.1248,0.0,0.0,True,both_converged
90170,14.5,1.4459,0.06896,0.06099,-0.0264,0.0731,1.0,-5.3196,0.0,0.0,True,0.8826,0.18227,0.17806,-0.1445,0.1461,1.0,-1.111,0.0,0.0,True,both_converged
90170,15.0,1.4154,0.0768,0.06944,-0.0238,0.0712,1.0,-5.3059,0.0,0.0,True,0.9044,0.19013,0.18599,-0.1444,0.1397,1.0,-1.1857,0.0,0.0,True,both_converged
90170,15.5,1.3876,0.08547,0.07858,-0.023,0.0697,1.0,-5.2957,0.0,0.0,True,0.8972,0.19608,0.19197,-0.149,0.1333,1.0,-1.1132,0.0,0.0,True,both_converged
90170,16.0,1.3183,0.09915,0.09295,-0.0261,0.0706,1.0,-5.039,0.0,0.0,True,0.9091,0.20399,0.19992,-0.1506,0.1297,1.0,-1.1408,0.0,0.0,True,both_converged
90170,16.5,1.2318,0.11888,0.11328,-0.0357,0.0729,1.0,-4.6224,0.0,0.0,True,0.915,0.2106,0.20658,-0.1532,0.123,1.0,-1.1352,0.0,0.0,True,both_converged
90170,17.0,1.1614,0.14126,0.13597,-0.0486,0.0749,1.0,-4.1992,0.0,0.0,True,0.9182,0.21803,0.21406,-0.1565,0.1187,1.0,-1.1062,0.0,0.0,True,both_converged
90170,17.5,,,,,,,,,,False,0.9323,0.22577,0.22187,-0.1576,0.1138,1.0,-1.1592,0.0,0.0,True,optimised_only
90170,18.0,,,,,,,,,,False,0.9326,0.23297,0.22911,-0.1615,0.1092,1.0,-1.1087,0.0,0.0,True,optimised_only
90170,18.5,,,,,,,,,,False,0.952,0.24213,0.23836,-0.1616,0.105,1.0,-1.1958,0.0,0.0,True,optimised_only
90170,19.0,,,,,,,,,,False,0.9469,0.24845,0.24471,-0.1665,0.1011,1.0,-1.1211,0.0,0.0,True,optimised_only
90170,19.5,0.6408,0.18302,0.17826,-0.0612,0.1225,1.0,-1.1144,0.0,0.0,True,0.9641,0.25773,0.25407,-0.1669,0.097,1.0,-1.3145,0.0,0.0,True,both_converged
90170,20.0,0.6433,0.1895,0.18475,-0.0646,0.1161,1.0,-1.0801,0.0,0.0,True,0.9608,0.26428,0.26067,-0.1715,0.0928,1.0,-1.2894,0.0,0.0,True,both_converged
90170,20.5,0.651,0.1963,0.19159,-0.0672,0.1106,1.0,-1.0756,0.0,0.0,True,0.9764,0.27367,0.27016,-0.1721,0.0894,1.0,-1.4865,0.0,0.0,True,both_converged
90170,21.0,0.6623,0.20311,0.19843,-0.0693,0.1041,1.0,-1.096,0.0,0.0,True,0.974,0.28066,0.27718,-0.1766,0.0853,1.0,-1.4629,0.0,0.0,True,both_converged
90170,21.5,0.6732,0.20976,0.20512,-0.0714,0.0976,1.0,-1.1125,0.0,0.0,True,,,,,,,,,,False,baseline_only
90170,22.0,0.6751,0.21646,0.21185,-0.075,0.0927,1.0,-1.0707,0.0,0.0,True,,,,,,,,,,False,baseline_only
90170,22.5,0.6855,0.22362,0.21904,-0.0772,0.0885,1.0,-1.0961,0.0,0.0,True,1.4838,0.3524,0.3488,-0.2735,0.068,1.0,-3.105,0.0,0.0,True,both_converged
90170,23.0,0.6967,0.2305,0.22598,-0.0792,0.0823,1.0,-1.1322,0.0,0.0,True,1.4978,0.35819,0.35465,-0.2802,0.0618,1.0,-3.0499,0.0,0.0,True,both_converged
90170,23.5,0.6984,0.23733,0.23282,-0.0829,0.0784,1.0,-1.07,0.0,0.0,True,1.5128,0.36691,0.3634,-0.285,0.0553,1.0,-2.9853,0.0,0.0,True,both_converged
90170,24.0,0.7138,0.24532,0.24087,-0.0842,0.0748,1.0,-1.1363,0.0,0.0,True,1.5273,0.37424,0.37073,-0.291,0.0494,1.0,-2.8794,0.0,0.0,True,both_converged
90170,24.5,0.7133,0.25155,0.24712,-0.0883,0.0707,1.0,-1.0678,0.0,0.0,True,1.5418,0.38049,0.37699,-0.2989,0.0449,1.0,-2.7181,0.0,0.0,True,both_converged
90170,25.0,0.7223,0.25896,0.25457,-0.0906,0.0674,1.0,-1.0944,0.0,0.0,True,1.5561,0.38872,0.38523,-0.3047,0.043,1.0,-2.6352,0.0,0.0,True,both_converged
90170,25.5,0.7281,0.26587,0.26152,-0.0935,0.0631,1.0,-1.0858,0.0,0.0,True,1.5705,0.39607,0.39261,-0.3102,0.0399,1.0,-2.5896,0.0,0.0,True,both_converged
90170,26.0,0.736,0.27357,0.26926,-0.096,0.0611,1.0,-1.0947,0.0,0.0,True,1.5838,0.40456,0.40114,-0.3141,0.0385,1.0,-2.607,0.0,0.0,True,both_converged
90170,26.5,0.7408,0.28066,0.27639,-0.0991,0.0575,1.0,-1.0656,0.0,0.0,True,1.5981,0.41149,0.40809,-0.3216,0.0365,1.0,-2.4869,0.0,0.0,True,both_converged
90170,27.0,0.7506,0.28858,0.28435,-0.1011,0.0552,1.0,-1.1011,0.0,0.0,True,1.6111,0.41869,0.41534,-0.3263,0.0344,1.0,-2.4994,0.0,0.0,True,both_converged
90170,27.5,0.7531,0.29549,0.29131,-0.1046,0.0518,1.0,-1.0464,0.0,0.0,True,1.6235,0.42686,0.42354,-0.331,0.0336,1.0,-2.4939,0.0,0.0,True,both_converged
90170,28.0,0.7637,0.30364,0.29949,-0.1064,0.0495,1.0,-1.1188,0.0,0.0,True,1.6372,0.43378,0.43049,-0.3381,0.0319,1.0,-2.4231,0.0,0.0,True,both_converged
90170,28.5,0.7645,0.31058,0.30648,-0.1101,0.0475,1.0,-1.0488,0.0,0.0,True,1.6494,0.44078,0.43753,-0.3432,0.0301,1.0,-2.4612,0.0,0.0,True,both_converged
90170,29.0,0.7708,0.31787,0.31382,-0.1126,0.0449,1.0,-1.0649,0.0,0.0,True,1.66,0.44916,0.44596,-0.3468,0.0291,1.0,-2.5522,0.0,0.0,True,both_converged
90170,29.5,0.7769,0.32585,0.32183,-0.1151,0.0437,1.0,-1.0748,0.0,0.0,True,1.6732,0.4555,0.45232,-0.3546,0.0278,1.0,-2.463,0.0,0.0,True,both_converged
90170,30.0,0.78,0.33318,0.32921,-0.1182,0.0413,1.0,-1.0307,0.0,0.0,True,1.6843,0.46235,0.45923,-0.3598,0.0259,1.0,-2.4949,0.0,0.0,True,both_converged
92894,-30.0,-0.8926,0.35416,0.34832,0.102,1.0,0.0255,-1.7136,0.0,0.0,True,,,,,,,,,,False,baseline_only
92894,-29.5,-0.878,0.34893,0.34306,0.0971,1.0,0.0264,-1.6818,0.0,0.0,True,,,,,,,,,,False,baseline_only
92894,-29.0,-0.8629,0.34373,0.33784,0.0921,1.0,0.0276,-1.6636,0.0,0.0,True,,,,,,,,,,False,baseline_only
92894,-28.5,-0.8473,0.33871,0.33279,0.0867,1.0,0.0287,-1.6685,0.0,0.0,True,,,,,,,,,,False,baseline_only
92894,-28.0,,,,,,,,,,False,,,,,,,,,,False,none_converged
92894,-27.5,-0.8163,0.32788,0.32193,0.0768,1.0,0.0297,-1.6379,0.0,0.0,True,,,,,,,,,,False,baseline_only
92894,-27.0,-0.8002,0.32245,0.31648,0.0722,1.0,0.0308,-1.59,0.0,0.0,True,,,,,,,,,,False,baseline_only
92894,-26.5,-0.7839,0.31712,0.31113,0.0674,1.0,0.032,-1.5837,0.0,0.0,True,,,,,,,,,,False,baseline_only
92894,-26.0,-0.7673,0.31194,0.30593,0.0624,1.0,0.0332,-1.6003,0.0,0.0,True,,,,,,,,,,False,baseline_only
92894,-25.5,,,,,,,,,,False,,,,,,,,,,False,none_converged
92894,-25.0,,,,,,,,,,False,-0.417,0.22012,0.21493,-0.0083,1.0,0.0262,-0.6853,0.0,0.0,True,optimised_only
92894,-24.5,-0.7174,0.2947,0.28866,0.0488,1.0,0.0365,-1.5547,0.0,0.0,True,-0.4074,0.21519,0.21,-0.0106,1.0,0.0268,-0.6898,0.0,0.0,True,both_converged
92894,-24.0,-0.7007,0.289,0.28294,0.044,1.0,0.0381,-1.5607,0.0,0.0,True,-0.398,0.21042,0.20522,-0.0128,1.0,0.0276,-0.6969,0.0,0.0,True,both_converged
92894,-23.5,,,,,,,,,,False,-0.3888,0.20581,0.20061,-0.0148,1.0,0.0283,-0.7071,0.0,0.0,True,optimised_only
92894,-23.0,-0.6672,0.27655,0.27048,0.0354,1.0,0.0399,-1.5201,0.0,0.0,True,-0.3801,0.20151,0.19631,-0.0166,1.0,0.0288,-0.7233,0.0,0.0,True,both_converged
92894,-22.5,-0.6501,0.27048,0.26439,0.0314,1.0,0.0416,-1.4974,0.0,0.0,True,,,,,,,,,,False,baseline_only
92894,-22.0,-0.6335,0.2647,0.2586,0.0268,1.0,0.0434,-1.5256,0.0,0.0,True,,,,,,,,,,False,baseline_only
92894,-21.5,,,,,,,,,,False,-0.61,0.26096,0.25464,0.0077,1.0,0.028,-1.2946,0.0,0.0,True,optimised_only
92894,-21.0,,,,,,,,,,False,-0.5937,0.2553,0.24899,0.0039,1.0,0.0287,-1.2978,0.0,0.0,True,optimised_only
92894,-20.5,-0.5833,0.24611,0.24001,0.0148,1.0,0.0489,-1.512,0.0,0.0,True,-0.5779,0.25032,0.24401,-0.0001,1.0,0.0291,-1.3224,0.0,0.0,True,both_converged
92894,-20.0,,,,,,,,,,False,-0.5624,0.24382,0.23753,-0.003,1.0,0.0295,-1.2924,0.0,0.0,True,optimised_only
92894,-19.5,,,,,,,,,,False,-0.5468,0.23775,0.23147,-0.0057,1.0,0.0306,-1.245,0.0,0.0,True,optimised_only
92894,-19.0,-0.5341,0.22715,0.22105,0.0038,1.0,0.0545,-1.4691,0.0,0.0,True,-0.5316,0.23207,0.22582,-0.0085,1.0,0.0317,-1.2317,0.0,0.0,True,both_converged
92894,-18.5,,,,,,,,,,False,-0.5167,0.2265,0.22025,-0.0113,1.0,0.0328,-1.2477,0.0,0.0,True,optimised_only
92894,-18.0,,,,,,,,,,False,-0.5028,0.22145,0.21523,-0.0143,1.0,0.0336,-1.293,0.0,0.0,True,optimised_only
92894,-17.5,,,,,,,,,,False,-0.4898,0.21615,0.20998,-0.0169,1.0,0.0339,-1.3295,0.0,0.0,True,optimised_only
92894,-17.0,,,,,,,,,,False,-0.4758,0.20965,0.2035,-0.0181,1.0,0.035,-1.2837,0.0,0.0,True,optimised_only
92894,-16.5,-0.458,0.19568,0.18965,-0.0127,1.0,0.0672,-1.4694,0.0,0.0,True,-0.4632,0.20423,0.19812,-0.0197,1.0,0.0363,-1.2797,0.0,0.0,True,both_converged
92894,-16.0,-0.4454,0.18916,0.18315,-0.0159,1.0,0.069,-1.4837,0.0,0.0,True,-0.4517,0.19905,0.19299,-0.0212,1.0,0.0378,-1.2974,0.0,0.0,True,both_converged
92894,-15.5,-0.429,0.18267,0.17666,-0.018,1.0,0.0725,-1.4399,0.0,0.0,True,-0.4426,0.19479,0.18878,-0.0232,1.0,0.0386,-1.3582,0.0,0.0,True,both_converged
92894,-15.0,-0.4226,0.17702,0.17106,-0.022,1.0,0.0753,-1.4966,0.0,0.0,True,-0.4319,0.18873,0.18277,-0.0237,1.0,0.0393,-1.3438,0.0,0.0,True,both_converged
92894,-14.5,-0.4042,0.17015,0.16419,-0.0233,1.0,0.0801,-1.4365,0.0,0.0,True,-0.4218,0.18335,0.17746,-0.0239,1.0,0.0408,-1.3161,0.0,0.0,True,both_converged
92894,-14.0,-0.3961,0.16388,0.15796,-0.0264,1.0,0.083,-1.4809,0.0,0.0,True,-0.4138,0.17848,0.17264,-0.0242,1.0,0.0425,-1.3224,0.0,0.0,True,both_converged
92894,-13.5,-0.3819,0.15752,0.15161,-0.028,1.0,0.0875,-1.4572,0.0,0.0,True,-0.4094,0.17457,0.16881,-0.0249,1.0,0.0438,-1.3801,0.0,0.0,True,both_converged
92894,-13.0,-0.3754,0.1512,0.14534,-0.0307,1.0,0.0905,-1.4933,0.0,0.0,True,-0.4024,0.16897,0.16329,-0.024,1.0,0.0448,-1.3577,0.0,0.0,True,both_converged
92894,-12.5,-0.365,0.14518,0.13935,-0.0325,1.0,0.0959,-1.4831,0.0,0.0,True,-0.3965,0.16422,0.15861,-0.023,1.0,0.0471,-1.3338,0.0,0.0,True,both_converged
92894,-12.0,-0.3534,0.13862,0.13284,-0.0337,1.0,0.1005,-1.4588,0.0,0.0,True,-0.3955,0.1605,0.15497,-0.0226,1.0,0.0492,-1.3793,0.0,0.0,True,both_converged
92894,-11.5,-0.357,0.13307,0.12738,-0.0369,1.0,0.1056,-1.5276,0.0,0.0,True,-0.3928,0.15567,0.15023,-0.0214,1.0,0.0502,-1.3832,0.0,0.0,True,both_converged
92894,-11.0,-0.3424,0.12671,0.12104,-0.037,1.0,0.1115,-1.4839,0.0,0.0,True,-0.3886,0.1509,0.14554,-0.0195,1.0,0.0523,-1.3477,0.0,0.0,True,both_converged
92894,-10.5,-0.3377,0.12052,0.11493,-0.0379,1.0,0.1158,-1.4992,0.0,0.0,True,-0.389,0.14703,0.14176,-0.0183,1.0,0.0546,-1.3721,0.0,0.0,True,both_converged
92894,-10.0,-0.3603,0.11627,0.11084,-0.041,1.0,0.1217,-1.6376,0.0,0.0,True,,,,,,,,,,False,baseline_only
92894,-9.5,-0.3435,0.11001,0.10463,-0.0387,1.0,0.1295,-1.556,0.0,0.0,True,,,,,,,,,,False,baseline_only
92894,-9.0,-0.3401,0.10454,0.09926,-0.0369,1.0,0.1358,-1.5292,0.0,0.0,True,,,,,,,,,,False,baseline_only
92894,-8.5,,,,,,,,,,False,,,,,,,,,,False,none_converged
92894,-8.0,,,,,,,,,,False,-0.392,0.12581,0.12099,-0.009,1.0,0.0645,-1.4491,0.0,0.0,True,optimised_only
92894,-7.5,,,,,,,,,,False,-0.4004,0.12268,0.11797,-0.007,1.0,0.0674,-1.5056,0.0,0.0,True,optimised_only
92894,-7.0,-0.4447,0.08907,0.08451,-0.0232,1.0,0.157,-1.7222,0.0,0.0,True,,,,,,,,,,False,baseline_only
92894,-6.5,,,,,,,,,,False,,,,,,,,,,False,none_converged
92894,-6.0,-0.4687,0.07854,0.07416,-0.0207,1.0,0.1721,-1.7596,0.0,0.0,True,,,,,,,,,,False,baseline_only
92894,-5.5,,,,,,,,,,False,-0.4076,0.10582,0.10148,-0.001,1.0,0.0807,-1.5809,0.0,0.0,True,optimised_only
92894,-5.0,-0.3979,0.0387,0.03184,-0.0557,0.995,0.1081,-2.4757,0.0,0.0,True,-0.3933,0.1,0.09574,-0.0033,1.0,0.0842,-1.5854,0.0,0.0,True,both_converged
92894,-4.5,-0.3108,0.0326,0.02455,-0.0645,0.9838,0.1175,-2.3153,0.0,0.0,True,-0.3647,0.09366,0.08944,-0.0111,1.0,0.0903,-1.6112,0.0,0.0,True,both_converged
92894,-4.0,-0.2239,0.02948,0.02069,-0.0717,0.971,0.1332,-2.0724,0.0,0.0,True,-0.3256,0.08682,0.08263,-0.0193,1.0,0.0979,-1.5871,0.0,0.0,True,both_converged
92894,-3.5,-0.14,0.02762,0.01849,-0.0778,0.9563,0.1549,-1.8165,0.0,0.0,True,,,,,,,,,,False,baseline_only
92894,-3.0,-0.06,0.02628,0.01702,-0.0829,0.94,0.1847,-1.5633,0.0,0.0,True,,,,,,,,,,False,baseline_only
92894,-2.5,0.0194,0.02518,0.01597,-0.0878,0.9237,0.2269,-1.3267,0.0,0.0,True,,,,,,,,,,False,baseline_only
92894,-2.0,0.0948,0.02417,0.01517,-0.0917,0.9061,0.2877,-1.1113,0.0,0.0,True,0.1095,0.04642,0.04137,-0.1137,1.0,0.1198,-1.4442,0.0,0.0,True,both_converged
92894,-1.5,0.1701,0.02297,0.01447,-0.0953,0.8894,0.3827,-0.911,0.0,0.0,True,0.3788,0.032,0.02424,-0.1658,1.0,0.149,-1.3561,0.0,0.0,True,both_converged
92894,-1.0,0.2362,0.02102,0.01408,-0.096,0.8736,0.6987,-0.7415,0.0,0.0,True,0.5121,0.03094,0.0233,-0.1803,0.982,0.2281,-0.9175,0.0,0.0,True,both_converged
92894,-0.5,0.3319,0.02006,0.01314,-0.1014,0.8607,1.0,-0.6397,0.0,0.0,True,0.724,0.02443,0.01713,-0.2041,0.9107,0.3594,-0.9656,0.0,0.0,True,both_converged
92894,0.0,0.4021,0.01984,0.01256,-0.1035,0.8422,1.0,-0.6892,0.0,0.0,True,0.8179,0.02178,0.01189,-0.2031,0.358,0.4267,-1.1122,0.0,0.0,True,both_converged
92894,0.5,0.4677,0.01964,0.01211,-0.1045,0.8229,1.0,-0.7385,0.0,0.0,True,0.8663,0.0231,0.01282,-0.2009,0.3169,0.4702,-1.2134,0.0,0.0,True,both_converged
92894,1.0,0.53,0.01949,0.01177,-0.1049,0.8031,1.0,-0.788,0.0,0.0,True,0.9285,0.02426,0.01352,-0.2014,0.2897,0.5196,-1.3356,0.0,0.0,True,both_converged
92894,1.5,0.59,0.01943,0.01156,-0.1048,0.7827,1.0,-0.8383,0.0,0.0,True,0.9878,0.02536,0.01446,-0.2015,0.2689,0.5675,-1.4632,0.0,0.0,True,both_converged
92894,2.0,0.6483,0.01946,0.01147,-0.1044,0.762,1.0,-0.8905,0.0,0.0,True,1.0468,0.02659,0.01549,-0.2016,0.2523,0.6211,-1.5956,0.0,0.0,True,both_converged
92894,2.5,0.706,0.01956,0.01148,-0.104,0.7415,1.0,-0.9454,0.0,0.0,True,1.1038,0.02772,0.01672,-0.2013,0.2376,0.688,-1.7304,0.0,0.0,True,both_converged
92894,3.0,0.7663,0.0196,0.01143,-0.1039,0.7222,1.0,-1.0074,0.0,0.0,True,1.157,0.02868,0.01806,-0.2003,0.2252,1.0,-1.8673,0.0,0.0,True,both_converged
92894,3.5,0.8199,0.02,0.01177,-0.1029,0.7004,1.0,-1.0719,0.0,0.0,True,1.217,0.03084,0.02007,-0.2009,0.2133,1.0,-2.0175,0.0,0.0,True,both_converged
92894,4.0,0.8715,0.02055,0.01233,-0.1018,0.6784,1.0,-1.161,0.0,0.0,True,1.2724,0.03317,0.02244,-0.2005,0.2025,1.0,-2.1729,0.0,0.0,True,both_converged
92894,4.5,0.9242,0.0211,0.01289,-0.1008,0.657,1.0,-1.2859,0.0,0.0,True,1.3255,0.03585,0.0253,-0.1995,0.193,1.0,-2.3234,0.0,0.0,True,both_converged
92894,5.0,0.9814,0.02146,0.01323,-0.1003,0.6368,1.0,-1.4475,0.0,0.0,True,1.376,0.03888,0.02859,-0.1981,0.1844,1.0,-2.4795,0.0,0.0,True,both_converged
92894,5.5,1.03,0.02218,0.01405,-0.0986,0.6133,1.0,-1.6193,0.0,0.0,True,1.4239,0.04212,0.0321,-0.1964,0.1763,1.0,-2.6388,0.0,0.0,True,both_converged
92894,6.0,1.0797,0.02276,0.0147,-0.097,0.5887,1.0,-1.818,0.0,0.0,True,1.4686,0.04584,0.0362,-0.1941,0.1691,1.0,-2.7935,0.0,0.0,True,both_converged
92894,6.5,1.1306,0.02308,0.01505,-0.0952,0.5616,1.0,-2.0435,0.0,0.0,True,1.503,0.05143,0.04263,-0.1901,0.1623,1.0,-2.895,0.0,0.0,True,both_converged
92894,7.0,1.1803,0.0233,0.01527,-0.0932,0.532,1.0,-2.2879,0.0,0.0,True,1.5376,0.05653,0.04813,-0.1867,0.157,1.0,-3.0351,0.0,0.0,True,both_converged
92894,7.5,1.2228,0.02368,0.01578,-0.0902,0.4993,1.0,-2.5389,0.0,0.0,True,1.5483,0.0656,0.05825,-0.18,0.1539,1.0,-3.0419,0.0,0.0,True,both_converged
92894,8.0,1.2658,0.02391,0.01604,-0.0871,0.4647,1.0,-2.8064,0.0,0.0,True,1.546,0.07589,0.06939,-0.1727,0.154,1.0,-3.0216,0.0,0.0,True,both_converged
92894,8.5,1.3004,0.02426,0.0165,-0.0828,0.425,1.0,-3.0715,0.0,0.0,True,1.5445,0.08656,0.08058,-0.1668,0.159,1.0,-3.0146,0.0,0.0,True,both_converged
92894,9.0,1.3251,0.02484,0.01714,-0.0771,0.3775,1.0,-3.3117,0.0,0.0,True,,,,,,,,,,False,baseline_only
92894,9.5,1.3343,0.02606,0.01831,-0.0694,0.3155,1.0,-3.5112,0.0,0.0,True,0.8463,0.11269,0.1084,-0.1235,0.2238,1.0,-1.1856,0.0,0.0,True,both_converged
92894,10.0,1.3235,0.02863,0.02048,-0.0596,0.2448,1.0,-3.6444,0.0,0.0,True,0.8445,0.11991,0.11561,-0.1253,0.2128,1.0,-1.1693,0.0,0.0,True,both_converged
92894,10.5,1.3117,0.03259,0.02393,-0.0516,0.1895,1.0,-3.7588,0.0,0.0,True,0.8426,0.12714,0.12284,-0.1274,0.2033,1.0,-1.144,0.0,0.0,True,both_converged
92894,11.0,1.3114,0.03673,0.02776,-0.0459,0.1536,1.0,-3.9004,0.0,0.0,True,0.8447,0.13403,0.12975,-0.1294,0.1935,1.0,-1.138,0.0,0.0,True,both_converged
92894,11.5,1.3244,0.04056,0.03133,-0.0418,0.1293,1.0,-4.0848,0.0,0.0,True,0.8516,0.14104,0.13676,-0.131,0.1861,1.0,-1.1439,0.0,0.0,True,both_converged
92894,12.0,1.3486,0.04417,0.03486,-0.0388,0.1111,1.0,-4.3123,0.0,0.0,True,,,,,,,,,,False,baseline_only
92894,12.5,1.3862,0.04765,0.03819,-0.037,0.0967,1.0,-4.6071,0.0,0.0,True,,,,,,,,,,False,baseline_only
92894,13.0,1.4136,0.05182,0.04267,-0.0346,0.0872,1.0,-4.8409,0.0,0.0,True,0.8634,0.1612,0.15698,-0.1376,0.162,1.0,-1.1202,0.0,0.0,True,both_converged
92894,13.5,1.4384,0.05644,0.04757,-0.0323,0.0798,1.0,-5.0638,0.0,0.0,True,0.8718,0.16833,0.16413,-0.1395,0.1564,1.0,-1.1237,0.0,0.0,True,both_converged
92894,14.0,1.4659,0.06159,0.05296,-0.0305,0.0742,1.0,-5.3004,0.0,0.0,True,0.8931,0.17574,0.17158,-0.1396,0.149,1.0,-1.1987,0.0,0.0,True,both_converged
92894,14.5,1.4421,0.06823,0.0603,-0.0263,0.0716,1.0,-5.3243,0.0,0.0,True,0.883,0.18184,0.1777,-0.1444,0.1428,1.0,-1.1166,0.0,0.0,True,both_converged
92894,15.0,1.4571,0.07416,0.06639,-0.0247,0.0678,1.0,-5.541,0.0,0.0,True,0.8921,0.1892,0.1851,-0.1464,0.138,1.0,-1.1231,0.0,0.0,True,both_converged
92894,15.5,1.4131,0.08327,0.07618,-0.0228,0.0674,1.0,-5.447,0.0,0.0,True,0.9047,0.19618,0.19214,-0.1477,0.1312,1.0,-1.1594,0.0,0.0,True,both_converged
92894,16.0,1.3638,0.09423,0.08774,-0.0237,0.0674,1.0,-5.3086,0.0,0.0,True,0.9036,0.20323,0.19922,-0.1517,0.1266,1.0,-1.11,0.0,0.0,True,both_converged
92894,16.5,1.3104,0.1073,0.10131,-0.0276,0.0677,1.0,-5.1217,0.0,0.0,True,0.9255,0.2119,0.20796,-0.1515,0.1216,1.0,-1.1961,0.0,0.0,True,both_converged
92894,17.0,,,,,,,,,,False,0.9192,0.2177,0.21379,-0.1563,0.116,1.0,-1.1157,0.0,0.0,True,optimised_only
92894,17.5,,,,,,,,,,False,0.9329,0.22611,0.22226,-0.1576,0.1128,1.0,-1.162,0.0,0.0,True,optimised_only
92894,18.0,,,,,,,,,,False,0.9349,0.23267,0.22887,-0.161,0.1068,1.0,-1.1288,0.0,0.0,True,optimised_only
92894,18.5,0.6183,0.16992,0.16516,-0.0573,0.1362,1.0,-1.0805,0.0,0.0,True,0.9423,0.2408,0.23705,-0.1635,0.1039,1.0,-1.1276,0.0,0.0,True,both_converged
92894,19.0,0.6287,0.17648,0.17174,-0.0594,0.129,1.0,-1.0877,0.0,0.0,True,0.9487,0.24815,0.24447,-0.1661,0.0988,1.0,-1.145,0.0,0.0,True,both_converged
92894,19.5,0.6405,0.18309,0.17839,-0.0613,0.1211,1.0,-1.1124,0.0,0.0,True,0.9552,0.25633,0.25271,-0.1687,0.0956,1.0,-1.224,0.0,0.0,True,both_converged
92894,20.0,0.6509,0.18953,0.18488,-0.0635,0.1137,1.0,-1.1347,0.0,0.0,True,0.9627,0.26401,0.26045,-0.1711,0.0909,1.0,-1.3162,0.0,0.0,True,both_converged
92894,20.5,0.6525,0.19587,0.19124,-0.067,0.1072,1.0,-1.0901,0.0,0.0,True,0.9699,0.27265,0.26916,-0.1736,0.0886,1.0,-1.4101,0.0,0.0,True,both_converged
92894,21.0,0.6593,0.2026,0.19799,-0.0697,0.1007,1.0,-1.0772,0.0,0.0,True,0.9757,0.28037,0.27695,-0.1762,0.0834,1.0,-1.4935,0.0,0.0,True,both_converged
92894,21.5,0.6713,0.20972,0.20515,-0.0717,0.0964,1.0,-1.0983,0.0,0.0,True,0.9824,0.28929,0.28593,-0.1787,0.0812,1.0,-1.5778,0.0,0.0,True,both_converged
92894,22.0,0.6785,0.21617,0.21164,-0.0744,0.0904,1.0,-1.1039,0.0,0.0,True,0.9874,0.29741,0.29412,-0.1815,0.0766,1.0,-1.6364,0.0,0.0,True,both_converged
92894,22.5,0.6831,0.22316,0.21865,-0.0776,0.0855,1.0,-1.0781,0.0,0.0,True,0.9934,0.30653,0.30331,-0.1841,0.0738,1.0,-1.6947,0.0,0.0,True,both_converged
92894,23.0,0.6937,0.23032,0.22585,-0.0798,0.0813,1.0,-1.1052,0.0,0.0,True,0.9999,0.31525,0.3121,-0.1864,0.069,1.0,-1.7536,0.0,0.0,True,both_converged
92894,23.5,0.7002,0.23699,0.23256,-0.0826,0.0762,1.0,-1.0929,0.0,0.0,True,1.0036,0.3249,0.3218,-0.1895,0.0651,1.0,-1.7306,0.0,0.0,True,both_converged
92894,24.0,0.7067,0.24438,0.23998,-0.0855,0.0734,1.0,-1.0698,0.0,0.0,True,1.0093,0.33484,0.33179,-0.192,0.0602,1.0,-1.7113,0.0,0.0,True,both_converged
92894,24.5,0.7164,0.25132,0.24697,-0.0877,0.0688,1.0,-1.1059,0.0,0.0,True,1.015,0.3451,0.3421,-0.1944,0.0547,1.0,-1.6574,0.0,0.0,True,both_converged
92894,25.0,0.7204,0.25861,0.25428,-0.0911,0.0651,1.0,-1.0742,0.0,0.0,True,1.0226,0.35567,0.3527,-0.1963,0.0494,1.0,-1.6328,0.0,0.0,True,both_converged
92894,25.5,,,,,,,,,,False,1.0253,0.36521,0.36228,-0.1994,0.0445,1.0,-1.5369,0.0,0.0,True,optimised_only
92894,26.0,0.7341,0.27325,0.269,-0.0965,0.0592,1.0,-1.0706,0.0,0.0,True,1.0286,0.37591,0.37299,-0.2023,0.0423,1.0,-1.4441,0.0,0.0,True,both_converged
92894,26.5,0.743,0.28045,0.27625,-0.0987,0.056,1.0,-1.0999,0.0,0.0,True,1.0338,0.38566,0.38279,-0.2045,0.0393,1.0,-1.4286,0.0,0.0,True,both_converged
92894,27.0,0.7472,0.28806,0.28389,-0.1019,0.0538,1.0,-1.0547,0.0,0.0,True,1.0374,0.39627,0.39342,-0.2071,0.0381,1.0,-1.3724,0.0,0.0,True,both_converged
92894,27.5,0.7548,0.29519,0.29108,-0.1043,0.0502,1.0,-1.0765,0.0,0.0,True,1.0407,0.4064,0.40358,-0.2098,0.0357,1.0,-1.3168,0.0,0.0,True,both_converged
92894,28.0,0.7597,0.30296,0.29888,-0.1072,0.0487,1.0,-1.0627,0.0,0.0,True,1.046,0.41636,0.41361,-0.2115,0.0339,1.0,-1.3413,0.0,0.0,True,both_converged
92894,28.5,0.7648,0.31032,0.30628,-0.1101,0.0459,1.0,-1.0554,0.0,0.0,True,1.0475,0.42683,0.42409,-0.2145,0.033,1.0,-1.2629,0.0,0.0,True,both_converged
92894,29.0,,,,,,,,,,False,1.0502,0.43696,0.43426,-0.217,0.0311,1.0,-1.2499,0.0,0.0,True,optimised_only
92894,29.5,,,,,,,,,,False,1.0536,0.44673,0.44408,-0.219,0.0294,1.0,-1.2852,0.0,0.0,True,optimised_only
92894,30.0,0.7806,0.33284,0.32894,-0.1181,0.0398,1.0,-1.0467,0.0,0.0,True,1.0554,0.45729,0.45467,-0.2215,0.0288,1.0,-1.2596,0.0,0.0,True,both_converged
95204,-30.0,-0.8922,0.35488,0.34913,0.1014,1.0,0.025,-1.7557,0.0,0.0,True,-0.8769,0.35628,0.35037,0.0845,1.0,0.0194,-1.491,0.0,0.0,True,both_converged
95204,-29.5,-0.8779,0.34886,0.34307,0.097,1.0,0.0257,-1.6971,0.0,0.0,True,-0.8623,0.35114,0.34519,0.0792,1.0,0.0201,-1.4654,0.0,0.0,True,both_converged
95204,-29.0,-0.863,0.34365,0.33783,0.0921,1.0,0.0268,-1.6664,0.0,0.0,True,-0.8472,0.34599,0.34001,0.074,1.0,0.0206,-1.4674,0.0,0.0,True,both_converged
95204,-28.5,-0.8476,0.33846,0.33261,0.087,1.0,0.0281,-1.6524,0.0,0.0,True,-0.8318,0.34108,0.33506,0.0687,1.0,0.0208,-1.4803,0.0,0.0,True,both_converged
95204,-28.0,-0.8317,0.33367,0.3278,0.0815,1.0,0.0289,-1.6669,0.0,0.0,True,,,,,,,,,,False,baseline_only
95204,-27.5,,,,,,,,,,False,,,,,,,,,,False,none_converged
95204,-27.0,-0.8003,0.32239,0.31649,0.0721,1.0,0.03,-1.6066,0.0,0.0,True,,,,,,,,,,False,baseline_only
95204,-26.5,-0.784,0.31704,0.31112,0.0675,1.0,0.0312,-1.5864,0.0,0.0,True,,,,,,,,,,False,baseline_only
95204,-26.0,-0.7674,0.31169,0.30575,0.0627,1.0,0.0325,-1.5842,0.0,0.0,True,,,,,,,,,,False,baseline_only
95204,-25.5,-0.7507,0.30675,0.30079,0.0573,1.0,0.0335,-1.616,0.0,0.0,True,,,,,,,,,,False,baseline_only
95204,-25.0,-0.7344,0.30093,0.29498,0.0525,1.0,0.0341,-1.6233,0.0,0.0,True,-0.7234,0.30166,0.29548,0.0359,1.0,0.024,-1.3174,0.0,0.0,True,both_converged
95204,-24.5,-0.7175,0.2946,0.28863,0.0488,1.0,0.0355,-1.5619,0.0,0.0,True,-0.7071,0.29594,0.28975,0.0314,1.0,0.0244,-1.3318,0.0,0.0,True,both_converged
95204,-24.0,-0.7006,0.28873,0.28273,0.0443,1.0,0.0373,-1.5445,0.0,0.0,True,-0.6906,0.29051,0.2843,0.0268,1.0,0.0247,-1.3559,0.0,0.0,True,both_converged
95204,-23.5,-0.6843,0.28341,0.27741,0.0391,1.0,0.0385,-1.5716,0.0,0.0,True,,,,,,,,,,False,baseline_only
95204,-23.0,-0.6677,0.27686,0.27087,0.0349,1.0,0.0391,-1.5532,0.0,0.0,True,-0.6584,0.27862,0.2724,0.0186,1.0,0.0252,-1.3588,0.0,0.0,True,both_converged
95204,-22.5,-0.6502,0.27037,0.26436,0.0314,1.0,0.0406,-1.5042,0.0,0.0,True,-0.6424,0.27245,0.26622,0.015,1.0,0.0258,-1.3254,0.0,0.0,True,both_converged
95204,-22.0,-0.6332,0.26431,0.25829,0.0272,1.0,0.0425,-1.5037,0.0,0.0,True,-0.6261,0.26662,0.26039,0.0113,1.0,0.0265,-1.3062,0.0,0.0,True,both_converged
95204,-21.5,-0.618,0.25936,0.25334,0.0218,1.0,0.0438,-1.5716,0.0,0.0,True,-0.6099,0.2608,0.25456,0.0077,1.0,0.0273,-1.293,0.0,0.0,True,both_converged
95204,-21.0,-0.6,0.25181,0.24579,0.019,1.0,0.0452,-1.5155,0.0,0.0,True,-0.5937,0.25502,0.24879,0.0041,1.0,0.0281,-1.285,0.0,0.0,True,both_converged
95204,-20.5,-0.5827,0.24568,0.23965,0.0153,1.0,0.0477,-1.4914,0.0,0.0,True,-0.5776,0.24945,0.24322,0.0004,1.0,0.0288,-1.2889,0.0,0.0,True,both_converged
95204,-20.0,-0.5691,0.2409,0.23488,0.0099,1.0,0.0494,-1.5585,0.0,0.0,True,,,,,,,,,,False,baseline_only
95204,-19.5,-0.5504,0.23305,0.22704,0.0075,1.0,0.0507,-1.4909,0.0,0.0,True,-0.5468,0.2378,0.2316,-0.006,1.0,0.0297,-1.2672,0.0,0.0,True,both_converged
95204,-19.0,-0.5334,0.2268,0.22078,0.0042,1.0,0.0531,-1.4554,0.0,0.0,True,-0.5315,0.23196,0.22578,-0.0086,1.0,0.0308,-1.237,0.0,0.0,True,both_converged
95204,-18.5,-0.5214,0.2219,0.21589,-0.0009,1.0,0.0553,-1.518,0.0,0.0,True,-0.5166,0.22631,0.22014,-0.0113,1.0,0.0319,-1.2405,0.0,0.0,True,both_converged
95204,-18.0,-0.5025,0.21415,0.20815,-0.0029,1.0,0.0569,-1.4658,0.0,0.0,True,-0.5023,0.22079,0.21465,-0.0139,1.0,0.033,-1.2616,0.0,0.0,True,both_converged
95204,-17.5,-0.4872,0.20817,0.20217,-0.0063,1.0,0.0606,-1.4678,0.0,0.0,True,-0.4892,0.21602,0.20991,-0.0168,1.0,0.0336,-1.3173,0.0,0.0,True,both_converged
95204,-17.0,-0.4736,0.20173,0.19576,-0.0099,1.0,0.0624,-1.4905,0.0,0.0,True,-0.4763,0.20996,0.20389,-0.0186,1.0,0.0341,-1.3205,0.0,0.0,True,both_converged
95204,-16.5,-0.4566,0.19522,0.18925,-0.0122,1.0,0.0655,-1.452,0.0,0.0,True,-0.4632,0.20409,0.19805,-0.0198,1.0,0.0353,-1.2889,0.0,0.0,True,both_converged
95204,-16.0,-0.4528,0.19105,0.18512,-0.0176,1.0,0.0681,-1.5604,0.0,0.0,True,-0.4515,0.19879,0.1928,-0.0211,1.0,0.0367,-1.2896,0.0,0.0,True,both_converged
95204,-15.5,-0.4293,0.18241,0.17647,-0.0181,1.0,0.0707,-1.4464,0.0,0.0,True,-0.4411,0.1938,0.18786,-0.0226,1.0,0.0381,-1.316,0.0,0.0,True,both_converged
95204,-15.0,-0.422,0.17713,0.17122,-0.022,1.0,0.0746,-1.4933,0.0,0.0,True,-0.4339,0.19006,0.18418,-0.0245,1.0,0.0387,-1.3929,0.0,0.0,True,both_converged
95204,-14.5,-0.4038,0.1698,0.16391,-0.0232,1.0,0.0779,-1.4365,0.0,0.0,True,-0.4224,0.18333,0.17751,-0.0241,1.0,0.0396,-1.3379,0.0,0.0,True,both_converged
95204,-14.0,-0.4056,0.16546,0.15963,-0.028,1.0,0.0819,-1.5532,0.0,0.0,True,-0.4137,0.17827,0.17251,-0.0241,1.0,0.0412,-1.3217,0.0,0.0,True,both_converged
95204,-13.5,-0.3812,0.15713,0.15129,-0.0279,1.0,0.0852,-1.4551,0.0,0.0,True,-0.4073,0.17362,0.16792,-0.0242,1.0,0.043,-1.338,0.0,0.0,True,both_converged
95204,-13.0,-0.3873,0.15272,0.14695,-0.0326,1.0,0.0893,-1.5766,0.0,0.0,True,-0.4067,0.17062,0.16502,-0.0249,1.0,0.0439,-1.4268,0.0,0.0,True,both_converged
95204,-12.5,-0.3617,0.14457,0.13881,-0.032,1.0,0.0933,-1.4635,0.0,0.0,True,-0.3972,0.16411,0.15857,-0.023,1.0,0.0456,-1.3468,0.0,0.0,True,both_converged
95204,-12.0,-0.3596,0.13857,0.13287,-0.0348,1.0,0.0981,-1.5087,0.0,0.0,True,-0.3935,0.15972,0.15425,-0.022,1.0,0.048,-1.3449,0.0,0.0,True,both_converged
95204,-11.5,-0.3558,0.13311,0.12746,-0.0369,1.0,0.1045,-1.5223,0.0,0.0,True,-0.3964,0.15685,0.15148,-0.0218,1.0,0.0494,-1.4256,0.0,0.0,True,both_converged
95204,-11.0,-0.3403,0.1262,0.12059,-0.0368,1.0,0.1086,-1.4765,0.0,0.0,True,-0.3901,0.1509,0.14561,-0.0196,1.0,0.0508,-1.3691,0.0,0.0,True,both_converged
95204,-10.5,-0.3519,0.12091,0.11543,-0.0398,1.0,0.1137,-1.5836,0.0,0.0,True,-0.3879,0.14655,0.14135,-0.0179,1.0,0.0531,-1.3541,0.0,0.0,True,both_converged
95204,-10.0,-0.3375,0.11483,0.1094,-0.0386,1.0,0.12,-1.5262,0.0,0.0,True,-0.3917,0.14328,0.13817,-0.017,1.0,0.0551,-1.4091,0.0,0.0,True,both_converged
95204,-9.5,-0.3354,0.10926,0.10392,-0.038,1.0,0.1261,-1.522,0.0,0.0,True,-0.3904,0.13834,0.13331,-0.015,1.0,0.0563,-1.4027,0.0,0.0,True,both_converged
95204,-9.0,-0.3472,0.10421,0.09903,-0.0376,1.0,0.1323,-1.5699,0.0,0.0,True,-0.3883,0.13386,0.12892,-0.0128,1.0,0.0588,-1.3937,0.0,0.0,True,both_converged
95204,-8.5,-0.3735,0.10058,0.09558,-0.0359,1.0,0.139,-1.6452,0.0,0.0,True,-0.3951,0.1308,0.12596,-0.0116,1.0,0.0612,-1.4706,0.0,0.0,True,both_converged
95204,-8.0,-0.3722,0.09554,0.09065,-0.0315,1.0,0.1437,-1.5925,0.0,0.0,True,-0.3959,0.12605,0.12131,-0.0093,1.0,0.0626,-1.4839,0.0,0.0,True,both_converged
95204,-7.5,-0.4305,0.09337,0.08874,-0.0267,1.0,0.1482,-1.7309,0.0,0.0,True,-0.3967,0.12187,0.11721,-0.0066,1.0,0.0655,-1.4776,0.0,0.0,True,both_converged
95204,-7.0,-0.4378,0.08861,0.08409,-0.0221,1.0,0.1524,-1.6961,0.0,0.0,True,-0.4149,0.11991,0.11538,-0.0039,1.0,0.0678,-1.5732,0.0,0.0,True,both_converged
95204,-6.5,,,,,,,,,,False,-0.4147,0.11484,0.1104,-0.0004,1.0,0.0703,-1.5442,0.0,0.0,True,optimised_only
95204,-6.0,,,,,,,,,,False,-0.4176,0.11133,0.10699,-0.0017,1.0,0.0745,-1.6167,0.0,0.0,True,optimised_only
95204,-5.5,,,,,,,,,,False,-0.4084,0.1055,0.10123,-0.0001,1.0,0.078,-1.5727,0.0,0.0,True,optimised_only
95204,-5.0,-0.3858,0.03631,0.02902,-0.0586,0.9928,0.1061,-2.5288,0.0,0.0,True,,,,,,,,,,False,baseline_only
95204,-4.5,-0.3005,0.03184,0.02371,-0.0664,0.9809,0.1166,-2.3125,0.0,0.0,True,,,,,,,,,,False,baseline_only
95204,-4.0,-0.2154,0.02892,0.02007,-0.0731,0.9677,0.1325,-2.0665,0.0,0.0,True,,,,,,,,,,False,baseline_only
95204,-3.5,-0.1333,0.02717,0.01807,-0.0788,0.9528,0.154,-1.8089,0.0,0.0,True,,,,,,,,,,False,baseline_only
95204,-3.0,-0.0502,0.02583,0.0166,-0.0844,0.938,0.185,-1.549,0.0,0.0,True,,,,,,,,,,False,baseline_only
95204,-2.5,0.0256,0.02475,0.01561,-0.0885,0.9207,0.2265,-1.3174,0.0,0.0,True,-0.0945,0.06404,0.05968,-0.0672,1.0,0.1488,-1.3789,0.0,0.0,True,both_converged
95204,-2.0,0.1037,0.02369,0.01475,-0.0929,0.9044,0.2894,-1.0976,0.0,0.0,True,,,,,,,,,,False,baseline_only
95204,-1.5,0.1794,0.02245,0.01403,-0.0965,0.8882,0.3867,-0.8973,0.0,0.0,True,0.379,0.03184,0.02421,-0.1659,1.0,0.1465,-1.3559,0.0,0.0,True,both_converged
95204,-1.0,0.2435,0.02046,0.01366,-0.0967,0.8724,0.7194,-0.731,0.0,0.0,True,0.5383,0.03015,0.02258,-0.185,0.9736,0.2382,-0.8622,0.0,0.0,True,both_converged
95204,-0.5,0.332,0.01972,0.01288,-0.1011,0.8567,1.0,-0.6404,0.0,0.0,True,0.7376,0.02319,0.01589,-0.2057,0.8998,0.3635,-0.9799,0.0,0.0,True,both_converged
95204,0.0,0.4038,0.01944,0.01225,-0.1033,0.839,1.0,-0.6911,0.0,0.0,True,0.8198,0.02167,0.01179,-0.2035,0.3517,0.4231,-1.1147,0.0,0.0,True,both_converged
95204,0.5,0.4752,0.01904,0.01158,-0.1052,0.8223,1.0,-0.7444,0.0,0.0,True,0.8698,0.02298,0.01264,-0.2016,0.3128,0.4682,-1.2185,0.0,0.0,True,both_converged
95204,1.0,0.5368,0.01888,0.01123,-0.1054,0.8023,1.0,-0.7937,0.0,0.0,True,0.9296,0.02406,0.0134,-0.2017,0.2864,0.5148,-1.3379,0.0,0.0,True,both_converged
95204,1.5,0.596,0.01882,0.01102,-0.1052,0.7816,1.0,-0.8437,0.0,0.0,True,0.9893,0.02525,0.01432,-0.202,0.2663,0.5631,-1.4676,0.0,0.0,True,both_converged
95204,2.0,0.6535,0.01887,0.01095,-0.1047,0.7605,1.0,-0.8954,0.0,0.0,True,1.0472,0.02638,0.01537,-0.2018,0.2496,0.6152,-1.5975,0.0,0.0,True,both_converged
95204,2.5,0.7097,0.01903,0.01101,-0.1041,0.7392,1.0,-0.9493,0.0,0.0,True,1.1043,0.02753,0.01654,-0.2015,0.2351,0.6802,-1.7344,0.0,0.0,True,both_converged
95204,3.0,0.7656,0.01927,0.01118,-0.1035,0.7182,1.0,-1.0078,0.0,0.0,True,1.1569,0.02841,0.01781,-0.2004,0.2231,1.0,-1.8722,0.0,0.0,True,both_converged
95204,3.5,0.8244,0.01945,0.01126,-0.1032,0.6986,1.0,-1.077,0.0,0.0,True,1.2171,0.03052,0.01973,-0.2011,0.2114,1.0,-2.0249,0.0,0.0,True,both_converged
95204,4.0,0.876,0.01998,0.0118,-0.102,0.6763,1.0,-1.1677,0.0,0.0,True,1.2727,0.03276,0.022,-0.2007,0.2007,1.0,-2.1821,0.0,0.0,True,both_converged
95204,4.5,0.927,0.0206,0.01244,-0.1008,0.6542,1.0,-1.2915,0.0,0.0,True,1.3257,0.03535,0.02478,-0.1997,0.1911,1.0,-2.3331,0.0,0.0,True,both_converged
95204,5.0,0.9794,0.02118,0.01306,-0.0997,0.6326,1.0,-1.4454,0.0,0.0,True,1.3762,0.03835,0.0281,-0.1982,0.1823,1.0,-2.4877,0.0,0.0,True,both_converged
95204,5.5,1.0352,0.0216,0.01347,-0.099,0.6113,1.0,-1.6317,0.0,0.0,True,1.4236,0.04172,0.03183,-0.1964,0.1741,1.0,-2.6403,0.0,0.0,True,both_converged
95204,6.0,1.0844,0.02219,0.01411,-0.0973,0.5864,1.0,-1.8309,0.0,0.0,True,1.4701,0.04515,0.03543,-0.1946,0.1674,1.0,-2.8126,0.0,0.0,True,both_converged
95204,6.5,1.1353,0.02252,0.01446,-0.0956,0.5592,1.0,-2.0578,0.0,0.0,True,1.5077,0.04985,0.04084,-0.191,0.1601,1.0,-2.9369,0.0,0.0,True,both_converged
95204,7.0,1.1791,0.02296,0.01502,-0.0928,0.5284,1.0,-2.2872,0.0,0.0,True,1.5354,0.05646,0.04826,-0.1863,0.1549,1.0,-3.0235,0.0,0.0,True,both_converged
95204,7.5,1.2249,0.02322,0.01533,-0.0903,0.4965,1.0,-2.548,0.0,0.0,True,1.5638,0.06204,0.05432,-0.1821,0.15,1.0,-3.1471,0.0,0.0,True,both_converged
95204,8.0,1.2654,0.02356,0.01575,-0.0869,0.4615,1.0,-2.8083,0.0,0.0,True,1.5703,0.07106,0.06413,-0.1755,0.1475,1.0,-3.1736,0.0,0.0,True,both_converged
95204,8.5,1.3001,0.02393,0.01623,-0.0827,0.4219,1.0,-3.0736,0.0,0.0,True,1.5629,0.08165,0.07543,-0.1681,0.1479,1.0,-3.1462,0.0,0.0,True,both_converged
95204,9.0,1.3255,0.02451,0.01684,-0.0771,0.3747,1.0,-3.3165,0.0,0.0,True,,,,,,,,,,False,baseline_only
95204,9.5,1.3345,0.02578,0.01804,-0.0694,0.3123,1.0,-3.516,0.0,0.0,True,0.8734,0.11116,0.10692,-0.1207,0.2209,1.0,-1.2785,0.0,0.0,True,both_converged
95204,10.0,1.3236,0.0284,0.02025,-0.0596,0.2414,1.0,-3.6489,0.0,0.0,True,0.8624,0.11895,0.1147,-0.1232,0.2104,1.0,-1.2336,0.0,0.0,True,both_converged
95204,10.5,1.312,0.03238,0.02374,-0.0517,0.1862,1.0,-3.7639,0.0,0.0,True,0.8545,0.12637,0.12212,-0.1259,0.2003,1.0,-1.1911,0.0,0.0,True,both_converged
95204,11.0,1.3114,0.03651,0.02755,-0.046,0.1512,1.0,-3.9061,0.0,0.0,True,0.8528,0.13342,0.12919,-0.1282,0.1903,1.0,-1.1732,0.0,0.0,True,both_converged
95204,11.5,1.323,0.04037,0.03124,-0.0418,0.1274,1.0,-4.0846,0.0,0.0,True,0.8494,0.1406,0.13637,-0.1311,0.1822,1.0,-1.1391,0.0,0.0,True,both_converged
95204,12.0,1.3458,0.04397,0.03475,-0.0387,0.1097,1.0,-4.3088,0.0,0.0,True,0.8544,0.14761,0.14338,-0.1332,0.1752,1.0,-1.1313,0.0,0.0,True,both_converged
95204,12.5,1.3797,0.04747,0.03814,-0.0366,0.0959,1.0,-4.5892,0.0,0.0,True,0.8802,0.15493,0.15074,-0.1325,0.1678,1.0,-1.2187,0.0,0.0,True,both_converged
95204,13.0,1.409,0.05148,0.04239,-0.0344,0.0861,1.0,-4.835,0.0,0.0,True,0.8703,0.16095,0.15679,-0.1366,0.1598,1.0,-1.1548,0.0,0.0,True,both_converged
95204,13.5,1.4343,0.056,0.04718,-0.0321,0.0787,1.0,-5.0619,0.0,0.0,True,0.8694,0.16787,0.16372,-0.1399,0.1531,1.0,-1.1156,0.0,0.0,True,both_converged
95204,14.0,1.4563,0.06119,0.05267,-0.0299,0.0735,1.0,-5.272,0.0,0.0,True,0.8822,0.17518,0.17106,-0.1412,0.1478,1.0,-1.1468,0.0,0.0,True,both_converged
95204,14.5,1.4542,0.06686,0.05879,-0.0269,0.0696,1.0,-5.4103,0.0,0.0,True,0.8887,0.18169,0.17761,-0.1434,0.1408,1.0,-1.1497,0.0,0.0,True,both_converged
95204,15.0,1.4444,0.07391,0.06628,-0.0245,0.0672,1.0,-5.4971,0.0,0.0,True,0.8895,0.18873,0.18469,-0.1468,0.135,1.0,-1.1113,0.0,0.0,True,both_converged
95204,15.5,1.4027,0.08322,0.07625,-0.023,0.0667,1.0,-5.4105,0.0,0.0,True,0.9121,0.19712,0.19313,-0.1466,0.1303,1.0,-1.1985,0.0,0.0,True,both_converged
95204,16.0,1.3531,0.09451,0.08814,-0.0243,0.0666,1.0,-5.2668,0.0,0.0,True,0.9052,0.20294,0.19898,-0.1514,0.1243,1.0,-1.1227,0.0,0.0,True,both_converged
95204,16.5,1.2965,0.10834,0.10248,-0.029,0.0671,1.0,-5.0564,0.0,0.0,True,0.913,0.21049,0.20658,-0.1537,0.1201,1.0,-1.1227,0.0,0.0,True,both_converged
95204,17.0,1.2383,0.12503,0.11957,-0.0373,0.0679,1.0,-4.7863,0.0,0.0,True,0.923,0.21759,0.21374,-0.1556,0.1143,1.0,-1.1449,0.0,0.0,True,both_converged
95204,17.5,,,,,,,,,,False,0.9263,0.22527,0.22147,-0.1589,0.1109,1.0,-1.1178,0.0,0.0,True,optimised_only
95204,18.0,,,,,,,,,,False,0.9408,0.23301,0.22927,-0.1599,0.1054,1.0,-1.173,0.0,0.0,True,optimised_only
95204,18.5,,,,,,,,,,False,0.9403,0.2404,0.2367,-0.164,0.1018,1.0,-1.1122,0.0,0.0,True,optimised_only
95204,19.0,,,,,,,,,,False,0.9533,0.24838,0.24476,-0.1652,0.0975,1.0,-1.1972,0.0,0.0,True,optimised_only
95204,19.5,0.635,0.18256,0.17791,-0.0621,0.1181,1.0,-1.0794,0.0,0.0,True,0.9543,0.25603,0.25245,-0.169,0.0935,1.0,-1.2146,0.0,0.0,True,both_converged
95204,20.0,0.6495,0.18956,0.18495,-0.0637,0.1127,1.0,-1.125,0.0,0.0,True,0.967,0.26433,0.26082,-0.1702,0.0898,1.0,-1.3717,0.0,0.0,True,both_converged
95204,20.5,0.6612,0.19616,0.1916,-0.0656,0.1053,1.0,-1.1542,0.0,0.0,True,0.9678,0.27227,0.26882,-0.1741,0.0868,1.0,-1.3853,0.0,0.0,True,both_converged
95204,21.0,0.6621,0.20227,0.19773,-0.0693,0.0985,1.0,-1.1023,0.0,0.0,True,0.9797,0.28068,0.27731,-0.1754,0.0823,1.0,-1.5526,0.0,0.0,True,both_converged
95204,21.5,0.6675,0.20928,0.20476,-0.0724,0.094,1.0,-1.0695,0.0,0.0,True,0.9807,0.28895,0.28563,-0.1792,0.0797,1.0,-1.5538,0.0,0.0,True,both_converged
95204,22.0,0.6856,0.21698,0.2125,-0.0733,0.0893,1.0,-1.1601,0.0,0.0,True,0.9902,0.29744,0.2942,-0.1809,0.0754,1.0,-1.6858,0.0,0.0,True,both_converged
95204,22.5,0.6852,0.22283,0.21838,-0.0773,0.0834,1.0,-1.1013,0.0,0.0,True,0.9926,0.3063,0.30312,-0.1844,0.0722,1.0,-1.6833,0.0,0.0,True,both_converged
95204,23.0,0.6911,0.22998,0.22556,-0.0803,0.0792,1.0,-1.0813,0.0,0.0,True,,,,,,,,,,False,baseline_only
95204,23.5,0.7063,0.23747,0.23311,-0.0816,0.075,1.0,-1.1504,0.0,0.0,True,1.0041,0.32466,0.32161,-0.1894,0.0637,1.0,-1.7432,0.0,0.0,True,both_converged
95204,24.0,0.706,0.24413,0.23979,-0.0857,0.0714,1.0,-1.0645,0.0,0.0,True,1.0091,0.33469,0.33168,-0.1921,0.0587,1.0,-1.7047,0.0,0.0,True,both_converged
95204,24.5,0.7192,0.25181,0.2475,-0.0873,0.0679,1.0,-1.1343,0.0,0.0,True,1.0142,0.34501,0.34204,-0.1947,0.0531,1.0,-1.6361,0.0,0.0,True,both_converged
95204,25.0,0.7211,0.25832,0.25405,-0.0909,0.0634,1.0,-1.0869,0.0,0.0,True,1.02,0.35541,0.35247,-0.1971,0.0488,1.0,-1.5768,0.0,0.0,True,both_converged
95204,25.5,0.7301,0.26596,0.26173,-0.0932,0.0612,1.0,-1.1115,0.0,0.0,True,1.0269,0.36558,0.36267,-0.199,0.0438,1.0,-1.5663,0.0,0.0,True,both_converged
95204,26.0,0.7344,0.273,0.2688,-0.0965,0.0576,1.0,-1.0772,0.0,0.0,True,1.0287,0.37578,0.37289,-0.2024,0.041,1.0,-1.4422,0.0,0.0,True,both_converged
95204,26.5,0.7459,0.28103,0.27687,-0.0982,0.0553,1.0,-1.1335,0.0,0.0,True,1.0362,0.38608,0.38324,-0.2039,0.0387,1.0,-1.4791,0.0,0.0,True,both_converged
95204,27.0,0.747,0.28785,0.28373,-0.102,0.0522,1.0,-1.054,0.0,0.0,True,1.037,0.39628,0.39346,-0.2074,0.0372,1.0,-1.3526,0.0,0.0,True,both_converged
95204,27.5,0.7583,0.29584,0.29177,-0.1036,0.0495,1.0,-1.1229,0.0,0.0,True,1.0411,0.4061,0.40332,-0.2097,0.0348,1.0,-1.3298,0.0,0.0,True,both_converged
95204,28.0,0.759,0.30281,0.29878,-0.1074,0.0473,1.0,-1.0517,0.0,0.0,True,1.0456,0.41654,0.4138,-0.2117,0.0336,1.0,-1.3264,0.0,0.0,True,both_converged
95204,28.5,0.7658,0.31005,0.30607,-0.1099,0.0447,1.0,-1.077,0.0,0.0,True,1.0474,0.42682,0.42412,-0.2147,0.0321,1.0,-1.2525,0.0,0.0,True,both_converged
95204,29.0,0.7715,0.31797,0.31402,-0.1125,0.0436,1.0,-1.0776,0.0,0.0,True,1.0505,0.43668,0.43402,-0.2169,0.0302,1.0,-1.2618,0.0,0.0,True,both_converged
95204,29.5,0.7752,0.3254,0.3215,-0.1156,0.0412,1.0,-1.0423,0.0,0.0,True,1.0545,0.44709,0.44447,-0.2188,0.0291,1.0,-1.3058,0.0,0.0,True,both_converged
95204,30.0,,,,,,,,,,False,1.0551,0.45732,0.45474,-0.2217,0.0281,1.0,-1.2409,0.0,0.0,True,optimised_only
97080,-30.0,,,,,,,,,,False,-0.8768,0.35631,0.35046,0.0845,1.0,0.0189,-1.4934,0.0,0.0,True,optimised_only
97080,-29.5,,,,,,,,,,False,-0.8623,0.35112,0.34523,0.0793,1.0,0.0197,-1.4639,0.0,0.0,True,optimised_only
97080,-29.0,-0.863,0.34361,0.33785,0.0921,1.0,0.0262,-1.6742,0.0,0.0,True,-0.8474,0.34595,0.34002,0.0741,1.0,0.0203,-1.4583,0.0,0.0,True,both_converged
97080,-28.5,-0.8477,0.3384,0.33261,0.0871,1.0,0.0275,-1.6498,0.0,0.0,True,-0.8321,0.34082,0.33487,0.0689,1.0,0.0206,-1.464,0.0,0.0,True,both_converged
97080,-28.0,-0.8319,0.33327,0.32746,0.0819,1.0,0.0286,-1.6457,0.0,0.0,True,,,,,,,,,,False,baseline_only
97080,-27.5,,,,,,,,,,False,,,,,,,,,,False,none_converged
97080,-27.0,-0.8002,0.32266,0.31682,0.0717,1.0,0.0295,-1.6325,0.0,0.0,True,,,,,,,,,,False,baseline_only
97080,-26.5,-0.784,0.317,0.31114,0.0674,1.0,0.0305,-1.5946,0.0,0.0,True,,,,,,,,,,False,baseline_only
97080,-26.0,-0.7674,0.31163,0.30575,0.0627,1.0,0.0318,-1.582,0.0,0.0,True,,,,,,,,,,False,baseline_only
97080,-25.5,-0.7507,0.30625,0.30035,0.0578,1.0,0.0331,-1.5908,0.0,0.0,True,,,,,,,,,,False,baseline_only
97080,-25.0,,,,,,,,,,False,,,,,,,,,,False,none_converged
97080,-24.5,-0.7176,0.29454,0.28863,0.0486,1.0,0.0348,-1.5759,0.0,0.0,True,,,,,,,,,,False,baseline_only
97080,-24.0,-0.7006,0.28864,0.28271,0.0444,1.0,0.0365,-1.5433,0.0,0.0,True,,,,,,,,,,False,baseline_only
97080,-23.5,-0.6839,0.28279,0.27684,0.0397,1.0,0.038,-1.5429,0.0,0.0,True,,,,,,,,,,False,baseline_only
97080,-23.0,,,,,,,,,,False,,,,,,,,,,False,none_converged
97080,-22.5,,,,,,,,,,False,,,,,,,,,,False,none_converged
97080,-22.0,-0.6332,0.26421,0.25825,0.0273,1.0,0.0416,-1.5016,0.0,0.0,True,-0.626,0.26654,0.26036,0.0112,1.0,0.0259,-1.316,0.0,0.0,True,both_converged
97080,-21.5,-0.6167,0.25835,0.25238,0.0227,1.0,0.0434,-1.5281,0.0,0.0,True,-0.6098,0.26071,0.25453,0.0076,1.0,0.0266,-1.2965,0.0,0.0,True,both_converged
97080,-21.0,-0.6007,0.25207,0.24611,0.0184,1.0,0.0444,-1.547,0.0,0.0,True,-0.5937,0.25492,0.24875,0.0041,1.0,0.0274,-1.2828,0.0,0.0,True,both_converged
97080,-20.5,-0.5827,0.24555,0.23958,0.0154,1.0,0.0467,-1.4919,0.0,0.0,True,-0.5776,0.24918,0.243,0.0006,1.0,0.0283,-1.2758,0.0,0.0,True,both_converged
97080,-20.0,-0.5669,0.23973,0.23376,0.0109,1.0,0.049,-1.5116,0.0,0.0,True,-0.5618,0.24384,0.23768,-0.0031,1.0,0.0289,-1.2882,0.0,0.0,True,both_converged
97080,-19.5,-0.5517,0.23339,0.22745,0.0068,1.0,0.05,-1.5249,0.0,0.0,True,-0.5471,0.23897,0.23284,-0.0068,1.0,0.0292,-1.3129,0.0,0.0,True,both_converged
97080,-19.0,-0.5335,0.22666,0.2207,0.0042,1.0,0.052,-1.459,0.0,0.0,True,-0.5315,0.23191,0.22579,-0.0087,1.0,0.0301,-1.2499,0.0,0.0,True,both_converged
97080,-18.5,-0.5184,0.22075,0.21479,0.0002,1.0,0.0547,-1.4683,0.0,0.0,True,-0.5165,0.22619,0.22008,-0.0113,1.0,0.0312,-1.2422,0.0,0.0,True,both_converged
97080,-18.0,-0.5041,0.21436,0.20843,-0.0036,1.0,0.056,-1.4992,0.0,0.0,True,-0.5021,0.2206,0.21451,-0.0138,1.0,0.0324,-1.2517,0.0,0.0,True,both_converged
97080,-17.5,-0.4863,0.20784,0.2019,-0.006,1.0,0.0593,-1.4543,0.0,0.0,True,-0.4885,0.2153,0.20925,-0.0164,1.0,0.0333,-1.2846,0.0,0.0,True,both_converged
97080,-17.0,-0.4784,0.20308,0.19719,-0.0112,1.0,0.0617,-1.5531,0.0,0.0,True,,,,,,,,,,False,baseline_only
97080,-16.5,-0.4568,0.19505,0.18914,-0.0123,1.0,0.0642,-1.4577,0.0,0.0,True,,,,,,,,,,False,baseline_only
97080,-16.0,-0.4456,0.18934,0.18345,-0.0161,1.0,0.0676,-1.4915,0.0,0.0,True,,,,,,,,,,False,baseline_only
97080,-15.5,-0.4307,0.18233,0.17645,-0.0185,1.0,0.0694,-1.4683,0.0,0.0,True,,,,,,,,,,False,baseline_only
97080,-15.0,-0.4168,0.17615,0.17029,-0.0209,1.0,0.0734,-1.4443,0.0,0.0,True,,,,,,,,,,False,baseline_only
97080,-14.5,-0.4056,0.16967,0.16384,-0.0237,1.0,0.0764,-1.4587,0.0,0.0,True,,,,,,,,,,False,baseline_only
97080,-14.0,-0.3955,0.16385,0.15805,-0.0264,1.0,0.0813,-1.4797,0.0,0.0,True,-0.4141,0.17818,0.17248,-0.0242,1.0,0.0403,-1.3318,0.0,0.0,True,both_converged
97080,-13.5,-0.3831,0.15697,0.15119,-0.0283,1.0,0.0837,-1.4759,0.0,0.0,True,-0.407,0.17338,0.16774,-0.024,1.0,0.042,-1.3293,0.0,0.0,True,both_converged
97080,-13.0,-0.3753,0.15118,0.14543,-0.0309,1.0,0.0886,-1.497,0.0,0.0,True,-0.4032,0.1693,0.16374,-0.0241,1.0,0.0436,-1.3745,0.0,0.0,True,both_converged
97080,-12.5,-0.3634,0.14435,0.13864,-0.0324,1.0,0.0915,-1.4817,0.0,0.0,True,-0.3989,0.16436,0.15888,-0.0234,1.0,0.0446,-1.3812,0.0,0.0,True,both_converged
97080,-12.0,-0.3701,0.13964,0.13401,-0.0364,1.0,0.0969,-1.5784,0.0,0.0,True,-0.3935,0.15953,0.15412,-0.0218,1.0,0.0468,-1.3435,0.0,0.0,True,both_converged
97080,-11.5,-0.3468,0.13223,0.12662,-0.0356,1.0,0.1027,-1.4677,0.0,0.0,True,-0.3927,0.15564,0.15032,-0.021,1.0,0.049,-1.3762,0.0,0.0,True,both_converged
97080,-11.0,-0.3442,0.126,0.12046,-0.0374,1.0,0.1067,-1.5052,0.0,0.0,True,-0.394,0.15173,0.14651,-0.0202,1.0,0.0498,-1.4215,0.0,0.0,True,both_converged
97080,-10.5,-0.3497,0.12091,0.11546,-0.0397,1.0,0.1128,-1.5727,0.0,0.0,True,-0.3885,0.14643,0.14128,-0.0178,1.0,0.0518,-1.3603,0.0,0.0,True,both_converged
97080,-10.0,-0.3345,0.11438,0.10899,-0.0383,1.0,0.1174,-1.5148,0.0,0.0,True,-0.3886,0.14243,0.13736,-0.0163,1.0,0.0542,-1.3713,0.0,0.0,True,both_converged
97080,-9.5,-0.3422,0.10898,0.10372,-0.0389,1.0,0.1234,-1.5636,0.0,0.0,True,-0.3988,0.14036,0.13541,-0.0159,1.0,0.0554,-1.4751,0.0,0.0,True,both_converged
97080,-9.0,-0.3672,0.10506,0.09998,-0.0391,1.0,0.1303,-1.6622,0.0,0.0,True,-0.3893,0.13379,0.1289,-0.0128,1.0,0.0574,-1.4036,0.0,0.0,True,both_converged
97080,-8.5,-0.3545,0.09952,0.09451,-0.0351,1.0,0.1368,-1.5725,0.0,0.0,True,-0.3911,0.12989,0.12508,-0.0109,1.0,0.0602,-1.4313,0.0,0.0,True,both_converged
97080,-8.0,-0.4292,0.09781,0.09313,-0.0318,1.0,0.1395,-1.7955,0.0,0.0,True,-0.4073,0.12823,0.12355,-0.0099,1.0,0.0615,-1.5605,0.0,0.0,True,both_converged
97080,-7.5,-0.4078,0.0923,0.08765,-0.0262,1.0,0.1461,-1.6559,0.0,0.0,True,-0.3976,0.12176,0.11715,-0.0065,1.0,0.0639,-1.4859,0.0,0.0,True,both_converged
97080,-7.0,,,,,,,,,,False,-0.4066,0.11854,0.11403,-0.0037,1.0,0.0669,-1.5254,0.0,0.0,True,optimised_only
97080,-6.5,,,,,,,,,,False,,,,,,,,,,False,none_converged
97080,-6.0,,,,,,,,,,False,,,,,,,,,,False,none_converged
97080,-5.5,-0.4562,0.05563,0.05039,-0.0455,0.9978,0.1304,-2.2582,0.0,0.0,True,-0.4091,0.10539,0.10116,-0.0011,1.0,0.0763,-1.601,0.0,0.0,True,both_converged
97080,-5.0,-0.376,0.03473,0.02699,-0.0607,0.991,0.105,-2.5694,0.0,0.0,True,,,,,,,,,,False,baseline_only
97080,-4.5,-0.2916,0.03122,0.02302,-0.0679,0.9791,0.116,-2.3094,0.0,0.0,True,-0.3709,0.09379,0.08967,-0.0073,1.0,0.0863,-1.5788,0.0,0.0,True,both_converged
97080,-4.0,-0.2072,0.02848,0.0196,-0.0744,0.9658,0.1322,-2.0574,0.0,0.0,True,-0.3356,0.0871,0.08301,-0.0146,1.0,0.0929,-1.5592,0.0,0.0,True,both_converged
97080,-3.5,-0.1253,0.02679,0.01771,-0.08,0.9512,0.1538,-1.7975,0.0,0.0,True,,,,,,,,,,False,baseline_only
97080,-3.0,-0.0468,0.02551,0.01633,-0.0848,0.935,0.184,-1.5454,0.0,0.0,True,,,,,,,,,,False,baseline_only
97080,-2.5,0.0329,0.02439,0.01528,-0.0896,0.9193,0.2271,-1.3056,0.0,0.0,True,,,,,,,,,,False,baseline_only
97080,-2.0,0.1113,0.02329,0.01443,-0.0939,0.9035,0.2905,-1.0854,0.0,0.0,True,0.112,0.04589,0.04095,-0.1144,1.0,0.1161,-1.4514,0.0,0.0,True,both_converged
97080,-1.5,0.187,0.02203,0.01368,-0.0976,0.8875,0.39,-0.886,0.0,0.0,True,0.1318,0.04775,0.04302,-0.1068,1.0,0.1757,-1.1728,0.0,0.0,True,both_converged
97080,-1.0,0.2494,0.02002,0.01332,-0.0972,0.8717,0.736,-0.7226,0.0,0.0,True,0.5575,0.02949,0.02195,-0.1883,0.9676,0.2458,-0.8217,0.0,0.0,True,both_converged
97080,-0.5,0.3375,0.01932,0.01253,-0.1017,0.8556,1.0,-0.6444,0.0,0.0,True,0.7587,0.02147,0.01425,-0.2082,0.8854,0.3685,-1.0029,0.0,0.0,True,both_converged
97080,0.0,0.4075,0.01906,0.01192,-0.1036,0.8375,1.0,-0.6942,0.0,0.0,True,0.8218,0.02156,0.01167,-0.204,0.3466,0.421,-1.1171,0.0,0.0,True,both_converged
97080,0.5,0.4752,0.01875,0.01137,-0.1049,0.8195,1.0,-0.7451,0.0,0.0,True,0.872,0.02281,0.0125,-0.2021,0.3093,0.4663,-1.2214,0.0,0.0,True,both_converged
97080,1.0,0.5419,0.01841,0.01082,-0.1059,0.8016,1.0,-0.798,0.0,0.0,True,0.9307,0.02392,0.01329,-0.202,0.2837,0.5117,-1.34,0.0,0.0,True,both_converged
97080,1.5,0.6007,0.01836,0.01061,-0.1056,0.7808,1.0,-0.8478,0.0,0.0,True,0.9905,0.02515,0.01423,-0.2023,0.2642,0.5602,-1.4702,0.0,0.0,True,both_converged
97080,2.0,0.6576,0.01842,0.01054,-0.105,0.7594,1.0,-0.8993,0.0,0.0,True,1.048,0.02624,0.01525,-0.202,0.2474,0.6115,-1.6002,0.0,0.0,True,both_converged
97080,2.5,0.7132,0.0186,0.01063,-0.1043,0.7378,1.0,-0.9529,0.0,0.0,True,1.1049,0.0274,0.0164,-0.2018,0.2334,0.6749,-1.7386,0.0,0.0,True,both_converged
97080,3.0,0.7679,0.01889,0.01085,-0.1035,0.7162,1.0,-1.0104,0.0,0.0,True,1.157,0.02822,0.01762,-0.2005,0.2215,1.0,-1.8768,0.0,0.0,True,both_converged
97080,3.5,0.823,0.01923,0.01112,-0.1028,0.6951,1.0,-1.0764,0.0,0.0,True,1.2175,0.03031,0.01949,-0.2013,0.21,1.0,-2.0315,0.0,0.0,True,both_converged
97080,4.0,0.8798,0.01955,0.01139,-0.1023,0.6749,1.0,-1.1732,0.0,0.0,True,1.2732,0.03248,0.02167,-0.2009,0.1994,1.0,-2.1906,0.0,0.0,True,both_converged
97080,4.5,0.9299,0.0202,0.01206,-0.1009,0.6523,1.0,-1.297,0.0,0.0,True,1.3262,0.03494,0.02431,-0.1999,0.1898,1.0,-2.3432,0.0,0.0,True,both_converged
97080,5.0,0.9807,0.02084,0.01276,-0.0997,0.6302,1.0,-1.4488,0.0,0.0,True,1.3766,0.03786,0.02758,-0.1984,0.1808,1.0,-2.4981,0.0,0.0,True,both_converged
97080,5.5,1.0333,0.0214,0.01335,-0.0986,0.608,1.0,-1.629,0.0,0.0,True,1.4241,0.04123,0.03135,-0.1965,0.1725,1.0,-2.6489,0.0,0.0,True,both_converged
97080,6.0,1.0856,0.02186,0.01381,-0.0973,0.584,1.0,-1.8352,0.0,0.0,True,1.4686,0.04506,0.03556,-0.1942,0.1657,1.0,-2.8032,0.0,0.0,True,both_converged
97080,6.5,1.1333,0.02229,0.01432,-0.0952,0.556,1.0,-2.0547,0.0,0.0,True,1.5122,0.04849,0.03922,-0.192,0.1588,1.0,-2.9787,0.0,0.0,True,both_converged
97080,7.0,1.1799,0.02263,0.01471,-0.0928,0.5258,1.0,-2.2917,0.0,0.0,True,1.5369,0.05574,0.04755,-0.1866,0.1531,1.0,-3.0374,0.0,0.0,True,both_converged
97080,7.5,1.2271,0.02286,0.01495,-0.0904,0.4945,1.0,-2.5569,0.0,0.0,True,1.5703,0.06046,0.05254,-0.1832,0.148,1.0,-3.1965,0.0,0.0,True,both_converged
97080,8.0,1.2658,0.02326,0.01548,-0.0869,0.4592,1.0,-2.8124,0.0,0.0,True,1.5655,0.0714,0.06464,-0.1749,0.1462,1.0,-3.1494,0.0,0.0,True,both_converged
97080,8.5,1.3004,0.02365,0.01597,-0.0827,0.4196,1.0,-3.0774,0.0,0.0,True,1.5555,0.08217,0.07611,-0.1674,0.1473,1.0,-3.1131,0.0,0.0,True,both_converged
97080,9.0,1.3252,0.02428,0.01666,-0.077,0.372,1.0,-3.318,0.0,0.0,True,,,,,,,,,,False,baseline_only
97080,9.5,1.3346,0.02556,0.01786,-0.0694,0.309,1.0,-3.5189,0.0,0.0,True,,,,,,,,,,False,baseline_only
97080,10.0,1.3239,0.02822,0.0201,-0.0597,0.2377,1.0,-3.6525,0.0,0.0,True,,,,,,,,,,False,baseline_only
97080,10.5,1.3125,0.0322,0.0236,-0.0518,0.1833,1.0,-3.7684,0.0,0.0,True,,,,,,,,,,False,baseline_only
97080,11.0,1.3114,0.03634,0.02738,-0.0461,0.1496,1.0,-3.9114,0.0,0.0,True,,,,,,,,,,False,baseline_only
97080,11.5,1.3224,0.0402,0.03112,-0.0419,0.1259,1.0,-4.0873,0.0,0.0,True,,,,,,,,,,False,baseline_only
97080,12.0,1.3442,0.0438,0.03462,-0.0387,0.1085,1.0,-4.309,0.0,0.0,True,1.2346,0.18629,0.1817,-0.1829,0.1615,1.0,-1.8817,0.0,0.0,True,both_converged
97080,12.5,1.3755,0.04732,0.03808,-0.0364,0.0951,1.0,-4.5789,0.0,0.0,True,1.2366,0.19568,0.1911,-0.1868,0.1549,1.0,-1.8595,0.0,0.0,True,both_converged
97080,13.0,1.4059,0.05121,0.04214,-0.0343,0.0852,1.0,-4.8337,0.0,0.0,True,1.2603,0.20347,0.19897,-0.1853,0.1492,1.0,-1.973,0.0,0.0,True,both_converged
97080,13.5,1.4335,0.05559,0.04676,-0.0321,0.0778,1.0,-5.072,0.0,0.0,True,1.25,0.21281,0.20829,-0.194,0.1423,1.0,-1.8616,0.0,0.0,True,both_converged
97080,14.0,1.4508,0.06086,0.0524,-0.0297,0.0728,1.0,-5.259,0.0,0.0,True,1.2574,0.22148,0.217,-0.1981,0.137,1.0,-1.8503,0.0,0.0,True,both_converged
97080,14.5,1.4723,0.06597,0.05767,-0.0279,0.0678,1.0,-5.5163,0.0,0.0,True,1.275,0.22939,0.22498,-0.1991,0.1313,1.0,-1.9235,0.0,0.0,True,both_converged
97080,15.0,1.4372,0.0737,0.06615,-0.0244,0.0666,1.0,-5.4747,0.0,0.0,True,1.2759,0.23762,0.23321,-0.2066,0.126,1.0,-1.8525,0.0,0.0,True,both_converged
97080,15.5,1.3982,0.08301,0.07611,-0.0231,0.0659,1.0,-5.4,0.0,0.0,True,1.3016,0.24725,0.24293,-0.2048,0.1216,1.0,-1.9807,0.0,0.0,True,both_converged
97080,16.0,1.3487,0.09445,0.08814,-0.0246,0.0659,1.0,-5.2547,0.0,0.0,True,1.3,0.25323,0.24893,-0.2145,0.1157,1.0,-1.8759,0.0,0.0,True,both_converged
97080,16.5,1.2888,0.10892,0.10314,-0.0299,0.0665,1.0,-5.0218,0.0,0.0,True,1.3165,0.26222,0.25798,-0.2165,0.1127,1.0,-1.9339,0.0,0.0,True,both_converged
97080,17.0,1.2244,0.12705,0.12169,-0.0394,0.0675,1.0,-4.7054,0.0,0.0,True,1.3265,0.26874,0.26455,-0.2224,0.1064,1.0,-1.9153,0.0,0.0,True,both_converged
97080,17.5,,,,,,,,,,False,1.3384,0.27692,0.27277,-0.2275,0.1036,1.0,-1.9437,0.0,0.0,True,optimised_only
97080,18.0,,,,,,,,,,False,1.3527,0.2841,0.28003,-0.2317,0.0985,1.0,-2.0851,0.0,0.0,True,optimised_only
97080,18.5,,,,,,,,,,False,1.3652,0.29176,0.28774,-0.2373,0.0951,1.0,-2.184,0.0,0.0,True,optimised_only
97080,19.0,,,,,,,,,,False,1.3809,0.29881,0.29486,-0.2411,0.0906,1.0,-2.3535,0.0,0.0,True,optimised_only
97080,19.5,,,,,,,,,,False,1.3947,0.30638,0.30247,-0.2464,0.0882,1.0,-2.4586,0.0,0.0,True,optimised_only
97080,20.0,,,,,,,,,,False,1.4101,0.3129,0.30908,-0.2509,0.0831,1.0,-2.6096,0.0,0.0,True,optimised_only
97080,20.5,,,,,,,,,,False,1.4241,0.32046,0.3167,-0.2564,0.081,1.0,-2.7029,0.0,0.0,True,optimised_only
97080,21.0,,,,,,,,,,False,1.4391,0.32697,0.32328,-0.2614,0.0762,1.0,-2.8206,0.0,0.0,True,optimised_only
97080,21.5,,,,,,,,,,False,1.4531,0.33438,0.33075,-0.2671,0.0734,1.0,-2.8871,0.0,0.0,True,optimised_only
97080,22.0,,,,,,,,,,False,1.4687,0.34178,0.33825,-0.2707,0.0687,1.0,-3.0239,0.0,0.0,True,optimised_only
97080,22.5,,,,,,,,,,False,1.4825,0.3489,0.34542,-0.2779,0.0643,1.0,-2.9805,0.0,0.0,True,optimised_only
97080,23.0,,,,,,,,,,False,1.4974,0.35667,0.35323,-0.2833,0.0585,1.0,-2.9447,0.0,0.0,True,optimised_only
97080,23.5,,,,,,,,,,False,1.5127,0.36454,0.36113,-0.2885,0.0512,1.0,-2.8648,0.0,0.0,True,optimised_only
97080,24.0,1.1427,0.31296,0.30794,-0.156,0.0629,1.0,-2.0727,0.0,0.0,True,1.5277,0.37231,0.36892,-0.2938,0.0453,1.0,-2.7783,0.0,0.0,True,both_converged
97080,24.5,1.157,0.31996,0.31495,-0.1608,0.0608,1.0,-2.087,0.0,0.0,True,1.5423,0.38059,0.37721,-0.2995,0.0428,1.0,-2.6833,0.0,0.0,True,both_converged
97080,25.0,1.171,0.32615,0.32119,-0.1662,0.057,1.0,-2.0885,0.0,0.0,True,1.5568,0.388,0.38465,-0.3044,0.0394,1.0,-2.6584,0.0,0.0,True,both_converged
97080,25.5,1.187,0.33381,0.32887,-0.1693,0.0552,1.0,-2.1596,0.0,0.0,True,1.5707,0.39622,0.39288,-0.3099,0.0382,1.0,-2.6005,0.0,0.0,True,both_converged
97080,26.0,1.1989,0.33929,0.33437,-0.1765,0.0515,1.0,-2.0894,0.0,0.0,True,1.585,0.40366,0.40035,-0.3162,0.0357,1.0,-2.5245,0.0,0.0,True,both_converged
97080,26.5,1.2147,0.34685,0.34198,-0.1793,0.0494,1.0,-2.1748,0.0,0.0,True,1.5978,0.41146,0.40821,-0.3195,0.0339,1.0,-2.5942,0.0,0.0,True,both_converged
97080,27.0,1.2265,0.35244,0.34758,-0.1868,0.0465,1.0,-2.0902,0.0,0.0,True,1.6116,0.41887,0.41561,-0.3269,0.033,1.0,-2.4688,0.0,0.0,True,both_converged
97080,27.5,1.2411,0.35893,0.35412,-0.1904,0.0444,1.0,-2.1811,0.0,0.0,True,1.625,0.42609,0.42288,-0.3327,0.031,1.0,-2.4241,0.0,0.0,True,both_converged
97080,28.0,1.2535,0.36549,0.3607,-0.1966,0.0432,1.0,-2.1465,0.0,0.0,True,1.6368,0.43331,0.43015,-0.3368,0.0294,1.0,-2.5046,0.0,0.0,True,both_converged
97080,28.5,1.2666,0.37186,0.36711,-0.2022,0.0407,1.0,-2.1436,0.0,0.0,True,1.6493,0.44105,0.4379,-0.343,0.0288,1.0,-2.4782,0.0,0.0,True,both_converged
97080,29.0,1.2804,0.37883,0.37414,-0.2053,0.0389,1.0,-2.2514,0.0,0.0,True,1.6621,0.44808,0.44498,-0.3493,0.0268,1.0,-2.4559,0.0,0.0,True,both_converged
97080,29.5,1.2921,0.38476,0.38008,-0.2127,0.0372,1.0,-2.1576,0.0,0.0,True,1.6725,0.45492,0.45188,-0.3535,0.0251,1.0,-2.5454,0.0,0.0,True,both_converged
97080,30.0,1.3046,0.39094,0.38631,-0.2178,0.035,1.0,-2.1758,0.0,0.0,True,1.6841,0.4624,0.45938,-0.3597,0.0245,1.0,-2.5185,0.0,0.0,True,both_converged
98503,-30.0,,,,,,,,,,False,,,,,,,,,,False,none_converged
98503,-29.5,,,,,,,,,,False,,,,,,,,,,False,none_converged
98503,-29.0,,,,,,,,,,False,,,,,,,,,,False,none_converged
98503,-28.5,,,,,,,,,,False,,,,,,,,,,False,none_converged
98503,-28.0,,,,,,,,,,False,,,,,,,,,,False,none_converged
98503,-27.5,,,,,,,,,,False,,,,,,,,,,False,none_converged
98503,-27.0,,,,,,,,,,False,,,,,,,,,,False,none_converged
98503,-26.5,-0.784,0.317,0.31118,0.0673,1.0,0.0301,-1.6054,0.0,0.0,True,-0.7705,0.31879,0.31278,0.0493,1.0,0.0213,-1.4063,0.0,0.0,True,both_converged
98503,-26.0,-0.7675,0.31158,0.30574,0.0628,1.0,0.0313,-1.5841,0.0,0.0,True,-0.7551,0.313,0.30697,0.0449,1.0,0.0219,-1.3599,0.0,0.0,True,both_converged
98503,-25.5,-0.7507,0.30614,0.30029,0.058,1.0,0.0326,-1.5817,0.0,0.0,True,-0.7393,0.30726,0.30121,0.0404,1.0,0.0225,-1.3211,0.0,0.0,True,both_converged
98503,-25.0,-0.7342,0.30135,0.29548,0.0525,1.0,0.0336,-1.625,0.0,0.0,True,-0.7233,0.30152,0.29545,0.036,1.0,0.0231,-1.3139,0.0,0.0,True,both_converged
98503,-24.5,-0.7177,0.29464,0.28877,0.0484,1.0,0.0344,-1.5937,0.0,0.0,True,-0.7072,0.29575,0.28966,0.0316,1.0,0.0237,-1.318,0.0,0.0,True,both_converged
98503,-24.0,-0.7007,0.28857,0.28268,0.0444,1.0,0.0359,-1.5464,0.0,0.0,True,-0.6908,0.28998,0.28388,0.0272,1.0,0.0242,-1.3267,0.0,0.0,True,both_converged
98503,-23.5,-0.6838,0.28263,0.27673,0.0399,1.0,0.0375,-1.5326,0.0,0.0,True,-0.6743,0.28437,0.27824,0.0228,1.0,0.0246,-1.3438,0.0,0.0,True,both_converged
98503,-23.0,-0.6679,0.27762,0.27171,0.0345,1.0,0.0386,-1.572,0.0,0.0,True,,,,,,,,,,False,baseline_only
98503,-22.5,-0.6507,0.27039,0.26448,0.0309,1.0,0.0393,-1.5378,0.0,0.0,True,,,,,,,,,,False,baseline_only
98503,-22.0,-0.6332,0.26412,0.2582,0.0273,1.0,0.0409,-1.505,0.0,0.0,True,-0.6259,0.26655,0.26041,0.0111,1.0,0.0255,-1.3289,0.0,0.0,True,both_converged
98503,-21.5,-0.6164,0.25807,0.25215,0.0231,1.0,0.0429,-1.5112,0.0,0.0,True,-0.6097,0.26067,0.25454,0.0076,1.0,0.0262,-1.3021,0.0,0.0,True,both_converged
98503,-21.0,,,,,,,,,,False,-0.5936,0.25485,0.24872,0.0041,1.0,0.027,-1.2841,0.0,0.0,True,optimised_only
98503,-20.5,,,,,,,,,,False,-0.5776,0.24908,0.24295,0.0006,1.0,0.0278,-1.2719,0.0,0.0,True,optimised_only
98503,-20.0,,,,,,,,,,False,-0.5617,0.24349,0.23737,-0.0028,1.0,0.0287,-1.2719,0.0,0.0,True,optimised_only
98503,-19.5,-0.2776,0.16071,0.15573,-0.0266,1.0,0.0551,-0.8547,0.0,0.0,True,,,,,,,,,,False,baseline_only
98503,-19.0,-0.2644,0.15497,0.15,-0.0283,1.0,0.0567,-0.8376,0.0,0.0,True,,,,,,,,,,False,baseline_only
98503,-18.5,-0.2531,0.15035,0.14539,-0.0303,1.0,0.0604,-0.8387,0.0,0.0,True,,,,,,,,,,False,baseline_only
98503,-18.0,-0.2451,0.14601,0.14107,-0.0325,1.0,0.0622,-0.8742,0.0,0.0,True,,,,,,,,,,False,baseline_only
98503,-17.5,-0.2319,0.14097,0.13604,-0.0336,1.0,0.0651,-0.8418,0.0,0.0,True,,,,,,,,,,False,baseline_only
98503,-17.0,-0.2286,0.13799,0.13309,-0.0359,1.0,0.0679,-0.8993,0.0,0.0,True,,,,,,,,,,False,baseline_only
98503,-16.5,-0.2145,0.13236,0.1275,-0.0362,1.0,0.0702,-0.8489,0.0,0.0,True,,,,,,,,,,False,baseline_only
98503,-16.0,-0.2094,0.129,0.12417,-0.0375,1.0,0.0743,-0.8659,0.0,0.0,True,,,,,,,,,,False,baseline_only
98503,-15.5,-0.1998,0.12444,0.11966,-0.0377,1.0,0.0773,-0.8484,0.0,0.0,True,,,,,,,,,,False,baseline_only
98503,-15.0,-0.1976,0.12145,0.11671,-0.0385,1.0,0.0815,-0.887,0.0,0.0,True,,,,,,,,,,False,baseline_only
98503,-14.5,-0.1905,0.11718,0.11251,-0.0381,1.0,0.0838,-0.8779,0.0,0.0,True,,,,,,,,,,False,baseline_only
98503,-14.0,-0.1885,0.11413,0.1095,-0.0378,1.0,0.0883,-0.8906,0.0,0.0,True,-0.4146,0.17819,0.17253,-0.0243,1.0,0.0396,-1.348,0.0,0.0,True,both_converged
98503,-13.5,-0.1869,0.11064,0.10608,-0.037,1.0,0.091,-0.8971,0.0,0.0,True,-0.4071,0.17327,0.16768,-0.024,1.0,0.0412,-1.3308,0.0,0.0,True,both_converged
98503,-13.0,-0.1914,0.1084,0.1039,-0.0364,1.0,0.0966,-0.9252,0.0,0.0,True,-0.402,0.1688,0.16327,-0.0237,1.0,0.0431,-1.3498,0.0,0.0,True,both_converged
98503,-12.5,-0.1871,0.10462,0.10021,-0.0342,1.0,0.1002,-0.8896,0.0,0.0,True,,,,,,,,,,False,baseline_only
98503,-12.0,-0.2015,0.10306,0.09871,-0.034,1.0,0.1047,-0.9668,0.0,0.0,True,-0.2777,0.12401,0.11984,-0.0136,1.0,0.05,-0.8956,0.0,0.0,True,both_converged
98503,-11.5,-0.1951,0.09901,0.09475,-0.031,1.0,0.1083,-0.9249,0.0,0.0,True,-0.2728,0.12009,0.11597,-0.0122,1.0,0.0523,-0.8628,0.0,0.0,True,both_converged
98503,-11.0,-0.2159,0.09756,0.09337,-0.0308,1.0,0.113,-1.0201,0.0,0.0,True,-0.272,0.11703,0.11295,-0.0117,1.0,0.0547,-0.8838,0.0,0.0,True,both_converged
98503,-10.5,-0.2081,0.09365,0.08955,-0.0272,1.0,0.1182,-0.9572,0.0,0.0,True,-0.2738,0.11414,0.11012,-0.0114,1.0,0.0557,-0.927,0.0,0.0,True,both_converged
98503,-10.0,-0.2231,0.09103,0.08702,-0.026,1.0,0.1231,-1.0083,0.0,0.0,True,-0.2672,0.10965,0.10568,-0.0097,1.0,0.0583,-0.8893,0.0,0.0,True,both_converged
98503,-9.5,-0.2338,0.08855,0.08462,-0.0241,1.0,0.1295,-1.0256,0.0,0.0,True,-0.2686,0.10666,0.10274,-0.0092,1.0,0.061,-0.9397,0.0,0.0,True,both_converged
98503,-9.0,-0.2402,0.08533,0.08148,-0.0217,1.0,0.1333,-1.0219,0.0,0.0,True,-0.2685,0.10289,0.09903,-0.0084,1.0,0.0624,-0.9724,0.0,0.0,True,both_converged
98503,-8.5,-0.2711,0.08274,0.07897,-0.0216,1.0,0.1392,-1.1259,0.0,0.0,True,-0.2653,0.09898,0.09517,-0.0069,1.0,0.0658,-0.9649,0.0,0.0,True,both_converged
98503,-8.0,-0.2569,0.07591,0.07211,-0.0254,0.994,0.148,-1.1172,0.0,0.0,True,-0.2777,0.09704,0.09328,-0.0073,1.0,0.068,-1.0759,0.0,0.0,True,both_converged
98503,-7.5,-0.2611,0.06904,0.06522,-0.0287,0.9886,0.1576,-1.1635,0.0,0.0,True,-0.2676,0.09164,0.08794,-0.0048,1.0,0.0722,-1.0133,0.0,0.0,True,both_converged
98503,-7.0,,,,,,,,,,False,-0.284,0.08929,0.08563,-0.0048,1.0,0.0747,-1.1237,0.0,0.0,True,optimised_only
98503,-6.5,-0.4607,0.08325,0.07894,-0.0212,1.0,0.154,-1.7572,0.0,0.0,True,-0.2761,0.08392,0.08033,-0.0023,1.0,0.0781,-1.0742,0.0,0.0,True,both_converged
98503,-6.0,-0.4723,0.07732,0.07305,-0.0222,1.0,0.1621,-1.7978,0.0,0.0,True,-0.2909,0.08042,0.07686,-0.0011,1.0,0.0814,-1.1474,0.0,0.0,True,both_converged
98503,-5.5,,,,,,,,,,False,,,,,,,,,,False,none_converged
98503,-5.0,-0.37,0.03456,0.02695,-0.0617,0.9893,0.1045,-2.5498,0.0,0.0,True,-0.3942,0.09988,0.09574,-0.0033,1.0,0.0804,-1.5944,0.0,0.0,True,both_converged
98503,-4.5,-0.2867,0.03077,0.02251,-0.0688,0.9771,0.1155,-2.3114,0.0,0.0,True,-0.371,0.09361,0.08953,-0.0076,1.0,0.0848,-1.5863,0.0,0.0,True,both_converged
98503,-4.0,-0.2031,0.02817,0.01926,-0.075,0.9637,0.1317,-2.0553,0.0,0.0,True,-0.3338,0.08682,0.08276,-0.0156,1.0,0.0916,-1.5723,0.0,0.0,True,both_converged
98503,-3.5,-0.1208,0.02653,0.01746,-0.0807,0.9495,0.1535,-1.7919,0.0,0.0,True,,,,,,,,,,False,baseline_only
98503,-3.0,-0.0417,0.02524,0.01609,-0.0855,0.9337,0.184,-1.5379,0.0,0.0,True,,,,,,,,,,False,baseline_only
98503,-2.5,0.0387,0.02411,0.01504,-0.0904,0.9185,0.2278,-1.2961,0.0,0.0,True,,,,,,,,,,False,baseline_only
98503,-2.0,0.1171,0.02299,0.01418,-0.0947,0.903,0.2915,-1.076,0.0,0.0,True,,,,,,,,,,False,baseline_only
98503,-1.5,0.1927,0.02172,0.01343,-0.0983,0.8871,0.3921,-0.8775,0.0,0.0,True,0.3819,0.03154,0.02396,-0.1664,1.0,0.1441,-1.358,0.0,0.0,True,both_converged
98503,-1.0,0.2537,0.0197,0.01306,-0.0976,0.8712,0.7472,-0.7164,0.0,0.0,True,0.5691,0.02903,0.02151,-0.1903,0.9636,0.2503,-0.7973,0.0,0.0,True,both_converged
98503,-0.5,0.342,0.01902,0.01227,-0.1022,0.855,1.0,-0.6476,0.0,0.0,True,0.7649,0.02078,0.01357,-0.2088,0.877,0.3694,-1.01,0.0,0.0,True,both_converged
98503,0.0,0.4111,0.01875,0.01166,-0.104,0.8367,1.0,-0.697,0.0,0.0,True,0.8233,0.02147,0.01158,-0.2043,0.343,0.4196,-1.1189,0.0,0.0,True,both_converged
98503,0.5,0.477,0.01849,0.01115,-0.105,0.818,1.0,-0.7468,0.0,0.0,True,0.8733,0.0227,0.01242,-0.2024,0.3068,0.464,-1.2234,0.0,0.0,True,both_converged
98503,1.0,0.5416,0.01822,0.01067,-0.1056,0.7994,1.0,-0.7983,0.0,0.0,True,0.9316,0.02382,0.01321,-0.2022,0.2817,0.5098,-1.3418,0.0,0.0,True,both_converged
98503,1.5,0.604,0.01802,0.0103,-0.1058,0.7802,1.0,-0.8508,0.0,0.0,True,0.9907,0.02501,0.01416,-0.2023,0.2625,0.5573,-1.4709,0.0,0.0,True,both_converged
98503,2.0,0.6607,0.01809,0.01024,-0.1052,0.7586,1.0,-0.9022,0.0,0.0,True,1.0482,0.02612,0.01516,-0.2021,0.246,0.608,-1.6022,0.0,0.0,True,both_converged
98503,2.5,0.7158,0.01829,0.01034,-0.1044,0.7368,1.0,-0.9555,0.0,0.0,True,1.1054,0.02731,0.01629,-0.2019,0.2322,0.6705,-1.7419,0.0,0.0,True,both_converged
98503,3.0,0.77,0.0186,0.01059,-0.1036,0.7149,1.0,-1.0127,0.0,0.0,True,1.1574,0.02812,0.0175,-0.2007,0.2205,1.0,-1.8808,0.0,0.0,True,both_converged
98503,3.5,0.8239,0.01899,0.01092,-0.1027,0.6933,1.0,-1.0777,0.0,0.0,True,1.2177,0.03019,0.01938,-0.2014,0.2089,1.0,-2.0348,0.0,0.0,True,both_converged
98503,4.0,0.8797,0.01936,0.01124,-0.1021,0.6729,1.0,-1.1737,0.0,0.0,True,1.2735,0.03235,0.02151,-0.2011,0.1984,1.0,-2.1953,0.0,0.0,True,both_converged
98503,4.5,0.9323,0.01989,0.01176,-0.1011,0.6511,1.0,-1.3015,0.0,0.0,True,1.3268,0.03468,0.02398,-0.2002,0.1889,1.0,-2.3517,0.0,0.0,True,both_converged
98503,5.0,0.9823,0.02057,0.0125,-0.0997,0.6286,1.0,-1.4525,0.0,0.0,True,1.3771,0.03746,0.02713,-0.1986,0.1799,1.0,-2.5076,0.0,0.0,True,both_converged
98503,5.5,1.0335,0.02118,0.01316,-0.0985,0.606,1.0,-1.6305,0.0,0.0,True,1.4246,0.04079,0.0309,-0.1967,0.1714,1.0,-2.6575,0.0,0.0,True,both_converged
98503,6.0,1.0847,0.02167,0.01369,-0.097,0.5818,1.0,-1.8343,0.0,0.0,True,1.4686,0.0448,0.03537,-0.1942,0.1644,1.0,-2.8049,0.0,0.0,True,both_converged
98503,6.5,1.1334,0.02207,0.01414,-0.0951,0.554,1.0,-2.0562,0.0,0.0,True,1.5128,0.04816,0.03888,-0.1922,0.1578,1.0,-2.9865,0.0,0.0,True,both_converged
98503,7.0,1.1811,0.02237,0.01446,-0.0928,0.5241,1.0,-2.2966,0.0,0.0,True,1.54,0.05473,0.04646,-0.1871,0.1518,1.0,-3.0628,0.0,0.0,True,both_converged
98503,7.5,1.2284,0.02262,0.01471,-0.0905,0.493,1.0,-2.5623,0.0,0.0,True,1.5665,0.06085,0.05312,-0.1826,0.1471,1.0,-3.1744,0.0,0.0,True,both_converged
98503,8.0,1.2665,0.02303,0.01526,-0.0869,0.4576,1.0,-2.8166,0.0,0.0,True,1.5647,0.07121,0.06451,-0.1747,0.145,1.0,-3.1475,0.0,0.0,True,both_converged
98503,8.5,1.3008,0.02344,0.01577,-0.0827,0.418,1.0,-3.0809,0.0,0.0,True,1.5513,0.08243,0.07647,-0.1669,0.1466,1.0,-3.0945,0.0,0.0,True,both_converged
98503,9.0,1.3252,0.02411,0.01651,-0.077,0.3701,1.0,-3.3198,0.0,0.0,True,1.5557,0.09197,0.08631,-0.162,0.1489,1.0,-3.1452,0.0,0.0,True,both_converged
98503,9.5,1.3347,0.02541,0.01772,-0.0694,0.3068,1.0,-3.5214,0.0,0.0,True,,,,,,,,,,False,baseline_only
98503,10.0,1.324,0.02809,0.01997,-0.0597,0.2354,1.0,-3.6551,0.0,0.0,True,,,,,,,,,,False,baseline_only
98503,10.5,1.3127,0.03208,0.02348,-0.0518,0.1815,1.0,-3.7717,0.0,0.0,True,1.2435,0.15615,0.15155,-0.1719,0.182,1.0,-1.9585,0.0,0.0,True,both_converged
98503,11.0,1.3115,0.03622,0.02726,-0.0461,0.1484,1.0,-3.915,0.0,0.0,True,1.2358,0.16688,0.16228,-0.1757,0.1743,1.0,-1.9232,0.0,0.0,True,both_converged
98503,11.5,1.3221,0.04007,0.031,-0.042,0.1248,1.0,-4.0903,0.0,0.0,True,,,,,,,,,,False,baseline_only
98503,12.0,1.3433,0.04367,0.0345,-0.0388,0.1077,1.0,-4.3111,0.0,0.0,True,1.24,0.18551,0.18096,-0.1815,0.1602,1.0,-1.9146,0.0,0.0,True,both_converged
98503,12.5,1.3729,0.04721,0.03803,-0.0364,0.0945,1.0,-4.5736,0.0,0.0,True,1.2368,0.19534,0.1908,-0.1868,0.153,1.0,-1.8636,0.0,0.0,True,both_converged
98503,13.0,1.4043,0.05099,0.04193,-0.0342,0.0845,1.0,-4.8359,0.0,0.0,True,1.2689,0.20342,0.19896,-0.1828,0.1487,1.0,-2.0248,0.0,0.0,True,both_converged
98503,13.5,1.4331,0.05527,0.04642,-0.0322,0.0771,1.0,-5.0811,0.0,0.0,True,1.2538,0.21237,0.20789,-0.1928,0.1412,1.0,-1.8903,0.0,0.0,True,both_converged
98503,14.0,1.448,0.06058,0.05215,-0.0296,0.0722,1.0,-5.2559,0.0,0.0,True,1.2567,0.2212,0.21676,-0.1984,0.1352,1.0,-1.847,0.0,0.0,True,both_converged
98503,14.5,1.4653,0.06577,0.05754,-0.0276,0.0675,1.0,-5.4925,0.0,0.0,True,1.2826,0.22977,0.22542,-0.1965,0.1307,1.0,-1.9806,0.0,0.0,True,both_converged
98503,15.0,1.4338,0.07348,0.06598,-0.0243,0.0661,1.0,-5.4672,0.0,0.0,True,1.277,0.23734,0.23297,-0.2062,0.1247,1.0,-1.8646,0.0,0.0,True,both_converged
98503,15.5,1.3978,0.08265,0.07577,-0.0232,0.0652,1.0,-5.4077,0.0,0.0,True,1.2905,0.24578,0.24146,-0.2091,0.1206,1.0,-1.8898,0.0,0.0,True,both_converged
98503,16.0,1.3488,0.09407,0.08778,-0.0247,0.0651,1.0,-5.2651,0.0,0.0,True,1.3019,0.25309,0.24883,-0.2136,0.1148,1.0,-1.8983,0.0,0.0,True,both_converged
98503,16.5,1.2857,0.10905,0.10332,-0.0303,0.0659,1.0,-5.0111,0.0,0.0,True,1.3121,0.26135,0.25713,-0.2189,0.1113,1.0,-1.8849,0.0,0.0,True,both_converged
98503,17.0,1.2153,0.12848,0.12319,-0.0409,0.0673,1.0,-4.6508,0.0,0.0,True,1.329,0.26894,0.26479,-0.221,0.1057,1.0,-1.9479,0.0,0.0,True,both_converged
98503,17.5,,,,,,,,,,False,1.3375,0.27658,0.27245,-0.2282,0.1022,1.0,-1.9263,0.0,0.0,True,optimised_only
98503,18.0,,,,,,,,,,False,1.3545,0.28432,0.28029,-0.2305,0.0978,1.0,-2.1304,0.0,0.0,True,optimised_only
98503,18.5,,,,,,,,,,False,1.3651,0.2915,0.2875,-0.2376,0.0938,1.0,-2.1793,0.0,0.0,True,optimised_only
98503,19.0,,,,,,,,,,False,1.3823,0.29917,0.29525,-0.2399,0.09,1.0,-2.3983,0.0,0.0,True,optimised_only
98503,19.5,,,,,,,,,,False,1.3943,0.30589,0.30201,-0.2472,0.087,1.0,-2.4389,0.0,0.0,True,optimised_only
98503,20.0,,,,,,,,,,False,1.4112,0.31336,0.30958,-0.2497,0.0826,1.0,-2.6559,0.0,0.0,True,optimised_only
98503,20.5,,,,,,,,,,False,1.4238,0.31998,0.31624,-0.2571,0.0799,1.0,-2.6821,0.0,0.0,True,optimised_only
98503,21.0,,,,,,,,,,False,1.4398,0.32723,0.32358,-0.2604,0.0756,1.0,-2.8617,0.0,0.0,True,optimised_only
98503,21.5,0.6697,0.20884,0.2044,-0.072,0.091,1.0,-1.093,0.0,0.0,True,1.4531,0.33422,0.33062,-0.2674,0.0724,1.0,-2.8796,0.0,0.0,True,both_converged
98503,22.0,,,,,,,,,,False,,,,,,,,,,False,none_converged
98503,22.5,,,,,,,,,,False,1.4828,0.34876,0.3453,-0.2776,0.0634,1.0,-2.9981,0.0,0.0,True,optimised_only
98503,23.0,,,,,,,,,,False,1.4976,0.35654,0.35313,-0.2832,0.0575,1.0,-2.9562,0.0,0.0,True,optimised_only
98503,23.5,,,,,,,,,,False,1.5129,0.36437,0.36099,-0.2878,0.0504,1.0,-2.9002,0.0,0.0,True,optimised_only
98503,24.0,0.7083,0.24374,0.23947,-0.0853,0.0691,1.0,-1.0933,0.0,0.0,True,1.5278,0.37218,0.36882,-0.2931,0.0446,1.0,-2.8154,0.0,0.0,True,both_converged
98503,24.5,0.7136,0.25113,0.24689,-0.0884,0.0659,1.0,-1.0758,0.0,0.0,True,1.5425,0.38052,0.37715,-0.2998,0.042,1.0,-2.6702,0.0,0.0,True,both_converged
98503,25.0,,,,,,,,,,False,1.5567,0.38814,0.38482,-0.3035,0.039,1.0,-2.7016,0.0,0.0,True,optimised_only
98503,25.5,,,,,,,,,,False,1.571,0.3961,0.39278,-0.3106,0.0376,1.0,-2.5711,0.0,0.0,True,optimised_only
98503,26.0,,,,,,,,,,False,1.585,0.40344,0.40017,-0.3161,0.0351,1.0,-2.5366,0.0,0.0,True,optimised_only
98503,26.5,,,,,,,,,,False,1.5977,0.41209,0.40885,-0.3189,0.0337,1.0,-2.6125,0.0,0.0,True,optimised_only
98503,27.0,,,,,,,,,,False,1.612,0.41875,0.41552,-0.3272,0.0325,1.0,-2.452,0.0,0.0,True,optimised_only
98503,27.5,,,,,,,,,,False,1.625,0.42597,0.42279,-0.3326,0.0304,1.0,-2.4344,0.0,0.0,True,optimised_only
98503,28.0,,,,,,,,,,False,1.6361,0.43442,0.4313,-0.3355,0.0292,1.0,-2.561,0.0,0.0,True,optimised_only
98503,28.5,,,,,,,,,,False,1.6499,0.44092,0.43779,-0.3436,0.0283,1.0,-2.4533,0.0,0.0,True,optimised_only
98503,29.0,,,,,,,,,,False,1.662,0.44795,0.44486,-0.3492,0.0262,1.0,-2.4664,0.0,0.0,True,optimised_only
98503,29.5,,,,,,,,,,False,1.6715,0.45618,0.45317,-0.352,0.0249,1.0,-2.6114,0.0,0.0,True,optimised_only
98503,30.0,1.3047,0.39078,0.38618,-0.2175,0.0345,1.0,-2.1979,0.0,0.0,True,1.6847,0.46251,0.4595,-0.3601,0.0242,1.0,-2.4945,0.0,0.0,True,both_converged
99459,-30.0,,,,,,,,,,False,,,,,,,,,,False,none_converged
99459,-29.5,,,,,,,,,,False,-0.8623,0.35112,0.34531,0.0793,1.0,0.0191,-1.4654,0.0,0.0,True,optimised_only
99459,-29.0,,,,,,,,,,False,-0.8475,0.34591,0.34006,0.0741,1.0,0.0198,-1.4536,0.0,0.0,True,optimised_only
99459,-28.5,-0.8478,0.33837,0.33265,0.0871,1.0,0.0267,-1.6537,0.0,0.0,True,-0.8324,0.34063,0.33475,0.069,1.0,0.0203,-1.4525,0.0,0.0,True,both_converged
99459,-28.0,-0.8321,0.33311,0.32737,0.0821,1.0,0.0279,-1.6345,0.0,0.0,True,-0.8168,0.3355,0.32959,0.0639,1.0,0.0206,-1.4528,0.0,0.0,True,both_converged
99459,-27.5,-0.816,0.32808,0.32232,0.0768,1.0,0.0288,-1.6374,0.0,0.0,True,-0.801,0.33041,0.32446,0.0587,1.0,0.0208,-1.456,0.0,0.0,True,both_converged
99459,-27.0,,,,,,,,,,False,,,,,,,,,,False,none_converged
99459,-26.5,-0.784,0.31702,0.31123,0.0672,1.0,0.0298,-1.6157,0.0,0.0,True,,,,,,,,,,False,baseline_only
99459,-26.0,-0.7675,0.31154,0.30573,0.0627,1.0,0.0309,-1.5871,0.0,0.0,True,,,,,,,,,,False,baseline_only
99459,-25.5,-0.7508,0.30611,0.30028,0.058,1.0,0.0323,-1.579,0.0,0.0,True,,,,,,,,,,False,baseline_only
99459,-25.0,-0.734,0.30089,0.29505,0.0528,1.0,0.0335,-1.6058,0.0,0.0,True,,,,,,,,,,False,baseline_only
99459,-24.5,-0.7178,0.29487,0.28903,0.0481,1.0,0.0341,-1.6109,0.0,0.0,True,,,,,,,,,,False,baseline_only
99459,-24.0,-0.7007,0.28853,0.28267,0.0444,1.0,0.0355,-1.5504,0.0,0.0,True,,,,,,,,,,False,baseline_only
99459,-23.5,-0.6838,0.28257,0.2767,0.04,1.0,0.0371,-1.5298,0.0,0.0,True,-0.6744,0.28424,0.27815,0.0229,1.0,0.0245,-1.3352,0.0,0.0,True,both_converged
99459,-23.0,-0.6674,0.27709,0.27121,0.0349,1.0,0.0384,-1.5516,0.0,0.0,True,-0.6579,0.27879,0.27269,0.0185,1.0,0.0247,-1.3581,0.0,0.0,True,both_converged
99459,-22.5,-0.651,0.27065,0.26478,0.0306,1.0,0.0391,-1.5565,0.0,0.0,True,,,,,,,,,,False,baseline_only
99459,-22.0,-0.6333,0.26408,0.25819,0.0273,1.0,0.0405,-1.5093,0.0,0.0,True,,,,,,,,,,False,baseline_only
99459,-21.5,-0.6163,0.25798,0.25209,0.0232,1.0,0.0425,-1.506,0.0,0.0,True,-0.6097,0.26065,0.25454,0.0075,1.0,0.0259,-1.3077,0.0,0.0,True,both_converged
99459,-21.0,,,,,,,,,,False,-0.5936,0.25481,0.24871,0.0041,1.0,0.0267,-1.2862,0.0,0.0,True,optimised_only
99459,-20.5,-0.583,0.24541,0.23951,0.0152,1.0,0.0455,-1.5049,0.0,0.0,True,-0.5775,0.24904,0.24294,0.0006,1.0,0.0275,-1.2712,0.0,0.0,True,both_converged
99459,-20.0,-0.5661,0.23927,0.23337,0.0115,1.0,0.0479,-1.4874,0.0,0.0,True,-0.5617,0.24337,0.23727,-0.0027,1.0,0.0284,-1.2649,0.0,0.0,True,both_converged
99459,-19.5,-0.5537,0.23467,0.22878,0.0059,1.0,0.0495,-1.5645,0.0,0.0,True,-0.5463,0.23827,0.23219,-0.0064,1.0,0.029,-1.2854,0.0,0.0,True,both_converged
99459,-19.0,-0.5341,0.22654,0.22065,0.0039,1.0,0.0509,-1.4767,0.0,0.0,True,-0.5315,0.23237,0.22632,-0.0093,1.0,0.0294,-1.2903,0.0,0.0,True,both_converged
99459,-18.5,-0.5174,0.22032,0.21444,0.0007,1.0,0.0534,-1.4464,0.0,0.0,True,-0.5165,0.22609,0.22005,-0.0114,1.0,0.0303,-1.2533,0.0,0.0,True,both_converged
99459,-18.0,-0.5079,0.21591,0.21005,-0.0048,1.0,0.0554,-1.5554,0.0,0.0,True,-0.502,0.22044,0.21443,-0.0138,1.0,0.0314,-1.2507,0.0,0.0,True,both_converged
99459,-17.5,-0.4866,0.20762,0.20176,-0.0061,1.0,0.0577,-1.4618,0.0,0.0,True,-0.4882,0.21493,0.20895,-0.0161,1.0,0.0326,-1.2644,0.0,0.0,True,both_converged
99459,-17.0,-0.4742,0.20206,0.19621,-0.0102,1.0,0.0612,-1.5043,0.0,0.0,True,-0.4755,0.20987,0.20391,-0.0185,1.0,0.0335,-1.3077,0.0,0.0,True,both_converged
99459,-16.5,-0.4582,0.19495,0.18912,-0.0127,1.0,0.0628,-1.4828,0.0,0.0,True,-0.4652,0.20547,0.19958,-0.021,1.0,0.0338,-1.3743,0.0,0.0,True,both_converged
99459,-16.0,-0.4426,0.18863,0.1828,-0.0153,1.0,0.0661,-1.4555,0.0,0.0,True,-0.4517,0.1986,0.19274,-0.0213,1.0,0.0348,-1.3092,0.0,0.0,True,both_converged
99459,-15.5,-0.4367,0.18324,0.17746,-0.0199,1.0,0.0683,-1.5358,0.0,0.0,True,-0.4406,0.19333,0.18752,-0.0223,1.0,0.0362,-1.3011,0.0,0.0,True,both_converged
99459,-15.0,-0.416,0.17579,0.17,-0.0207,1.0,0.0714,-1.4386,0.0,0.0,True,-0.4307,0.18828,0.18252,-0.0233,1.0,0.0377,-1.3172,0.0,0.0,True,both_converged
99459,-14.5,-0.4152,0.17097,0.16524,-0.0255,1.0,0.075,-1.5461,0.0,0.0,True,-0.4239,0.18415,0.17845,-0.0247,1.0,0.0386,-1.3816,0.0,0.0,True,both_converged
99459,-14.0,-0.3919,0.16321,0.15747,-0.0257,1.0,0.0792,-1.45,0.0,0.0,True,-0.4152,0.17835,0.17272,-0.0245,1.0,0.0393,-1.3658,0.0,0.0,True,both_converged
99459,-13.5,-0.3916,0.1577,0.15202,-0.0299,1.0,0.0823,-1.5477,0.0,0.0,True,-0.4072,0.17323,0.16766,-0.024,1.0,0.0408,-1.3347,0.0,0.0,True,both_converged
99459,-13.0,-0.371,0.15052,0.14484,-0.0302,1.0,0.0863,-1.4665,0.0,0.0,True,-0.4017,0.16863,0.16314,-0.0236,1.0,0.0426,-1.3418,0.0,0.0,True,both_converged
99459,-12.5,-0.372,0.14473,0.13911,-0.0339,1.0,0.0899,-1.5506,0.0,0.0,True,-0.4018,0.16543,0.16001,-0.0239,1.0,0.0439,-1.4228,0.0,0.0,True,both_converged
99459,-12.0,-0.3556,0.1382,0.13261,-0.0344,1.0,0.0956,-1.4868,0.0,0.0,True,-0.3946,0.15946,0.15412,-0.0219,1.0,0.0453,-1.3621,0.0,0.0,True,both_converged
99459,-11.5,-0.3468,0.13182,0.12628,-0.0357,1.0,0.1,-1.474,0.0,0.0,True,-0.3915,0.1551,0.14984,-0.0205,1.0,0.0477,-1.3518,0.0,0.0,True,both_converged
99459,-11.0,,,,,,,,,,False,-0.3942,0.1519,0.14673,-0.02,1.0,0.0493,-1.4195,0.0,0.0,True,optimised_only
99459,-10.5,-0.3366,0.11992,0.1145,-0.038,1.0,0.1103,-1.5036,0.0,0.0,True,-0.3907,0.14658,0.1415,-0.018,1.0,0.0504,-1.3921,0.0,0.0,True,both_converged
99459,-10.0,-0.3408,0.11409,0.10878,-0.0392,1.0,0.1148,-1.5564,0.0,0.0,True,-0.3883,0.14212,0.13712,-0.016,1.0,0.0526,-1.3634,0.0,0.0,True,both_converged
99459,-9.5,-0.3555,0.1095,0.10433,-0.0403,1.0,0.1214,-1.6342,0.0,0.0,True,-0.3914,0.13857,0.13365,-0.0148,1.0,0.0549,-1.404,0.0,0.0,True,both_converged
99459,-9.0,-0.3448,0.1039,0.09881,-0.0376,1.0,0.1284,-1.5651,0.0,0.0,True,-0.3942,0.13441,0.12959,-0.0133,1.0,0.0559,-1.455,0.0,0.0,True,both_converged
99459,-8.5,-0.3567,0.09908,0.09414,-0.0353,1.0,0.1333,-1.5884,0.0,0.0,True,-0.3907,0.12958,0.12484,-0.0107,1.0,0.0584,-1.4251,0.0,0.0,True,both_converged
99459,-8.0,-0.3972,0.09612,0.09141,-0.0318,1.0,0.1389,-1.6907,0.0,0.0,True,-0.3972,0.12628,0.12163,-0.0091,1.0,0.061,-1.4878,0.0,0.0,True,both_converged
99459,-7.5,,,,,,,,,,False,,,,,,,,,,False,none_converged
99459,-7.0,,,,,,,,,,False,-0.4043,0.11799,0.11354,-0.0036,1.0,0.0649,-1.5115,0.0,0.0,True,optimised_only
99459,-6.5,-0.4626,0.08296,0.07867,-0.0216,1.0,0.1524,-1.7688,0.0,0.0,True,-0.4206,0.1156,0.11126,-0.0011,1.0,0.0676,-1.5952,0.0,0.0,True,both_converged
99459,-6.0,,,,,,,,,,False,-0.4162,0.11027,0.10602,0.0008,1.0,0.0705,-1.5706,0.0,0.0,True,optimised_only
99459,-5.5,-0.4465,0.05401,0.04888,-0.0468,0.9957,0.1202,-2.2632,0.0,0.0,True,,,,,,,,,,False,baseline_only
99459,-5.0,,,,,,,,,,False,-0.3063,0.07124,0.06785,0.0043,1.0,0.0863,-1.1723,0.0,0.0,True,optimised_only
99459,-4.5,-0.2826,0.03047,0.02217,-0.0695,0.9761,0.1152,-2.3107,0.0,0.0,True,-0.3702,0.09345,0.08939,-0.0083,1.0,0.084,-1.5973,0.0,0.0,True,both_converged
99459,-4.0,-0.1994,0.02796,0.01905,-0.0756,0.9628,0.1315,-2.0511,0.0,0.0,True,-0.3316,0.08658,0.08254,-0.0168,1.0,0.091,-1.5847,0.0,0.0,True,both_converged
99459,-3.5,-0.1188,0.02636,0.0173,-0.081,0.948,0.1531,-1.79,0.0,0.0,True,-0.2859,0.07987,0.07582,-0.0247,1.0,0.1006,-1.5164,0.0,0.0,True,both_converged
99459,-3.0,-0.0379,0.02506,0.01593,-0.0861,0.933,0.1841,-1.5322,0.0,0.0,True,-0.2139,0.07213,0.06805,-0.0399,1.0,0.1153,-1.441,0.0,0.0,True,both_converged
99459,-2.5,0.0426,0.02392,0.01487,-0.091,0.9181,0.2283,-1.2896,0.0,0.0,True,,,,,,,,,,False,baseline_only
99459,-2.0,0.1149,0.02292,0.01411,-0.0942,0.9003,0.2896,-1.0807,0.0,0.0,True,0.2998,0.03268,0.02551,-0.1608,1.0,0.1099,-1.6616,0.0,0.0,True,both_converged
99459,-1.5,0.1964,0.02151,0.01326,-0.0988,0.8869,0.3936,-0.8718,0.0,0.0,True,0.3831,0.03144,0.02387,-0.1667,1.0,0.1437,-1.3584,0.0,0.0,True,both_converged
99459,-1.0,0.2564,0.01949,0.01289,-0.0979,0.8709,0.7536,-0.7125,0.0,0.0,True,0.5816,0.0286,0.02108,-0.1925,0.9608,0.2558,-0.7749,0.0,0.0,True,both_converged
99459,-0.5,0.345,0.01882,0.01209,-0.1025,0.8546,1.0,-0.6497,0.0,0.0,True,0.7653,0.02057,0.01338,-0.2087,0.8732,0.3685,-1.0105,0.0,0.0,True,both_converged
99459,0.0,0.4136,0.01855,0.01149,-0.1042,0.8362,1.0,-0.6989,0.0,0.0,True,0.8242,0.02143,0.01152,-0.2045,0.3408,0.4188,-1.12,0.0,0.0,True,both_converged
99459,0.5,0.4787,0.01829,0.01098,-0.1051,0.8173,1.0,-0.7482,0.0,0.0,True,0.8742,0.02264,0.01236,-0.2026,0.3053,0.4627,-1.2249,0.0,0.0,True,both_converged
99459,1.0,0.5418,0.01807,0.01056,-0.1055,0.7981,1.0,-0.7987,0.0,0.0,True,0.9323,0.02377,0.01315,-0.2024,0.2805,0.5086,-1.3432,0.0,0.0,True,both_converged
99459,1.5,0.6052,0.01784,0.01015,-0.1058,0.7793,1.0,-0.852,0.0,0.0,True,0.9908,0.02492,0.01411,-0.2024,0.2613,0.5552,-1.4716,0.0,0.0,True,both_converged
99459,2.0,0.6627,0.01787,0.01005,-0.1053,0.7581,1.0,-0.9041,0.0,0.0,True,1.0485,0.02606,0.01509,-0.2022,0.2451,0.6058,-1.6038,0.0,0.0,True,both_converged
99459,2.5,0.7176,0.01808,0.01015,-0.1045,0.7361,1.0,-0.9573,0.0,0.0,True,1.1059,0.02728,0.01624,-0.2021,0.2315,0.6678,-1.7445,0.0,0.0,True,both_converged
99459,3.0,0.7715,0.0184,0.01041,-0.1036,0.714,1.0,-1.0143,0.0,0.0,True,1.1573,0.02804,0.01744,-0.2007,0.2197,1.0,-1.8818,0.0,0.0,True,both_converged
99459,3.5,0.8249,0.01882,0.01077,-0.1027,0.6923,1.0,-1.079,0.0,0.0,True,1.2173,0.03006,0.01933,-0.2013,0.2081,1.0,-2.034,0.0,0.0,True,both_converged
99459,4.0,0.8793,0.01924,0.01116,-0.1019,0.6713,1.0,-1.1735,0.0,0.0,True,1.273,0.03221,0.02147,-0.201,0.1976,1.0,-2.1938,0.0,0.0,True,both_converged
99459,4.5,0.934,0.01969,0.01157,-0.1012,0.6503,1.0,-1.3045,0.0,0.0,True,1.3272,0.03456,0.02382,-0.2003,0.1884,1.0,-2.3567,0.0,0.0,True,both_converged
99459,5.0,0.9836,0.02038,0.01232,-0.0998,0.6276,1.0,-1.4552,0.0,0.0,True,1.3775,0.03721,0.02683,-0.1988,0.1793,1.0,-2.5145,0.0,0.0,True,both_converged
99459,5.5,1.0341,0.02101,0.01302,-0.0984,0.6048,1.0,-1.6324,0.0,0.0,True,1.425,0.04048,0.03055,-0.1968,0.1708,1.0,-2.6645,0.0,0.0,True,both_converged
99459,6.0,1.0848,0.02153,0.01356,-0.097,0.5804,1.0,-1.8353,0.0,0.0,True,1.4688,0.04455,0.03514,-0.1943,0.1636,1.0,-2.8089,0.0,0.0,True,both_converged
99459,6.5,1.1338,0.02191,0.01399,-0.095,0.5527,1.0,-2.0583,0.0,0.0,True,1.5112,0.04827,0.03914,-0.1919,0.157,1.0,-2.976,0.0,0.0,True,both_converged
99459,7.0,1.182,0.02219,0.01428,-0.0929,0.523,1.0,-2.3004,0.0,0.0,True,1.543,0.05385,0.04547,-0.1876,0.1509,1.0,-3.0873,0.0,0.0,True,both_converged
99459,7.5,1.2276,0.02251,0.01464,-0.0904,0.4916,1.0,-2.5609,0.0,0.0,True,1.5649,0.06095,0.05331,-0.1824,0.1465,1.0,-3.1658,0.0,0.0,True,both_converged
99459,8.0,1.2672,0.02288,0.0151,-0.0869,0.4566,1.0,-2.8199,0.0,0.0,True,1.5666,0.07066,0.06397,-0.1749,0.1439,1.0,-3.16,0.0,0.0,True,both_converged
99459,8.5,1.3012,0.0233,0.01563,-0.0827,0.417,1.0,-3.0835,0.0,0.0,True,1.5493,0.08251,0.07661,-0.1667,0.1461,1.0,-3.0857,0.0,0.0,True,both_converged
99459,9.0,1.3252,0.02399,0.0164,-0.077,0.3689,1.0,-3.3213,0.0,0.0,True,1.5516,0.09222,0.08662,-0.1616,0.149,1.0,-3.1271,0.0,0.0,True,both_converged
99459,9.5,1.3347,0.02531,0.01762,-0.0694,0.3055,1.0,-3.523,0.0,0.0,True,,,,,,,,,,False,baseline_only
99459,10.0,1.324,0.02801,0.01989,-0.0597,0.2341,1.0,-3.6568,0.0,0.0,True,,,,,,,,,,False,baseline_only
99459,10.5,1.3127,0.032,0.02341,-0.0519,0.1804,1.0,-3.7738,0.0,0.0,True,0.8469,0.12639,0.12223,-0.1267,0.1953,1.0,-1.1665,0.0,0.0,True,both_converged
99459,11.0,1.3116,0.03614,0.02721,-0.0462,0.1472,1.0,-3.9166,0.0,0.0,True,0.855,0.13329,0.12914,-0.1279,0.1867,1.0,-1.1845,0.0,0.0,True,both_converged
99459,11.5,1.322,0.03999,0.03092,-0.042,0.1241,1.0,-4.0926,0.0,0.0,True,0.8738,0.13992,0.13579,-0.1279,0.1785,1.0,-1.2409,0.0,0.0,True,both_converged
99459,12.0,1.343,0.04357,0.03441,-0.0388,0.1071,1.0,-4.3135,0.0,0.0,True,0.8619,0.1468,0.14267,-0.132,0.1697,1.0,-1.1694,0.0,0.0,True,both_converged
99459,12.5,1.3714,0.04713,0.03798,-0.0363,0.0941,1.0,-4.5712,0.0,0.0,True,0.8596,0.15377,0.14966,-0.1351,0.1621,1.0,-1.1373,0.0,0.0,True,both_converged
99459,13.0,1.4035,0.05083,0.04177,-0.0342,0.0841,1.0,-4.839,0.0,0.0,True,0.8718,0.16108,0.15699,-0.1364,0.1573,1.0,-1.1624,0.0,0.0,True,both_converged
99459,13.5,1.4336,0.05504,0.04617,-0.0323,0.0766,1.0,-5.091,0.0,0.0,True,0.8852,0.16776,0.16371,-0.1375,0.1493,1.0,-1.1954,0.0,0.0,True,both_converged
99459,14.0,1.4468,0.06037,0.05195,-0.0295,0.0717,1.0,-5.2574,0.0,0.0,True,0.8776,0.17434,0.17031,-0.1418,0.1427,1.0,-1.1288,0.0,0.0,True,both_converged
99459,14.5,1.4611,0.06565,0.05746,-0.0274,0.0673,1.0,-5.479,0.0,0.0,True,0.8899,0.1819,0.1779,-0.1433,0.1387,1.0,-1.1565,0.0,0.0,True,both_converged
99459,15.0,1.4325,0.07329,0.06581,-0.0243,0.0657,1.0,-5.4675,0.0,0.0,True,0.8983,0.18844,0.18449,-0.1453,0.1313,1.0,-1.1661,0.0,0.0,True,both_converged
99459,15.5,1.3996,0.08225,0.07537,-0.0232,0.0647,1.0,-5.4244,0.0,0.0,True,0.8972,0.19557,0.19166,-0.1492,0.1264,1.0,-1.1172,0.0,0.0,True,both_converged
99459,16.0,1.3517,0.09353,0.08724,-0.0246,0.0646,1.0,-5.2882,0.0,0.0,True,0.9207,0.20392,0.20007,-0.1487,0.1218,1.0,-1.217,0.0,0.0,True,both_converged
99459,16.5,1.2855,0.1089,0.1032,-0.0304,0.0654,1.0,-5.0152,0.0,0.0,True,0.9128,0.20988,0.20605,-0.1538,0.1158,1.0,-1.1255,0.0,0.0,True,both_converged
99459,17.0,1.2099,0.12937,0.12414,-0.0418,0.0671,1.0,-4.618,0.0,0.0,True,0.926,0.21806,0.21429,-0.1551,0.1128,1.0,-1.1642,0.0,0.0,True,both_converged
99459,17.5,,,,,,,,,,False,0.9276,0.22475,0.22103,-0.1586,0.1071,1.0,-1.1318,0.0,0.0,True,optimised_only
99459,18.0,,,,,,,,,,False,0.9351,0.23263,0.22895,-0.1611,0.1036,1.0,-1.1308,0.0,0.0,True,optimised_only
99459,18.5,,,,,,,,,,False,0.9427,0.23996,0.23635,-0.1635,0.0986,1.0,-1.1363,0.0,0.0,True,optimised_only
99459,19.0,,,,,,,,,,False,0.9496,0.24819,0.24463,-0.1661,0.096,1.0,-1.1578,0.0,0.0,True,optimised_only
99459,19.5,,,,,,,,,,False,0.957,0.2556,0.25211,-0.1684,0.0906,1.0,-1.253,0.0,0.0,True,optimised_only
99459,20.0,,,,,,,,,,False,0.9633,0.26408,0.26064,-0.1711,0.0884,1.0,-1.3277,0.0,0.0,True,optimised_only
99459,20.5,,,,,,,,,,False,0.9692,0.2718,0.26843,-0.1738,0.0837,1.0,-1.4131,0.0,0.0,True,optimised_only
99459,21.0,,,,,,,,,,False,0.9762,0.28046,0.27715,-0.1763,0.0811,1.0,-1.5076,0.0,0.0,True,optimised_only
99459,21.5,,,,,,,,,,False,0.9815,0.28852,0.28527,-0.1791,0.0769,1.0,-1.5748,0.0,0.0,True,optimised_only
99459,22.0,,,,,,,,,,False,0.989,0.29753,0.29435,-0.1813,0.0743,1.0,-1.6695,0.0,0.0,True,optimised_only
99459,22.5,,,,,,,,,,False,0.9937,0.30586,0.30275,-0.1842,0.0697,1.0,-1.7114,0.0,0.0,True,optimised_only
99459,23.0,,,,,,,,,,False,0.999,0.31527,0.31222,-0.1868,0.0668,1.0,-1.7423,0.0,0.0,True,optimised_only
99459,23.5,0.6991,0.23681,0.23251,-0.0829,0.0729,1.0,-1.0819,0.0,0.0,True,1.0084,0.32479,0.32182,-0.1884,0.0618,1.0,-1.8276,0.0,0.0,True,both_converged
99459,24.0,0.7099,0.24375,0.23951,-0.085,0.0687,1.0,-1.112,0.0,0.0,True,1.0105,0.33423,0.3313,-0.1918,0.0563,1.0,-1.7383,0.0,0.0,True,both_converged
99459,24.5,0.7135,0.25104,0.24682,-0.0884,0.0651,1.0,-1.0757,0.0,0.0,True,1.0154,0.34452,0.34163,-0.1945,0.0505,1.0,-1.6605,0.0,0.0,True,both_converged
99459,25.0,0.728,0.25886,0.25468,-0.0897,0.0615,1.0,-1.167,0.0,0.0,True,1.0196,0.35514,0.35226,-0.1973,0.0459,1.0,-1.5608,0.0,0.0,True,both_converged
99459,25.5,0.7275,0.26551,0.26136,-0.0939,0.0584,1.0,-1.0809,0.0,0.0,True,1.0244,0.36551,0.36266,-0.1999,0.0424,1.0,-1.4951,0.0,0.0,True,both_converged
99459,26.0,0.7393,0.27302,0.26893,-0.0956,0.0556,1.0,-1.1449,0.0,0.0,True,1.0301,0.37522,0.37241,-0.202,0.0392,1.0,-1.4811,0.0,0.0,True,both_converged
99459,26.5,0.7408,0.28031,0.27624,-0.0993,0.0533,1.0,-1.0675,0.0,0.0,True,1.0334,0.38594,0.38315,-0.2048,0.0379,1.0,-1.4018,0.0,0.0,True,both_converged
99459,27.0,0.7499,0.28747,0.28345,-0.1014,0.0499,1.0,-1.1031,0.0,0.0,True,1.0373,0.39596,0.39321,-0.2074,0.0352,1.0,-1.3567,0.0,0.0,True,both_converged
99459,27.5,0.7533,0.29514,0.29115,-0.1047,0.0479,1.0,-1.0535,0.0,0.0,True,1.0433,0.40624,0.40352,-0.2091,0.0337,1.0,-1.3851,0.0,0.0,True,both_converged
99459,28.0,0.7599,0.30236,0.29842,-0.1073,0.0451,1.0,-1.0718,0.0,0.0,True,1.0444,0.41655,0.41386,-0.2123,0.0325,1.0,-1.2758,0.0,0.0,True,both_converged
99459,28.5,0.7672,0.3103,0.30639,-0.1097,0.0437,1.0,-1.1001,0.0,0.0,True,1.0477,0.42648,0.42384,-0.2147,0.0304,1.0,-1.262,0.0,0.0,True,both_converged
99459,29.0,0.7701,0.31769,0.31383,-0.113,0.0416,1.0,-1.0507,0.0,0.0,True,,,,,,,,,,False,baseline_only
99459,29.5,0.7766,0.32493,0.32112,-0.1154,0.0393,1.0,-1.0756,0.0,0.0,True,,,,,,,,,,False,baseline_only
99459,30.0,0.7807,0.33279,0.32901,-0.1183,0.038,1.0,-1.0488,0.0,0.0,True,1.0552,0.45709,0.45456,-0.2218,0.0265,1.0,-1.2418,0.0,0.0,True,both_converged
99940,-30.0,,,,,,,,,,False,,,,,,,,,,False,none_converged
99940,-29.5,,,,,,,,,,False,,,,,,,,,,False,none_converged
99940,-29.0,-0.8629,0.34355,0.33787,0.0919,1.0,0.0254,-1.6988,0.0,0.0,True,,,,,,,,,,False,baseline_only
99940,-28.5,-0.8478,0.33834,0.33264,0.0871,1.0,0.0265,-1.6554,0.0,0.0,True,,,,,,,,,,False,baseline_only
99940,-28.0,-0.8321,0.3331,0.32737,0.0822,1.0,0.0278,-1.6337,0.0,0.0,True,,,,,,,,,,False,baseline_only
99940,-27.5,-0.8161,0.32799,0.32224,0.0769,1.0,0.0287,-1.6322,0.0,0.0,True,,,,,,,,,,False,baseline_only
99940,-27.0,,,,,,,,,,False,,,,,,,,,,False,none_converged
99940,-26.5,,,,,,,,,,False,,,,,,,,,,False,none_converged
99940,-26.0,-0.7675,0.31155,0.30576,0.0627,1.0,0.0308,-1.5891,0.0,0.0,True,,,,,,,,,,False,baseline_only
99940,-25.5,-0.7508,0.3061,0.30028,0.0581,1.0,0.0321,-1.5784,0.0,0.0,True,,,,,,,,,,False,baseline_only
99940,-25.0,-0.734,0.30075,0.29492,0.053,1.0,0.0334,-1.598,0.0,0.0,True,,,,,,,,,,False,baseline_only
99940,-24.5,-0.7179,0.29508,0.28926,0.0479,1.0,0.034,-1.6218,0.0,0.0,True,,,,,,,,,,False,baseline_only
99940,-24.0,-0.7008,0.28851,0.28267,0.0444,1.0,0.0353,-1.5529,0.0,0.0,True,,,,,,,,,,False,baseline_only
99940,-23.5,-0.6838,0.28255,0.27669,0.04,1.0,0.0369,-1.5291,0.0,0.0,True,,,,,,,,,,False,baseline_only
99940,-23.0,-0.6672,0.27688,0.27102,0.0351,1.0,0.0384,-1.543,0.0,0.0,True,-0.6579,0.27867,0.27258,0.0186,1.0,0.0247,-1.352,0.0,0.0,True,both_converged
99940,-22.5,-0.6512,0.2709,0.26504,0.0304,1.0,0.0389,-1.5685,0.0,0.0,True,,,,,,,,,,False,baseline_only
99940,-22.0,-0.6333,0.26406,0.25819,0.0272,1.0,0.0403,-1.5123,0.0,0.0,True,,,,,,,,,,False,baseline_only
99940,-21.5,-0.6163,0.25795,0.25207,0.0232,1.0,0.0422,-1.5047,0.0,0.0,True,,,,,,,,,,False,baseline_only
99940,-21.0,-0.6017,0.2531,0.24723,0.0177,1.0,0.0439,-1.58,0.0,0.0,True,-0.5935,0.25479,0.2487,0.004,1.0,0.0265,-1.2877,0.0,0.0,True,both_converged
99940,-20.5,-0.5831,0.24538,0.2395,0.0151,1.0,0.0453,-1.5094,0.0,0.0,True,-0.5775,0.24902,0.24293,0.0006,1.0,0.0274,-1.2713,0.0,0.0,True,both_converged
99940,-20.0,-0.5661,0.23923,0.23335,0.0115,1.0,0.0477,-1.4861,0.0,0.0,True,-0.5617,0.2433,0.23722,-0.0027,1.0,0.0283,-1.2626,0.0,0.0,True,both_converged
99940,-19.5,-0.5527,0.23424,0.22837,0.0063,1.0,0.0494,-1.5493,0.0,0.0,True,-0.5462,0.23807,0.232,-0.0063,1.0,0.029,-1.2777,0.0,0.0,True,both_converged
99940,-19.0,-0.5343,0.22654,0.22067,0.0039,1.0,0.0506,-1.4824,0.0,0.0,True,-0.5317,0.23276,0.22674,-0.0096,1.0,0.0293,-1.3056,0.0,0.0,True,both_converged
99940,-18.5,-0.5174,0.22028,0.21441,0.0007,1.0,0.0531,-1.4457,0.0,0.0,True,-0.5165,0.22609,0.22007,-0.0115,1.0,0.0302,-1.2572,0.0,0.0,True,both_converged
99940,-18.0,-0.5065,0.21542,0.20957,-0.0044,1.0,0.0553,-1.5379,0.0,0.0,True,-0.502,0.22042,0.21442,-0.0138,1.0,0.0313,-1.2516,0.0,0.0,True,both_converged
99940,-17.5,-0.4867,0.20759,0.20173,-0.0061,1.0,0.0574,-1.4656,0.0,0.0,True,-0.4881,0.21489,0.20892,-0.0161,1.0,0.0324,-1.2627,0.0,0.0,True,both_converged
99940,-17.0,-0.4732,0.2018,0.19596,-0.0099,1.0,0.061,-1.4911,0.0,0.0,True,-0.4754,0.20972,0.20378,-0.0184,1.0,0.0334,-1.3002,0.0,0.0,True,both_converged
99940,-16.5,-0.4587,0.19498,0.18916,-0.0129,1.0,0.0626,-1.4911,0.0,0.0,True,,,,,,,,,,False,baseline_only
99940,-16.0,-0.4425,0.18857,0.18276,-0.0152,1.0,0.0657,-1.4542,0.0,0.0,True,,,,,,,,,,False,baseline_only
99940,-15.5,-0.4397,0.18394,0.17818,-0.0204,1.0,0.0682,-1.5621,0.0,0.0,True,,,,,,,,,,False,baseline_only
99940,-15.0,-0.4161,0.17574,0.16997,-0.0208,1.0,0.071,-1.4409,0.0,0.0,True,,,,,,,,,,False,baseline_only
99940,-14.5,-0.418,0.17161,0.16589,-0.026,1.0,0.0749,-1.5664,0.0,0.0,True,,,,,,,,,,False,baseline_only
99940,-14.0,-0.3919,0.16314,0.15742,-0.0257,1.0,0.0788,-1.4501,0.0,0.0,True,,,,,,,,,,False,baseline_only
99940,-13.5,-0.396,0.15839,0.15274,-0.0305,1.0,0.0821,-1.5784,0.0,0.0,True,,,,,,,,,,False,baseline_only
99940,-13.0,-0.3709,0.15046,0.14479,-0.0302,1.0,0.0859,-1.4671,0.0,0.0,True,-0.4016,0.1686,0.16311,-0.0235,1.0,0.0423,-1.3398,0.0,0.0,True,both_converged
99940,-12.5,-0.3763,0.14519,0.1396,-0.0345,1.0,0.0896,-1.5797,0.0,0.0,True,-0.4008,0.16508,0.15967,-0.0236,1.0,0.0438,-1.4087,0.0,0.0,True,both_converged
99940,-12.0,-0.3544,0.13807,0.13248,-0.0342,1.0,0.095,-1.4792,0.0,0.0,True,-0.3949,0.1595,0.15418,-0.022,1.0,0.045,-1.3695,0.0,0.0,True,both_converged
99940,-11.5,-0.3475,0.13176,0.12624,-0.0358,1.0,0.0995,-1.4805,0.0,0.0,True,-0.3915,0.15506,0.14981,-0.0205,1.0,0.0473,-1.3512,0.0,0.0,True,both_converged
99940,-11.0,-0.362,0.1271,0.12169,-0.04,1.0,0.1049,-1.6116,0.0,0.0,True,-0.3932,0.1516,0.14644,-0.0198,1.0,0.0492,-1.4065,0.0,0.0,True,both_converged
99940,-10.5,-0.3363,0.11983,0.11443,-0.038,1.0,0.1097,-1.5029,0.0,0.0,True,-0.3917,0.14674,0.14167,-0.0181,1.0,0.0502,-1.4045,0.0,0.0,True,both_converged
99940,-10.0,-0.3437,0.11411,0.10882,-0.0396,1.0,0.1144,-1.5736,0.0,0.0,True,-0.3884,0.14209,0.1371,-0.016,1.0,0.0523,-1.3649,0.0,0.0,True,both_converged
99940,-9.5,-0.3507,0.10926,0.10409,-0.0399,1.0,0.1212,-1.6111,0.0,0.0,True,-0.3905,0.13835,0.13344,-0.0146,1.0,0.0547,-1.3933,0.0,0.0,True,both_converged
99940,-9.0,-0.343,0.10376,0.09868,-0.0374,1.0,0.1277,-1.5577,0.0,0.0,True,,,,,,,,,,False,baseline_only
99940,-8.5,-0.3596,0.09905,0.09413,-0.0355,1.0,0.1327,-1.6022,0.0,0.0,True,-0.391,0.12956,0.12483,-0.0107,1.0,0.058,-1.4273,0.0,0.0,True,both_converged
99940,-8.0,-0.3906,0.09578,0.09106,-0.0318,1.0,0.1385,-1.6681,0.0,0.0,True,-0.396,0.12603,0.12139,-0.0089,1.0,0.0608,-1.4767,0.0,0.0,True,both_converged
99940,-7.5,,,,,,,,,,False,-0.4192,0.12509,0.12059,-0.007,1.0,0.0616,-1.6211,0.0,0.0,True,optimised_only
99940,-7.0,,,,,,,,,,False,-0.4047,0.11796,0.11352,-0.0035,1.0,0.0645,-1.5139,0.0,0.0,True,optimised_only
99940,-6.5,-0.4641,0.08275,0.07848,-0.022,1.0,0.1518,-1.7789,0.0,0.0,True,-0.4193,0.11531,0.11098,-0.0007,1.0,0.0674,-1.5797,0.0,0.0,True,both_converged
99940,-6.0,,,,,,,,,,False,-0.4167,0.11026,0.10602,0.0006,1.0,0.0701,-1.5779,0.0,0.0,True,optimised_only
99940,-5.5,-0.4445,0.05395,0.04884,-0.0471,0.9952,0.12,-2.2575,0.0,0.0,True,-0.4069,0.10606,0.10188,-0.0069,1.0,0.0749,-1.6945,0.0,0.0,True,both_converged
99940,-5.0,,,,,,,,,,False,,,,,,,,,,False,none_converged
99940,-4.5,-0.2805,0.03033,0.022,-0.0698,0.9757,0.1151,-2.31,0.0,0.0,True,,,,,,,,,,False,baseline_only
99940,-4.0,-0.1974,0.02786,0.01894,-0.0759,0.9624,0.1315,-2.0486,0.0,0.0,True,,,,,,,,,,False,baseline_only
99940,-3.5,-0.1173,0.02627,0.01721,-0.0812,0.9475,0.153,-1.7881,0.0,0.0,True,-0.2851,0.07975,0.07572,-0.0251,1.0,0.1001,-1.5201,0.0,0.0,True,both_converged
99940,-3.0,-0.036,0.02497,0.01585,-0.0864,0.9327,0.1842,-1.5293,0.0,0.0,True,-0.212,0.07198,0.0679,-0.0407,1.0,0.115,-1.4446,0.0,0.0,True,both_converged
99940,-2.5,0.041,0.02388,0.01485,-0.0906,0.9165,0.2271,-1.2928,0.0,0.0,True,,,,,,,,,,False,baseline_only
99940,-2.0,0.1159,0.02284,0.01404,-0.0943,0.8998,0.2896,-1.0792,0.0,0.0,True,0.3004,0.03262,0.02545,-0.1609,1.0,0.1096,-1.6624,0.0,0.0,True,both_converged
99940,-1.5,0.1929,0.02154,0.01327,-0.0982,0.8847,0.39,-0.8775,0.0,0.0,True,0.3955,0.03123,0.02357,-0.169,0.998,0.1477,-1.3358,0.0,0.0,True,both_converged
99940,-1.0,0.2578,0.01938,0.0128,-0.098,0.8707,0.7569,-0.7105,0.0,0.0,True,0.5822,0.0285,0.02099,-0.1926,0.9596,0.2557,-0.7756,0.0,0.0,True,both_converged
99940,-0.5,0.3465,0.01872,0.012,-0.1027,0.8544,1.0,-0.6508,0.0,0.0,True,0.7696,0.02021,0.01301,-0.2092,0.8686,0.3697,-1.0152,0.0,0.0,True,both_converged
99940,0.0,0.4148,0.01845,0.0114,-0.1043,0.836,1.0,-0.6998,0.0,0.0,True,0.8246,0.02141,0.01149,-0.2046,0.3398,0.4184,-1.1206,0.0,0.0,True,both_converged
99940,0.5,0.4796,0.0182,0.0109,-0.1051,0.817,1.0,-0.749,0.0,0.0,True,0.8746,0.02261,0.01233,-0.2027,0.3045,0.462,-1.2256,0.0,0.0,True,both_converged
99940,1.0,0.5423,0.01799,0.01049,-0.1055,0.7976,1.0,-0.7992,0.0,0.0,True,0.9326,0.02375,0.01312,-0.2025,0.28,0.5081,-1.344,0.0,0.0,True,both_converged
99940,1.5,0.604,0.01782,0.01015,-0.1056,0.7781,1.0,-0.8513,0.0,0.0,True,0.9909,0.02488,0.01408,-0.2024,0.2608,0.5543,-1.4721,0.0,0.0,True,both_converged
99940,2.0,0.6636,0.01777,0.00995,-0.1054,0.7579,1.0,-0.905,0.0,0.0,True,1.0487,0.02603,0.01506,-0.2023,0.2447,0.6047,-1.6047,0.0,0.0,True,both_converged
99940,2.5,0.7185,0.01798,0.01006,-0.1046,0.7358,1.0,-0.9582,0.0,0.0,True,1.1061,0.02727,0.01622,-0.2022,0.2311,0.6666,-1.7455,0.0,0.0,True,both_converged
99940,3.0,0.7722,0.0183,0.01032,-0.1037,0.7137,1.0,-1.0152,0.0,0.0,True,1.1571,0.02797,0.01742,-0.2006,0.2193,1.0,-1.8815,0.0,0.0,True,both_converged
99940,3.5,0.8254,0.01873,0.01069,-0.1027,0.6918,1.0,-1.0796,0.0,0.0,True,1.2172,0.03,0.0193,-0.2013,0.2076,1.0,-2.0339,0.0,0.0,True,both_converged
99940,4.0,0.8793,0.01918,0.01111,-0.1019,0.6706,1.0,-1.1737,0.0,0.0,True,1.2729,0.03214,0.02144,-0.2009,0.1971,1.0,-2.1935,0.0,0.0,True,both_converged
99940,4.5,0.9349,0.0196,0.01148,-0.1013,0.65,1.0,-1.3061,0.0,0.0,True,1.3271,0.03451,0.02379,-0.2003,0.188,1.0,-2.3569,0.0,0.0,True,both_converged
99940,5.0,0.9843,0.02029,0.01223,-0.0998,0.6272,1.0,-1.4567,0.0,0.0,True,1.3778,0.03709,0.02668,-0.1989,0.179,1.0,-2.5182,0.0,0.0,True,both_converged
99940,5.5,1.0345,0.02093,0.01294,-0.0984,0.6043,1.0,-1.6335,0.0,0.0,True,1.4252,0.04031,0.03037,-0.1969,0.1704,1.0,-2.6682,0.0,0.0,True,both_converged
99940,6.0,1.085,0.02145,0.0135,-0.0969,0.5798,1.0,-1.8361,0.0,0.0,True,1.469,0.04441,0.03499,-0.1943,0.1632,1.0,-2.8116,0.0,0.0,True,both_converged
99940,6.5,1.1342,0.02182,0.01391,-0.095,0.5521,1.0,-2.0596,0.0,0.0,True,1.5107,0.04828,0.03921,-0.1918,0.1567,1.0,-2.9729,0.0,0.0,True,both_converged
99940,7.0,1.1825,0.0221,0.01419,-0.0929,0.5225,1.0,-2.3024,0.0,0.0,True,1.5448,0.05336,0.0449,-0.1879,0.1505,1.0,-3.1015,0.0,0.0,True,both_converged
99940,7.5,1.2273,0.02245,0.0146,-0.0903,0.4909,1.0,-2.5606,0.0,0.0,True,1.5645,0.06094,0.05334,-0.1823,0.1461,1.0,-3.1634,0.0,0.0,True,both_converged
99940,8.0,1.2675,0.0228,0.01502,-0.087,0.4561,1.0,-2.8217,0.0,0.0,True,1.5691,0.0701,0.06337,-0.1752,0.1431,1.0,-3.1756,0.0,0.0,True,both_converged
99940,8.5,1.3015,0.02324,0.01556,-0.0827,0.4165,1.0,-3.0849,0.0,0.0,True,1.5826,0.07696,0.0706,-0.17,0.1404,1.0,-3.2677,0.0,0.0,True,both_converged
99940,9.0,1.3253,0.02393,0.01635,-0.077,0.3683,1.0,-3.3221,0.0,0.0,True,1.582,0.0861,0.08015,-0.1639,0.1394,1.0,-3.3103,0.0,0.0,True,both_converged
99940,9.5,1.3347,0.02526,0.01758,-0.0694,0.3048,1.0,-3.5239,0.0,0.0,True,,,,,,,,,,False,baseline_only
99940,10.0,1.324,0.02797,0.01985,-0.0597,0.2334,1.0,-3.6576,0.0,0.0,True,,,,,,,,,,False,baseline_only
99940,10.5,1.3127,0.03196,0.02337,-0.0519,0.1799,1.0,-3.7748,0.0,0.0,True,,,,,,,,,,False,baseline_only
99940,11.0,1.3117,0.03609,0.02719,-0.0462,0.1467,1.0,-3.9175,0.0,0.0,True,,,,,,,,,,False,baseline_only
99940,11.5,1.3219,0.03994,0.03088,-0.042,0.1238,1.0,-4.094,0.0,0.0,True,,,,,,,,,,False,baseline_only
99940,12.0,1.3429,0.04352,0.03435,-0.0389,0.1069,1.0,-4.3152,0.0,0.0,True,,,,,,,,,,False,baseline_only
99940,12.5,1.3707,0.04709,0.03795,-0.0363,0.0938,1.0,-4.5703,0.0,0.0,True,1.2396,0.19482,0.19031,-0.186,0.1515,1.0,-1.8839,0.0,0.0,True,both_converged
99940,13.0,1.4032,0.05075,0.04168,-0.0343,0.0839,1.0,-4.8412,0.0,0.0,True,1.2451,0.20414,0.19965,-0.1896,0.1469,1.0,-1.8799,0.0,0.0,True,both_converged
99940,13.5,1.4342,0.05492,0.04603,-0.0323,0.0763,1.0,-5.0977,0.0,0.0,True,1.2601,0.21196,0.20754,-0.1909,0.1403,1.0,-1.9347,0.0,0.0,True,both_converged
99940,14.0,1.4465,0.06025,0.05184,-0.0295,0.0715,1.0,-5.2595,0.0,0.0,True,1.2579,0.22088,0.21647,-0.198,0.1337,1.0,-1.8583,0.0,0.0,True,both_converged
99940,14.5,1.4592,0.06559,0.05743,-0.0273,0.0671,1.0,-5.473,0.0,0.0,True,1.2816,0.23001,0.22567,-0.1968,0.1303,1.0,-1.9734,0.0,0.0,True,both_converged
99940,15.0,1.4322,0.07317,0.0657,-0.0244,0.0654,1.0,-5.4694,0.0,0.0,True,1.2792,0.23709,0.23276,-0.2053,0.1236,1.0,-1.8865,0.0,0.0,True,both_converged
99940,15.5,1.4014,0.08198,0.07508,-0.0232,0.0644,1.0,-5.438,0.0,0.0,True,1.2877,0.24535,0.24105,-0.2105,0.1189,1.0,-1.8635,0.0,0.0,True,both_converged
99940,16.0,1.3548,0.09309,0.08679,-0.0245,0.0642,1.0,-5.3091,0.0,0.0,True,1.3049,0.25316,0.24895,-0.2122,0.1141,1.0,-1.9311,0.0,0.0,True,both_converged
99940,16.5,1.2862,0.10871,0.10301,-0.0304,0.0652,1.0,-5.0224,0.0,0.0,True,1.3115,0.26105,0.25686,-0.2193,0.1098,1.0,-1.878,0.0,0.0,True,both_converged
99940,17.0,1.2075,0.12979,0.12458,-0.0422,0.0669,1.0,-4.6028,0.0,0.0,True,1.3331,0.26991,0.26581,-0.2189,0.1052,1.0,-1.9949,0.0,0.0,True,both_converged
99940,17.5,,,,,,,,,,False,1.3376,0.27638,0.27229,-0.2283,0.1009,1.0,-1.929,0.0,0.0,True,optimised_only
99940,18.0,,,,,,,,,,False,1.3576,0.28532,0.28134,-0.2285,0.0973,1.0,-2.1985,0.0,0.0,True,optimised_only
99940,18.5,,,,,,,,,,False,1.3653,0.29134,0.28737,-0.2375,0.0927,1.0,-2.188,0.0,0.0,True,optimised_only
99940,19.0,,,,,,,,,,False,1.3845,0.30046,0.29659,-0.238,0.0896,1.0,-2.4622,0.0,0.0,True,optimised_only
99940,19.5,,,,,,,,,,False,1.3944,0.30569,0.30184,-0.2474,0.0858,1.0,-2.4408,0.0,0.0,True,optimised_only
99940,20.0,,,,,,,,,,False,1.4129,0.3149,0.31117,-0.2478,0.0821,1.0,-2.7215,0.0,0.0,True,optimised_only
99940,20.5,,,,,,,,,,False,1.4238,0.3198,0.31609,-0.2573,0.0788,1.0,-2.6819,0.0,0.0,True,optimised_only
99940,21.0,,,,,,,,,,False,1.441,0.32828,0.32468,-0.2588,0.0751,1.0,-2.9224,0.0,0.0,True,optimised_only
99940,21.5,,,,,,,,,,False,1.4533,0.334,0.33042,-0.2675,0.0714,1.0,-2.8847,0.0,0.0,True,optimised_only
99940,22.0,,,,,,,,,,False,1.47,0.34394,0.34047,-0.2684,0.068,1.0,-3.1071,0.0,0.0,True,optimised_only
99940,22.5,,,,,,,,,,False,1.4831,0.34867,0.34525,-0.2771,0.0627,1.0,-3.026,0.0,0.0,True,optimised_only
99940,23.0,,,,,,,,,,False,1.4979,0.35641,0.35303,-0.2827,0.0567,1.0,-2.9806,0.0,0.0,True,optimised_only
99940,23.5,,,,,,,,,,False,,,,,,,,,,False,none_converged
99940,24.0,,,,,,,,,,False,,,,,,,,,,False,none_converged
99940,24.5,0.7135,0.25099,0.24678,-0.0884,0.0647,1.0,-1.0769,0.0,0.0,True,1.5427,0.38037,0.37704,-0.2999,0.0412,1.0,-2.67,0.0,0.0,True,both_converged
99940,25.0,0.7265,0.25865,0.25448,-0.09,0.0615,1.0,-1.1511,0.0,0.0,True,1.5568,0.38944,0.38615,-0.3017,0.0387,1.0,-2.7661,0.0,0.0,True,both_converged
99940,25.5,0.7276,0.26546,0.26133,-0.0938,0.0581,1.0,-1.0824,0.0,0.0,True,1.5713,0.39601,0.39272,-0.3109,0.0369,1.0,-2.5592,0.0,0.0,True,both_converged
99940,26.0,,,,,,,,,,False,1.585,0.40332,0.40007,-0.3157,0.0346,1.0,-2.5577,0.0,0.0,True,optimised_only
99940,26.5,,,,,,,,,,False,1.5979,0.41161,0.40839,-0.3201,0.0336,1.0,-2.5618,0.0,0.0,True,optimised_only
99940,27.0,,,,,,,,,,False,1.6121,0.41876,0.41555,-0.3274,0.0318,1.0,-2.4464,0.0,0.0,True,optimised_only
99940,27.5,,,,,,,,,,False,1.6249,0.42579,0.42263,-0.3323,0.03,1.0,-2.4521,0.0,0.0,True,optimised_only
99940,28.0,,,,,,,,,,False,1.6363,0.43423,0.43111,-0.3361,0.0291,1.0,-2.5338,0.0,0.0,True,optimised_only
99940,28.5,,,,,,,,,,False,1.6502,0.44087,0.43776,-0.3438,0.0277,1.0,-2.4435,0.0,0.0,True,optimised_only
99940,29.0,,,,,,,,,,False,1.6619,0.44773,0.44468,-0.349,0.0257,1.0,-2.4853,0.0,0.0,True,optimised_only
99940,29.5,,,,,,,,,,False,1.6721,0.45562,0.45261,-0.3531,0.0248,1.0,-2.5664,0.0,0.0,True,optimised_only
99940,30.0,,,,,,,,,,False,1.6851,0.46235,0.45936,-0.3604,0.0237,1.0,-2.4838,0.0,0.0,True,optimised_only
