Re,alpha_deg,CL_fit,CD_fit,CM_fit
160.16696,-29.963863,-0.67997664,0.48229656,0.042180613
1168.0425,-29.963863,-0.8555677,0.32361782,0.085407965
2175.918,-29.963863,-0.79871047,0.32229185,0.081931904
3183.7935,-29.963863,-0.8083433,0.3286013,0.08918575
4191.669,-29.963863,-0.85282564,0.33573157,0.09873293
5199.5444,-29.963863,-0.88620317,0.34643283,0.10185002
6207.42,-29.963863,-0.89790076,0.35621053,0.0984776
7215.2954,-29.963863,-0.8962375,0.3603123,0.09246345
8223.171,-29.963863,-0.8908734,0.35813716,0.08715731
9231.046,-29.963863,-0.8863306,0.35251638,0.08390294
10238.922,-29.963863,-0.882845,0.34701908,0.08244395
11246.798,-29.963863,-0.8792541,0.34387356,0.08189654
12254.673,-29.963863,-0.8749964,0.3433663,0.08149989
13262.548,-29.963863,-0.8705764,0.34439632,0.08091717
14270.424,-29.963863,-0.86703235,0.34546316,0.08018642
15278.3,-29.963863,-0.8651697,0.3454844,0.07951781
16286.175,-29.963863,-0.8651036,0.34416273,0.07909979
17294.049,-29.963863,-0.86624706,0.341906,0.07899498
18301.924,-29.963863,-0.86763644,0.3394827,0.079134494
19309.8,-29.963863,-0.8683738,0.3376255,0.07937554
20317.676,-29.963863,-0.86796147,0.33674693,0.07957664
21325.55,-29.963863,-0.86643595,0.33684072,0.07965385
22333.428,-29.963863,-0.86428094,0.3375565,0.07960213
23341.303,-29.963863,-0.8622001,0.33838028,0.07948109
24349.178,-29.963863,-0.8608462,0.3388373,0.079380564
25357.053,-29.963863,-0.8606123,0.3386458,0.07938111
26364.928,-29.963863,-0.86152685,0.33778256,0.07952492
27372.805,-29.963863,-0.8632854,0.3364569,0.07980413
28380.68,-29.963863,-0.8653695,0.33501524,0.080167465
29388.555,-29.963863,-0.867219,0.33381826,0.08054002
30396.432,-29.963863,-0.86839336,0.33312985,0.08084819
31404.307,-29.963863,-0.8686771,0.33304772,0.08104068
32412.182,-29.963863,-0.8681151,0.33349013,0.081101716
33420.06,-29.963863,-0.8669717,0.33423465,0.08105151
34427.934,-29.963863,-0.8656305,0.3349928,0.08093752
35435.81,-29.963863,-0.8644836,0.33549422,0.08081858
36443.684,-29.963863,-0.86382085,0.33555973,0.080747925
37451.562,-29.963863,-0.86376476,0.33514282,0.080759116
38459.438,-29.963863,-0.8642537,0.33433318,0.08085865
39467.312,-29.963863,-0.8650761,0.33332425,0.081026725
40475.188,-29.963863,-0.86594045,0.33235598,0.081224285
41483.062,-29.963863,-0.8665627,0.33165038,0.08140518
42490.938,-29.963863,-0.86674184,0.3313548,0.08152892
43498.812,-29.963863,-0.8664125,0.3315078,0.08157104
44506.69,-29.963863,-0.8656584,0.3320344,0.08152895
45514.566,-29.963863,-0.86468184,0.33277047,0.08142154
46522.44,-29.963863,-0.8637506,0.33350688,0.08128355
47530.316,-29.963863,-0.86312306,0.33404437,0.081155896
48538.19,-29.963863,-0.8629835,0.33424318,0.08107515
49546.066,-29.963863,-0.8633922,0.3340556,0.08106454
50553.938,-29.963863,-0.864274,0.3335357,0.08112845
51561.812,-29.963863,-0.8654359,0.3328223,0.08125221
52569.688,-29.963863,-0.86661494,0.33210182,0.081406556
53577.562,-29.963863,-0.8675487,0.33156028,0.081555605
54585.438,-29.963863,-0.86803496,0.33133513,0.08166641
55593.312,-29.963863,-0.8679849,0.33148146,0.08171762
56601.19,-29.963863,-0.8674439,0.33195776,0.08170462
57609.066,-29.963863,-0.86657834,0.33263722,0.08164071
58616.94,-29.963863,-0.86563176,0.333341,0.08155329
59624.816,-29.963863,-0.86486447,0.33388457,0.08147613
60632.69,-29.963863,-0.86448437,0.33412617,0.08144039
61640.566,-29.963863,-0.8645916,0.33400494,0.08146557
62648.44,-29.963863,-0.8651554,0.3335586,0.08155428
63656.32,-29.963863,-0.8660202,0.3329141,0.08169073
64664.195,-29.963863,-0.8669483,0.33225548,0.08184502
65672.07,-29.963863,-0.8676873,0.33177388,0.081981145
66679.945,-29.963863,-0.8680402,0.33161414,0.082067035
67687.82,-29.963863,-0.8679249,0.33183244,0.0820841
68695.695,-29.963863,-0.86740476,0.33237627,0.08203346
69703.57,-29.963863,-0.86667025,0.33309627,0.08193646
70711.445,-29.963863,-0.8659888,0.33378562,0.0818292
71719.32,-29.963863,-0.86562574,0.33424073,0.08175264
72727.195,-29.963863,-0.8657545,0.3343238,0.08173989
73735.08,-29.963863,-0.86639607,0.33401063,0.081805564
74742.95,-29.963863,-0.8674011,0.33340475,0.08194001
75750.83,-29.963863,-0.86848295,0.33271176,0.08211106
76758.7,-29.963863,-0.86930984,0.33217603,0.08227338
77766.58,-29.963863,-0.8696153,0.33199775,0.08238384
78774.45,-29.963863,-0.869305,0.33225596,0.08241698
79782.33,-29.963863,-0.86851037,0.3328678,0.08237626
80790.2,-29.963863,-0.86756194,0.3336045,0.0822945
81798.08,-29.963863,-0.86688113,0.33416808,0.08222393
82805.95,-29.963863,-0.8668122,0.33430916,0.08221516
83813.83,-29.963863,-0.8674594,0.33394355,0.082294345
84821.7,-29.963863,-0.8686039,0.33321497,0.08244755
85829.58,-29.963863,-0.8697541,0.33246198,0.082621425
86837.45,-29.963863,-0.870351,0.33207566,0.08274457
87845.33,-29.963863,-0.8700621,0.33229703,0.082764104
88853.2,-29.963863,-0.8690206,0.33304283,0.08268091
89861.08,-29.963863,-0.8678566,0.3338831,0.08256138
90868.95,-29.963863,-0.86739737,0.33424327,0.08250822
91876.83,-29.963863,-0.868109,0.3337914,0.08259306
92884.71,-29.963863,-0.869589,0.332795,0.08278585
93892.586,-29.963863,-0.8706005,0.3321041,0.08294467
94900.46,-29.963863,-0.87000984,0.33251014,0.08291896
95908.336,-29.963863,-0.8682545,0.33372527,0.08273592
96916.21,-29.963863,-0.86773735,0.33409888,0.082676046
97924.086,-29.963863,-0.8698402,0.33266422,0.08293466
98931.96,-29.963863,-0.8699722,0.3325638,0.0829884
99939.836,-29.963863,-0.86962664,0.33280364,0.08295867
160.16696,-29.358532,-0.674363,0.47823843,0.03964092
1168.0425,-29.358532,-0.83821183,0.31804937,0.08101587
2175.918,-29.358532,-0.78277254,0.31666246,0.07762645
3183.7935,-29.358532,-0.79135776,0.32257244,0.08481739
4191.669,-29.358532,-0.8350846,0.3295223,0.09455386
5199.5444,-29.358532,-0.8694383,0.34039733,0.09812446
6207.42,-29.358532,-0.88285637,0.3504639,0.095152885
7215.2954,-29.358532,-0.8823328,0.3547459,0.0892506
8223.171,-29.358532,-0.8770092,0.35258582,0.08375868
9231.046,-29.358532,-0.8716774,0.34688354,0.08016747
10238.922,-29.358532,-0.86714494,0.34130192,0.078391045
11246.798,-29.358532,-0.86270225,0.3381217,0.077649206
12254.673,-29.358532,-0.8579522,0.337627,0.07719501
13262.548,-29.358532,-0.85331935,0.33868253,0.07664204
14270.424,-29.358532,-0.8496591,0.3397513,0.0759587
15278.3,-29.358532,-0.8476281,0.33973527,0.0753022
16286.175,-29.358532,-0.8472891,0.33834583,0.0748417
17294.049,-29.358532,-0.84810007,0.33601704,0.07465272
18301.924,-29.358532,-0.849196,0.33354616,0.07469783
19309.8,-29.358532,-0.8497684,0.33168426,0.07486738
20317.676,-29.358532,-0.84936523,0.33084676,0.0750417
21325.55,-29.358532,-0.84800804,0.33101356,0.07514178
22333.428,-29.358532,-0.846119,0.3318116,0.075151205
23341.303,-29.358532,-0.84432083,0.33270338,0.07510884
24349.178,-29.358532,-0.8431963,0.33319703,0.07508208
25357.053,-29.358532,-0.8430994,0.3330054,0.07513443
26364.928,-29.358532,-0.84406275,0.33211154,0.07530046
27372.805,-29.358532,-0.8458139,0.3307386,0.075574525
28380.68,-29.358532,-0.84788394,0.32925063,0.07591519
29388.555,-29.358532,-0.8497585,0.3280234,0.07626094
30396.432,-29.358532,-0.8510188,0.32732895,0.07655052
31404.307,-29.358532,-0.85144514,0.3272647,0.076740965
32412.182,-29.358532,-0.85104924,0.3277409,0.0768187
33420.06,-29.358532,-0.8500436,0.32852226,0.076800704
34427.934,-29.358532,-0.84876305,0.32930616,0.07672721
35435.81,-29.358532,-0.8475577,0.32981163,0.07664822
36443.684,-29.358532,-0.8467068,0.329854,0.07660911
37451.562,-29.358532,-0.8463494,0.32938886,0.076638475
38459.438,-29.358532,-0.8464702,0.32851392,0.07674163
39467.312,-29.358532,-0.84692186,0.3274355,0.07690069
40475.188,-29.358532,-0.84748113,0.32640725,0.07708119
41483.062,-29.358532,-0.8479228,0.32566267,0.07724203
42490.938,-29.358532,-0.8480828,0.3253561,0.07734703
43498.812,-29.358532,-0.84790367,0.32552674,0.077374175
44506.69,-29.358532,-0.84744453,0.32609487,0.07732064
45514.566,-29.358532,-0.84686387,0.3268863,0.07720333
46522.44,-29.358532,-0.84636766,0.3276801,0.077053696
47530.316,-29.358532,-0.8461559,0.32826608,0.07690939
48538.19,-29.358532,-0.8463633,0.32849604,0.07680512
49546.066,-29.358532,-0.84702337,0.32831907,0.07676414
50553.938,-29.358532,-0.8480563,0.3277909,0.076793194
51561.812,-29.358532,-0.84928745,0.3270564,0.07688172
52569.688,-29.358532,-0.85048914,0.326311,0.077005245
53577.562,-29.358532,-0.8514364,0.32574955,0.077132314
54585.438,-29.358532,-0.851964,0.32551682,0.07723269
55593.312,-29.358532,-0.8520037,0.32567132,0.07728523
56601.19,-29.358532,-0.8516061,0.3261706,0.07728297
57609.066,-29.358532,-0.8509205,0.32688308,0.07723452
58616.94,-29.358532,-0.85016423,0.3276221,0.07716152
59624.816,-29.358532,-0.84956217,0.32819474,0.07709235
60632.69,-29.358532,-0.8492908,0.32845262,0.07705419
61640.566,-29.358532,-0.8494312,0.3283315,0.077065654
62648.44,-29.358532,-0.84995234,0.3278696,0.0771312
63656.32,-29.358532,-0.8507137,0.32719874,0.077239886
64664.195,-29.358532,-0.8515084,0.3265106,0.07736793
65672.07,-29.358532,-0.8521217,0.3260046,0.07748543
66679.945,-29.358532,-0.85238916,0.32583266,0.07756466
67687.82,-29.358532,-0.85225284,0.32605407,0.07758864
68695.695,-29.358532,-0.85177743,0.3266155,0.07755627
69703.57,-29.358532,-0.8511397,0.32736215,0.07748384
70711.445,-29.358532,-0.85058045,0.32807967,0.07740076
71719.32,-29.358532,-0.85032845,0.32855594,0.07734155
72727.195,-29.358532,-0.8505312,0.32864735,0.07733518
73735.08,-29.358532,-0.85119545,0.32832775,0.077395804
74742.95,-29.358532,-0.85217714,0.327704,0.07751732
75750.83,-29.358532,-0.8532156,0.32698962,0.07767421
76758.7,-29.358532,-0.85401183,0.32643807,0.077828914
77766.58,-29.358532,-0.8543324,0.32625756,0.07794426
78774.45,-29.358532,-0.85410076,0.32653075,0.07799667
79782.33,-29.358532,-0.85344255,0.3271722,0.07798619
80790.2,-29.358532,-0.852658,0.3279443,0.0779379
81798.08,-29.358532,-0.85212517,0.32853785,0.077893876
82805.95,-29.358532,-0.85214615,0.32869303,0.07789678
83813.83,-29.358532,-0.85280585,0.32832167,0.07797043
84821.7,-29.358532,-0.8538976,0.32757285,0.07810579
85829.58,-29.358532,-0.85497504,0.3267972,0.078260824
86837.45,-29.358532,-0.85553896,0.32640144,0.078376934
87845.33,-29.358532,-0.8552984,0.32663605,0.07840875
88853.2,-29.358532,-0.85438424,0.32741573,0.07835406
89861.08,-29.358532,-0.85337037,0.32829404,0.07826477
90868.95,-29.358532,-0.85299927,0.32867455,0.07822483
91876.83,-29.358532,-0.8536805,0.32821208,0.07829546
92884.71,-29.358532,-0.85504043,0.3271832,0.078455955
93892.586,-29.358532,-0.8559607,0.32646978,0.078592725
94900.46,-29.358532,-0.85542715,0.32689428,0.07858089
95908.336,-29.358532,-0.85385364,0.32815894,0.07843761
96916.21,-29.358532,-0.8534106,0.3285511,0.07838848
97924.086,-29.358532,-0.8553244,0.32706618,0.07859784
98931.96,-29.358532,-0.85543746,0.32696402,0.07864688
99939.836,-29.358532,-0.8551341,0.32721576,0.07862273
160.16696,-28.753202,-0.66867733,0.47417384,0.03698951
1168.0425,-28.753202,-0.8201704,0.31239536,0.07654108
2175.918,-28.753202,-0.766096,0.31120023,0.07334322
3183.7935,-28.753202,-0.77255976,0.31620625,0.080164835
4191.669,-28.753202,-0.813558,0.32226747,0.08960249
5199.5444,-28.753202,-0.847421,0.33300263,0.09334445
6207.42,-28.753202,-0.86248344,0.34357515,0.09086062
7215.2954,-28.753202,-0.86426365,0.34856197,0.08543329
8223.171,-28.753202,-0.8606297,0.34693784,0.08018617
9231.046,-28.753202,-0.8559041,0.34146446,0.076578364
10238.922,-28.753202,-0.8511133,0.3358587,0.07461887
11246.798,-28.753202,-0.8460615,0.3325395,0.07365667
12254.673,-28.753202,-0.84081346,0.33191904,0.073039554
13262.548,-28.753202,-0.83602816,0.33293036,0.07241539
14270.424,-28.753202,-0.8325486,0.33404076,0.07173507
15278.3,-28.753202,-0.8308653,0.33411354,0.07111121
16286.175,-28.753202,-0.83083165,0.33280894,0.07066755
17294.049,-28.753202,-0.8317481,0.33052057,0.07045123
18301.924,-28.753202,-0.8326891,0.32802925,0.07041961
19309.8,-28.753202,-0.8328844,0.32609394,0.07047818
20317.676,-28.753202,-0.8319863,0.32515335,0.070533395
21325.55,-28.753202,-0.8301445,0.32521692,0.07053362
22333.428,-28.753202,-0.82789075,0.3259363,0.070482925
23341.303,-28.753202,-0.8259141,0.3267873,0.070429444
24349.178,-28.753202,-0.8248145,0.32727948,0.07043846
25357.053,-28.753202,-0.8249136,0.32711628,0.0705625
26364.928,-28.753202,-0.82618487,0.32626548,0.07082031
27372.805,-28.753202,-0.8282888,0.32493448,0.07118994
28380.68,-28.753202,-0.8306973,0.3234751,0.07161659
29388.555,-28.753202,-0.83285767,0.32225704,0.07202996
30396.432,-28.753202,-0.8343389,0.32155323,0.072365135
31404.307,-28.753202,-0.83493024,0.3214672,0.07257995
32412.182,-28.753202,-0.8346689,0.3219183,0.072664335
33420.06,-28.753202,-0.833795,0.3226803,0.07264
34427.934,-28.753202,-0.83266604,0.32345754,0.07255168
35435.81,-28.753202,-0.8316461,0.32397136,0.0724533
36443.684,-28.753202,-0.8310109,0.324036,0.07239278
37451.562,-28.753202,-0.8308836,0.3236016,0.07240042
38459.438,-28.753202,-0.8312204,0.32275853,0.07248272
39467.312,-28.753202,-0.83184385,0.3217052,0.07262311
40475.188,-28.753202,-0.8325021,0.3206885,0.07278844
41483.062,-28.753202,-0.83294994,0.31993836,0.07293927
42490.938,-28.753202,-0.83301497,0.3196082,0.07304108
43498.812,-28.753202,-0.83264583,0.31974024,0.073072925
44506.69,-28.753202,-0.83192176,0.32025963,0.07303235
45514.566,-28.753202,-0.83102715,0.3209988,0.07293536
46522.44,-28.753202,-0.8302033,0.3217435,0.07281106
47530.316,-28.753202,-0.8296817,0.32228848,0.07269388
48538.19,-28.753202,-0.82962507,0.32248926,0.072614804
49546.066,-28.753202,-0.8300865,0.32229584,0.0725933
50553.938,-28.753202,-0.8309931,0.32176244,0.072633296
51561.812,-28.753202,-0.8321667,0.3210308,0.07272276
52569.688,-28.753202,-0.83336765,0.3202923,0.072837554
53577.562,-28.753202,-0.83435094,0.31973752,0.072948396
54585.438,-28.753202,-0.834928,0.31950784,0.073028356
55593.312,-28.753202,-0.83501136,0.31965974,0.07306053
56601.19,-28.753202,-0.8346322,0.32015035,0.073042095
57609.066,-28.753202,-0.83393395,0.32084903,0.072984695
58616.94,-28.753202,-0.8331324,0.32157156,0.07291148
59624.816,-28.753202,-0.83246064,0.32212764,0.072850406
60632.69,-28.753202,-0.832112,0.32237193,0.072826326
61640.566,-28.753202,-0.8321884,0.32224238,0.072853975
62648.44,-28.753202,-0.8326787,0.32177904,0.072933346
63656.32,-28.753202,-0.83346117,0.3211144,0.07304892
64664.195,-28.753202,-0.8343423,0.32043973,0.07317378
65672.07,-28.753202,-0.8351104,0.3199536,0.073276356
66679.945,-28.753202,-0.835596,0.31980628,0.07332963
67687.82,-28.753202,-0.8357258,0.3200559,0.073319
68695.695,-28.753202,-0.8355435,0.3206474,0.07324763
69703.57,-28.753202,-0.8352027,0.3214247,0.0731365
70711.445,-28.753202,-0.83491653,0.3221717,0.07301952
71719.32,-28.753202,-0.8348954,0.3226752,0.07293436
72727.195,-28.753202,-0.8352721,0.3227899,0.072911575
73735.08,-28.753202,-0.8360503,0.32248873,0.07296486
74742.95,-28.753202,-0.8370919,0.3218774,0.07308602
75750.83,-28.753202,-0.83814853,0.32116905,0.073246434
76758.7,-28.753202,-0.838939,0.32061782,0.073405236
77766.58,-28.753202,-0.83925015,0.32043335,0.07352273
78774.45,-28.753202,-0.8390181,0.32070065,0.073574215
79782.33,-28.753202,-0.83837724,0.32133704,0.07356003
80790.2,-28.753202,-0.8376291,0.32210752,0.07350675
81798.08,-28.753202,-0.83714426,0.32270423,0.0734583
82805.95,-28.753202,-0.8372153,0.32286745,0.07345888
83813.83,-28.753202,-0.83791625,0.3225072,0.07353258
84821.7,-28.753202,-0.83903486,0.32176888,0.073669665
85829.58,-28.753202,-0.84012604,0.3210002,0.07382623
86837.45,-28.753202,-0.8406974,0.3206055,0.07394189
87845.33,-28.753202,-0.84046674,0.32083586,0.073970445
88853.2,-28.753202,-0.83957446,0.3216086,0.07391031
89861.08,-28.753202,-0.8385938,0.3224825,0.07381574
90868.95,-28.753202,-0.8382611,0.32286477,0.07377286
91876.83,-28.753202,-0.838976,0.32241037,0.073843524
92884.71,-28.753202,-0.84035754,0.32139084,0.074005544
93892.586,-28.753202,-0.84128946,0.32068062,0.0741415
94900.46,-28.753202,-0.84077036,0.3210981,0.0741243
95908.336,-28.753202,-0.8392237,0.32235187,0.073973164
96916.21,-28.753202,-0.8388136,0.32274297,0.07392025
97924.086,-28.753202,-0.8407485,0.32126993,0.07413174
98931.96,-28.753202,-0.8408744,0.3211644,0.074176475
99939.836,-28.753202,-0.84059846,0.32141346,0.074147664
160.16696,-28.147871,-0.6623344,0.47003382,0.03420116
1168.0425,-28.147871,-0.80342424,0.30694747,0.072311655
2175.918,-28.147871,-0.75046086,0.30634394,0.069472775
3183.7935,-28.147871,-0.7481649,0.3082775,0.07441494
4191.669,-28.147871,-0.7800262,0.31170523,0.0821658
5199.5444,-28.147871,-0.8115015,0.3224502,0.08591676
6207.42,-28.147871,-0.83100605,0.3351307,0.084944986
7215.2954,-28.147871,-0.8405258,0.3427335,0.081570104
8223.171,-28.147871,-0.8443586,0.34297264,0.07802784
9231.046,-28.147871,-0.84490514,0.33816588,0.07533245
10238.922,-28.147871,-0.84298575,0.3322612,0.07348889
11246.798,-28.147871,-0.8392136,0.32821044,0.0721086
12254.673,-28.147871,-0.8346919,0.32692415,0.070876196
13262.548,-28.147871,-0.83083487,0.32761735,0.06971592
14270.424,-28.147871,-0.8287835,0.328797,0.06873487
15278.3,-28.147871,-0.82894444,0.3291969,0.06808095
16286.175,-28.147871,-0.83089685,0.32828578,0.06782526
17294.049,-28.147871,-0.8336552,0.32629523,0.06791746
18301.924,-28.147871,-0.8361105,0.32392266,0.06821002
19309.8,-28.147871,-0.83743733,0.3219296,0.06852089
20317.676,-28.147871,-0.8373246,0.320818,0.068698674
21325.55,-28.147871,-0.83598274,0.32068378,0.06866502
22333.428,-28.147871,-0.83397245,0.32125068,0.068424225
23341.303,-28.147871,-0.83195174,0.3220316,0.06804439
24349.178,-28.147871,-0.8304339,0.32253036,0.067622855
25357.053,-28.147871,-0.82964075,0.32241195,0.067250356
26364.928,-28.147871,-0.8294747,0.32159021,0.0669844
27372.805,-28.147871,-0.82959944,0.3202233,0.066839024
28380.68,-28.147871,-0.8295915,0.3186339,0.06678948
29388.555,-28.147871,-0.8290958,0.3171912,0.06678785
30396.432,-28.147871,-0.8279493,0.31619534,0.06678236
31404.307,-28.147871,-0.8262293,0.31579617,0.06673458
32412.182,-28.147871,-0.82422936,0.31596652,0.06662945
33420.06,-28.147871,-0.82236683,0.31652653,0.06647659
34427.934,-28.147871,-0.8210634,0.31720972,0.06630412
35435.81,-28.147871,-0.82062566,0.31774318,0.0661477
36443.684,-28.147871,-0.8211617,0.31792358,0.06603871
37451.562,-28.147871,-0.82255125,0.3176654,0.06599486
38459.438,-28.147871,-0.8244753,0.31701368,0.06601607
39467.312,-28.147871,-0.8264946,0.31612214,0.06608535
40475.188,-28.147871,-0.82815003,0.31520304,0.06617506
41483.062,-28.147871,-0.8290719,0.31446698,0.066255204
42490.938,-28.147871,-0.8290553,0.31406638,0.06630223
43498.812,-28.147871,-0.82809937,0.31405914,0.06630538
44506.69,-28.147871,-0.8263961,0.31439716,0.06626913
45514.566,-28.147871,-0.8242762,0.31494394,0.06621157
46522.44,-28.147871,-0.8221248,0.31551355,0.06615869
47530.316,-28.147871,-0.8202915,0.31592083,0.06613703
48538.19,-28.147871,-0.8190128,0.3160287,0.06616625
49546.066,-28.147871,-0.81836486,0.31578243,0.06625306
50553.938,-28.147871,-0.81825763,0.31522202,0.06638954
51561.812,-28.147871,-0.8184699,0.31447008,0.06655453
52569.688,-28.147871,-0.818713,0.31369913,0.06671892
53577.562,-28.147871,-0.81871027,0.3130871,0.066853054
54585.438,-28.147871,-0.81827044,0.31277162,0.06693394
55593.312,-28.147871,-0.81733763,0.3128149,0.06695165
56601.19,-28.147871,-0.81600565,0.3131888,0.066911876
57609.066,-28.147871,-0.814494,0.3137818,0.06683479
58616.94,-28.147871,-0.8130904,0.31442797,0.06675027
59624.816,-28.147871,-0.81207514,0.31494963,0.06669046
60632.69,-28.147871,-0.81164515,0.31520438,0.06668177
61640.566,-28.147871,-0.8118565,0.3151219,0.0667381
62648.44,-28.147871,-0.81260693,0.31472376,0.06685723
63656.32,-28.147871,-0.8136514,0.3141176,0.067021474
64664.195,-28.147871,-0.81466424,0.3134694,0.06720227
65672.07,-28.147871,-0.81532043,0.31295756,0.067367904
66679.945,-28.147871,-0.81538165,0.3127227,0.06749224
67687.82,-28.147871,-0.814764,0.3128266,0.06756203
68695.695,-28.147871,-0.813565,0.3132313,0.067580685
69703.57,-28.147871,-0.8120429,0.3138072,0.06756741
70711.445,-28.147871,-0.8105476,0.31436825,0.0675509
71719.32,-28.147871,-0.8094244,0.31472766,0.067560464
72727.195,-28.147871,-0.80890965,0.31475645,0.06761582
73735.08,-28.147871,-0.8090561,0.31442922,0.067719325
74742.95,-28.147871,-0.80970806,0.3138391,0.06785373
75750.83,-28.147871,-0.8105439,0.3131753,0.06798631
76758.7,-28.147871,-0.8111744,0.31266442,0.06807922
77766.58,-28.147871,-0.8112744,0.31249285,0.068102926
78774.45,-28.147871,-0.81070393,0.31273445,0.06804888
79782.33,-28.147871,-0.80957496,0.31331047,0.067935854
80790.2,-28.147871,-0.80822986,0.31400424,0.06780644
81798.08,-28.147871,-0.8071246,0.3145325,0.06771353
82805.95,-28.147871,-0.80664843,0.31465775,0.0676998
83813.83,-28.147871,-0.80694455,0.3142988,0.0677776
84821.7,-28.147871,-0.8078099,0.31359237,0.06791874
85829.58,-28.147871,-0.80874217,0.31286135,0.06806138
86837.45,-28.147871,-0.80915064,0.31248057,0.06813571
87845.33,-28.147871,-0.8086629,0.3126822,0.06810042
88853.2,-28.147871,-0.8073911,0.31338835,0.06797297
89861.08,-28.147871,-0.8059685,0.3141875,0.0678332
90868.95,-28.147871,-0.80525404,0.314527,0.06778525
91876.83,-28.147871,-0.80575097,0.31408554,0.06788732
92884.71,-28.147871,-0.80707246,0.31311744,0.06808783
93892.586,-28.147871,-0.80795765,0.31243932,0.068229854
94900.46,-28.147871,-0.8072216,0.31281638,0.068169616
95908.336,-28.147871,-0.80527896,0.3139763,0.067963175
96916.21,-28.147871,-0.8045746,0.3143295,0.06791584
97924.086,-28.147871,-0.8065575,0.31293806,0.0682029
98931.96,-28.147871,-0.80658066,0.3128275,0.06824059
99939.836,-28.147871,-0.80609363,0.31305036,0.06821941
160.16696,-27.542542,-0.65750825,0.4664487,0.031560205
1168.0425,-27.542542,-0.78570855,0.3016897,0.06808024
2175.918,-27.542542,-0.7357406,0.3015876,0.06562172
3183.7935,-27.542542,-0.72486633,0.299729,0.068310544
4191.669,-27.542542,-0.7493311,0.30002958,0.07447852
5199.5444,-27.542542,-0.7811266,0.31063163,0.078650996
6207.42,-27.542542,-0.80645585,0.32535142,0.07933734
7215.2954,-27.542542,-0.8225059,0.33542863,0.07759979
8223.171,-27.542542,-0.830353,0.33735272,0.07491851
9231.046,-27.542542,-0.83170474,0.33310837,0.07222827
10238.922,-27.542542,-0.8283732,0.32693976,0.06987028
11246.798,-27.542542,-0.822436,0.32230407,0.067876965
12254.673,-27.542542,-0.8160982,0.3205196,0.066222034
13262.548,-27.542542,-0.8112286,0.32098886,0.06492174
14270.424,-27.542542,-0.8088883,0.32220718,0.06402042
15278.3,-27.542542,-0.80914384,0.32278794,0.06353489
16286.175,-27.542542,-0.81123453,0.32206511,0.06341549
17294.049,-27.542542,-0.8139821,0.32018206,0.06354625
18301.924,-27.542542,-0.81626034,0.317814,0.06377741
19309.8,-27.542542,-0.8173475,0.3157544,0.06397019
20317.676,-27.542542,-0.81707036,0.31456134,0.06403254
21325.55,-27.542542,-0.81573933,0.31438208,0.0639351
22333.428,-27.542542,-0.81394196,0.3149685,0.0637048
23341.303,-27.542542,-0.8122871,0.31583196,0.063402876
24349.178,-27.542542,-0.81119484,0.31645173,0.063097745
25357.053,-27.542542,-0.810786,0.31645697,0.06284167
26364.928,-27.542542,-0.81088835,0.3157285,0.062657975
27372.805,-27.542542,-0.81113636,0.31440377,0.062540345
28380.68,-27.542542,-0.8111193,0.31280172,0.062461384
29388.555,-27.542542,-0.8105277,0.31130308,0.062386975
30396.432,-27.542542,-0.80925035,0.31022856,0.0622897
31404.307,-27.542542,-0.8074074,0.30975145,0.062158383
32412.182,-27.542542,-0.8053082,0.30986235,0.06200077
33420.06,-27.542542,-0.8033601,0.31039053,0.061839588
34427.934,-27.542542,-0.8019527,0.3110679,0.06170439
35435.81,-27.542542,-0.8013552,0.3116119,0.06162139
36443.684,-27.542542,-0.80164665,0.3118047,0.06160512
37451.562,-27.542542,-0.80270064,0.31154716,0.061653733
38459.438,-27.542542,-0.80422086,0.3108754,0.061749216
39467.312,-27.542542,-0.80581725,0.30994102,0.061862286
40475.188,-27.542542,-0.80710095,0.3089623,0.06196014
41483.062,-27.542542,-0.80777216,0.30816135,0.062014952
42490.938,-27.542542,-0.8076871,0.3077053,0.062011108
43498.812,-27.542542,-0.80687803,0.30766496,0.061949052
44506.69,-27.542542,-0.8055379,0.30800125,0.061844785
45514.566,-27.542542,-0.8039617,0.30858,0.061725892
46522.44,-27.542542,-0.8024726,0.30921045,0.061624233
47530.316,-27.542542,-0.8013409,0.30969632,0.061567977
48538.19,-27.542542,-0.8007225,0.30988628,0.061574936
49546.066,-27.542542,-0.80062795,0.3097114,0.061647605
50553.938,-27.542542,-0.80092746,0.30920002,0.061773196
51561.812,-27.542542,-0.80139047,0.3084687,0.061926488
52569.688,-27.542542,-0.8017484,0.3076904,0.062075898
53577.562,-27.542542,-0.80176824,0.30704927,0.062191688
54585.438,-27.542542,-0.80131394,0.3066937,0.062252495
55593.312,-27.542542,-0.8003815,0.30669853,0.062251076
56601.19,-27.542542,-0.799103,0.30704668,0.062195763
57609.066,-27.542542,-0.7977148,0.30763382,0.062108308
58616.94,-27.542542,-0.79649585,0.3082958,0.062018804
59624.816,-27.542542,-0.7956976,0.30885136,0.06195782
60632.69,-27.542542,-0.7954731,0.30914968,0.06194922
61640.566,-27.542542,-0.7958363,0.30910972,0.06200407
62648.44,-27.542542,-0.7966484,0.3087424,0.062118016
63656.32,-27.542542,-0.79764885,0.3081479,0.062272694
64664.195,-27.542542,-0.7985172,0.30748907,0.062440842
65672.07,-27.542542,-0.79895544,0.3069465,0.062593654
66679.945,-27.542542,-0.79876614,0.30666786,0.06270888
67687.82,-27.542542,-0.79791003,0.30672476,0.062776975
68695.695,-27.542542,-0.7965244,0.30708906,0.06280385
69703.57,-27.542542,-0.79489076,0.30763897,0.062808916
70711.445,-27.542542,-0.7933639,0.30819234,0.06281881
71719.32,-27.542542,-0.79227364,0.30856064,0.062858656
72727.195,-27.542542,-0.79182947,0.30860952,0.06294305
73735.08,-27.542542,-0.79205316,0.30830517,0.06306971
74742.95,-27.542542,-0.79276526,0.3077326,0.06321868
75750.83,-27.542542,-0.7936331,0.3070756,0.06335712
76758.7,-27.542542,-0.7942738,0.3065596,0.06344995
77766.58,-27.542542,-0.794381,0.3063747,0.063472554
78774.45,-27.542542,-0.7938379,0.30660158,0.06342141
79782.33,-27.542542,-0.7927741,0.30716956,0.06331896
80790.2,-27.542542,-0.79153323,0.30786747,0.06320846
81798.08,-27.542542,-0.79055643,0.30841348,0.063140035
82805.95,-27.542542,-0.79020536,0.30856583,0.06315115
83813.83,-27.542542,-0.7905926,0.3082351,0.06324829
84821.7,-27.542542,-0.79149723,0.30754954,0.06339964
85829.58,-27.542542,-0.7924219,0.30682638,0.06354347
86837.45,-27.542542,-0.7928015,0.30644098,0.06361422
87845.33,-27.542542,-0.79230285,0.30663243,0.06357719
88853.2,-27.542542,-0.79106355,0.30733353,0.063455224
89861.08,-27.542542,-0.7897153,0.30814075,0.06332862
90868.95,-27.542542,-0.78908306,0.30850223,0.063296214
91876.83,-27.542542,-0.78962165,0.3080877,0.06340802
92884.71,-27.542542,-0.790921,0.30713752,0.06360736
93892.586,-27.542542,-0.7917495,0.3064605,0.06374093
94900.46,-27.542542,-0.79099244,0.30682743,0.06367632
95908.336,-27.542542,-0.7891023,0.30798495,0.063477516
96916.21,-27.542542,-0.7884591,0.3083569,0.063441105
97924.086,-27.542542,-0.79039824,0.3069889,0.06372364
98931.96,-27.542542,-0.7903753,0.30687302,0.06375327
99939.836,-27.542542,-0.789912,0.3071069,0.06373639
160.16696,-26.93721,-0.65324444,0.46308357,0.028880343
1168.0425,-26.93721,-0.76625216,0.29624668,0.06364079
2175.918,-26.93721,-0.71984595,0.2965572,0.061519902
3183.7935,-26.93721,-0.7037164,0.291705,0.06253327
4191.669,-26.93721,-0.72344387,0.2893104,0.06763683
5199.5444,-26.93721,-0.75592744,0.29939762,0.072256714
6207.42,-26.93721,-0.7854113,0.31530607,0.07413036
7215.2954,-26.93721,-0.8053205,0.3270427,0.07330346
8223.171,-26.93721,-0.8144612,0.33020222,0.07078155
9231.046,-26.93721,-0.8143677,0.3264935,0.06761636
10238.922,-26.93721,-0.8079486,0.32032114,0.0645576
11246.798,-26.93721,-0.7986083,0.3154496,0.062022787
12254.673,-26.93721,-0.789451,0.3134451,0.06017282
13262.548,-26.93721,-0.782636,0.31381992,0.05899506
14270.424,-26.93721,-0.77905416,0.3150601,0.05836802
15278.3,-26.93721,-0.7784035,0.31571007,0.05811438
16286.175,-26.93721,-0.7795864,0.31503344,0.058047518
17294.049,-26.93721,-0.78124636,0.31313613,0.05801192
18301.924,-26.93721,-0.7822602,0.31069696,0.057910748
19309.8,-26.93721,-0.782041,0.3085397,0.057715982
20317.676,-26.93721,-0.7806088,0.30726248,0.057459623
21325.55,-26.93721,-0.7784578,0.307044,0.05721043
22333.428,-26.93721,-0.7763064,0.30765113,0.057044342
23341.303,-26.93721,-0.7748265,0.30859178,0.05701754
24349.178,-26.93721,-0.77443653,0.3093302,0.057149228
25357.053,-26.93721,-0.77520674,0.30947566,0.057417423
26364.928,-26.93721,-0.77687687,0.30889156,0.057767257
27372.805,-26.93721,-0.77896947,0.30770475,0.058127735
28380.68,-26.93721,-0.7809442,0.30623043,0.05843152
29388.555,-26.93721,-0.7823477,0.30484954,0.058631867
30396.432,-26.93721,-0.7829204,0.3038849,0.05871238
31404.307,-26.93721,-0.7826388,0.30350944,0.05868836
32412.182,-26.93721,-0.78168714,0.30370936,0.05859997
33420.06,-26.93721,-0.7803861,0.30430663,0.058499336
34427.934,-26.93721,-0.7790905,0.30502346,0.05843637
35435.81,-26.93721,-0.77809525,0.30557021,0.058445938
36443.684,-26.93721,-0.777568,0.30572605,0.058539968
37451.562,-26.93721,-0.77752304,0.30539542,0.058705933
38459.438,-26.93721,-0.77784026,0.3046251,0.0589113
39467.312,-26.93721,-0.77831244,0.30358273,0.05911268
40475.188,-26.93721,-0.77871644,0.30250508,0.059266906
41483.062,-26.93721,-0.77887774,0.30163226,0.05934142
42490.938,-26.93721,-0.7787183,0.30114484,0.059322
43498.812,-26.93721,-0.77827567,0.30112013,0.05921509
44506.69,-26.93721,-0.7776883,0.3015176,0.059045624
45514.566,-26.93721,-0.77715564,0.30219436,0.05885066
46522.44,-26.93721,-0.7768819,0.30294573,0.0586705
47530.316,-26.93721,-0.77701974,0.303559,0.058539115
48538.19,-26.93721,-0.7776289,0.30386806,0.058477342
49546.066,-26.93721,-0.77865654,0.30379227,0.05848824
50553.938,-26.93721,-0.77994716,0.30335486,0.058558084
51561.812,-26.93721,-0.78127885,0.30267286,0.058660183
52569.688,-26.93721,-0.7824157,0.30192453,0.058762122
53577.562,-26.93721,-0.7831626,0.30130285,0.058834255
54585.438,-26.93721,-0.78341323,0.30096477,0.058856457
55593.312,-26.93721,-0.78317463,0.30099222,0.058823418
56601.19,-26.93721,-0.7825657,0.30137074,0.058745082
57609.066,-26.93721,-0.781787,0.30199486,0.05864409
58616.94,-26.93721,-0.78107166,0.30269545,0.058549546
59624.816,-26.93721,-0.78062713,0.30328488,0.05848935
60632.69,-26.93721,-0.78058296,0.3036061,0.05848264
61640.566,-26.93721,-0.78095806,0.30357507,0.058534905
62648.44,-26.93721,-0.78165466,0.30320412,0.05863594
63656.32,-26.93721,-0.7824866,0.30259982,0.05876263
64664.195,-26.93721,-0.7832262,0.30193502,0.058884848
65672.07,-26.93721,-0.7836696,0.3014019,0.05897361
66679.945,-26.93721,-0.783695,0.3011586,0.059009325
67687.82,-26.93721,-0.7833013,0.30128205,0.058987685
68695.695,-26.93721,-0.7826146,0.3017438,0.058921542
69703.57,-26.93721,-0.7818573,0.302414,0.058838073
70711.445,-26.93721,-0.7812895,0.30309656,0.058771413
71719.32,-26.93721,-0.78113014,0.30358624,0.05875302
72727.195,-26.93721,-0.7814882,0.30373225,0.058801755
73735.08,-26.93721,-0.7823199,0.30349034,0.05891733
74742.95,-26.93721,-0.7834313,0.30294237,0.059079256
75750.83,-26.93721,-0.7845285,0.30227795,0.059252143
76758.7,-26.93721,-0.785309,0.3017363,0.05939634
77766.58,-26.93721,-0.78556323,0.3015249,0.05948125
78774.45,-26.93721,-0.7852577,0.30174032,0.05949676
79782.33,-26.93721,-0.7845655,0.30232197,0.059458587
80790.2,-26.93721,-0.78381896,0.30305904,0.059404477
81798.08,-26.93721,-0.78339654,0.30366078,0.059380963
82805.95,-26.93721,-0.78357124,0.30387026,0.05942467
83813.83,-26.93721,-0.7843759,0.30358323,0.059544772
84821.7,-26.93721,-0.78555226,0.30291852,0.059714533
85829.58,-26.93721,-0.7866282,0.30219507,0.05987847
86837.45,-26.93721,-0.78711575,0.30180037,0.059975874
87845.33,-26.93721,-0.78677434,0.30199018,0.0599726
88853.2,-26.93721,-0.785799,0.30270976,0.05988682
89861.08,-26.93721,-0.7848053,0.30355638,0.05978971
90868.95,-26.93721,-0.78452635,0.30396473,0.059771474
91876.83,-26.93721,-0.78530824,0.3035845,0.05987966
92884.71,-26.93721,-0.78669906,0.30264375,0.06006613
93892.586,-26.93721,-0.7875508,0.30195948,0.060194165
94900.46,-26.93721,-0.7869098,0.30232844,0.06014347
95908.336,-26.93721,-0.7852982,0.3035156,0.05996844
96916.21,-26.93721,-0.7849247,0.30392587,0.05993358
97924.086,-26.93721,-0.78688645,0.30256325,0.06018158
98931.96,-26.93721,-0.78690636,0.3024429,0.06020475
99939.836,-26.93721,-0.78662133,0.30269986,0.06018168
160.16696,-26.33188,-0.64806616,0.45949405,0.025941737
1168.0425,-26.33188,-0.74564314,0.29040697,0.05898896
2175.918,-26.33188,-0.7017666,0.29113537,0.057138883
3183.7935,-26.33188,-0.68330723,0.28460968,0.05726583
4191.669,-26.33188,-0.69913566,0.28028798,0.061666816
5199.5444,-26.33188,-0.7301692,0.28962195,0.066449694
6207.42,-26.33188,-0.76103616,0.30601048,0.069051966
7215.2954,-26.33188,-0.78351796,0.31882718,0.06893883
8223.171,-26.33188,-0.79472035,0.32302403,0.066750005
9231.046,-26.33188,-0.7953477,0.31996754,0.06350011
10238.922,-26.33188,-0.7883706,0.31402886,0.06011693
11246.798,-26.33188,-0.777747,0.30911738,0.05724244
12254.673,-26.33188,-0.76720077,0.30698207,0.055188984
13262.548,-26.33188,-0.75930065,0.3072666,0.05398051
14270.424,-26.33188,-0.7550573,0.30850476,0.053438846
15278.3,-26.33188,-0.7540573,0.3092223,0.05328742
16286.175,-26.33188,-0.75498164,0.30862993,0.05325023
17294.049,-26.33188,-0.7562662,0.30678183,0.053125132
18301.924,-26.33188,-0.7566726,0.30432683,0.05282194
19309.8,-26.33188,-0.75561976,0.30208808,0.052361965
20317.676,-26.33188,-0.75323963,0.30068743,0.051847994
21325.55,-26.33188,-0.7501998,0.30034,0.051417053
22333.428,-26.33188,-0.7473992,0.30084765,0.05119283
23341.303,-26.33188,-0.74565226,0.30174345,0.05124863
24349.178,-26.33188,-0.74545276,0.3025002,0.05159036
25357.053,-26.33188,-0.74686706,0.3027213,0.05215968
26364.928,-26.33188,-0.74956214,0.30225238,0.052853357
27372.805,-26.33188,-0.7529361,0.30119783,0.053552397
28380.68,-26.33188,-0.75630087,0.29985073,0.054150924
29388.555,-26.33188,-0.7590589,0.29857606,0.05457903
30396.432,-26.33188,-0.76082885,0.2976877,0.054813772
31404.307,-26.33188,-0.761503,0.29735756,0.054878008
32412.182,-26.33188,-0.76122653,0.29757735,0.05482867
33420.06,-26.33188,-0.76032037,0.29817706,0.054738335
34427.934,-26.33188,-0.7591716,0.2988886,0.05467584
35435.81,-26.33188,-0.75813067,0.29942903,0.05468962
36443.684,-26.33188,-0.757429,0.29958177,0.054798707
37451.562,-26.33188,-0.75714403,0.29925188,0.054990925
38459.438,-26.33188,-0.757207,0.29848373,0.05522941
39467.312,-26.33188,-0.7574498,0.29744157,0.0554641
40475.188,-26.33188,-0.7576718,0.29635882,0.05564532
41483.062,-26.33188,-0.7577076,0.29547322,0.05573623
42490.938,-26.33188,-0.75747794,0.29496506,0.055721164
43498.812,-26.33188,-0.75701463,0.294914,0.0556082
44506.69,-26.33188,-0.7564492,0.29528344,0.055426136
45514.566,-26.33188,-0.7559764,0.29593524,0.055216655
46522.44,-26.33188,-0.7558012,0.29666913,0.05502391
47530.316,-26.33188,-0.7560809,0.2972763,0.054884218
48538.19,-26.33188,-0.75688076,0.29759175,0.054818355
49546.066,-26.33188,-0.7581549,0.29753467,0.054827314
50553.938,-26.33188,-0.75975025,0.29712516,0.054893866
51561.812,-26.33188,-0.76144004,0.29647595,0.05498774
52569.688,-26.33188,-0.7629753,0.29576075,0.055074014
53577.562,-26.33188,-0.76413876,0.29516733,0.055122342
54585.438,-26.33188,-0.76479715,0.2948493,0.055114307
55593.312,-26.33188,-0.7649269,0.294886,0.055048365
56601.19,-26.33188,-0.76461756,0.29526296,0.05493965
57609.066,-26.33188,-0.7640493,0.29587615,0.05481588
58616.94,-26.33188,-0.7634461,0.2965595,0.054709904
59624.816,-26.33188,-0.7630206,0.29712924,0.054650847
60632.69,-26.33188,-0.762925,0.29743254,0.054655924
61640.566,-26.33188,-0.7632133,0.2973897,0.054725353
62648.44,-26.33188,-0.7638338,0.29701635,0.054841567
63656.32,-26.33188,-0.7646475,0.29642168,0.054972984
64664.195,-26.33188,-0.7654699,0.29578018,0.05508201
65672.07,-26.33188,-0.7661279,0.29528454,0.055134922
66679.945,-26.33188,-0.76651186,0.295092,0.055111118
67687.82,-26.33188,-0.76661,0.295278,0.05501008
68695.695,-26.33188,-0.76652,0.29581094,0.054852314
69703.57,-26.33188,-0.76641744,0.2965573,0.05467555
70711.445,-26.33188,-0.76650625,0.297316,0.054525144
71719.32,-26.33188,-0.7669513,0.29787672,0.054442264
72727.195,-26.33188,-0.7678187,0.29808354,0.05445199
73735.08,-26.33188,-0.76903856,0.2978876,0.054555412
74742.95,-26.33188,-0.77041435,0.29736844,0.054728672
75750.83,-26.33188,-0.7716733,0.29671508,0.0549289
76758.7,-26.33188,-0.7725489,0.2961696,0.055107214
77766.58,-26.33188,-0.77287704,0.29594457,0.055224296
78774.45,-26.33188,-0.7726664,0.29614398,0.055264004
79782.33,-26.33188,-0.77211726,0.2967141,0.055240225
80790.2,-26.33188,-0.7715708,0.29745048,0.055192746
81798.08,-26.33188,-0.7713927,0.2980645,0.055173267
82805.95,-26.33188,-0.7718264,0.29829764,0.055223867
83813.83,-26.33188,-0.77287143,0.29804012,0.05535736
84821.7,-26.33188,-0.774242,0.29740232,0.05554667
85829.58,-26.33188,-0.77545583,0.2966953,0.055732455
86837.45,-26.33188,-0.7760375,0.29630324,0.055847846
87845.33,-26.33188,-0.7757746,0.29648378,0.05585395
88853.2,-26.33188,-0.774894,0.29719162,0.05576797
89861.08,-26.33188,-0.7740319,0.2980345,0.055665508
90868.95,-26.33188,-0.7739154,0.298455,0.05564411
91876.83,-26.33188,-0.77486396,0.29810122,0.055757027
92884.71,-26.33188,-0.776389,0.29718834,0.05595479
93892.586,-26.33188,-0.7773236,0.29651624,0.056091785
94900.46,-26.33188,-0.77673435,0.29687417,0.056037575
95908.336,-26.33188,-0.77519447,0.2980435,0.05584778
96916.21,-26.33188,-0.77494407,0.29846105,0.055803955
97924.086,-26.33188,-0.7770392,0.2971349,0.05606134
98931.96,-26.33188,-0.7771133,0.29701287,0.05608084
99939.836,-26.33188,-0.77692056,0.29727265,0.05604757
160.16696,-25.72655,-0.64163077,0.45560786,0.022730656
1168.0425,-25.72655,-0.72462654,0.2842496,0.05423898
2175.918,-25.72655,-0.68203676,0.28536755,0.052573014
3183.7935,-25.72655,-0.6628285,0.2781949,0.052333497
4191.669,-25.72655,-0.6749166,0.27268046,0.056269005
5199.5444,-25.72655,-0.7027314,0.28130823,0.061070357
6207.42,-25.72655,-0.7331708,0.29785684,0.06425348
7215.2954,-25.72655,-0.75798935,0.31145668,0.06499557
8223.171,-25.72655,-0.7729251,0.3165852,0.06357511
9231.046,-25.72655,-0.77718294,0.31423166,0.060771316
10238.922,-25.72655,-0.7728264,0.30861905,0.057460696
11246.798,-25.72655,-0.76363695,0.30371398,0.05437741
12254.673,-25.72655,-0.7536693,0.30142656,0.051989675
13262.548,-25.72655,-0.74599385,0.30156058,0.050466727
14270.424,-25.72655,-0.74202716,0.30274785,0.049721207
15278.3,-25.72655,-0.7415389,0.30353,0.049501278
16286.175,-25.72655,-0.7431807,0.30307359,0.04950238
17294.049,-25.72655,-0.7452283,0.30136317,0.04946576
18301.924,-25.72655,-0.7462604,0.2989874,0.04924179
19309.8,-25.72655,-0.7455709,0.29673988,0.04880799
20317.676,-25.72655,-0.7432565,0.2952481,0.048247207
21325.55,-25.72655,-0.74003184,0.2947596,0.047700122
22333.428,-25.72655,-0.7368912,0.29511952,0.047310356
23341.303,-25.72655,-0.73474467,0.29589894,0.047178708
24349.178,-25.72655,-0.7341506,0.29659253,0.047336925
25357.053,-25.72655,-0.7351929,0.29680416,0.04774546
26364.928,-25.72655,-0.737515,0.29636243,0.048309993
27372.805,-25.72655,-0.7404732,0.29534432,0.048911102
28380.68,-25.72655,-0.74334276,0.2940155,0.049436282
29388.555,-25.72655,-0.7455188,0.29272184,0.04980554
30396.432,-25.72655,-0.7466542,0.29177162,0.049986556
31404.307,-25.72655,-0.74671435,0.29134533,0.049995206
32412.182,-25.72655,-0.74593866,0.2914546,0.049885124
33420.06,-25.72655,-0.7447429,0.2919544,0.049728848
34427.934,-25.72655,-0.7435857,0.29259938,0.04959763
35435.81,-25.72655,-0.74284244,0.29312202,0.04954357
36443.684,-25.72655,-0.7427163,0.29330912,0.049589176
37451.562,-25.72655,-0.74320245,0.29305685,0.04972507
38459.438,-25.72655,-0.74411297,0.29239103,0.04991617
39467.312,-25.72655,-0.7451413,0.29145133,0.05011337
40475.188,-25.72655,-0.7459569,0.29044694,0.050267525
41483.062,-25.72655,-0.74629426,0.28959644,0.050342493
42490.938,-25.72655,-0.746022,0.28907,0.050323408
43498.812,-25.72655,-0.7451732,0.28894785,0.050219547
44506.69,-25.72655,-0.7439303,0.28920373,0.050060563
45514.566,-25.72655,-0.7425779,0.28971708,0.049888145
46522.44,-25.72655,-0.7414273,0.29030812,0.04974526
47530.316,-25.72655,-0.74074155,0.2907872,0.04966519
48538.19,-25.72655,-0.74067175,0.29100293,0.04966391
49546.066,-25.72655,-0.7412222,0.2908805,0.049736664
50553.938,-25.72655,-0.74225503,0.29043823,0.04985983
51561.812,-25.72655,-0.7435237,0.28977993,0.04999753
52569.688,-25.72655,-0.7447345,0.289066,0.050111037
53577.562,-25.72655,-0.74561906,0.28847092,0.05016867
54585.438,-25.72655,-0.74599564,0.28813756,0.050153844
55593.312,-25.72655,-0.7458106,0.2881397,0.050069503
56601.19,-25.72655,-0.7451496,0.2884639,0.049937177
57609.066,-25.72655,-0.74421036,0.28901297,0.049791817
58616.94,-25.72655,-0.7432554,0.28963134,0.04967261
59624.816,-25.72655,-0.7425412,0.29014653,0.04961302
60632.69,-25.72655,-0.742258,0.29041508,0.04963167
61640.566,-25.72655,-0.7424818,0.29036167,0.04972684
62648.44,-25.72655,-0.7431572,0.29000038,0.049876448
63656.32,-25.72655,-0.74411786,0.28943324,0.050042644
64664.195,-25.72655,-0.74513084,0.2888235,0.0501814
65672.07,-25.72655,-0.7459664,0.28835168,0.05025398
66679.945,-25.72655,-0.74646175,0.28816533,0.050237477
67687.82,-25.72655,-0.74657047,0.28833485,0.05013215
68695.695,-25.72655,-0.7463775,0.28882998,0.049962167
69703.57,-25.72655,-0.7460757,0.28952464,0.049770728
70711.445,-25.72655,-0.74590814,0.29022926,0.049608704
71719.32,-25.72655,-0.7460881,0.29074565,0.049521055
72727.195,-25.72655,-0.74672705,0.29092744,0.04953348
73735.08,-25.72655,-0.7477855,0.29072914,0.049644496
74742.95,-25.72655,-0.7490704,0.2902265,0.049824286
75750.83,-25.72655,-0.7502866,0.28959912,0.050023057
76758.7,-25.72655,-0.7511282,0.28907585,0.050186004
77766.58,-25.72655,-0.7513869,0.28885746,0.05027117
78774.45,-25.72655,-0.7510402,0.28904146,0.050264966
79782.33,-25.72655,-0.7502827,0.28957608,0.05018843
80790.2,-25.72655,-0.7494786,0.2902666,0.050091624
81798.08,-25.72655,-0.7490406,0.290839,0.050035976
82805.95,-25.72655,-0.7492635,0.2910483,0.05006948
83813.83,-25.72655,-0.75018036,0.29079106,0.050203547
84821.7,-25.72655,-0.75150627,0.29017356,0.05040272
85829.58,-25.72655,-0.7527214,0.2894924,0.050594743
86837.45,-25.72655,-0.75328964,0.28911275,0.05070103
87845.33,-25.72655,-0.75294584,0.2892795,0.05067849
88853.2,-25.72655,-0.751904,0.28994748,0.050551634
89861.08,-25.72655,-0.75084245,0.29074293,0.050413184
90868.95,-25.72655,-0.7505697,0.29113474,0.050378613
91876.83,-25.72655,-0.7514714,0.29078826,0.050507545
92884.71,-25.72655,-0.75304973,0.28991047,0.050735828
93892.586,-25.72655,-0.75403726,0.2892641,0.05088741
94900.46,-25.72655,-0.75337535,0.28960162,0.050809495
95908.336,-25.72655,-0.7516363,0.29071206,0.05057486
96916.21,-25.72655,-0.7512622,0.29110357,0.050522763
97924.086,-25.72655,-0.75347596,0.2898314,0.05083207
98931.96,-25.72655,-0.7535497,0.2897112,0.05085022
99939.836,-25.72655,-0.7532798,0.28995377,0.050812624
160.16696,-25.12122,-0.63456714,0.45163006,0.019388251
1168.0425,-25.12122,-0.70345193,0.27798706,0.049500883
2175.918,-25.12122,-0.66170347,0.27936175,0.04792443
3183.7935,-25.12122,-0.642479,0.2720184,0.047484033
4191.669,-25.12122,-0.65162855,0.26583785,0.05120075
5199.5444,-25.12122,-0.67638206,0.27396965,0.056194924
6207.42,-25.12122,-0.7060509,0.29057133,0.060048442
7215.2954,-25.12122,-0.73288345,0.30470517,0.0617046
8223.171,-25.12122,-0.75166667,0.31054434,0.06112211
9231.046,-25.12122,-0.76020944,0.30878034,0.05884364
10238.922,-25.12122,-0.7594916,0.30348194,0.055663057
11246.798,-25.12122,-0.7528217,0.29861945,0.05237379
12254.673,-25.12122,-0.7443223,0.29620644,0.049588256
13262.548,-25.12122,-0.73743767,0.2961764,0.047638882
14270.424,-25.12122,-0.73401594,0.29725707,0.046568453
15278.3,-25.12122,-0.73415005,0.2980299,0.046195198
16286.175,-25.12122,-0.73663956,0.29764906,0.04622046
17294.049,-25.12122,-0.7397524,0.29605603,0.046341114
18301.924,-25.12122,-0.7419559,0.29379147,0.04633464
19309.8,-25.12122,-0.7423936,0.29161432,0.046100467
20317.676,-25.12122,-0.74102217,0.29013893,0.045656648
21325.55,-25.12122,-0.7384487,0.28961992,0.045103572
22333.428,-25.12122,-0.7355965,0.28992054,0.044572204
23341.303,-25.12122,-0.73334,0.2906321,0.044176053
24349.178,-25.12122,-0.7322272,0.2912623,0.0439776
25357.053,-25.12122,-0.7323569,0.29141778,0.043977227
26364.928,-25.12122,-0.7334097,0.29092056,0.04412159
27372.805,-25.12122,-0.7348097,0.2898356,0.044326402
28380.68,-25.12122,-0.73593134,0.28841752,0.044504113
29388.555,-25.12122,-0.7362983,0.28700662,0.04458838
30396.432,-25.12122,-0.73571134,0.2859148,0.044549186
31404.307,-25.12122,-0.73428375,0.28533483,0.04439615
32412.182,-25.12122,-0.73238695,0.2852967,0.04417084
33420.06,-25.12122,-0.73052716,0.2856756,0.04393136
34427.934,-25.12122,-0.72919834,0.28624278,0.043735106
35435.81,-25.12122,-0.7287474,0.2867401,0.043623
36443.684,-25.12122,-0.729289,0.28695354,0.043610238
37451.562,-25.12122,-0.7306837,0.2867685,0.043684553
38459.438,-25.12122,-0.7325814,0.28619277,0.043811806
39467.312,-25.12122,-0.73451334,0.2853438,0.043946825
40475.188,-25.12122,-0.73601013,0.284409,0.044046022
41483.062,-25.12122,-0.7367093,0.28359026,0.04407905
42490.938,-25.12122,-0.7364366,0.28304893,0.04403595
43498.812,-25.12122,-0.73523414,0.28286523,0.043928996
44506.69,-25.12122,-0.73334026,0.283021,0.043788433
45514.566,-25.12122,-0.731125,0.28340954,0.0436543
46522.44,-25.12122,-0.72899646,0.28386784,0.04356551
47530.316,-25.12122,-0.72730714,0.28422093,0.043549925
48538.19,-25.12122,-0.72627544,0.2843294,0.04361716
49546.066,-25.12122,-0.7259451,0.28412312,0.043756403
50553.938,-25.12122,-0.72618586,0.28361967,0.043938585
51561.812,-25.12122,-0.7267363,0.2829168,0.04412408
52569.688,-25.12122,-0.7272762,0.28216594,0.0442722
53577.562,-25.12122,-0.7275096,0.28153297,0.04435109
54585.438,-25.12122,-0.7272401,0.2811539,0.044345796
55593.312,-25.12122,-0.72641784,0.28110075,0.044261992
56601.19,-25.12122,-0.72515154,0.28136232,0.044124767
57609.066,-25.12122,-0.7236773,0.28184795,0.0439726
58616.94,-25.12122,-0.7222982,0.2824106,0.043848075
59624.816,-25.12122,-0.72130525,0.28288552,0.043787304
60632.69,-25.12122,-0.7209005,0.2831339,0.04381078
61640.566,-25.12122,-0.72114456,0.28307992,0.043918017
62648.44,-25.12122,-0.7219366,0.28273207,0.044087537
63656.32,-25.12122,-0.7230402,0.28218174,0.0442817
64664.195,-25.12122,-0.7241414,0.28157896,0.044456672
65672.07,-25.12122,-0.7249321,0.281092,0.044573694
66679.945,-25.12122,-0.7251932,0.28085962,0.04460966
67687.82,-25.12122,-0.7248563,0.2809497,0.044563767
68695.695,-25.12122,-0.7240251,0.2813374,0.044458374
69703.57,-25.12122,-0.7229495,0.28190818,0.044333503
70711.445,-25.12122,-0.72195566,0.28248888,0.044235494
71719.32,-25.12122,-0.7213503,0.28289795,0.04420359
72727.195,-25.12122,-0.72132313,0.2830022,0.044257402
73735.08,-25.12122,-0.721882,0.2827625,0.044389755
74742.95,-25.12122,-0.7228397,0.2822523,0.04456711
75750.83,-25.12122,-0.7238635,0.28164083,0.044738762
76758.7,-25.12122,-0.72458094,0.2811412,0.04485282
77766.58,-25.12122,-0.724705,0.28093827,0.044873953
78774.45,-25.12122,-0.7241491,0.2811179,0.0447977
79782.33,-25.12122,-0.72307765,0.2816243,0.04465527
80790.2,-25.12122,-0.7218685,0.28226846,0.044505503
81798.08,-25.12122,-0.7209841,0.28278908,0.044414543
82805.95,-25.12122,-0.7207882,0.28295588,0.044429667
83813.83,-25.12122,-0.72137344,0.28267634,0.044556253
84821.7,-25.12122,-0.72248006,0.28205806,0.04474941
85829.58,-25.12122,-0.7235648,0.28138918,0.044927105
86837.45,-25.12122,-0.7240319,0.28101912,0.045005683
87845.33,-25.12122,-0.7235453,0.28117797,0.044944152
88853.2,-25.12122,-0.7222792,0.28181583,0.044776894
89861.08,-25.12122,-0.72092915,0.2825678,0.04461018
90868.95,-25.12122,-0.7203745,0.28292298,0.04456941
91876.83,-25.12122,-0.72108096,0.28256485,0.044712886
92884.71,-25.12122,-0.7225773,0.28170073,0.044961236
93892.586,-25.12122,-0.7235279,0.2810709,0.045116648
94900.46,-25.12122,-0.7227534,0.28139672,0.045016326
95908.336,-25.12122,-0.7207805,0.2824642,0.044751897
96916.21,-25.12122,-0.72018695,0.28282654,0.044702806
97924.086,-25.12122,-0.7223704,0.28158087,0.04505481
98931.96,-25.12122,-0.7223885,0.28146443,0.045072258
99939.836,-25.12122,-0.72196543,0.28168958,0.045040883
160.16696,-24.515888,-0.6276347,0.44776803,0.016064696
1168.0425,-24.515888,-0.6818892,0.2717822,0.04481451
2175.918,-24.515888,-0.6413826,0.2732238,0.043252975
3183.7935,-24.515888,-0.6227308,0.26579842,0.042582307
4191.669,-24.515888,-0.6304156,0.25921643,0.046335578
5199.5444,-24.515888,-0.65352964,0.26698023,0.051834855
6207.42,-24.515888,-0.68277025,0.2834885,0.05644954
7215.2954,-24.515888,-0.71070015,0.29782733,0.058815964
8223.171,-24.515888,-0.73168635,0.30405292,0.05869341
9231.046,-24.515888,-0.742851,0.3027021,0.056572035
10238.922,-24.515888,-0.744543,0.29772234,0.05329639
11246.798,-24.515888,-0.7396715,0.29302484,0.04975449
12254.673,-24.515888,-0.7322286,0.2906254,0.046654675
13262.548,-24.515888,-0.72575796,0.29050115,0.044406325
14270.424,-24.515888,-0.72235036,0.2914412,0.043104533
15278.3,-24.515888,-0.72239065,0.29208475,0.042596098
16286.175,-24.515888,-0.724933,0.29162598,0.042589523
17294.049,-24.515888,-0.72840595,0.29002464,0.042769875
18301.924,-24.515888,-0.7313174,0.2878178,0.042887006
19309.8,-24.515888,-0.7327368,0.2857456,0.04280156
20317.676,-24.515888,-0.73246145,0.2843951,0.04248794
21325.55,-24.515888,-0.73090047,0.28399354,0.0420059
22333.428,-24.515888,-0.72878397,0.28438202,0.041456427
23341.303,-24.515888,-0.7268386,0.28513733,0.040938336
24349.178,-24.515888,-0.7255357,0.28576267,0.040517632
25357.053,-24.515888,-0.7249756,0.28586873,0.040214412
26364.928,-24.515888,-0.72491634,0.28528705,0.040007073
27372.805,-24.515888,-0.7249124,0.28409576,0.03984837
28380.68,-24.515888,-0.7244973,0.28256285,0.039686248
29388.555,-24.515888,-0.72335345,0.28104055,0.039482437
30396.432,-24.515888,-0.721419,0.27984893,0.039223593
31404.307,-24.515888,-0.7189038,0.27918574,0.038923316
32412.182,-24.515888,-0.7162281,0.27908248,0.03861587
33420.06,-24.515888,-0.7139015,0.27941307,0.038343996
34427.934,-24.515888,-0.7123811,0.27994588,0.038145564
35435.81,-24.515888,-0.7119531,0.28041917,0.038042516
36443.684,-24.515888,-0.7126584,0.28061578,0.03803487
37451.562,-24.515888,-0.7142867,0.28041837,0.038101077
38459.438,-24.515888,-0.71642774,0.27983284,0.038204312
39467.312,-24.515888,-0.71857166,0.27897564,0.038302135
40475.188,-24.515888,-0.72022545,0.2780336,0.038357653
41483.062,-24.515888,-0.7210203,0.2772083,0.038348258
42490.938,-24.515888,-0.7207848,0.27666035,0.038271107
43498.812,-24.515888,-0.71957093,0.27646887,0.03814284
44506.69,-24.515888,-0.71762514,0.2766142,0.03799521
45514.566,-24.515888,-0.7153203,0.27698842,0.037866414
46522.44,-24.515888,-0.7130623,0.27742624,0.03779138
47530.316,-24.515888,-0.7111966,0.27775186,0.0377932
48538.19,-24.515888,-0.7099311,0.27782476,0.037877217
49546.066,-24.515888,-0.7093018,0.27757552,0.038029566
50553.938,-24.515888,-0.70917666,0.27702266,0.03822051
51561.812,-24.515888,-0.7093016,0.27626637,0.038411368
52569.688,-24.515888,-0.7093736,0.27546132,0.038563438
53577.562,-24.515888,-0.70912325,0.27477655,0.038647376
54585.438,-24.515888,-0.7083877,0.27435166,0.03864982
55593.312,-24.515888,-0.7071514,0.27426115,0.03857674
56601.19,-24.515888,-0.7055528,0.27449614,0.038451836
57609.066,-24.515888,-0.70384824,0.2749659,0.03831096
58616.94,-24.515888,-0.7023467,0.2755224,0.038193554
59624.816,-24.515888,-0.7013281,0.2759983,0.038133368
60632.69,-24.515888,-0.7009678,0.27625105,0.038150236
61640.566,-24.515888,-0.70128655,0.2762,0.03824555
62648.44,-24.515888,-0.7021364,0.2758486,0.038402088
63656.32,-24.515888,-0.7032326,0.2752836,0.038588773
64664.195,-24.515888,-0.7042206,0.27465147,0.038768716
65672.07,-24.515888,-0.7047653,0.27411848,0.038909312
66679.945,-24.515888,-0.7046387,0.2738233,0.03899082
67687.82,-24.515888,-0.70378363,0.273836,0.039011855
68695.695,-24.515888,-0.7023343,0.27413577,0.038989834
69703.57,-24.515888,-0.7005853,0.27461416,0.038955607
70711.445,-24.515888,-0.6989147,0.27510458,0.038944118
71719.32,-24.515888,-0.69768035,0.27543223,0.038982995
72727.195,-24.515888,-0.6971135,0.2754699,0.039082702
73735.08,-24.515888,-0.69724816,0.27518213,0.039231308
74742.95,-24.515888,-0.69790316,0.27464345,0.039396312
75750.83,-24.515888,-0.6987313,0.27402118,0.039533615
76758.7,-24.515888,-0.6993284,0.2735243,0.039601617
77766.58,-24.515888,-0.6993678,0.27333084,0.03957651
78774.45,-24.515888,-0.69872177,0.27351943,0.03946348
79782.33,-24.515888,-0.6975222,0.2740287,0.03929879
80790.2,-24.515888,-0.6961309,0.27466536,0.03914036
81798.08,-24.515888,-0.69501346,0.2751675,0.039048657
82805.95,-24.515888,-0.6945555,0.2753083,0.03906272
83813.83,-24.515888,-0.6948825,0.27500054,0.03918065
84821.7,-24.515888,-0.6957671,0.274359,0.03935452
85829.58,-24.515888,-0.6966877,0.27367634,0.039505538
86837.45,-24.515888,-0.69704926,0.2733037,0.039557826
87845.33,-24.515888,-0.6964945,0.27346805,0.03947916
88853.2,-24.515888,-0.6951614,0.27411187,0.03930869
89861.08,-24.515888,-0.69370914,0.27486256,0.039149962
90868.95,-24.515888,-0.6930021,0.2752047,0.03911898
91876.83,-24.515888,-0.6935221,0.27482474,0.039263338
92884.71,-24.515888,-0.69484603,0.27393997,0.039500415
93892.586,-24.515888,-0.69568706,0.27330235,0.039641447
94900.46,-24.515888,-0.694874,0.27363682,0.039539244
95908.336,-24.515888,-0.69287086,0.27471638,0.03929077
96916.21,-24.515888,-0.69216204,0.27507222,0.03925682
97924.086,-24.515888,-0.6941525,0.2738012,0.039600514
98931.96,-24.515888,-0.6941079,0.2736881,0.039616734
99939.836,-24.515888,-0.6935953,0.27391177,0.0395986
160.16696,-23.910557,-0.62111425,0.4440563,0.012823194
1168.0425,-23.910557,-0.65956795,0.2656687,0.040151533
2175.918,-23.910557,-0.62101096,0.26702705,0.038579766
3183.7935,-23.910557,-0.60374177,0.2595195,0.037663974
4191.669,-23.910557,-0.6112468,0.2525579,0.04161041
5199.5444,-23.910557,-0.6337459,0.2598118,0.04775013
6207.42,-23.910557,-0.6625108,0.27590448,0.0530237
7215.2954,-23.910557,-0.69027793,0.29007915,0.05573234
8223.171,-23.910557,-0.71145916,0.29643485,0.05557894
9231.046,-23.910557,-0.72311974,0.2954393,0.05319444
10238.922,-23.910557,-0.7254294,0.2909014,0.049607813
11246.798,-23.910557,-0.7210348,0.28658447,0.04582897
12254.673,-23.910557,-0.71368885,0.28440106,0.042596307
13262.548,-23.910557,-0.70682174,0.28429386,0.040283892
14270.424,-23.910557,-0.7025839,0.28508684,0.038931116
15278.3,-23.910557,-0.70156795,0.28549856,0.03834583
16286.175,-23.910557,-0.7031053,0.28481477,0.038229782
17294.049,-23.910557,-0.70587337,0.28306878,0.03828961
18301.924,-23.910557,-0.7085278,0.28083435,0.038308866
19309.8,-23.910557,-0.7101514,0.27884877,0.038176622
20317.676,-23.910557,-0.7104321,0.27766526,0.03787857
21325.55,-23.910557,-0.70959365,0.27745938,0.037465185
22333.428,-23.910557,-0.7081678,0.27802274,0.037012056
23341.303,-23.910557,-0.7067241,0.27889672,0.036586147
24349.178,-23.910557,-0.705655,0.27957064,0.036225036
25357.053,-23.910557,-0.7050667,0.27966198,0.035931773
26364.928,-23.910557,-0.70479333,0.27902594,0.03568266
27372.805,-23.910557,-0.7045006,0.2777701,0.035441987
28380.68,-23.910557,-0.703833,0.27618933,0.035178494
29388.555,-23.910557,-0.7025486,0.2746532,0.03487739
30396.432,-23.910557,-0.7006096,0.27348572,0.034545675
31404.307,-23.910557,-0.69819444,0.2728756,0.034209583
32412.182,-23.910557,-0.6956516,0.272836,0.033906456
33420.06,-23.910557,-0.69339937,0.2732195,0.03367313
34427.934,-23.910557,-0.6918144,0.2737758,0.033535648
35435.81,-23.910557,-0.6911336,0.27423167,0.033501223
36443.684,-23.910557,-0.691395,0.2743691,0.03355633
37451.562,-23.910557,-0.6924341,0.27407995,0.033669807
38459.438,-23.910557,-0.69392705,0.27338699,0.03380012
39467.312,-23.910557,-0.69546986,0.27242738,0.03390522
40475.188,-23.910557,-0.69667494,0.2714073,0.033951987
41483.062,-23.910557,-0.6972557,0.27054244,0.033923544
42490.938,-23.910557,-0.69708323,0.26999944,0.033822335
43498.812,-23.910557,-0.6962053,0.2698546,0.033668615
44506.69,-23.910557,-0.694821,0.27007723,0.033495225
45514.566,-23.910557,-0.69322145,0.27054346,0.033339277
46522.44,-23.910557,-0.69171596,0.2710705,0.03323366
47530.316,-23.910557,-0.6905552,0.27146712,0.03319925
48538.19,-23.910557,-0.68987465,0.27158266,0.033240773
49546.066,-23.910557,-0.68966836,0.27134445,0.03334578
50553.938,-23.910557,-0.6897998,0.2707751,0.033488132
51561.812,-23.910557,-0.6900429,0.2699841,0.03363422
52569.688,-23.910557,-0.6901458,0.2691385,0.033750847
53577.562,-23.910557,-0.6899004,0.26841956,0.033812933
54585.438,-23.910557,-0.6891968,0.26797643,0.033808798
55593.312,-23.910557,-0.6880561,0.2678881,0.033743065
56601.19,-23.910557,-0.68662673,0.26814437,0.033634745
57609.066,-23.910557,-0.68515027,0.26864803,0.03351283
58616.94,-23.910557,-0.6838982,0.2692418,0.03340919
59624.816,-23.910557,-0.68310404,0.2697477,0.033351067
60632.69,-23.910557,-0.68289816,0.2700146,0.0333547
61640.566,-23.910557,-0.6832682,0.2699574,0.033421747
62648.44,-23.910557,-0.684055,0.26957998,0.033539634
63656.32,-23.910557,-0.68498516,0.26897377,0.033685066
64664.195,-23.910557,-0.6857348,0.26829353,0.03383053
65672.07,-23.910557,-0.68601084,0.26771483,0.033951886
66679.945,-23.910557,-0.68562853,0.26738355,0.034034893
67687.82,-23.910557,-0.6845631,0.2673742,0.03407918
68695.695,-23.910557,-0.68296427,0.2676653,0.0340977
69703.57,-23.910557,-0.6811234,0.2681436,0.03411285
70711.445,-23.910557,-0.679399,0.26863548,0.034148835
71719.32,-23.910557,-0.6781231,0.26895872,0.03422324
72727.195,-23.910557,-0.67750394,0.2689813,0.034339942
73735.08,-23.910557,-0.67756593,0.26866728,0.034486
74742.95,-23.910557,-0.6781342,0.26809576,0.034633778
75750.83,-23.910557,-0.67888516,0.26744232,0.03474892
76758.7,-23.910557,-0.67944413,0.2669247,0.034801006
77766.58,-23.910557,-0.67951024,0.26672813,0.03477566
78774.45,-23.910557,-0.6789637,0.26693282,0.034681816
79782.33,-23.910557,-0.6779206,0.26747188,0.034552343
80790.2,-23.910557,-0.6767036,0.26814127,0.034435444
81798.08,-23.910557,-0.67572874,0.26866692,0.03437847
82805.95,-23.910557,-0.6753404,0.26881152,0.034409307
83813.83,-23.910557,-0.67564917,0.26848587,0.03452203
84821.7,-23.910557,-0.6764511,0.26781243,0.03467445
85829.58,-23.910557,-0.6772819,0.26709947,0.0348017
86837.45,-23.910557,-0.677612,0.2667144,0.03484453
87845.33,-23.910557,-0.67712533,0.26689327,0.034781016
88853.2,-23.910557,-0.6759471,0.2675734,0.034647282
89861.08,-23.910557,-0.67466354,0.26836294,0.03452897
90868.95,-23.910557,-0.6740414,0.26872104,0.034518242
91876.83,-23.910557,-0.6745054,0.26832163,0.034648623
92884.71,-23.910557,-0.6756761,0.2673955,0.034848463
93892.586,-23.910557,-0.6764125,0.2667321,0.03496428
94900.46,-23.910557,-0.67567873,0.2670895,0.03488184
95908.336,-23.910557,-0.6738937,0.26822567,0.03468658
96916.21,-23.910557,-0.6732583,0.2685994,0.034671143
97924.086,-23.910557,-0.6750097,0.26726863,0.03495826
98931.96,-23.910557,-0.6749488,0.26715657,0.03497243
99939.836,-23.910557,-0.6744789,0.2673942,0.034966424
160.16696,-23.305227,-0.6147159,0.4403529,0.009630807
1168.0425,-23.305227,-0.6362946,0.2595821,0.035456058
2175.918,-23.305227,-0.60014904,0.2608069,0.033910897
3183.7935,-23.305227,-0.58527803,0.25334388,0.032881495
4191.669,-23.305227,-0.59289217,0.24585344,0.03698331
5199.5444,-23.305227,-0.614188,0.2521539,0.043516304
6207.42,-23.305227,-0.64144397,0.2673455,0.04909985
7215.2954,-23.305227,-0.66799957,0.28105855,0.05182853
8223.171,-23.305227,-0.68850243,0.28751367,0.05143307
9231.046,-23.305227,-0.6999554,0.28705233,0.048713606
10238.922,-23.305227,-0.70226383,0.28322697,0.04486898
11246.798,-23.305227,-0.6977402,0.2795446,0.040990904
12254.673,-23.305227,-0.68987334,0.27774906,0.037797447
13262.548,-23.305227,-0.68199074,0.27773523,0.03557785
14270.424,-23.305227,-0.67631817,0.27838194,0.03427584
15278.3,-23.305227,-0.6736529,0.27852002,0.033635594
16286.175,-23.305227,-0.67357814,0.27755618,0.03334672
17294.049,-23.305227,-0.6749871,0.2756139,0.033150464
18301.924,-23.305227,-0.67666274,0.27330965,0.032893237
19309.8,-23.305227,-0.67771214,0.2713746,0.032531545
20317.676,-23.305227,-0.6777663,0.2703218,0.032102697
21325.55,-23.305227,-0.67695284,0.270275,0.031682342
22333.428,-23.305227,-0.67571354,0.27097872,0.031342864
23341.303,-23.305227,-0.67456543,0.27194732,0.03112569
24349.178,-23.305227,-0.6738967,0.27266556,0.031030823
25357.053,-23.305227,-0.6738487,0.27276745,0.031021852
26364.928,-23.305227,-0.6743017,0.2721351,0.031042464
27372.805,-23.305227,-0.674954,0.2709045,0.03103596
28380.68,-23.305227,-0.67543745,0.26939,0.030962419
29388.555,-23.305227,-0.6754468,0.2679664,0.030809108
30396.432,-23.305227,-0.67482805,0.26694772,0.030591521
31404.307,-23.305227,-0.6736143,0.2665008,0.030347198
32412.182,-23.305227,-0.6720045,0.26661086,0.030123565
33420.06,-23.305227,-0.6702977,0.26710367,0.029964998
34427.934,-23.305227,-0.6688046,0.26771,0.029900696
35435.81,-23.305227,-0.66776675,0.26815006,0.029938135
36443.684,-23.305227,-0.66729903,0.26821202,0.030061625
37451.562,-23.305227,-0.66737175,0.2678062,0.030236904
38459.438,-23.305227,-0.66782916,0.26698065,0.030419558
39467.312,-23.305227,-0.66844195,0.26589954,0.030565366
40475.188,-23.305227,-0.6689713,0.26479244,0.030640122
41483.062,-23.305227,-0.6692318,0.2638905,0.030626474
42490.938,-23.305227,-0.6691351,0.26336488,0.030526774
43498.812,-23.305227,-0.66870743,0.26328656,0.030361148
44506.69,-23.305227,-0.6680727,0.26361063,0.03016245
45514.566,-23.305227,-0.6674168,0.26419428,0.029967915
46522.44,-23.305227,-0.66693187,0.26483542,0.029811136
47530.316,-23.305227,-0.6667649,0.26532772,0.029714776
48538.19,-23.305227,-0.6669766,0.26551062,0.02968656
49546.066,-23.305227,-0.66752505,0.26531005,0.029718505
50553.938,-23.305227,-0.6682768,0.26475376,0.029789766
51561.812,-23.305227,-0.6690384,0.26396137,0.029872324
52569.688,-23.305227,-0.66960603,0.2631121,0.029937819
53577.562,-23.305227,-0.66981816,0.26239753,0.029964305
54585.438,-23.305227,-0.6695969,0.2619738,0.029940955
55593.312,-23.305227,-0.66896975,0.2619202,0.02987044
56601.19,-23.305227,-0.66806483,0.2622222,0.029767428
57609.066,-23.305227,-0.6670809,0.2627737,0.02965489
58616.94,-23.305227,-0.66623926,0.26340708,0.029558066
59624.816,-23.305227,-0.6657259,0.26393506,0.029498428
60632.69,-23.305227,-0.6656438,0.26420143,0.029488266
61640.566,-23.305227,-0.66598266,0.26412162,0.029528033
62648.44,-23.305227,-0.66661793,0.26370567,0.029606633
63656.32,-23.305227,-0.6673372,0.2630564,0.029704504
64664.195,-23.305227,-0.66789496,0.26234153,0.029799215
65672.07,-23.305227,-0.6680734,0.26174828,0.029871587
66679.945,-23.305227,-0.667745,0.26143068,0.029911168
67687.82,-23.305227,-0.6669102,0.2614644,0.029919006
68695.695,-23.305227,-0.6657056,0.26182228,0.0299077
69703.57,-23.305227,-0.66437286,0.2623797,0.029897235
70711.445,-23.305227,-0.66319835,0.26294827,0.029909201
71719.32,-23.305227,-0.6624354,0.26333174,0.029959373
72727.195,-23.305227,-0.6622304,0.26338854,0.030052066
73735.08,-23.305227,-0.6625743,0.26308015,0.03017725
74742.95,-23.305227,-0.6633023,0.26249102,0.03031259
75750.83,-23.305227,-0.6641333,0.2618081,0.030429434
76758.7,-23.305227,-0.6647599,0.26126382,0.030501962
77766.58,-23.305227,-0.66494733,0.2610558,0.030516736
78774.45,-23.305227,-0.66461897,0.26127145,0.030478552
79782.33,-23.305227,-0.66389644,0.26184177,0.030411586
80790.2,-23.305227,-0.66306543,0.26255357,0.030352455
81798.08,-23.305227,-0.66247725,0.26311782,0.03033759
82805.95,-23.305227,-0.6624068,0.2632845,0.030388914
83813.83,-23.305227,-0.6629217,0.26295832,0.030501902
84821.7,-23.305227,-0.6638224,0.26226556,0.03064407
85829.58,-23.305227,-0.6646975,0.26152843,0.030765403
86837.45,-23.305227,-0.66509825,0.2611317,0.030819714
87845.33,-23.305227,-0.66477525,0.2613238,0.030789953
88853.2,-23.305227,-0.66386503,0.26204053,0.030703932
89861.08,-23.305227,-0.6628915,0.26287314,0.030627672
90868.95,-23.305227,-0.66251403,0.26325712,0.030632444
91876.83,-23.305227,-0.66307616,0.26285046,0.030744188
92884.71,-23.305227,-0.6642173,0.26189265,0.030907672
93892.586,-23.305227,-0.66493535,0.26120678,0.031004913
94900.46,-23.305227,-0.6643553,0.26158404,0.030948374
95908.336,-23.305227,-0.66288173,0.26277384,0.030804172
96916.21,-23.305227,-0.662445,0.26317057,0.030797353
97924.086,-23.305227,-0.6640763,0.26179084,0.03102158
98931.96,-23.305227,-0.6640682,0.26167834,0.031034138
99939.836,-23.305227,-0.6637388,0.26193124,0.031030588
160.16696,-22.699896,-0.6078582,0.43644655,0.0064084083
1168.0425,-22.699896,-0.61218905,0.25344002,0.030689038
2175.918,-22.699896,-0.57842904,0.25457105,0.02925849
3183.7935,-22.699896,-0.56696224,0.24745381,0.028407294
4191.669,-22.699896,-0.5738113,0.2392154,0.032428015
5199.5444,-22.699896,-0.591635,0.24394013,0.03873807
6207.42,-22.699896,-0.61549664,0.25769326,0.044117436
7215.2954,-22.699896,-0.6403768,0.27079418,0.046743587
8223.171,-22.699896,-0.661047,0.2775709,0.046356652
9231.046,-22.699896,-0.67370176,0.27804157,0.04372853
10238.922,-22.699896,-0.67724526,0.27529585,0.04001904
11246.798,-22.699896,-0.67328763,0.272472,0.036282506
12254.673,-22.699896,-0.66507936,0.2711409,0.03320351
13262.548,-22.699896,-0.6560905,0.27121186,0.031041875
14270.424,-22.699896,-0.64888364,0.27169198,0.029718876
15278.3,-22.699896,-0.6446024,0.27157074,0.028967042
16286.175,-22.699896,-0.6430658,0.2703811,0.028479822
17294.049,-22.699896,-0.6432592,0.26831135,0.028019812
18301.924,-22.699896,-0.64394546,0.26598164,0.027470116
19309.8,-22.699896,-0.6441599,0.2640886,0.026832882
20317.676,-22.699896,-0.64347744,0.26309732,0.026192509
21325.55,-22.699896,-0.64202523,0.26309264,0.025663003
22333.428,-22.699896,-0.6403073,0.26380312,0.025340486
23341.303,-22.699896,-0.63894975,0.2647502,0.025270585
24349.178,-22.699896,-0.6384573,0.26544237,0.025438435
25357.053,-22.699896,-0.6390561,0.26554358,0.025777534
26364.928,-22.699896,-0.640646,0.2649599,0.026191913
27372.805,-22.699896,-0.6428646,0.2638383,0.02658346
28380.68,-22.699896,-0.6452094,0.2624885,0.026875708
29388.555,-22.699896,-0.6471864,0.2612664,0.027029198
30396.432,-22.699896,-0.64843524,0.2604583,0.0270457
31404.307,-22.699896,-0.6487992,0.26020163,0.026961721
32412.182,-22.699896,-0.6483356,0.2604574,0.026834648
33420.06,-22.699896,-0.6472718,0.2610368,0.026725467
34427.934,-22.699896,-0.64592314,0.26166818,0.026683144
35435.81,-22.699896,-0.64460397,0.26208013,0.02673328
36443.684,-22.699896,-0.643553,0.26207793,0.026874006
37451.562,-22.699896,-0.6428905,0.2615921,0.027078535
38459.438,-22.699896,-0.64260995,0.2606907,0.027303517
39467.312,-22.699896,-0.6426065,0.25955355,0.027500574
40475.188,-22.699896,-0.6427278,0.25841922,0.027627803
41483.062,-22.699896,-0.64282775,0.25752017,0.027659109
42490.938,-22.699896,-0.6428142,0.25702325,0.02758906
43498.812,-22.699896,-0.64267564,0.25699037,0.027432933
44506.69,-22.699896,-0.6424795,0.2573672,0.02722208
45514.566,-22.699896,-0.6423507,0.2580018,0.02699583
46522.44,-22.699896,-0.6424284,0.25868666,0.02679259
47530.316,-22.699896,-0.6428257,0.2592129,0.026641374
48538.19,-22.699896,-0.6435898,0.25942248,0.026556475
49546.066,-22.699896,-0.64468277,0.2592452,0.026535248
50553.938,-22.699896,-0.64598566,0.25871384,0.026560606
51561.812,-22.699896,-0.6473216,0.2579521,0.026606008
52569.688,-22.699896,-0.6484952,0.25714087,0.026642594
53577.562,-22.699896,-0.6493399,0.2564711,0.026646711
54585.438,-22.699896,-0.6497556,0.25609392,0.026605286
55593.312,-22.699896,-0.6497333,0.2560832,0.026518837
56601.19,-22.699896,-0.64935875,0.2564175,0.026400708
57609.066,-22.699896,-0.6487888,0.25698572,0.02627346
58616.94,-22.699896,-0.64821535,0.25761703,0.026162513
59624.816,-22.699896,-0.64781594,0.2581255,0.026089728
60632.69,-22.699896,-0.64771104,0.25835952,0.026067361
61640.566,-22.699896,-0.64793336,0.25824246,0.026094824
62648.44,-22.699896,-0.6484191,0.25779405,0.026158627
63656.32,-22.699896,-0.6490297,0.2571266,0.026235841
64664.195,-22.699896,-0.6495867,0.2564155,0.02629999
65672.07,-22.699896,-0.64992505,0.25585234,0.02632846
66679.945,-22.699896,-0.6499429,0.2555908,0.0263086
67687.82,-22.699896,-0.64963454,0.2557019,0.026241995
68695.695,-22.699896,-0.6490989,0.2561503,0.026144583
69703.57,-22.699896,-0.6485152,0.25680116,0.026042897
70711.445,-22.699896,-0.64809674,0.2574557,0.025967084
71719.32,-22.699896,-0.6480266,0.2579094,0.025942393
72727.195,-22.699896,-0.648397,0.2580156,0.025981467
73735.08,-22.699896,-0.64917505,0.25773495,0.02608005
74742.95,-22.699896,-0.650201,0.2571545,0.026217245
75750.83,-22.699896,-0.651228,0.2564673,0.026361268
76758.7,-22.699896,-0.6520008,0.2559131,0.026479084
77766.58,-22.699896,-0.6523378,0.25569603,0.026547242
78774.45,-22.699896,-0.6522057,0.25590837,0.026560515
79782.33,-22.699896,-0.6517452,0.2564834,0.026535083
80790.2,-22.699896,-0.65123475,0.25720677,0.026503332
81798.08,-22.699896,-0.6509942,0.2577869,0.026502874
82805.95,-22.699896,-0.6512583,0.25797006,0.026560444
83813.83,-22.699896,-0.6520604,0.25765696,0.026678998
84821.7,-22.699896,-0.6531845,0.2569729,0.026832502
85829.58,-22.699896,-0.6542297,0.25624,0.026973896
86837.45,-22.699896,-0.654778,0.25584477,0.027055126
87845.33,-22.699896,-0.6546153,0.25603834,0.02705298
88853.2,-22.699896,-0.6539005,0.2567586,0.026987262
89861.08,-22.699896,-0.6531539,0.2575974,0.026918933
90868.95,-22.699896,-0.65300345,0.25798962,0.026919521
91876.83,-22.699896,-0.65375465,0.25759107,0.027021848
92884.71,-22.699896,-0.6550321,0.2566394,0.027180508
93892.586,-22.699896,-0.65585965,0.25595635,0.027283158
94900.46,-22.699896,-0.6554115,0.2563339,0.027238276
95908.336,-22.699896,-0.65411806,0.25752422,0.027099177
96916.21,-22.699896,-0.6538618,0.2579242,0.027081218
97924.086,-22.699896,-0.6556015,0.25654998,0.027287895
98931.96,-22.699896,-0.65569896,0.2564373,0.027301174
99939.836,-22.699896,-0.6555117,0.25669083,0.027286235
160.16696,-22.094566,-0.60004914,0.4321823,0.0030929819
1168.0425,-22.094566,-0.5876327,0.24721527,0.025855552
2175.918,-22.094566,-0.55583984,0.24831651,0.024648875
3183.7935,-22.094566,-0.5485256,0.24192727,0.024348147
4191.669,-22.094566,-0.55307937,0.23275593,0.027944826
5199.5444,-22.094566,-0.56442916,0.23531106,0.033247154
6207.42,-22.094566,-0.58280414,0.24717343,0.03789459
7215.2954,-22.094566,-0.6061301,0.25965044,0.040514667
8223.171,-22.094566,-0.6290177,0.26710868,0.040752783
9231.046,-22.094566,-0.6457238,0.26898712,0.038997486
10238.922,-22.094566,-0.6530607,0.2676824,0.036032584
11246.798,-22.094566,-0.6513817,0.26586765,0.032709096
12254.673,-22.094566,-0.6437139,0.26497874,0.029700346
13262.548,-22.094566,-0.63402545,0.26504555,0.027376737
14270.424,-22.094566,-0.62562007,0.26530585,0.025800273
15278.3,-22.094566,-0.6202369,0.26496127,0.024807662
16286.175,-22.094566,-0.6179671,0.26366344,0.024134383
17294.049,-22.094566,-0.61775506,0.26161578,0.02353245
18301.924,-22.094566,-0.61814266,0.2593821,0.022850182
19309.8,-22.094566,-0.61793137,0.25757736,0.022060513
20317.676,-22.094566,-0.61656976,0.25660393,0.021242421
21325.55,-22.094566,-0.6142187,0.25652444,0.020532578
22333.428,-22.094566,-0.6115562,0.25708878,0.020068184
23341.303,-22.094566,-0.6094535,0.25786823,0.019939095
24349.178,-22.094566,-0.6086426,0.25842944,0.020161409
25357.053,-22.094566,-0.60949033,0.25848103,0.020675875
26364.928,-22.094566,-0.6119127,0.25794834,0.021367595
27372.805,-22.094566,-0.61543816,0.25696942,0.022098206
28380.68,-22.094566,-0.6193652,0.25582147,0.022740148
29388.555,-22.094566,-0.6229633,0.25481665,0.023204368
30396.432,-22.094566,-0.62565416,0.25419894,0.023455437
31404.307,-22.094566,-0.6271268,0.25407553,0.0235115
32412.182,-22.094566,-0.62737095,0.25439566,0.023432177
33420.06,-22.094566,-0.62663305,0.25497696,0.023297988
34427.934,-22.094566,-0.625316,0.25556862,0.02318786
35435.81,-22.094566,-0.623859,0.25592658,0.023159832
36443.684,-22.094566,-0.62262625,0.25588185,0.023239385
37451.562,-22.094566,-0.62183493,0.25538284,0.023416754
38459.438,-22.094566,-0.62152994,0.25450343,0.023653291
39467.312,-22.094566,-0.6216088,0.2534175,0.02389406
40475.188,-22.094566,-0.62187797,0.252348,0.024082927
41483.062,-22.094566,-0.62212884,0.25150877,0.024176715
42490.938,-22.094566,-0.6222057,0.25104895,0.02415504
43498.812,-22.094566,-0.6220511,0.25101927,0.024023714
44506.69,-22.094566,-0.62172,0.25136307,0.023812007
45514.566,-22.094566,-0.62135905,0.25193632,0.02356416
46522.44,-22.094566,-0.62116086,0.25254577,0.02332835
47530.316,-22.094566,-0.6213077,0.2530008,0.023144998
48538.19,-22.094566,-0.621916,0.25315973,0.023038149
49546.066,-22.094566,-0.6230014,0.2529644,0.02301083
50553.938,-22.094566,-0.6244682,0.25245076,0.023045748
51561.812,-22.094566,-0.62612796,0.25173742,0.023111176
52569.688,-22.094566,-0.62774146,0.25099328,0.023169797
53577.562,-22.094566,-0.6290745,0.25039205,0.023188483
54585.438,-22.094566,-0.6299521,0.25006875,0.023146763
55593.312,-22.094566,-0.6302972,0.25008392,0.023042116
56601.19,-22.094566,-0.6301487,0.25041023,0.02288998
57609.066,-22.094566,-0.6296481,0.25093806,0.022719763
58616.94,-22.094566,-0.62900424,0.25150612,0.022566717
59624.816,-22.094566,-0.6284411,0.2519428,0.022462532
60632.69,-22.094566,-0.628142,0.2521128,0.022426419
61640.566,-22.094566,-0.6282075,0.25195295,0.022459526
62648.44,-22.094566,-0.62863445,0.25149226,0.022543952
63656.32,-22.094566,-0.629321,0.2508447,0.022646587
64664.195,-22.094566,-0.63010263,0.25018093,0.022727437
65672.07,-22.094566,-0.63080215,0.24968243,0.022750419
66679.945,-22.094566,-0.6312852,0.24949092,0.02269319
67687.82,-22.094566,-0.63150257,0.24966657,0.022554446
68695.695,-22.094566,-0.63150966,0.250167,0.022355668
69703.57,-22.094566,-0.63145095,0.2508557,0.02213664
70711.445,-22.094566,-0.63151586,0.25153708,0.021945704
71719.32,-22.094566,-0.6318771,0.25201315,0.021826945
72727.195,-22.094566,-0.6326258,0.2521435,0.021807496
73735.08,-22.094566,-0.6337317,0.251892,0.021889381
74742.95,-22.094566,-0.63503575,0.25134504,0.022047762
75750.83,-22.094566,-0.63628894,0.2506891,0.022237502
76758.7,-22.094566,-0.63723075,0.2501556,0.022406682
77766.58,-22.094566,-0.637678,0.24994104,0.022513218
78774.45,-22.094566,-0.63760585,0.25013432,0.022539385
79782.33,-22.094566,-0.63717383,0.25067315,0.022499137
80790.2,-22.094566,-0.6366934,0.25135434,0.022434182
81798.08,-22.094566,-0.6365213,0.25190187,0.022399053
82805.95,-22.094566,-0.63691866,0.2520749,0.022438567
83813.83,-22.094566,-0.6379218,0.25177976,0.022566535
84821.7,-22.094566,-0.6392888,0.25113398,0.022755079
85829.58,-22.094566,-0.6405671,0.25044146,0.022941716
86837.45,-22.094566,-0.64128137,0.2500671,0.02305578
87845.33,-22.094566,-0.641186,0.25024673,0.02305561
88853.2,-22.094566,-0.64045626,0.2509221,0.02295864
89861.08,-22.094566,-0.6396821,0.25170833,0.022843964
90868.95,-22.094566,-0.63958234,0.2520736,0.02281427
91876.83,-22.094566,-0.640514,0.2516946,0.022926182
92884.71,-22.094566,-0.6420581,0.2507957,0.023128483
93892.586,-22.094566,-0.6430991,0.2501504,0.023268372
94900.46,-22.094566,-0.64268214,0.25050277,0.023208246
95908.336,-22.094566,-0.6412843,0.25161797,0.023005266
96916.21,-22.094566,-0.64106184,0.2519878,0.02295456
97924.086,-22.094566,-0.64313656,0.25068963,0.023220249
98931.96,-22.094566,-0.64334667,0.2505797,0.02323823
99939.836,-22.094566,-0.6432108,0.25081128,0.023199439
160.16696,-21.489235,-0.59115076,0.42753538,-0.00032167137
1168.0425,-21.489235,-0.563114,0.24096408,0.021007132
2175.918,-21.489235,-0.5327403,0.24204755,0.02011795
3183.7935,-21.489235,-0.5298984,0.23669362,0.0207013
4191.669,-21.489235,-0.5307926,0.22651808,0.023564335
5199.5444,-21.489235,-0.53326976,0.22654031,0.02717913
6207.42,-21.489235,-0.5446266,0.23624983,0.030700084
7215.2954,-21.489235,-0.5667899,0.24815461,0.033530753
8223.171,-21.489235,-0.5939822,0.25659823,0.03509324
9231.046,-21.489235,-0.6175747,0.26024452,0.035028417
10238.922,-21.489235,-0.63134444,0.26062652,0.033406958
11246.798,-21.489235,-0.63386285,0.25988907,0.03071843
12254.673,-21.489235,-0.62789,0.25937438,0.027661148
13262.548,-21.489235,-0.61816233,0.25932518,0.024875268
14270.424,-21.489235,-0.6090741,0.25929847,0.022748549
15278.3,-21.489235,-0.6032232,0.2587523,0.021356344
16286.175,-21.489235,-0.60106355,0.25745273,0.020525016
17294.049,-21.489235,-0.60144055,0.2555776,0.019964345
18301.924,-21.489235,-0.6025324,0.25358132,0.019405723
19309.8,-21.489235,-0.6027496,0.2519555,0.018697504
20317.676,-21.489235,-0.6013001,0.25102,0.017837368
21325.55,-21.489235,-0.5983293,0.25082102,0.016945492
22333.428,-21.489235,-0.5946974,0.2511522,0.016200934
23341.303,-21.489235,-0.59156096,0.25166404,0.015769508
24349.178,-21.489235,-0.58993036,0.25200516,0.015745807
25357.053,-21.489235,-0.590356,0.2519414,0.016126338
26364.928,-21.489235,-0.59279853,0.25141695,0.016814586
27372.805,-21.489235,-0.59669757,0.25054866,0.01765263
28380.68,-21.489235,-0.6011781,0.24956578,0.018465813
29388.555,-21.489235,-0.60531473,0.24872313,0.019107036
30396.432,-21.489235,-0.60837495,0.24821676,0.019488506
31404.307,-21.489235,-0.6099746,0.24812736,0.01959515
32412.182,-21.489235,-0.6101251,0.24840453,0.019478291
33420.06,-21.489235,-0.60917205,0.24889036,0.01923344
34427.934,-21.489235,-0.60765696,0.24937202,0.018971018
35435.81,-21.489235,-0.6061545,0.24964593,0.018786874
36443.684,-21.489235,-0.60511637,0.24957328,0.018739857
37451.562,-21.489235,-0.60477763,0.24911524,0.018841747
38459.438,-21.489235,-0.6051234,0.24833801,0.019059908
39467.312,-21.489235,-0.6059298,0.24739033,0.01933065
40475.188,-21.489235,-0.6068503,0.24646035,0.019578656
41483.062,-21.489235,-0.60752934,0.24572538,0.01973793
42490.938,-21.489235,-0.6077033,0.24530736,0.019767953
43498.812,-21.489235,-0.60727143,0.24524447,0.019662479
44506.69,-21.489235,-0.6063177,0.2454846,0.019449055
45514.566,-21.489235,-0.60508233,0.24590373,0.019179843
46522.44,-21.489235,-0.60389435,0.24633957,0.01891746
47530.316,-21.489235,-0.60308385,0.24663441,0.018718394
48538.19,-21.489235,-0.6028954,0.24667478,0.01861946
49546.066,-21.489235,-0.60342795,0.24641863,0.01862921
50553.938,-21.489235,-0.6046106,0.2459043,0.018727288
51561.812,-21.489235,-0.60621977,0.24523798,0.018870808
52569.688,-21.489235,-0.6079348,0.24456519,0.019006096
53577.562,-21.489235,-0.6094171,0.24403274,0.019083224
54585.438,-21.489235,-0.61039025,0.24375027,0.019068733
55593.312,-21.489235,-0.6107037,0.24376255,0.018954705
56601.19,-21.489235,-0.61036634,0.24403748,0.018760316
57609.066,-21.489235,-0.6095394,0.24447459,0.018527135
58616.94,-21.489235,-0.60849273,0.24493168,0.018308047
59624.816,-21.489235,-0.6075364,0.2452614,0.01815319
60632.69,-21.489235,-0.60694176,0.24535118,0.018096238
61640.566,-21.489235,-0.6068761,0.24515435,0.018144798
62648.44,-21.489235,-0.6073649,0.24470434,0.018277224
63656.32,-21.489235,-0.60829103,0.2441076,0.018447269
64664.195,-21.489235,-0.60943437,0.24351734,0.018595558
65672.07,-21.489235,-0.610537,0.24309215,0.01866534
66679.945,-21.489235,-0.6113819,0.24295235,0.018618204
67687.82,-21.489235,-0.61185473,0.24314359,0.01844564
68695.695,-21.489235,-0.6119818,0.24362063,0.018173642
69703.57,-21.489235,-0.6119192,0.24425602,0.017857417
70711.445,-21.489235,-0.61190456,0.24487269,0.017567426
71719.32,-21.489235,-0.61217636,0.24529438,0.01737056
72727.195,-21.489235,-0.6128875,0.24539907,0.017311007
73735.08,-21.489235,-0.6140428,0.24515915,0.017395977
74742.95,-21.489235,-0.6154783,0.24465586,0.017592248
75750.83,-21.489235,-0.61690074,0.24405877,0.017834608
76758.7,-21.489235,-0.6179792,0.24357429,0.01804559
77766.58,-21.489235,-0.6184614,0.24337624,0.018160518
78774.45,-21.489235,-0.61828196,0.24354097,0.018150613
79782.33,-21.489235,-0.6176108,0.24400984,0.018035293
80790.2,-21.489235,-0.61682165,0.24460049,0.017877579
81798.08,-21.489235,-0.6163684,0.24506725,0.017762214
82805.95,-21.489235,-0.61660755,0.24519865,0.017761216
83813.83,-21.489235,-0.6176249,0.24491507,0.017900445
84821.7,-21.489235,-0.61915374,0.2443244,0.01814093
85829.58,-21.489235,-0.6206423,0.2436985,0.01838842
86837.45,-21.489235,-0.62148297,0.24336,0.018532619
87845.33,-21.489235,-0.62132895,0.24351515,0.018504966
88853.2,-21.489235,-0.6203559,0.24410678,0.018327042
89861.08,-21.489235,-0.6192755,0.24479066,0.018117707
90868.95,-21.489235,-0.6189987,0.24509497,0.01803685
91876.83,-21.489235,-0.62001777,0.24473782,0.018177398
92884.71,-21.489235,-0.62186,0.24392433,0.018466536
93892.586,-21.489235,-0.6231461,0.24334387,0.018670034
94900.46,-21.489235,-0.62263775,0.24365276,0.018569257
95908.336,-21.489235,-0.6208574,0.24463367,0.01824274
96916.21,-21.489235,-0.62048,0.24494362,0.018144418
97924.086,-21.489235,-0.62299836,0.24377254,0.018540284
98931.96,-21.489235,-0.6232846,0.24366924,0.01856757
99939.836,-21.489235,-0.6230676,0.24386023,0.018498395
160.16696,-20.883904,-0.5814427,0.42261812,-0.003777884
1168.0425,-20.883904,-0.53906226,0.23480934,0.016225591
2175.918,-20.883904,-0.50967443,0.23578627,0.015702296
3183.7935,-20.883904,-0.51112044,0.23156667,0.01735903
4191.669,-20.883904,-0.5078574,0.22046557,0.019333843
5199.5444,-20.883904,-0.50073314,0.2179482,0.020912688
6207.42,-20.883904,-0.5046359,0.22548006,0.023134798
7215.2954,-20.883904,-0.5258827,0.23683193,0.026364319
8223.171,-20.883904,-0.55833185,0.24632916,0.029720165
9231.046,-20.883904,-0.59020656,0.2518232,0.03187284
10238.922,-20.883904,-0.61189413,0.25394207,0.031970322
11246.798,-20.883904,-0.6199008,0.2542841,0.030038796
12254.673,-20.883904,-0.6165902,0.25410536,0.02682349
13262.548,-20.883904,-0.60748273,0.2538879,0.023339186
14270.424,-20.883904,-0.5981808,0.25353608,0.020427492
15278.3,-20.883904,-0.5922848,0.25278485,0.018502772
16286.175,-20.883904,-0.5907361,0.25152075,0.017527442
17294.049,-20.883904,-0.59234643,0.24988943,0.017156623
18301.924,-20.883904,-0.594926,0.2482212,0.016950227
19309.8,-20.883904,-0.59643054,0.24686669,0.016560093
20317.676,-20.883904,-0.595726,0.24604818,0.015835576
21325.55,-20.883904,-0.5928265,0.24578488,0.014834765
22333.428,-20.883904,-0.5886675,0.24590974,0.013761569
23341.303,-20.883904,-0.58461314,0.24615183,0.012866288
24349.178,-20.883904,-0.5819178,0.2462442,0.012350678
25357.053,-20.883904,-0.5813226,0.24601428,0.012304224
26364.928,-20.883904,-0.5828821,0.245429,0.012686137
27372.805,-20.883904,-0.586032,0.24458861,0.013348896
28380.68,-20.883904,-0.58982766,0.24367917,0.014090218
29388.555,-20.883904,-0.59325933,0.24290308,0.014713056
30396.432,-20.883904,-0.5955429,0.24241357,0.015076693
31404.307,-20.883904,-0.59630585,0.24227077,0.015126187
32412.182,-20.883904,-0.59563494,0.24243012,0.014894977
33420.06,-20.883904,-0.5939971,0.24276225,0.014484819
34427.934,-20.883904,-0.59206367,0.2430956,0.014030255
35435.81,-20.883904,-0.59050703,0.24326673,0.013659723
36443.684,-20.883904,-0.5898122,0.24316569,0.013462663
37451.562,-20.883904,-0.5901669,0.24276161,0.013470862
38459.438,-20.883904,-0.59143317,0.24210735,0.01365656
39467.312,-20.883904,-0.5932107,0.24132039,0.013946019
40475.188,-20.883904,-0.5949615,0.24054804,0.014243595
41483.062,-20.883904,-0.5961608,0.2399278,0.014458794
42490.938,-20.883904,-0.5964333,0.23955181,0.014530012
43498.812,-20.883904,-0.59564406,0.23944539,0.014438575
44506.69,-20.883904,-0.59392375,0.23956291,0.014210943
45514.566,-20.883904,-0.59162676,0.23980367,0.01390904
46522.44,-20.883904,-0.58923465,0.24003907,0.01361219
47530.316,-20.883904,-0.58723676,0.24014741,0.013395585
48538.19,-20.883904,-0.5860095,0.24004471,0.013310766
49546.066,-20.883904,-0.5857334,0.23970619,0.013372775
50553.938,-20.883904,-0.58635384,0.23917127,0.013557455
51561.812,-20.883904,-0.587607,0.23853233,0.013808377
52569.688,-20.883904,-0.58909184,0.23791064,0.01405222
53577.562,-20.883904,-0.5903703,0.23742443,0.01421795
54585.438,-20.883904,-0.5910805,0.23715913,0.014255378
55593.312,-20.883904,-0.59102035,0.23714408,0.014148034
56601.19,-20.883904,-0.59019554,0.23734584,0.013917666
57609.066,-20.883904,-0.58881044,0.23767532,0.013618685
58616.94,-20.883904,-0.5872133,0.238012,0.013324037
59624.816,-20.883904,-0.58580476,0.23823406,0.013106212
60632.69,-20.883904,-0.58493304,0.23825134,0.013017982
61640.566,-20.883904,-0.58480597,0.23803014,0.013077818
62648.44,-20.883904,-0.5854389,0.23760386,0.013263855
63656.32,-20.883904,-0.5866549,0.23706548,0.013518788
64664.195,-20.883904,-0.5881344,0.23654436,0.013764191
65672.07,-20.883904,-0.5895053,0.236172,0.013921253
66679.945,-20.883904,-0.5904504,0.23604432,0.013932709
67687.82,-20.883904,-0.59079456,0.23619388,0.013779722
68695.695,-20.883904,-0.59056014,0.2365767,0.013489157
69703.57,-20.883904,-0.58995765,0.2370814,0.013127964
70711.445,-20.883904,-0.58932406,0.23755808,0.01278596
71719.32,-20.883904,-0.5890137,0.23786087,0.012550566
72727.195,-20.883904,-0.5892807,0.23789231,0.0124807395
73735.08,-20.883904,-0.59018564,0.23763631,0.01258764
74742.95,-20.883904,-0.59155726,0.23716755,0.012828417
75750.83,-20.883904,-0.59303415,0.23663369,0.013117652
76758.7,-20.883904,-0.5941771,0.23620911,0.013352908
77766.58,-20.883904,-0.5946238,0.23603672,0.013449289
78774.45,-20.883904,-0.5942329,0.23617399,0.013370503
79782.33,-20.883904,-0.5931674,0.23656371,0.013146557
80790.2,-20.883904,-0.591867,0.23704511,0.01286694
81798.08,-20.883904,-0.59090424,0.23740822,0.012650847
82805.95,-20.883904,-0.59076107,0.23747668,0.0125994645
83813.83,-20.883904,-0.5916028,0.23719059,0.012748901
84821.7,-20.883904,-0.59315264,0.23665008,0.013044417
85829.58,-20.883904,-0.594754,0.23609273,0.013353206
86837.45,-20.883904,-0.59564227,0.23579374,0.01351976
87845.33,-20.883904,-0.59534144,0.235923,0.013446923
88853.2,-20.883904,-0.594005,0.23642182,0.013164785
89861.08,-20.883904,-0.59246874,0.23698765,0.012841154
90868.95,-20.883904,-0.59185797,0.23721568,0.012702454
91876.83,-20.883904,-0.59283423,0.23687196,0.012881182
92884.71,-20.883904,-0.5948877,0.23614526,0.013274953
93892.586,-20.883904,-0.59635836,0.23563455,0.013551544
94900.46,-20.883904,-0.59568155,0.23589815,0.013398856
95908.336,-20.883904,-0.5933984,0.23673238,0.012926236
96916.21,-20.883904,-0.59273857,0.2369712,0.012778215
97924.086,-20.883904,-0.5956271,0.23593247,0.013336256
98931.96,-20.883904,-0.59592825,0.23583885,0.013376214
99939.836,-20.883904,-0.59552985,0.23598354,0.013278468
160.16696,-20.278574,-0.57150537,0.41762897,-0.007174924
1168.0425,-20.278574,-0.51574355,0.22889169,0.011598494
2175.918,-20.278574,-0.4871285,0.22957371,0.011430088
3183.7935,-20.278574,-0.4921828,0.22632098,0.014147963
4191.669,-20.278574,-0.4854133,0.21451151,0.0152927525
5199.5444,-20.278574,-0.4700079,0.2098217,0.014919192
6207.42,-20.278574,-0.467238,0.21537441,0.015904762
7215.2954,-20.278574,-0.48736042,0.22609486,0.01956978
8223.171,-20.278574,-0.52422756,0.23638447,0.024749212
9231.046,-20.278574,-0.56356025,0.24344784,0.029156212
10238.922,-20.278574,-0.59280765,0.24712932,0.031009749
11246.798,-20.278574,-0.6064915,0.24851124,0.029854126
12254.673,-20.278574,-0.60636467,0.24872212,0.02646546
13262.548,-20.278574,-0.598423,0.24841341,0.02223213
14270.424,-20.278574,-0.58925104,0.24778028,0.018466081
15278.3,-20.278574,-0.5833958,0.24681476,0.015948996
16286.175,-20.278574,-0.58238804,0.24553862,0.014807854
17294.049,-20.278574,-0.58518815,0.24410185,0.014661156
18301.924,-20.278574,-0.58940685,0.2427461,0.014898591
19309.8,-20.278574,-0.59262985,0.24170333,0.014958795
20317.676,-20.278574,-0.59335035,0.24109757,0.01451334
21325.55,-20.278574,-0.5913214,0.24090049,0.013524126
22333.428,-20.278574,-0.58737385,0.24095222,0.012189407
23341.303,-20.278574,-0.58290666,0.24102822,0.010825649
24349.178,-20.278574,-0.57929665,0.24092303,0.009737201
25357.053,-20.278574,-0.57743925,0.24051705,0.0091171
26364.928,-20.278574,-0.5775316,0.23980702,0.00900146
27372.805,-20.278574,-0.5791171,0.23889603,0.009280693
28380.68,-20.278574,-0.5813255,0.23795061,0.009751689
29388.555,-20.278574,-0.58320093,0.23714371,0.010189306
30396.432,-20.278574,-0.58401084,0.2366015,0.010413226
31404.307,-20.278574,-0.5834416,0.23636946,0.010332037
32412.182,-20.278574,-0.5816517,0.23640488,0.009956893
33420.06,-20.278574,-0.5791801,0.23659591,0.009384733
34427.934,-20.278574,-0.5767558,0.23679729,0.008760888
35435.81,-20.278574,-0.57507586,0.23687306,0.00823332
36443.684,-20.278574,-0.5746058,0.23673241,0.00791166
37451.562,-20.278574,-0.5754633,0.23635085,0.007841326
38459.438,-20.278574,-0.5773999,0.23577273,0.007997539
39467.312,-20.278574,-0.5798797,0.23509349,0.0082980525
40475.188,-20.278574,-0.5822284,0.23443186,0.008630181
41483.062,-20.278574,-0.58380675,0.23389632,0.0088831615
42490.938,-20.278574,-0.58416736,0.23355627,0.008977551
43498.812,-20.278574,-0.58315367,0.23342636,0.008883933
44506.69,-20.278574,-0.5809281,0.23346344,0.008627774
45514.566,-20.278574,-0.57791543,0.23358135,0.00827953
46522.44,-20.278574,-0.574693,0.23367366,0.007933758
47530.316,-20.278574,-0.5718455,0.23364347,0.007682929
48538.19,-20.278574,-0.56982785,0.23342791,0.007593192
49546.066,-20.278574,-0.56886595,0.23301448,0.007687375
50553.938,-20.278574,-0.56891626,0.23244464,0.007939832
51561.812,-20.278574,-0.5696923,0.2318025,0.008283708
52569.688,-20.278574,-0.57074916,0.23119354,0.008628655
53577.562,-20.278574,-0.571603,0.23071814,0.008884247
54585.438,-20.278574,-0.571856,0.23044538,0.00898315
55593.312,-20.278574,-0.571295,0.23039554,0.008898649
56601.19,-20.278574,-0.5699426,0.230535,0.00865113
57609.066,-20.278574,-0.568047,0.23078336,0.008303177
58616.94,-20.278574,-0.56601214,0.23103511,0.007943504
59624.816,-20.278574,-0.5642929,0.23118527,0.0076641105
60632.69,-20.278574,-0.5632721,0.23115781,0.007536117
61640.566,-20.278574,-0.5631584,0.23092559,0.0075909197
62648.44,-20.278574,-0.5639298,0.23051864,0.007811282
63656.32,-20.278574,-0.56533664,0.23001741,0.008135099
64664.195,-20.278574,-0.5669661,0.2295314,0.0084713735
65672.07,-20.278574,-0.56835204,0.22917038,0.008724716
66679.945,-20.278574,-0.56910336,0.22901303,0.008821577
67687.82,-20.278574,-0.569013,0.22908321,0.008731741
68695.695,-20.278574,-0.5681213,0.22934088,0.008478191
69703.57,-20.278574,-0.56670666,0.22969028,0.00813232
70711.445,-20.278574,-0.56520736,0.23000619,0.007794421
71719.32,-20.278574,-0.5640924,0.23016946,0.007564537
72727.195,-20.278574,-0.5637113,0.23010466,0.007511154
73735.08,-20.278574,-0.5641784,0.2298065,0.007647831
74742.95,-20.278574,-0.56532043,0.22934593,0.007925466
75750.83,-20.278574,-0.56671834,0.2288523,0.008244652
76758.7,-20.278574,-0.5678374,0.22847353,0.008486409
77766.58,-20.278574,-0.5682115,0.22832552,0.008552752
78774.45,-20.278574,-0.5676217,0.22844717,0.008404367
79782.33,-20.278574,-0.56620455,0.2287784,0.008081302
80790.2,-20.278574,-0.564435,0.22917256,0.0076954663
81798.08,-20.278574,-0.5629714,0.22944604,0.0073932037
82805.95,-20.278574,-0.5623972,0.22945093,0.0072981976
83813.83,-20.278574,-0.5629521,0.22914506,0.0074535385
84821.7,-20.278574,-0.5643734,0.22862779,0.007790491
85829.58,-20.278574,-0.56594527,0.22811325,0.008144524
86837.45,-20.278574,-0.56679463,0.2278422,0.008323722
87845.33,-20.278574,-0.56634164,0.22795464,0.008208483
88853.2,-20.278574,-0.5647015,0.22838686,0.007837109
89861.08,-20.278574,-0.56277347,0.22886272,0.0074181445
90868.95,-20.278574,-0.56182396,0.229025,0.0072323605
91876.83,-20.278574,-0.5626424,0.22867808,0.0074438676
92884.71,-20.278574,-0.5647235,0.22800395,0.007924873
93892.586,-20.278574,-0.5662422,0.227541,0.008261766
94900.46,-20.278574,-0.565411,0.22777545,0.0080662295
95908.336,-20.278574,-0.5627449,0.22850588,0.007474061
96916.21,-20.278574,-0.5618007,0.22868682,0.0072880276
97924.086,-20.278574,-0.56481266,0.22773285,0.007983953
98931.96,-20.278574,-0.5650699,0.2276481,0.008037228
99939.836,-20.278574,-0.5644733,0.22775681,0.00792028
160.16696,-19.673244,-0.5620108,0.41277945,-0.010403335
1168.0425,-19.673244,-0.4932387,0.22331789,0.007196445
2175.918,-19.673244,-0.46535116,0.22346261,0.0073172674
3183.7935,-19.673244,-0.47291407,0.22077352,0.010885149
4191.669,-19.673244,-0.46422493,0.20856012,0.011449631
5199.5444,-19.673244,-0.4435442,0.20235507,0.0095971115
6207.42,-19.673244,-0.4358303,0.20629366,0.009590995
7215.2954,-19.673244,-0.45409152,0.21619476,0.013526551
8223.171,-19.673244,-0.49281213,0.22670709,0.020084325
9231.046,-19.673244,-0.53665376,0.2347329,0.026277106
10238.922,-19.673244,-0.5713184,0.2396011,0.02959643
11246.798,-19.673244,-0.5897834,0.24195999,0.029167794
12254.673,-19.673244,-0.5929328,0.24272564,0.025736928
13262.548,-19.673244,-0.58664185,0.24256086,0.020946201
14270.424,-19.673244,-0.57791674,0.24181116,0.016469084
15278.3,-19.673244,-0.5719638,0.24065678,0.013398137
16286.175,-19.673244,-0.5709308,0.23926817,0.012030363
17294.049,-19.673244,-0.5741741,0.23786582,0.011996441
18301.924,-19.673244,-0.57941884,0.23668623,0.012578536
19309.8,-19.673244,-0.5841149,0.23590389,0.01305227
20317.676,-19.673244,-0.5864638,0.23556687,0.012932852
21325.55,-19.673244,-0.5858797,0.23558083,0.012075558
22333.428,-19.673244,-0.582902,0.2357463,0.010639731
23341.303,-19.673244,-0.5787473,0.23583126,0.008965407
24349.178,-19.673244,-0.57474315,0.23564744,0.007422343
25357.053,-19.673244,-0.5718576,0.23510781,0.006285224
26364.928,-19.673244,-0.57044923,0.23424293,0.005665049
27372.805,-19.673244,-0.5702677,0.23318383,0.0055046603
28380.68,-19.673244,-0.5706495,0.23211291,0.005625915
29388.555,-19.673244,-0.5708155,0.23120731,0.0058034547
30396.432,-19.673244,-0.5701557,0.23058863,0.0058400705
31404.307,-19.673244,-0.5684215,0.23029302,0.005620543
32412.182,-19.673244,-0.5657826,0.23026982,0.005134292
33420.06,-19.673244,-0.56274843,0.23040174,0.004463844
34427.934,-19.673244,-0.559994,0.23054338,0.003749393
35435.81,-19.673244,-0.55815315,0.23056237,0.0031411909
36443.684,-19.673244,-0.55763304,0.23037387,0.0027551092
37451.562,-19.673244,-0.5585042,0.22995953,0.0026422665
38459.438,-19.673244,-0.5604857,0.22936627,0.0027796794
39467.312,-19.673244,-0.56302375,0.22868998,0.0030816458
40475.188,-19.673244,-0.56543434,0.22804524,0.0034272857
41483.062,-19.673244,-0.56707525,0.227534,0.0036947392
42490.938,-19.673244,-0.5674951,0.22721753,0.0037937462
43498.812,-19.673244,-0.5665321,0.22710356,0.0036873817
44506.69,-19.673244,-0.5643369,0.22714348,0.0033988096
45514.566,-19.673244,-0.5613205,0.22724903,0.003002191
46522.44,-19.673244,-0.558043,0.22731496,0.0026006624
47530.316,-19.673244,-0.55507433,0.22724766,0.0022982173
48538.19,-19.673244,-0.5528581,0.22698896,0.0021721646
49546.066,-19.673244,-0.55161667,0.22653146,0.0022536311
50553.938,-19.673244,-0.55131257,0.22592029,0.0025201496
51561.812,-19.673244,-0.55167437,0.22524174,0.0029021036
52569.688,-19.673244,-0.55228066,0.22460167,0.0033010095
53577.562,-19.673244,-0.55267715,0.22409932,0.0036148578
54585.438,-19.673244,-0.55249846,0.2238023,0.0037640631
55593.312,-19.673244,-0.55156153,0.22372963,0.0037114993
56601.19,-19.673244,-0.5499127,0.22384699,0.003471788
57609.066,-19.673244,-0.5478141,0.22407486,0.0031073168
58616.94,-19.673244,-0.5456717,0.22430934,0.0027124435
59624.816,-19.673244,-0.5439277,0.22444668,0.0023890547
60632.69,-19.673244,-0.54293966,0.22441192,0.002220396
61640.566,-19.673244,-0.5428802,0.22417668,0.0022492968
62648.44,-19.673244,-0.54368585,0.22376777,0.0024668127
63656.32,-19.673244,-0.54506373,0.22325982,0.002814468
64664.195,-19.673244,-0.54656315,0.22275633,0.0031997226
65672.07,-19.673244,-0.54769194,0.22236015,0.0035210364
66679.945,-19.673244,-0.54804796,0.22214535,0.0036960617
67687.82,-19.673244,-0.5474324,0.22213466,0.0036852956
68695.695,-19.673244,-0.54591197,0.22229095,0.0035040937
69703.57,-19.673244,-0.5438066,0.22252646,0.0032194033
70711.445,-19.673244,-0.54160655,0.22272629,0.0029301532
71719.32,-19.673244,-0.53983307,0.2227838,0.0027377866
72727.195,-19.673244,-0.5388832,0.2226343,0.0027132109
73735.08,-19.673244,-0.538902,0.22227919,0.002871804
74742.95,-19.673244,-0.5397267,0.2217909,0.0031642132
75750.83,-19.673244,-0.5409268,0.22129329,0.0034887716
76758.7,-19.673244,-0.54193527,0.22092487,0.0037229545
77766.58,-19.673244,-0.5422409,0.22078851,0.0037660524
78774.45,-19.673244,-0.54157656,0.2209124,0.0035792105
79782.33,-19.673244,-0.54003954,0.22122906,0.003207177
80790.2,-19.673244,-0.53808403,0.2215917,0.0027707554
81798.08,-19.673244,-0.53637093,0.22182256,0.0024272874
82805.95,-19.673244,-0.53550816,0.22178388,0.0023092777
83813.83,-19.673244,-0.5357759,0.22144403,0.0024625883
84821.7,-19.673244,-0.53695154,0.22090809,0.0028129518
85829.58,-19.673244,-0.53834575,0.22038987,0.003182713
86837.45,-19.673244,-0.5390857,0.22012204,0.0033644848
87845.33,-19.673244,-0.53856415,0.2202336,0.0032291338
88853.2,-19.673244,-0.53685105,0.22065225,0.0028177425
89861.08,-19.673244,-0.5348024,0.22110075,0.0023559183
90868.95,-19.673244,-0.53366905,0.22123083,0.00214798
91876.83,-19.673244,-0.53426546,0.22085987,0.0023722723
92884.71,-19.673244,-0.536145,0.22017814,0.002891045
93892.586,-19.673244,-0.5375389,0.21971926,0.0032557398
94900.46,-19.673244,-0.5366617,0.21995234,0.0030437764
95908.336,-19.673244,-0.5339505,0.22066417,0.00240108
96916.21,-19.673244,-0.5328585,0.22082062,0.0021990314
97924.086,-19.673244,-0.5356407,0.21986343,0.0029571317
98931.96,-19.673244,-0.5358215,0.21978232,0.0030206293
99939.836,-19.673244,-0.5351076,0.21987735,0.002898354
160.16696,-19.067913,-0.5535083,0.4082306,-0.013376266
1168.0425,-19.067913,-0.47148803,0.21812402,0.0030585155
2175.918,-19.067913,-0.44431087,0.21750447,0.003368847
3183.7935,-19.067913,-0.45297834,0.21483861,0.007429324
4191.669,-19.067913,-0.44433376,0.20254177,0.0077719465
5199.5444,-19.067913,-0.42217636,0.1956189,0.0051525272
6207.42,-19.067913,-0.411682,0.19839567,0.004494231
7215.2954,-19.067913,-0.42698598,0.20722476,0.008367743
8223.171,-19.067913,-0.4639515,0.21720172,0.015509084
9231.046,-19.067913,-0.50805414,0.22537254,0.022662181
10238.922,-19.067913,-0.5448839,0.23091483,0.026941933
11246.798,-19.067913,-0.56656265,0.23416649,0.027175687
12254.673,-19.067913,-0.57286906,0.23573425,0.023982517
13262.548,-19.067913,-0.56880265,0.23608232,0.019047674
14270.424,-19.067913,-0.5610092,0.23550746,0.014198106
15278.3,-19.067913,-0.5548701,0.23426652,0.0107115805
16286.175,-19.067913,-0.5530687,0.23267289,0.009036351
17294.049,-19.067913,-0.555593,0.23109254,0.008883219
18301.924,-19.067913,-0.56065977,0.22986215,0.009536907
19309.8,-19.067913,-0.5659279,0.2291894,0.010215234
20317.676,-19.067913,-0.5695043,0.22909322,0.010344859
21325.55,-19.067913,-0.5704813,0.22940938,0.009691983
22333.428,-19.067913,-0.5689815,0.22985704,0.008350126
23341.303,-19.067913,-0.56584704,0.23013747,0.0066286847
24349.178,-19.067913,-0.5621753,0.23002753,0.0049032345
25357.053,-19.067913,-0.5588935,0.22944045,0.003482394
26364.928,-19.067913,-0.5564946,0.2284385,0.0025266185
27372.805,-19.067913,-0.55498034,0.22720043,0.0020301454
28380.68,-19.067913,-0.55397844,0.22595918,0.0018568262
29388.555,-19.067913,-0.5529596,0.22492996,0.001807712
30396.432,-19.067913,-0.55146873,0.22425361,0.0016940162
31404.307,-19.067913,-0.5492935,0.223964,0.001394067
32412.182,-19.067913,-0.5465313,0.22399019,0.00088016316
33420.06,-19.067913,-0.5435468,0.2241854,0.00021408871
34427.934,-19.067913,-0.54084694,0.22437407,-0.00048352405
35435.81,-19.067913,-0.5389234,0.22440127,-0.0010767914
36443.684,-19.067913,-0.538104,0.22417288,-0.0014575478
37451.562,-19.067913,-0.5384588,0.22367516,-0.0015760604
38459.438,-19.067913,-0.5397815,0.22297248,-0.0014521293
39467.312,-19.067913,-0.54164255,0.22218484,-0.001166502
40475.188,-19.067913,-0.5435007,0.22145146,-0.0008358676
41483.062,-19.067913,-0.5448351,0.22089374,-0.0005802959
42490.938,-19.067913,-0.5452681,0.22058307,-0.00049118325
43498.812,-19.067913,-0.54464424,0.22052404,-0.00060915016
44506.69,-19.067913,-0.54305655,0.22065601,-0.0009158999
45514.566,-19.067913,-0.5408048,0.2208702,-0.0013416633
46522.44,-19.067913,-0.5383132,0.22103885,-0.0017852206
47530.316,-19.067913,-0.5360184,0.2210483,-0.0021415763
48538.19,-19.067913,-0.53426445,0.22082755,-0.002328828
49546.066,-19.067913,-0.5332239,0.22036523,-0.0023087747
50553.938,-19.067913,-0.53286684,0.2197127,-0.0020957943
51561.812,-19.067913,-0.5329828,0.21897,-0.001752153
52569.688,-19.067913,-0.533246,0.21826056,-0.0013715606
53577.562,-19.067913,-0.53330845,0.21770164,-0.0010551959
54585.438,-19.067913,-0.53289664,0.217374,-0.0008861199
55593.312,-19.067913,-0.5318871,0.21730289,-0.000908453
56601.19,-19.067913,-0.5303382,0.21745202,-0.0011170432
57609.066,-19.067913,-0.5284797,0.21773252,-0.001458846
58616.94,-19.067913,-0.5266479,0.21802548,-0.0018469021
59624.816,-19.067913,-0.5251998,0.21821243,-0.0021828227
60632.69,-19.067913,-0.5244103,0.21820477,-0.0023821257
61640.566,-19.067913,-0.5243944,0.21796648,-0.002395656
62648.44,-19.067913,-0.5250656,0.2175241,-0.0022225939
63656.32,-19.067913,-0.52614844,0.21695843,-0.0019100457
64664.195,-19.067913,-0.5272411,0.21638358,-0.0015403032
65672.07,-19.067913,-0.5279176,0.21591526,-0.0012079701
66679.945,-19.067913,-0.5278406,0.21563785,-0.0009937882
67687.82,-19.067913,-0.5268566,0.21558005,-0.000941474
68695.695,-19.067913,-0.5250488,0.21570458,-0.0010449775
69703.57,-19.067913,-0.5227219,0.2159177,-0.0012499392
70711.445,-19.067913,-0.5203291,0.21609572,-0.0014698543
71719.32,-19.067913,-0.51834834,0.21612303,-0.0016132966
72727.195,-19.067913,-0.51714575,0.2159294,-0.0016140938
73735.08,-19.067913,-0.5168638,0.2155176,-0.0014556125
74742.95,-19.067913,-0.5173688,0.2149669,-0.0011799969
75750.83,-19.067913,-0.518286,0.21441382,-0.0008782558
76758.7,-19.067913,-0.51911134,0.2140089,-0.0006618388
77766.58,-19.067913,-0.5193784,0.21386404,-0.000623323
78774.45,-19.067913,-0.51882523,0.2140072,-0.0007991232
79782.33,-19.067913,-0.5175041,0.21436168,-0.0011483505
80790.2,-19.067913,-0.515781,0.21476334,-0.0015589558
81798.08,-19.067913,-0.5142144,0.21501552,-0.0018839166
82805.95,-19.067913,-0.51333463,0.2149666,-0.0019984357
83813.83,-19.067913,-0.5134064,0.21458355,-0.0018579774
84821.7,-19.067913,-0.51427066,0.21398497,-0.0015304685
85829.58,-19.067913,-0.51536494,0.21340917,-0.0011818781
86837.45,-19.067913,-0.51595294,0.21311387,-0.0010074787
87845.33,-19.067913,-0.5155028,0.21324094,-0.0011306629
88853.2,-19.067913,-0.51404077,0.21370772,-0.0015152991
89861.08,-19.067913,-0.5122584,0.21420527,-0.0019505247
90868.95,-19.067913,-0.51119864,0.21434732,-0.0021495037
91876.83,-19.067913,-0.5115684,0.21393304,-0.0019412357
92884.71,-19.067913,-0.5130335,0.2131756,-0.0014521629
93892.586,-19.067913,-0.51414126,0.2126682,-0.0011038259
94900.46,-19.067913,-0.51338696,0.21293016,-0.0012973733
95908.336,-19.067913,-0.5110825,0.21372187,-0.0019003749
96916.21,-19.067913,-0.5100679,0.21389528,-0.0020923205
97924.086,-19.067913,-0.5122637,0.21283364,-0.0013767965
98931.96,-19.067913,-0.5123714,0.21274742,-0.0013096929
99939.836,-19.067913,-0.5116909,0.21285437,-0.0014227834
160.16696,-18.462582,-0.5462843,0.4040574,-0.01604835
1168.0425,-18.462582,-0.45036635,0.2132639,-0.0008113757
2175.918,-18.462582,-0.42377266,0.21173663,-0.0004170239
3183.7935,-18.462582,-0.43199003,0.20854424,0.0037150308
4191.669,-18.462582,-0.42506242,0.19642909,0.0041928515
5199.5444,-18.462582,-0.40497267,0.18955746,0.00155925
6207.42,-18.462582,-0.39374587,0.19163355,0.0005923733
7215.2954,-18.462582,-0.4049673,0.19915076,0.0039992966
8223.171,-18.462582,-0.43652037,0.20782077,0.010805365
9231.046,-18.462582,-0.4765174,0.21527487,0.01797581
10238.922,-18.462582,-0.5121075,0.22092468,0.022653569
11246.798,-18.462582,-0.53534484,0.22495383,0.023513183
12254.673,-18.462582,-0.5447423,0.22758444,0.020938162
13262.548,-18.462582,-0.5436951,0.22887623,0.016409244
14270.424,-18.462582,-0.5376533,0.22886175,0.011653457
15278.3,-18.462582,-0.5315869,0.22773415,0.00797075
16286.175,-18.462582,-0.52851325,0.22591606,0.0059225895
17294.049,-18.462582,-0.5291984,0.22397286,0.0053686947
18301.924,-18.462582,-0.5326947,0.22244024,0.005723834
19309.8,-18.462582,-0.5372461,0.22165765,0.0062802397
20317.676,-18.462582,-0.5411444,0.22167931,0.0064720176
21325.55,-18.462582,-0.5432867,0.22229075,0.00601691
22333.428,-18.462582,-0.5433603,0.22310811,0.0049294643
23341.303,-18.462582,-0.54171824,0.22372158,0.0034378357
24349.178,-18.462582,-0.53908104,0.22382492,0.0018580183
25357.053,-18.462582,-0.5362115,0.22329761,0.00047319755
26364.928,-18.462582,-0.53366363,0.22221938,-0.0005465336
27372.805,-18.462582,-0.53167105,0.22082473,-0.0011709854
28380.68,-18.462582,-0.5301629,0.21941791,-0.0014884472
29388.555,-18.462582,-0.5288774,0.21827857,-0.0016528964
30396.432,-18.462582,-0.5275115,0.21758597,-0.0018224493
31404.307,-18.462582,-0.5258531,0.21737942,-0.002108397
32412.182,-18.462582,-0.5238587,0.21756175,-0.0025477838
33420.06,-18.462582,-0.52166224,0.21793897,-0.0031025708
34427.934,-18.462582,-0.51952296,0.21828252,-0.0036819037
35435.81,-18.462582,-0.5177377,0.21839352,-0.004177233
36443.684,-18.462582,-0.51654774,0.21815433,-0.0044984855
37451.562,-18.462582,-0.5160663,0.21755356,-0.0046015736
38459.438,-18.462582,-0.51624775,0.21668182,-0.004500013
39467.312,-18.462582,-0.516903,0.21570131,-0.0042597316
40475.188,-18.462582,-0.5177501,0.21479872,-0.003979359
41483.062,-18.462582,-0.5184885,0.21413602,-0.0037631914
42490.938,-18.462582,-0.5188731,0.2138093,-0.0036936663
43498.812,-18.462582,-0.51876915,0.21382686,-0.003811095
44506.69,-18.462582,-0.5181752,0.21411097,-0.0041052084
45514.566,-18.462582,-0.5172132,0.21452,-0.0045195334
46522.44,-18.462582,-0.5160848,0.21488601,-0.004967641
47530.316,-18.462582,-0.51501304,0.21505734,-0.005355958
48538.19,-18.462582,-0.51418126,0.21493632,-0.005607363
49546.066,-18.462582,-0.5136849,0.21450114,-0.0056801196
50553.938,-18.462582,-0.5135118,0.21381047,-0.005577039
51561.812,-18.462582,-0.5135492,0.2129867,-0.005343713
52569.688,-18.462582,-0.51362026,0.21218455,-0.005055979
53577.562,-18.462582,-0.51353693,0.21155284,-0.0048002712
54585.438,-18.462582,-0.5131542,0.21119666,-0.0046518706
55593.312,-18.462582,-0.51241374,0.21115287,-0.004656244
56601.19,-18.462582,-0.5113651,0.21138066,-0.0048183296
57609.066,-18.462582,-0.5101544,0.21177313,-0.005101964
58616.94,-18.462582,-0.5089887,0.21218404,-0.0054395944
59624.816,-18.462582,-0.50808,0.21246569,-0.005750116
60632.69,-18.462582,-0.50758445,0.21250631,-0.005959768
61640.566,-18.462582,-0.5075558,0.21225862,-0.0060209595
62648.44,-18.462582,-0.5079194,0.21175253,-0.0059244744
63656.32,-18.462582,-0.5084846,0.21108678,-0.005701136
64664.195,-18.462582,-0.5089854,0.21040228,-0.0054132007
65672.07,-18.462582,-0.5091474,0.20984393,-0.0051366426
66679.945,-18.462582,-0.50875974,0.2095195,-0.004939925
67687.82,-18.462582,-0.50773907,0.20946869,-0.0048643313
68695.695,-18.462582,-0.5061592,0.20964919,-0.004912149
69703.57,-18.462582,-0.5042423,0.20994796,-0.0050459914
70711.445,-18.462582,-0.5023088,0.2102128,-0.0052004047
71719.32,-18.462582,-0.5006935,0.21029878,-0.0053028725
72727.195,-18.462582,-0.49965525,0.21011521,-0.005298119
73735.08,-18.462582,-0.499299,0.20965926,-0.005168535
74742.95,-18.462582,-0.49954176,0.20902324,-0.004943166
75750.83,-18.462582,-0.50013083,0.20837094,-0.0046913736
76758.7,-18.462582,-0.5007198,0.20788676,-0.0045011826
77766.58,-18.462582,-0.5009786,0.20771115,-0.0044483356
78774.45,-18.462582,-0.5007084,0.20788437,-0.0045654364
79782.33,-18.462582,-0.49991742,0.20831951,-0.0048239604
80790.2,-18.462582,-0.49882793,0.20882234,-0.005137477
81798.08,-18.462582,-0.4978013,0.20915452,-0.005389072
82805.95,-18.462582,-0.49719417,0.20912978,-0.0054769404
83813.83,-18.462582,-0.49719912,0.20870157,-0.0053614043
84821.7,-18.462582,-0.4977358,0.20800658,-0.005092837
85829.58,-18.462582,-0.49845403,0.20732807,-0.0048017427
86837.45,-18.462582,-0.49887538,0.20697743,-0.0046454296
87845.33,-18.462582,-0.49863827,0.20713046,-0.004726805
88853.2,-18.462582,-0.49773318,0.2076957,-0.005022101
89861.08,-18.462582,-0.4965853,0.20830756,-0.005365977
90868.95,-18.462582,-0.49586564,0.20850168,-0.0055275373
91876.83,-18.462582,-0.4960497,0.20803069,-0.005364498
92884.71,-18.462582,-0.49695536,0.2071413,-0.0049714465
93892.586,-18.462582,-0.4976681,0.20653944,-0.004683582
94900.46,-18.462582,-0.4972062,0.20685214,-0.0048274808
95908.336,-18.462582,-0.49572766,0.20780471,-0.0053060986
96916.21,-18.462582,-0.49502647,0.20803055,-0.00546474
97924.086,-18.462582,-0.49637258,0.20678069,-0.0048944876
98931.96,-18.462582,-0.49643835,0.20667812,-0.0048326775
99939.836,-18.462582,-0.49595946,0.206818,-0.0049252193
160.16696,-17.857252,-0.5403129,0.4002462,-0.018418506
1168.0425,-17.857252,-0.42975605,0.20862602,-0.004439369
2175.918,-17.857252,-0.4034483,0.20617238,-0.004043296
3183.7935,-17.857252,-0.40968782,0.20201269,-0.00023758411
4191.669,-17.857252,-0.40532833,0.1902349,0.0006321892
5199.5444,-17.857252,-0.38973755,0.18401212,-0.0014029779
6207.42,-17.857252,-0.37929308,0.18579417,-0.0023995787
7215.2954,-17.857252,-0.3856426,0.19185382,0.00018255413
8223.171,-17.857252,-0.40903014,0.19860403,0.005851686
9231.046,-17.857252,-0.4415378,0.20459944,0.012220919
10238.922,-17.857252,-0.4732116,0.2098192,0.016822826
11246.798,-17.857252,-0.49675497,0.21446249,0.018315502
12254.673,-17.857252,-0.509398,0.21834525,0.016756974
13262.548,-17.857252,-0.512396,0.22097372,0.013200909
14270.424,-17.857252,-0.5093031,0.22193184,0.009038433
15278.3,-17.857252,-0.50409675,0.2212058,0.005429931
16286.175,-17.857252,-0.49983436,0.21926077,0.002999477
17294.049,-17.857252,-0.49806195,0.21687374,0.0018056817
18301.924,-17.857252,-0.4988892,0.21484332,0.0015042201
19309.8,-17.857252,-0.50146174,0.21372242,0.0015860982
20317.676,-17.857252,-0.50455785,0.21367183,0.0015919954
21325.55,-17.857252,-0.50709176,0.21446681,0.0012441613
22333.428,-17.857252,-0.5084104,0.2156303,0.0004818216
23341.303,-17.857252,-0.50836885,0.21662389,-0.0005816519
24349.178,-17.857252,-0.5072336,0.21702808,-0.0017433297
25357.053,-17.857252,-0.5054922,0.21665722,-0.0027998947
26364.928,-17.857252,-0.5036563,0.21558692,-0.0036137402
27372.805,-17.857252,-0.5021081,0.21409784,-0.0041421857
28380.68,-17.857252,-0.50102377,0.21256836,-0.004430538
29388.555,-17.857252,-0.50037706,0.21135242,-0.004579393
30396.432,-17.857252,-0.49999723,0.21068026,-0.0047020465
31404.307,-17.857252,-0.49965224,0.2106053,-0.004886076
32412.182,-17.857252,-0.4991371,0.2110068,-0.005169943
33420.06,-17.857252,-0.49832964,0.21163964,-0.005538361
34427.934,-17.857252,-0.49721694,0.21221279,-0.0059349257
35435.81,-17.857252,-0.49588555,0.21247256,-0.006285306
36443.684,-17.857252,-0.49448898,0.21226826,-0.0065236315
37451.562,-17.857252,-0.49319917,0.2115856,-0.0066132136
38459.438,-17.857252,-0.49216473,0.21054164,-0.0065576322
39467.312,-17.857252,-0.4914788,0.20934606,-0.0063992273
40475.188,-17.857252,-0.49116597,0.20824243,-0.00620679
41483.062,-17.857252,-0.4911864,0.20744362,-0.0060570315
42490.938,-17.857252,-0.49145553,0.20707935,-0.0060143936
43498.812,-17.857252,-0.49186915,0.20716733,-0.0061151385
44506.69,-17.857252,-0.49232742,0.20761338,-0.0063591376
45514.566,-17.857252,-0.49275538,0.20824027,-0.0067110527
46522.44,-17.857252,-0.49310935,0.20883363,-0.0071104057
47530.316,-17.857252,-0.49337733,0.20919716,-0.007486999
48538.19,-17.857252,-0.49356702,0.20919973,-0.007778492
49546.066,-17.857252,-0.49369678,0.20880558,-0.007944901
50553.938,-17.857252,-0.4937809,0.20808059,-0.007977448
51561.812,-17.857252,-0.4938232,0.20717245,-0.007899223
52569.688,-17.857252,-0.49381563,0.20627199,-0.0077582896
53577.562,-17.857252,-0.49374306,0.20556511,-0.0076148026
54585.438,-17.857252,-0.49359304,0.20518605,-0.0075256303
55593.312,-17.857252,-0.49336192,0.20518449,-0.0075304694
56601.19,-17.857252,-0.49306446,0.20551428,-0.0076422226
57609.066,-17.857252,-0.49273086,0.20604555,-0.0078448355
58616.94,-17.857252,-0.4924045,0.206599,-0.008097956
59624.816,-17.857252,-0.4921273,0.20699179,-0.00834796
60632.69,-17.857252,-0.4919288,0.2070847,-0.008542221
61640.566,-17.857252,-0.49181345,0.2068187,-0.008642627
62648.44,-17.857252,-0.4917541,0.20623069,-0.00863551
63656.32,-17.857252,-0.49169526,0.20544444,-0.008534532
64664.195,-17.857252,-0.49156207,0.20463723,-0.008376632
65672.07,-17.857252,-0.49128222,0.2039924,-0.008211352
66679.945,-17.857252,-0.49080253,0.20364773,-0.008086517
67687.82,-17.857252,-0.4901115,0.20365553,-0.0080346055
68695.695,-17.857252,-0.48924658,0.20396505,-0.008063121
69703.57,-17.857252,-0.48829332,0.20443468,-0.0081524085
70711.445,-17.857252,-0.48736846,0.20487101,-0.008261779
71719.32,-17.857252,-0.48659697,0.20508699,-0.008342592
72727.195,-17.857252,-0.48607677,0.20496096,-0.0083544105
73735.08,-17.857252,-0.4858544,0.2044802,-0.0082797
74742.95,-17.857252,-0.48591048,0.2037524,-0.00813153
75750.83,-17.857252,-0.4861607,0.20297807,-0.007951463
76758.7,-17.857252,-0.4864795,0.20238805,-0.007796854
77766.58,-17.857252,-0.48673743,0.20216435,-0.007720854
78774.45,-17.857252,-0.48684007,0.2023684,-0.00775161
79782.33,-17.857252,-0.48676056,0.20290498,-0.0078783
80790.2,-17.857252,-0.48654813,0.20354243,-0.008050846
81798.08,-17.857252,-0.48631138,0.20399034,-0.008195605
82805.95,-17.857252,-0.48617417,0.20401369,-0.008244157
83813.83,-17.857252,-0.48621958,0.20354456,-0.008164654
84821.7,-17.857252,-0.48644835,0.2027382,-0.007982526
85829.58,-17.857252,-0.4867671,0.20193294,-0.0077772364
86837.45,-17.857252,-0.48702455,0.20150913,-0.007650461
87845.33,-17.857252,-0.48708797,0.20169006,-0.0076740347
88853.2,-17.857252,-0.48692322,0.20237732,-0.00784108
89861.08,-17.857252,-0.4866385,0.20313728,-0.008051764
90868.95,-17.857252,-0.48643923,0.20340696,-0.00815808
91876.83,-17.857252,-0.48649812,0.2028755,-0.008061333
92884.71,-17.857252,-0.48679733,0.20182565,-0.0078114215
93892.586,-17.857252,-0.4870776,0.20110275,-0.0076173116
94900.46,-17.857252,-0.4870199,0.20147288,-0.007693596
95908.336,-17.857252,-0.4866206,0.20262563,-0.007992528
96916.21,-17.857252,-0.48639864,0.20292333,-0.008103028
97924.086,-17.857252,-0.48679072,0.20144208,-0.0077494737
98931.96,-17.857252,-0.48685703,0.2013131,-0.0077024996
99939.836,-17.857252,-0.48670584,0.20149514,-0.0077683404
160.16696,-17.25192,-0.53529996,0.39672095,-0.020519622
1168.0425,-17.25192,-0.40958416,0.20406614,-0.007870384
2175.918,-17.25192,-0.38313782,0.2007984,-0.0075113624
3183.7935,-17.25192,-0.3860885,0.19541587,-0.0043351054
4191.669,-17.25192,-0.3840982,0.1839979,-0.0029767752
5199.5444,-17.25192,-0.37388572,0.1787626,-0.0040576346
6207.42,-17.25192,-0.3650201,0.1805613,-0.0049036294
7215.2954,-17.25192,-0.36631793,0.18516886,-0.0033581965
8223.171,-17.25192,-0.38031635,0.18966925,0.0006722696
9231.046,-17.25192,-0.4036349,0.19370735,0.0057183504
10238.922,-17.25192,-0.42996424,0.19805337,0.009947274
11246.798,-17.25192,-0.45319918,0.20308506,0.012107752
12254.673,-17.25192,-0.46943882,0.20826225,0.0118865445
13262.548,-17.25192,-0.47758776,0.21248361,0.009766497
14270.424,-17.25192,-0.47887656,0.21476988,0.0066360943
15278.3,-17.25192,-0.47583318,0.21477824,0.003389068
16286.175,-17.25192,-0.47120836,0.21292719,0.00065626204
17294.049,-17.25192,-0.4671749,0.21016578,-0.0012892857
18301.924,-17.25192,-0.46493512,0.20756677,-0.0024853423
19309.8,-17.25192,-0.4647187,0.20594192,-0.0031565912
20317.676,-17.25192,-0.4660417,0.20561758,-0.0035777912
21325.55,-17.25192,-0.46808016,0.2064144,-0.0039700586
22333.428,-17.25192,-0.47002494,0.207799,-0.0044495966
23341.303,-17.25192,-0.4713265,0.20911936,-0.005026873
24349.178,-17.25192,-0.47179815,0.20983692,-0.005639907
25357.053,-17.25192,-0.47158527,0.2096818,-0.0062007736
26364.928,-17.25192,-0.47104558,0.20869899,-0.006637078
27372.805,-17.25192,-0.47059277,0.20719238,-0.006917063
28380.68,-17.25192,-0.47055316,0.20559812,-0.0070550237
29388.555,-17.25192,-0.47107425,0.2043382,-0.0070998445
30396.432,-17.25192,-0.47209617,0.20369624,-0.0071150623
31404.307,-17.25192,-0.47338423,0.20374885,-0.0071566124
32412.182,-17.25192,-0.4746068,0.20436358,-0.0072575677
33420.06,-17.25192,-0.4754304,0.2052545,-0.0074212532
34427.934,-17.25192,-0.47560722,0.20607513,-0.007624641
35435.81,-17.25192,-0.47503385,0.20651856,-0.007829025
36443.684,-17.25192,-0.473774,0.20639777,-0.007994108
37451.562,-17.25192,-0.47203752,0.20568796,-0.008091278
38459.438,-17.25192,-0.47013158,0.20452361,-0.008112017
39467.312,-17.25192,-0.46838972,0.20315379,-0.0080704
40475.188,-17.25192,-0.46710584,0.201872,-0.007998753
41483.062,-17.25192,-0.4664751,0.20093942,-0.007939104
42490.938,-17.25192,-0.46656507,0.2005201,-0.007931702
43498.812,-17.25192,-0.46731138,0.20064524,-0.008005314
44506.69,-17.25192,-0.46854272,0.20121124,-0.008170016
45514.566,-17.25192,-0.47002488,0.20201181,-0.008415364
46522.44,-17.25192,-0.47151163,0.2027933,-0.008713407
47530.316,-17.25192,-0.4727952,0.20331903,-0.009025782
48538.19,-17.25192,-0.47374225,0.20342748,-0.009312887
49546.066,-17.25192,-0.47431198,0.20306855,-0.009542873
50553.938,-17.25192,-0.4745508,0.20231289,-0.009698503
51561.812,-17.25192,-0.47457072,0.20132971,-0.009780038
52569.688,-17.25192,-0.47451302,0.20034195,-0.009803932
53577.562,-17.25192,-0.47451112,0.19956893,-0.009797927
54585.438,-17.25192,-0.47465724,0.19917074,-0.0097933505
55593.312,-17.25192,-0.47498143,0.19920903,-0.00981736
56601.19,-17.25192,-0.4754482,0.19963214,-0.0098864995
57609.066,-17.25192,-0.47596818,0.20028922,-0.010003049
58616.94,-17.25192,-0.47642386,0.20097004,-0.010155473
59624.816,-17.25192,-0.4767027,0.20145926,-0.0103218295
60632.69,-17.25192,-0.47672492,0.20159312,-0.010476526
61640.566,-17.25192,-0.4764681,0.20130248,-0.010596938
62648.44,-17.25192,-0.47597086,0.20063284,-0.010669902
63656.32,-17.25192,-0.47532785,0.19973318,-0.010694809
64664.195,-17.25192,-0.4746639,0.19881706,-0.010683658
65672.07,-17.25192,-0.47410676,0.1981058,-0.0106571745
66679.945,-17.25192,-0.47375277,0.19776608,-0.010638803
67687.82,-17.25192,-0.47364724,0.19786184,-0.0106474925
68695.695,-17.25192,-0.47377172,0.19833227,-0.010691784
69703.57,-17.25192,-0.47405374,0.19900577,-0.010767018
70711.445,-17.25192,-0.47438836,0.19964609,-0.010856189
71719.32,-17.25192,-0.47467172,0.20002177,-0.010935189
72727.195,-17.25192,-0.47483194,0.19997841,-0.01097988
73735.08,-17.25192,-0.47485256,0.19949162,-0.01097458
74742.95,-17.25192,-0.47478,0.1986833,-0.010917388
75750.83,-17.25192,-0.47470742,0.19779013,-0.01082194
76758.7,-17.25192,-0.47474307,0.19709101,-0.01071368
77766.58,-17.25192,-0.4749722,0.1968115,-0.010621674
78774.45,-17.25192,-0.47541964,0.19703704,-0.010568498
79782.33,-17.25192,-0.4760351,0.19766752,-0.01056136
80790.2,-17.25192,-0.47670263,0.19843663,-0.010588586
81798.08,-17.25192,-0.47727895,0.1990023,-0.010623092
82805.95,-17.25192,-0.47764903,0.19908053,-0.010633331
83813.83,-17.25192,-0.4777776,0.19857942,-0.010597188
84821.7,-17.25192,-0.47773612,0.19766887,-0.010514379
85829.58,-17.25192,-0.47767925,0.19673948,-0.010409556
86837.45,-17.25192,-0.47778124,0.1962392,-0.010323428
87845.33,-17.25192,-0.47814322,0.19643974,-0.010292551
88853.2,-17.25192,-0.47871858,0.19724014,-0.010326477
89861.08,-17.25192,-0.47931045,0.19814275,-0.010395849
90868.95,-17.25192,-0.4796669,0.19848874,-0.01044325
91876.83,-17.25192,-0.4796524,0.19790283,-0.010419859
92884.71,-17.25192,-0.47939837,0.19669849,-0.010329355
93892.586,-17.25192,-0.47928298,0.19585383,-0.010243595
94900.46,-17.25192,-0.47964036,0.19627184,-0.010252927
95908.336,-17.25192,-0.4803282,0.19761324,-0.010359734
96916.21,-17.25192,-0.48062554,0.19798093,-0.010418296
97924.086,-17.25192,-0.48013774,0.19627684,-0.010303332
98931.96,-17.25192,-0.48023486,0.19611512,-0.01027878
99939.836,-17.25192,-0.48045155,0.19633554,-0.010317889
160.16696,-16.646591,-0.53078437,0.39338017,-0.022400394
1168.0425,-16.646591,-0.38983166,0.19944698,-0.011155859
2175.918,-16.646591,-0.36281928,0.19557825,-0.010820508
3183.7935,-16.646591,-0.36155936,0.18892676,-0.008439548
4191.669,-16.646591,-0.36080122,0.1777646,-0.006664343
5199.5444,-16.646591,-0.35534135,0.17357486,-0.0067245513
6207.42,-16.646591,-0.34817863,0.17558852,-0.007338062
7215.2954,-16.646591,-0.3449655,0.17891613,-0.006841846
8223.171,-16.646591,-0.35003814,0.1811682,-0.004571043
9231.046,-16.646591,-0.364294,0.18305144,-0.001008872
10238.922,-16.646591,-0.3851577,0.18621185,0.0027419254
11246.798,-16.646591,-0.40802997,0.19134262,0.0055897795
12254.673,-16.646591,-0.42820388,0.19766523,0.006866578
13262.548,-16.646591,-0.44239402,0.20352429,0.006448876
14270.424,-16.646591,-0.449436,0.20735577,0.0046556965
15278.3,-16.646591,-0.4501521,0.20841128,0.002042234
16286.175,-16.646591,-0.4466514,0.20696458,-0.0008091219
17294.049,-16.646591,-0.44143924,0.20405367,-0.0034369417
18301.924,-16.646591,-0.43665126,0.20097847,-0.0055684336
19309.8,-16.646591,-0.4335988,0.19880694,-0.007116258
20317.676,-16.646591,-0.43267184,0.19806455,-0.008131081
21325.55,-16.646591,-0.43352264,0.19867185,-0.00873757
22333.428,-16.646591,-0.43540725,0.20009443,-0.009076271
23341.303,-16.646591,-0.4375385,0.20160928,-0.009264149
24349.178,-16.646591,-0.4393549,0.20257846,-0.009377116
25357.053,-16.646591,-0.44064525,0.2026436,-0.009450987
26364.928,-16.646591,-0.44152883,0.20179813,-0.009493578
27372.805,-16.646591,-0.44233492,0.20033805,-0.009500783
28380.68,-16.646591,-0.44343156,0.19872856,-0.009469861
29388.555,-16.646591,-0.44507408,0.19743946,-0.009407092
30396.432,-16.646591,-0.44730353,0.19680147,-0.0093290545
31404.307,-16.646591,-0.4499298,0.19692172,-0.0092583615
32412.182,-16.646591,-0.45258194,0.19767326,-0.009217355
33420.06,-16.646591,-0.45481512,0.19875143,-0.009221774
34427.934,-16.646591,-0.45623207,0.1997742,-0.009276416
35435.81,-16.646591,-0.45658714,0.20039433,-0.009374596
36443.684,-16.646591,-0.45585072,0.20039111,-0.009500386
37451.562,-16.646591,-0.4542173,0.19972238,-0.009633554
38459.438,-16.646591,-0.45205975,0.19852427,-0.009755112
39467.312,-16.646591,-0.44984353,0.19706555,-0.009852285
40475.188,-16.646591,-0.44802475,0.19567086,-0.0099214185
41483.062,-16.646591,-0.44695514,0.1946353,-0.009968793
42490.938,-16.646591,-0.4468154,0.1941509,-0.010008408
43498.812,-16.646591,-0.44759017,0.19426414,-0.010058455
44506.69,-16.646591,-0.4490857,0.1948719,-0.010136457
45514.566,-16.646591,-0.45098874,0.19575381,-0.010255121
46522.44,-16.646591,-0.4529419,0.1966328,-0.01041911
47530.316,-16.646591,-0.45462722,0.19724669,-0.010624018
48538.19,-16.646591,-0.45583224,0.1974124,-0.0108571965
49546.066,-16.646591,-0.45648652,0.19706859,-0.011100527
50553.938,-16.646591,-0.45666474,0.19628647,-0.011334132
51561.812,-16.646591,-0.4565529,0.19524777,-0.011540543
52569.688,-16.646591,-0.45639062,0.19419584,-0.01170798
53577.562,-16.646591,-0.45640603,0.19337177,-0.0118323825
54585.438,-16.646591,-0.45675212,0.19295365,-0.011917699
55593.312,-16.646591,-0.4574698,0.19301142,-0.01197454
56601.19,-16.646591,-0.4584757,0.19349036,-0.012017403
57609.066,-16.646591,-0.45958593,0.19422582,-0.012061214
58616.94,-16.646591,-0.46056664,0.1949863,-0.012118366
59624.816,-16.646591,-0.46119457,0.19553402,-0.012196053
60632.69,-16.646591,-0.46132034,0.1956883,-0.012295488
61640.566,-16.646591,-0.4609127,0.19537336,-0.012412239
62648.44,-16.646591,-0.46007344,0.19464123,-0.012538161
63656.32,-16.646591,-0.459019,0.19365981,-0.012663856
64664.195,-16.646591,-0.45803028,0.1926697,-0.012781423
65672.07,-16.646591,-0.4573852,0.19191971,-0.012886476
66679.945,-16.646591,-0.4572872,0.19159824,-0.012979072
67687.82,-16.646591,-0.45781264,0.19177738,-0.013062997
68695.695,-16.646591,-0.45888504,0.19238846,-0.013144089
69703.57,-16.646591,-0.46029437,0.19323622,-0.013227429
70711.445,-16.646591,-0.46175134,0.19405085,-0.0133149475
71719.32,-16.646591,-0.46296468,0.1945661,-0.013403581
72727.195,-16.646591,-0.46372485,0.19460085,-0.013485016
73735.08,-16.646591,-0.46396577,0.19412042,-0.013547465
74742.95,-16.646591,-0.46378782,0.19325608,-0.013578514
75750.83,-16.646591,-0.46342856,0.19227189,-0.013569389
76758.7,-16.646591,-0.46318817,0.19148353,-0.013518183
77766.58,-16.646591,-0.4633295,0.19115159,-0.013432046
78774.45,-16.646591,-0.46398044,0.1913824,-0.013326442
79782.33,-16.646591,-0.46508098,0.19207427,-0.013221798
80790.2,-16.646591,-0.46638966,0.19293733,-0.013137899
81798.08,-16.646591,-0.46756858,0.19359057,-0.013087699
82805.95,-16.646591,-0.4683136,0.19371231,-0.013072602
83813.83,-16.646591,-0.4684919,0.19318998,-0.013081318
84821.7,-16.646591,-0.4682225,0.19220196,-0.013093416
85829.58,-16.646591,-0.46785063,0.19117582,-0.013087403
86837.45,-16.646591,-0.4678039,0.19061072,-0.013050605
87845.33,-16.646591,-0.46836856,0.19081604,-0.01298666
88853.2,-16.646591,-0.46949613,0.19169207,-0.012916466
89861.08,-16.646591,-0.47075868,0.19269586,-0.01286971
90868.95,-16.646591,-0.47155,0.19309764,-0.01286835
91876.83,-16.646591,-0.47149032,0.19247164,-0.012909796
92884.71,-16.646591,-0.4708175,0.19115052,-0.012961362
93892.586,-16.646591,-0.47039592,0.19020838,-0.012977477
94900.46,-16.646591,-0.47107178,0.19065206,-0.012937944
95908.336,-16.646591,-0.47260386,0.19212551,-0.012883544
96916.21,-16.646591,-0.47332186,0.19254282,-0.012897048
97924.086,-16.646591,-0.47217882,0.19067167,-0.012989698
98931.96,-16.646591,-0.4723104,0.1904766,-0.012991499
99939.836,-16.646591,-0.47283304,0.19072062,-0.013008787
160.16696,-16.04126,-0.52625275,0.39013416,-0.024107512
1168.0425,-16.04126,-0.3705045,0.19467182,-0.014342289
2175.918,-16.04126,-0.34264424,0.19046341,-0.013970219
3183.7935,-16.04126,-0.33677265,0.1826782,-0.012403086
4191.669,-16.04126,-0.3355596,0.1715742,-0.010412075
5199.5444,-16.04126,-0.33315876,0.16824634,-0.009631194
6207.42,-16.04126,-0.32737115,0.17056456,-0.010004494
7215.2954,-16.04126,-0.32082286,0.17292391,-0.010374874
8223.171,-16.04126,-0.31882825,0.17323096,-0.009632289
9231.046,-16.04126,-0.32561076,0.17305233,-0.0073964447
10238.922,-16.04126,-0.3418431,0.17485699,-0.004086308
11246.798,-16.04126,-0.36453572,0.17974775,-0.00059778243
12254.673,-16.04126,-0.38864478,0.18687384,0.0021266416
13262.548,-16.04126,-0.40919933,0.1941741,0.0034330972
14270.424,-16.04126,-0.4229287,0.19957277,0.0031086877
15278.3,-16.04126,-0.42892843,0.20189644,0.0013582669
16286.175,-16.04126,-0.42839766,0.20119049,-0.0013339855
17294.049,-16.04126,-0.4238001,0.19847146,-0.0043838583
18301.924,-16.04126,-0.4178688,0.19517222,-0.007266067
19309.8,-16.04126,-0.41280532,0.1925654,-0.009616042
20317.676,-16.04126,-0.40985638,0.19137418,-0.011265799
21325.55,-16.04126,-0.40927702,0.19165702,-0.012223586
22333.428,-16.04126,-0.41058725,0.19293773,-0.012618944
23341.303,-16.04126,-0.41295993,0.19447964,-0.012636472
24349.178,-16.04126,-0.41559425,0.19558483,-0.012457941
25357.053,-16.04126,-0.41796815,0.19582048,-0.012223408
26364.928,-16.04126,-0.41992974,0.19511682,-0.012015546
27372.805,-16.04126,-0.42163986,0.19373438,-0.011863444
28380.68,-16.04126,-0.42342198,0.19213413,-0.011759261
29388.555,-16.04126,-0.42558393,0.19080652,-0.011679007
30396.432,-16.04126,-0.42827338,0.19011657,-0.011601007
31404.307,-16.04126,-0.43140867,0.19020522,-0.011517201
32412.182,-16.04126,-0.43469137,0.19096883,-0.011436177
33420.06,-16.04126,-0.43769193,0.1921101,-0.01137872
34427.934,-16.04126,-0.43997058,0.19323832,-0.011369258
35435.81,-16.04126,-0.4412012,0.1939857,-0.011426326
36443.684,-16.04126,-0.44125938,0.19410653,-0.011555713
37451.562,-16.04126,-0.44025707,0.19353555,-0.0117472075
38459.438,-16.04126,-0.43851578,0.19239394,-0.011976924
39467.312,-16.04126,-0.43648854,0.19094601,-0.012213018
40475.188,-16.04126,-0.43465734,0.18952246,-0.012423629
41483.062,-16.04126,-0.4334235,0.18843123,-0.012584748
42490.938,-16.04126,-0.43302613,0.1878809,-0.012686182
43498.812,-16.04126,-0.43350387,0.18793318,-0.012733344
44506.69,-16.04126,-0.43469954,0.18849494,-0.012745839
45514.566,-16.04126,-0.43631616,0.18934956,-0.012752276
46522.44,-16.04126,-0.43799576,0.19021729,-0.01278308
47530.316,-16.04126,-0.43940973,0.19082892,-0.012863129
48538.19,-16.04126,-0.4403354,0.19099271,-0.013005752
49546.066,-16.04126,-0.4407016,0.19063975,-0.013209742
50553.938,-16.04126,-0.4405945,0.18983759,-0.0134595465
51561.812,-16.04126,-0.4402242,0.1887687,-0.013729028
52569.688,-16.04126,-0.43986204,0.1876809,-0.013987552
53577.562,-16.04126,-0.43976298,0.18682258,-0.014206801
54585.438,-16.04126,-0.44009563,0.18637888,-0.01436726
55593.312,-16.04126,-0.4408954,0.18642426,-0.014462326
56601.19,-16.04126,-0.44205344,0.18690479,-0.014499532
57609.066,-16.04126,-0.44334182,0.18765219,-0.014498409
58616.94,-16.04126,-0.4444764,0.18842813,-0.014485702
59624.816,-16.04126,-0.44518822,0.18898652,-0.014489189
60632.69,-16.04126,-0.44530296,0.18913934,-0.014531199
61640.566,-16.04126,-0.44479257,0.18880807,-0.014623821
62648.44,-16.04126,-0.44379225,0.18804657,-0.014766794
63656.32,-16.04126,-0.44257957,0.18702997,-0.014948368
64664.195,-16.04126,-0.44150895,0.18600994,-0.015149083
65672.07,-16.04126,-0.4409262,0.18524775,-0.015347458
66679.945,-16.04126,-0.44107944,0.18494125,-0.015525583
67687.82,-16.04126,-0.4420485,0.18516682,-0.01567386
68695.695,-16.04126,-0.4437182,0.18585241,-0.015792798
69703.57,-16.04126,-0.44579917,0.18679208,-0.015891574
70711.445,-16.04126,-0.44789958,0.18770014,-0.015983725
71719.32,-16.04126,-0.4496274,0.18829285,-0.01608139
72727.195,-16.04126,-0.45069966,0.18837467,-0.016189443
73735.08,-16.04126,-0.45102438,0.18790404,-0.016302083
74742.95,-16.04126,-0.45073175,0.18701488,-0.016403073
75750.83,-16.04126,-0.4501391,0.18598303,-0.016470337
76758.7,-16.04126,-0.44965255,0.18514207,-0.016483448
77766.58,-16.04126,-0.44963497,0.18477067,-0.016432516
78774.45,-16.04126,-0.45027745,0.18498781,-0.016324416
79782.33,-16.04126,-0.45152095,0.18569444,-0.016184304
80790.2,-16.04126,-0.45306566,0.18659145,-0.01604989
81798.08,-16.04126,-0.4544737,0.18728057,-0.015959911
82805.95,-16.04126,-0.4553403,0.18742107,-0.015939308
83813.83,-16.04126,-0.4554774,0.18688798,-0.015987385
84821.7,-16.04126,-0.4550248,0.18586084,-0.016074155
85829.58,-16.04126,-0.45442164,0.18478239,-0.016149856
86837.45,-16.04126,-0.45422846,0.18417448,-0.01616593
87845.33,-16.04126,-0.45483324,0.1843676,-0.016101085
88853.2,-16.04126,-0.45619124,0.18526538,-0.015979301
89861.08,-16.04126,-0.45775938,0.18630709,-0.01586601
90868.95,-16.04126,-0.45874727,0.18673062,-0.015835663
91876.83,-16.04126,-0.45864314,0.186084,-0.015920317
92884.71,-16.04126,-0.45773047,0.18470398,-0.01606917
93892.586,-16.04126,-0.45712203,0.18370649,-0.016162194
94900.46,-16.04126,-0.457933,0.18414795,-0.016103335
95908.336,-16.04126,-0.4598837,0.18567076,-0.015950885
96916.21,-16.04126,-0.46081513,0.18610597,-0.015933894
97924.086,-16.04126,-0.45932978,0.18415436,-0.016161144
98931.96,-16.04126,-0.45946705,0.18393156,-0.016188474
99939.836,-16.04126,-0.46014953,0.18417916,-0.016191758
160.16696,-15.435929,-0.5212421,0.38692755,-0.025672778
1168.0425,-15.435929,-0.35160202,0.18970367,-0.017463535
2175.918,-15.435929,-0.32286376,0.18540516,-0.016964264
3183.7935,-15.435929,-0.31255797,0.17674072,-0.016100619
4191.669,-15.435929,-0.30917168,0.16545174,-0.014155619
5199.5444,-15.435929,-0.30771565,0.16264093,-0.01286374
6207.42,-15.435929,-0.3028069,0.16526279,-0.013029147
7215.2954,-15.435929,-0.29449648,0.16704474,-0.013943363
8223.171,-15.435929,-0.28808612,0.16591978,-0.0142582245
9231.046,-15.435929,-0.28975415,0.16399722,-0.0129914805
10238.922,-15.435929,-0.30256045,0.16440484,-0.0100276545
11246.798,-15.435929,-0.32507223,0.16869758,-0.0060524717
12254.673,-15.435929,-0.3524683,0.17613381,-0.002150163
13262.548,-15.435929,-0.37884662,0.18445756,0.0006607659
14270.424,-15.435929,-0.39940953,0.19122867,0.001757741
15278.3,-15.435929,-0.41173497,0.19489357,0.0010356158
16286.175,-15.435929,-0.41595656,0.19521374,-0.0011607856
17294.049,-15.435929,-0.4141041,0.19307286,-0.0042182393
18301.924,-15.435929,-0.40906173,0.18991654,-0.0074661486
19309.8,-15.435929,-0.40357065,0.18713215,-0.010349836
20317.676,-15.435929,-0.3995573,0.18560173,-0.012528952
21325.55,-15.435929,-0.39788172,0.18553314,-0.013897754
22333.428,-15.435929,-0.39845932,0.18655369,-0.014542244
23341.303,-15.435929,-0.40060443,0.18797119,-0.014663827
24349.178,-15.435929,-0.4034402,0.18907787,-0.014497457
25357.053,-15.435929,-0.4062365,0.18939471,-0.01424619
26364.928,-15.435929,-0.40859726,0.18879224,-0.01404392
27372.805,-15.435929,-0.41048986,0.18747848,-0.013947148
28380.68,-15.435929,-0.41214368,0.18588261,-0.01394951
29388.555,-15.435929,-0.41388777,0.18448925,-0.014009329
30396.432,-15.435929,-0.41598704,0.1836806,-0.014078196
31404.307,-15.435929,-0.41852796,0.18362962,-0.014123227
32412.182,-15.435929,-0.42138588,0.18426892,-0.014138043
33420.06,-15.435929,-0.4242621,0.18533136,-0.014141677
34427.934,-15.435929,-0.42677873,0.18644324,-0.014168836
35435.81,-15.435929,-0.42858994,0.18723792,-0.014255438
36443.684,-15.435929,-0.4294818,0.18745588,-0.014425425
37451.562,-15.435929,-0.4294265,0.18700798,-0.014681719
38459.438,-15.435929,-0.42858887,0.18598732,-0.015004205
39467.312,-15.435929,-0.42727983,0.18463247,-0.015354533
40475.188,-15.435929,-0.42587468,0.183256,-0.015685946
41483.062,-15.435929,-0.42472374,0.18215837,-0.015955037
42490.938,-15.435929,-0.4240713,0.1815513,-0.01613283
43498.812,-15.435929,-0.42400804,0.18150866,-0.016211294
44506.69,-15.435929,-0.42446303,0.18195464,-0.016205322
45514.566,-15.435929,-0.42523876,0.18269163,-0.016148388
46522.44,-15.435929,-0.42607155,0.18345575,-0.01608438
47530.316,-15.435929,-0.42670745,0.18398783,-0.016056878
48538.19,-15.435929,-0.42696822,0.18410002,-0.016099192
49546.066,-15.435929,-0.42679834,0.18371986,-0.01622684
50553.938,-15.435929,-0.4262718,0.18290734,-0.016434576
51561.812,-15.435929,-0.42557004,0.18183444,-0.016698305
52569.688,-15.435929,-0.42492867,0.18073866,-0.01698126
53577.562,-15.435929,-0.42456937,0.1798615,-0.017243166
54585.438,-15.435929,-0.42463964,0.17938477,-0.01744957
55593.312,-15.435929,-0.42516816,0.17938444,-0.017579926
56601.19,-15.435929,-0.42605314,0.17981195,-0.0176319
57609.066,-15.435929,-0.42708528,0.18050599,-0.01762133
58616.94,-15.435929,-0.42800176,0.18123573,-0.017577887
59624.816,-15.435929,-0.42855525,0.18176098,-0.017537832
60632.69,-15.435929,-0.42858404,0.1818964,-0.017534848
61640.566,-15.435929,-0.42806187,0.18156248,-0.017592464
62648.44,-15.435929,-0.42711717,0.18080917,-0.017718751
63656.32,-15.435929,-0.42600897,0.17980579,-0.017905276
64664.195,-15.435929,-0.42506868,0.17879786,-0.018130332
65672.07,-15.435929,-0.42461967,0.17804152,-0.01836539
66679.945,-15.435929,-0.4248889,0.17773233,-0.018583097
67687.82,-15.435929,-0.42594346,0.17794698,-0.018764924
68695.695,-15.435929,-0.427661,0.17861658,-0.018905317
69703.57,-15.435929,-0.4297527,0.17953958,-0.019012334
70711.445,-15.435929,-0.43182895,0.18043473,-0.019103717
71719.32,-15.435929,-0.43350303,0.18102112,-0.019199532
72727.195,-15.435929,-0.43449396,0.18110362,-0.019313943
73735.08,-15.435929,-0.43471086,0.18063812,-0.019448515
74742.95,-15.435929,-0.43428302,0.17975394,-0.01959007
75750.83,-15.435929,-0.43352613,0.17872164,-0.019713692
76758.7,-15.435929,-0.4328477,0.1778708,-0.019791104
77766.58,-15.435929,-0.4326156,0.17747869,-0.019801877
78774.45,-15.435929,-0.43303022,0.17766637,-0.01974345
79782.33,-15.435929,-0.43404624,0.1783397,-0.019636031
80790.2,-15.435929,-0.4353761,0.17920645,-0.01951918
81798.08,-15.435929,-0.43659163,0.17987376,-0.01943959
82805.95,-15.435929,-0.43729097,0.18000343,-0.019433461
83813.83,-15.435929,-0.43728143,0.17946866,-0.019509073
84821.7,-15.435929,-0.4366928,0.17844261,-0.019639209
85829.58,-15.435929,-0.4359548,0.1773602,-0.019767758
86837.45,-15.435929,-0.43562073,0.17673749,-0.019832999
87845.33,-15.435929,-0.4360819,0.17690375,-0.01980006
88853.2,-15.435929,-0.4373043,0.17776863,-0.019686777
89861.08,-15.435929,-0.43875778,0.17878169,-0.01956579
90868.95,-15.435929,-0.43966055,0.17919007,-0.019529719
91876.83,-15.435929,-0.43949503,0.17854276,-0.019628868
92884.71,-15.435929,-0.43852764,0.17716725,-0.019815283
93892.586,-15.435929,-0.43785256,0.17616276,-0.019948596
94900.46,-15.435929,-0.4385808,0.17657661,-0.019902302
95908.336,-15.435929,-0.44045413,0.17806348,-0.019728497
96916.21,-15.435929,-0.4413432,0.17848387,-0.019698905
97924.086,-15.435929,-0.43984413,0.1765456,-0.01996682
98931.96,-15.435929,-0.43993378,0.1763058,-0.020014029
99939.836,-15.435929,-0.4405862,0.17653817,-0.020011738
160.16696,-14.830599,-0.5153993,0.3837467,-0.027107993
1168.0425,-14.830599,-0.33309108,0.18456747,-0.02053706
2175.918,-14.830599,-0.3037062,0.18036647,-0.019813634
3183.7935,-14.830599,-0.2896914,0.17111973,-0.01945277
4191.669,-14.830599,-0.28287232,0.15940891,-0.017799955
5199.5444,-14.830599,-0.2804693,0.15670694,-0.01636593
6207.42,-14.830599,-0.27602714,0.15956679,-0.016364686
7215.2954,-14.830599,-0.26760018,0.16116625,-0.017445065
8223.171,-14.830599,-0.259507,0.15920925,-0.018261615
9231.046,-14.830599,-0.25841576,0.15598743,-0.017555542
10238.922,-14.830599,-0.26877528,0.1550586,-0.01487422
11246.798,-14.830599,-0.29057068,0.15841745,-0.010688018
12254.673,-14.830599,-0.31977677,0.16559409,-0.0060608797
13262.548,-14.830599,-0.3504322,0.17436576,-0.0021600015
14270.424,-14.830599,-0.37696967,0.18212122,0.00015596673
15278.3,-14.830599,-0.3958439,0.18702132,0.00054712966
16286.175,-14.830599,-0.4060986,0.18853244,-0.00081087276
17294.049,-14.830599,-0.40899137,0.18731606,-0.0033804942
18301.924,-14.830599,-0.4070802,0.18470937,-0.0064795036
19309.8,-14.830599,-0.40319684,0.18210515,-0.00948132
20317.676,-14.830599,-0.39964032,0.18047494,-0.011948645
21325.55,-14.830599,-0.3977501,0.18015532,-0.0136839915
22333.428,-14.830599,-0.3978696,0.18089828,-0.014706301
23341.303,-14.830599,-0.3995874,0.1821002,-0.01518153
24349.178,-14.830599,-0.402114,0.18309265,-0.015337005
25357.053,-14.830599,-0.40465018,0.18338783,-0.015385948
26364.928,-14.830599,-0.40664357,0.1828153,-0.015478361
27372.805,-14.830599,-0.40790117,0.18152905,-0.015682912
28380.68,-14.830599,-0.40855688,0.17991155,-0.015996274
29388.555,-14.830599,-0.40894985,0.17842157,-0.016369246
30396.432,-14.830599,-0.40946382,0.17744167,-0.016738685
31404.307,-14.830599,-0.41038728,0.17716935,-0.01705475
32412.182,-14.830599,-0.41182724,0.17757705,-0.017296884
33420.06,-14.830599,-0.41369268,0.17844088,-0.017477106
34427.934,-14.830599,-0.41574115,0.17942248,-0.01763153
35435.81,-14.830599,-0.41766012,0.18017393,-0.017805742
36443.684,-14.830599,-0.41916037,0.18043442,-0.01803818
37451.562,-14.830599,-0.42004976,0.1800947,-0.018347751
38459.438,-14.830599,-0.4202773,0.17921472,-0.0187277
39467.312,-14.830599,-0.41992635,0.17799503,-0.019147452
40475.188,-14.830599,-0.41918266,0.17671372,-0.019561071
41483.062,-14.830599,-0.41827282,0.17564824,-0.019919395
42490.938,-14.830599,-0.41740334,0.17500198,-0.020182814
43498.812,-14.830599,-0.41670978,0.17485586,-0.020330926
44506.69,-14.830599,-0.41623342,0.1751546,-0.020367527
45514.566,-14.830599,-0.41592303,0.17572698,-0.020319045
46522.44,-14.830599,-0.41566578,0.17633726,-0.020228133
47530.316,-14.830599,-0.41532966,0.17674828,-0.020143293
48538.19,-14.830599,-0.41480997,0.17678367,-0.020107921
49546.066,-14.830599,-0.41406637,0.17637157,-0.020150645
50553.938,-14.830599,-0.41313678,0.17556117,-0.020279743
51561.812,-14.830599,-0.4121297,0.17450665,-0.020482361
52569.688,-14.830599,-0.41119578,0.17342544,-0.020728845
53577.562,-14.830599,-0.41048482,0.17254166,-0.020980388
54585.438,-14.830599,-0.41010338,0.17202714,-0.02119888
55593.312,-14.830599,-0.41008148,0.17195758,-0.021355886
56601.19,-14.830599,-0.41036028,0.17229252,-0.021439034
57609.066,-14.830599,-0.41080427,0.17288706,-0.0214543
58616.94,-14.830599,-0.41123283,0.17352818,-0.021423746
59624.816,-14.830599,-0.41147032,0.17399195,-0.021379702
60632.69,-14.830599,-0.41139278,0.17410289,-0.021356199
61640.566,-14.830599,-0.41096836,0.17378145,-0.021380875
62648.44,-14.830599,-0.41027144,0.17306842,-0.021468278
63656.32,-14.830599,-0.40947253,0.17211613,-0.021617025
64664.195,-14.830599,-0.4087956,0.17114976,-0.021811124
65672.07,-14.830599,-0.4084651,0.17040673,-0.022024987
66679.945,-14.830599,-0.40864056,0.17007041,-0.022231046
67687.82,-14.830599,-0.4093681,0.17021564,-0.022407383
68695.695,-14.830599,-0.41055778,0.1707823,-0.022543792
69703.57,-14.830599,-0.41199762,0.17158666,-0.022643765
70711.445,-14.830599,-0.413401,0.17236942,-0.022722673
71719.32,-14.830599,-0.41447932,0.17287017,-0.022801548
72727.195,-14.830599,-0.41502297,0.1729068,-0.02289925
73735.08,-14.830599,-0.41496214,0.17243707,-0.023024943
74742.95,-14.830599,-0.41439432,0.17157978,-0.02317365
75750.83,-14.830599,-0.41355813,0.17058638,-0.023326935
76758.7,-14.830599,-0.41276616,0.16976336,-0.023458716
77766.58,-14.830599,-0.4123038,0.16936995,-0.023545016
78774.45,-14.830599,-0.41233283,0.16951907,-0.023574168
79782.33,-14.830599,-0.41282755,0.17012309,-0.023553722
80790.2,-14.830599,-0.41357583,0.17090842,-0.023510553
81798.08,-14.830599,-0.41425425,0.17150667,-0.023482634
82805.95,-14.830599,-0.41455463,0.17160024,-0.023504684
83813.83,-14.830599,-0.41432428,0.17106982,-0.023591924
84821.7,-14.830599,-0.4136579,0.17007777,-0.023729986
85829.58,-14.830599,-0.41288304,0.16903275,-0.023876935
86837.45,-14.830599,-0.4124266,0.16842082,-0.023979738
87845.33,-14.830599,-0.41259575,0.16855274,-0.024001848
88853.2,-14.830599,-0.41337216,0.16934371,-0.023948032
89861.08,-14.830599,-0.41435063,0.17027627,-0.023871534
90868.95,-14.830599,-0.41492382,0.17064005,-0.023850227
91876.83,-14.830599,-0.41468132,0.17000905,-0.023935372
92884.71,-14.830599,-0.413818,0.16869055,-0.02410005
93892.586,-14.830599,-0.41317683,0.16772167,-0.024234321
94900.46,-14.830599,-0.41362822,0.16809182,-0.024225902
95908.336,-14.830599,-0.4149868,0.16947728,-0.024100754
96916.21,-14.830599,-0.4156016,0.169858,-0.024075223
97924.086,-14.830599,-0.41436172,0.16801089,-0.02429363
98931.96,-14.830599,-0.41434652,0.16776738,-0.024351409
99939.836,-14.830599,-0.41479135,0.16797253,-0.024350556
160.16696,-14.225268,-0.5084995,0.3806094,-0.028407848
1168.0425,-14.225268,-0.3149042,0.17933711,-0.023563243
2175.918,-14.225268,-0.28527355,0.17533085,-0.022537567
3183.7935,-14.225268,-0.26869646,0.1657711,-0.022435684
4191.669,-14.225268,-0.25796857,0.15345097,-0.021242596
5199.5444,-14.225268,-0.25341314,0.15047829,-0.019976728
6207.42,-14.225268,-0.24924988,0.1534735,-0.019840237
7215.2954,-14.225268,-0.24209958,0.15521872,-0.020744573
8223.171,-14.225268,-0.23452127,0.15299305,-0.021571074
9231.046,-14.225268,-0.23239946,0.1489416,-0.021096038
10238.922,-14.225268,-0.24065292,0.14680637,-0.018722778
11246.798,-14.225268,-0.2605152,0.14896233,-0.014701996
12254.673,-14.225268,-0.28926262,0.15532388,-0.009915438
13262.548,-14.225268,-0.3217204,0.16390477,-0.005457077
14270.424,-14.225268,-0.352356,0.17212106,-0.002236344
15278.3,-14.225268,-0.37700588,0.17797641,-0.00073777884
16286.175,-14.225268,-0.39373258,0.18067661,-0.00097066164
17294.049,-14.225268,-0.40279305,0.18061228,-0.002569612
18301.924,-14.225268,-0.40599194,0.17891462,-0.004973322
19309.8,-14.225268,-0.4057833,0.17687455,-0.00760871
20317.676,-14.225268,-0.40445596,0.1754667,-0.010028487
21325.55,-14.225268,-0.40360105,0.17510772,-0.011979394
22333.428,-14.225268,-0.40392485,0.17566529,-0.013402417
23341.303,-14.225268,-0.40535384,0.17664622,-0.014384994
24349.178,-14.225268,-0.40732417,0.17745887,-0.015090454
25357.053,-14.225268,-0.40912038,0.17764601,-0.015689371
26364.928,-14.225268,-0.4101634,0.17702553,-0.016309652
27372.805,-14.225268,-0.41018072,0.17571282,-0.017012827
28380.68,-14.225268,-0.40924704,0.17404395,-0.017795496
29388.555,-14.225268,-0.40770957,0.1724418,-0.018608803
30396.432,-14.225268,-0.40605596,0.17127563,-0.01938611
31404.307,-14.225268,-0.4047609,0.17075521,-0.020069242
32412.182,-14.225268,-0.40416422,0.1708857,-0.020626832
33420.06,-14.225268,-0.40440047,0.17148688,-0.021060769
34427.934,-14.225268,-0.40539318,0.17226243,-0.021401944
35435.81,-14.225268,-0.4068974,0.17289345,-0.021697955
36443.684,-14.225268,-0.40858072,0.17312877,-0.021997657
37451.562,-14.225268,-0.41010672,0.17284735,-0.022336945
38459.438,-14.225268,-0.4112063,0.17208031,-0.022729633
39467.312,-14.225268,-0.41172612,0.1709894,-0.023165109
40475.188,-14.225268,-0.41163602,0.16981412,-0.023612691
41483.062,-14.225268,-0.41101402,0.16880117,-0.024030881
42490.938,-14.225268,-0.41000518,0.16813879,-0.024378749
43498.812,-14.225268,-0.4087752,0.16790938,-0.024626674
44506.69,-14.225268,-0.40747055,0.16807419,-0.024763491
45514.566,-14.225268,-0.40618968,0.16848944,-0.024799062
46522.44,-14.225268,-0.4049743,0.16894877,-0.024761494
47530.316,-14.225268,-0.40381885,0.1692406,-0.0246904
48538.19,-14.225268,-0.40268964,0.16920394,-0.024627784
49546.066,-14.225268,-0.40155098,0.16876891,-0.024608964
50553.938,-14.225268,-0.40038502,0.16797403,-0.024655329
51561.812,-14.225268,-0.3992056,0.16695349,-0.024770787
52569.688,-14.225268,-0.39805788,0.16590129,-0.024942491
53577.562,-14.225268,-0.39700535,0.16502056,-0.025144963
54585.438,-14.225268,-0.39611244,0.16447043,-0.025347218
55593.312,-14.225268,-0.39542502,0.16432512,-0.025520422
56601.19,-14.225268,-0.39495346,0.16455507,-0.025644796
57609.066,-14.225268,-0.39466867,0.16503415,-0.025713705
58616.94,-14.225268,-0.39450738,0.16557279,-0.0257345
59624.816,-14.225268,-0.39438885,0.16596791,-0.02572588
60632.69,-14.225268,-0.3942365,0.16605613,-0.02571263
61640.566,-14.225268,-0.39399922,0.16575879,-0.025719007
62648.44,-14.225268,-0.39366826,0.16510397,-0.02576245
63656.32,-14.225268,-0.39327833,0.1642214,-0.02584981
64664.195,-14.225268,-0.39289898,0.16330826,-0.025975866
65672.07,-14.225268,-0.39261374,0.16257626,-0.02612555
66679.945,-14.225268,-0.39249116,0.16219197,-0.02627868
67687.82,-14.225268,-0.39256212,0.16222717,-0.026416078
68695.695,-14.225268,-0.39280078,0.16263402,-0.026525116
69703.57,-14.225268,-0.3931272,0.16325417,-0.02660351
70711.445,-14.225268,-0.39342088,0.16386068,-0.026659617
71719.32,-14.225268,-0.39355457,0.16422386,-0.026709992
72727.195,-14.225268,-0.3934294,0.16418223,-0.026773594
73735.08,-14.225268,-0.39300936,0.16369839,-0.026865525
74742.95,-14.225268,-0.3923338,0.16287847,-0.026991647
75750.83,-14.225268,-0.3915161,0.16194624,-0.027145952
76758.7,-14.225268,-0.3907088,0.16117507,-0.02731217
77766.58,-14.225268,-0.3900582,0.16079557,-0.027469113
78774.45,-14.225268,-0.38965374,0.16090633,-0.027598003
79782.33,-14.225268,-0.38949406,0.16142555,-0.027689949
80790.2,-14.225268,-0.38947976,0.1621041,-0.027749902
81798.08,-14.225268,-0.38945132,0.1626084,-0.027795408
82805.95,-14.225268,-0.38924998,0.16265191,-0.027849805
83813.83,-14.225268,-0.38879246,0.16212884,-0.027931828
84821.7,-14.225268,-0.38812062,0.16118942,-0.028045978
85829.58,-14.225268,-0.3874026,0.16020691,-0.02817812
86837.45,-14.225268,-0.38686368,0.15962383,-0.028300289
87845.33,-14.225268,-0.38667303,0.1597222,-0.028384294
88853.2,-14.225268,-0.3868313,0.16042204,-0.02841863
89861.08,-14.225268,-0.38712725,0.16124895,-0.028419526
90868.95,-14.225268,-0.38723344,0.16155382,-0.028426012
91876.83,-14.225268,-0.3869172,0.16094911,-0.02847604
92884.71,-14.225268,-0.38626695,0.15971832,-0.028574176
93892.586,-14.225268,-0.38573027,0.15881217,-0.0286762
94900.46,-14.225268,-0.38578874,0.15913558,-0.02871787
95908.336,-14.225268,-0.3863619,0.16038878,-0.028688014
96916.21,-14.225268,-0.38655943,0.16071883,-0.028678628
97924.086,-14.225268,-0.38574898,0.15900737,-0.028782997
98931.96,-14.225268,-0.38559002,0.15877235,-0.028840652
99939.836,-14.225268,-0.3857118,0.15894713,-0.02884564
160.16696,-13.619938,-0.50042605,0.37754595,-0.029557899
1168.0425,-13.619938,-0.2969678,0.17411207,-0.026527159
2175.918,-13.619938,-0.26747307,0.17030376,-0.025161546
3183.7935,-13.619938,-0.24970154,0.16062465,-0.025077447
4191.669,-13.619938,-0.23546343,0.14758542,-0.024398027
5199.5444,-13.619938,-0.22842336,0.14405887,-0.02349143
6207.42,-13.619938,-0.224585,0.14707516,-0.0232374
7215.2954,-13.619938,-0.21960062,0.1491775,-0.023730876
8223.171,-13.619938,-0.21381503,0.14711493,-0.02424466
9231.046,-13.619938,-0.21144798,0.14264403,-0.023828106
10238.922,-13.619938,-0.21718702,0.13947247,-0.021890204
11246.798,-13.619938,-0.23333961,0.14026177,-0.01845746
12254.673,-13.619938,-0.25884894,0.14535598,-0.014096545
13262.548,-13.619938,-0.29001263,0.15314707,-0.009641787
14270.424,-13.619938,-0.32206252,0.16124779,-0.0058912896
15278.3,-13.619938,-0.35074985,0.16764368,-0.0033862628
16286.175,-13.619938,-0.37338012,0.17135264,-0.0023209006
17294.049,-13.619938,-0.389125,0.17249422,-0.002572408
18301.924,-13.619938,-0.3987257,0.17193815,-0.0038073808
19309.8,-13.619938,-0.4038518,0.17078863,-0.005614113
20317.676,-13.619938,-0.4063956,0.16993701,-0.0076167993
21325.55,-13.619938,-0.40791738,0.16981348,-0.009548547
22333.428,-13.619938,-0.40934443,0.17036588,-0.011275036
23341.303,-13.619938,-0.4109372,0.17120712,-0.012778493
24349.178,-13.619938,-0.4124493,0.1718418,-0.014116783
25357.053,-13.619938,-0.41339335,0.17187636,-0.015375571
26364.928,-13.619938,-0.41330534,0.17115106,-0.016627997
27372.805,-13.619938,-0.41194087,0.16976917,-0.017909965
28380.68,-13.619938,-0.40936452,0.16803497,-0.019213613
29388.555,-13.619938,-0.40593225,0.16633695,-0.020496082
30396.432,-13.619938,-0.4021908,0.16502158,-0.021697488
31404.307,-13.619938,-0.39873764,0.16429566,-0.022761043
32412.182,-13.619938,-0.3960821,0.16418174,-0.02364978
33420.06,-13.619938,-0.39454114,0.16453102,-0.024355588
34427.934,-13.619938,-0.39418983,0.16508353,-0.024899555
35435.81,-13.619938,-0.3948717,0.16555099,-0.025324846
36443.684,-13.619938,-0.39625356,0.16569944,-0.025684766
37451.562,-13.619938,-0.39791358,0.16540778,-0.026029687
38459.438,-13.619938,-0.39943296,0.16469032,-0.026395964
39467.312,-13.619938,-0.40047485,0.1636813,-0.026799392
40475.188,-13.619938,-0.4008361,0.1625882,-0.027234193
41483.062,-13.619938,-0.40046224,0.16162993,-0.027676903
42490.938,-13.619938,-0.39943314,0.16097683,-0.02809437
43498.812,-13.619938,-0.39792314,0.16070725,-0.028452795
44506.69,-13.619938,-0.39614785,0.16079152,-0.02872657
45514.566,-13.619938,-0.39431375,0.16110462,-0.028904276
46522.44,-13.619938,-0.39257777,0.16146328,-0.028991012
47530.316,-13.619938,-0.39102453,0.16167682,-0.029006936
48538.19,-13.619938,-0.38966653,0.16159748,-0.028982477
49546.066,-13.619938,-0.38845757,0.16115847,-0.02895155
50553.938,-13.619938,-0.38732037,0.16039002,-0.028944563
51561.812,-13.619938,-0.38617694,0.15940997,-0.02898246
52569.688,-13.619938,-0.38497615,0.15839253,-0.029073428
53577.562,-13.619938,-0.38370746,0.15752241,-0.029212333
54585.438,-13.619938,-0.38240588,0.15694767,-0.029383292
55593.312,-13.619938,-0.3811422,0.1567413,-0.029564247
56601.19,-13.619938,-0.38000405,0.15688288,-0.029732522
57609.066,-13.619938,-0.37907243,0.15726385,-0.029870143
58616.94,-13.619938,-0.3784009,0.15771587,-0.029967532
59624.816,-13.619938,-0.3780002,0.15805462,-0.03002509
60632.69,-13.619938,-0.37783456,0.15812838,-0.030052053
61640.566,-13.619938,-0.37782776,0.15785864,-0.030063434
62648.44,-13.619938,-0.37787843,0.15726162,-0.030075666
63656.32,-13.619938,-0.3778808,0.15644485,-0.030102193
64664.195,-13.619938,-0.37774587,0.15557879,-0.030149998
65672.07,-13.619938,-0.3774172,0.15485033,-0.030218232
66679.945,-13.619938,-0.3768805,0.15440942,-0.030299008
67687.82,-13.619938,-0.37616003,0.15432519,-0.030380303
68695.695,-13.619938,-0.37531012,0.15456212,-0.030450093
69703.57,-13.619938,-0.37439772,0.1549874,-0.030500732
70711.445,-13.619938,-0.3734867,0.15540667,-0.030531965
71719.32,-13.619938,-0.37262207,0.15562166,-0.03055209
72727.195,-13.619938,-0.3718236,0.15549293,-0.030576183
73735.08,-13.619938,-0.37108463,0.15498897,-0.030622344
74742.95,-13.619938,-0.37038156,0.15420373,-0.030706357
75750.83,-13.619938,-0.36968505,0.15333445,-0.030836541
76758.7,-13.619938,-0.36897182,0.15262093,-0.031010218
77766.58,-13.619938,-0.36823374,0.15226345,-0.031213675
78774.45,-13.619938,-0.36747932,0.15234485,-0.031424917
79782.33,-13.619938,-0.3667284,0.15278733,-0.031619832
80790.2,-13.619938,-0.3660026,0.15336457,-0.03177958
81798.08,-13.619938,-0.36531687,0.15377757,-0.031896494
82805.95,-13.619938,-0.36467296,0.1537715,-0.031977307
83813.83,-13.619938,-0.364061,0.1532557,-0.03204033
84821.7,-13.619938,-0.36346877,0.15237005,-0.032108907
85829.58,-13.619938,-0.36289072,0.15145437,-0.03220108
86837.45,-13.619938,-0.36233553,0.15090774,-0.03232106
87845.33,-13.619938,-0.3618226,0.15098144,-0.032455564
88853.2,-13.619938,-0.3613703,0.15159874,-0.032578547
89861.08,-13.619938,-0.36097935,0.1523261,-0.032664042
90868.95,-13.619938,-0.36062443,0.15257525,-0.032702
91876.83,-13.619938,-0.3602662,0.15199834,-0.03270816
92884.71,-13.619938,-0.35988116,0.15085821,-0.032719094
93892.586,-13.619938,-0.35948974,0.15002127,-0.0327688
94900.46,-13.619938,-0.35915077,0.15030745,-0.032857217
95908.336,-13.619938,-0.35889643,0.15143704,-0.032936838
96916.21,-13.619938,-0.35865825,0.15172085,-0.03294959
97924.086,-13.619938,-0.35832787,0.1501471,-0.032915026
98931.96,-13.619938,-0.35802662,0.14992934,-0.03296291
99939.836,-13.619938,-0.35780472,0.15007979,-0.03297572
160.16696,-13.014606,-0.49112672,0.3745776,-0.03054488
1168.0425,-13.014606,-0.27924764,0.1689906,-0.029401397
2175.918,-13.014606,-0.25003314,0.16530976,-0.027712042
3183.7935,-13.014606,-0.23241267,0.15560901,-0.027443461
4191.669,-13.014606,-0.21578473,0.14182845,-0.027216231
5199.5444,-13.014606,-0.20670348,0.13759635,-0.026725024
6207.42,-13.014606,-0.20335972,0.14052764,-0.026365912
7215.2954,-13.014606,-0.20080265,0.14306171,-0.02635889
8223.171,-13.014606,-0.19708607,0.14141138,-0.026447106
9231.046,-13.014606,-0.19435132,0.1368193,-0.026084289
10238.922,-13.014606,-0.1966247,0.13280034,-0.024774719
11246.798,-13.014606,-0.20710364,0.1321895,-0.02232131
12254.673,-13.014606,-0.22655803,0.13573559,-0.018894868
13262.548,-13.014606,-0.25319627,0.14226967,-0.014948517
14270.424,-13.014606,-0.2835663,0.14971589,-0.011053968
15278.3,-13.014606,-0.31382436,0.15616655,-0.0077357255
16286.175,-13.014606,-0.3408241,0.1605479,-0.0053551216
17294.049,-13.014606,-0.36271775,0.16275606,-0.0040636044
18301.924,-13.014606,-0.3790401,0.16339302,-0.0038191248
19309.8,-13.014606,-0.39039537,0.16332829,-0.004443396
20317.676,-13.014606,-0.39795837,0.16330066,-0.005694337
21325.55,-13.014606,-0.40297988,0.16368455,-0.0073312502
22333.428,-13.014606,-0.40643147,0.16445452,-0.009159347
23341.303,-13.014606,-0.40884396,0.16530244,-0.011048814
24349.178,-13.014606,-0.41033277,0.16582842,-0.012931902
25357.053,-13.014606,-0.41074467,0.16572227,-0.014785089
26364.928,-13.014606,-0.40985674,0.16487788,-0.016605772
27372.805,-13.014606,-0.40755275,0.1634174,-0.018391654
28380.68,-13.014606,-0.4039374,0.1616365,-0.02012743
29388.555,-13.014606,-0.3993584,0.15989916,-0.021781197
30396.432,-13.014606,-0.39435104,0.15852524,-0.023309331
31404.307,-13.014606,-0.38952976,0.15770362,-0.024666693
32412.182,-13.014606,-0.38546264,0.157453,-0.025818361
33420.06,-13.014606,-0.3825572,0.15763584,-0.026749074
34427.934,-13.014606,-0.38099247,0.1580128,-0.027467992
35435.81,-13.014606,-0.38070098,0.15832022,-0.028007776
36443.684,-13.014606,-0.38140365,0.15834485,-0.028418344
37451.562,-13.014606,-0.3826843,0.1579773,-0.02875704
38459.438,-13.014606,-0.3840835,0.15723303,-0.029077668
39467.312,-13.014606,-0.38518965,0.15623705,-0.029421153
40475.188,-13.014606,-0.38571092,0.15518084,-0.029808942
41483.062,-13.014606,-0.38551372,0.15426539,-0.03024129
42490.938,-13.014606,-0.38462317,0.15364602,-0.030699745
43498.812,-13.014606,-0.3831945,0.15339218,-0.03115345
44506.69,-13.014606,-0.38145733,0.15347272,-0.031567264
45514.566,-13.014606,-0.37965548,0.1537683,-0.031910505
46522.44,-13.014606,-0.37798992,0.15410541,-0.032163665
47530.316,-13.014606,-0.37658033,0.15430404,-0.03232272
48538.19,-13.014606,-0.37544897,0.15422444,-0.032399427
49546.066,-13.014606,-0.3745297,0.15380251,-0.03241862
50553.938,-13.014606,-0.37369937,0.15306556,-0.032412615
51561.812,-13.014606,-0.3728177,0.15212311,-0.03241437
52569.688,-13.014606,-0.37177032,0.1511381,-0.032450937
53577.562,-13.014606,-0.3705033,0.150285,-0.032538373
54585.438,-13.014606,-0.3690396,0.14970492,-0.032679424
55593.312,-13.014606,-0.36747578,0.14946981,-0.032863703
56601.19,-13.014606,-0.36596063,0.14956468,-0.033071324
57609.066,-13.014606,-0.36465758,0.14989157,-0.033277594
58616.94,-13.014606,-0.36370504,0.15029547,-0.033459112
59624.816,-13.014606,-0.3631778,0.15060428,-0.033598516
60632.69,-13.014606,-0.36306685,0.15067358,-0.033688203
61640.566,-13.014606,-0.36327174,0.15042512,-0.03373098
62648.44,-13.014606,-0.3636196,0.14986718,-0.03373846
63656.32,-13.014606,-0.36389893,0.1490927,-0.033727273
64664.195,-13.014606,-0.36390403,0.1482539,-0.033714507
65672.07,-13.014606,-0.36347872,0.14752066,-0.033712894
66679.945,-13.014606,-0.36255264,0.1470317,-0.03372793
67687.82,-13.014606,-0.36115608,0.1468539,-0.033757143
68695.695,-13.014606,-0.35941347,0.14696074,-0.03379186
69703.57,-13.014606,-0.35751545,0.14723727,-0.033821106
70711.445,-13.014606,-0.35567254,0.1475128,-0.033836633
71719.32,-13.014606,-0.3540668,0.1476121,-0.03383723
72727.195,-13.014606,-0.35280865,0.14741234,-0.03383121
73735.08,-13.014606,-0.3519125,0.14688757,-0.033835657
74742.95,-13.014606,-0.35129768,0.14612398,-0.033872448
75750.83,-13.014606,-0.3508182,0.14530034,-0.033961624
76758.7,-13.014606,-0.350306,0.14463207,-0.034114186
77766.58,-13.014606,-0.3496263,0.14429688,-0.034326382
78774.45,-13.014606,-0.34871978,0.1443646,-0.03457783
79782.33,-13.014606,-0.3476227,0.14475842,-0.034835402
80790.2,-13.014606,-0.34645116,0.14526743,-0.035061706
81798.08,-13.014606,-0.34535906,0.14561662,-0.035227165
82805.95,-13.014606,-0.3444756,0.14557466,-0.035321154
83813.83,-13.014606,-0.34385002,0.1450634,-0.035358056
84821.7,-13.014606,-0.34342438,0.14421703,-0.035374023
85829.58,-13.014606,-0.34305346,0.1433525,-0.035413947
86837.45,-13.014606,-0.34256992,0.14283814,-0.035511494
87845.33,-13.014606,-0.34187308,0.14290197,-0.035670385
88853.2,-13.014606,-0.3409969,0.14346737,-0.035856266
89861.08,-13.014606,-0.34011275,0.14412841,-0.036008775
90868.95,-13.014606,-0.33944178,0.14433974,-0.036073368
91876.83,-13.014606,-0.33910266,0.14378363,-0.0360415
92884.71,-13.014606,-0.33898088,0.14271054,-0.035972133
93892.586,-13.014606,-0.3387514,0.14192884,-0.035966307
94900.46,-13.014606,-0.33812904,0.14219639,-0.036084667
95908.336,-13.014606,-0.3372364,0.14324488,-0.036255293
96916.21,-13.014606,-0.3366748,0.14349858,-0.036290333
97924.086,-13.014606,-0.33676398,0.14202514,-0.036135398
98931.96,-13.014606,-0.33637172,0.14182687,-0.03616752
99939.836,-13.014606,-0.33589154,0.14196448,-0.036188386
160.16696,-12.409277,-0.4805709,0.37170035,-0.031365346
1168.0425,-12.409277,-0.26180273,0.16404766,-0.03214912
2175.918,-12.409277,-0.23258302,0.16038403,-0.030209148
3183.7935,-12.409277,-0.216198,0.15067114,-0.02961545
4191.669,-12.409277,-0.1986912,0.1362065,-0.029691406
5199.5444,-12.409277,-0.18847552,0.13125047,-0.029560918
6207.42,-12.409277,-0.18574575,0.13401163,-0.029118499
7215.2954,-12.409277,-0.18526475,0.13692631,-0.028664358
8223.171,-12.409277,-0.1830846,0.13575113,-0.02839888
9231.046,-12.409277,-0.17929024,0.13120982,-0.028202794
10238.922,-12.409277,-0.17705157,0.12653847,-0.027708275
11246.798,-12.409277,-0.18023315,0.12463148,-0.02651047
12254.673,-12.409277,-0.19135287,0.12655671,-0.0243688
13262.548,-12.409277,-0.21066871,0.13156305,-0.021311888
14270.424,-12.409277,-0.23636147,0.1379326,-0.01762776
15278.3,-12.409277,-0.2653854,0.14395599,-0.01377056
16286.175,-12.409277,-0.29448354,0.1485705,-0.010232348
17294.049,-12.409277,-0.32099724,0.151531,-0.007426787
18301.924,-12.409277,-0.34329128,0.15321262,-0.005613856
19309.8,-12.409277,-0.360795,0.15424655,-0.0048757195
20317.676,-12.409277,-0.37376535,0.15517946,-0.0051375274
21325.55,-12.409277,-0.38292632,0.15627214,-0.0062165298
22333.428,-12.409277,-0.38911855,0.15746829,-0.007880654
23341.303,-12.409277,-0.39305103,0.15849663,-0.009900792
24349.178,-12.409277,-0.39519042,0.15903372,-0.012086362
25357.053,-12.409277,-0.39577273,0.158856,-0.014301108
26364.928,-12.409277,-0.39489686,0.15793124,-0.01646126
27372.805,-12.409277,-0.39264646,0.15642858,-0.018522635
28380.68,-12.409277,-0.38919038,0.1546594,-0.020463144
29388.555,-12.409277,-0.3848344,0.15297781,-0.022267394
30396.432,-12.409277,-0.380013,0.15167776,-0.023917323
31404.307,-12.409277,-0.37523037,0.15091775,-0.025389846
32412.182,-12.409277,-0.37097633,0.15069225,-0.026661145
33420.06,-12.409277,-0.36763608,0.15085034,-0.027713973
34427.934,-12.409277,-0.3654234,0.1511541,-0.028545434
35435.81,-12.409277,-0.36435288,0.15135255,-0.029172128
36443.684,-12.409277,-0.36425132,0.1512527,-0.029630499
37451.562,-12.409277,-0.3648094,0.15076748,-0.029972518
38459.438,-12.409277,-0.36565506,0.14993125,-0.0302576
39467.312,-12.409277,-0.36643016,0.14888096,-0.030541947
40475.188,-12.409277,-0.366862,0.14781214,-0.030869285
41483.062,-12.409277,-0.36680284,0.14692228,-0.031263113
42490.938,-12.409277,-0.36624146,0.14635715,-0.031724233
43498.812,-12.409277,-0.36528563,0.14617434,-0.032232318
44506.69,-12.409277,-0.36411667,0.14633107,-0.032751936
45514.566,-12.409277,-0.3629356,0.1466985,-0.033241384
46522.44,-12.409277,-0.36191106,0.14709772,-0.03366241
47530.316,-12.409277,-0.36113733,0.14734694,-0.033988565
48538.19,-12.409277,-0.36061764,0.14730757,-0.034210686
49546.066,-12.409277,-0.3602691,0.1469184,-0.034338355
50553.938,-12.409277,-0.35995227,0.14620951,-0.034397446
51561.812,-12.409277,-0.3595109,0.14529273,-0.034423865
52569.688,-12.409277,-0.35881782,0.14433192,-0.034455597
53577.562,-12.409277,-0.35781255,0.14350075,-0.03452482
54585.438,-12.409277,-0.3565205,0.1429393,-0.03465119
55593.312,-12.409277,-0.35505235,0.14271809,-0.034838434
56601.19,-12.409277,-0.3535806,0.14282162,-0.035074405
57609.066,-12.409277,-0.3522998,0.1431529,-0.035334826
58616.94,-12.409277,-0.35137948,0.14355852,-0.035589345
59624.816,-12.409277,-0.35091734,0.14386874,-0.03580882
60632.69,-12.409277,-0.350913,0.14394134,-0.0359718
61640.566,-12.409277,-0.35125685,0.14369875,-0.036069155
62648.44,-12.409277,-0.35174808,0.14314823,-0.036104932
63656.32,-12.409277,-0.35213587,0.14237988,-0.036094733
64664.195,-12.409277,-0.3521706,0.14154162,-0.036060423
65672.07,-12.409277,-0.35166162,0.14079861,-0.036024243
66679.945,-12.409277,-0.35052374,0.14028609,-0.036002763
67687.82,-12.409277,-0.34879804,0.14006978,-0.036002874
68695.695,-12.409277,-0.3466495,0.14012487,-0.03602121
69703.57,-12.409277,-0.3443296,0.14034228,-0.03604655
70711.445,-12.409277,-0.3421197,0.14055848,-0.03606526
71719.32,-12.409277,-0.34026685,0.14060691,-0.036067836
72727.195,-12.409277,-0.33892232,0.14037174,-0.03605417
73735.08,-12.409277,-0.3381066,0.13983053,-0.036036175
74742.95,-12.409277,-0.33770853,0.13906899,-0.036035918
75750.83,-12.409277,-0.33751875,0.13826044,-0.03607934
76758.7,-12.409277,-0.3372954,0.13761191,-0.036187295
77766.58,-12.409277,-0.33683687,0.13729247,-0.03636634
78774.45,-12.409277,-0.33604717,0.13736522,-0.03660307
79782.33,-12.409277,-0.3349669,0.13775092,-0.036864217
80790.2,-12.409277,-0.33375737,0.13824217,-0.037105028
81798.08,-12.409277,-0.33264053,0.13857117,-0.037283212
82805.95,-12.409277,-0.33180925,0.13851567,-0.037375093
83813.83,-12.409277,-0.33134127,0.13800368,-0.037387796
84821.7,-12.409277,-0.331155,0.13717048,-0.037360355
85829.58,-12.409277,-0.33103397,0.13632682,-0.037350986
86837.45,-12.409277,-0.3307202,0.13583122,-0.037412222
87845.33,-12.409277,-0.33004987,0.13590185,-0.03756232
88853.2,-12.409277,-0.32906514,0.13645902,-0.037767977
89861.08,-12.409277,-0.32802588,0.13710333,-0.037952185
90868.95,-12.409277,-0.3272837,0.1373035,-0.03803334
91876.83,-12.409277,-0.32704163,0.13675387,-0.03798254
92884.71,-12.409277,-0.3271399,0.13570498,-0.0378647
93892.586,-12.409277,-0.3270736,0.13494834,-0.03781696
94900.46,-12.409277,-0.32637602,0.13521993,-0.037940588
95908.336,-12.409277,-0.32521427,0.13624953,-0.038159154
96916.21,-12.409277,-0.3245433,0.1364955,-0.03821276
97924.086,-12.409277,-0.3249119,0.13505593,-0.03799274
98931.96,-12.409277,-0.32452852,0.13487282,-0.03800869
99939.836,-12.409277,-0.32396168,0.13501036,-0.038037796
160.16696,-11.803946,-0.46871173,0.3688782,-0.03203056
1168.0425,-11.803946,-0.2448288,0.15931937,-0.03472715
2175.918,-11.803946,-0.21479145,0.15556121,-0.03265913
3183.7935,-11.803946,-0.20026915,0.14578497,-0.031669475
4191.669,-11.803946,-0.18337673,0.13075241,-0.03185872
5199.5444,-11.803946,-0.17298326,0.12516141,-0.03197376
6207.42,-11.803946,-0.17076568,0.12769526,-0.03149227
7215.2954,-11.803946,-0.17153746,0.13084888,-0.030750241
8223.171,-11.803946,-0.1699353,0.13006335,-0.03031275
9231.046,-11.803946,-0.16432852,0.12563556,-0.030424101
10238.922,-11.803946,-0.15698284,0.1205082,-0.030839942
11246.798,-11.803946,-0.15212968,0.117533654,-0.030987963
12254.673,-11.803946,-0.1537135,0.11797361,-0.030268095
13262.548,-11.803946,-0.16388005,0.121404886,-0.028316576
14270.424,-11.803946,-0.1825118,0.126447,-0.025135517
15278.3,-11.803946,-0.20761696,0.131636,-0.021073926
16286.175,-11.803946,-0.23617181,0.13601157,-0.01670137
17294.049,-11.803946,-0.26502106,0.13928595,-0.0126395635
18301.924,-11.803946,-0.29156917,0.14168482,-0.00941015
19309.8,-11.803946,-0.31414205,0.14363909,-0.0073369145
20317.676,-11.803946,-0.3320328,0.14550006,-0.006515015
21325.55,-11.803946,-0.34532148,0.14738041,-0.0068386737
22333.428,-11.803946,-0.3545858,0.14914456,-0.008065987
23341.303,-11.803946,-0.36060864,0.15051103,-0.009896444
24349.178,-11.803946,-0.36415398,0.15120046,-0.012039969
25357.053,-11.803946,-0.3658414,0.15106358,-0.014263777
26364.928,-11.803946,-0.36611438,0.15014714,-0.016413068
27372.805,-11.803946,-0.36527514,0.14868373,-0.018407995
28380.68,-11.803946,-0.3635502,0.14702009,-0.020224962
29388.555,-11.803946,-0.36115324,0.1455145,-0.021871746
30396.432,-11.803946,-0.358324,0.14443935,-0.023364585
31404.307,-11.803946,-0.35533398,0.14391556,-0.024712596
32412.182,-11.803946,-0.35246396,0.14389642,-0.025912346
33420.06,-11.803946,-0.34996507,0.14419755,-0.026950918
34427.934,-11.803946,-0.3480177,0.14456235,-0.027814439
35435.81,-11.803946,-0.34670407,0.14473979,-0.028498143
36443.684,-11.803946,-0.34600055,0.14455348,-0.02901381
37451.562,-11.803946,-0.34579322,0.14394492,-0.029392697
38459.438,-11.803946,-0.34591153,0.14298184,-0.029682253
39467.312,-11.803946,-0.34617013,0.14183217,-0.029938519
40475.188,-11.803946,-0.34641123,0.14071374,-0.030215444
41483.062,-11.803946,-0.34653434,0.13983472,-0.030554518
42490.938,-11.803946,-0.3465104,0.13933848,-0.030977035
43498.812,-11.803946,-0.34637454,0.13926984,-0.03148046
44506.69,-11.803946,-0.34620568,0.13956603,-0.032040555
45514.566,-11.803946,-0.34609488,0.1400767,-0.032617703
46522.44,-11.803946,-0.34611306,0.14060381,-0.033166282
47530.316,-11.803946,-0.34628636,0.14095217,-0.03364528
48538.19,-11.803946,-0.34658578,0.14097886,-0.034027003
49546.066,-11.803946,-0.34692806,0.14062598,-0.034302592
50553.938,-11.803946,-0.3471999,0.13993281,-0.034483314
51561.812,-11.803946,-0.34728366,0.13902356,-0.03459709
52569.688,-11.803946,-0.3470903,0.13807455,-0.034681547
53577.562,-11.803946,-0.3465872,0.13726841,-0.034775354
54585.438,-11.803946,-0.34580883,0.13674836,-0.034909524
55593.312,-11.803946,-0.3448562,0.13658346,-0.035100874
56601.19,-11.803946,-0.3438774,0.13675116,-0.035349146
57609.066,-11.803946,-0.3430351,0.1371442,-0.035637856
58616.94,-11.803946,-0.3424667,0.13759929,-0.035939097
59624.816,-11.803946,-0.3422502,0.1379388,-0.036220767
60632.69,-11.803946,-0.34237972,0.13801761,-0.036454216
61640.566,-11.803946,-0.3427595,0.13775998,-0.036620975
62648.44,-11.803946,-0.34321916,0.13718043,-0.036716655
63656.32,-11.803946,-0.34354702,0.13637924,-0.03675089
64664.195,-11.803946,-0.3435369,0.13551517,-0.03674406
65672.07,-11.803946,-0.34303468,0.1347622,-0.036721073
66679.945,-11.803946,-0.3419791,0.13426027,-0.036704663
67687.82,-11.803946,-0.34042054,0.13407423,-0.03670916
68695.695,-11.803946,-0.3385164,0.13417362,-0.036737543
69703.57,-11.803946,-0.33649886,0.13443948,-0.03678175
70711.445,-11.803946,-0.33462563,0.13469803,-0.036826964
71719.32,-11.803946,-0.33311933,0.13477397,-0.03685818
72727.195,-11.803946,-0.33211493,0.1345473,-0.03686694
73735.08,-11.803946,-0.33162725,0.13399711,-0.036856435
74742.95,-11.803946,-0.3315495,0.13321581,-0.03684237
75750.83,-11.803946,-0.33168402,0.13238668,-0.03684885
76758.7,-11.803946,-0.33180153,0.13172701,-0.03690031
77766.58,-11.803946,-0.33170938,0.1314127,-0.0370119
78774.45,-11.803946,-0.3313111,0.13150787,-0.037181035
79782.33,-11.803946,-0.33063766,0.13192822,-0.03738477
80790.2,-11.803946,-0.3298334,0.13245612,-0.037584573
81798.08,-11.803946,-0.32910126,0.13281253,-0.037738245
82805.95,-11.803946,-0.32862017,0.13276736,-0.037816428
83813.83,-11.803946,-0.32846323,0.13224775,-0.037816893
84821.7,-11.803946,-0.32855603,0.13139622,-0.037769806
85829.58,-11.803946,-0.32869595,0.13053694,-0.037729252
86837.45,-11.803946,-0.32863903,0.13004106,-0.03775057
87845.33,-11.803946,-0.32822904,0.13013294,-0.037861157
88853.2,-11.803946,-0.32750237,0.130727,-0.03803869
89861.08,-11.803946,-0.32670426,0.13140717,-0.03821288
90868.95,-11.803946,-0.32617033,0.13162321,-0.038299695
91876.83,-11.803946,-0.3260995,0.13106146,-0.038258687
92884.71,-11.803946,-0.32634825,0.12998521,-0.038141076
93892.586,-11.803946,-0.3264387,0.12921542,-0.038078636
94900.46,-11.803946,-0.32592195,0.12951119,-0.03818242
95908.336,-11.803946,-0.3249491,0.13058728,-0.038394637
96916.21,-11.803946,-0.32442904,0.13084655,-0.03846205
97924.086,-11.803946,-0.32489985,0.12936226,-0.038254812
98931.96,-11.803946,-0.32465667,0.12918341,-0.03826062
99939.836,-11.803946,-0.3242221,0.12933029,-0.038299527
160.16696,-11.198616,-0.4554727,0.36604887,-0.032566395
1168.0425,-11.198616,-0.22867222,0.15480055,-0.03708871
2175.918,-11.198616,-0.19651288,0.15086484,-0.03504805
3183.7935,-11.198616,-0.1839168,0.14095046,-0.033656873
4191.669,-11.198616,-0.16873264,0.12549731,-0.03378063
5199.5444,-11.198616,-0.1587888,0.119425856,-0.034023374
6207.42,-11.198616,-0.15664743,0.12170425,-0.033575237
7215.2954,-11.198616,-0.1576008,0.124913454,-0.0327507
8223.171,-11.198616,-0.15564254,0.12434621,-0.03233408
9231.046,-11.198616,-0.14792803,0.12002431,-0.032822236
10238.922,-11.198616,-0.13581517,0.114637405,-0.034078784
11246.798,-11.198616,-0.12349844,0.110918984,-0.03543544
12254.673,-11.198616,-0.1158095,0.11018394,-0.03604172
13262.548,-11.198616,-0.11636132,0.11220391,-0.0352337
14270.424,-11.198616,-0.1265781,0.1158611,-0.032767814
15278.3,-11.198616,-0.14563715,0.11993844,-0.02886761
16286.175,-11.198616,-0.1710552,0.12364233,-0.024113633
17294.049,-11.198616,-0.1995629,0.12674001,-0.01924861
18301.924,-11.198616,-0.2279487,0.12940405,-0.014974177
19309.8,-11.198616,-0.25367367,0.13193496,-0.011798542
20317.676,-11.198616,-0.27517766,0.1345207,-0.009961773
21325.55,-11.198616,-0.29189804,0.13712099,-0.009440355
22333.428,-11.198616,-0.30408156,0.13949105,-0.010009322
23341.303,-11.198616,-0.31249022,0.1412984,-0.011334199
24349.178,-11.198616,-0.3180993,0.14226983,-0.013063027
25357.053,-11.198616,-0.3218474,0.14230448,-0.0148983095
26364.928,-11.198616,-0.32448053,0.14151715,-0.01663685
27372.805,-11.198616,-0.3264861,0.14020553,-0.018177997
28380.68,-11.198616,-0.32810962,0.13876069,-0.01950629
29388.555,-11.198616,-0.32941508,0.13755558,-0.020660112
30396.432,-11.198616,-0.33036768,0.13684635,-0.021697395
31404.307,-11.198616,-0.3309116,0.13671511,-0.022667665
32412.182,-11.198616,-0.331021,0.13706535,-0.023596039
33420.06,-11.198616,-0.33073026,0.13766626,-0.024479736
34427.934,-11.198616,-0.3301317,0.13822845,-0.025295444
35435.81,-11.198616,-0.32936078,0.13848957,-0.02601258
36443.684,-11.198616,-0.32856667,0.1382847,-0.026607601
37451.562,-11.198616,-0.32788843,0.13758525,-0.027074773
38459.438,-11.198616,-0.32743406,0.13650012,-0.027430862
39467.312,-11.198616,-0.32726932,0.1352399,-0.02771287
40475.188,-11.198616,-0.3274188,0.13405776,-0.027969973
41483.062,-11.198616,-0.32787123,0.133183,-0.028252464
42490.938,-11.198616,-0.32858974,0.13276342,-0.02860038
43498.812,-11.198616,-0.32952148,0.13283151,-0.029034838
44506.69,-11.198616,-0.3306081,0.1333009,-0.02955407
45514.566,-11.198616,-0.3317886,0.13399187,-0.03013499
46522.44,-11.198616,-0.3330028,0.1346786,-0.030739255
47530.316,-11.198616,-0.33419108,0.13514641,-0.031322546
48538.19,-11.198616,-0.3352962,0.13524394,-0.031844825
49546.066,-11.198616,-0.33626565,0.1349172,-0.032278776
50553.938,-11.198616,-0.33705503,0.13422,-0.03261511
51561.812,-11.198616,-0.3376356,0.1332969,-0.032863505
52569.688,-11.198616,-0.33799937,0.1323449,-0.033049136
53577.562,-11.198616,-0.33816323,0.13156267,-0.03320597
54585.438,-11.198616,-0.3381696,0.13110057,-0.033368357
55593.312,-11.198616,-0.3380813,0.13102396,-0.033563174
56601.19,-11.198616,-0.33797157,0.13129757,-0.03380397
57609.066,-11.198616,-0.3379114,0.13179551,-0.03408873
58616.94,-11.198616,-0.3379522,0.13233447,-0.03440126
59624.816,-11.198616,-0.338116,0.13272148,-0.03471614
60632.69,-11.198616,-0.3383857,0.1328041,-0.035005353
61640.566,-11.198616,-0.33870506,0.13251056,-0.035245597
62648.44,-11.198616,-0.33898914,0.13186948,-0.035423767
63656.32,-11.198616,-0.3391407,0.13100263,-0.035539776
64664.195,-11.198616,-0.33907136,0.13009252,-0.03560568
65672.07,-11.198616,-0.33872372,0.12933336,-0.03564199
66679.945,-11.198616,-0.33808967,0.12887605,-0.035671428
67687.82,-11.198616,-0.33721608,0.12878467,-0.03571275
68695.695,-11.198616,-0.33620256,0.1290156,-0.035775557
69703.57,-11.198616,-0.33518276,0.12942693,-0.0358584
70711.445,-11.198616,-0.33429864,0.12981868,-0.035950027
71719.32,-11.198616,-0.3336692,0.12999205,-0.03603412
72727.195,-11.198616,-0.33336455,0.12981327,-0.036095515
73735.08,-11.198616,-0.33338845,0.12926076,-0.03612648
74742.95,-11.198616,-0.33367777,0.1284404,-0.03613037
75750.83,-11.198616,-0.33411914,0.12755877,-0.03612148
76758.7,-11.198616,-0.33458024,0.12685934,-0.036120713
77766.58,-11.198616,-0.33494622,0.1265386,-0.036147878
78774.45,-11.198616,-0.33515325,0.12666917,-0.03621374
79782.33,-11.198616,-0.33520564,0.12715878,-0.0363141
80790.2,-11.198616,-0.33517075,0.12776817,-0.036429606
81798.08,-11.198616,-0.33515137,0.12819116,-0.036531456
82805.95,-11.198616,-0.33524215,0.12817502,-0.03659305
83813.83,-11.198616,-0.33548522,0.12763964,-0.03660222
84821.7,-11.198616,-0.33584553,0.12674037,-0.036569774
85829.58,-11.198616,-0.33621842,0.12583065,-0.036528043
86837.45,-11.198616,-0.33647448,0.12531494,-0.036518496
87845.33,-11.198616,-0.33652607,0.12543721,-0.036570266
88853.2,-11.198616,-0.33638716,0.1261037,-0.036680505
89861.08,-11.198616,-0.3361851,0.12686196,-0.03680855
90868.95,-11.198616,-0.33610097,0.1271142,-0.0368938
91876.83,-11.198616,-0.3362496,0.12652077,-0.03689533
92884.71,-11.198616,-0.33656612,0.12536843,-0.036832765
93892.586,-11.198616,-0.3368023,0.12454789,-0.03679055
94900.46,-11.198616,-0.3367131,0.124880664,-0.03685639
95908.336,-11.198616,-0.33636653,0.12605561,-0.037011784
96916.21,-11.198616,-0.3362419,0.12634206,-0.037090108
97924.086,-11.198616,-0.33664095,0.12473953,-0.036977902
98931.96,-11.198616,-0.33667338,0.12455022,-0.03698569
99939.836,-11.198616,-0.33658493,0.124708995,-0.037038654
160.16696,-10.593285,-0.44075054,0.36313903,-0.03300859
1168.0425,-10.593285,-0.21380314,0.15045102,-0.03918652
2175.918,-10.593285,-0.17790574,0.14629991,-0.037339218
3183.7935,-10.593285,-0.1667356,0.13618341,-0.03559274
4191.669,-10.593285,-0.15369749,0.12046072,-0.03552728
5199.5444,-10.593285,-0.14425202,0.114083126,-0.035825312
6207.42,-10.593285,-0.14141035,0.11610319,-0.035506118
7215.2954,-10.593285,-0.14148068,0.11919299,-0.034784753
8223.171,-10.593285,-0.13864732,0.11865595,-0.034500152
9231.046,-10.593285,-0.12936576,0.11440765,-0.035284437
10238.922,-10.593285,-0.11403929,0.10895777,-0.03710727
11246.798,-10.593285,-0.09631491,0.1048717,-0.039306354
12254.673,-10.593285,-0.0812141,0.10338768,-0.04092855
13262.548,-10.593285,-0.073209286,0.104324974,-0.04113829
14270.424,-10.593285,-0.074927956,0.10672099,-0.03951119
15278.3,-10.593285,-0.08669934,0.10956775,-0.03613386
16286.175,-10.593285,-0.10683063,0.11226914,-0.03152421
17294.049,-10.593285,-0.13233873,0.114726216,-0.026439488
18301.924,-10.593285,-0.15982705,0.117154926,-0.021654624
19309.8,-10.593285,-0.18625474,0.11981268,-0.017779369
20317.676,-10.593285,-0.20945212,0.12278278,-0.015153421
21325.55,-10.593285,-0.22832495,0.1258971,-0.013827827
22333.428,-10.593285,-0.24279064,0.12879461,-0.013616987
23341.303,-10.593285,-0.2535193,0.13106507,-0.0141921025
24349.178,-10.593285,-0.26159,0.13240597,-0.015184399
25357.053,-10.593285,-0.2681511,0.13273093,-0.016271729
26364.928,-10.593285,-0.27415222,0.13219835,-0.017233605
27372.805,-10.593285,-0.28019017,0.13115756,-0.017968882
28380.68,-10.593285,-0.28646684,0.13004117,-0.018482275
29388.555,-10.593285,-0.29284513,0.1292397,-0.018849572
30396.432,-10.593285,-0.2989694,0.1289989,-0.01917539
31404.307,-10.593285,-0.30440688,0.12936638,-0.01955444
32412.182,-10.593285,-0.30878145,0.13019694,-0.020045254
33420.06,-10.593285,-0.31186965,0.13120985,-0.020659255
34427.934,-10.593285,-0.31364712,0.13207743,-0.02136495
35435.81,-10.593285,-0.31428635,0.1325195,-0.02210286
36443.684,-10.593285,-0.31411177,0.13237643,-0.022805808
37451.562,-10.593285,-0.3135293,0.13164662,-0.023417976
38459.438,-10.593285,-0.31294924,0.13047998,-0.023909012
39467.312,-10.593285,-0.31271565,0.12913263,-0.02427972
40475.188,-10.593285,-0.31305736,0.12789765,-0.024559528
41483.062,-10.593285,-0.31406644,0.1270307,-0.024797164
42490.938,-10.593285,-0.31570232,0.12668774,-0.02504754
43498.812,-10.593285,-0.31782106,0.1268922,-0.02535818
44506.69,-10.593285,-0.3202163,0.1275337,-0.025758674
45514.566,-10.593285,-0.32266772,0.12840249,-0.026254985
46522.44,-10.593285,-0.3249825,0.12924308,-0.026829703
47530.316,-10.593285,-0.32702547,0.12981933,-0.027447347
48538.19,-10.593285,-0.32873434,0.12997086,-0.028063502
49546.066,-10.593285,-0.33011764,0.12964895,-0.028635066
50553.938,-10.593285,-0.33123845,0.12892443,-0.029129568
51561.812,-10.593285,-0.33219075,0.12796617,-0.029531237
52569.688,-10.593285,-0.33307186,0.1269962,-0.029843003
53577.562,-10.593285,-0.33395848,0.12623197,-0.030084243
54585.438,-10.593285,-0.33489108,0.12583223,-0.030284718
55593.312,-10.593285,-0.33586803,0.12585752,-0.030477075
56601.19,-10.593285,-0.33685067,0.12625626,-0.030688953
57609.066,-10.593285,-0.33777577,0.1268784,-0.030936942
58616.94,-10.593285,-0.33857557,0.12751584,-0.031223759
59624.816,-10.593285,-0.33919352,0.12795551,-0.031538635
60632.69,-10.593285,-0.33960122,0.12803623,-0.031861354
61640.566,-10.593285,-0.33980492,0.12769137,-0.032168
62648.44,-10.593285,-0.3398444,0.12696797,-0.032437593
63656.32,-10.593285,-0.33978605,0.1260161,-0.032657437
64664.195,-10.593285,-0.3397068,0.12504952,-0.03282603
65672.07,-10.593285,-0.33968034,0.12428879,-0.032952927
66679.945,-10.593285,-0.3397616,0.12389985,-0.033055536
67687.82,-10.593285,-0.3399783,0.12394507,-0.033153746
68695.695,-10.593285,-0.34032947,0.124362886,-0.033264026
69703.57,-10.593285,-0.34079054,0.12498054,-0.03339435
70711.445,-10.593285,-0.3413248,0.12556171,-0.033541903
71719.32,-10.593285,-0.3418964,0.12587523,-0.033693742
72727.195,-10.593285,-0.3424816,0.12576747,-0.0338308
73735.08,-10.593285,-0.34307718,0.12521558,-0.033933878
74742.95,-10.593285,-0.34369805,0.12434247,-0.033990055
75750.83,-10.593285,-0.34437,0.123386666,-0.033997305
76758.7,-10.593285,-0.3451188,0.12262766,-0.03396578
77766.58,-10.593285,-0.3459547,0.12229149,-0.033915468
78774.45,-10.593285,-0.34686512,0.12246302,-0.03386996
79782.33,-10.593285,-0.34781146,0.12304068,-0.03384894
80790.2,-10.593285,-0.34873876,0.123757005,-0.03386139
81798.08,-10.593285,-0.34959233,0.124267906,-0.033902608
82805.95,-10.593285,-0.35033622,0.1242893,-0.03395632
83813.83,-10.593285,-0.35096845,0.12372942,-0.03400162
84821.7,-10.593285,-0.35152352,0.12276023,-0.034022663
85829.58,-10.593285,-0.35205954,0.1217747,-0.034016877
86837.45,-10.593285,-0.3526324,0.12122318,-0.033997655
87845.33,-10.593285,-0.35326412,0.1213778,-0.033988737
88853.2,-10.593285,-0.35392737,0.12213528,-0.034011878
89861.08,-10.593285,-0.35455084,0.12299397,-0.034073237
90868.95,-10.593285,-0.35505915,0.123290576,-0.034156755
91876.83,-10.593285,-0.35542968,0.122648336,-0.03423164
92884.71,-10.593285,-0.3557292,0.12138431,-0.03427367
93892.586,-10.593285,-0.35609108,0.120484196,-0.034287672
94900.46,-10.593285,-0.35660914,0.12085702,-0.03430983
95908.336,-10.593285,-0.3572084,0.12215823,-0.03437472
96916.21,-10.593285,-0.3576473,0.122474544,-0.034465097
97924.086,-10.593285,-0.3578353,0.12070097,-0.034516934
98931.96,-10.593285,-0.35824883,0.120485336,-0.034543253
99939.836,-10.593285,-0.35866606,0.12065097,-0.034617636
160.16696,-9.987953,-0.42443785,0.36008316,-0.03339538
1168.0425,-9.987953,-0.20075428,0.14621025,-0.04097626
2175.918,-9.987953,-0.15948555,0.14184976,-0.039474364
3183.7935,-9.987953,-0.14878505,0.13150263,-0.037452687
4191.669,-9.987953,-0.13759625,0.11564182,-0.03715562
5199.5444,-9.987953,-0.12806568,0.109112166,-0.037508324
6207.42,-9.987953,-0.12350765,0.11089075,-0.037421245
7215.2954,-9.987953,-0.12186642,0.113734595,-0.036913298
8223.171,-9.987953,-0.118292764,0.11308198,-0.03672692
9231.046,-9.987953,-0.10895729,0.108890556,-0.03754092
10238.922,-9.987953,-0.0931724,0.10356994,-0.039457627
11246.798,-9.987953,-0.07345569,0.09949775,-0.041944757
12254.673,-9.987953,-0.054240763,0.09773432,-0.04410906
13262.548,-9.987953,-0.04015428,0.09801389,-0.045081757
14270.424,-9.987953,-0.03457859,0.099413395,-0.04432928
15278.3,-9.987953,-0.038873345,0.101069234,-0.041794002
16286.175,-9.987953,-0.05230987,0.10257985,-0.037858248
17294.049,-9.987953,-0.072567165,0.10402922,-0.033184428
18301.924,-9.987953,-0.09651971,0.10575725,-0.028506763
19309.8,-9.987953,-0.12105662,0.10806478,-0.024444293
20317.676,-9.987953,-0.14372692,0.111004226,-0.021379817
21325.55,-9.987953,-0.16310057,0.1143258,-0.019421559
22333.428,-9.987953,-0.17882496,0.11756946,-0.018438375
23341.303,-9.987953,-0.1914325,0.12023771,-0.018143076
24349.178,-9.987953,-0.20199418,0.12197147,-0.018194092
25357.053,-9.987953,-0.2117281,0.12266511,-0.018286895
26364.928,-9.987953,-0.22165787,0.12248711,-0.018216679
27372.805,-9.987953,-0.23238441,0.12181405,-0.017903954
28380.68,-9.987953,-0.24400008,0.121105544,-0.017385308
29388.555,-9.987953,-0.25613588,0.12076618,-0.01677864
30396.432,-9.987953,-0.26810902,0.12103586,-0.01623591
31404.307,-9.987953,-0.27912092,0.121936254,-0.015896907
32412.182,-9.987953,-0.28845698,0.12328262,-0.015853794
33420.06,-9.987953,-0.2956444,0.12475167,-0.016133154
34427.934,-9.987953,-0.30053976,0.12598054,-0.016695945
35435.81,-9.987953,-0.30333868,0.12666953,-0.017452858
36443.684,-9.987953,-0.30451733,0.12665996,-0.01828919
37451.562,-9.987953,-0.30471995,0.12597041,-0.01909207
38459.438,-9.987953,-0.30462846,0.12478438,-0.01977402
39467.312,-9.987953,-0.3048374,0.123397835,-0.020288302
40475.188,-9.987953,-0.30576053,0.12213982,-0.020633409
41483.062,-9.987953,-0.30758014,0.121291116,-0.020847553
42490.938,-9.987953,-0.31025094,0.12101784,-0.020995311
43498.812,-9.987953,-0.31354442,0.121336676,-0.021150049
44506.69,-9.987953,-0.31712407,0.12211896,-0.021376599
45514.566,-9.987953,-0.32063326,0.12312864,-0.02171761
46522.44,-9.987953,-0.32377446,0.1240852,-0.022185966
47530.316,-9.987953,-0.32636714,0.124733984,-0.022764582
48538.19,-9.987953,-0.32837367,0.124907635,-0.023412451
49546.066,-9.987953,-0.32988924,0.12456357,-0.024075283
50553.938,-9.987953,-0.3311042,0.12378997,-0.024698323
51561.812,-9.987953,-0.33224776,0.12277937,-0.025237827
52569.688,-9.987953,-0.33352703,0.12177758,-0.025669452
53577.562,-9.987953,-0.33507466,0.1210202,-0.025991745
54585.438,-9.987953,-0.33691868,0.12067333,-0.026224237
55593.312,-9.987953,-0.33897775,0.120792314,-0.026401345
56601.19,-9.987953,-0.3410849,0.12130843,-0.026563343
57609.066,-9.987953,-0.3430295,0.12204802,-0.026746815
58616.94,-9.987953,-0.34461278,0.12277693,-0.026976686
59624.816,-9.987953,-0.34569857,0.12326271,-0.027261611
60632.69,-9.987953,-0.3462508,0.1233353,-0.027593374
61640.566,-9.987953,-0.346348,0.12293327,-0.02795064
62648.44,-9.987953,-0.34616905,0.12212317,-0.02830543
63656.32,-9.987953,-0.3459561,0.12108349,-0.028631097
64664.195,-9.987953,-0.3459617,0.120060116,-0.02890936
65672.07,-9.987953,-0.34639138,0.119300425,-0.029134862
66679.945,-9.987953,-0.34735546,0.11898501,-0.029315911
67687.82,-9.987953,-0.34884605,0.11917462,-0.029471586
68695.695,-9.987953,-0.3507393,0.11978841,-0.029625064
69703.57,-9.987953,-0.35282734,0.12062141,-0.029796254
70711.445,-9.987953,-0.35487342,0.121399365,-0.029994722
71719.32,-9.987953,-0.35667366,0.1218574,-0.030215394
72727.195,-9.987953,-0.35811073,0.121821225,-0.0304388
73735.08,-9.987953,-0.35918474,0.121266395,-0.03063566
74742.95,-9.987953,-0.3600108,0.12033445,-0.03077524
75750.83,-9.987953,-0.36078125,0.11929669,-0.0308351
76758.7,-9.987953,-0.3617028,0.11847113,-0.030809378
77766.58,-9.987953,-0.36292642,0.11811429,-0.03071304
78774.45,-9.987953,-0.36449078,0.118324384,-0.03057963
79782.33,-9.987953,-0.3663025,0.11898997,-0.030453006
80790.2,-9.987953,-0.36816293,0.119813494,-0.030374259
81798.08,-9.987953,-0.36983678,0.12041151,-0.030368373
82805.95,-9.987953,-0.37114453,0.12046604,-0.030434731
83813.83,-9.987953,-0.37204373,0.11987373,-0.030546028
84821.7,-9.987953,-0.37266046,0.11882366,-0.030657718
85829.58,-9.987953,-0.37324804,0.11775073,-0.030725803
86837.45,-9.987953,-0.37407777,0.11715405,-0.030727485
87845.33,-9.987953,-0.3752931,0.11733555,-0.03067539
88853.2,-9.987953,-0.37680626,0.11818218,-0.030616462
89861.08,-9.987953,-0.3783048,0.11913983,-0.030611767
90868.95,-9.987953,-0.37941203,0.11947566,-0.030701723
91876.83,-9.987953,-0.3799492,0.11877285,-0.030873567
92884.71,-9.987953,-0.38015014,0.117380835,-0.03105539
93892.586,-9.987953,-0.38060367,0.11638634,-0.031155929
94900.46,-9.987953,-0.38179836,0.116791785,-0.03114333
95908.336,-9.987953,-0.383475,0.118217535,-0.031109009
96916.21,-9.987953,-0.3845284,0.11855529,-0.031217486
97924.086,-9.987953,-0.38441545,0.11658788,-0.031475708
98931.96,-9.987953,-0.38525903,0.11633203,-0.031539045
99939.836,-9.987953,-0.38624603,0.116493076,-0.03164482
160.16696,-9.382624,-0.406453,0.35684425,-0.03375923
1168.0425,-9.382624,-0.1900234,0.14201654,-0.042420298
2175.918,-9.382624,-0.14209144,0.13747907,-0.041379794
3183.7935,-9.382624,-0.13064677,0.12691686,-0.039178494
4191.669,-9.382624,-0.12038268,0.1110157,-0.0386927
5199.5444,-9.382624,-0.10969338,0.1044416,-0.039170787
6207.42,-9.382624,-0.102353126,0.10600797,-0.039404232
7215.2954,-9.382624,-0.09857002,0.10854979,-0.039111413
8223.171,-9.382624,-0.09508315,0.1077151,-0.038826454
9231.046,-9.382624,-0.08803663,0.10360329,-0.039235093
10238.922,-9.382624,-0.075436234,0.098592065,-0.040630065
11246.798,-9.382624,-0.058076143,0.094874494,-0.042739592
12254.673,-9.382624,-0.039042443,0.09327312,-0.044883117
13262.548,-9.382624,-0.022409081,0.09333943,-0.046283178
14270.424,-9.382624,-0.011824489,0.09408896,-0.04636088
15278.3,-9.382624,-0.009483814,0.09472708,-0.044908762
16286.175,-9.382624,-0.015718192,0.09501569,-0.042110376
17294.049,-9.382624,-0.029178679,0.09523724,-0.038436577
18301.924,-9.382624,-0.047435433,0.09590775,-0.034477755
19309.8,-9.382624,-0.06774026,0.09744336,-0.030774951
20317.676,-9.382624,-0.08771974,0.09993781,-0.027696835
21325.55,-9.382624,-0.105841756,0.10311798,-0.02538542
22333.428,-9.382624,-0.12158206,0.1064587,-0.023770388
23341.303,-9.382624,-0.13531187,0.10938325,-0.022633508
24349.178,-9.382624,-0.14798728,0.11146209,-0.02169741
25357.053,-9.382624,-0.16075224,0.112540774,-0.020712186
26364.928,-9.382624,-0.17456365,0.112764835,-0.019518722
27372.805,-9.382624,-0.18992212,0.112507135,-0.018078683
28380.68,-9.382624,-0.20675707,0.112233415,-0.016469557
29388.555,-9.382624,-0.22446659,0.11235336,-0.014851736
30396.432,-9.382624,-0.24208224,0.11310352,-0.013420109
31404.307,-9.382624,-0.25850326,0.11449069,-0.012353279
32412.182,-9.382624,-0.27274355,0.11630579,-0.011771936
33420.06,-9.382624,-0.28412956,0.11819755,-0.01171512
34427.934,-9.382624,-0.29241943,0.11977811,-0.012136044
35435.81,-9.382624,-0.2978202,0.12073247,-0.012917299
36443.684,-9.382624,-0.30091503,0.12089966,-0.013898693
37451.562,-9.382624,-0.302522,0.1203096,-0.0149115175
38459.438,-9.382624,-0.3035217,0.11916794,-0.015810743
39467.312,-9.382624,-0.30468956,0.11779733,-0.016499294
40475.188,-9.382624,-0.30656937,0.11655288,-0.016940175
41483.062,-9.382624,-0.3094056,0.11573427,-0.017155584
42490.938,-9.382624,-0.3131429,0.11551631,-0.017214373
43498.812,-9.382624,-0.31748766,0.11591315,-0.017211746
44506.69,-9.382624,-0.32200956,0.11678408,-0.017245747
45514.566,-9.382624,-0.32626024,0.11787621,-0.01739619
46522.44,-9.382624,-0.32988364,0.118892066,-0.017709235
47530.316,-9.382624,-0.3326913,0.119565085,-0.018190632
48538.19,-9.382624,-0.33469486,0.1197246,-0.018808238
49546.066,-9.382624,-0.3360869,0.11933392,-0.019501943
50553.938,-9.382624,-0.3371833,0.11849593,-0.020198956
51561.812,-9.382624,-0.33833736,0.11742225,-0.020830195
52569.688,-9.382624,-0.33985087,0.116377264,-0.021344785
53577.562,-9.382624,-0.3419,0.11561096,-0.02171953
54585.438,-9.382624,-0.34449357,0.11529463,-0.021961663
55593.312,-9.382624,-0.347473,0.11547893,-0.022104755
56601.19,-9.382624,-0.35055166,0.11608132,-0.022199385
57609.066,-9.382624,-0.35338736,0.11690791,-0.022300277
58616.94,-9.382624,-0.35566717,0.11770414,-0.022453858
59624.816,-9.382624,-0.35718748,0.11822115,-0.022688167
60632.69,-9.382624,-0.35790974,0.11828156,-0.023007836
61640.566,-9.382624,-0.35797852,0.117828555,-0.023395013
62648.44,-9.382624,-0.3576946,0.116943866,-0.023815496
63656.32,-9.382624,-0.3574521,0.11582953,-0.024228878
64664.195,-9.382624,-0.35764796,0.114757255,-0.024599563
65672.07,-9.382624,-0.35859084,0.113995984,-0.024906244
66679.945,-9.382624,-0.3604262,0.113738276,-0.025147289
67687.82,-9.382624,-0.36309886,0.1140427,-0.02533998
68695.695,-9.382624,-0.36636412,0.1148127,-0.025514863
69703.57,-9.382624,-0.36984712,0.115816325,-0.025705133
70711.445,-9.382624,-0.37313467,0.11674828,-0.025935458
71719.32,-9.382624,-0.37588185,0.11731605,-0.026212135
72727.195,-9.382624,-0.37790203,0.1173288,-0.02651879
73735.08,-9.382624,-0.37921578,0.11676157,-0.026818857
74742.95,-9.382624,-0.3800426,0.11577172,-0.027064923
75750.83,-9.382624,-0.38073403,0.114658736,-0.027213309
76758.7,-9.382624,-0.3816622,0.113772,-0.027239222
77766.58,-9.382624,-0.38309935,0.11339397,-0.027148
78774.45,-9.382624,-0.38512093,0.11363265,-0.026978284
79782.33,-9.382624,-0.38757202,0.114367634,-0.026793692
80790.2,-9.382624,-0.390114,0.11527522,-0.02666483
81798.08,-9.382624,-0.3923468,0.115938164,-0.02664617
82805.95,-9.382624,-0.393969,0.1160105,-0.02675471
83813.83,-9.382624,-0.3949152,0.11537947,-0.026960075
84821.7,-9.382624,-0.39541203,0.11424968,-0.027192004
85829.58,-9.382624,-0.3959059,0.11309251,-0.027366616
86837.45,-9.382624,-0.396868,0.112448886,-0.027424071
87845.33,-9.382624,-0.39854452,0.11264597,-0.027362745
88853.2,-9.382624,-0.40077543,0.113561176,-0.027251076
89861.08,-9.382624,-0.40300816,0.11459426,-0.027202524
90868.95,-9.382624,-0.40457797,0.114952475,-0.027314506
91876.83,-9.382624,-0.4051707,0.11418495,-0.027596068
92884.71,-9.382624,-0.40519565,0.112669766,-0.027932659
93892.586,-9.382624,-0.40568548,0.111582264,-0.028139517
94900.46,-9.382624,-0.4074962,0.112005025,-0.02811424
95908.336,-9.382624,-0.41016734,0.11352687,-0.02799876
96916.21,-9.382624,-0.41175413,0.113869086,-0.02813568
97924.086,-9.382624,-0.41130045,0.111717805,-0.028608993
98931.96,-9.382624,-0.4125436,0.1114131,-0.028726708
99939.836,-9.382624,-0.41405028,0.11155447,-0.02887503
160.16696,-8.777292,-0.3867663,0.35342732,-0.03412008
1168.0425,-8.777292,-0.1819627,0.13782385,-0.04349195
2175.918,-8.777292,-0.12676468,0.13314138,-0.042975716
3183.7935,-8.777292,-0.11335476,0.12241771,-0.040690348
4191.669,-8.777292,-0.10272066,0.10653498,-0.040127028
5199.5444,-8.777292,-0.0895997,0.09996759,-0.040848214
6207.42,-8.777292,-0.078597814,0.10135578,-0.041452758
7215.2954,-8.777292,-0.07271089,0.10361298,-0.041263428
8223.171,-8.777292,-0.07067187,0.102617905,-0.04054936
9231.046,-8.777292,-0.06870118,0.0986532,-0.040015366
10238.922,-8.777292,-0.06325337,0.09410615,-0.040222876
11246.798,-8.777292,-0.052883714,0.09100516,-0.041278146
12254.673,-8.777292,-0.038681448,0.08991913,-0.042834304
13262.548,-8.777292,-0.023547411,0.090165794,-0.044298597
14270.424,-8.777292,-0.010932416,0.0906282,-0.04509394
15278.3,-8.777292,-0.0036377609,0.090511456,-0.04485984
16286.175,-8.777292,-0.003066808,0.08969225,-0.043535933
17294.049,-8.777292,-0.009059727,0.08863554,-0.041330576
18301.924,-8.777292,-0.020222157,0.088052005,-0.038611837
19309.8,-8.777292,-0.034542203,0.08851873,-0.03577334
20317.676,-8.777292,-0.050054222,0.090228945,-0.033119835
21325.55,-8.777292,-0.06535274,0.09294271,-0.030802026
22333.428,-8.777292,-0.07984796,0.096112154,-0.028808376
23341.303,-8.777292,-0.09374195,0.09910269,-0.027005173
24349.178,-8.777292,-0.107788056,0.10141338,-0.025204662
25357.053,-8.777292,-0.122927636,0.10282363,-0.023238521
26364.928,-8.777292,-0.13992798,0.10342756,-0.021015786
27372.805,-8.777292,-0.1591062,0.103565834,-0.018552847
28380.68,-8.777292,-0.18020442,0.103687674,-0.015971847
29388.555,-8.777292,-0.20242292,0.10419672,-0.013470998
30396.432,-8.777292,-0.22458899,0.105326794,-0.011277907
31404.307,-8.777292,-0.24540627,0.10708102,-0.009597853
32412.182,-8.777292,-0.26371875,0.10924363,-0.008569842
33420.06,-8.777292,-0.27873117,0.11145299,-0.008239001
34427.934,-8.777292,-0.29013705,0.11331118,-0.008550322
35435.81,-8.777292,-0.29814178,0.11449496,-0.00936259
36443.684,-8.777292,-0.3033808,0.11484034,-0.010478759
37451.562,-8.777292,-0.3067594,0.114379846,-0.011684403
38459.438,-8.777292,-0.3092582,0.1133271,-0.012786511
39467.312,-8.777292,-0.31174368,0.11201639,-0.013644807
40475.188,-8.777292,-0.31482077,0.110815026,-0.014190229
41483.062,-8.777292,-0.3187582,0.11003278,-0.014428064
42490.938,-8.777292,-0.32348862,0.10984976,-0.014426965
43498.812,-8.777292,-0.3286795,0.11028084,-0.014296895
44506.69,-8.777292,-0.33385342,0.11118144,-0.014161408
45514.566,-8.777292,-0.33852494,0.11229184,-0.014130589
46522.44,-8.777292,-0.3423257,0.11330797,-0.014279168
47530.316,-8.777292,-0.3450912,0.11395888,-0.0146345105
48538.19,-8.777292,-0.34689316,0.11407418,-0.0151751675
49546.066,-8.777292,-0.3480122,0.11362217,-0.01584006
50553.938,-8.777292,-0.34886414,0.11271481,-0.016544815
51561.812,-8.777292,-0.34989542,0.111575395,-0.017202197
52569.688,-8.777292,-0.35147446,0.11047985,-0.01774123
53577.562,-8.777292,-0.35380492,0.109686494,-0.018121475
54585.438,-8.777292,-0.35687846,0.10936974,-0.018339721
55593.312,-8.777292,-0.3604784,0.10957735,-0.01842812
56601.19,-8.777292,-0.3642342,0.110218324,-0.018444575
57609.066,-8.777292,-0.3677114,0.11108698,-0.018457726
58616.94,-8.777292,-0.37051958,0.111915864,-0.018530745
59624.816,-8.777292,-0.37241068,0.11244574,-0.018706892
60632.69,-8.777292,-0.37334606,0.11249454,-0.019000813
61640.566,-8.777292,-0.37351382,0.112007074,-0.019396838
62648.44,-8.777292,-0.3732937,0.11107351,-0.019854937
63656.32,-8.777292,-0.37317336,0.10990928,-0.020322451
64664.195,-8.777292,-0.37363583,0.10880074,-0.020748701
65672.07,-8.777292,-0.37504375,0.10802971,-0.021098725
66679.945,-8.777292,-0.37754804,0.10779516,-0.0213623
67687.82,-8.777292,-0.3810466,0.10815467,-0.021556338
68695.695,-8.777292,-0.38520247,0.10900178,-0.021718808
69703.57,-8.777292,-0.38952217,0.11008931,-0.021896917
70711.445,-8.777292,-0.39347833,0.11109364,-0.022131162
71719.32,-8.777292,-0.39664406,0.11170655,-0.022441182
72727.195,-8.777292,-0.39880466,0.111728445,-0.022816543
73735.08,-8.777292,-0.40001684,0.11113514,-0.023216931
74742.95,-8.777292,-0.40059096,0.110094644,-0.023581821
75750.83,-8.777292,-0.4009999,0.10892393,-0.023848556
76758.7,-8.777292,-0.40173277,0.107991934,-0.023973264
77766.58,-8.777292,-0.40313792,0.10759524,-0.023948707
78774.45,-8.777292,-0.40530044,0.107846916,-0.023812413
79782.33,-8.777292,-0.40800542,0.10861892,-0.02363981
80790.2,-8.777292,-0.41080505,0.10956991,-0.023523133
81798.08,-8.777292,-0.41318098,0.11026059,-0.023540452
82805.95,-8.777292,-0.41475478,0.11032812,-0.02372485
83813.83,-8.777292,-0.41546583,0.10965478,-0.024046145
84821.7,-8.777292,-0.41563725,0.10845724,-0.024416022
85829.58,-8.777292,-0.41587073,0.10723183,-0.02471944
86837.45,-8.777292,-0.41678655,0.106546685,-0.024865713
87845.33,-8.777292,-0.41869348,0.1067445,-0.024838991
88853.2,-8.777292,-0.42135468,0.1076944,-0.024721928
89861.08,-8.777292,-0.42401838,0.10876447,-0.02466835
90868.95,-8.777292,-0.4257989,0.10912141,-0.024822507
91876.83,-8.777292,-0.42629385,0.108293,-0.025214314
92884.71,-8.777292,-0.42606974,0.106678516,-0.025699072
93892.586,-8.777292,-0.42651397,0.1055136,-0.026018627
94900.46,-8.777292,-0.42875415,0.105934516,-0.026011355
95908.336,-8.777292,-0.43214273,0.10750567,-0.025854994
96916.21,-8.777292,-0.43406373,0.10783175,-0.02603307
97924.086,-8.777292,-0.43326765,0.105535395,-0.026696935
98931.96,-8.777292,-0.43479568,0.10517992,-0.026882373
99939.836,-8.777292,-0.43666202,0.105287485,-0.027083755
160.16696,-8.171963,-0.3654186,0.34988478,-0.03448183
1168.0425,-8.171963,-0.17667556,0.13361575,-0.044179246
2175.918,-8.171963,-0.11455916,0.12879089,-0.04418836
3183.7935,-8.171963,-0.09821384,0.117979184,-0.041903384
4191.669,-8.171963,-0.08588414,0.10213786,-0.041410007
5199.5444,-8.171963,-0.06921926,0.09557698,-0.0424994
6207.42,-8.171963,-0.054086566,0.096820354,-0.043469246
7215.2954,-8.171963,-0.04657562,0.098867804,-0.043182336
8223.171,-8.171963,-0.047574922,0.09780616,-0.041643094
9231.046,-8.171963,-0.053372145,0.09408642,-0.03962732
10238.922,-8.171963,-0.058679968,0.09011775,-0.038044572
11246.798,-8.171963,-0.059462383,0.08779195,-0.03746361
12254.673,-8.171963,-0.054362595,0.087446734,-0.037944935
13262.548,-8.171963,-0.04464525,0.08816275,-0.039133467
14270.424,-8.171963,-0.033178806,0.08865863,-0.04048174
15278.3,-8.171963,-0.02313295,0.08808739,-0.041478015
16286.175,-8.171963,-0.016922385,0.08638651,-0.041797534
17294.049,-8.171963,-0.01567766,0.08416403,-0.041349404
18301.924,-8.171963,-0.019257486,0.08231211,-0.04023485
19309.8,-8.171963,-0.026654094,0.08158186,-0.03865601
20317.676,-8.171963,-0.036557883,0.08230083,-0.036817826
21325.55,-8.171963,-0.047873527,0.084305584,-0.03485638
22333.428,-8.171963,-0.06003669,0.08706648,-0.032809783
23341.303,-8.171963,-0.07308313,0.08991927,-0.030631987
24349.178,-8.171963,-0.08749741,0.0923035,-0.028236367
25357.053,-8.171963,-0.103927046,0.09392685,-0.025550257
26364.928,-8.171963,-0.12286487,0.094816215,-0.02256253
27372.805,-8.171963,-0.14440167,0.09525915,-0.01934994
28380.68,-8.171963,-0.16810341,0.095670335,-0.016076725
29388.555,-8.171963,-0.19304074,0.0964365,-0.012968864
30396.432,-8.171963,-0.21794656,0.09778911,-0.010271465
31404.307,-8.171963,-0.24145615,0.09973687,-0.0081998855
32412.182,-8.171963,-0.26236254,0.10207267,-0.0068970174
33420.06,-8.171963,-0.27983385,0.10444287,-0.006405825
34427.934,-8.171963,-0.29353908,0.10645363,-0.0066620484
35435.81,-8.171963,-0.3036687,0.107782364,-0.007508103
36443.684,-8.171963,-0.3108511,0.10826201,-0.00872384
37451.562,-8.171963,-0.31599057,0.10792108,-0.010066994
38459.438,-8.171963,-0.32006842,0.10696877,-0.011315187
39467.312,-8.171963,-0.32394946,0.10573614,-0.0123008415
40475.188,-8.171963,-0.32823443,0.104589045,-0.012933407
41483.062,-8.171963,-0.33318403,0.10383774,-0.013205193
42490.938,-8.171963,-0.3387199,0.10366447,-0.01318164
43498.812,-8.171963,-0.34450215,0.10408671,-0.0129787475
44506.69,-8.171963,-0.3500512,0.10496311,-0.012733445
45514.566,-8.171963,-0.35489202,0.1060369,-0.012573138
46522.44,-8.171963,-0.3586805,0.10700621,-0.012590224
47530.316,-8.171963,-0.36129156,0.107602835,-0.012826504
48538.19,-8.171963,-0.3628481,0.107658386,-0.0132695325
49546.066,-8.171963,-0.36368883,0.107143834,-0.013860438
50553.938,-8.171963,-0.36428654,0.10617408,-0.014511079
51561.812,-8.171963,-0.3651362,0.104975484,-0.015126102
52569.688,-8.171963,-0.36663964,0.10382709,-0.01562468
53577.562,-8.171963,-0.36901438,0.1029896,-0.015957803
54585.438,-8.171963,-0.37224573,0.10263926,-0.0161171
55593.312,-8.171963,-0.3760938,0.10282358,-0.016134404
56601.19,-8.171963,-0.3801551,0.10345054,-0.01607204
57609.066,-8.171963,-0.38395873,0.10431193,-0.01600663
58616.94,-8.171963,-0.38708448,0.10513682,-0.016010579
59624.816,-8.171963,-0.3892654,0.10566275,-0.0161351
60632.69,-8.171963,-0.3904592,0.10570478,-0.016399184
61640.566,-8.171963,-0.39086413,0.10520607,-0.016786568
62648.44,-8.171963,-0.39087838,0.10425659,-0.017251574
63656.32,-8.171963,-0.39100924,0.10307254,-0.017732186
64664.195,-8.171963,-0.39175138,0.10194208,-0.018167108
65672.07,-8.171963,-0.39346492,0.1011484,-0.018512346
66679.945,-8.171963,-0.39628083,0.10089207,-0.018753132
67687.82,-8.171963,-0.40006,0.101230636,-0.018907882
68695.695,-8.171963,-0.40441948,0.10205678,-0.01902264
69703.57,-8.171963,-0.40882084,0.103121184,-0.019157387
70711.445,-8.171963,-0.4127051,0.104098275,-0.019367527
71719.32,-8.171963,-0.41563556,0.104678825,-0.019685712
72727.195,-8.171963,-0.41741696,0.10466321,-0.020109177
73735.08,-8.171963,-0.41815138,0.104029596,-0.020597551
74742.95,-8.171963,-0.4182114,0.10294986,-0.021082245
75750.83,-8.171963,-0.4181336,0.10174524,-0.021486443
76758.7,-8.171963,-0.4184556,0.10078831,-0.021749943
77766.58,-8.171963,-0.41954285,0.10037734,-0.02185198
78774.45,-8.171963,-0.42146283,0.10062342,-0.021823045
79782.33,-8.171963,-0.42395145,0.101393566,-0.021740623
80790.2,-8.171963,-0.42649686,0.10233928,-0.021706942
81798.08,-8.171963,-0.42852846,0.10301481,-0.021813706
82805.95,-8.171963,-0.4296506,0.10305306,-0.022105422
83813.83,-8.171963,-0.4298342,0.10233785,-0.022555165
84821.7,-8.171963,-0.42947894,0.10109216,-0.023066558
85829.58,-8.171963,-0.42928386,0.09982262,-0.023507368
86837.45,-8.171963,-0.42994338,0.0991064,-0.023767598
87845.33,-8.171963,-0.43177852,0.0992895,-0.023820207
88853.2,-8.171963,-0.4344831,0.100235134,-0.02375283
89861.08,-8.171963,-0.437176,0.10129786,-0.023741208
90868.95,-8.171963,-0.4388498,0.101629265,-0.02395799
91876.83,-8.171963,-0.43907368,0.10075138,-0.024449106
92884.71,-8.171963,-0.43853158,0.09907435,-0.02505659
93892.586,-8.171963,-0.43882412,0.0978585,-0.025481343
94900.46,-8.171963,-0.44121262,0.09825844,-0.025524981
95908.336,-8.171963,-0.44490427,0.09982577,-0.025380831
96916.21,-8.171963,-0.4468797,0.10011695,-0.025612429
97924.086,-8.171963,-0.44575825,0.09773387,-0.026416041
98931.96,-8.171963,-0.44738382,0.09733316,-0.026676074
99939.836,-8.171963,-0.4493654,0.09739749,-0.026938088
160.16696,-7.5666313,-0.3425252,0.34631035,-0.034832854
1168.0425,-7.5666313,-0.17394006,0.12941153,-0.044487856
2175.918,-7.5666313,-0.10632102,0.12439559,-0.04496169
3183.7935,-7.5666313,-0.08653752,0.11356529,-0.042744797
4191.669,-7.5666313,-0.07149671,0.09776121,-0.042466696
5199.5444,-7.5666313,-0.050670996,0.09117181,-0.04401362
6207.42,-7.5666313,-0.03150651,0.09229788,-0.045278728
7215.2954,-7.5666313,-0.0231843,0.0942412,-0.04464871
8223.171,-7.5666313,-0.02867186,0.09324415,-0.04191234
9231.046,-7.5666313,-0.044267148,0.089871004,-0.037985567
10238.922,-7.5666313,-0.062885344,0.086539015,-0.034183137
11246.798,-7.5666313,-0.07779235,0.08503444,-0.031571522
12254.673,-7.5666313,-0.084993884,0.08551195,-0.030637486
13262.548,-7.5666313,-0.08386192,0.08685317,-0.031275317
14270.424,-7.5666313,-0.07641314,0.08761765,-0.032977976
15278.3,-7.5666313,-0.065962315,0.08687935,-0.03509322
16286.175,-7.5666313,-0.05580704,0.08458786,-0.037039343
17294.049,-7.5666313,-0.048348635,0.081443086,-0.038426876
18301.924,-7.5666313,-0.04477173,0.07847925,-0.03908241
19309.8,-7.5666313,-0.04520014,0.07660484,-0.039001394
20317.676,-7.5666313,-0.049119443,0.07628747,-0.038269904
21325.55,-7.5666313,-0.055853426,0.07746336,-0.036990765
22333.428,-7.5666313,-0.064922154,0.07965161,-0.035237588
23341.303,-7.5666313,-0.076200515,0.082186736,-0.033043876
24349.178,-7.5666313,-0.08987257,0.084468216,-0.030421287
25357.053,-7.5666313,-0.106244326,0.0861404,-0.02739354
26364.928,-7.5666313,-0.12550451,0.08716083,-0.024029557
27372.805,-7.5666313,-0.14751892,0.08775508,-0.020463064
28380.68,-7.5666313,-0.17172629,0.08829379,-0.016891627
29388.555,-7.5666313,-0.19715823,0.08914102,-0.013554638
30396.432,-7.5666313,-0.22257248,0.090525225,-0.010696335
31404.307,-7.5666313,-0.24666153,0.09246719,-0.008523319
32412.182,-7.5666313,-0.2682807,0.094779894,-0.0071667507
33420.06,-7.5666313,-0.28663862,0.09713057,-0.006658118
34427.934,-7.5666313,-0.30141258,0.09914127,-0.006923748
35435.81,-7.5666313,-0.31276554,0.100497246,-0.0077988915
36443.684,-7.5666313,-0.32126784,0.101030216,-0.00905757
37451.562,-7.5666313,-0.3277458,0.100759715,-0.010452528
38459.438,-7.5666313,-0.33309966,0.09988158,-0.011756163
39467.312,-7.5666313,-0.33812094,0.0987127,-0.01279526
40475.188,-7.5666313,-0.34335715,0.09760694,-0.013473434
41483.062,-7.5666313,-0.34903955,0.09686746,-0.01377756
42490.938,-7.5666313,-0.35508817,0.09667539,-0.013768587
43498.812,-7.5666313,-0.36118135,0.097052366,-0.013559753
44506.69,-7.5666313,-0.36687487,0.09786496,-0.013287146
45514.566,-7.5666313,-0.37173474,0.09886599,-0.013079293
46522.44,-7.5666313,-0.37545818,0.099762626,-0.013031356
47530.316,-7.5666313,-0.3779541,0.10029274,-0.01318888
48538.19,-7.5666313,-0.37936893,0.10029091,-0.013543472
49546.066,-7.5666313,-0.3800555,0.09972715,-0.014040176
50553.938,-7.5666313,-0.38049105,0.09871283,-0.014594233
51561.812,-7.5666313,-0.3811716,0.0974695,-0.015112935
52569.688,-7.5666313,-0.382501,0.09627195,-0.015517581
53577.562,-7.5666313,-0.38470197,0.095378704,-0.015761
54585.438,-7.5666313,-0.3877725,0.094966374,-0.015836572
55593.312,-7.5666313,-0.39149225,0.09508654,-0.01577795
56601.19,-7.5666313,-0.39547956,0.09565285,-0.0156492
57609.066,-7.5666313,-0.39928675,0.09646365,-0.015528362
58616.94,-7.5666313,-0.4025088,0.09725371,-0.015488416
59624.816,-7.5666313,-0.4048838,0.09776343,-0.01557992
60632.69,-7.5666313,-0.4063574,0.0978066,-0.01581958
61640.566,-7.5666313,-0.4070995,0.097321086,-0.016187225
62648.44,-7.5666313,-0.4074641,0.09638812,-0.016632095
63656.32,-7.5666313,-0.40790352,0.095212914,-0.017086726
64664.195,-7.5666313,-0.4088544,0.09407291,-0.017485097
65672.07,-7.5666313,-0.41062552,0.09324332,-0.017780488
66679.945,-7.5666313,-0.41331017,0.09292105,-0.017958581
67687.82,-7.5666313,-0.41675293,0.093165435,-0.018041825
68695.695,-7.5666313,-0.42057937,0.09387672,-0.018083936
69703.57,-7.5666313,-0.42428386,0.09481718,-0.018155381
70711.445,-7.5666313,-0.4273572,0.09567451,-0.018323094
71719.32,-7.5666313,-0.42942294,0.09615171,-0.01863036
72727.195,-7.5666313,-0.43034354,0.096057825,-0.019082189
73735.08,-7.5666313,-0.43026584,0.095373824,-0.019641276
74742.95,-7.5666313,-0.42958713,0.094268076,-0.020236645
75750.83,-7.5666313,-0.4288437,0.09305373,-0.02078398
76758.7,-7.5666313,-0.4285503,0.09209183,-0.021211877
77766.58,-7.5666313,-0.42903578,0.09167002,-0.021487039
78774.45,-7.5666313,-0.43032703,0.09189177,-0.02162879
79782.33,-7.5666313,-0.4321295,0.092622414,-0.021707036
80790.2,-7.5666313,-0.4339223,0.09351716,-0.021821167
81798.08,-7.5666313,-0.43515068,0.09413807,-0.022064809
82805.95,-7.5666313,-0.43545723,0.09412733,-0.022487141
83813.83,-7.5666313,-0.43486407,0.09337475,-0.023066297
84821.7,-7.5666313,-0.4338181,0.092104346,-0.023708638
85829.58,-7.5666313,-0.43304515,0.09081751,-0.024280634
86837.45,-7.5666313,-0.43323642,0.09008283,-0.024667412
87845.33,-7.5666313,-0.43467858,0.090237856,-0.02483581
88853.2,-7.5666313,-0.43701336,0.09114343,-0.024869263
89861.08,-7.5666313,-0.4393149,0.092158645,-0.024944466
90868.95,-7.5666313,-0.4405615,0.092445664,-0.025240168
91876.83,-7.5666313,-0.44035152,0.09153547,-0.025810502
92884.71,-7.5666313,-0.43942904,0.089838214,-0.026502185
93892.586,-7.5666313,-0.43944576,0.088602245,-0.02701306
94900.46,-7.5666313,-0.44165525,0.08896689,-0.027135555
95908.336,-7.5666313,-0.44518048,0.09048197,-0.027057726
96916.21,-7.5666313,-0.44690263,0.090726994,-0.027351901
97924.086,-7.5666313,-0.44547385,0.088323385,-0.02822937
98931.96,-7.5666313,-0.4469633,0.08788927,-0.028563052
99939.836,-7.5666313,-0.44877416,0.08790865,-0.02888858
160.16696,-6.961302,-0.31826404,0.3428251,-0.035150334
1168.0425,-6.961302,-0.17317782,0.12526518,-0.0444425
2175.918,-6.961302,-0.10248011,0.1199484,-0.045267656
3183.7935,-6.961302,-0.07935782,0.10914288,-0.04316864
4191.669,-6.961302,-0.06116405,0.093356945,-0.043213725
5199.5444,-6.961302,-0.036284238,0.08668968,-0.045236535
6207.42,-6.961302,-0.013811633,0.08771807,-0.046667717
7215.2954,-6.961302,-0.0056626797,0.0896618,-0.045460314
8223.171,-6.961302,-0.016597927,0.088855535,-0.041269086
9231.046,-6.961302,-0.042887703,0.08590293,-0.03521029
10238.922,-6.961302,-0.075793475,0.08319997,-0.029017907
11246.798,-6.961302,-0.1060622,0.082454875,-0.024233038
12254.673,-6.961302,-0.12716196,0.08370252,-0.021733595
13262.548,-6.961302,-0.1365432,0.085688196,-0.02163975
14270.424,-6.961302,-0.13523206,0.086849265,-0.02348464
15278.3,-6.961302,-0.12649679,0.08617832,-0.026497886
16286.175,-6.961302,-0.1143311,0.08360236,-0.029876165
17294.049,-6.961302,-0.102267176,0.07985971,-0.032967295
18301.924,-6.961302,-0.09274164,0.07607262,-0.035349645
19309.8,-6.961302,-0.08698979,0.073266074,-0.036824197
20317.676,-6.961302,-0.08530703,0.07202699,-0.037356023
21325.55,-6.961302,-0.087462366,0.07239118,-0.03700274
22333.428,-6.961302,-0.09308118,0.073940955,-0.03585647
23341.303,-6.961302,-0.10188539,0.07603266,-0.034013145
24349.178,-6.961302,-0.11376023,0.078048244,-0.031568095
25357.053,-6.961302,-0.1286765,0.07958722,-0.028629335
26364.928,-6.961302,-0.14653915,0.08054884,-0.025335204
27372.805,-6.961302,-0.16703792,0.08110243,-0.021865088
28380.68,-6.961302,-0.18955924,0.08157542,-0.018436123
29388.555,-6.961302,-0.21319304,0.082308605,-0.0152844
30396.432,-6.961302,-0.23683143,0.0835284,-0.0126348585
31404.307,-6.961302,-0.25932986,0.08527078,-0.010667345
32412.182,-6.961302,-0.27969044,0.08737389,-0.009486858
33420.06,-6.961302,-0.2972196,0.08953278,-0.009105738
34427.934,-6.961302,-0.31162396,0.091391504,-0.009441905
35435.81,-6.961302,-0.32302758,0.09264744,-0.010333324
36443.684,-6.961302,-0.3319046,0.093132526,-0.011566678
37451.562,-6.961302,-0.3389545,0.09285541,-0.01291303
38459.438,-6.961302,-0.34494317,0.091994315,-0.014164884
39467.312,-6.961302,-0.3505481,0.09084565,-0.01516645
40475.188,-6.961302,-0.3562385,0.08974609,-0.015832804
41483.062,-6.961302,-0.36221254,0.088987365,-0.016154502
42490.938,-6.961302,-0.36839777,0.08874737,-0.01618856
43498.812,-6.961302,-0.3745132,0.08905259,-0.016037755
44506.69,-6.961302,-0.38016868,0.089779496,-0.015824111
45514.566,-6.961302,-0.38498294,0.09069373,-0.015661288
46522.44,-6.961302,-0.3886894,0.091514125,-0.015631843
47530.316,-6.961302,-0.39120775,0.09198584,-0.015773382
48538.19,-6.961302,-0.39266935,0.09194445,-0.016075393
49546.066,-6.961302,-0.3933906,0.09135594,-0.016486827
50553.938,-6.961302,-0.39380467,0.090322405,-0.016931782
51561.812,-6.961302,-0.39436707,0.08905454,-0.017329505
52569.688,-6.961302,-0.39545918,0.08781791,-0.017614186
53577.562,-6.961302,-0.39730835,0.08686537,-0.017749941
54585.438,-6.961302,-0.39994627,0.0863744,-0.01773841
55593.312,-6.961302,-0.40321118,0.08640344,-0.017616998
56601.19,-6.961302,-0.40679362,0.086877584,-0.017448993
57609.066,-6.961302,-0.4103157,0.08760858,-0.01730777
58616.94,-6.961302,-0.4134245,0.088343784,-0.017258797
59624.816,-6.961302,-0.41587633,0.08883058,-0.017344099
60632.69,-6.961302,-0.4175958,0.08888288,-0.017572219
61640.566,-6.961302,-0.41868946,0.0884304,-0.017916748
62648.44,-6.961302,-0.41941637,0.087538734,-0.018323215
63656.32,-6.961302,-0.42011768,0.086393975,-0.01872333
64664.195,-6.961302,-0.4211222,0.085253865,-0.019052887
65672.07,-6.961302,-0.42265543,0.08437869,-0.019269176
66679.945,-6.961302,-0.42477024,0.083958454,-0.019362994
67687.82,-6.961302,-0.42732,0.08405632,-0.01936283
68695.695,-6.961302,-0.4299889,0.08458655,-0.019328626
69703.57,-6.961302,-0.43236703,0.0853328,-0.019337226
70711.445,-6.961302,-0.43405896,0.086007304,-0.019462008
71719.32,-6.961302,-0.43479514,0.086334884,-0.019752707
72727.195,-6.961302,-0.43451574,0.086138435,-0.020220466
73735.08,-6.961302,-0.43340206,0.08540155,-0.020833101
74742.95,-6.961302,-0.43183568,0.08428357,-0.021522682
75750.83,-6.961302,-0.43029642,0.08307892,-0.02220459
76758.7,-6.961302,-0.4292208,0.08212675,-0.022803009
77766.58,-6.961302,-0.42886204,0.0816949,-0.023275442
78774.45,-6.961302,-0.42919898,0.08187667,-0.023628037
79782.33,-6.961302,-0.42993236,0.08253822,-0.023915667
80790.2,-6.961302,-0.43058184,0.08334801,-0.0242236
81798.08,-6.961302,-0.43066448,0.08388739,-0.024635784
82805.95,-6.961302,-0.4299024,0.083816946,-0.025198955
83813.83,-6.961302,-0.42837363,0.08303589,-0.025896732
84821.7,-6.961302,-0.4265358,0.081763595,-0.026647259
85829.58,-6.961302,-0.4250766,0.080483876,-0.027330693
86837.45,-6.961302,-0.4246179,0.079742424,-0.027841512
87845.33,-6.961302,-0.4253809,0.07986067,-0.028146345
88853.2,-6.961302,-0.4269828,0.08069992,-0.028317269
89861.08,-6.961302,-0.42853332,0.08163979,-0.028512504
90868.95,-6.961302,-0.42909056,0.08187317,-0.028895281
91876.83,-6.961302,-0.4283216,0.08095105,-0.02951929
92884.71,-6.961302,-0.42696768,0.07927355,-0.030251216
93892.586,-6.961302,-0.42658198,0.07804739,-0.030821044
94900.46,-6.961302,-0.4282946,0.078369275,-0.03103958
95908.336,-6.961302,-0.431216,0.079799026,-0.031071763
96916.21,-6.961302,-0.43240625,0.07999599,-0.0314316
97924.086,-6.961302,-0.43067795,0.077634126,-0.032314993
98931.96,-6.961302,-0.43178567,0.07718261,-0.03271354
99939.836,-6.961302,-0.4331481,0.07716414,-0.03309938
160.16696,-6.3559704,-0.29285204,0.33955556,-0.03540697
1168.0425,-6.3559704,-0.1734785,0.12125698,-0.044086084
2175.918,-6.3559704,-0.102895424,0.115474746,-0.04511245
3183.7935,-6.3559704,-0.07716471,0.10469689,-0.04316573
4191.669,-6.3559704,-0.056082554,0.08890597,-0.043579794
5199.5444,-6.3559704,-0.028048545,0.08211784,-0.04600808
6207.42,-6.3559704,-0.0035524368,0.08305956,-0.04743468
7215.2954,-6.3559704,0.0034502447,0.085079715,-0.045481004
8223.171,-6.3559704,-0.013153821,0.08454679,-0.039761692
9231.046,-6.3559704,-0.049629346,0.08203322,-0.031621736
10238.922,-6.3559704,-0.09594804,0.079881944,-0.023172434
11246.798,-6.3559704,-0.14081107,0.079746105,-0.016348328
12254.673,-6.3559704,-0.1755308,0.08160403,-0.012338132
13262.548,-6.3559704,-0.19582874,0.08413767,-0.011439331
14270.424,-6.3559704,-0.20173314,0.08571612,-0.0132211
15278.3,-6.3559704,-0.19630924,0.085269876,-0.016830126
16286.175,-6.3559704,-0.1840151,0.082684904,-0.021300405
17294.049,-6.3559704,-0.1692715,0.078692265,-0.025781194
18301.924,-6.3559704,-0.15555538,0.07444471,-0.029656328
19309.8,-6.3559704,-0.14505824,0.07102894,-0.03256659
20317.676,-6.3559704,-0.13878739,0.06911097,-0.034369174
21325.55,-6.3559704,-0.13690618,0.06880459,-0.035071306
22333.428,-6.3559704,-0.13913175,0.069753796,-0.03476648
23341.303,-6.3559704,-0.14504841,0.07134873,-0.03359015
24349.178,-6.3559704,-0.15427679,0.07297574,-0.031697676
25357.053,-6.3559704,-0.16650516,0.07421331,-0.029259551
26364.928,-6.3559704,-0.18142295,0.074924454,-0.026464336
27372.805,-6.3559704,-0.19862269,0.075238556,-0.023519676
28380.68,-6.3559704,-0.21752661,0.0754511,-0.020645693
29388.555,-6.3559704,-0.2373716,0.07588577,-0.018058913
30396.432,-6.3559704,-0.25726518,0.07676884,-0.015949406
31404.307,-6.3559704,-0.27629387,0.07815158,-0.014456442
32412.182,-6.3559704,-0.2936556,0.07989767,-0.013648817
33420.06,-6.3559704,-0.30878264,0.08172861,-0.013515426
34427.934,-6.3559704,-0.321419,0.08331148,-0.013968132
35435.81,-6.3559704,-0.3316396,0.08435574,-0.014857605
36443.684,-6.3559704,-0.33980542,0.08469425,-0.015998978
37451.562,-6.3559704,-0.34646755,0.08432507,-0.017202035
38459.438,-6.3559704,-0.35224104,0.083408386,-0.018300727
39467.312,-6.3559704,-0.35768008,0.08222,-0.0191763
40475.188,-6.3559704,-0.36317626,0.081078425,-0.019770296
41483.062,-6.3559704,-0.36890173,0.08026337,-0.020085653
42490.938,-6.3559704,-0.37480438,0.07994911,-0.02017683
43498.812,-6.3559704,-0.38065213,0.08016622,-0.020131253
44506.69,-6.3559704,-0.38611278,0.0808019,-0.020046962
45514.566,-6.3559704,-0.39084888,0.081633985,-0.020010497
46522.44,-6.3559704,-0.3946089,0.08239195,-0.020079743
47530.316,-6.3559704,-0.3972913,0.08282671,-0.020274699
48538.19,-6.3559704,-0.3989718,0.082772925,-0.020577172
49546.066,-6.3559704,-0.39988872,0.08218865,-0.020938974
50553.938,-6.3559704,-0.40039268,0.08116354,-0.021296177
51561.812,-6.3559704,-0.40087223,0.07989421,-0.021586012
52569.688,-6.3559704,-0.40167367,0.07863394,-0.021762451
53577.562,-6.3559704,-0.40303284,0.077629186,-0.021807227
54585.438,-6.3559704,-0.40503308,0.07705828,-0.021733971
55593.312,-6.3559704,-0.40759864,0.07698823,-0.021584535
56601.19,-6.3559704,-0.41052392,0.07735884,-0.021418924
57609.066,-6.3559704,-0.41352868,0.07799936,-0.021300789
58616.94,-6.3559704,-0.41633028,0.07867207,-0.021282252
59624.816,-6.3559704,-0.41870898,0.079134166,-0.021391345
60632.69,-6.3559704,-0.4205578,0.079200245,-0.02162521
61640.566,-6.3559704,-0.42189997,0.07879076,-0.021950651
62648.44,-6.3559704,-0.4228716,0.077953085,-0.022312287
63656.32,-6.3559704,-0.42367443,0.07685004,-0.022646073
64664.195,-6.3559704,-0.42451137,0.075716026,-0.02289588
65672.07,-6.3559704,-0.42551804,0.07479365,-0.023028482
66679.945,-6.3559704,-0.4267148,0.07426476,-0.023043497
67687.82,-6.3559704,-0.42798987,0.07419784,-0.022975791
68695.695,-6.3559704,-0.4291191,0.07452376,-0.022888776
69703.57,-6.3559704,-0.429824,0.0750528,-0.022860143
70711.445,-6.3559704,-0.42985228,0.07552593,-0.022963412
71719.32,-6.3559704,-0.4290562,0.075693354,-0.023249151
72727.195,-6.3559704,-0.42745128,0.07539366,-0.023731695
73735.08,-6.3559704,-0.4252314,0.07461168,-0.024384756
74742.95,-6.3559704,-0.42272878,0.07349367,-0.025147889
75750.83,-6.3559704,-0.42033052,0.072310746,-0.025943246
76758.7,-6.3559704,-0.41836503,0.07137482,-0.026697606
77766.58,-6.3559704,-0.41699746,0.07093099,-0.027364219
78774.45,-6.3559704,-0.4161678,0.07106136,-0.027937038
79782.33,-6.3559704,-0.41559955,0.07163733,-0.028451636
80790.2,-6.3559704,-0.41489053,0.072345726,-0.028971426
81798.08,-6.3559704,-0.41366494,0.07279381,-0.029561687
82805.95,-6.3559704,-0.4117384,0.07266481,-0.030260142
83813.83,-6.3559704,-0.4092339,0.07186768,-0.031055097
84821.7,-6.3559704,-0.40658325,0.070612565,-0.031882484
85829.58,-6.3559704,-0.4043867,0.06935798,-0.03264719
86837.45,-6.3559704,-0.40315533,0.06861892,-0.03326449
87845.33,-6.3559704,-0.40303558,0.06869674,-0.033706643
88853.2,-6.3559704,-0.40365294,0.06945716,-0.034029882
89861.08,-6.3559704,-0.40421742,0.070310585,-0.034359876
90868.95,-6.3559704,-0.4039275,0.07049228,-0.034827545
91876.83,-6.3559704,-0.40253428,0.06957914,-0.035477865
92884.71,-6.3559704,-0.4007155,0.06795317,-0.036208056
93892.586,-6.3559704,-0.39981908,0.06676035,-0.036806375
94900.46,-6.3559704,-0.40077925,0.067040086,-0.037123896
95908.336,-6.3559704,-0.40276653,0.06837091,-0.0372905
96916.21,-6.3559704,-0.40322274,0.06852876,-0.03771167
97924.086,-6.3559704,-0.40118733,0.06625691,-0.038542733
98931.96,-6.3559704,-0.40169823,0.06580561,-0.038990658
99939.836,-6.3559704,-0.40239,0.06576413,-0.03942736
160.16696,-5.750641,-0.26651418,0.33661133,-0.035579182
1168.0425,-5.750641,-0.17367895,0.11748123,-0.043476623
2175.918,-5.750641,-0.106791854,0.11103619,-0.044538178
3183.7935,-5.750641,-0.07972906,0.10024398,-0.042767085
4191.669,-5.750641,-0.05670613,0.084429465,-0.043524913
5199.5444,-5.750641,-0.027106531,0.077498525,-0.046202727
6207.42,-5.750641,-0.002259925,0.07835718,-0.047440097
7215.2954,-5.750641,0.0027994215,0.08048278,-0.044677917
8223.171,-5.750641,-0.018855691,0.080236614,-0.03757722
9231.046,-5.750641,-0.063584685,0.07810983,-0.027694345
10238.922,-5.750641,-0.120632075,0.076368816,-0.017418722
11246.798,-5.750641,-0.1773735,0.07663067,-0.008948075
12254.673,-5.750641,-0.22358857,0.07887137,-0.003670657
13262.548,-5.750641,-0.25364986,0.08177683,-0.0020002332
14270.424,-5.750641,-0.26669604,0.08370605,-0.0035395622
15278.3,-5.750641,-0.26547176,0.08355795,-0.007399069
16286.175,-5.750641,-0.25463557,0.08117533,-0.012525292
17294.049,-5.750641,-0.2391729,0.07724983,-0.017951101
18301.924,-5.750641,-0.22328635,0.0729135,-0.022936895
19309.8,-5.750641,-0.20986235,0.06925816,-0.027012404
20317.676,-5.750641,-0.2004322,0.066978335,-0.02995103
21325.55,-5.750641,-0.1954492,0.06623103,-0.031710926
22333.428,-5.750641,-0.1946886,0.06670506,-0.032371737
23341.303,-5.750641,-0.1976207,0.06782667,-0.032083258
24349.178,-5.750641,-0.20366815,0.06900245,-0.031032102
25357.053,-5.750641,-0.21232438,0.06981403,-0.029423365
26364.928,-5.750641,-0.22316103,0.07011467,-0.027471013
27372.805,-5.750641,-0.23576744,0.07001853,-0.025390415
28380.68,-5.750641,-0.24968207,0.069806665,-0.023388043
29388.555,-5.750641,-0.26435208,0.069796376,-0.021647796
30396.432,-5.750641,-0.27914435,0.07021807,-0.020314742
31404.307,-5.750641,-0.29339978,0.071136996,-0.019480752
32412.182,-5.750641,-0.30652314,0.07243672,-0.019175092
33420.06,-5.750641,-0.3180706,0.07386039,-0.01936336
34427.934,-5.750641,-0.3278185,0.07509215,-0.019955864
35435.81,-5.750641,-0.33578974,0.075851224,-0.02082415
36443.684,-5.750641,-0.3422327,0.07596985,-0.021823103
37451.562,-5.750641,-0.3475564,0.07543734,-0.022814263
38459.438,-5.750641,-0.35223886,0.07439828,-0.02368659
39467.312,-5.750641,-0.3567284,0.07311167,-0.024370477
40475.188,-5.750641,-0.36135623,0.07188031,-0.024843346
41483.062,-5.750641,-0.36628437,0.07097462,-0.025126288
42490.938,-5.750641,-0.37148786,0.07056594,-0.025273027
43498.812,-5.750641,-0.37678218,0.07068891,-0.025353756
44506.69,-5.750641,-0.3818804,0.071238995,-0.025438083
45514.566,-5.750641,-0.3864692,0.07200396,-0.025579501
46522.44,-5.750641,-0.39028412,0.07272105,-0.02580525
47530.316,-5.750641,-0.39317137,0.07314436,-0.026112773
48538.19,-5.750641,-0.39512163,0.07310474,-0.02647295
49546.066,-5.750641,-0.39627033,0.07255092,-0.026839325
50553.938,-5.750641,-0.3968683,0.07155877,-0.027160468
51561.812,-5.750641,-0.39722806,0.07031013,-0.027393173
52569.688,-5.750641,-0.39766005,0.069045976,-0.027513044
53577.562,-5.750641,-0.39841384,0.068005994,-0.027520517
54585.438,-5.750641,-0.39963323,0.0673698,-0.027441056
55593.312,-5.750641,-0.401339,0.067212775,-0.027319454
56601.19,-5.750641,-0.40343633,0.06748917,-0.027209567
57609.066,-5.750641,-0.40574688,0.06804533,-0.027162172
58616.94,-5.750641,-0.40805694,0.0686592,-0.027212922
59624.816,-5.750641,-0.4101678,0.06909774,-0.027374249
60632.69,-5.750641,-0.41193667,0.069176726,-0.027631981
61640.566,-5.750641,-0.41329932,0.06880806,-0.027948495
62648.44,-5.750641,-0.41427034,0.06802285,-0.028271439
63656.32,-5.750641,-0.4149199,0.066961855,-0.028546192
64664.195,-5.750641,-0.41533604,0.06583807,-0.02872967
65672.07,-5.750641,-0.41558304,0.06487725,-0.028801907
66679.945,-5.750641,-0.41566914,0.06425459,-0.028772736
67687.82,-5.750641,-0.41553178,0.06404312,-0.02868188
68695.695,-5.750641,-0.41505,0.06419032,-0.028591884
69703.57,-5.750641,-0.41407907,0.06453052,-0.028575223
70711.445,-5.750641,-0.41249847,0.0648319,-0.028698428
71719.32,-5.750641,-0.4102646,0.06486733,-0.029006982
72727.195,-5.750641,-0.4074416,0.06448805,-0.02951484
73735.08,-5.750641,-0.4042092,0.063678406,-0.030201172
74742.95,-5.750641,-0.40082908,0.06257108,-0.031016214
75750.83,-5.750641,-0.39758378,0.06141358,-0.031894278
76758.7,-5.750641,-0.39469543,0.06049192,-0.032771498
77766.58,-5.750641,-0.3922564,0.060031176,-0.033602744
78774.45,-5.750641,-0.39019126,0.060105644,-0.034372874
79782.33,-5.750641,-0.38827252,0.060593925,-0.035098195
80790.2,-5.750641,-0.38619655,0.06120377,-0.035816714
81798.08,-5.750641,-0.38370028,0.06156867,-0.03657011
82805.95,-5.750641,-0.38068363,0.061393715,-0.037382476
83813.83,-5.750641,-0.37728906,0.060594875,-0.038245037
84821.7,-5.750641,-0.37388998,0.05937019,-0.039113704
85829.58,-5.750641,-0.3709716,0.058150485,-0.039923616
86837.45,-5.750641,-0.36892432,0.057418853,-0.040617723
87845.33,-5.750641,-0.3678323,0.05745837,-0.041178107
88853.2,-5.750641,-0.36736238,0.058141805,-0.041644268
89861.08,-5.750641,-0.36686283,0.05891484,-0.042102437
90868.95,-5.750641,-0.36569536,0.05905756,-0.04264173
91876.83,-5.750641,-0.3636832,0.058171522,-0.043292902
92884.71,-5.750641,-0.36139423,0.05661639,-0.04398741
93892.586,-5.750641,-0.35991484,0.055471364,-0.044585038
94900.46,-5.750641,-0.3599692,0.05571631,-0.04498962
95908.336,-5.750641,-0.36084783,0.056954995,-0.045291636
96916.21,-5.750641,-0.36047626,0.05709092,-0.045762222
97924.086,-5.750641,-0.35811904,0.05493782,-0.04650083
98931.96,-5.750641,-0.35788205,0.054502916,-0.04697821
99939.836,-5.750641,-0.35777202,0.054458007,-0.04745076
160.16696,-5.1453094,-0.23945281,0.33406603,-0.035654116
1168.0425,-5.1453094,-0.17248711,0.11403103,-0.042681888
2175.918,-5.1453094,-0.1128005,0.10672602,-0.043619238
3183.7935,-5.1453094,-0.08604514,0.095840715,-0.042040814
4191.669,-5.1453094,-0.06254469,0.07999323,-0.043053463
5199.5444,-5.1453094,-0.03340347,0.07292554,-0.045763217
6207.42,-5.1453094,-0.0100174695,0.07369953,-0.046644486
7215.2954,-5.1453094,-0.007400021,0.07590749,-0.043138403
8223.171,-5.1453094,-0.032717302,0.07588412,-0.03501646
9231.046,-5.1453094,-0.082585245,0.07402025,-0.023980444
10238.922,-5.1453094,-0.14621565,0.07249905,-0.012551373
11246.798,-5.1453094,-0.21054485,0.07291868,-0.00302862
12254.673,-5.1453094,-0.26460576,0.0752908,0.0031250603
13262.548,-5.1453094,-0.30193734,0.07835691,0.0054416955
14270.424,-5.1453094,-0.3209856,0.08051394,0.004281748
15278.3,-5.1453094,-0.3240914,0.08066292,0.0005174391
16286.175,-5.1453094,-0.31583685,0.07861195,-0.004792627
17294.049,-5.1453094,-0.30140087,0.07499705,-0.010653304
18301.924,-5.1453094,-0.28533128,0.070892215,-0.016278764
19309.8,-5.1453094,-0.27088317,0.067345865,-0.021143606
20317.676,-5.1453094,-0.2598781,0.06503264,-0.024967644
21325.55,-5.1453094,-0.2529264,0.06411214,-0.027666759
22333.428,-5.1453094,-0.24982476,0.0642936,-0.029294599
23341.303,-5.1453094,-0.24996817,0.06503154,-0.029991295
24349.178,-5.1453094,-0.25266796,0.06576115,-0.029944878
25357.053,-5.1453094,-0.25733292,0.066087134,-0.029364992
26364.928,-5.1453094,-0.2635232,0.06587858,-0.02846459
27372.805,-5.1453094,-0.27091256,0.06525898,-0.027445965
28380.68,-5.1453094,-0.27921438,0.06451658,-0.026487932
29388.555,-5.1453094,-0.2881145,0.06397517,-0.025733836
30396.432,-5.1453094,-0.29723808,0.06387435,-0.025281357
31404.307,-5.1453094,-0.3061649,0.06429125,-0.025176447
32412.182,-5.1453094,-0.31447923,0.06512283,-0.02541297
33420.06,-5.1453094,-0.3218398,0.06612486,-0.025938857
34427.934,-5.1453094,-0.3280428,0.06699067,-0.026668865
35435.81,-5.1453094,-0.3330604,0.06744304,-0.02750095
36443.684,-5.1453094,-0.3370444,0.06731219,-0.028334651
37451.562,-5.1453094,-0.34029013,0.06657912,-0.029087316
38459.438,-5.1453094,-0.34317118,0.065377474,-0.02970571
39467.312,-5.1453094,-0.3460613,0.063953646,-0.030171541
40475.188,-5.1453094,-0.3492575,0.06260074,-0.030499754
41483.062,-5.1453094,-0.3529235,0.061582737,-0.030730885
42490.938,-5.1453094,-0.357063,0.06106983,-0.030919142
43498.812,-5.1453094,-0.3615277,0.061100066,-0.031118937
44506.69,-5.1453094,-0.36605603,0.061575152,-0.03137301
45514.566,-5.1453094,-0.37033334,0.062289417,-0.031703375
46522.44,-5.1453094,-0.37405944,0.06298476,-0.03210822
47530.316,-5.1453094,-0.37701136,0.06341533,-0.032563485
48538.19,-5.1453094,-0.37908423,0.06340764,-0.03302964
49546.066,-5.1453094,-0.38030964,0.06290079,-0.03346143
50553.938,-5.1453094,-0.38084382,0.06195814,-0.033818357
51561.812,-5.1453094,-0.3809318,0.060748287,-0.03407397
52569.688,-5.1453094,-0.3808569,0.05950148,-0.034221753
53577.562,-5.1453094,-0.38088614,0.05845125,-0.034276433
54585.438,-5.1453094,-0.38122168,0.057777133,-0.034270793
55593.312,-5.1453094,-0.38196906,0.05756117,-0.03424845
56601.19,-5.1453094,-0.38312846,0.05776899,-0.03425413
57609.066,-5.1453094,-0.3846046,0.058260508,-0.03432414
58616.94,-5.1453094,-0.38623753,0.058826488,-0.034478072
59624.816,-5.1453094,-0.38783956,0.05924254,-0.03471481
60632.69,-5.1453094,-0.3892346,0.059326578,-0.035012662
61640.566,-5.1453094,-0.39028808,0.058985602,-0.035334345
62648.44,-5.1453094,-0.39092076,0.058238696,-0.03563566
63656.32,-5.1453094,-0.3911075,0.05721153,-0.035876036
64664.195,-5.1453094,-0.39086178,0.056101162,-0.036028657
65672.07,-5.1453094,-0.39021072,0.055121575,-0.036087997
66679.945,-5.1453094,-0.3891718,0.054442618,-0.03607299
67687.82,-5.1453094,-0.3877386,0.05414112,-0.036024958
68695.695,-5.1453094,-0.3858787,0.054176457,-0.036000207
69703.57,-5.1453094,-0.3835487,0.054400213,-0.036059733
70711.445,-5.1453094,-0.3807184,0.054599356,-0.03625673
71719.32,-5.1453094,-0.37739918,0.054561816,-0.03662617
72727.195,-5.1453094,-0.3736648,0.05414615,-0.037178013
73735.08,-5.1453094,-0.36965328,0.053334106,-0.037895966
74742.95,-5.1453094,-0.36554885,0.052245736,-0.03874219
75750.83,-5.1453094,-0.36154228,0.05111041,-0.039667092
76758.7,-5.1453094,-0.35777962,0.050195113,-0.040621214
77766.58,-5.1453094,-0.3543166,0.049711887,-0.041566633
78774.45,-5.1453094,-0.35109547,0.04973214,-0.04248397
79782.33,-5.1453094,-0.34795845,0.050144244,-0.043373477
80790.2,-5.1453094,-0.34470055,0.050674714,-0.04424925
81798.08,-5.1453094,-0.34115353,0.050979525,-0.04512861
82805.95,-5.1453094,-0.33726972,0.05077952,-0.046020314
83813.83,-5.1453094,-0.3331778,0.04999352,-0.046916172
84821.7,-5.1453094,-0.32917035,0.048806503,-0.04779057
85829.58,-5.1453094,-0.3256132,0.047623273,-0.048608817
86837.45,-5.1453094,-0.322794,0.04690076,-0.049342576
87845.33,-5.1453094,-0.32076392,0.046908073,-0.0499861
88853.2,-5.1453094,-0.3192585,0.047528617,-0.050564043
89861.08,-5.1453094,-0.3177748,0.048240684,-0.051124014
90868.95,-5.1453094,-0.31582332,0.048363835,-0.051712416
91876.83,-5.1453094,-0.31326678,0.047518257,-0.052343264
92884.71,-5.1453094,-0.31053582,0.04604009,-0.05297992
93892.586,-5.1453094,-0.30845475,0.04494766,-0.053552903
94900.46,-5.1453094,-0.30757165,0.045170054,-0.054020364
95908.336,-5.1453094,-0.30733818,0.046338722,-0.05443611
96916.21,-5.1453094,-0.30616084,0.046473883,-0.05493773
97924.086,-5.1453094,-0.30347314,0.044447232,-0.05556568
98931.96,-5.1453094,-0.30242795,0.044041276,-0.056050926
99939.836,-5.1453094,-0.30149305,0.044013105,-0.05654045
160.16696,-4.539978,-0.21182397,0.33194423,-0.035634555
1168.0425,-4.539978,-0.16863309,0.11098513,-0.041772835
2175.918,-4.539978,-0.119102664,0.10266144,-0.042454038
3183.7935,-4.539978,-0.09440779,0.09158482,-0.04108318
4191.669,-4.539978,-0.07213713,0.075704955,-0.042219136
5199.5444,-4.539978,-0.045567594,0.0685321,-0.04472003
6207.42,-4.539978,-0.025314823,0.069217734,-0.045125913
7215.2954,-4.539978,-0.025277138,0.07144089,-0.041063372
8223.171,-4.539978,-0.05230905,0.07151074,-0.032447014
9231.046,-4.539978,-0.10347013,0.069729246,-0.021018708
10238.922,-4.539978,-0.16866928,0.068211235,-0.009257352
11246.798,-4.539978,-0.23534334,0.06855181,0.0006070398
12254.673,-4.539978,-0.29263163,0.07082046,0.0071584973
13262.548,-4.539978,-0.33382258,0.073842555,0.009928394
14270.424,-4.539978,-0.35691884,0.076084845,0.009231105
15278.3,-4.539978,-0.36380503,0.0764754,0.005866697
16286.175,-4.539978,-0.3587189,0.074802354,0.0008202363
17294.049,-4.539978,-0.34665036,0.071642615,-0.004968349
18301.924,-4.539978,-0.3320944,0.06799295,-0.010740142
19309.8,-4.539978,-0.3183339,0.06482613,-0.015968641
20317.676,-4.539978,-0.30723846,0.06275852,-0.02035201
21325.55,-4.539978,-0.2994471,0.061917927,-0.023774013
22333.428,-4.539978,-0.2947535,0.06200714,-0.02625455
23341.303,-4.539978,-0.29253155,0.06249602,-0.027903706
24349.178,-4.539978,-0.29208001,0.06284836,-0.028883891
25357.053,-4.539978,-0.29283443,0.0627036,-0.029381085
26364.928,-4.539978,-0.29443944,0.061965406,-0.02958266
27372.805,-4.539978,-0.296718,0.06078791,-0.029660054
28380.68,-4.539978,-0.29958305,0.059484072,-0.029754799
29388.555,-4.539978,-0.30294618,0.058397193,-0.029968357
30396.432,-4.539978,-0.30665407,0.057781275,-0.030356448
31404.307,-4.539978,-0.31047398,0.057724062,-0.030928906
32412.182,-4.539978,-0.3141224,0.05812963,-0.031655412
33420.06,-4.539978,-0.31732535,0.05875748,-0.032476567
34427.934,-4.539978,-0.31988356,0.05930181,-0.033318374
35435.81,-4.539978,-0.32172716,0.059482705,-0.03410797
36443.684,-4.539978,-0.32293665,0.05912441,-0.03478751
37451.562,-4.539978,-0.32373005,0.05820062,-0.03532431
38459.438,-4.539978,-0.3244164,0.05683671,-0.03571522
39467.312,-4.539978,-0.32532817,0.055271536,-0.03598496
40475.188,-4.539978,-0.32674813,0.053792465,-0.036179297
41483.062,-4.539978,-0.32884893,0.052660696,-0.036354464
42490.938,-4.539978,-0.3316543,0.05204705,-0.03656521
43498.812,-4.539978,-0.33503458,0.051992394,-0.03685412
44506.69,-4.539978,-0.33873224,0.05240266,-0.03724376
45514.566,-4.539978,-0.34241378,0.05307673,-0.037733547
46522.44,-4.539978,-0.34573388,0.053758435,-0.03830115
47530.316,-4.539978,-0.34840143,0.054201722,-0.038908362
48538.19,-4.539978,-0.35023028,0.05422891,-0.03950963
49546.066,-4.539978,-0.35117054,0.05377187,-0.040061608
50553.938,-4.539978,-0.35130924,0.052884288,-0.04053173
51561.812,-4.539978,-0.3508467,0.051724758,-0.04090415
52569.688,-4.539978,-0.35005254,0.05051486,-0.0411819
53577.562,-4.539978,-0.3492108,0.04948235,-0.04138508
54585.438,-4.539978,-0.3485666,0.048804894,-0.041545585
55593.312,-4.539978,-0.34828427,0.048566867,-0.041699696
56601.19,-4.539978,-0.3484237,0.04874043,-0.041879892
57609.066,-4.539978,-0.34893927,0.04919351,-0.042107996
58616.94,-4.539978,-0.34969878,0.049725287,-0.042390708
59624.816,-4.539978,-0.3505169,0.050118547,-0.042718668
60632.69,-4.539978,-0.3511951,0.050194513,-0.043069206
61640.566,-4.539978,-0.35155827,0.04985981,-0.043411896
62648.44,-4.539978,-0.351481,0.049129687,-0.043716136
63656.32,-4.539978,-0.35089904,0.04812319,-0.043958806
64664.195,-4.539978,-0.34980345,0.04703005,-0.0441304
65672.07,-4.539978,-0.34822494,0.046058208,-0.044238657
66679.945,-4.539978,-0.34621015,0.045375336,-0.044308223
67687.82,-4.539978,-0.3437999,0.045059342,-0.044377193
68695.695,-4.539978,-0.3410173,0.045074154,-0.044490464
69703.57,-4.539978,-0.33786604,0.045278877,-0.04469192
70711.445,-4.539978,-0.33434224,0.045467347,-0.045016725
71719.32,-4.539978,-0.3304522,0.045432277,-0.045485534
72727.195,-4.539978,-0.32623282,0.045032702,-0.046101682
73735.08,-4.539978,-0.32176074,0.04424574,-0.04685204
74742.95,-4.539978,-0.31715026,0.043182723,-0.047710914
75750.83,-4.539978,-0.31253174,0.042062603,-0.04864622
76758.7,-4.539978,-0.30802083,0.0411435,-0.049625903
77766.58,-4.539978,-0.30368376,0.040633418,-0.05062341
78774.45,-4.539978,-0.29951435,0.040607553,-0.051620524
79782.33,-4.539978,-0.29543507,0.040964536,-0.052607015
80790.2,-4.539978,-0.29132456,0.041445978,-0.05357814
81798.08,-4.539978,-0.287073,0.041721918,-0.05453039
82805.95,-4.539978,-0.28264397,0.041521445,-0.05545815
83813.83,-4.539978,-0.27811816,0.04076139,-0.056351997
84821.7,-4.539978,-0.27369678,0.03961316,-0.05720046
85829.58,-4.539978,-0.26964343,0.03846231,-0.05799377
86837.45,-4.539978,-0.26617718,0.03774757,-0.05872868
87845.33,-4.539978,-0.26335377,0.037732415,-0.059411034
88853.2,-4.539978,-0.26099554,0.03831145,-0.060054753
89861.08,-4.539978,-0.25873393,0.03898943,-0.06067592
90868.95,-4.539978,-0.2561872,0.03911435,-0.061284788
91876.83,-4.539978,-0.25321713,0.038316585,-0.061879843
92884.71,-4.539978,-0.25010943,0.036910072,-0.06244912
93892.586,-4.539978,-0.24747093,0.035866216,-0.062981114
94900.46,-4.539978,-0.24573761,0.036079817,-0.06347981
95908.336,-4.539978,-0.24453926,0.03720898,-0.06397045
96916.21,-4.539978,-0.2426812,0.037363652,-0.0644808
97924.086,-4.539978,-0.23967636,0.035453018,-0.06500064
98931.96,-4.539978,-0.23786241,0.03508263,-0.06547356
99939.836,-4.539978,-0.23618501,0.035087936,-0.0659597
160.16696,-3.9346485,-0.18372273,0.33021998,-0.035540085
1168.0425,-3.9346485,-0.16102237,0.108398244,-0.040816396
2175.918,-3.9346485,-0.12365529,0.09896956,-0.041153632
3183.7935,-3.9346485,-0.10261455,0.08760721,-0.040005513
4191.669,-3.9346485,-0.08320822,0.0717031,-0.041119955
5199.5444,-3.9346485,-0.061050616,0.06447376,-0.043192547
6207.42,-3.9346485,-0.045209132,0.06506816,-0.043073453
7215.2954,-3.9346485,-0.047531717,0.06721327,-0.038737744
8223.171,-3.9346485,-0.07408377,0.06720723,-0.030243121
9231.046,-3.9346485,-0.122534126,0.0652997,-0.01924488
10238.922,-3.9346485,-0.18414877,0.06356871,-0.008004423
11246.798,-3.9346485,-0.24773708,0.0636241,0.0014748704
12254.673,-3.9346485,-0.30335826,0.06560172,0.007926062
13262.548,-3.9346485,-0.3446263,0.068416655,0.010919254
14270.424,-3.9346485,-0.36936647,0.07061368,0.010709103
15278.3,-3.9346485,-0.37898228,0.07116206,0.007974625
16286.175,-3.9346485,-0.3771275,0.06984168,0.0035614166
17294.049,-3.9346485,-0.36825222,0.06717782,-0.0017140415
18301.924,-3.9346485,-0.3564309,0.06408711,-0.0071799234
19309.8,-3.9346485,-0.34466282,0.061454345,-0.012354545
20317.676,-3.9346485,-0.33465526,0.059817836,-0.016943302
21325.55,-3.9346485,-0.32697648,0.059249956,-0.020809617
22333.428,-3.9346485,-0.32141617,0.05942646,-0.023936495
23341.303,-3.9346485,-0.31739256,0.05981775,-0.026389241
24349.178,-3.9346485,-0.31429034,0.05991012,-0.028283415
25357.053,-3.9346485,-0.31166714,0.059379824,-0.029758643
26364.928,-3.9346485,-0.30932266,0.058173485,-0.030957177
27372.805,-3.9346485,-0.30725628,0.056487456,-0.03200695
28380.68,-3.9346485,-0.3055681,0.05467119,-0.033008415
29388.555,-3.9346485,-0.3043484,0.05309641,-0.034026235
30396.432,-3.9346485,-0.30359948,0.05203631,-0.03508629
31404.307,-3.9346485,-0.30320644,0.05158873,-0.03617841
32412.182,-3.9346485,-0.30296046,0.051661145,-0.03726466
33420.06,-3.9346485,-0.30261803,0.05201089,-0.038291313
34427.934,-3.9346485,-0.30197445,0.05232589,-0.039202757
35435.81,-3.9346485,-0.30092865,0.052318424,-0.039954633
36443.684,-3.9346485,-0.29951876,0.051803857,-0.040523857
37451.562,-3.9346485,-0.2979207,0.0507476,-0.040914074
38459.438,-3.9346485,-0.29641196,0.04926739,-0.041155227
39467.312,-3.9346485,-0.2953068,0.047596887,-0.041298322
40475.188,-3.9346485,-0.2948839,0.046020284,-0.041406326
41483.062,-3.9346485,-0.29531914,0.044797834,-0.041542888
42490.938,-3.9346485,-0.29664207,0.044101514,-0.041761875
43498.812,-3.9346485,-0.29872307,0.043975204,-0.04209897
44506.69,-3.9346485,-0.30129352,0.044328257,-0.04256715
45514.566,-3.9346485,-0.30399513,0.044962928,-0.043156557
46522.44,-3.9346485,-0.30644608,0.04562565,-0.043838397
47530.316,-3.9346485,-0.30830982,0.046071187,-0.044572026
48538.19,-3.9346485,-0.30935413,0.046120554,-0.045313403
49546.066,-3.9346485,-0.30948728,0.045702033,-0.046023294
50553.938,-3.9346485,-0.30876583,0.044863954,-0.04667373
51561.812,-3.9346485,-0.3073747,0.043758366,-0.047251582
52569.688,-3.9346485,-0.30558255,0.042600065,-0.047758706
53577.562,-3.9346485,-0.3036857,0.041610777,-0.048209075
54585.438,-3.9346485,-0.3019488,0.040963642,-0.048623636
55593.312,-3.9346485,-0.30055833,0.040740777,-0.04902429
56601.19,-3.9346485,-0.29959214,0.040914107,-0.049428377
57609.066,-3.9346485,-0.29901546,0.041354228,-0.049844563
58616.94,-3.9346485,-0.29869914,0.04186441,-0.05027149
59624.816,-3.9346485,-0.29845375,0.042232268,-0.05069872
60632.69,-3.9346485,-0.2980751,0.04228455,-0.051110305
61640.566,-3.9346485,-0.29738605,0.041932903,-0.051489566
62648.44,-3.9346485,-0.29626757,0.041196525,-0.05182405
63656.32,-3.9346485,-0.29467368,0.04019701,-0.05210983
64664.195,-3.9346485,-0.2926258,0.039125726,-0.052353777
65672.07,-3.9346485,-0.29019248,0.03819076,-0.052573264
66679.945,-3.9346485,-0.28745857,0.0375587,-0.052794002
67687.82,-3.9346485,-0.28449452,0.03730564,-0.05304573
68695.695,-3.9346485,-0.28133458,0.037392937,-0.053357325
69703.57,-3.9346485,-0.27796906,0.037675805,-0.053752158
70711.445,-3.9346485,-0.27435404,0.03794353,-0.054245036
71719.32,-3.9346485,-0.27043417,0.037983704,-0.054840773
72727.195,-3.9346485,-0.2661723,0.037649505,-0.0555351
73735.08,-3.9346485,-0.26157433,0.0369121,-0.05631707
74742.95,-3.9346485,-0.25670147,0.035878956,-0.057172112
75750.83,-3.9346485,-0.25166374,0.034766864,-0.058085017
76758.7,-3.9346485,-0.24659474,0.03383564,-0.0590415
77766.58,-3.9346485,-0.24161409,0.033298627,-0.060028568
78774.45,-3.9346485,-0.23679227,0.033239603,-0.061033346
79782.33,-3.9346485,-0.23213032,0.033567294,-0.062041692
80790.2,-3.9346485,-0.22756536,0.03403285,-0.06303726
81798.08,-3.9346485,-0.22300595,0.034312025,-0.064002216
82805.95,-3.9346485,-0.21838471,0.034134023,-0.06491999
83813.83,-3.9346485,-0.2137112,0.033409026,-0.065779015
84821.7,-3.9346485,-0.20909673,0.032297157,-0.06657638
85829.58,-3.9346485,-0.20473003,0.031171406,-0.06731896
86837.45,-3.9346485,-0.20080401,0.03046272,-0.06802086
87845.33,-3.9346485,-0.1974119,0.030435449,-0.068696864
88853.2,-3.9346485,-0.19446762,0.030996203,-0.06935476
89861.08,-3.9346485,-0.19170643,0.03166768,-0.06999024
90868.95,-3.9346485,-0.18880394,0.031812765,-0.07058923
91876.83,-3.9346485,-0.18558428,0.031063177,-0.07113887
92884.71,-3.9346485,-0.18220115,0.029714733,-0.0716423
93892.586,-3.9346485,-0.1791101,0.02870988,-0.07212541
94900.46,-3.9346485,-0.17670971,0.028927155,-0.072622426
95908.336,-3.9346485,-0.17479816,0.030047167,-0.073140614
96916.21,-3.9346485,-0.17245466,0.030236196,-0.07363656
97924.086,-3.9346485,-0.16918227,0.028417835,-0.07406643
98931.96,-3.9346485,-0.16673121,0.028084453,-0.0745108
99939.836,-3.9346485,-0.1644789,0.028132938,-0.07497428
160.16696,-3.329317,-0.15518202,0.3288228,-0.035404775
1168.0425,-3.329317,-0.14886901,0.106295414,-0.03986878
2175.918,-3.329317,-0.12446162,0.09577351,-0.03982876
3183.7935,-3.329317,-0.10826012,0.084056884,-0.03891947
4191.669,-3.329317,-0.09298521,0.068140164,-0.039884955
5199.5444,-3.329317,-0.07649845,0.0609078,-0.041371994
6207.42,-3.329317,-0.06576881,0.061412033,-0.040757515
7215.2954,-3.329317,-0.069934756,0.063383065,-0.036483973
8223.171,-3.329317,-0.0939112,0.063127644,-0.028724061
9231.046,-3.329317,-0.13607788,0.060892034,-0.018921193
10238.922,-3.329317,-0.18955281,0.05876013,-0.00896856
11246.798,-3.329317,-0.24521029,0.058376145,-0.000520071
12254.673,-3.329317,-0.2947049,0.059940103,0.005379241
13262.548,-3.329317,-0.3324743,0.062444523,0.008360919
14270.424,-3.329317,-0.3564125,0.06450225,0.008605473
15278.3,-3.329317,-0.36744115,0.0651211,0.0066343118
16286.175,-3.329317,-0.3684439,0.06407902,0.0031076316
17294.049,-3.329317,-0.36304715,0.0618606,-0.0013279505
18301.924,-3.329317,-0.35460943,0.059313945,-0.00612911
19309.8,-3.329317,-0.3456058,0.057242043,-0.010891957
20317.676,-3.329317,-0.33743036,0.056105018,-0.0153517425
21325.55,-3.329317,-0.33052573,0.05591353,-0.019363064
22333.428,-3.329317,-0.32470074,0.056305327,-0.022872945
23341.303,-3.329317,-0.3194888,0.056739766,-0.025894249
24349.178,-3.329317,-0.31444392,0.05671496,-0.028482476
25357.053,-3.329317,-0.30931363,0.055937584,-0.0307162
26364.928,-3.329317,-0.30408326,0.054394238,-0.032680575
27372.805,-3.329317,-0.29892015,0.05232382,-0.03445416
28380.68,-3.329317,-0.2940631,0.050114885,-0.036098346
29388.555,-3.329317,-0.28971052,0.04817069,-0.037651107
30396.432,-3.329317,-0.28593987,0.046785686,-0.039124824
31404.307,-3.329317,-0.28268236,0.046069663,-0.040508687
32412.182,-3.329317,-0.27974978,0.045932557,-0.041775484
33420.06,-3.329317,-0.2769006,0.0461274,-0.042890664
34427.934,-3.329317,-0.27391988,0.046333592,-0.043822825
35435.81,-3.329317,-0.27069005,0.046252366,-0.044552878
36443.684,-3.329317,-0.26723135,0.045687955,-0.045080647
37451.562,-3.329317,-0.26370412,0.044594962,-0.045427393
38459.438,-3.329317,-0.26037243,0.043082982,-0.04563433
39467.312,-3.329317,-0.25754017,0.041379318,-0.045757033
40475.188,-3.329317,-0.25547627,0.039764408,-0.045857858
41483.062,-3.329317,-0.25434655,0.03849725,-0.045996923
42490.938,-3.329317,-0.25416833,0.037750743,-0.04622408
43498.812,-3.329317,-0.2547972,0.03757125,-0.046572972
44506.69,-3.329317,-0.2559492,0.037872337,-0.04705821
45514.566,-3.329317,-0.25725105,0.03846091,-0.047675744
46522.44,-3.329317,-0.25830892,0.0390884,-0.048406124
47530.316,-3.329317,-0.25877982,0.039513692,-0.049219906
48538.19,-3.329317,-0.25843152,0.039561033,-0.050083563
49546.066,-3.329317,-0.25717825,0.03915932,-0.050965205
50553.938,-3.329317,-0.25508708,0.038356155,-0.051838856
51561.812,-3.329317,-0.2523539,0.037300173,-0.05268656
52569.688,-3.329317,-0.24925655,0.036200352,-0.053498466
53577.562,-3.329317,-0.24609366,0.035271868,-0.054271195
54585.438,-3.329317,-0.24312481,0.034680493,-0.05500525
55593.312,-3.329317,-0.2405222,0.03450117,-0.055701885
56601.19,-3.329317,-0.23834443,0.034700695,-0.056361184
57609.066,-3.329317,-0.23653667,0.035146847,-0.05698082
58616.94,-3.329317,-0.23495388,0.035643533,-0.057556625
59624.816,-3.329317,-0.23340398,0.035982404,-0.058084276
60632.69,-3.329317,-0.23169628,0.03599748,-0.058561582
61640.566,-3.329317,-0.22968614,0.035609774,-0.05899093
62648.44,-3.329317,-0.22730571,0.034849122,-0.059380822
63656.32,-3.329317,-0.22457154,0.03384699,-0.05974623
64664.195,-3.329317,-0.22157063,0.032802425,-0.06010718
65672.07,-3.329317,-0.2184276,0.031928122,-0.06048616
66679.945,-3.329317,-0.21526283,0.0313904,-0.060904734
67687.82,-3.329317,-0.21215183,0.03126039,-0.061379943
68695.695,-3.329317,-0.20909847,0.031490587,-0.061921977
69703.57,-3.329317,-0.20602967,0.03192398,-0.06253298
70711.445,-3.329317,-0.20281294,0.032336865,-0.06320796
71719.32,-3.329317,-0.19929372,0.032503743,-0.06393729
72727.195,-3.329317,-0.19534265,0.032268323,-0.06470996
73735.08,-3.329317,-0.19089787,0.031596445,-0.0655169
74742.95,-3.329317,-0.18599123,0.030595377,-0.06635306
75750.83,-3.329317,-0.1807468,0.02948749,-0.067217536
76758.7,-3.329317,-0.17535138,0.028541997,-0.06811168
77766.58,-3.329317,-0.17000437,0.027983453,-0.069035545
78774.45,-3.329317,-0.16486081,0.027907338,-0.06998412
79782.33,-3.329317,-0.15998885,0.028230954,-0.07094472
80790.2,-3.329317,-0.15535533,0.028709637,-0.071897164
81798.08,-3.329317,-0.15085289,0.029017739,-0.072817095
82805.95,-3.329317,-0.14635624,0.02887825,-0.073682204
83813.83,-3.329317,-0.14179412,0.028192675,-0.0744791
84821.7,-3.329317,-0.13720109,0.027112097,-0.07520809
85829.58,-3.329317,-0.13272235,0.02600441,-0.07588343
86837.45,-3.329317,-0.12855764,0.025300907,-0.076527245
87845.33,-3.329317,-0.1248575,0.025272176,-0.077158846
88853.2,-3.329317,-0.12161906,0.025834687,-0.07778385
89861.08,-3.329317,-0.11864582,0.026520897,-0.078389384
90868.95,-3.329317,-0.11562693,0.026697218,-0.07895097
91876.83,-3.329317,-0.11232783,0.025990272,-0.079450645
92884.71,-3.329317,-0.10879731,0.024683073,-0.07989727
93892.586,-3.329317,-0.105409086,0.023705328,-0.08033131
94900.46,-3.329317,-0.102580905,0.023934722,-0.08079848
95908.336,-3.329317,-0.10025078,0.025068916,-0.08129819
96916.21,-3.329317,-0.09764609,0.025298068,-0.081759036
97924.086,-3.329317,-0.09419829,0.023542872,-0.082125105
98931.96,-3.329317,-0.09131098,0.023241753,-0.08253032
99939.836,-3.329317,-0.088701844,0.023334479,-0.08295549
160.16696,-2.7239876,-0.12618329,0.32765466,-0.035271548
1168.0425,-2.7239876,-0.13178694,0.10467407,-0.038970716
2175.918,-2.7239876,-0.11983972,0.093177274,-0.03857729
3183.7935,-2.7239876,-0.10907116,0.081081875,-0.037922997
4191.669,-2.7239876,-0.09861238,0.06516309,-0.038654793
5199.5444,-2.7239876,-0.088282876,0.057973973,-0.039489668
6207.42,-2.7239876,-0.08270591,0.05839427,-0.038484626
7215.2954,-2.7239876,-0.08800238,0.060115695,-0.0346083
8223.171,-2.7239876,-0.107719235,0.05946887,-0.028102316
9231.046,-2.7239876,-0.14095892,0.05674407,-0.020096608
10238.922,-2.7239876,-0.18295604,0.05407498,-0.0120123755
11246.798,-2.7239876,-0.22707865,0.05316021,-0.0050792955
12254.673,-2.7239876,-0.26703417,0.05425711,-8.315779e-05
13262.548,-2.7239876,-0.29844636,0.056413762,0.002676636
14270.424,-2.7239876,-0.31947473,0.05828569,0.0032951739
15278.3,-2.7239876,-0.33058035,0.058903348,0.0021167397
16286.175,-2.7239876,-0.3337626,0.058040585,-0.0004059747
17294.049,-2.7239876,-0.3316382,0.056152947,-0.0038177501
18301.924,-2.7239876,-0.32665974,0.054038785,-0.0077236146
19309.8,-2.7239876,-0.32063305,0.052440733,-0.011815071
20317.676,-2.7239876,-0.31456283,0.05175784,-0.015871432
21325.55,-2.7239876,-0.3087596,0.05194878,-0.019748192
22333.428,-2.7239876,-0.30309346,0.05261534,-0.023360753
23341.303,-2.7239876,-0.29727757,0.053199284,-0.02666905
24349.178,-2.7239876,-0.2910921,0.053200282,-0.029664507
25357.053,-2.7239876,-0.28450364,0.052341625,-0.032359675
26364.928,-2.7239876,-0.277676,0.050636966,-0.034779646
27372.805,-2.7239876,-0.27089906,0.04835797,-0.036954753
28380.68,-2.7239876,-0.26448137,0.045925412,-0.038914595
29388.555,-2.7239876,-0.25864682,0.043770183,-0.04068336
30396.432,-2.7239876,-0.25347084,0.042208247,-0.04227695
31404.307,-2.7239876,-0.24886864,0.041362163,-0.04370248
32412.182,-2.7239876,-0.24463397,0.041147344,-0.044959676
33420.06,-2.7239876,-0.24051139,0.04131471,-0.046044443
34427.934,-2.7239876,-0.23627931,0.041536964,-0.046952896
35435.81,-2.7239876,-0.23181823,0.041504513,-0.04768604
36443.684,-2.7239876,-0.22714774,0.041009285,-0.048253193
37451.562,-2.7239876,-0.22242415,0.039993696,-0.048674013
38459.438,-2.7239876,-0.21790145,0.038555633,-0.04897848
39467.312,-2.7239876,-0.21386498,0.036912736,-0.049205076
40475.188,-2.7239876,-0.21055816,0.035338737,-0.049397662
41483.062,-2.7239876,-0.20811796,0.034088936,-0.049601056
42490.938,-2.7239876,-0.20653391,0.033335313,-0.049857076
43498.812,-2.7239876,-0.20564127,0.033126906,-0.05020061
44506.69,-2.7239876,-0.20514762,0.033382706,-0.050657187
45514.566,-2.7239876,-0.20468682,0.033916757,-0.051241472
46522.44,-2.7239876,-0.2038883,0.034489408,-0.05195728
47530.316,-2.7239876,-0.20244613,0.034868374,-0.052798457
48538.19,-2.7239876,-0.20017397,0.03488549,-0.05375044
49546.066,-2.7239876,-0.19703384,0.03447523,-0.05479235
50553.938,-2.7239876,-0.19313517,0.03368768,-0.05589871
51561.812,-2.7239876,-0.18870309,0.032670215,-0.057041526
52569.688,-2.7239876,-0.18402644,0.031626824,-0.05819169
53577.562,-2.7239876,-0.1793958,0.030764882,-0.059320517
54585.438,-2.7239876,-0.1750442,0.030240301,-0.06040141
55593.312,-2.7239876,-0.17110573,0.030118145,-0.061411165
56601.19,-2.7239876,-0.167597,0.03035637,-0.062331997
57609.066,-2.7239876,-0.16442746,0.030817468,-0.06315312
58616.94,-2.7239876,-0.16143301,0.031304076,-0.063872114
59624.816,-2.7239876,-0.15842524,0.031611472,-0.06449596
60632.69,-2.7239876,-0.15524405,0.031582203,-0.0650407
61640.566,-2.7239876,-0.15180087,0.031149296,-0.06553036
62648.44,-2.7239876,-0.14810155,0.030356154,-0.06599428
63656.32,-2.7239876,-0.14424346,0.02934783,-0.066463634
64664.195,-2.7239876,-0.14038765,0.028333988,-0.06696728
65672.07,-2.7239876,-0.13671146,0.027532712,-0.06752775
66679.945,-2.7239876,-0.13335538,0.02710992,-0.06815808
67687.82,-2.7239876,-0.1303763,0.027130064,-0.06886034
68695.695,-2.7239876,-0.1277205,0.027532734,-0.06962593
69703.57,-2.7239876,-0.12522645,0.028145524,-0.07043795
70711.445,-2.7239876,-0.12265581,0.028727192,-0.07127547
71719.32,-2.7239876,-0.11974934,0.029037781,-0.07211824
72727.195,-2.7239876,-0.11629163,0.028910328,-0.07295123
73735.08,-2.7239876,-0.11216985,0.028307233,-0.07376786
74742.95,-2.7239876,-0.10740724,0.027338834,-0.074570574
75750.83,-2.7239876,-0.10216156,0.02623614,-0.075369105
76758.7,-2.7239876,-0.09668514,0.025281468,-0.07617603
77766.58,-2.7239876,-0.0912568,0.024712898,-0.077001534
78774.45,-2.7239876,-0.086104095,0.024636712,-0.077848285
79782.33,-2.7239876,-0.08134055,0.024976522,-0.07870853
80790.2,-2.7239876,-0.0769397,0.025487466,-0.07956455
81798.08,-2.7239876,-0.072759524,0.025838396,-0.080392964
82805.95,-2.7239876,-0.06861159,0.025743876,-0.08117146
83813.83,-2.7239876,-0.06435245,0.025096426,-0.0818864
84821.7,-2.7239876,-0.059960783,0.024042035,-0.08253777
85829.58,-2.7239876,-0.055562705,0.022947975,-0.083139084
86837.45,-2.7239876,-0.051381454,0.022250941,-0.083711594
87845.33,-2.7239876,-0.04762417,0.02222922,-0.084273875
88853.2,-2.7239876,-0.04435116,0.022807028,-0.084831595
89861.08,-2.7239876,-0.04140407,0.023519032,-0.08537328
90868.95,-2.7239876,-0.038461596,0.02372848,-0.0858768
91876.83,-2.7239876,-0.03523311,0.023054054,-0.08632576
92884.71,-2.7239876,-0.031697333,0.021771612,-0.08672779
93892.586,-2.7239876,-0.028196335,0.020810323,-0.08711824
94900.46,-2.7239876,-0.02519095,0.021055387,-0.08753673
95908.336,-2.7239876,-0.022717029,0.022214666,-0.08798219
96916.21,-2.7239876,-0.020061135,0.02248024,-0.08839267
97924.086,-2.7239876,-0.016569078,0.020759841,-0.088720895
98931.96,-2.7239876,-0.013481528,0.020483095,-0.089082696
99939.836,-2.7239876,-0.010743439,0.020612242,-0.08945915
160.16696,-2.1186562,-0.09667412,0.32661104,-0.035184447
1168.0425,-2.1186562,-0.1098243,0.103508696,-0.038144942
2175.918,-2.1186562,-0.10864587,0.09125398,-0.037474457
3183.7935,-2.1186562,-0.103228554,0.07880778,-0.037089035
4191.669,-2.1186562,-0.09759093,0.06289446,-0.03756016
5199.5444,-2.1186562,-0.09308927,0.05577787,-0.037777815
6207.42,-2.1186562,-0.09207726,0.056127,-0.03654465
7215.2954,-2.1186562,-0.097717844,0.05756118,-0.033349592
8223.171,-2.1186562,-0.11212805,0.056440555,-0.02845088
9231.046,-2.1186562,-0.13505279,0.05313307,-0.022604518
10238.922,-2.1186562,-0.16385116,0.049858086,-0.016716298
11246.798,-2.1186562,-0.19450787,0.048386045,-0.011571629
12254.673,-2.1186562,-0.22297546,0.049025316,-0.0076942686
13262.548,-2.1186562,-0.24625242,0.0508537,-0.005319454
14270.424,-2.1186562,-0.2628906,0.052539326,-0.0044417977
15278.3,-2.1186562,-0.2729323,0.05311049,-0.004894955
16286.175,-2.1186562,-0.2774623,0.052328415,-0.006431414
17294.049,-2.1186562,-0.2780198,0.05062628,-0.008784426
18301.924,-2.1186562,-0.27608392,0.048774358,-0.011706416
19309.8,-2.1186562,-0.2727519,0.047483504,-0.014986396
20317.676,-2.1186562,-0.2686392,0.047120895,-0.018452823
21325.55,-2.1186562,-0.26395717,0.04761579,-0.021968598
22333.428,-2.1186562,-0.25868747,0.048546277,-0.025424536
23341.303,-2.1186562,-0.25276732,0.04933777,-0.028733715
24349.178,-2.1186562,-0.24622554,0.049482685,-0.031828795
25357.053,-2.1186562,-0.23923756,0.04870516,-0.034661394
26364.928,-2.1186562,-0.23210242,0.04702738,-0.037202455
27372.805,-2.1186562,-0.22516581,0.04473548,-0.039442375
28380.68,-2.1186562,-0.21872619,0.04226773,-0.041389596
29388.555,-2.1186562,-0.21295719,0.040074207,-0.04306765
30396.432,-2.1186562,-0.2078696,0.038487926,-0.04451025
31404.307,-2.1186562,-0.20332134,0.03764593,-0.045755938
32412.182,-2.1186562,-0.19906878,0.037472498,-0.04684227
33420.06,-2.1186562,-0.19484238,0.03772284,-0.047801368
34427.934,-2.1186562,-0.19042358,0.038067468,-0.04865701
35435.81,-2.1186562,-0.18570389,0.038190037,-0.04942376
36443.684,-2.1186562,-0.18071058,0.037871238,-0.05010841
37451.562,-2.1186562,-0.17559667,0.037039608,-0.05071276
38459.438,-2.1186562,-0.17059541,0.035778314,-0.051237833
39467.312,-2.1186562,-0.16595702,0.03429144,-0.051687855
40475.188,-2.1186562,-0.16188031,0.032841064,-0.052073978
41483.062,-2.1186562,-0.15845697,0.031674884,-0.052416213
42490.938,-2.1186562,-0.15564182,0.030962422,-0.052743964
43498.812,-2.1186562,-0.15325391,0.030754685,-0.05309428
44506.69,-2.1186562,-0.1510096,0.030977026,-0.053508602
45514.566,-2.1186562,-0.14857784,0.031454436,-0.05402798
46522.44,-2.1186562,-0.14564604,0.031959474,-0.054687873
47530.316,-2.1186562,-0.14198166,0.032272726,-0.05551304
48538.19,-2.1186562,-0.13747674,0.03223762,-0.056513526
49546.066,-2.1186562,-0.13216588,0.031797662,-0.057682283
50553.938,-2.1186562,-0.12621404,0.031006932,-0.058994822
51561.812,-2.1186562,-0.11987904,0.030012619,-0.06041138
52569.688,-2.1186562,-0.11345635,0.029014405,-0.06188093
53577.562,-2.1186562,-0.107218236,0.028210772,-0.06334697
54585.438,-2.1186562,-0.101361565,0.027747238,-0.0647541
55593.312,-2.1186562,-0.095975325,0.027678223,-0.06605469
56601.19,-2.1186562,-0.09103349,0.027952703,-0.06721453
57609.066,-2.1186562,-0.08641581,0.028427064,-0.0682168
58616.94,-2.1186562,-0.08194922,0.028903188,-0.06906369
59624.816,-2.1186562,-0.07746196,0.02918027,-0.0697755
60632.69,-2.1186562,-0.07283479,0.029109102,-0.07038719
61640.566,-2.1186562,-0.068039015,0.028634494,-0.07094298
62648.44,-2.1186562,-0.06314972,0.027813055,-0.07148968
63656.32,-2.1186562,-0.058331206,0.02680172,-0.072069995
64664.195,-2.1186562,-0.053796947,0.025819145,-0.07271646
65672.07,-2.1186562,-0.0497517,0.025087534,-0.07344732
66679.945,-2.1186562,-0.046332747,0.024771105,-0.0742647
67687.82,-2.1186562,-0.04356152,0.024926811,-0.07515577
68695.695,-2.1186562,-0.041322038,0.025482569,-0.07609608
69703.57,-2.1186562,-0.039372265,0.026250985,-0.07705487
70711.445,-2.1186562,-0.037389144,0.026976822,-0.07800147
71719.32,-2.1186562,-0.035037547,0.027408082,-0.07891081
72727.195,-2.1186562,-0.03204769,0.027370756,-0.079767995
73735.08,-2.1186562,-0.028281301,0.026825586,-0.080569945
74742.95,-2.1186562,-0.023767099,0.025887571,-0.08132483
75750.83,-2.1186562,-0.018694833,0.024796361,-0.082048446
76758.7,-2.1186562,-0.013365716,0.02384529,-0.08275919
77766.58,-2.1186562,-0.008109987,0.023282815,-0.0834724
78774.45,-2.1186562,-0.0031960756,0.023222512,-0.084195815
79782.33,-2.1186562,0.0012437105,0.023590663,-0.084927246
80790.2,-2.1186562,0.0052433163,0.024140323,-0.08565524
81798.08,-2.1186562,0.008976087,0.024534564,-0.08636294
82805.95,-2.1186562,0.012676194,0.024480484,-0.08703337
83813.83,-2.1186562,0.016532838,0.023865033,-0.08765527
84821.7,-2.1186562,0.020598888,0.022831984,-0.0882268
85829.58,-2.1186562,0.024755985,0.021751052,-0.08875578
86837.45,-2.1186562,0.028762609,0.021064162,-0.0892558
87845.33,-2.1186562,0.032376528,0.021055937,-0.08973992
88853.2,-2.1186562,0.035501122,0.021653825,-0.09021393
89861.08,-2.1186562,0.038274676,0.022391617,-0.09067356
90868.95,-2.1186562,0.04102528,0.022626957,-0.09110774
91876.83,-2.1186562,0.04407382,0.021972505,-0.09150758
92884.71,-2.1186562,0.047475964,0.020702176,-0.0918762
93892.586,-2.1186562,0.050902516,0.019749923,-0.09223149
94900.46,-2.1186562,0.053866312,0.020009533,-0.09259422
95908.336,-2.1186562,0.056279212,0.02119242,-0.09296593
96916.21,-2.1186562,0.058826238,0.021481793,-0.093318015
97924.086,-2.1186562,0.06220582,0.01977383,-0.09362737
98931.96,-2.1186562,0.065261096,0.019511638,-0.09394728
99939.836,-2.1186562,0.067928016,0.019662833,-0.09427089
160.16696,-1.5133266,-0.06659064,0.3256029,-0.035180334
1168.0425,-1.5133266,-0.08343835,0.10276017,-0.03739656
2175.918,-1.5133266,-0.09041761,0.09003896,-0.036566697
3183.7935,-1.5133266,-0.08962022,0.07732022,-0.03645873
4191.669,-1.5133266,-0.088163085,0.061415732,-0.036702212
5199.5444,-1.5133266,-0.08845065,0.054380402,-0.036430433
6207.42,-1.5133266,-0.09092125,0.054677233,-0.035162304
7215.2954,-1.5133266,-0.096165374,0.05583316,-0.032841474
8223.171,-1.5133266,-0.10496152,0.054231055,-0.029695475
9231.046,-1.5133266,-0.11754366,0.050329253,-0.026096508
10238.922,-1.5133266,-0.13316454,0.046452917,-0.022455182
11246.798,-1.5133266,-0.15024558,0.044456452,-0.019144744
12254.673,-1.5133266,-0.16690306,0.044694327,-0.016453959
13262.548,-1.5133266,-0.18151204,0.04625391,-0.014566105
14270.424,-1.5133266,-0.19306448,0.047787376,-0.013561096
15278.3,-1.5133266,-0.20124456,0.048295695,-0.013433412
16286.175,-1.5133266,-0.20628029,0.047513388,-0.014117118
17294.049,-1.5133266,-0.2086873,0.045854785,-0.015510514
18301.924,-1.5133266,-0.20902643,0.044079714,-0.017494742
19309.8,-1.5133266,-0.20774671,0.042896703,-0.019945035
20317.676,-1.5133266,-0.20513812,0.042673275,-0.022735206
21325.55,-1.5133266,-0.20137179,0.043337893,-0.025738861
22333.428,-1.5133266,-0.19658192,0.04446449,-0.028830312
23341.303,-1.5133266,-0.19094516,0.045469843,-0.031887367
24349.178,-1.5133266,-0.18472278,0.04583402,-0.034797296
25357.053,-1.5133266,-0.17825335,0.045268055,-0.037464987
26364.928,-1.5133266,-0.17190412,0.043782994,-0.03982147
27372.805,-1.5133266,-0.16599996,0.041658204,-0.04183075
28380.68,-1.5133266,-0.16075677,0.039331786,-0.043492712
29388.555,-1.5133266,-0.15623909,0.037259206,-0.044840932
30396.432,-1.5133266,-0.15235522,0.035784412,-0.045935545
31404.307,-1.5133266,-0.14888918,0.035057772,-0.046852116
32412.182,-1.5133266,-0.1455613,0.035017118,-0.04766844
33420.06,-1.5133266,-0.14209895,0.035427913,-0.048451945
34427.934,-1.5133266,-0.13830131,0.03596599,-0.049249705
35435.81,-1.5133266,-0.1340814,0.03631323,-0.05008302
36443.684,-1.5133266,-0.12947695,0.036242746,-0.050947223
37451.562,-1.5133266,-0.12462951,0.03566996,-0.05181669
38459.438,-1.5133266,-0.119738996,0.03466129,-0.052653734
39467.312,-1.5133266,-0.11500409,0.033403683,-0.0534196
40475.188,-1.5133266,-0.11056538,0.03214398,-0.05408558
41483.062,-1.5133266,-0.10646369,0.031118877,-0.05464158
42490.938,-1.5133266,-0.10262276,0.030493014,-0.055101186
43498.812,-1.5133266,-0.09885983,0.030318588,-0.055501886
44506.69,-1.5133266,-0.094921835,0.03052859,-0.05590052
45514.566,-1.5133266,-0.090538315,0.030959927,-0.056364853
46522.44,-1.5133266,-0.085478485,0.03139992,-0.056962762
47530.316,-1.5133266,-0.07960114,0.03164445,-0.0577509
48538.19,-1.5133266,-0.07288562,0.03154993,-0.058764964
49546.066,-1.5133266,-0.0654378,0.031069614,-0.060013063
50553.938,-1.5133266,-0.057470635,0.030262373,-0.061473455
51561.812,-1.5133266,-0.04926207,0.029275183,-0.06309708
52569.688,-1.5133266,-0.04110244,0.028303266,-0.06481417
53577.562,-1.5133266,-0.033240244,0.027537152,-0.06654429
54585.438,-1.5133266,-0.025839403,0.027113523,-0.06820773
55593.312,-1.5133266,-0.018957347,0.027077764,-0.06973667
56601.19,-1.5133266,-0.012546718,0.027372336,-0.07108417
57609.066,-1.5133266,-0.00648275,0.027850443,-0.07222974
58616.94,-1.5133266,-0.000606671,0.028314207,-0.07318071
59624.816,-1.5133266,0.0052226335,0.028567284,-0.07396908
60632.69,-1.5133266,0.01108323,0.028467245,-0.07464491
61640.566,-1.5133266,0.016960055,0.02796727,-0.07526722
62648.44,-1.5133266,0.022740602,0.027132314,-0.075893946
63656.32,-1.5133266,0.028236538,0.026125958,-0.07657308
64664.195,-1.5133266,0.03322901,0.025170542,-0.07733579
65672.07,-1.5133266,0.03752598,0.024488522,-0.07819319
66679.945,-1.5133266,0.041019708,0.024240587,-0.07913652
67687.82,-1.5133266,0.04372838,0.02447819,-0.08014101
68695.695,-1.5133266,0.045811087,0.025121242,-0.08117192
69703.57,-1.5133266,0.04754886,0.025974665,-0.08219192
70711.445,-1.5133266,0.049294636,0.026776511,-0.08316817
71719.32,-1.5133266,0.051400796,0.0272705,-0.0840775
72727.195,-1.5133266,0.054142296,0.027281256,-0.084909365
73735.08,-1.5133266,0.05765319,0.026771283,-0.085665874
74742.95,-1.5133266,0.061895326,0.025858954,-0.08635898
75750.83,-1.5133266,0.06666939,0.024788793,-0.08700636
76758.7,-1.5133266,0.07166825,0.02385856,-0.087626286
77766.58,-1.5133266,0.076560915,0.023320075,-0.08823354
78774.45,-1.5133266,0.08108334,0.023288215,-0.08883652
79782.33,-1.5133266,0.08511114,0.023688294,-0.08943663
80790.2,-1.5133266,0.08868757,0.024270786,-0.09002949
81798.08,-1.5133266,0.091995016,0.024696179,-0.09060745
82805.95,-1.5133266,0.09527561,0.024669355,-0.0911626
83813.83,-1.5133266,0.09872666,0.024075896,-0.091689
84821.7,-1.5133266,0.102409884,0.023060817,-0.0921841
85829.58,-1.5133266,0.10621673,0.021995638,-0.09264842
86837.45,-1.5133266,0.10991372,0.02132434,-0.09308489
87845.33,-1.5133266,0.113260746,0.021333082,-0.09349741
88853.2,-1.5133266,0.11615372,0.021948557,-0.09389006
89861.08,-1.5133266,0.11871311,0.022702377,-0.09426676
90868.95,-1.5133266,0.12124467,0.022949882,-0.09463081
91876.83,-1.5133266,0.124055296,0.022302918,-0.09498424
92884.71,-1.5133266,0.1272065,0.021037275,-0.09532671
93892.586,-1.5133266,0.13039625,0.020090923,-0.09565516
94900.46,-1.5133266,0.13316348,0.020360306,-0.09596656
95908.336,-1.5133266,0.13540924,0.021554757,-0.096263394
96916.21,-1.5133266,0.13775639,0.021850307,-0.09655687
97924.086,-1.5133266,0.14086467,0.020141203,-0.096855424
98931.96,-1.5133266,0.14369428,0.019884165,-0.09713911
99939.836,-1.5133266,0.14614671,0.02003987,-0.09741177
160.16696,-0.9079952,-0.03587974,0.32457536,-0.03528187
1168.0425,-0.9079952,-0.053414106,0.102385834,-0.036716156
2175.918,-0.9079952,-0.06540972,0.0895278,-0.035869967
3183.7935,-0.9079952,-0.06798411,0.076652996,-0.036040056
4191.669,-0.9079952,-0.06957345,0.060757745,-0.03613834
5199.5444,-0.9079952,-0.07312861,0.053794246,-0.035572346
6207.42,-0.9079952,-0.0777113,0.05406259,-0.034461785
7215.2954,-0.9079952,-0.08196343,0.05499381,-0.033094034
8223.171,-0.9079952,-0.08554975,0.052976407,-0.03163237
9231.046,-0.9079952,-0.0890021,0.048549477,-0.030105684
10238.922,-0.9079952,-0.09305136,0.04414454,-0.028505903
11246.798,-0.9079952,-0.09812175,0.041703515,-0.02686824
12254.673,-0.9079952,-0.10416805,0.041624747,-0.025294429
13262.548,-0.9079952,-0.110772125,0.042992942,-0.023930803
14270.424,-0.9079952,-0.117337964,0.044425957,-0.022929322
15278.3,-0.9079952,-0.12326883,0.04487773,-0.022413574
16286.175,-0.9079952,-0.1280739,0.04404342,-0.022460312
17294.049,-0.9079952,-0.13140897,0.042316727,-0.02309503
18301.924,-0.9079952,-0.13307783,0.040459752,-0.024296656
19309.8,-0.9079952,-0.13302171,0.039200343,-0.026005324
20317.676,-0.9079952,-0.13131106,0.038934138,-0.028129723
21325.55,-0.9079952,-0.1281403,0.039616685,-0.03055374
22333.428,-0.9079952,-0.12381684,0.040838398,-0.033143472
23341.303,-0.9079952,-0.11873682,0.042018488,-0.035756543
24349.178,-0.9079952,-0.113341905,0.042625252,-0.038254198
25357.053,-0.9079952,-0.10806213,0.04234746,-0.040515777
26364.928,-0.9079952,-0.103255235,0.041169494,-0.042452645
27372.805,-0.9079952,-0.0991547,0.03934544,-0.044019666
28380.68,-0.9079952,-0.09583922,0.037295025,-0.045220573
29388.555,-0.9079952,-0.0932315,0.035465844,-0.046105847
30396.432,-0.9079952,-0.091125846,0.034203824,-0.04676318
31404.307,-0.9079952,-0.08923878,0.03366994,-0.047301486
32412.182,-0.9079952,-0.087270916,0.033816867,-0.04783177
33420.06,-0.9079952,-0.08496675,0.034425568,-0.048448086
34427.934,-0.9079952,-0.082159206,0.03518323,-0.049212333
35435.81,-0.9079952,-0.07879184,0.035777055,-0.050145604
36443.684,-0.9079952,-0.074913055,0.03597681,-0.051227406
37451.562,-0.9079952,-0.07064807,0.035687666,-0.052402664
38459.438,-0.9079952,-0.06615506,0.03496073,-0.053595383
39467.312,-0.9079952,-0.06157574,0.033964798,-0.054725382
40475.188,-0.9079952,-0.056993484,0.03293038,-0.05572565
41483.062,-0.9079952,-0.05240667,0.032081716,-0.056556482
42490.938,-0.9079952,-0.04772395,0.03157659,-0.057214282
43498.812,-0.9079952,-0.042781092,0.031467877,-0.057733208
44506.69,-0.9079952,-0.037375733,0.031695284,-0.058179714
45514.566,-0.9079952,-0.031312354,0.032107294,-0.05864108
46522.44,-0.9079952,-0.024447009,0.032505266,-0.059210144
47530.316,-0.9079952,-0.016722731,0.032699086,-0.0599691
48538.19,-0.9079952,-0.008187436,0.03255722,-0.060975127
49546.066,-0.9079952,0.0010078475,0.03204097,-0.062250603
50553.938,-0.9079952,0.010632247,0.031212598,-0.06377905
51561.812,-0.9079952,0.020412907,0.030218463,-0.065508015
52569.688,-0.9079952,0.030079484,0.02925,-0.06735773
53577.562,-0.9079952,0.03940802,0.028492324,-0.06923369
54585.438,-0.9079952,0.04825169,0.028076265,-0.07104192
55593.312,-0.9079952,0.05655568,0.02804325,-0.07270276
56601.19,-0.9079952,0.06435095,0.02833387,-0.07416232
57609.066,-0.9079952,0.071729116,0.02880205,-0.075398624
58616.94,-0.9079952,0.07880624,0.029252794,-0.07642245
59624.816,-0.9079952,0.085681096,0.0294935,-0.077272534
60632.69,-0.9079952,0.092400104,0.029385958,-0.07800651
61640.566,-0.9079952,0.09893743,0.028885962,-0.078689486
62648.44,-0.9079952,0.105193965,0.028058853,-0.079382055
63656.32,-0.9079952,0.11101868,0.02706686,-0.08013065
64664.195,-0.9079952,0.11624599,0.026128663,-0.08096091
65672.07,-0.9079952,0.120742664,0.025462098,-0.08187594
66679.945,-0.9079952,0.12445111,0.025223903,-0.082858615
67687.82,-0.9079952,0.12742051,0.025461977,-0.083877504
68695.695,-0.9079952,0.12981293,0.02609606,-0.08489495
69703.57,-0.9079952,0.13188459,0.026933024,-0.08587509
70711.445,-0.9079952,0.13394158,0.027715588,-0.08679044
71719.32,-0.9079952,0.13627985,0.028193085,-0.0876259
72727.195,-0.9079952,0.13912311,0.028196026,-0.08837906
73735.08,-0.9079952,0.14257391,0.027690586,-0.08905811
74742.95,-0.9079952,0.14659163,0.026796702,-0.089677416
75750.83,-0.9079952,0.15100518,0.025757259,-0.09025279
76758.7,-0.9079952,0.155559,0.024865393,-0.09079754
77766.58,-0.9079952,0.15998316,0.024366852,-0.09132039
78774.45,-0.9079952,0.16406706,0.024370596,-0.09182554
79782.33,-0.9079952,0.16771673,0.024798106,-0.09231423
80790.2,-0.9079952,0.1709756,0.025398962,-0.09278702
81798.08,-0.9079952,0.17399935,0.02583557,-0.09324543
82805.95,-0.9079952,0.17699079,0.025817055,-0.09369187
83813.83,-0.9079952,0.18011427,0.025234122,-0.094128296
84821.7,-0.9079952,0.18342313,0.024234494,-0.09455404
85829.58,-0.9079952,0.18683244,0.023189552,-0.094964616
86837.45,-0.9079952,0.19015524,0.022539862,-0.09535263
87845.33,-0.9079952,0.19319798,0.022566345,-0.09571163
88853.2,-0.9079952,0.19587404,0.023191368,-0.09604103
89861.08,-0.9079952,0.19827434,0.023946015,-0.096349224
90868.95,-0.9079952,0.20063731,0.024189338,-0.09665171
91876.83,-0.9079952,0.20320396,0.023539362,-0.09696196
92884.71,-0.9079952,0.20602436,0.022276297,-0.09728008
93892.586,-0.9079952,0.2088632,0.02133657,-0.0975878
94900.46,-0.9079952,0.21135911,0.021609455,-0.097860776
95908.336,-0.9079952,0.2134308,0.022797938,-0.09809786
96916.21,-0.9079952,0.21555993,0.023081569,-0.098339655
97924.086,-0.9079952,0.21826239,0.02136676,-0.09862381
98931.96,-0.9079952,0.22073905,0.021107493,-0.098878935
99939.836,-0.9079952,0.22290508,0.021251079,-0.09910753
160.16696,-0.3026638,-0.0045165494,0.32352042,-0.03549271
1168.0425,-0.3026638,-0.020743396,0.10234908,-0.036085
2175.918,-0.3026638,-0.034526043,0.08968001,-0.035372972
3183.7935,-0.3026638,-0.038920365,0.07678439,-0.03581133
4191.669,-0.3026638,-0.042161852,0.060898986,-0.03587648
5199.5444,-0.3026638,-0.047275245,0.05398629,-0.03524232
6207.42,-0.3026638,-0.052548267,0.05425342,-0.03445156
7215.2954,-0.3026638,-0.05542261,0.05504697,-0.03399884
8223.171,-0.3026638,-0.054773573,0.05273868,-0.033968188
9231.046,-0.3026638,-0.051241204,0.04792065,-0.03412683
10238.922,-0.3026638,-0.04651473,0.04311305,-0.034164958
11246.798,-0.3026638,-0.042414077,0.04033835,-0.03388044
12254.673,-0.3026638,-0.040229455,0.04003707,-0.033246584
13262.548,-0.3026638,-0.040446535,0.041290075,-0.032386243
14270.424,-0.3026638,-0.042794436,0.0426742,-0.03150245
15278.3,-0.3026638,-0.046483465,0.043088816,-0.030807585
16286.175,-0.3026638,-0.05050489,0.04218152,-0.030473806
17294.049,-0.3026638,-0.0539001,0.040323004,-0.03060918
18301.924,-0.3026638,-0.055952225,0.038281366,-0.03125351
19309.8,-0.3026638,-0.05628308,0.03681577,-0.032385502
20317.676,-0.3026638,-0.054865625,0.036367226,-0.033933774
21325.55,-0.3026638,-0.05196956,0.036935903,-0.0357892
22333.428,-0.3026638,-0.048066407,0.03814611,-0.037817094
23341.303,-0.3026638,-0.04371781,0.039431214,-0.03987111
24349.178,-0.3026638,-0.03946715,0.04025273,-0.04180894
25357.053,-0.3026638,-0.035751827,0.040275276,-0.04350908
26364.928,-0.3026638,-0.03284591,0.03944858,-0.044886872
27372.805,-0.3026638,-0.030837085,0.037990008,-0.04590652
28380.68,-0.3026638,-0.029637609,0.03628875,-0.046586446
29388.555,-0.3026638,-0.02902206,0.03477215,-0.04699636
30396.432,-0.3026638,-0.02868244,0.033779383,-0.04724536
31404.307,-0.3026638,-0.028290033,0.033475883,-0.04746339
32412.182,-0.3026638,-0.027551327,0.033828117,-0.04777901
33420.06,-0.3026638,-0.026250228,0.03463324,-0.04829744
34427.934,-0.3026638,-0.024270039,0.03559395,-0.04908324
35435.81,-0.3026638,-0.021593958,0.036406964,-0.05015051
36443.684,-0.3026638,-0.018286318,0.03684496,-0.05146253
37451.562,-0.3026638,-0.0144598335,0.03680774,-0.05294046
38459.438,-0.3026638,-0.010237627,0.036335163,-0.0544796
39467.312,-0.3026638,-0.005716771,0.035582256,-0.055969752
40475.188,-0.3026638,-0.00094183534,0.03476488,-0.057315797
41483.062,-0.3026638,0.004107572,0.034096107,-0.058455095
42490.938,-0.3026638,0.009513475,0.033727154,-0.059368256
43498.812,-0.3026638,0.01540114,0.0337103,-0.060081687
44506.69,-0.3026638,0.02191063,0.03398989,-0.06066195
45514.566,-0.3026638,0.029164411,0.034422442,-0.06120278
46522.44,-0.3026638,0.037236966,0.034819797,-0.061807916
47530.316,-0.3026638,0.046132863,0.03500122,-0.06257238
48538.19,-0.3026638,0.055777274,0.03484246,-0.06356601
49546.066,-0.3026638,0.0660211,0.034308895,-0.06482181
50553.938,-0.3026638,0.07665804,0.033464417,-0.06633112
51561.812,-0.3026638,0.08745249,0.03245411,-0.06804619
52569.688,-0.3026638,0.098170124,0.03146667,-0.06988915
53577.562,-0.3026638,0.10860672,0.030685615,-0.071765885
54585.438,-0.3026638,0.11861098,0.030241614,-0.073581845
55593.312,-0.3026638,0.12809402,0.030178035,-0.075256996
56601.19,-0.3026638,0.1370284,0.030439358,-0.07673747
57609.066,-0.3026638,0.14543457,0.030884804,-0.07800181
58616.94,-0.3026638,0.15336007,0.031324252,-0.07906118
59624.816,-0.3026638,0.16085576,0.031568058,-0.07995382
60632.69,-0.3026638,0.16795492,0.03147786,-0.08073521
61640.566,-0.3026638,0.1746607,0.031005107,-0.08146609
62648.44,-0.3026638,0.18094379,0.030207636,-0.08220075
63656.32,-0.3026638,0.18675183,0.029236767,-0.08297758
64664.195,-0.3026638,0.19202836,0.028300688,-0.083814055
65672.07,-0.3026638,0.19673598,0.027608559,-0.08470643
66679.945,-0.3026638,0.200878,0.027312368,-0.085633524
67687.82,-0.3026638,0.20451316,0.027461682,-0.086564094
68695.695,-0.3026638,0.20775725,0.027983475,-0.087465115
69703.57,-0.3026638,0.2107713,0.02869773,-0.08830959
70711.445,-0.3026638,0.2137366,0.02936234,-0.08908155
71719.32,-0.3026638,0.21682203,0.029742444,-0.089777924
72727.195,-0.3026638,0.22015058,0.029680224,-0.09040661
73735.08,-0.3026638,0.22377454,0.02914798,-0.09098198
74742.95,-0.3026638,0.22766516,0.028263476,-0.09151944
75750.83,-0.3026638,0.23172113,0.027260955,-0.09203052
76758.7,-0.3026638,0.23579672,0.026419807,-0.0925203
77766.58,-0.3026638,0.23974,0.025971152,-0.09298781
78774.45,-0.3026638,0.24343467,0.026011687,-0.09342892
79782.33,-0.3026638,0.24683136,0.026456809,-0.09384058
80790.2,-0.3026638,0.24995819,0.027057068,-0.094224505
81798.08,-0.3026638,0.25290668,0.027482793,-0.09458845
82805.95,-0.3026638,0.25579485,0.027453821,-0.09494413
83813.83,-0.3026638,0.25871977,0.02687018,-0.09530249
84821.7,-0.3026638,0.2617169,0.025883825,-0.09566823
85829.58,-0.3026638,0.26474407,0.024862882,-0.09603609
86837.45,-0.3026638,0.26770052,0.024238918,-0.09639237
87845.33,-0.3026638,0.27047864,0.024281377,-0.096721314
88853.2,-0.3026638,0.27302536,0.024906376,-0.09701468
89861.08,-0.3026638,0.27538347,0.025646456,-0.097279176
90868.95,-0.3026638,0.27767712,0.025871277,-0.09753541
91876.83,-0.3026638,0.2800364,0.02521158,-0.09780593
92884.71,-0.3026638,0.28249428,0.023952585,-0.098096706
93892.586,-0.3026638,0.28493196,0.023022467,-0.09838595
94900.46,-0.3026638,0.28715932,0.023292845,-0.09863742
95908.336,-0.3026638,0.2891262,0.024458565,-0.0988404
96916.21,-0.3026638,0.2910781,0.024716472,-0.099042475
97924.086,-0.3026638,0.29329014,0.022998262,-0.0992998
98931.96,-0.3026638,0.29536557,0.022732794,-0.0995336
99939.836,-0.3026638,0.29724303,0.022852352,-0.09972809
160.16696,0.3026638,0.027486026,0.32247835,-0.035796236
1168.0425,0.3026638,0.013517849,0.10262582,-0.035481423
2175.918,0.3026638,0.0008441955,0.09042777,-0.03504365
3183.7935,0.3026638,-0.0037726574,0.07764263,-0.035729192
4191.669,0.3026638,-0.007276304,0.06177178,-0.035878126
5199.5444,0.3026638,-0.012350656,0.0548871,-0.035392847
6207.42,0.3026638,-0.017064247,0.055181503,-0.035031397
7215.2954,0.3026638,-0.018410575,0.05593988,-0.035355568
8223.171,0.3026638,-0.0148514025,0.053496584,-0.03637396
9231.046,0.3026638,-0.0069836155,0.048459932,-0.037699237
10238.922,0.3026638,0.0030840244,0.04340643,-0.038856503
11246.798,0.3026638,0.01281254,0.040422413,-0.039515767
12254.673,0.3026638,0.020170458,0.039988287,-0.03958025
13262.548,0.3026638,0.024144782,0.0411859,-0.03915835
14270.424,0.3026638,0.024803866,0.042559266,-0.038478605
15278.3,0.3026638,0.023034863,0.04295762,-0.03779876
16286.175,0.3026638,0.020130105,0.041982733,-0.037338756
17294.049,0.3026638,0.017373621,0.03998031,-0.03724518
18301.924,0.3026638,0.0157344,0.03772232,-0.037582576
19309.8,0.3026638,0.015708338,0.035998825,-0.038341694
20317.676,0.3026638,0.017307803,0.035297878,-0.039455142
21325.55,0.3026638,0.020160493,0.035670877,-0.04081559
22333.428,0.3026638,0.023669839,0.03678365,-0.04229322
23341.303,0.3026638,0.027187467,0.0380925,-0.043752827
24349.178,0.3026638,0.03015934,0.03906011,-0.045070227
25357.053,0.3026638,0.03222265,0.03933243,-0.046147976
26364.928,0.3026638,0.03324644,0.038826514,-0.0469285
27372.805,0.3026638,0.03331966,0.037721835,-0.047402717
28380.68,0.3026638,0.03270133,0.03637184,-0.04761239
29388.555,0.3026638,0.031750314,0.035177115,-0.04764448
30396.432,0.3026638,0.03085048,0.03446191,-0.04761811
31404.307,0.3026638,0.03034708,0.03438953,-0.047665972
32412.182,0.3026638,0.030501414,0.034933068,-0.04791266
33420.06,0.3026638,0.031469285,0.035903335,-0.04845464
34427.934,0.3026638,0.033301316,0.03701717,-0.049344398
35435.81,0.3026638,0.03596066,0.037983663,-0.05058242
36443.684,0.3026638,0.039352726,0.038582556,-0.05211814
37451.562,0.3026638,0.04335759,0.0387152,-0.05385956
38459.438,0.3026638,0.047861576,0.038418,-0.055689532
39467.312,0.3026638,0.052780684,0.03783898,-0.05748621
40475.188,0.3026638,0.058074545,0.03718623,-0.059143305
41483.062,0.3026638,0.06374939,0.03666568,-0.060587067
42490.938,0.3026638,0.06985131,0.03642419,-0.061786912
43498.812,0.3026638,0.07645271,0.03651259,-0.06275821
44506.69,0.3026638,0.08363396,0.036876217,-0.063557
45514.566,0.3026638,0.09146426,0.03737457,-0.06426801
46522.44,0.3026638,0.09998508,0.037822366,-0.064988166
47530.316,0.3026638,0.10919736,0.038041085,-0.06580909
48538.19,0.3026638,0.11905468,0.037907235,-0.066801175
49546.066,0.3026638,0.12946309,0.037385345,-0.06800236
50553.938,0.3026638,0.14028619,0.0365374,-0.06941313
51561.812,0.3026638,0.15135601,0.03550701,-0.07099841
52569.688,0.3026638,0.16248591,0.034483086,-0.07269526
53577.562,0.3026638,0.17348626,0.033651635,-0.074425206
54585.438,0.3026638,0.1841794,0.033149056,-0.07610826
55593.312,0.3026638,0.19441216,0.033026766,-0.07767611
56601.19,0.3026638,0.20406649,0.03323891,-0.07908247
57609.066,0.3026638,0.21306524,0.033653393,-0.080308154
58616.94,0.3026638,0.22137435,0.03408597,-0.08136129
59624.816,0.3026638,0.22900024,0.034348167,-0.08227194
60632.69,0.3026638,0.23598439,0.034296956,-0.08308367
61640.566,0.3026638,0.24239478,0.033873245,-0.08384296
62648.44,0.3026638,0.24831578,0.033119723,-0.084589586
63656.32,0.3026638,0.2538377,0.032170616,-0.08534927
64664.195,0.3026638,0.2590477,0.031218382,-0.08613047
65672.07,0.3026638,0.2640218,0.030461108,-0.0869252
66679.945,0.3026638,0.2688197,0.030047636,-0.08771372
67687.82,0.3026638,0.2734829,0.030033015,-0.088471554
68695.695,0.3026638,0.2780353,0.030359024,-0.08917694
69703.57,0.3026638,0.28248605,0.03086638,-0.089816734
70711.445,0.3026638,0.28683406,0.0313372,-0.09038978
71719.32,0.3026638,0.29107314,0.031558238,-0.090906255
72727.195,0.3026638,0.2951962,0.031387456,-0.09138388
73735.08,0.3026638,0.2991988,0.030802872,-0.09184217
74742.95,0.3026638,0.3030801,0.02991768,-0.09229612
75750.83,0.3026638,0.3068425,0.02895173,-0.09275204
76758.7,0.3026638,0.31048977,0.028164323,-0.093205936
77766.58,0.3026638,0.31402546,0.027766012,-0.09364603
78774.45,0.3026638,0.3174504,0.027837766,-0.094058
79782.33,0.3026638,0.32076305,0.028288135,-0.094431326
80790.2,0.3026638,0.3239609,0.028870983,-0.09476466
81798.08,0.3026638,0.32704318,0.029267702,-0.09506762
82805.95,0.3026638,0.3300136,0.02921351,-0.09535792
83813.83,0.3026638,0.33288234,0.028620481,-0.09565481
84821.7,0.3026638,0.33566535,0.027644828,-0.09597067
85829.58,0.3026638,0.33838034,0.026649032,-0.096304946
86837.45,0.3026638,0.34103972,0.026051078,-0.09664327
87845.33,0.3026638,0.34364483,0.02610623,-0.096964024
88853.2,0.3026638,0.34618258,0.02672261,-0.09724974
89861.08,0.3026638,0.3486296,0.02743754,-0.09749841
90868.95,0.3026638,0.35096347,0.027635645,-0.09772686
91876.83,0.3026638,0.3531782,0.026963787,-0.097961664
92884.71,0.3026638,0.35529357,0.025712166,-0.09821922
93892.586,0.3026638,0.3573478,0.024794564,-0.0984883
94900.46,0.3026638,0.35936797,0.025058655,-0.09873373
95908.336,0.3026638,0.3613346,0.026191212,-0.09893092
96916.21,0.3026638,0.36318257,0.026416901,-0.09910745
97924.086,0.3026638,0.36488912,0.024701418,-0.09932188
98931.96,0.3026638,0.3665913,0.024429176,-0.09953914
99939.836,0.3026638,0.36823216,0.024520116,-0.09971006
160.16696,0.9079952,0.060074575,0.3215319,-0.036158025
1168.0425,0.9079952,0.048387893,0.10320728,-0.03488698
2175.918,0.9079952,0.039051898,0.09168762,-0.03483863
3183.7935,0.9079952,0.0355997,0.079119444,-0.03573934
4191.669,0.9079952,0.032977045,0.06327443,-0.036069717
5199.5444,0.9079952,0.029177956,0.05640367,-0.03590624
6207.42,0.9079952,0.025932983,0.05675292,-0.036019385
7215.2954,0.9079952,0.026043504,0.05757394,-0.03691444
8223.171,0.9079952,0.031085506,0.055151448,-0.03854338
9231.046,0.9079952,0.04059942,0.050074223,-0.040478013
10238.922,0.9079952,0.05253534,0.044937465,-0.042212598
11246.798,0.9079952,0.064280175,0.04186625,-0.04339081
12254.673,0.9079952,0.073647656,0.041374374,-0.043895297
13262.548,0.9079952,0.0794798,0.0425544,-0.04382284
14270.424,0.9079952,0.081769645,0.04393458,-0.043400086
15278.3,0.9079952,0.081407525,0.044331152,-0.042889886
16286.175,0.9079952,0.07973178,0.043310747,-0.042518117
17294.049,0.9079952,0.07806674,0.04119639,-0.042433236
18301.924,0.9079952,0.07737678,0.038757913,-0.042694885
19309.8,0.9079952,0.078098506,0.03680496,-0.043283977
20317.676,0.9079952,0.08014646,0.035861723,-0.044123244
21325.55,0.9079952,0.08304797,0.03602223,-0.04510184
22333.428,0.9079952,0.08614273,0.03699051,-0.046098065
23341.303,0.9079952,0.08878314,0.038249314,-0.04699922
24349.178,0.9079952,0.09049143,0.039271124,-0.047717042
25357.053,0.9079952,0.091045655,0.039693948,-0.048198637
26364.928,0.9079952,0.090494156,0.039414033,-0.04843291
27372.805,0.9079952,0.089110345,0.03858156,-0.048451692
28380.68,0.9079952,0.08731077,0.037518848,-0.048325643
29388.555,0.9079952,0.08556178,0.03659931,-0.048154812
30396.432,0.9079952,0.084294744,0.03612752,-0.04805489
31404.307,0.9079952,0.08384559,0.03625609,-0.04814101
32412.182,0.9079952,0.084423155,0.036956325,-0.048511073
33420.06,0.9079952,0.086106196,0.038043942,-0.049231462
34427.934,0.9079952,0.08886277,0.039244875,-0.050327204
35435.81,0.9079952,0.0925819,0.040279064,-0.051778525
36443.684,0.9079952,0.097109996,0.040936064,-0.053524006
37451.562,0.9079952,0.102283865,0.041125484,-0.055470314
38459.438,0.9079952,0.1079551,0.0408891,-0.057506252
39467.312,0.9079952,0.114006616,0.040378302,-0.059519365
40475.188,0.9079952,0.12035912,0.039802335,-0.06141199
41483.062,0.9079952,0.12697072,0.039367236,-0.06311426
42490.938,0.9079952,0.13383311,0.039219253,-0.06459217
43498.812,0.9079952,0.14096507,0.039407283,-0.065849446
44506.69,0.9079952,0.14840545,0.039874054,-0.06692339
45514.566,0.9079952,0.15620576,0.04047528,-0.06787561
46522.44,0.9079952,0.1644213,0.041020364,-0.068779595
47530.316,0.9079952,0.17310275,0.041324593,-0.06970722
48538.19,0.9079952,0.18228418,0.04125745,-0.07071666
49546.066,0.9079952,0.19197173,0.040777415,-0.071843706
50553.938,0.9079952,0.20213245,0.039941877,-0.0730975
51561.812,0.9079952,0.2126853,0.0388932,-0.07446128
52569.688,0.9079952,0.22349791,0.037823193,-0.07589764
53577.562,0.9079952,0.23439026,0.036924824,-0.077356756
54585.438,0.9079952,0.2451475,0.036345158,-0.07878621
55593.312,0.9079952,0.2555396,0.036148526,-0.080140136
56601.19,0.9079952,0.2653489,0.03630197,-0.08138629
57609.066,0.9079952,0.27439776,0.036683455,-0.08250969
58616.94,0.9079952,0.282576,0.037114434,-0.083512604
59624.816,0.9079952,0.289859,0.037405375,-0.08441103
60632.69,0.9079952,0.29631454,0.037404545,-0.08522885
61640.566,0.9079952,0.30209526,0.037038174,-0.085991114
62648.44,0.9079952,0.30741578,0.036330134,-0.086717725
63656.32,0.9079952,0.31251913,0.035394832,-0.087419465
64664.195,0.9079952,0.3176363,0.034407906,-0.08809656
65672.07,0.9079952,0.32294652,0.033557124,-0.08874044
66679.945,0.9079952,0.32854682,0.032990217,-0.089337856
67687.82,0.9079952,0.33443618,0.032771323,-0.08987629
68695.695,0.9079952,0.3405189,0.032860674,-0.09034904
69703.57,0.9079952,0.34662753,0.0331233,-0.09075892
70711.445,0.9079952,0.35256028,0.03336803,-0.09111904
71719.32,0.9079952,0.3581258,0.033404745,-0.09145063
72727.195,0.9079952,0.36318663,0.033106826,-0.09177836
73735.08,0.9079952,0.36768854,0.032456882,-0.092124134
74742.95,0.9079952,0.37167045,0.031561293,-0.09250137
75750.83,0.9079952,0.37525082,0.03062338,-0.09291136
76758.7,0.9079952,0.37859288,0.029880635,-0.09334271
77766.58,0.9079952,0.38185972,0.02952234,-0.09377478
78774.45,0.9079952,0.38516754,0.029613808,-0.094184116
79782.33,0.9079952,0.3885557,0.030057475,-0.094551906
80790.2,0.9079952,0.39198226,0.030611848,-0.094870634
81798.08,0.9079952,0.39534575,0.030970944,-0.095146984
82805.95,0.9079952,0.39853144,0.030884959,-0.0954
83813.83,0.9079952,0.4014635,0.030277956,-0.09565433
84821.7,0.9079952,0.40414318,0.029309586,-0.0959308
85829.58,0.9079952,0.40665388,0.028335126,-0.09623741
86837.45,0.9079952,0.40912566,0.027758839,-0.09656539
87845.33,0.9079952,0.41166842,0.02782156,-0.09689209
88853.2,0.9079952,0.4143039,0.028424976,-0.097191565
89861.08,0.9079952,0.41693562,0.029112004,-0.09744811
90868.95,0.9079952,0.41939086,0.029283142,-0.097666375
91876.83,0.9079952,0.4215303,0.028601328,-0.097870454
92884.71,0.9079952,0.42337105,0.027359802,-0.09808903
93892.586,0.9079952,0.42511928,0.02645582,-0.09833306
94900.46,0.9079952,0.42702284,0.026712649,-0.09858181
95908.336,0.9079952,0.42908072,0.027811341,-0.09879593
96916.21,0.9079952,0.4308999,0.028007828,-0.09896025
97924.086,0.9079952,0.43216282,0.02630148,-0.09911811
98931.96,0.9079952,0.43357885,0.026024308,-0.099319875
99939.836,0.9079952,0.43506467,0.02609069,-0.09947625
160.16696,1.5133266,0.093157835,0.3207898,-0.036531232
1168.0425,1.5133266,0.083071664,0.104100205,-0.034291636
2175.918,1.5133266,0.078434244,0.09337273,-0.03471289
3183.7935,1.5133266,0.07711297,0.08108872,-0.03578794
4191.669,1.5133266,0.076092586,0.065289065,-0.036359973
5199.5444,1.5133266,0.07429379,0.05843385,-0.03662327
6207.42,1.5133266,0.072997235,0.05886259,-0.03719317
7215.2954,1.5133266,0.07431713,0.059821885,-0.03842588
8223.171,1.5133266,0.07954337,0.05754663,-0.04024418
9231.046,1.5133266,0.088388845,0.052581422,-0.04228128
10238.922,1.5133266,0.0992268,0.04750505,-0.044113144
11246.798,1.5133266,0.10989243,0.044452928,-0.045437645
12254.673,1.5133266,0.11853499,0.043961085,-0.046151362
13262.548,1.5133266,0.12417224,0.04514047,-0.046335854
14270.424,1.5133266,0.1268248,0.04652502,-0.046190213
15278.3,1.5133266,0.12729768,0.046923134,-0.045949064
16286.175,1.5133266,0.1267701,0.04588551,-0.045813274
17294.049,1.5133266,0.12636812,0.04371896,-0.045907974
18301.924,1.5133266,0.12685071,0.041184902,-0.046269342
19309.8,1.5133266,0.12846994,0.03909572,-0.046855025
20317.676,1.5133266,0.13100229,0.037989866,-0.04756917
21325.55,1.5133266,0.13390315,0.037983604,-0.048293095
22333.428,1.5133266,0.13651685,0.03880667,-0.048914164
23341.303,1.5133266,0.13827546,0.03996471,-0.049348213
24349.178,1.5133266,0.1388421,0.040946074,-0.049553104
25357.053,1.5133266,0.1381745,0.04139537,-0.049533367
26364.928,1.5133266,0.13651133,0.04120534,-0.049336817
27372.805,1.5133266,0.13429987,0.04051368,-0.049045127
28380.68,1.5133266,0.1320918,0.039624713,-0.048760798
29388.555,1.5133266,0.13043663,0.03889078,-0.04859258
30396.432,1.5133266,0.12979339,0.0385961,-0.048641108
31404.307,1.5133266,0.1304748,0.03887572,-0.04898692
32412.182,1.5133266,0.13262713,0.039688908,-0.04968163
33420.06,1.5133266,0.1362406,0.04084517,-0.050743148
34427.934,1.5133266,0.14118186,0.042070266,-0.0521551
35435.81,1.5133266,0.14723575,0.04308965,-0.05387049
36443.684,1.5133266,0.15414831,0.04370302,-0.055818353
37451.562,1.5133266,0.16166085,0.043832257,-0.05791309
38459.438,1.5133266,0.16953588,0.04353353,-0.06006456
39467.312,1.5133266,0.1775718,0.04297144,-0.062188137
40475.188,1.5133266,0.18560982,0.042366922,-0.06421318
41483.062,1.5133266,0.19353722,0.0419346,-0.06608913
42490.938,1.5133266,0.20128872,0.041823998,-0.067788586
43498.812,1.5133266,0.2088469,0.042083465,-0.06930711
44506.69,1.5133266,0.21624258,0.042650178,-0.07066026
45514.566,1.5133266,0.22355293,0.043369874,-0.0718783
46522.44,1.5133266,0.23089415,0.04403907,-0.07299971
47530.316,1.5133266,0.23840827,0.04445927,-0.07406435
48538.19,1.5133266,0.24624306,0.04448712,-0.075107574
49546.066,1.5133266,0.25452584,0.044070244,-0.076155685
50553.938,1.5133266,0.26333645,0.04326029,-0.07722359
51561.812,1.5133266,0.27268282,0.042198986,-0.07831456
52569.688,1.5133266,0.28248465,0.041082855,-0.07942189
53577.562,1.5133266,0.2925719,0.040115256,-0.08053197
54585.438,1.5133266,0.30269837,0.039456442,-0.08162792
55593.312,1.5133266,0.31257176,0.039185327,-0.08269316
56601.19,1.5133266,0.32189697,0.039282214,-0.08371411
57609.066,1.5133266,0.33042324,0.039634615,-0.08468172
58616.94,1.5133266,0.3379914,0.04006727,-0.08559158
59624.816,1.5133266,0.3445666,0.040386718,-0.08644279
60632.69,1.5133266,0.35025266,0.040431827,-0.08723624
61640.566,1.5133266,0.35528135,0.040113043,-0.08797248
62648.44,1.5133266,0.35997742,0.039436065,-0.08865019
63656.32,1.5133266,0.36470342,0.03849823,-0.08926557
64664.195,1.5133266,0.3697942,0.037461393,-0.08981304
65672.07,1.5133266,0.3754936,0.03650704,-0.090286836
66679.945,1.5133266,0.38190502,0.03578447,-0.09068375
67687.82,1.5133266,0.38896894,0.035368215,-0.09100559
68695.695,1.5133266,0.39647204,0.03523636,-0.09126137
69703.57,1.5133266,0.40408874,0.035275985,-0.09146787
70711.445,1.5133266,0.41144717,0.03531769,-0.091648474
71719.32,1.5133266,0.4182069,0.035190187,-0.09183037
72727.195,1.5133266,0.42413062,0.034777813,-0.09203992
73735.08,1.5133266,0.42913324,0.034065157,-0.09229773
74742.95,1.5133266,0.43329498,0.033151064,-0.09261421
75750.83,1.5133266,0.43683442,0.032224797,-0.09298705
76758.7,1.5133266,0.44004583,0.031506002,-0.09340107
77766.58,1.5133266,0.44321802,0.031167138,-0.093831465
78774.45,1.5133266,0.44655484,0.03126239,-0.0942498
79782.33,1.5133266,0.4501224,0.03169059,-0.09463099
80790.2,1.5133266,0.45384118,0.03221441,-0.09496051
81798.08,1.5133266,0.4575274,0.03253802,-0.095238596
82805.95,1.5133266,0.4609734,0.03242321,-0.095480405
83813.83,1.5133266,0.4640387,0.031802297,-0.09571147
84821.7,1.5133266,0.46671784,0.030836256,-0.09595881
85829.58,1.5133266,0.4691495,0.029874753,-0.096240655
86837.45,1.5133266,0.47155678,0.029311031,-0.0965582
87845.33,1.5133266,0.47413158,0.029375663,-0.09689337
88853.2,1.5133266,0.4769173,0.029966442,-0.09721505
89861.08,1.5133266,0.47975564,0.030631667,-0.097492844
90868.95,1.5133266,0.48235533,0.030784195,-0.097713925
91876.83,1.5133266,0.48447806,0.03009794,-0.09789355
92884.71,1.5133266,0.48614788,0.028866783,-0.09807055
93892.586,1.5133266,0.48770964,0.02797435,-0.09828344
94900.46,1.5133266,0.48958185,0.02822585,-0.09853569
95908.336,1.5133266,0.49176732,0.029300164,-0.098777026
96916.21,1.5133266,0.4936063,0.029479135,-0.09893875
97924.086,1.5133266,0.49455917,0.02778577,-0.09903459
98931.96,1.5133266,0.495808,0.02750749,-0.09921792
99939.836,1.5133266,0.4972209,0.02756031,-0.09936534
160.16696,2.1186562,0.12661551,0.32036683,-0.036864515
1168.0425,2.1186562,0.11703238,0.1053219,-0.033696692
2175.918,2.1186562,0.11754244,0.09540502,-0.034628935
3183.7935,2.1186562,0.11876903,0.083426915,-0.035832357
4191.669,2.1186562,0.11957132,0.06770007,-0.0366594
5199.5444,2.1186562,0.11995192,0.060880814,-0.037377723
6207.42,2.1186562,0.12065549,0.0614092,-0.038336255
7215.2954,2.1186562,0.12282662,0.06254794,-0.039687783
8223.171,2.1186562,0.12724069,0.060495924,-0.041354507
9231.046,2.1186562,0.13377734,0.055745568,-0.04310718
10238.922,2.1186562,0.14145495,0.050835133,-0.044681787
11246.798,2.1186562,0.14889927,0.04788326,-0.045881774
12254.673,2.1186562,0.1549195,0.047432624,-0.046635088
13262.548,2.1186562,0.15891549,0.048615128,-0.046999067
14270.424,2.1186562,0.16098902,0.049989667,-0.04712318
15278.3,2.1186562,0.16178423,0.05038262,-0.047190264
16286.175,2.1186562,0.16217464,0.049352102,-0.04735799
17294.049,2.1186562,0.16293415,0.04720019,-0.047716998
18301.924,2.1186562,0.16450106,0.044676207,-0.0482743
19309.8,2.1186562,0.16688965,0.042577587,-0.048961777
20317.676,2.1186562,0.16974393,0.04143168,-0.04966333
21325.55,2.1186562,0.17249249,0.041350834,-0.05025097
22333.428,2.1186562,0.17454243,0.042069737,-0.050619625
23341.303,2.1186562,0.1754565,0.043107882,-0.05071307
24349.178,2.1186562,0.17506762,0.043972027,-0.050536305
25357.053,2.1186562,0.17351848,0.04432624,-0.05015356
26364.928,2.1186562,0.17122489,0.044079028,-0.04967466
27372.805,2.1186562,0.16878627,0.04337679,-0.04923379
28380.68,2.1186562,0.16686982,0.04252388,-0.04896606
29388.555,2.1186562,0.16609639,0.041863136,-0.04898635
30396.432,2.1186562,0.16695035,0.041661825,-0.04937417
31404.307,2.1186562,0.16972443,0.042034596,-0.050166078
32412.182,2.1186562,0.17450377,0.04291923,-0.05135581
33420.06,2.1186562,0.18118271,0.044107564,-0.05290088
34427.934,2.1186562,0.18950447,0.045314472,-0.05473323
35435.81,2.1186562,0.19911143,0.046262614,-0.056771543
36443.684,2.1186562,0.2095969,0.046758,-0.05893301
37451.562,2.1186562,0.22054859,0.046736598,-0.06114241
38459.438,2.1186562,0.23158348,0.04627392,-0.06333808
39467.312,2.1186562,0.24237101,0.04555571,-0.06547405
40475.188,2.1186562,0.25264838,0.044823296,-0.06751951
41483.062,2.1186562,0.26223007,0.04430643,-0.069455996
42490.938,2.1186562,0.27101314,0.044163786,-0.071273655
43498.812,2.1186562,0.27898085,0.044444427,-0.07296793
44506.69,2.1186562,0.2862009,0.04507892,-0.07453692
45514.566,2.1186562,0.29281965,0.045899667,-0.07598
46522.44,2.1186562,0.2990477,0.046686366,-0.07729794
47530.316,2.1186562,0.30513713,0.04722237,-0.07849365
48538.19,2.1186562,0.3113497,0.04734762,-0.07957347
49546.066,2.1186562,0.31792098,0.046997726,-0.08054821
50553.938,2.1186562,0.32502246,0.046217777,-0.08143346
51561.812,2.1186562,0.33273047,0.04514958,-0.082249
52569.688,2.1186562,0.34100652,0.043995984,-0.083017
53577.562,2.1186562,0.3496964,0.042970587,-0.08375974
54585.438,2.1186562,0.3585486,0.04224672,-0.084496796
55593.312,2.1186562,0.36725223,0.041916136,-0.08524235
56601.19,2.1186562,0.37548935,0.04196886,-0.086003244
57609.066,2.1186562,0.38299263,0.0422986,-0.08677805
58616.94,2.1186562,0.38959986,0.042730067,-0.08755725
59624.816,2.1186562,0.3952908,0.04306532,-0.08832467
60632.69,2.1186562,0.40020236,0.0431332,-0.08906
61640.566,2.1186562,0.40461248,0.0428329,-0.08974153
62648.44,2.1186562,0.40889725,0.042157546,-0.0903494
63656.32,2.1186562,0.41346425,0.041194573,-0.09086836
64664.195,2.1186562,0.41867644,0.040099584,-0.091289945
65672.07,2.1186562,0.4247796,0.039053082,-0.09161359
66679.945,2.1186562,0.43184793,0.038209066,-0.09184703
67687.82,2.1186562,0.43976265,0.03765145,-0.092005685
68695.695,2.1186562,0.448228,0.03737049,-0.092111066
69703.57,2.1186562,0.45682397,0.037266478,-0.092188746
70711.445,2.1186562,0.4650883,0.037181944,-0.092265904
71719.32,2.1186562,0.47260833,0.036953405,-0.0923684
72727.195,2.1186562,0.47910506,0.036468852,-0.09251808
73735.08,2.1186562,0.48448792,0.035711564,-0.092729926
74742.95,2.1186562,0.4888664,0.0347743,-0.09300997
75750.83,2.1186562,0.49251395,0.033838067,-0.09335412
76758.7,2.1186562,0.49579018,0.03311397,-0.0937481
77766.58,2.1186562,0.49904326,0.03276743,-0.09416947
78774.45,2.1186562,0.5025147,0.032848794,-0.094591156
79782.33,2.1186562,0.50627947,0.033256456,-0.094986886
80790.2,2.1186562,0.5102377,0.03375631,-0.095337
81798.08,2.1186562,0.51416725,0.03405732,-0.09563382
82805.95,2.1186562,0.5178189,0.03392517,-0.095884465
83813.83,2.1186562,0.52102613,0.03329467,-0.096109726
84821.7,2.1186562,0.5237833,0.03232569,-0.09633812
85829.58,2.1186562,0.52625626,0.0313648,-0.09659601
86837.45,2.1186562,0.52870846,0.030800661,-0.096896194
87845.33,2.1186562,0.5313653,0.030861199,-0.097229876
88853.2,2.1186562,0.534275,0.03144397,-0.09756652
89861.08,2.1186562,0.53724927,0.032100856,-0.09786503
90868.95,2.1186562,0.53994554,0.032249346,-0.09809475
91876.83,2.1186562,0.5420871,0.0315661,-0.09825746
92884.71,2.1186562,0.5437082,0.030342666,-0.09839587
93892.586,2.1186562,0.54521924,0.029456396,-0.09857255
94900.46,2.1186562,0.5471112,0.029706411,-0.09881849
95908.336,2.1186562,0.5493797,0.030773811,-0.099081285
96916.21,2.1186562,0.5512419,0.030952636,-0.09924447
97924.086,2.1186562,0.5520699,0.029272046,-0.09928468
98931.96,2.1186562,0.5532714,0.028996691,-0.09944347
99939.836,2.1186562,0.55466914,0.029050862,-0.09958309
160.16696,2.7239876,0.16030848,0.32036236,-0.037110567
1168.0425,2.7239876,0.15001154,0.10689426,-0.03311528
2175.918,2.7239876,0.15531242,0.097723566,-0.03456328
3183.7935,2.7239876,0.15892804,0.08603172,-0.035848908
4191.669,2.7239876,0.16129783,0.0704104,-0.03689898
5199.5444,2.7239876,0.16356863,0.06366381,-0.03803061
6207.42,2.7239876,0.16597621,0.06430651,-0.039280016
7215.2954,2.7239876,0.16860338,0.06562805,-0.040580858
8223.171,2.7239876,0.17160523,0.06381552,-0.04187712
9231.046,2.7239876,0.17500827,0.059320748,-0.04311895
10238.922,2.7239876,0.17856088,0.054632656,-0.044240735
11246.798,2.7239876,0.18181777,0.051832452,-0.045172457
12254.673,2.7239876,0.18437132,0.0514514,-0.045874625
13262.548,2.7239876,0.18606472,0.052638095,-0.046368014
14270.424,2.7239876,0.18707131,0.053986464,-0.046735607
15278.3,2.7239876,0.18781649,0.05436249,-0.04709505
16286.175,2.7239876,0.18879783,0.053352978,-0.047554996
17294.049,2.7239876,0.19038722,0.05127006,-0.048173673
18301.924,2.7239876,0.19269016,0.048851244,-0.04893635
19309.8,2.7239876,0.19550715,0.04686691,-0.049757905
20317.676,2.7239876,0.1983951,0.045810666,-0.05050839
21325.55,2.7239876,0.20080397,0.045765553,-0.05105245
22333.428,2.7239876,0.20223762,0.046449576,-0.051289417
23341.303,2.7239876,0.20239726,0.047381923,-0.05118386
24349.178,2.7239876,0.20127207,0.048085634,-0.050778598
25357.053,2.7239876,0.19915952,0.048252437,-0.05018851
26364.928,2.7239876,0.1966194,0.04782264,-0.049578324
27372.805,2.7239876,0.19437912,0.04697143,-0.049130563
28380.68,2.7239876,0.19321239,0.046021454,-0.049011678
29388.555,2.7239876,0.19381931,0.045321047,-0.049343795
30396.432,2.7239876,0.19672833,0.045128778,-0.05018722
31404.307,2.7239876,0.20223314,0.045539208,-0.051535886
32412.182,2.7239876,0.21037045,0.04646402,-0.053325348
33420.06,2.7239876,0.2209346,0.047668558,-0.05545004
34427.934,2.7239876,0.23352057,0.048846543,-0.057785247
35435.81,2.7239876,0.24758527,0.049708843,-0.06020894
36443.684,2.7239876,0.2625144,0.050060987,-0.06261963
37451.562,2.7239876,0.27768645,0.049850006,-0.064946786
38459.438,2.7239876,0.2925272,0.049170487,-0.06715387
39467.312,2.7239876,0.3065516,0.04823268,-0.0692337
40475.188,2.7239876,0.31939232,0.047301706,-0.071199164
41483.062,2.7239876,0.33081537,0.04662753,-0.073071286
42490.938,2.7239876,0.34072423,0.04638157,-0.07486822
43498.812,2.7239876,0.34915465,0.04661659,-0.0765972
44506.69,2.7239876,0.3562616,0.047257744,-0.078250654
45514.566,2.7239876,0.36229557,0.048125505,-0.0798077
46522.44,2.7239876,0.3675744,0.048983097,-0.081239
47530.316,2.7239876,0.37244707,0.049595803,-0.08251462
48538.19,2.7239876,0.37725395,0.049788326,-0.08361201
49546.066,2.7239876,0.38228852,0.049485296,-0.0845229
50553.938,2.7239876,0.3877617,0.04872638,-0.08525694
51561.812,2.7239876,0.39377683,0.047653913,-0.08584176
52569.688,2.7239876,0.40031898,0.04647627,-0.08631922
53577.562,2.7239876,0.40726078,0.045414887,-0.08673886
54585.438,2.7239876,0.41438746,0.044651736,-0.08714982
55593.312,2.7239876,0.4214359,0.044286,-0.087592684
56601.19,2.7239876,0.42814487,0.044311844,-0.088093385
57609.066,2.7239876,0.43430716,0.044623207,-0.088659525
58616.94,2.7239876,0.43981394,0.045042362,-0.08928066
59624.816,2.7239876,0.44468468,0.04536623,-0.08993124
60632.69,2.7239876,0.4490727,0.045417912,-0.0905766
61640.566,2.7239876,0.45324576,0.0450916,-0.09117998
62648.44,2.7239876,0.4575433,0.044378288,-0.09170921
63656.32,2.7239876,0.4623147,0.043365505,-0.0921424
64664.195,2.7239876,0.4678523,0.04221267,-0.09247095
65672.07,2.7239876,0.4743299,0.041105777,-0.092700005
66679.945,2.7239876,0.48176017,0.040205065,-0.09284632
67687.82,2.7239876,0.48998162,0.039600056,-0.092934705
68695.695,2.7239876,0.49868,0.03928413,-0.09299327
69703.57,2.7239876,0.50744104,0.039157707,-0.0930492
70711.445,2.7239876,0.5158256,0.03906054,-0.09312575
71719.32,2.7239876,0.5234544,0.038824126,-0.093240306
72727.195,2.7239876,0.5300795,0.03833068,-0.09340402
73735.08,2.7239876,0.53563076,0.03755813,-0.09362237
74742.95,2.7239876,0.5402213,0.03659707,-0.09389574
75750.83,2.7239876,0.54411113,0.03562871,-0.09421995
76758.7,2.7239876,0.54763466,0.034867655,-0.094586134
77766.58,2.7239876,0.55111074,0.034484558,-0.09498064
78774.45,2.7239876,0.554759,0.034535095,-0.09538536
79782.33,2.7239876,0.55864686,0.034921564,-0.09577945
80790.2,2.7239876,0.5626845,0.035410628,-0.09614294
81798.08,2.7239876,0.56667316,0.0357083,-0.09646167
82805.95,2.7239876,0.5703916,0.03557592,-0.09673238
83813.83,2.7239876,0.57369334,0.034942757,-0.0969658
84821.7,2.7239876,0.57657504,0.033965975,-0.097185254
85829.58,2.7239876,0.57918465,0.032992046,-0.097419634
86837.45,2.7239876,0.58175504,0.032413643,-0.09769127
87845.33,2.7239876,0.58448315,0.032464325,-0.09800347
88853.2,2.7239876,0.5874087,0.03304622,-0.0983334
89861.08,2.7239876,0.59036285,0.033711355,-0.09863783
90868.95,2.7239876,0.5930441,0.033872582,-0.098873824
91876.83,2.7239876,0.5952126,0.033199597,-0.09902805
92884.71,2.7239876,0.59690595,0.031979285,-0.09913733
93892.586,2.7239876,0.59849125,0.031091413,-0.09927598
94900.46,2.7239876,0.60040104,0.031343956,-0.09949786
95908.336,2.7239876,0.6026238,0.032425042,-0.099760644
96916.21,2.7239876,0.60446346,0.0326223,-0.09992286
97924.086,2.7239876,0.6053741,0.030950626,-0.09992641
98931.96,2.7239876,0.6066198,0.030681249,-0.1000532
99939.836,2.7239876,0.60801995,0.030752338,-0.100181706
160.16696,3.329317,0.19408642,0.3208402,-0.037234105
1168.0425,3.329317,0.18199784,0.1088368,-0.032570492
2175.918,3.329317,0.1911504,0.10028976,-0.034509975
3183.7935,3.329317,0.19649969,0.088835575,-0.035836972
4191.669,3.329317,0.19982067,0.073353946,-0.037043437
5199.5444,3.329317,0.20338291,0.06672655,-0.038496103
6207.42,3.329317,0.20698541,0.067491606,-0.039933477
7215.2954,3.329317,0.20970584,0.06896624,-0.041085884
8223.171,3.329317,0.2111007,0.067354664,-0.041930363
9231.046,3.329317,0.2113393,0.06309503,-0.04260247
10238.922,3.329317,0.2108747,0.058634534,-0.04323561
11246.798,3.329317,0.21013904,0.056006946,-0.04388062
12254.673,3.329317,0.2094325,0.05571548,-0.044519894
13262.548,3.329317,0.20895626,0.05691335,-0.045124397
14270.424,3.329317,0.20888236,0.058229007,-0.045699596
15278.3,3.329317,0.20937982,0.05857794,-0.046293456
16286.175,3.329317,0.21058083,0.057591334,-0.046969745
17294.049,3.329317,0.21251127,0.055604227,-0.047767095
18301.924,3.329317,0.21503052,0.05334919,-0.048666883
19309.8,3.329317,0.21781728,0.051565386,-0.049585372
20317.676,3.329317,0.22041634,0.050700266,-0.05039271
21325.55,3.329317,0.22233745,0.050789285,-0.050951738
22333.428,3.329317,0.22317895,0.051515486,-0.05116231
23341.303,3.329317,0.22274414,0.05238352,-0.050996967
24349.178,3.329317,0.22111958,0.052925594,-0.050518043
25357.053,3.329317,0.21869648,0.05286192,-0.049871303
26364.928,3.329317,0.21613237,0.052173294,-0.049259547
27372.805,3.329317,0.2142601,0.051076822,-0.04890299
28380.68,3.329317,0.21396552,0.04992896,-0.048996814
29388.555,3.329317,0.21605529,0.049097486,-0.04967527
30396.432,3.329317,0.22114013,0.0488431,-0.050989952
31404.307,3.329317,0.22955059,0.049246665,-0.05290519
32412.182,3.329317,0.24129592,0.050194483,-0.05531034
33420.06,3.329317,0.25606948,0.051422164,-0.05804458
34427.934,3.329317,0.27329502,0.052595258,-0.06092819
35435.81,3.329317,0.29220277,0.0534047,-0.063793644
36443.684,3.329317,0.3119235,0.05364711,-0.066510074
37451.562,3.329317,0.3315841,0.053272687,-0.06899782
38459.438,3.329317,0.35039425,0.052389372,-0.07123107
39467.312,3.329317,0.36771455,0.051227473,-0.0732298
40475.188,3.329317,0.3831,0.05007477,-0.075044245
41483.062,3.329317,0.396317,0.049201068,-0.07673561
42490.938,3.329317,0.4073375,0.04879243,-0.078357846
43498.812,3.329317,0.41631192,0.048908643,-0.07994379
44506.69,3.329317,0.42352864,0.049474366,-0.08149858
45514.566,3.329317,0.4293641,0.05030319,-0.08300004
46522.44,3.329317,0.43423212,0.05114773,-0.084406324
47530.316,3.329317,0.43853655,0.05176168,-0.08566759
48538.19,3.329317,0.4426297,0.05195947,-0.08673911
49546.066,3.329317,0.44678372,0.051658973,-0.08759308
50553.938,3.329317,0.4511736,0.050896846,-0.08822604
51561.812,3.329317,0.45587373,0.049815867,-0.08866124
52569.688,3.329317,0.46086717,0.048626624,-0.08894497
53577.562,3.329317,0.4660661,0.047553554,-0.08913842
54585.438,3.329317,0.4713405,0.04678002,-0.089306735
55593.312,3.329317,0.47655052,0.046404377,-0.08950754
56601.19,3.329317,0.4815791,0.046417583,-0.08978148
57609.066,3.329317,0.48635948,0.04670869,-0.09014661
58616.94,3.329317,0.49089378,0.04709485,-0.090597235
59624.816,3.329317,0.49525875,0.047369514,-0.09110786
60632.69,3.329317,0.49959815,0.047355868,-0.09164026
61640.566,3.329317,0.50410163,0.046952754,-0.09215278
62648.44,3.329317,0.5089728,0.046159506,-0.092609465
63656.32,3.329317,0.51439273,0.04507605,-0.09298695
64664.195,3.329317,0.5204822,0.043874547,-0.09327812
65672.07,3.329317,0.5272742,0.04275201,-0.09349193
66679.945,3.329317,0.5346978,0.04187514,-0.09364964
67687.82,3.329317,0.54258114,0.041332997,-0.09377886
68695.695,3.329317,0.5506724,0.041111562,-0.09390699
69703.57,3.329317,0.55867743,0.041097015,-0.0940556
70711.445,3.329317,0.5663066,0.041111354,-0.09423736
71719.32,3.329317,0.57332325,0.040967792,-0.09445563
72727.195,3.329317,0.5795829,0.040533982,-0.094706856
73735.08,3.329317,0.58505553,0.039780512,-0.09498431
74742.95,3.329317,0.58982295,0.03879926,-0.095281675
75750.83,3.329317,0.59405446,0.03778118,-0.09559556
76758.7,3.329317,0.59796095,0.036956258,-0.09592537
77766.58,3.329317,0.6017423,0.036512658,-0.09627113
78774.45,3.329317,0.6055391,0.036519933,-0.09663011
79782.33,3.329317,0.6094014,0.03688777,-0.09699424
80790.2,3.329317,0.61328804,0.037380718,-0.0973497
81798.08,3.329317,0.6170926,0.037695717,-0.097680025
82805.95,3.329317,0.6206929,0.037580628,-0.097972065
83813.83,3.329317,0.6240053,0.036953166,-0.09822263
84821.7,3.329317,0.6270241,0.03596487,-0.09844272
85829.58,3.329317,0.62982666,0.034966268,-0.09865546
86837.45,3.329317,0.63253856,0.034361836,-0.09888709
87845.33,3.329317,0.6352679,0.034398094,-0.099152915
88853.2,3.329317,0.63803864,0.03498572,-0.099444896
89861.08,3.329317,0.64076257,0.035673972,-0.09972941
90868.95,3.329317,0.6432786,0.035862595,-0.09996183
91876.83,3.329317,0.6454588,0.0352053,-0.10011576
92884.71,3.329317,0.6473237,0.033982635,-0.10021116
93892.586,3.329317,0.6490731,0.033085383,-0.10031474
94900.46,3.329317,0.65094286,0.03334359,-0.100490995
95908.336,3.329317,0.6529302,0.034455296,-0.10072067
96916.21,3.329317,0.6546624,0.03468592,-0.10087378
97924.086,3.329317,0.65584934,0.033017606,-0.10086973
98931.96,3.329317,0.65718246,0.032755096,-0.100957975
99939.836,3.329317,0.6585591,0.03285499,-0.1010687
160.16696,3.9346485,0.22779709,0.32181752,-0.03721799
1168.0425,3.9346485,0.21315831,0.11116165,-0.03209142
2175.918,3.9346485,0.22493194,0.103087634,-0.0344805
3183.7935,3.9346485,0.23102917,0.091811515,-0.035819024
4191.669,3.9346485,0.23449703,0.07650113,-0.037097994
5199.5444,3.9346485,0.23863809,0.07003876,-0.038755562
6207.42,3.9346485,0.2428689,0.07092773,-0.040295057
7215.2954,3.9346485,0.24540776,0.07250419,-0.041279938
8223.171,3.9346485,0.24534333,0.07101682,-0.041718
9231.046,3.9346485,0.2430196,0.06692447,-0.04190533
10238.922,3.9346485,0.23949827,0.06265359,-0.042145204
11246.798,3.9346485,0.23589373,0.060192708,-0.042585343
12254.673,3.9346485,0.23297983,0.060004957,-0.043212727
13262.548,3.9346485,0.2311114,0.061231893,-0.0439376
14270.424,3.9346485,0.23033735,0.0625247,-0.044682823
15278.3,3.9346485,0.23055401,0.06284456,-0.045428745
16286.175,3.9346485,0.23160823,0.06187195,-0.04620501
17294.049,3.9346485,0.23332372,0.059974723,-0.047049318
18301.924,3.9346485,0.23547643,0.057890184,-0.04796348
19309.8,3.9346485,0.23776329,0.056332886,-0.048889633
20317.676,3.9346485,0.23980367,0.05570468,-0.049717247
21325.55,3.9346485,0.24118909,0.055988394,-0.05031626
22333.428,3.9346485,0.24157466,0.05682174,-0.05058295
23341.303,3.9346485,0.24078739,0.05768353,-0.05048185
24349.178,3.9346485,0.23891798,0.05810423,-0.050070032
25357.053,3.9346485,0.23636842,0.05782628,-0.04949662
26364.928,3.9346485,0.23383883,0.056868397,-0.048978094
27372.805,3.9346485,0.23224936,0.05549308,-0.04875666
28380.68,3.9346485,0.23261365,0.054098587,-0.049051903
29388.555,3.9346485,0.2358853,0.053082857,-0.050018106
30396.432,3.9346485,0.24280727,0.05272025,-0.051715687
31404.307,3.9346485,0.25379068,0.053088136,-0.054102104
32412.182,3.9346485,0.2688444,0.05405525,-0.057043273
33420.06,3.9346485,0.2875661,0.05533069,-0.06034076
34427.934,3.9346485,0.30919233,0.056551058,-0.06376861
35435.81,3.9346485,0.3326983,0.057381667,-0.06711159
36443.684,3.9346485,0.3569303,0.057601377,-0.07019749
37451.562,3.9346485,0.38074386,0.05715274,-0.072917834
38459.438,3.9346485,0.403134,0.056145545,-0.0752347
39467.312,3.9346485,0.4233323,0.054819625,-0.07717384
40475.188,3.9346485,0.44086456,0.05347677,-0.07880725
41483.062,3.9346485,0.45556253,0.05240246,-0.08022969
42490.938,3.9346485,0.46753514,0.051796503,-0.08153455
43498.812,3.9346485,0.47710627,0.051728733,-0.082793884
44506.69,3.9346485,0.4847347,0.052130148,-0.08404607
45514.566,3.9346485,0.49092802,0.052816905,-0.08529239
46522.44,3.9346485,0.49616778,0.0535412,-0.08650245
47530.316,3.9346485,0.5008513,0.054055825,-0.08762599
48538.19,3.9346485,0.5052607,0.054174364,-0.08860815
49546.066,3.9346485,0.50955665,0.05381371,-0.08940448
50553.938,3.9346485,0.51379484,0.0530105,-0.0899923
51561.812,3.9346485,0.51795936,0.05190689,-0.0903768
52569.688,3.9346485,0.5220027,0.050711386,-0.09059044
53577.562,3.9346485,0.52588326,0.049644154,-0.0906865
54585.438,3.9346485,0.5295966,0.04888147,-0.09072869
55593.312,3.9346485,0.5331902,0.04851208,-0.090779
56601.19,3.9346485,0.53676385,0.048516992,-0.09088683
57609.066,3.9346485,0.54045737,0.048775986,-0.09108119
58616.94,3.9346485,0.54442537,0.04910041,-0.091368005
59624.816,3.9346485,0.5488111,0.0492839,-0.09173228
60632.69,3.9346485,0.5537196,0.04915635,-0.09214437
61640.566,3.9346485,0.5591988,0.04862997,-0.092569135
62648.44,3.9346485,0.5652314,0.047723256,-0.0929749
63656.32,3.9346485,0.571738,0.046557,-0.09334096
64664.195,3.9346485,0.5785903,0.04532323,-0.09366153
65672.07,3.9346485,0.5856333,0.044232212,-0.09394532
66679.945,3.9346485,0.59270716,0.043455236,-0.09421159
67687.82,3.9346485,0.5996697,0.043074876,-0.094483525
68695.695,3.9346485,0.60641086,0.04305943,-0.09478097
69703.57,3.9346485,0.6128602,0.04326944,-0.09511454
70711.445,3.9346485,0.61898464,0.04349719,-0.09548286
71719.32,3.9346485,0.62478006,0.04352841,-0.09587355
72727.195,3.9346485,0.6302591,0.043210756,-0.09626733
73735.08,3.9346485,0.63543934,0.042506397,-0.09664467
74742.95,3.9346485,0.6403353,0.041512378,-0.09699205
75750.83,3.9346485,0.64495593,0.04043632,-0.09730628
76758.7,3.9346485,0.64930737,0.039533056,-0.0975951
77766.58,3.9346485,0.65339994,0.039015923,-0.09787381
78774.45,3.9346485,0.65725476,0.03897461,-0.098158814
79782.33,3.9346485,0.6609062,0.039327838,-0.09846051
80790.2,3.9346485,0.66439974,0.039836966,-0.098778255
81798.08,3.9346485,0.66778076,0.040184744,-0.09909953
82805.95,3.9346485,0.67108285,0.040100105,-0.09940472
83813.83,3.9346485,0.67431414,0.039484955,-0.09967571
84821.7,3.9346485,0.6774539,0.038484372,-0.099904925
85829.58,3.9346485,0.68045914,0.03745526,-0.100100696
86837.45,3.9346485,0.6832832,0.036817804,-0.10028466
87845.33,3.9346485,0.6858999,0.036837168,-0.10048108
88853.2,3.9346485,0.6883215,0.03743423,-0.100701705
89861.08,3.9346485,0.6905998,0.03815389,-0.10093512
90868.95,3.9346485,0.69280064,0.038377672,-0.10114888
91876.83,3.9346485,0.69496286,0.037738353,-0.10130921
92884.71,3.9346485,0.6970612,0.03650924,-0.10140951
93892.586,3.9346485,0.6990123,0.0355971,-0.10148634
94900.46,3.9346485,0.70074177,0.03586161,-0.10159699
95908.336,3.9346485,0.70228475,0.03701272,-0.10175615
96916.21,3.9346485,0.7038092,0.037283365,-0.101888254
97924.086,3.9346485,0.70541674,0.035613306,-0.1019104
98931.96,3.9346485,0.7068249,0.03535708,-0.10195683
99939.836,3.9346485,0.7081182,0.03549038,-0.10204135
160.16696,4.539978,0.26128966,0.32326114,-0.037066393
1168.0425,4.539978,0.24374369,0.11386884,-0.031708352
2175.918,4.539978,0.25691313,0.106120706,-0.03450051
3183.7935,4.539978,0.26266474,0.09497139,-0.035836376
4191.669,4.539978,0.2654765,0.07985723,-0.037106365
5199.5444,4.539978,0.2695528,0.073595256,-0.03885666
6207.42,4.539978,0.27392638,0.07460324,-0.040445086
7215.2954,4.539978,0.27613252,0.07622422,-0.041313443
8223.171,4.539978,0.27499056,0.07477004,-0.041484963
9231.046,4.539978,0.27108812,0.070752144,-0.041369934
10238.922,4.539978,0.26597142,0.066604644,-0.04139425
11246.798,4.539978,0.26116264,0.06428362,-0.0417697
12254.673,4.539978,0.25758445,0.06420821,-0.042471036
13262.548,4.539978,0.25547642,0.06549213,-0.043341517
14270.424,4.539978,0.25462028,0.06678902,-0.044222213
15278.3,4.539978,0.25464332,0.06708978,-0.045032386
16286.175,4.539978,0.2552332,0.06611636,-0.045780398
17294.049,4.539978,0.2562067,0.064273074,-0.046522982
18301.924,4.539978,0.25745803,0.062313244,-0.047307253
19309.8,4.539978,0.25886047,0.06094224,-0.048127152
20317.676,4.539978,0.26019087,0.06053043,-0.048912432
21325.55,4.539978,0.26112515,0.061016347,-0.049550816
22333.428,4.539978,0.2613113,0.06199444,-0.049932078
23341.303,4.539978,0.26049677,0.062911056,-0.049996078
24349.178,4.539978,0.2586651,0.06328418,-0.04976799
25357.053,4.539978,0.2561357,0.06286357,-0.049369097
26364.928,4.539978,0.25359184,0.061694585,-0.04900155
27372.805,4.539978,0.25202283,0.060076702,-0.048910238
28380.68,4.539978,0.25258723,0.058448292,-0.049333543
29388.555,4.539978,0.256426,0.057242017,-0.050454233
30396.432,4.539978,0.26446345,0.056756057,-0.05236225
31404.307,4.539978,0.2772358,0.057077177,-0.055036575
32412.182,4.539978,0.29478315,0.058069438,-0.058349214
33420.06,4.539978,0.31662175,0.059425343,-0.062088914
34427.934,4.539978,0.34180215,0.060758073,-0.06599832
35435.81,4.539978,0.3690402,0.06170634,-0.069816865
36443.684,4.539978,0.39689472,0.062024407,-0.07332052
37451.562,4.539978,0.4239602,0.061634623,-0.07635145
38459.438,4.539978,0.44904223,0.0606341,-0.07883337
39467.312,4.539978,0.47128674,0.05925692,-0.080771126
40475.188,4.539978,0.49024755,0.057805955,-0.08223674
41483.062,4.539978,0.50588495,0.05657298,-0.083345786
42490.938,4.539978,0.51850295,0.055768088,-0.0842296
43498.812,4.539978,0.52864295,0.055473804,-0.08500925
44506.69,4.539978,0.5369537,0.055634648,-0.08577536
45514.566,4.539978,0.5440668,0.056080453,-0.0865771
46522.44,4.539978,0.55049455,0.056576654,-0.08742094
47530.316,4.539978,0.5565686,0.056887582,-0.08827824
48538.19,4.539978,0.562426,0.0568361,-0.08909888
49546.066,4.539978,0.5680373,0.0563455,-0.08982739
50553.938,4.539978,0.5732689,0.055454873,-0.0904181
51561.812,4.539978,0.5779612,0.05430413,-0.09084621
52569.688,4.539978,0.58200574,0.053094573,-0.091112904
53577.562,4.539978,0.5854032,0.052034847,-0.091244414
54585.438,4.539978,0.5882908,0.051286213,-0.09128547
55593.312,4.539978,0.59093463,0.05092157,-0.09128948
56601.19,4.539978,0.5936878,0.050906766,-0.09130786
57609.066,4.539978,0.59692603,0.05111091,-0.091380805
58616.94,4.539978,0.6009736,0.05134153,-0.0915315
59624.816,4.539978,0.6060358,0.05139632,-0.09176493
60632.69,4.539978,0.61215556,0.05111808,-0.092070766
61640.566,4.539978,0.619199,0.050439246,-0.092429444
62648.44,4.539978,0.6268796,0.04940298,-0.092819616
63656.32,4.539978,0.6348117,0.048155352,-0.09322489
64664.195,4.539978,0.6425852,0.04690883,-0.0936382
65672.07,4.539978,0.64984465,0.04588667,-0.09406251
66679.945,4.539978,0.6563555,0.04526072,-0.09450826
67687.82,4.539978,0.6620432,0.045101527,-0.094987884
68695.695,4.539978,0.6669966,0.04535366,-0.09550944
69703.57,4.539978,0.671434,0.045846187,-0.09607114
70711.445,4.539978,0.6756393,0.046337467,-0.09665887
71719.32,4.539978,0.67988616,0.046582885,-0.09724718
72727.195,4.539978,0.6843647,0.046409346,-0.09780434
73735.08,4.539978,0.68913496,0.045771986,-0.09829996
74742.95,4.539978,0.6941147,0.04477497,-0.09871312
75750.83,4.539978,0.6991099,0.043646157,-0.099038735
76758.7,4.539978,0.70387846,0.04266692,-0.099289656
77766.58,4.539978,0.70820916,0.042078793,-0.09949369
78774.45,4.539978,0.7119925,0.041992124,-0.09968586
79782.33,4.539978,0.7152584,0.042335454,-0.09989775
80790.2,4.539978,0.71816826,0.04286571,-0.10014756
81798.08,4.539978,0.7209552,0.043251485,-0.100434005
82805.95,4.539978,0.7238348,0.04320203,-0.10073705
83813.83,4.539978,0.72691375,0.042602867,-0.101025626
84821.7,4.539978,0.7301384,0.04159289,-0.10127047
85829.58,4.539978,0.73330975,0.04053487,-0.10145702
86837.45,4.539978,0.73617226,0.039865497,-0.10159285
87845.33,4.539978,0.7385472,0.03986802,-0.101705104
88853.2,4.539978,0.7404506,0.040473584,-0.101827264
89861.08,4.539978,0.742118,0.04122308,-0.101980455
90868.95,4.539978,0.7438942,0.041480258,-0.10215863
91876.83,4.539978,0.74600685,0.040857725,-0.10232922
92884.71,4.539978,0.74835217,0.0396213,-0.10245305
93892.586,4.539978,0.75048435,0.038693525,-0.10251601
94900.46,4.539978,0.75195694,0.038962364,-0.102548175
95908.336,4.539978,0.75288147,0.040149003,-0.10260407
96916.21,4.539978,0.7541116,0.040456083,-0.102702186
97924.086,4.539978,0.756206,0.03878248,-0.10278217
98931.96,4.539978,0.7576281,0.038530126,-0.102788374
99939.836,4.539978,0.75876355,0.038692903,-0.102838986
160.16696,5.1453094,0.29442045,0.3250942,-0.036804702
1168.0425,5.1453094,0.2739926,0.11694647,-0.03144838
2175.918,5.1453094,0.2875868,0.109405525,-0.03460451
3183.7935,5.1453094,0.29202455,0.09835576,-0.03594222
4191.669,5.1453094,0.2935425,0.08345502,-0.037141796
5199.5444,5.1453094,0.2971081,0.07740951,-0.038898863
6207.42,5.1453094,0.30131468,0.078526266,-0.040521838
7215.2954,5.1453094,0.30317193,0.080143854,-0.04137334
8223.171,5.1453094,0.3014447,0.07864292,-0.041467723
9231.046,5.1453094,0.29704833,0.07460865,-0.04127261
10238.922,5.1453094,0.291894,0.070508726,-0.04128377
11246.798,5.1453094,0.28762943,0.06828764,-0.041745223
12254.673,5.1453094,0.2849953,0.068325736,-0.042607736
13262.548,5.1453094,0.28384778,0.06969788,-0.04364899
14270.424,5.1453094,0.28357214,0.071037255,-0.044634882
15278.3,5.1453094,0.283548,0.07133955,-0.04543248
16286.175,5.1453094,0.28344393,0.07035103,-0.0460407
17294.049,5.1453094,0.28326863,0.068507485,-0.046551175
18301.924,5.1453094,0.28322977,0.066588126,-0.047076408
19309.8,5.1453094,0.2835192,0.065309286,-0.047683746
20317.676,5.1453094,0.2841372,0.06503357,-0.04836166
21325.55,5.1453094,0.284832,0.06567716,-0.049026143
22333.428,5.1453094,0.28517276,0.06680291,-0.049559288
23341.303,5.1453094,0.28472337,0.0678266,-0.049862586
24349.178,5.1453094,0.28325146,0.06824298,-0.049905315
25357.053,5.1453094,0.280903,0.06779289,-0.04975222
26364.928,5.1453094,0.27828565,0.06652733,-0.04956335
27372.805,5.1453094,0.27643162,0.06476521,-0.049566552
28380.68,5.1453094,0.27664885,0.062973626,-0.050011232
29388.555,5.1453094,0.2802903,0.06161764,-0.051114865
30396.432,5.1453094,0.28849632,0.06102486,-0.053015925
31404.307,5.1453094,0.30196637,0.061304063,-0.055742495
32412.182,5.1453094,0.32080582,0.062330563,-0.05920343
33420.06,5.1453094,0.3444793,0.06379551,-0.06320224
34427.934,5.1453094,0.3718796,0.06529896,-0.06746956
35435.81,5.1453094,0.40149102,0.06645737,-0.071707144
36443.684,5.1453094,0.4316183,0.06699686,-0.07563438
37451.562,5.1453094,0.46063292,0.06680983,-0.07902831
38459.438,5.1453094,0.48719463,0.06596579,-0.08175111
39467.312,5.1453094,0.51041216,0.06467648,-0.08376112
40475.188,5.1453094,0.52991337,0.063230716,-0.08510733
41483.062,5.1453094,0.54582745,0.061915427,-0.08590963
42490.938,5.1453094,0.55868375,0.060945004,-0.08633049
43498.812,5.1453094,0.5692554,0.060415864,-0.08654314
44506.69,5.1453094,0.57838136,0.06029222,-0.08670265
45514.566,5.1453094,0.58680046,0.060427964,-0.08692443
46522.44,5.1453094,0.59502715,0.06061372,-0.087272584
47530.316,5.1453094,0.60329056,0.06063714,-0.08775937
48538.19,5.1453094,0.61154115,0.060339883,-0.08835368
49546.066,5.1453094,0.61951905,0.059657224,-0.08899651
50553.938,5.1453094,0.6268631,0.058632307,-0.089618705
51561.812,5.1453094,0.63323855,0.057400882,-0.09015817
52569.688,5.1453094,0.63844943,0.056152843,-0.09057279
53577.562,5.1453094,0.6425158,0.05507996,-0.09084736
54585.438,5.1453094,0.6456972,0.05432405,-0.0909942
55593.312,5.1453094,0.6484591,0.053938936,-0.09104784
56601.19,5.1453094,0.65138817,0.053875387,-0.09105602
57609.066,5.1453094,0.65507686,0.053993873,-0.0910693
58616.94,5.1453094,0.6599991,0.054101635,-0.091131635
59624.816,5.1453094,0.66640747,0.0540044,-0.0912738
60632.69,5.1453094,0.6742718,0.053561695,-0.09151088
61640.566,5.1453094,0.6832756,0.052727953,-0.09184363
62648.44,5.1453094,0.69287103,0.051570337,-0.092262655
63656.32,5.1453094,0.7023848,0.050257154,-0.092754275
64664.195,5.1453094,0.7111511,0.049017124,-0.09330562
65672.07,5.1453094,0.7186458,0.04808035,-0.09390805
66679.945,5.1453094,0.7245897,0.047614805,-0.094557434
67687.82,5.1453094,0.72900236,0.04767607,-0.095252015
68695.695,5.1453094,0.7321879,0.048185088,-0.09598787
69703.57,5.1453094,0.7346588,0.04894204,-0.096754305
70711.445,5.1453094,0.73700935,0.049675584,-0.09753074
71719.32,5.1453094,0.73977506,0.050116666,-0.0982865
72727.195,5.1453094,0.7433044,0.050076574,-0.098984286
73735.08,5.1453094,0.74768054,0.04950607,-0.09958722
74742.95,5.1453094,0.7527125,0.048516925,-0.1000674
75750.83,5.1453094,0.75800246,0.04735383,-0.100414306
76758.7,5.1453094,0.7630688,0.046320744,-0.1006395
77766.58,5.1453094,0.7674975,0.045680784,-0.1007763
78774.45,5.1453094,0.77107084,0.04556122,-0.10087298
79782.33,5.1453094,0.77383435,0.045897808,-0.10098083
80790.2,5.1453094,0.77607703,0.04644534,-0.10113993
81798.08,5.1453094,0.7782186,0.046861302,-0.10136677
82805.95,5.1453094,0.78064466,0.04684119,-0.101648435
83813.83,5.1453094,0.78354126,0.046257995,-0.10194636
84821.7,5.1453094,0.78680277,0.045245226,-0.10221013
85829.58,5.1453094,0.7900638,0.044169147,-0.102397405
86837.45,5.1453094,0.7928632,0.04347737,-0.10249317
87845.33,5.1453094,0.7948866,0.04346587,-0.10251972
88853.2,5.1453094,0.7961743,0.044074126,-0.102529936
89861.08,5.1453094,0.79716384,0.044841196,-0.102583036
90868.95,5.1453094,0.79847944,0.045120146,-0.10271078
91876.83,5.1453094,0.8005197,0.044509716,-0.102891624
92884.71,5.1453094,0.80307305,0.043270133,-0.103053555
93892.586,5.1453094,0.80531317,0.04233181,-0.103117965
94900.46,5.1453094,0.80643,0.042600363,-0.10307002
95908.336,5.1453094,0.80664843,0.043806367,-0.10300304
96916.21,5.1453094,0.8075396,0.04413583,-0.10305646
97924.086,5.1453094,0.81009156,0.042461954,-0.10321643
98931.96,5.1453094,0.81143653,0.04221068,-0.103189684
99939.836,5.1453094,0.8123496,0.042390898,-0.103201546
160.16696,5.750641,0.32705578,0.32721102,-0.036476314
1168.0425,5.750641,0.30405378,0.120372415,-0.031332012
2175.918,5.750641,0.3175115,0.112964846,-0.03482964
3183.7935,5.750641,0.3199913,0.10202004,-0.036192916
4191.669,5.750641,0.31984997,0.08734209,-0.037292406
5199.5444,5.750641,0.32270533,0.081507295,-0.039009556
6207.42,5.750641,0.32664242,0.082717724,-0.040686958
7215.2954,5.750641,0.32826003,0.08430471,-0.041641265
8223.171,5.750641,0.32643852,0.08270973,-0.041849226
9231.046,5.750641,0.32248634,0.078593805,-0.04178034
10238.922,5.750641,0.3185774,0.074475884,-0.041952103
11246.798,5.750641,0.31625956,0.07231,-0.042616382
12254.673,5.750641,0.3158347,0.0724524,-0.043697823
13262.548,5.750641,0.3165822,0.073936515,-0.044918377
14270.424,5.750641,0.31740928,0.07535707,-0.04598141
15278.3,5.750641,0.31748408,0.07568767,-0.04671242
16286.175,5.750641,0.31657618,0.07467575,-0.047109075
17294.049,5.750641,0.3150404,0.07277685,-0.047306236
18301.924,5.750641,0.31353974,0.070800446,-0.047491826
19309.8,5.750641,0.31268135,0.06949325,-0.047818594
20317.676,5.750641,0.31272727,0.06923823,-0.04834546
21325.55,5.750641,0.31348112,0.0699572,-0.049024563
22333.428,5.750641,0.31437704,0.07120222,-0.04973115
23341.303,5.750641,0.3147161,0.072366565,-0.05032058
24349.178,5.750641,0.31396794,0.07291664,-0.050690316
25357.053,5.750641,0.3120305,0.072567105,-0.05082719
26364.928,5.750641,0.3093769,0.0713515,-0.050827295
27372.805,5.750641,0.30704236,0.06958462,-0.050883435
28380.68,5.750641,0.3064607,0.06774393,-0.0512463
29388.555,5.750641,0.3091907,0.06631677,-0.052169073
30396.432,5.750641,0.31659815,0.065660864,-0.053850327
31404.307,5.750641,0.32956815,0.06591612,-0.05638761
32412.182,5.750641,0.3483088,0.06698343,-0.059751857
33420.06,5.750641,0.3722849,0.06856912,-0.063786715
34427.934,5.750641,0.40029246,0.07027435,-0.0682321
35435.81,5.750641,0.43065295,0.07170211,-0.072765715
36443.684,5.750641,0.46148595,0.07255189,-0.07705444
37451.562,5.750641,0.4910032,0.07268129,-0.080804795
38459.438,5.750641,0.51777196,0.07212121,-0.08380439
39467.312,5.750641,0.540897,0.071047895,-0.085947186
40475.188,5.750641,0.5600974,0.069722675,-0.087240085
41483.062,5.750641,0.5756687,0.06841697,-0.08779067
42490.938,5.750641,0.5883493,0.06734389,-0.08778063
43498.812,5.750641,0.59912133,0.06661108,-0.087430075
44506.69,5.750641,0.6089895,0.06620604,-0.08695975
45514.566,5.750641,0.6187817,0.06601318,-0.08655804
46522.44,5.750641,0.6290075,0.06585593,-0.086357
47530.316,5.750641,0.63979733,0.0655524,-0.08642122
48538.19,5.750641,0.6509286,0.064968556,-0.08674909
49546.066,5.750641,0.66192734,0.06405416,-0.087285474
50553.938,5.750641,0.6722186,0.06285671,-0.08794137
51561.812,5.750641,0.68129194,0.06150637,-0.0886171
52569.688,5.750641,0.688845,0.060179036,-0.089223735
53577.562,5.750641,0.69487613,0.05904872,-0.08969927
54585.438,5.750641,0.69970506,0.058238033,-0.090017706
55593.312,5.750641,0.7039188,0.05778447,-0.09018963
56601.19,5.750641,0.70825535,0.057628457,-0.09025572
57609.066,5.750641,0.7134469,0.05762724,-0.09027521
58616.94,5.750641,0.72006154,0.05759251,-0.090312466
59624.816,5.750641,0.72837234,0.057342116,-0.09042433
60632.69,5.750641,0.7382853,0.056751207,-0.09065102
61640.566,5.750641,0.74934554,0.055791978,-0.09101194
62648.44,5.750641,0.7608173,0.054547727,-0.09150633
63656.32,5.750641,0.77182853,0.05319863,-0.09211825
64664.195,5.750641,0.78154635,0.05197904,-0.09282345
65672.07,5.750641,0.7893505,0.051117256,-0.09359667
66679.945,5.750641,0.79496044,0.050772876,-0.09441651
67687.82,5.750641,0.7984947,0.050987367,-0.095267385
68695.695,5.750641,0.80043894,0.051664352,-0.09613788
69703.57,5.750641,0.8015347,0.052586455,-0.09701662
70711.445,5.750641,0.8026073,0.053467046,-0.09788729
71719.32,5.750641,0.80437505,0.05402582,-0.098725334
72727.195,5.750641,0.8072847,0.054068364,-0.0994976
73735.08,5.750641,0.81141615,0.053545512,-0.100166716
74742.95,5.750641,0.8164816,0.052573994,-0.1006988
75750.83,5.750641,0.8219242,0.051407047,-0.10107353
76758.7,5.750641,0.827091,0.050358415,-0.10129277
77766.58,5.750641,0.83143485,0.049700435,-0.101385005
78774.45,5.750641,0.8346829,0.04956767,-0.10140242
79782.33,5.750641,0.83691996,0.049899466,-0.10141015
80790.2,5.750641,0.8385487,0.050451353,-0.10146942
81798.08,5.750641,0.8401354,0.05087829,-0.10161875
82805.95,5.750641,0.8421828,0.05087188,-0.101859935
83813.83,5.750641,0.84491366,0.050300673,-0.1021548
84821.7,5.750641,0.84815747,0.049294837,-0.10243652
85829.58,5.750641,0.85140336,0.04821941,-0.102634594
86837.45,5.750641,0.85403204,0.047522362,-0.102706134
87845.33,5.750641,0.85564256,0.04750279,-0.1026605
88853.2,5.750641,0.8563243,0.048103817,-0.102563486
89861.08,5.750641,0.8566964,0.0488678,-0.10251147
90868.95,5.750641,0.85760576,0.04914882,-0.10257961
91876.83,5.750641,0.85956395,0.048544493,-0.1027665
92884.71,5.750641,0.86223775,0.047310382,-0.10297325
93892.586,5.750641,0.8644736,0.046372518,-0.10305382
94900.46,5.750641,0.86518514,0.04663539,-0.102937475
95908.336,5.750641,0.8647344,0.04783439,-0.10274728
96916.21,5.750641,0.8653031,0.04816463,-0.10275038
97924.086,5.750641,0.868187,0.046499997,-0.10299734
98931.96,5.750641,0.8693594,0.046247374,-0.10294992
99939.836,5.750641,0.87001765,0.046427615,-0.102922946
160.16696,6.3559704,0.35907853,0.32949734,-0.036137104
1168.0425,6.3559704,0.3339398,0.124118224,-0.03137196
2175.918,6.3559704,0.34715265,0.11681923,-0.03521003
3183.7935,6.3559704,0.34748095,0.1060187,-0.03663949
4191.669,6.3559704,0.34561536,0.09156758,-0.03764472
5199.5444,6.3559704,0.34777424,0.08591735,-0.039315917
6207.42,6.3559704,0.35151604,0.08720388,-0.04108895
7215.2954,6.3559704,0.35309905,0.088759325,-0.042255342
8223.171,6.3559704,0.3515948,0.08706685,-0.042727903
9231.046,6.3559704,0.34870738,0.082846776,-0.0429319
10238.922,6.3559704,0.3467884,0.07866962,-0.043370314
11246.798,6.3559704,0.34715748,0.07651773,-0.04428959
12254.673,6.3559704,0.34956115,0.07674239,-0.045596246
13262.548,6.3559704,0.352637,0.078344226,-0.046975303
14270.424,6.3559704,0.35481215,0.079871625,-0.048086364
15278.3,6.3559704,0.3550895,0.08025624,-0.04872539
16286.175,6.3559704,0.35341075,0.079222426,-0.048892945
17294.049,6.3559704,0.3505464,0.0772297,-0.048765503
18301.924,6.3559704,0.34766647,0.075115696,-0.048603363
19309.8,6.3559704,0.34582186,0.07366999,-0.04864312
20317.676,6.3559704,0.34554243,0.07332008,-0.049015295
21325.55,6.3559704,0.34667802,0.07402066,-0.049711324
22333.428,6.3559704,0.34850597,0.075337216,-0.050602622
23341.303,6.3559704,0.35003692,0.0766537,-0.051498655
24349.178,6.3559704,0.35040408,0.07740864,-0.05222089
25357.053,6.3559704,0.34921122,0.07727886,-0.0526696
26364.928,6.3559704,0.34674132,0.07626003,-0.052864455
27372.805,6.3559704,0.34397042,0.07463932,-0.052949958
28380.68,6.3559704,0.34239927,0.07288274,-0.053166695
29388.555,6.3559704,0.34374392,0.071485296,-0.05379676
30396.432,6.3559704,0.34956986,0.07082834,-0.055098824
31404.307,6.3559704,0.3609537,0.07108536,-0.057247043
32412.182,6.3559704,0.37824643,0.07219281,-0.06028805
33420.06,6.3559704,0.40098637,0.07388593,-0.06412411
34427.934,6.3559704,0.4279712,0.07578093,-0.06852436
35435.81,6.3559704,0.4574678,0.07747878,-0.07316147
36443.684,6.3559704,0.48751378,0.078660086,-0.07766472
37451.562,6.3559704,0.5162431,0.07914905,-0.08167925
38459.438,6.3559704,0.5421773,0.078935996,-0.0849204
39467.312,6.3559704,0.56442666,0.07815567,-0.08721347
40475.188,6.3559704,0.5827705,0.077034384,-0.08851331
41483.062,6.3559704,0.59761363,0.075821,-0.0889017
42490.938,6.3559704,0.6098317,0.07472112,-0.08856444
43498.812,6.3559704,0.62054735,0.07385114,-0.0877539
44506.69,6.3559704,0.6308832,0.073219955,-0.08674456
45514.566,6.3559704,0.641741,0.07274192,-0.085789345
46522.44,6.3559704,0.65364605,0.07227372,-0.08508414
47530.316,6.3559704,0.6666857,0.071664095,-0.0847458
48538.19,6.3559704,0.68054295,0.070801854,-0.08480575
49546.066,6.3559704,0.6946142,0.06965025,-0.08521867
50553.938,6.3559704,0.7081803,0.068259336,-0.08588329
51561.812,6.3559704,0.72059464,0.06675275,-0.08667008
52569.688,6.3559704,0.7314434,0.06529425,-0.08745024
53577.562,6.3559704,0.74064726,0.064043105,-0.08812079
54585.438,6.3559704,0.7484863,0.06310964,-0.088621184
55593.312,6.3559704,0.75553817,0.062523484,-0.088939704
56601.19,6.3559704,0.7625509,0.062223777,-0.089109406
57609.066,6.3559704,0.7702712,0.06207304,-0.08919558
58616.94,6.3559704,0.7792725,0.061893232,-0.08927836
59624.816,6.3559704,0.78981423,0.06151386,-0.08943448
60632.69,6.3559704,0.8017685,0.06082169,-0.08972184
61640.566,6.3559704,0.81462824,0.05979608,-0.090170324
62648.44,6.3559704,0.8276009,0.058522306,-0.09077975
63656.32,6.3559704,0.83976513,0.057176534,-0.09152469
64664.195,6.3559704,0.8502624,0.055983715,-0.09236435
65672.07,6.3559704,0.85847944,0.055160586,-0.09325424
66679.945,6.3559704,0.8641817,0.05485454,-0.0941567
67687.82,6.3559704,0.8675662,0.055097997,-0.095047235
68695.695,6.3559704,0.86921793,0.05579034,-0.09591543
69703.57,6.3559704,0.86998105,0.056714624,-0.09676047
70711.445,6.3559704,0.8707665,0.057589516,-0.09758334
71719.32,6.3559704,0.87234485,0.058142494,-0.09837817
72727.195,6.3559704,0.87517315,0.058186505,-0.09912649
73735.08,6.3559704,0.87930024,0.057676814,-0.09979683
74742.95,6.3559704,0.8843782,0.056730617,-0.10035066
75750.83,6.3559704,0.88978136,0.055596277,-0.10075386
76758.7,6.3559704,0.89480036,0.05458022,-0.100989975
77766.58,6.3559704,0.8988656,0.05394654,-0.10107125
78774.45,6.3559704,0.9017232,0.053823978,-0.10104217
79782.33,6.3559704,0.9035143,0.054151457,-0.100972444
80790.2,6.3559704,0.90471816,0.054688882,-0.10093957
81798.08,6.3559704,0.9059683,0.055100158,-0.101004966
82805.95,6.3559704,0.9078001,0.055085994,-0.101190865
83813.83,6.3559704,0.9104175,0.05452078,-0.101468
84821.7,6.3559704,0.9135821,0.05353373,-0.10176161
85829.58,6.3559704,0.91669273,0.052481808,-0.10197799
86837.45,6.3559704,0.91905767,0.05180147,-0.10204553
87845.33,6.3559704,0.92026436,0.051781893,-0.10195437
88853.2,6.3559704,0.9204681,0.052364357,-0.10177374
89861.08,6.3559704,0.9204101,0.053100757,-0.10162908
90868.95,6.3559704,0.92105186,0.05336163,-0.10163682
91876.83,6.3559704,0.92292845,0.052756958,-0.101821795
92884.71,6.3559704,0.92559415,0.051540833,-0.1020699
93892.586,6.3559704,0.92769706,0.050618436,-0.10217744
94900.46,6.3559704,0.9280261,0.050870452,-0.102016315
95908.336,6.3559704,0.92708045,0.052032523,-0.10172426
96916.21,6.3559704,0.9274077,0.05233958,-0.10167886
97924.086,6.3559704,0.9304135,0.050697695,-0.102001615
98931.96,6.3559704,0.9313407,0.05044302,-0.10194869
99939.836,6.3559704,0.9317603,0.05060465,-0.10188842
160.16696,6.961302,0.39039633,0.3318531,-0.035848282
1168.0425,6.961302,0.3635248,0.12815474,-0.031574395
2175.918,6.961302,0.3767683,0.12098251,-0.035772353
3183.7935,6.961302,0.3752271,0.11039002,-0.037320577
4191.669,6.961302,0.37182915,0.09616884,-0.038268458
5199.5444,6.961302,0.37342337,0.0906648,-0.039919466
6207.42,6.961302,0.37714094,0.092009425,-0.041832697
7215.2954,6.961302,0.37894672,0.09355583,-0.043284714
8223.171,6.961302,0.37805486,0.09180659,-0.04410579
9231.046,6.961302,0.37646613,0.0875067,-0.044646114
10238.922,6.961302,0.3766301,0.08326352,-0.045371838
11246.798,6.961302,0.37962165,0.08109453,-0.046521693
12254.673,6.961302,0.38468727,0.081366725,-0.048000626
13262.548,6.961302,0.38991636,0.08306679,-0.04948298
14270.424,6.961302,0.39334738,0.08470294,-0.0506091
15278.3,6.961302,0.39387345,0.085157335,-0.05115951
16286.175,6.961302,0.39161158,0.08411495,-0.051138096
17294.049,6.961302,0.38770914,0.08202182,-0.05075181
18301.924,6.961302,0.3837863,0.0797343,-0.050316155
19309.8,6.961302,0.38128644,0.07808648,-0.05013461
20317.676,6.961302,0.3809822,0.07756288,-0.050398067
21325.55,6.961302,0.38277593,0.078170694,-0.051134206
22333.428,6.961302,0.38581872,0.079508886,-0.052214973
23341.303,6.961302,0.3888652,0.08096788,-0.053413033
24349.178,6.961302,0.39073294,0.0819655,-0.05448371
25357.053,6.961302,0.39072007,0.08213748,-0.055246983
26364.928,6.961302,0.38886875,0.081430204,-0.055646576
27372.805,6.961302,0.38601518,0.0800851,-0.055772044
28380.68,6.961302,0.38362813,0.0785378,-0.055841446
29388.555,6.961302,0.38348946,0.07727308,-0.0561508
30396.432,6.961302,0.38730118,0.076683894,-0.05700462
31404.307,6.961302,0.3963173,0.076971814,-0.05864419
32412.182,6.961302,0.4110734,0.07811002,-0.06119015
33420.06,6.961302,0.4312742,0.07986887,-0.06461045
34427.934,6.961302,0.45584822,0.08189072,-0.06871945
35435.81,6.961302,0.48315138,0.08378698,-0.07320707
36443.684,6.961302,0.5112676,0.08523096,-0.077690825
37451.562,6.961302,0.5383427,0.08602431,-0.0817794
38459.438,6.961302,0.5628882,0.08612378,-0.08513599
39467.312,6.961302,0.58399284,0.08562773,-0.08752958
40475.188,6.961302,0.6014177,0.08472902,-0.08886568
41483.062,6.961302,0.6155595,0.08365304,-0.08919275
42490.938,6.961302,0.6273036,0.08259503,-0.0886846
43498.812,6.961302,0.63780195,0.08167465,-0.08760368
44506.69,6.961302,0.64822394,0.080915466,-0.08625305
45514.566,6.961302,0.6595309,0.08025427,-0.08492607
46522.44,6.961302,0.6723124,0.079572126,-0.083862685
47530.316,6.961302,0.68671477,0.078739405,-0.08321898
48538.19,6.961302,0.702464,0.077659935,-0.0830545
49546.066,6.961302,0.7189722,0.07630434,-0.08333726
50553.938,6.961302,0.73550284,0.07472202,-0.0839639
51561.812,6.961302,0.7513506,0.07303081,-0.08479025
52569.688,6.961302,0.76600206,0.07138711,-0.08566512
53577.562,6.961302,0.779244,0.06994425,-0.086460985
54585.438,6.961302,0.7911949,0.06881201,-0.0870961
55593.312,6.961302,0.8022592,0.06802542,-0.087544784
56601.19,6.961302,0.81301725,0.06753479,-0.08783475
57609.066,6.961302,0.8240722,0.06721703,-0.08803372
58616.94,6.961302,0.835894,0.066908434,-0.08822898
59624.816,6.961302,0.8486914,0.06644858,-0.08850493
60632.69,6.961302,0.8623444,0.065726265,-0.088923566
61640.566,6.961302,0.87640977,0.064713836,-0.08951209
62648.44,6.961302,0.89020365,0.06348078,-0.09025987
63656.32,6.961302,0.9029417,0.062180243,-0.091124594
64664.195,6.961302,0.9139075,0.061012834,-0.09204558
65672.07,6.961302,0.922613,0.060173944,-0.09296038
66679.945,6.961302,0.92891115,0.05979828,-0.09382008
67687.82,6.961302,0.9330349,0.05991723,-0.09459978
68695.695,6.961302,0.9355529,0.06044156,-0.0953007
69703.57,6.961302,0.9372435,0.061177175,-0.095944546
70711.445,6.961302,0.9389221,0.06187071,-0.09656133
71719.32,6.961302,0.94125396,0.06227728,-0.097174644
72727.195,6.961302,0.94460833,0.062230136,-0.09778915
73735.08,6.961302,0.9489823,0.061693106,-0.09838475
74742.95,6.961302,0.9540266,0.06077665,-0.09891991
75750.83,6.961302,0.9591638,0.059710678,-0.099344194
76758.7,6.961302,0.9637734,0.058774892,-0.09961645
77766.58,6.961302,0.9673903,0.05820716,-0.09972314
78774.45,6.961302,0.9698566,0.05811779,-0.09968972
79782.33,6.961302,0.97137624,0.058440275,-0.09957971
80790.2,6.961302,0.9724419,0.05894387,-0.099478796
81798.08,6.961302,0.97365344,0.059312366,-0.09946759
82805.95,6.961302,0.97547674,0.05926894,-0.099590965
83813.83,6.961302,0.97804046,0.05870377,-0.09983607
84821.7,6.961302,0.98105264,0.057747237,-0.10013049
85829.58,6.961302,0.98390365,0.056742102,-0.10036704
86837.45,6.961302,0.9859427,0.056100514,-0.1004502
87845.33,6.961302,0.9868283,0.056089446,-0.100348055
88853.2,6.961302,0.98678505,0.056643873,-0.100122645
89861.08,6.961302,0.9865825,0.057330757,-0.099914335
90868.95,6.961302,0.9871499,0.0575514,-0.09987041
91876.83,6.961302,0.98894477,0.05694292,-0.10004307
92884.71,6.961302,0.99144727,0.055758417,-0.10031827
93892.586,6.961302,0.99329203,0.054867968,-0.10045637
94900.46,6.961302,0.9933409,0.055105727,-0.10028223
95908.336,6.961302,0.9921943,0.05620412,-0.09992928
96916.21,6.961302,0.99241346,0.05646769,-0.09984519
97924.086,6.961302,0.9952734,0.054864272,-0.10021494
98931.96,6.961302,0.9959275,0.054608926,-0.10017194
99939.836,6.961302,0.99617386,0.054736786,-0.1000893
160.16696,7.5666313,0.42094862,0.3342112,-0.035668835
1168.0425,7.5666313,0.3925802,0.13245647,-0.031942017
2175.918,7.5666313,0.4063595,0.12545875,-0.036534376
3183.7935,7.5666313,0.40362746,0.115147956,-0.03825829
4191.669,7.5666313,0.39904466,0.10116293,-0.039205946
5199.5444,7.5666313,0.40020263,0.09576556,-0.040878765
6207.42,7.5666313,0.40406457,0.09715235,-0.04296212
7215.2954,7.5666313,0.4063505,0.09872812,-0.044721767
8223.171,7.5666313,0.4062472,0.096994005,-0.045898598
9231.046,7.5666313,0.40583712,0.092679396,-0.046753913
10238.922,7.5666313,0.40757462,0.08839739,-0.04770753
11246.798,7.5666313,0.41237444,0.08619511,-0.0489956
12254.673,7.5666313,0.41919988,0.08647162,-0.05054286
13262.548,7.5666313,0.42584014,0.08822451,-0.052043743
14270.424,7.5666313,0.4301262,0.08994311,-0.05314818
15278.3,7.5666313,0.43090022,0.090468235,-0.05363769
16286.175,7.5666313,0.42839023,0.0894409,-0.053517915
17294.049,7.5666313,0.42397636,0.08728057,-0.053007543
18301.924,7.5666313,0.41956377,0.08484626,-0.05244781
19309.8,7.5666313,0.41686258,0.08300528,-0.052178223
20317.676,7.5666313,0.4168357,0.08229563,-0.0524267
21325.55,7.5666313,0.41946408,0.08278154,-0.053246852
22333.428,7.5666313,0.42385378,0.08410742,-0.05451633
23341.303,7.5666313,0.42860472,0.085684195,-0.05598808
24349.178,7.5666313,0.43229818,0.08692156,-0.05737443
25357.053,7.5666313,0.43395403,0.087421834,-0.058436893
26364.928,7.5666313,0.4333373,0.08708253,-0.059056755
27372.805,7.5666313,0.43104827,0.086093195,-0.059270076
28380.68,7.5666313,0.428396,0.08484582,-0.05926066
29388.555,7.5666313,0.42709917,0.08379916,-0.05931604
30396.432,7.5666313,0.42890424,0.083341174,-0.05975894
31404.307,7.5666313,0.43520728,0.083687425,-0.060871623
32412.182,7.5666313,0.44676632,0.08483851,-0.06283023
33420.06,7.5666313,0.46355557,0.08659749,-0.06566256
34427.934,7.5666313,0.48478323,0.08863659,-0.06923731
35435.81,7.5666313,0.509055,0.090588026,-0.07328489
36443.684,7.5666313,0.5346432,0.09213242,-0.07744458
37451.562,7.5666313,0.5597965,0.09306662,-0.08132711
38459.438,7.5666313,0.58303535,0.09333223,-0.08458032
39467.312,7.5666313,0.6033726,0.09300658,-0.08694557
40475.188,7.5666313,0.6204286,0.09226188,-0.08829498
41483.062,7.5666313,0.6344301,0.091306746,-0.088644415
42490.938,7.5666313,0.64610004,0.09032638,-0.0881412
43498.812,7.5666313,0.6564723,0.089438215,-0.08703091
44506.69,7.5666313,0.66667104,0.08866992,-0.085610494
45514.566,7.5666313,0.6776988,0.08796546,-0.08417691
46522.44,7.5666313,0.69026953,0.08721335,-0.082980946
47530.316,7.5666313,0.70471734,0.08628881,-0.08219348
48538.19,7.5666313,0.72098404,0.085097045,-0.08188933
49546.066,7.5666313,0.73868465,0.083605275,-0.08204966
50553.938,7.5666313,0.7572278,0.08185856,-0.08258073
51561.812,7.5666313,0.77596104,0.079970784,-0.08334403
52569.688,7.5666313,0.7943094,0.07809819,-0.08419067
53577.562,7.5666313,0.8118808,0.07640156,-0.08499335
54585.438,7.5666313,0.82851833,0.07500432,-0.08566968
55593.312,7.5666313,0.8442887,0.07396234,-0.086193055
56601.19,7.5666313,0.85942376,0.07324975,-0.08659008
57609.066,7.5666313,0.8742202,0.07276629,-0.086926445
58616.94,7.5666313,0.8889334,0.07236413,-0.08728493
59624.816,7.5666313,0.90368474,0.07188787,-0.08774166
60632.69,7.5666313,0.91840494,0.0712177,-0.08834554
61640.566,7.5666313,0.9328327,0.07030325,-0.08910584
62648.44,7.5666313,0.94656074,0.06917983,-0.08999062
63656.32,7.5666313,0.9591259,0.0679619,-0.09093532
64664.195,7.5666313,0.970117,0.06681301,-0.091859855
65672.07,7.5666313,0.9792793,0.065901056,-0.09268912
66679.945,7.5666313,0.9865832,0.06535036,-0.09337184
67687.82,7.5666313,0.99224555,0.06520078,-0.09389274
68695.695,7.5666313,0.99669063,0.0653908,-0.09427486
69703.57,7.5666313,1.00046,0.06576811,-0.09457132
70711.445,7.5666313,1.0040919,0.066127166,-0.094848216
71719.32,7.5666313,1.0079986,0.06626674,-0.09516394
72727.195,7.5666313,1.0123737,0.06604991,-0.0955503
73735.08,7.5666313,1.0171572,0.06545004,-0.09600146
74742.95,7.5666313,1.0220678,0.064565435,-0.09647474
75750.83,7.5666313,1.0267012,0.063594274,-0.09690371
76758.7,7.5666313,1.0306655,0.062774666,-0.09722065
77766.58,7.5666313,1.0337179,0.062303986,-0.09738147
78774.45,7.5666313,1.035857,0.062264472,-0.097385004
79782.33,7.5666313,1.0373359,0.06258145,-0.097278535
80790.2,7.5666313,1.0385852,0.063036874,-0.09714566
81798.08,7.5666313,1.0400605,0.0633432,-0.09707864
82805.95,7.5666313,1.0420637,0.0632559,-0.09714219
83813.83,7.5666313,1.0446044,0.06268757,-0.09734387
84821.7,7.5666313,1.0473716,0.061771497,-0.09762393
85829.58,7.5666313,1.0498451,0.06083092,-0.09787457
86837.45,7.5666313,1.0515326,0.060244866,-0.097986735
87845.33,7.5666313,1.0522404,0.060250055,-0.0979083
88853.2,7.5666313,1.0522437,0.060771283,-0.09768492
89861.08,7.5666313,1.0522233,0.06139546,-0.09745387
90868.95,7.5666313,1.052918,0.061564945,-0.097375825
91876.83,7.5666313,1.0546148,0.060952816,-0.09752538
92884.71,7.5666313,1.0567851,0.059812456,-0.09780426
93892.586,7.5666313,1.0582706,0.058967113,-0.097967386
94900.46,7.5666313,1.0582079,0.059190206,-0.09781366
95908.336,7.5666313,1.0572276,0.060208984,-0.09745383
96916.21,7.5666313,1.0574955,0.060418397,-0.097348124
97924.086,7.5666313,1.059919,0.05886769,-0.09772287
98931.96,7.5666313,1.0603247,0.05861481,-0.097701885
99939.836,7.5666313,1.0605023,0.058701817,-0.09761188
160.16696,8.171963,0.4507146,0.33655173,-0.035648875
1168.0425,8.171963,0.42084306,0.13700494,-0.032478444
2175.918,8.171963,0.43569717,0.13024187,-0.037505515
3183.7935,8.171963,0.43267632,0.120278575,-0.03945784
4191.669,8.171963,0.427288,0.10654242,-0.040468406
5199.5444,8.171963,0.4280303,0.101224154,-0.042203918
6207.42,8.171963,0.43211257,0.10264211,-0.04445941
7215.2954,8.171963,0.43508327,0.1042882,-0.046493363
8223.171,8.171963,0.4358431,0.10265266,-0.047964584
9231.046,8.171963,0.43624634,0.09841133,-0.049046826
10238.922,8.171963,0.43863356,0.094144605,-0.050113477
11246.798,8.171963,0.44390947,0.09191073,-0.05140583
12254.673,8.171963,0.4510842,0.09214804,-0.052889332
13262.548,8.171963,0.45800656,0.09389098,-0.054309346
14270.424,8.171963,0.46254504,0.09564112,-0.055355765
15278.3,8.171963,0.46355096,0.096222535,-0.05582943
16286.175,8.171963,0.4612489,0.09524195,-0.05573601
17294.049,8.171963,0.4570248,0.09308567,-0.05528348
18301.924,8.171963,0.45282525,0.09059701,-0.05480153
19309.8,8.171963,0.45044476,0.08865281,-0.054624896
20317.676,8.171963,0.45096222,0.087823674,-0.05498552
21325.55,8.171963,0.45447567,0.08821963,-0.05594724
22333.428,8.171963,0.46016872,0.08952854,-0.057397567
23341.303,8.171963,0.4666386,0.091191344,-0.05909238
24349.178,8.171963,0.4723596,0.092625745,-0.060734227
25357.053,8.171963,0.4761387,0.09341838,-0.06206036
26364.928,8.171963,0.47744644,0.09343167,-0.06291507
27372.805,8.171963,0.47655618,0.09281012,-0.06329019
28380.68,8.171963,0.47447777,0.0918998,-0.06332591
29388.555,8.171963,0.4727218,0.091122225,-0.06327504
30396.432,8.171963,0.4729635,0.090841904,-0.063441426
31404.307,8.171963,0.47669113,0.091267884,-0.064108804
32412.182,8.171963,0.48490882,0.09240919,-0.065476134
33420.06,8.171963,0.49795806,0.09408875,-0.06761297
34427.934,8.171963,0.5154704,0.0960042,-0.07044283
35435.81,8.171963,0.5364638,0.09781364,-0.07375693
36443.684,8.171963,0.5595379,0.099220835,-0.077252835
37451.562,8.171963,0.5831302,0.1000396,-0.08058959
38459.438,8.171963,0.6057809,0.10022199,-0.08344747
39467.312,8.171963,0.62635684,0.09985046,-0.085581236
40475.188,8.171963,0.64419997,0.09909768,-0.0868568
41483.062,8.171963,0.65918374,0.09816957,-0.08726634
42490.938,8.171963,0.67167544,0.09724678,-0.086920656
43498.812,8.171963,0.6824238,0.09643993,-0.08602158
44506.69,8.171963,0.6923964,0.09576757,-0.08482146
45514.566,8.171963,0.702602,0.095162004,-0.08357766
46522.44,8.171963,0.7139267,0.09449718,-0.082511134
47530.316,8.171963,0.7270124,0.09363179,-0.08177563
48538.19,8.171963,0.7421884,0.0924537,-0.08144276
49546.066,8.171963,0.75946283,0.090915725,-0.081503436
50553.938,8.171963,0.7785654,0.089053266,-0.08188429
51561.812,8.171963,0.7990275,0.08697913,-0.08247396
52569.688,8.171963,0.82027805,0.084858954,-0.083153404
53577.562,8.171963,0.84173906,0.0828729,-0.08382338
54585.438,8.171963,0.862901,0.08117364,-0.084423885
55593.312,8.171963,0.88337046,0.07985116,-0.08494221
56601.19,8.171963,0.90288603,0.078913465,-0.08540845
57609.066,8.171963,0.92130494,0.07828736,-0.08588111
58616.94,8.171963,0.9385738,0.07784016,-0.08642582
59624.816,8.171963,0.95468944,0.077414915,-0.087093726
60632.69,8.171963,0.9696651,0.0768721,-0.08790389
61640.566,8.171963,0.9835095,0.07612591,-0.08883448
62648.44,8.171963,0.9962211,0.07516536,-0.0898247
63656.32,8.171963,1.0077984,0.07405542,-0.090787135
64664.195,8.171963,1.0182589,0.07291721,-0.09162763
65672.07,8.171963,1.0276581,0.07189096,-0.09226788
66679.945,8.171963,1.0361001,0.07109433,-0.09266481
67687.82,8.171963,1.0437338,0.07058491,-0.092822485
68695.695,8.171963,1.050736,0.070340514,-0.09279215
69703.57,8.171963,1.0572745,0.07026248,-0.092660666
70711.445,8.171963,1.0634755,0.07020343,-0.092529416
71719.32,8.171963,1.0693917,0.07001276,-0.0924889
72727.195,8.171963,1.0749902,0.069586836,-0.09259547
73735.08,8.171963,1.0801629,0.06890709,-0.092856884
74742.95,8.171963,1.0847652,0.068054445,-0.093231186
75750.83,8.171963,1.0886676,0.067188546,-0.09364015
76758.7,8.171963,1.0918133,0.06649908,-0.09399381
77766.58,8.171963,1.0942588,0.06613722,-0.09422016
78774.45,8.171963,1.0961833,0.066153444,-0.09428975
79782.33,8.171963,1.0978564,0.066464566,-0.09422715
80790.2,8.171963,1.0995668,0.06686803,-0.09410377
81798.08,8.171963,1.1015328,0.06710749,-0.09401198
82805.95,8.171963,1.1038198,0.06697403,-0.094028674
83813.83,8.171963,1.106305,0.06640469,-0.09418093
84821.7,8.171963,1.1087079,0.06553515,-0.094429225
85829.58,8.171963,1.1106969,0.0646672,-0.09467915
86837.45,8.171963,1.1120403,0.06414386,-0.09482254
87845.33,8.171963,1.112742,0.064169295,-0.09479433
88853.2,8.171963,1.113089,0.06465857,-0.094618194
89861.08,8.171963,1.11355,0.06522021,-0.09441002
90868.95,8.171963,1.1145297,0.06534037,-0.094321705
91876.83,8.171963,1.1160787,0.064729996,-0.09443924
92884.71,8.171963,1.1177499,0.06364176,-0.09469281
93892.586,8.171963,1.1188078,0.0628484,-0.094865866
94900.46,8.171963,1.1188381,0.06305939,-0.094760604
95908.336,8.171963,1.1183991,0.06399797,-0.09445131
96916.21,8.171963,1.118858,0.0641558,-0.09434587
97924.086,8.171963,1.1205689,0.06266715,-0.094677776
98931.96,8.171963,1.1207995,0.06242085,-0.09468459
99939.836,8.171963,1.1210284,0.062470146,-0.094603956
160.16696,8.777292,0.479713,0.33890438,-0.035824064
1168.0425,8.777292,0.44809255,0.14178935,-0.033192515
2175.918,8.777292,0.46440506,0.1353185,-0.03868962
3183.7935,8.777292,0.46199214,0.1257445,-0.04091052
4191.669,8.777292,0.45609456,0.11227769,-0.042039245
5199.5444,8.777292,0.45628732,0.10703277,-0.04386341
6207.42,8.777292,0.46052042,0.10847875,-0.04626023
7215.2954,8.777292,0.46427923,0.110226244,-0.048488468
8223.171,8.777292,0.4658963,0.10876063,-0.05014547
9231.046,8.777292,0.46664548,0.10468035,-0.05133106
10238.922,8.777292,0.46861923,0.10049654,-0.052376956
11246.798,8.777292,0.4728735,0.09825108,-0.053535223
12254.673,8.777292,0.4788328,0.098416656,-0.054827284
13262.548,8.777292,0.48479843,0.10008497,-0.056074895
14270.424,8.777292,0.4889437,0.101804726,-0.057035796
15278.3,8.777292,0.49018985,0.10241842,-0.057548545
16286.175,8.777292,0.48861966,0.101521015,-0.05761849
17294.049,8.777292,0.4853685,0.09946758,-0.05742081
18301.924,8.777292,0.48214582,0.09706826,-0.057235375
19309.8,8.777292,0.4806214,0.09517882,-0.05734808
20317.676,8.777292,0.48190132,0.09436849,-0.057957835
21325.55,8.777292,0.4862393,0.09476484,-0.059118964
22333.428,8.777292,0.49303058,0.096086174,-0.060731865
23341.303,8.777292,0.5010452,0.097805016,-0.062579095
24349.178,8.777292,0.5088103,0.099363014,-0.06439142
25357.053,8.777292,0.5150166,0.10035572,-0.06592265
26364.928,8.777292,0.51885486,0.10063625,-0.067013055
27372.805,8.777292,0.52020514,0.10032321,-0.067626506
28380.68,8.777292,0.5196565,0.09972549,-0.06785459
29388.555,8.777292,0.5183713,0.09922279,-0.067889884
30396.432,8.777292,0.517836,0.09914054,-0.06797749
31404.307,8.777292,0.5195634,0.09965776,-0.068357
32412.182,8.777292,0.5248071,0.10076643,-0.069209106
33420.06,8.777292,0.53434056,0.1022874,-0.07061741
34427.934,8.777292,0.54833794,0.1039314,-0.07255247
35435.81,8.777292,0.5663642,0.105381906,-0.07487964
36443.684,8.777292,0.58746886,0.106377326,-0.07738736
37451.562,8.777292,0.6103573,0.10677044,-0.079828486
38459.438,8.777292,0.63360494,0.10655289,-0.081966005
39467.312,8.777292,0.6558769,0.10584244,-0.08361372
40475.188,8.777292,0.67611504,0.10483943,-0.08466481
41483.062,8.777292,0.69367445,0.10376671,-0.08510376
42490.938,8.777292,0.7083847,0.10280959,-0.08500122
43498.812,8.777292,0.72054,0.102070026,-0.08449388
44506.69,8.777292,0.7308245,0.10154618,-0.083755046
45514.566,8.777292,0.7401867,0.10113979,-0.082961485
46522.44,8.777292,0.749689,0.10068841,-0.08226426
47530.316,8.777292,0.760352,0.100012355,-0.08176755
48538.19,8.777292,0.7730137,0.098965034,-0.081519306
49546.066,8.777292,0.78822726,0.097472936,-0.081514284
50553.938,8.777292,0.8061986,0.095557645,-0.08170706
51561.812,8.777292,0.8267777,0.09333329,-0.08203175
52569.688,8.777292,0.84949267,0.090982355,-0.08242314
53577.562,8.777292,0.87362456,0.08871509,-0.08283451
54585.438,8.777292,0.89830965,0.086723216,-0.083248466
55593.312,8.777292,0.9226497,0.08513864,-0.08367849
56601.19,8.777292,0.94582206,0.08400714,-0.08416137
57609.066,8.777292,0.9671722,0.08328265,-0.08474305
58616.94,8.777292,0.98627776,0.08284323,-0.08546076
59624.816,8.777292,1.0029783,0.08252383,-0.08632719
60632.69,8.777292,1.0173684,0.08215798,-0.08731953
61640.566,8.777292,1.029758,0.08161817,-0.08837755
62648.44,8.777292,1.0406047,0.08084378,-0.08941082
63656.32,8.777292,1.0504291,0.079850644,-0.090314806
64664.195,8.777292,1.0597289,0.07872031,-0.09099178
65672.07,8.777292,1.0688999,0.077571005,-0.091372356
66679.945,8.777292,1.0781808,0.07652019,-0.09143256
67687.82,8.777292,1.0876245,0.07564866,-0.091201775
68695.695,8.777292,1.0971059,0.07497609,-0.0907593
69703.57,8.777292,1.1063596,0.074457966,-0.09021952
70711.445,8.777292,1.1150444,0.0740022,-0.08970834
71719.32,8.777292,1.1228191,0.073504,-0.089336336
72727.195,8.777292,1.12942,0.07288727,-0.089174554
73735.08,8.777292,1.1347202,0.07213756,-0.089239776
74742.95,8.777292,1.1387588,0.07131636,-0.0894928
75750.83,8.777292,1.1417376,0.0705468,-0.089851454
76758.7,8.777292,1.1439775,0.06997353,-0.09021515
77766.58,8.777292,1.14585,0.06970691,-0.09049454
78774.45,8.777292,1.1476943,0.06977107,-0.09063811
79782.33,8.777292,1.1497434,0.070077226,-0.09064673
80790.2,8.777292,1.1520767,0.070437394,-0.09057096
81798.08,8.777292,1.1546137,0.070623785,-0.090490654
82805.95,8.777292,1.1571572,0.07045774,-0.090482295
83813.83,8.777292,1.159468,0.06989593,-0.09058601
84821.7,8.777292,1.1613594,0.06907403,-0.0907856
85829.58,8.777292,1.1627709,0.06827393,-0.09101243
86837.45,8.777292,1.1637971,0.067807466,-0.091175534
87845.33,8.777292,1.164653,0.06785236,-0.091209024
88853.2,8.777292,1.1655793,0.06831736,-0.09111415
89861.08,8.777292,1.1667243,0.06883119,-0.09097044
90868.95,8.777292,1.168056,0.06891818,-0.090898074
91876.83,8.777292,1.1693658,0.06831987,-0.09097858
92884.71,8.777292,1.1703855,0.06728501,-0.09117736
93892.586,8.777292,1.1709819,0.0665414,-0.09133749
94900.46,8.777292,1.1713021,0.06674486,-0.091297016
95908.336,8.777292,1.1717131,0.06761951,-0.091087796
96916.21,8.777292,1.1724548,0.06774283,-0.09100578
97924.086,8.777292,1.1732244,0.06631808,-0.091250084
98931.96,8.777292,1.1733816,0.06608195,-0.09128246
99939.836,8.777292,1.1737678,0.06610733,-0.091226615
160.16696,9.382624,0.50799656,0.34134364,-0.03621219
1168.0425,9.382624,0.47422168,0.1468052,-0.034101233
2175.918,9.382624,0.4920843,0.1406712,-0.040089063
3183.7935,9.382624,0.49093106,0.13149546,-0.042599827
4191.669,9.382624,0.48466694,0.11832444,-0.043884143
5199.5444,9.382624,0.4840505,0.113174036,-0.045801036
6207.42,9.382624,0.48822245,0.11465439,-0.04828035
7215.2954,9.382624,0.49273604,0.11651522,-0.050594654
8223.171,9.382624,0.49512923,0.11525883,-0.052310504
9231.046,9.382624,0.49579334,0.1114045,-0.053475723
10238.922,9.382624,0.49644062,0.107369065,-0.054387033
11246.798,9.382624,0.4984044,0.10514763,-0.05530738
12254.673,9.382624,0.501828,0.10523234,-0.056319527
13262.548,9.382624,0.50580347,0.10678041,-0.05733661
14270.424,9.382624,0.5090419,0.10841709,-0.058204412
15278.3,9.382624,0.5105899,0.10904091,-0.058814593
16286.175,9.382624,0.5102719,0.10826433,-0.059173368
17294.049,9.382624,0.5087438,0.1064219,-0.059406355
18301.924,9.382624,0.50722456,0.10427829,-0.0597112
19309.8,9.382624,0.50705826,0.1026367,-0.06028589
20317.676,9.382624,0.5092813,0.10202525,-0.06126194
21325.55,9.382624,0.51432127,0.10255289,-0.06266457
22333.428,9.382624,0.5218955,0.103943445,-0.06440753
23341.303,9.382624,0.5311099,0.10569626,-0.06632098
24349.178,9.382624,0.5407048,0.10728939,-0.06819882
25357.053,9.382624,0.5493767,0.10835309,-0.069851786
26364.928,9.382624,0.55609006,0.108762376,-0.07115086
27372.805,9.382624,0.56031513,0.108638555,-0.07205225
28380.68,9.382624,0.56214684,0.10827114,-0.07259983
29388.555,9.382624,0.5622939,0.10800195,-0.07290721
30396.432,9.382624,0.5619473,0.108107105,-0.07312608
31404.307,9.382624,0.56256586,0.10871376,-0.07340942
32412.182,9.382624,0.56561625,0.10977008,-0.073878266
33420.06,9.382624,0.5723226,0.111069605,-0.07459863
34427.934,9.382624,0.58346033,0.112317175,-0.07557249
35435.81,9.382624,0.59922945,0.11321432,-0.076742955
36443.684,9.382624,0.61922264,0.11353919,-0.07801075
37451.562,9.382624,0.64248735,0.113200575,-0.0792577
38459.438,9.382624,0.6676727,0.1122548,-0.08037137
39467.312,9.382624,0.6932292,0.11088367,-0.08126551
40475.188,9.382624,0.71763754,0.10934188,-0.08189358
41483.062,9.382624,0.7396265,0.107890554,-0.082252145
42490.938,9.382624,0.75835073,0.10673189,-0.08237598
43498.812,9.382624,0.7735021,0.105961695,-0.08232594
44506.69,9.382624,0.78534186,0.1055515,-0.082173586
45514.566,9.382624,0.79464877,0.10535989,-0.081986055
46522.44,9.382624,0.8025919,0.105171725,-0.081814215
47530.316,9.382624,0.81054944,0.10475364,-0.08168684
48538.19,9.382624,0.8198982,0.103911296,-0.081610814
49546.066,9.382624,0.8318058,0.102536924,-0.081577465
50553.938,9.382624,0.8470575,0.10063511,-0.08157203
51561.812,9.382624,0.86594105,0.09832229,-0.081584424
52569.688,9.382624,0.88820624,0.09580072,-0.08161776
53577.562,9.382624,0.91310656,0.09331408,-0.081692606
54585.438,9.382624,0.9395147,0.09109511,-0.08184572
55593.312,9.382624,0.9660938,0.08931662,-0.082122825
56601.19,9.382624,0.991498,0.08805818,-0.082567625
57609.066,9.382624,1.01457,0.08729507,-0.083208516
58616.94,9.382624,1.0345049,0.086909406,-0.08404713
59624.816,9.382624,1.0509543,0.08672366,-0.0850507
60632.69,9.382624,1.0640521,0.08654337,-0.08615117
61640.566,9.382624,1.0743618,0.08620293,-0.08725176
62648.44,9.382624,1.0827503,0.08560055,-0.088240266
63656.32,9.382624,1.0902187,0.08471456,-0.0890075
64664.195,9.382624,1.097709,0.083599456,-0.08946664
65672.07,9.382624,1.1059356,0.082362466,-0.08957041
66679.945,9.382624,1.1152617,0.0811274,-0.089321956
67687.82,9.382624,1.1256502,0.079997726,-0.08877652
68695.695,9.382624,1.136697,0.079028,-0.08803336
69703.57,9.382624,1.1477385,0.07821357,-0.087218724
70711.445,9.382624,1.1580131,0.07750022,-0.086462826
71719.32,9.382624,1.1668382,0.07681193,-0.085875764
72727.195,9.382624,1.1737676,0.07608644,-0.085527375
73735.08,9.382624,1.1786903,0.07530694,-0.08543541
74742.95,9.382624,1.181848,0.0745182,-0.08556555
75750.83,9.382624,1.1837643,0.07381635,-0.08584301
76758.7,9.382624,1.1851047,0.0733173,-0.086173624
77766.58,9.382624,1.1865001,0.07310731,-0.086468965
78774.45,9.382624,1.188384,0.07319769,-0.0866691
79782.33,9.382624,1.1908903,0.07349972,-0.0867562
80790.2,9.382624,1.1938436,0.07383793,-0.08675543
81798.08,9.382624,1.1968527,0.074002765,-0.08672133
82805.95,9.382624,1.1994762,0.07383244,-0.08671495
83813.83,9.382624,1.2014103,0.07329228,-0.086778104
84821.7,9.382624,1.2026231,0.07251382,-0.08691564
85829.58,9.382624,1.2033772,0.07176409,-0.08709277
86837.45,9.382624,1.2041126,0.07133572,-0.0872513
87845.33,9.382624,1.2052288,0.07139319,-0.0873393
88853.2,9.382624,1.2068546,0.0718459,-0.087341085
89861.08,9.382624,1.2087415,0.072339326,-0.08729118
90868.95,9.382624,1.2103763,0.072421096,-0.08725846
91876.83,9.382624,1.2113135,0.07184806,-0.087302156
92884.71,9.382624,1.2115562,0.07086062,-0.087421834
93892.586,9.382624,1.211683,0.0701548,-0.08754212
94900.46,9.382624,1.2124363,0.07035575,-0.087567024
95908.336,9.382624,1.2138758,0.07119637,-0.087489784
96916.21,9.382624,1.2149148,0.0713134,-0.087451115
97924.086,9.382624,1.2145886,0.06994607,-0.08757506
98931.96,9.382624,1.2147716,0.06972164,-0.08762251
99939.836,9.382624,1.2153778,0.06974509,-0.08760269
160.16696,9.987953,0.5356307,0.34397215,-0.036811426
1168.0425,9.987953,0.4992794,0.15205063,-0.03523037
2175.918,9.987953,0.51844096,0.14628255,-0.041708425
3183.7935,9.987953,0.5187541,0.13748096,-0.04450879
4191.669,9.987953,0.5121016,0.12463385,-0.0459643
5199.5444,9.987953,0.5103948,0.11962388,-0.047957864
6207.42,9.987953,0.5142118,0.121154666,-0.05044626
7215.2954,9.987953,0.5192901,0.12311885,-0.052733973
8223.171,9.987953,0.52229095,0.122068316,-0.054392837
9231.046,9.987953,0.52256787,0.118465394,-0.055445008
10238.922,9.987953,0.5213662,0.11462716,-0.056159113
11246.798,9.987953,0.5203423,0.11247794,-0.056803353
12254.673,9.987953,0.52051306,0.11250549,-0.057515286
13262.548,9.987953,0.52194977,0.11392682,-0.058299705
14270.424,9.987953,0.52404517,0.115459524,-0.05909758
15278.3,9.987953,0.5260205,0.1160869,-0.05986212
16286.175,9.987953,0.5273849,0.11546796,-0.06060271
17294.049,9.987953,0.528177,0.11393264,-0.061386626
18301.924,9.987953,0.52895254,0.11219525,-0.062309828
19309.8,9.987953,0.5305755,0.11098363,-0.06345677
20317.676,9.987953,0.533912,0.110749096,-0.0648673
21325.55,9.987953,0.5395404,0.111544795,-0.06652181
22333.428,9.987953,0.5475521,0.11307341,-0.0683458
23341.303,9.987953,0.5574957,0.114848666,-0.07023022
24349.178,9.987953,0.5684619,0.116391644,-0.07205758
25357.053,9.987953,0.57928485,0.11738802,-0.07372653
26364.928,9.987953,0.588804,0.11776496,-0.07516846
27372.805,9.987953,0.59613246,0.117675744,-0.07635301
28380.68,9.987953,0.60087144,0.117414445,-0.07728395
29388.555,9.987953,0.6032282,0.117296055,-0.07798846
30396.432,9.987953,0.6040204,0.11754532,-0.07850409
31404.307,9.987953,0.60456216,0.11822373,-0.07886729
32412.182,9.987953,0.6064533,0.11921415,-0.0791067
33420.06,9.987953,0.6113137,0.12025851,-0.07924158
34427.934,9.987953,0.6205015,0.12103518,-0.079284884
35435.81,9.987953,0.6348738,0.12125076,-0.07924895
36443.684,9.987953,0.6546202,0.12071963,-0.07915134
37451.562,9.987953,0.6792056,0.119413294,-0.07901848
38459.438,9.987953,0.7074288,0.11746693,-0.07888576
39467.312,9.987953,0.7375894,0.11514563,-0.07879366
40475.188,9.987953,0.76773703,0.112779096,-0.07878086
41483.062,9.987953,0.7959622,0.11068458,-0.07887584
42490.938,9.987953,0.8206821,0.10909423,-0.07908943
43498.812,9.987953,0.84087956,0.10810614,-0.079410285
44506.69,9.987953,0.85625076,0.10766684,-0.079804346
45514.566,9.987953,0.8672414,0.107590266,-0.0802194
46522.44,9.987953,0.8749673,0.107604705,-0.08059411
47530.316,9.987953,0.88102597,0.107418105,-0.08086957
48538.19,9.987953,0.8872356,0.10678522,-0.081001505
49546.066,9.987953,0.89534056,0.1055604,-0.08097083
50553.938,9.987953,0.9067292,0.103730276,-0.08078997
51561.812,9.987953,0.92221534,0.10141124,-0.08050359
52569.688,9.987953,0.94191265,0.0988213,-0.08018337
53577.562,9.987953,0.9652249,0.0962319,-0.07991727
54585.438,9.987953,0.9909566,0.09390717,-0.07979485
55593.312,9.987953,1.0175161,0.092049405,-0.079891354
56601.19,9.987953,1.0431855,0.09075985,-0.080253385
57609.066,9.987953,1.0664047,0.09002353,-0.080888554
58616.94,9.987953,1.0860236,0.08972068,-0.08176136
59624.816,9.987953,1.1014756,0.08965993,-0.082795955
60632.69,9.987953,1.1128458,0.08962613,-0.08388633
61640.566,9.987953,1.1208186,0.08942989,-0.08491156
62648.44,9.987953,1.1265204,0.08894772,-0.08575393
63656.32,9.987953,1.1312821,0.0881426,-0.08631732
64664.195,9.987953,1.1363721,0.087062664,-0.08654209
65672.07,9.987953,1.1427516,0.08581797,-0.08641434
66679.945,9.987953,1.1508967,0.0845433,-0.0859675
67687.82,9.987953,1.1607296,0.08335772,-0.085276544
68695.695,9.987953,1.1716703,0.0823327,-0.08444492
69703.57,9.987953,1.1827921,0.08147771,-0.08358759
70711.445,9.987953,1.1930579,0.080746666,-0.082812324
71719.32,9.987953,1.2015715,0.080065005,-0.082203425
72727.195,9.987953,1.2077944,0.07936519,-0.081809804
73735.08,9.987953,1.2116668,0.07862124,-0.08164079
74742.95,9.987953,1.2136084,0.077866815,-0.08166888
75750.83,9.987953,1.2143917,0.077189974,-0.081839636
76758.7,9.987953,1.2149189,0.07670223,-0.08208552
77766.58,9.987953,1.2159646,0.07649186,-0.08234145
78774.45,9.987953,1.2179587,0.07657605,-0.08255786
79782.33,9.987953,1.2208757,0.0768749,-0.082708746
80790.2,9.987953,1.2242757,0.07722027,-0.08279352
81798.08,9.987953,1.2274889,0.07740626,-0.082832105
82805.95,9.987953,1.2298958,0.07726934,-0.08285488
83813.83,9.987953,1.2311965,0.07676762,-0.082891285
84821.7,9.987953,1.2315644,0.07602382,-0.08295965
85829.58,9.987953,1.2315958,0.07529717,-0.08306164
86837.45,9.987953,1.2320458,0.07487819,-0.083183154
87845.33,9.987953,1.2334397,0.074936055,-0.0833009
88853.2,9.987953,1.2357368,0.07539022,-0.083392695
89861.08,9.987953,1.2382631,0.07589623,-0.08344746
90868.95,9.987953,1.2400424,0.07600643,-0.08347083
91876.83,9.987953,1.2404506,0.075471826,-0.083483174
92884.71,9.987953,1.2398275,0.074519135,-0.08350959
93892.586,9.987953,1.2394869,0.07383147,-0.08356467
94900.46,9.987953,1.2407231,0.074033715,-0.083639495
95908.336,9.987953,1.2432024,0.07487704,-0.08370148
96916.21,9.987953,1.244469,0.07502062,-0.08371874
97924.086,9.987953,1.2429795,0.07369681,-0.0837084
98931.96,9.987953,1.2432525,0.07348274,-0.08375429
99939.836,9.987953,1.2440801,0.07352814,-0.083774954
160.16696,10.593285,0.56266433,0.34690055,-0.03760057
1168.0425,10.593285,0.52347136,0.15752186,-0.036611915
2175.918,10.593285,0.5433836,0.15213822,-0.043557577
3183.7935,10.593285,0.54481417,0.14366361,-0.046627834
4191.669,10.593285,0.53763515,0.13116361,-0.04825055
5199.5444,10.593285,0.5346877,0.12635434,-0.050293345
6207.42,10.593285,0.5378741,0.12796068,-0.05272134
7215.2954,10.593285,0.5431744,0.13000152,-0.05488943
8223.171,10.593285,0.5464982,0.12911306,-0.05641015
9231.046,10.593285,0.54624486,0.1257425,-0.05730746
10238.922,10.593285,0.54319584,0.12212479,-0.057829883
11246.798,10.593285,0.53927505,0.12010195,-0.05824122
12254.673,10.593285,0.53631103,0.12013322,-0.058716033
13262.548,10.593285,0.53532445,0.12147515,-0.05933456
14270.424,10.593285,0.5364016,0.12293289,-0.060123336
15278.3,10.593285,0.5389769,0.123586066,-0.061094474
16286.175,10.593285,0.54227716,0.12315918,-0.062261954
17294.049,10.593285,0.5457252,0.12199372,-0.063635886
18301.924,10.593285,0.54917026,0.1207594,-0.06520863
19309.8,10.593285,0.55291235,0.12009923,-0.0669454
20317.676,10.593285,0.5575519,0.12036741,-0.06878635
21325.55,10.593285,0.56373596,0.12153521,-0.0706598
22333.428,10.593285,0.5718935,0.12326018,-0.07249969
23341.303,10.593285,0.58203983,0.12505595,-0.0742603
24349.178,10.593285,0.5937011,0.1264841,-0.075922206
25357.053,10.593285,0.60597855,0.12729669,-0.07748732
26364.928,10.593285,0.6177349,0.12749234,-0.07896544
27372.805,10.593285,0.62785923,0.12728101,-0.08035733
28380.68,10.593285,0.6355462,0.12698318,-0.081640564
29388.555,10.593285,0.6405288,0.12690456,-0.082763016
30396.432,10.593285,0.6432097,0.12722571,-0.083647035
31404.307,10.593285,0.64466035,0.12794103,-0.08420351
32412.182,10.593285,0.6464827,0.1288574,-0.08435267
33420.06,10.593285,0.6505556,0.12964973,-0.084046625
34427.934,10.593285,0.6587156,0.12995209,-0.08328733
35435.81,10.593285,0.6724206,0.12945919,-0.08213617
36443.684,10.593285,0.6924694,0.12800929,-0.08071158
37451.562,10.593285,0.71882176,0.12562878,-0.079174876
38459.438,10.593285,0.75055504,0.12253031,-0.077706695
39467.312,10.593285,0.7859711,0.11906542,-0.0764787
40475.188,10.593285,0.8228322,0.11564647,-0.07562564
41483.062,10.593285,0.8586938,0.112657204,-0.07522347
42490.938,10.593285,0.8912702,0.110372074,-0.0752776
43498.812,10.593285,0.9187847,0.10890381,-0.07572354
44506.69,10.593285,0.9402304,0.10818733,-0.07643955
45514.566,10.593285,0.95551354,0.108004175,-0.07726948
46522.44,10.593285,0.9654428,0.108037606,-0.07805052
47530.316,10.593285,0.971576,0.10794741,-0.078641854
48538.19,10.593285,0.97594506,0.107444346,-0.07894842
49546.066,10.593285,0.9807114,0.10635026,-0.07893561
50553.938,10.593285,0.98780423,0.10463196,-0.07863298
51561.812,10.593285,0.9986076,0.10239986,-0.07812627
52569.688,10.593285,1.0137461,0.099876836,-0.0775395
53577.562,10.593285,1.0330057,0.09734439,-0.07701106
54585.438,10.593285,1.0554013,0.09507806,-0.07666778
55593.312,10.593285,1.0793735,0.09328789,-0.07660204
56601.19,10.593285,1.1030831,0.09207766,-0.076856054
57609.066,10.593285,1.1247447,0.09142874,-0.07741533
58616.94,10.593285,1.1429424,0.09121356,-0.07821291
59624.816,10.593285,1.156864,0.091231905,-0.07914244
60632.69,10.593285,1.1664191,0.091262534,-0.08007789
61640.566,10.593285,1.1722152,0.09111541,-0.08089544
62648.44,10.593285,1.1754007,0.09067347,-0.08149414
63656.32,10.593285,1.1774089,0.089912884,-0.08181071
64664.195,10.593285,1.1796533,0.088898756,-0.08182712
65672.07,10.593285,1.1832393,0.08775805,-0.08156913
66679.945,10.593285,1.1887519,0.08663722,-0.081097625
67687.82,10.593285,1.1961637,0.085658155,-0.08049451
68695.695,10.593285,1.2048826,0.08488401,-0.07984683
69703.57,10.593285,1.2139311,0.08430462,-0.07923198
70711.445,10.593285,1.2222089,0.08384697,-0.07870767
71719.32,10.593285,1.2287827,0.08340661,-0.07830715
72727.195,10.593285,1.2331256,0.08289084,-0.078040265
73735.08,10.593285,1.2352512,0.08225811,-0.07789905
74742.95,10.593285,1.235694,0.08154105,-0.07786485
75750.83,10.593285,1.2353479,0.080841176,-0.077915266
76758.7,10.593285,1.2351949,0.08029501,-0.07802847
77766.58,10.593285,1.236007,0.08002071,-0.07818431
78774.45,10.593285,1.2381052,0.08006272,-0.078363255
79782.33,10.593285,1.2412641,0.080357976,-0.07854459
80790.2,10.593285,1.2448034,0.08074012,-0.07870665
81798.08,10.593285,1.2478498,0.08099097,-0.07882985
82805.95,10.593285,1.2496939,0.08092467,-0.07890287
83813.83,10.593285,1.2501091,0.080476776,-0.078929156
84821.7,10.593285,1.2494969,0.079755574,-0.07892964
85829.58,10.593285,1.2487557,0.07902092,-0.0789386
86837.45,10.593285,1.248888,0.078579016,-0.078990445
87845.33,10.593285,1.2504741,0.078621894,-0.07910176
88853.2,10.593285,1.2532687,0.07908832,-0.0792565
89861.08,10.593285,1.2561967,0.07963772,-0.07940577
90868.95,10.593285,1.2578909,0.079806514,-0.079490356
91876.83,10.593285,1.2576237,0.079319656,-0.07948083
92884.71,10.593285,1.2560914,0.07838507,-0.07941358
93892.586,10.593285,1.2552803,0.07769214,-0.07938574
94900.46,10.593285,1.2569346,0.07789645,-0.07948266
95908.336,10.593285,1.2602954,0.07877615,-0.07966459
96916.21,10.593285,1.2616543,0.07897523,-0.079739705
97924.086,10.593285,1.2590227,0.077676445,-0.07960318
98931.96,10.593285,1.2593868,0.07746817,-0.07962874
99939.836,10.593285,1.2603705,0.07755578,-0.079686254
160.16696,11.198616,0.58909094,0.35022315,-0.038540736
1168.0425,11.198616,0.5471165,0.16320962,-0.038278937
2175.918,11.198616,0.56706256,0.15822741,-0.045652207
3183.7935,11.198616,0.5687127,0.15002799,-0.048960313
4191.669,11.198616,0.5608454,0.13788627,-0.05073395
5199.5444,11.198616,0.55679005,0.133337,-0.052799314
6207.42,11.198616,0.5592015,0.13504922,-0.055119388
7215.2954,11.198616,0.56425726,0.13713485,-0.057113644
8223.171,11.198616,0.56747586,0.13634007,-0.058463685
9231.046,11.198616,0.5666781,0.1331471,-0.05922106
10238.922,11.198616,0.56230885,0.12974606,-0.05962432
11246.798,11.198616,0.55640745,0.12790419,-0.05992326
12254.673,11.198616,0.5513126,0.12803298,-0.060304172
13262.548,11.198616,0.5487156,0.12939878,-0.06089087
14270.424,11.198616,0.5492572,0.13086873,-0.061767943
15278.3,11.198616,0.55260855,0.13160588,-0.0629904
16286.175,11.198616,0.55785275,0.13140191,-0.06457493
17294.049,11.198616,0.5639572,0.13062155,-0.06648494
18301.924,11.198616,0.5701703,0.12990375,-0.06862633
19309.8,11.198616,0.57623637,0.12981653,-0.07086256
20317.676,11.198616,0.58240056,0.13061857,-0.07304637
21325.55,11.198616,0.5892357,0.1321931,-0.07505806
22333.428,11.198616,0.59737194,0.1341398,-0.076836124
23341.303,11.198616,0.6072159,0.13595901,-0.078389466
24349.178,11.198616,0.61874616,0.13724186,-0.07978732
25357.053,11.198616,0.6314472,0.13780227,-0.08112931
26364.928,11.198616,0.64438903,0.1377138,-0.08250567
27372.805,11.198616,0.65644276,0.1372539,-0.08395887
28380.68,11.198616,0.6665734,0.13678622,-0.085458264
29388.555,11.198616,0.67413926,0.13662523,-0.08689454
30396.432,11.198616,0.67912614,0.13692506,-0.08809635
31404.307,11.198616,0.6822612,0.13762513,-0.0888647
32412.182,11.198616,0.68496984,0.13846259,-0.08901724
33420.06,11.198616,0.6891819,0.13904263,-0.08843214
34427.934,11.198616,0.6970172,0.138945,-0.087081335
35435.81,11.198616,0.7104099,0.13783598,-0.08504552
36443.684,11.198616,0.7307384,0.13555616,-0.08250816
37451.562,11.198616,0.75853753,0.13216478,-0.07972886
38459.438,11.198616,0.79334116,0.12793091,-0.077002406
39467.312,11.198616,0.8336929,0.12327689,-0.0746104
40475.188,11.198616,0.8773245,0.118688524,-0.07277651
41483.062,11.198616,0.9214725,0.11461555,-0.07163204
42490.938,11.198616,0.9632822,0.111382864,-0.07119903
43498.812,11.198616,1.0002304,0.109134525,-0.07139286
44506.69,11.198616,1.030493,0.10781734,-0.072043575
45514.566,11.198616,1.0532005,0.10720745,-0.07293043
46522.44,11.198616,1.0685356,0.106971264,-0.07382388
47530.316,11.198616,1.0776606,0.10674527,-0.07452589
48538.19,11.198616,1.0824867,0.10621528,-0.07490211
49546.066,11.198616,1.0853324,0.105181836,-0.07490006
50553.938,11.198616,1.0885231,0.10359171,-0.07455102
51561.812,11.198616,1.0940092,0.10153914,-0.073956214
52569.688,11.198616,1.1030619,0.09923295,-0.073260725
53577.562,11.198616,1.1160996,0.09693767,-0.072621234
54585.438,11.198616,1.1326728,0.09491134,-0.072173715
55593.312,11.198616,1.1515994,0.09334424,-0.07200771
56601.19,11.198616,1.1712286,0.09231988,-0.07215143
57609.066,11.198616,1.1897748,0.09180296,-0.072570555
58616.94,11.198616,1.2056615,0.09165563,-0.07317944
59624.816,11.198616,1.2178072,0.09167881,-0.07386221
60632.69,11.198616,1.2258027,0.09166563,-0.074498504
61640.566,11.198616,1.2299466,0.09145295,-0.07498829
62648.44,11.198616,1.231138,0.09096085,-0.07527043
63656.32,11.198616,1.2306507,0.090206705,-0.07533157
64664.195,11.198616,1.2298415,0.08929346,-0.07520343
65672.07,11.198616,1.2298552,0.08837438,-0.074950635
66679.945,11.198616,1.2313926,0.087604195,-0.07465172
67687.82,11.198616,1.234591,0.08709092,-0.07437894
68695.695,11.198616,1.2390447,0.08686215,-0.07418138
69703.57,11.198616,1.243959,0.086855814,-0.07407626
70711.445,11.198616,1.2483985,0.086939044,-0.07404957
71719.32,11.198616,1.2515659,0.086951576,-0.07406597
72727.195,11.198616,1.2530382,0.08675944,-0.0740843
73735.08,11.198616,1.2528927,0.08630339,-0.07407407
74742.95,11.198616,1.2516868,0.085625455,-0.074027136
75750.83,11.198616,1.2502859,0.08486129,-0.07396093
76758.7,11.198616,1.2495885,0.08419766,-0.073911555
77766.58,11.198616,1.2502246,0.0838064,-0.07391882
78774.45,11.198616,1.2523298,0.08377597,-0.074008204
79782.33,11.198616,1.2554743,0.08406537,-0.07417692
80790.2,11.198616,1.2587944,0.08450569,-0.07439032
81798.08,11.198616,1.2613057,0.08485244,-0.07459165
82805.95,11.198616,1.2622943,0.08488208,-0.07472381
83813.83,11.198616,1.2616525,0.08449553,-0.07475507
84821.7,11.198616,1.2599933,0.083783686,-0.07469793
85829.58,11.198616,1.2584523,0.08301368,-0.07460958
86837.45,11.198616,1.2581916,0.08252096,-0.07456894
87845.33,11.198616,1.2597883,0.082534656,-0.074636385
88853.2,11.198616,1.2627987,0.08301832,-0.0748132
89861.08,11.198616,1.2658198,0.08362938,-0.07502733
90868.95,11.198616,1.2671974,0.08387406,-0.075164616
91876.83,11.198616,1.2661626,0.08343634,-0.07514413
92884.71,11.198616,1.2637303,0.08250266,-0.074997626
93892.586,11.198616,1.2624273,0.081783704,-0.07488281
94900.46,11.198616,1.2643235,0.08198765,-0.07496889
95908.336,11.198616,1.2682779,0.08292435,-0.07522847
96916.21,11.198616,1.269568,0.08319471,-0.07535105
97924.086,11.198616,1.2658945,0.08190192,-0.075117595
98931.96,11.198616,1.2662737,0.08169284,-0.07510699
99939.836,11.198616,1.2672999,0.081832595,-0.0751898
160.16696,11.803946,0.61481035,0.3539974,-0.03957858
1168.0425,11.803946,0.5705677,0.16909675,-0.040258728
2175.918,11.803946,0.58984303,0.16454215,-0.04801243
3183.7935,11.803946,0.59039783,0.15658371,-0.051524974
4191.669,11.803946,0.5817599,0.1447941,-0.05343024
5199.5444,11.803946,0.5771105,0.14054386,-0.055502705
6207.42,11.803946,0.57882077,0.14239256,-0.057701595
7215.2954,11.803946,0.5830971,0.14450204,-0.059517123
8223.171,11.803946,0.5856361,0.14373422,-0.060715742
9231.046,11.803946,0.58433944,0.1406495,-0.06139715
10238.922,11.803946,0.57957953,0.13744111,-0.06180331
11246.798,11.803946,0.57328665,0.13582821,-0.06216459
12254.673,11.803946,0.5677998,0.13616854,-0.06265138
13262.548,11.803946,0.5649766,0.13770595,-0.06338911
14270.424,11.803946,0.5657315,0.13932616,-0.06447723
15278.3,11.803946,0.56998223,0.14023843,-0.06598418
16286.175,11.803946,0.57689583,0.14028327,-0.067922674
17294.049,11.803946,0.5852957,0.13985014,-0.07022642
18301.924,11.803946,0.5940769,0.13956678,-0.07274885
19309.8,11.803946,0.6025225,0.13995464,-0.07529089
20317.676,11.803946,0.61044884,0.14120415,-0.07765032
21325.55,11.803946,0.61816335,0.14312802,-0.07967624
22333.428,11.803946,0.6262703,0.14527324,-0.08130917
23341.303,11.803946,0.63539714,0.14711736,-0.08259389
24349.178,11.803946,0.64592594,0.14826381,-0.08366051
25357.053,11.803946,0.6578107,0.148568,-0.084679924
26364.928,11.803946,0.6705308,0.14816205,-0.08580668
27372.805,11.803946,0.6831981,0.14738446,-0.08712566
28380.68,11.803946,0.6947882,0.14664719,-0.08861694
29388.555,11.803946,0.70444375,0.14628984,-0.09014803
30396.432,11.803946,0.7117679,0.14646466,-0.091495566
31404.307,11.803946,0.71704364,0.14708321,-0.09239044
32412.182,11.803946,0.72131246,0.1478357,-0.09257609
33420.06,11.803946,0.7262896,0.14827184,-0.091866404
34427.934,11.803946,0.73412454,0.1479178,-0.09019017
35435.81,11.803946,0.74704266,0.1463978,-0.087613
36443.684,11.803946,0.7669398,0.1435288,-0.08433248
37451.562,11.803946,0.79500234,0.13936763,-0.08064773
38459.438,11.803946,0.8314285,0.1342018,-0.076910585
39467.312,11.803946,0.8753054,0.12848897,-0.073467895
40475.188,11.803946,0.9246694,0.1227621,-0.070606634
41483.062,11.803946,0.97674537,0.117524065,-0.06851164
42490.938,11.803946,1.0283228,0.11315323,-0.06724362
43498.812,11.803946,1.0762099,0.10984296,-0.06674008
44506.69,11.803946,1.117687,0.107582286,-0.06683744
45514.566,11.803946,1.1508844,0.10618128,-0.06730941
46522.44,11.803946,1.1750215,0.105330005,-0.06791297
47530.316,11.803946,1.19047,0.104678676,-0.06843288
48538.19,11.803946,1.1986337,0.10391685,-0.068716824
49546.066,11.803946,1.2016695,0.10283676,-0.068694875
50553.938,11.803946,1.2021012,0.10136722,-0.06838124
51561.812,11.803946,1.2023954,0.09957279,-0.06785909
52569.688,11.803946,1.2045698,0.09762201,-0.06725309
53577.562,11.803946,1.2099034,0.0957333,-0.06669623
54585.438,11.803946,1.2187933,0.09411352,-0.06629826
55593.312,11.803946,1.2307739,0.09290425,-0.066122286
56601.19,11.803946,1.2446892,0.09214852,-0.06617397
57609.066,11.803946,1.2589784,0.09178426,-0.06640514
58616.94,11.803946,1.2720153,0.09166662,-0.06672993
59624.816,11.803946,1.2824329,0.09161114,-0.06704895
60632.69,11.803946,1.2893728,0.091446795,-0.06727594
61640.566,11.803946,1.2926139,0.091063395,-0.06735998
62648.44,11.803946,1.2925582,0.090443194,-0.067297935
63656.32,11.803946,1.2900898,0.08966505,-0.0671346
64664.195,11.803946,1.2863381,0.08888144,-0.06695007
65672.07,11.803946,1.2824078,0.0882737,-0.06683779
66679.945,11.803946,1.2791382,0.08799638,-0.06687851
67687.82,11.803946,1.2769448,0.08812724,-0.06711743
68695.695,11.803946,1.2757826,0.088637054,-0.06754992
69703.57,11.803946,1.275238,0.08938931,-0.06812054
70711.445,11.803946,1.2747136,0.09017221,-0.068735994
71719.32,11.803946,1.2736648,0.09075631,-0.069288954
72727.195,11.803946,1.2718091,0.09096103,-0.0696868
73735.08,11.803946,1.269246,0.09071242,-0.069877505
74742.95,11.803946,1.2664511,0.09007123,-0.06986445
75750.83,11.803946,1.2641304,0.08921994,-0.06970547
76758.7,11.803946,1.2629752,0.08840942,-0.069495365
77766.58,11.803946,1.2633965,0.087876216,-0.06933595
78774.45,11.803946,1.2653263,0.087758474,-0.06930249
79782.33,11.803946,1.268172,0.08803902,-0.069417864
80790.2,11.803946,1.2709701,0.08854168,-0.06964424
81798.08,11.803946,1.272706,0.08899028,-0.069897294
82805.95,11.803946,1.2727147,0.08911772,-0.07008005
83813.83,11.803946,1.2710032,0.08878686,-0.07012515
84821.7,11.803946,1.2683374,0.08807174,-0.07002847
85829.58,11.803946,1.2659978,0.08725099,-0.06985671
86837.45,11.803946,1.2652323,0.08669349,-0.06972022
87845.33,11.803946,1.2665944,0.08666885,-0.06971691
88853.2,11.803946,1.2694979,0.0871664,-0.06987174
89861.08,11.803946,1.2723235,0.08783806,-0.07010697
90868.95,11.803946,1.2732339,0.088154934,-0.07027468
91876.83,11.803946,1.271441,0.087756515,-0.0702523
92884.71,11.803946,1.2681777,0.08680992,-0.07005428
93892.586,11.803946,1.2663388,0.086052805,-0.06986597
94900.46,11.803946,1.2682205,0.08625159,-0.0699127
95908.336,11.803946,1.2724222,0.087245926,-0.070193246
96916.21,11.803946,1.2735143,0.08758271,-0.070341006
97924.086,11.803946,1.268962,0.0862807,-0.070055634
98931.96,11.803946,1.2692072,0.08606391,-0.07000158
99939.836,11.803946,1.2701455,0.08625054,-0.07009184
160.16696,12.409277,0.63960004,0.35823047,-0.04065042
1168.0425,12.409277,0.59411335,0.17515945,-0.042565998
2175.918,12.409277,0.612211,0.17107438,-0.05065883
3183.7935,12.409277,0.6101789,0.16336069,-0.05435437
4191.669,12.409277,0.60084563,0.15189725,-0.056376822
5199.5444,12.409277,0.5964922,0.14794853,-0.058456026
6207.42,12.409277,0.5978261,0.14995824,-0.060557134
7215.2954,12.409277,0.60079515,0.15209693,-0.062238246
8223.171,12.409277,0.60197693,0.151321,-0.0633501
9231.046,12.409277,0.6002145,0.14828883,-0.06405205
10238.922,12.409277,0.59618354,0.14524339,-0.06460441
11246.798,12.409277,0.5914515,0.1438959,-0.06521936
12254.673,12.409277,0.5877197,0.14456147,-0.06602862
13262.548,12.409277,0.5863608,0.1464353,-0.06711438
14270.424,12.409277,0.58818406,0.14837131,-0.068539634
15278.3,12.409277,0.5933449,0.14957006,-0.07034696
16286.175,12.409277,0.60138476,0.14988081,-0.07253282
17294.049,12.409277,0.6113916,0.14970934,-0.075020574
18301.924,12.409277,0.6222559,0.14969233,-0.07765578
19309.8,12.409277,0.63296616,0.15034686,-0.08023189
20317.676,12.409277,0.6428604,0.15184428,-0.08254034
21325.55,12.409277,0.65176415,0.1539681,-0.084426925
22333.428,12.409277,0.65997744,0.15623468,-0.08583485
23341.303,12.409277,0.6681137,0.15809831,-0.08681977
24349.178,12.409277,0.6768491,0.15915306,-0.08753163
25357.053,12.409277,0.68665946,0.15926252,-0.08816884
26364.928,12.409277,0.69762385,0.15858331,-0.08891798
27372.805,12.409277,0.7093638,0.15748942,-0.089895904
28380.68,12.409277,0.72113454,0.15643309,-0.09110933
29388.555,12.409277,0.7320503,0.15579057,-0.09244242
30396.432,12.409277,0.74139184,0.15573968,-0.09367467
31404.307,12.409277,0.74890983,0.15620166,-0.09452435
32412.182,12.409277,0.7550502,0.15685822,-0.09470759
33420.06,12.409277,0.76103294,0.15723255,-0.093998685
34427.934,12.409277,0.7687547,0.15681046,-0.09227951
35435.81,12.409277,0.7805212,0.1551671,-0.08956745
36443.684,12.409277,0.7986568,0.1520691,-0.08601671
37451.562,12.409277,0.8250594,0.14752874,-0.081894375
38459.438,12.409277,0.8607959,0.14180149,-0.077536345
39467.312,12.409277,0.905808,0.13533096,-0.073292784
40475.188,12.409277,0.9587985,0.12865755,-0.06947398
41483.062,12.409277,1.017323,0.12231315,-0.066306934
42490.938,12.409277,1.0780767,0.116726145,-0.06390905
43498.812,12.409277,1.1373312,0.112155326,-0.062283374
44506.69,12.409277,1.1914499,0.10866493,-0.061333925
45514.566,12.409277,1.2373925,0.10614201,-0.060896263
46522.44,12.409277,1.2731277,0.10434735,-0.060776472
47530.316,12.409277,1.2978811,0.10298675,-0.06079013
48538.19,12.409277,1.3121873,0.101784244,-0.060793474
49546.066,12.409277,1.3177315,0.10054051,-0.060702022
50553.938,12.409277,1.3170245,0.09916557,-0.060493708
51561.812,12.409277,1.3129618,0.09767966,-0.060198136
52569.688,12.409277,1.3083515,0.096186616,-0.059875734
53577.562,12.409277,1.3054875,0.094827704,-0.0595925
54585.438,12.409277,1.3058419,0.093730174,-0.059397027
55593.312,12.409277,1.309921,0.092963964,-0.059305005
56601.19,12.409277,1.3173,0.09251791,-0.059294857
57609.066,12.409277,1.3268178,0.092301145,-0.059314933
58616.94,12.409277,1.3368876,0.09216922,-0.059300113
59624.816,12.409277,1.3458545,0.091967165,-0.059193656
60632.69,12.409277,1.3523285,0.091577284,-0.058967784
61640.566,12.409277,1.3554332,0.090959206,-0.058637653
62648.44,12.409277,1.3549222,0.09016904,-0.058264613
63656.32,12.409277,1.3511537,0.089352,-0.057946764
64664.195,12.409277,1.3449411,0.08870785,-0.057798363
65672.07,12.409277,1.3373227,0.08843757,-0.057922386
66679.945,12.409277,1.3293084,0.08868377,-0.05838321
67687.82,12.409277,1.3216712,0.08948246,-0.05918538
68695.695,12.409277,1.3148279,0.09073894,-0.0602656
69703.57,12.409277,1.3088341,0.09223936,-0.061500568
70711.445,12.409277,1.3034891,0.093695365,-0.06272985
71719.32,12.409277,1.298507,0.09481557,-0.06379019
72727.195,12.409277,1.2937007,0.09538261,-0.06455216
73735.08,12.409277,1.2891145,0.09531633,-0.06495085
74742.95,12.409277,1.2850521,0.09470143,-0.06500104
75750.83,12.409277,1.2819856,0.09376812,-0.06479242
76758.7,12.409277,1.2803705,0.0928258,-0.06446402
77766.58,12.409277,1.2804186,0.09216749,-0.064164564
78774.45,12.409277,1.2819276,0.091972336,-0.064009085
79782.33,12.409277,1.2842379,0.09224039,-0.0640452
80790.2,12.409277,1.2863712,0.09278741,-0.064241186
81798.08,12.409277,1.2873349,0.0933099,-0.064501494
82805.95,12.409277,1.2865031,0.09350537,-0.064706415
83813.83,12.409277,1.2839273,0.093207754,-0.06476348
84821.7,12.409277,1.2804246,0.09247982,-0.064650245
85829.58,12.409277,1.2773281,0.09160994,-0.064428635
86837.45,12.409277,1.2759303,0.09099431,-0.06421904
87845.33,12.409277,1.2768002,0.09093319,-0.06413981
88853.2,12.409277,1.2793171,0.09143334,-0.064236924
89861.08,12.409277,1.2817748,0.09214133,-0.064444095
90868.95,12.409277,1.2822254,0.092500985,-0.064608395
91876.83,12.409277,1.2798214,0.09212011,-0.064588085
92884.71,12.409277,1.2758592,0.0911534,-0.06437522
93892.586,12.409277,1.2734263,0.09036024,-0.064145714
94900.46,12.409277,1.2750081,0.09054902,-0.0641384
95908.336,12.409277,1.2791427,0.09157812,-0.0643808
96916.21,12.409277,1.2799969,0.09195307,-0.064522244
97924.086,12.409277,1.2747698,0.09063364,-0.06423708
98931.96,12.409277,1.2746869,0.09040523,-0.06414527
99939.836,12.409277,1.2754341,0.09061685,-0.06422192
160.16696,13.014606,0.6631105,0.36287397,-0.041688543
1168.0425,13.014606,0.61788756,0.18137044,-0.04519769
2175.918,13.014606,0.6346421,0.17781234,-0.05360793
3183.7935,13.014606,0.6286564,0.17039742,-0.057488855
4191.669,13.014606,0.6188841,0.15921733,-0.059622318
5199.5444,13.014606,0.615964,0.15552583,-0.061717946
6207.42,13.014606,0.61745226,0.15770881,-0.06377196
7215.2954,13.014606,0.618684,0.1599186,-0.06540207
8223.171,13.014606,0.61782944,0.15915701,-0.066525124
9231.046,13.014606,0.61558294,0.15616524,-0.06735729
10238.922,13.014606,0.61334634,0.1532642,-0.06818901
11246.798,13.014606,0.61209285,0.15220344,-0.06922273
12254.673,13.014606,0.61223626,0.15328269,-0.07053878
13262.548,13.014606,0.61398685,0.15563865,-0.07213926
14270.424,13.014606,0.6176425,0.15804692,-0.07400111
15278.3,13.014606,0.6235751,0.15963785,-0.07609928
16286.175,13.014606,0.63199323,0.16021974,-0.07839756
17294.049,13.014606,0.6426832,0.16019233,-0.0808261
18301.924,13.014606,0.65491664,0.16021825,-0.08326867
19309.8,13.014606,0.66759086,0.16085745,-0.085572034
20317.676,13.014606,0.67954856,0.1623238,-0.08757746
21325.55,13.014606,0.68993765,0.16442934,-0.08916272
22333.428,13.014606,0.6984742,0.16669647,-0.090278596
23341.303,13.014606,0.7055043,0.1685638,-0.09096623
24349.178,13.014606,0.7118566,0.16959567,-0.09134892
25357.053,13.014606,0.7185366,0.16962337,-0.09159968
26364.928,13.014606,0.7263702,0.16878113,-0.091894075
27372.805,13.014606,0.73572123,0.16743985,-0.092360534
28380.68,13.014606,0.74636525,0.16607152,-0.093041375
29388.555,13.014606,0.7575736,0.16509226,-0.09387468
30396.432,13.014606,0.7683704,0.16473159,-0.09470016
31404.307,13.014606,0.7779124,0.16496238,-0.09528805
32412.182,13.014606,0.7858714,0.1655043,-0.09538363
33420.06,13.014606,0.792721,0.16589446,-0.0947575
34427.934,13.014606,0.7998456,0.16560192,-0.09325112
35435.81,13.014606,0.8094241,0.16415429,-0.09080814
36443.684,13.014606,0.8241039,0.16124584,-0.08748672
37451.562,13.014606,0.8465222,0.1568029,-0.08345115
38459.438,13.014606,0.8787674,0.15099616,-0.07894557
39467.312,13.014606,0.92189336,0.14420035,-0.074256435
40475.188,13.014606,0.975582,0.13691692,-0.06967051
41483.062,13.014606,1.0380344,0.1296764,-0.06543745
42490.938,13.014606,1.1061126,0.12294636,-0.06174154
43498.812,13.014606,1.1757195,0.11706208,-0.05868806
44506.69,13.014606,1.2423522,0.11219118,-0.056303322
45514.566,13.014606,1.3017341,0.10833667,-0.054547437
46522.44,13.014606,1.3504179,0.1053722,-0.053334847
47530.316,13.014606,1.3862576,0.103097185,-0.052557677
48538.19,13.014606,1.4086657,0.101297215,-0.052106872
49546.066,13.014606,1.4186258,0.09979485,-0.051887188
50553.938,13.014606,1.4184557,0.098480105,-0.05182431
51561.812,13.014606,1.4113736,0.09731604,-0.051863957
52569.688,13.014606,1.4009464,0.096321724,-0.051965535
53577.562,13.014606,1.3905182,0.095539495,-0.05209347
54585.438,13.014606,1.3827195,0.09499931,-0.052209575
55593.312,13.014606,1.3791312,0.09468906,-0.052270047
56601.19,13.014606,1.3801582,0.0945419,-0.05222808
57609.066,13.014606,1.3851187,0.09444503,-0.052042454
58616.94,13.014606,1.3925138,0.09426571,-0.051689334
59624.816,13.014606,1.4004171,0.09389012,-0.051174678
60632.69,13.014606,1.406906,0.09326278,-0.05054277
61640.566,13.014606,1.4104378,0.09241387,-0.049877368
62648.44,13.014606,1.4101143,0.09146591,-0.04929409
63656.32,13.014606,1.4057808,0.09061557,-0.048923068
64664.195,13.014606,1.3979638,0.09009057,-0.04888544
65672.07,13.014606,1.3876734,0.09009295,-0.049267393
66679.945,13.014606,1.3761271,0.09074099,-0.05009781
67687.82,13.014606,1.3644698,0.09202616,-0.051335305
68695.695,13.014606,1.353556,0.09379875,-0.05286837
69703.57,13.014606,1.343847,0.09578879,-0.05453089
70711.445,13.014606,1.3354279,0.097661056,-0.056130502
71719.32,13.014606,1.3281373,0.099093035,-0.057484917
72727.195,13.014606,1.3217504,0.09985655,-0.05845841
73735.08,13.014606,1.3161459,0.09987982,-0.05898962
74742.95,13.014606,1.311404,0.09927095,-0.05910346
75750.83,13.014606,1.3077844,0.09829169,-0.058902547
76758.7,13.014606,1.305596,0.09728367,-0.05853977
77766.58,13.014606,1.3049979,0.09656565,-0.058177352
78774.45,13.014606,1.3058168,0.096331924,-0.05794347
79782.33,13.014606,1.3074664,0.096585825,-0.057898905
80790.2,13.014606,1.3090334,0.09713673,-0.058024414
81798.08,13.014606,1.3095412,0.09766939,-0.05823441
82805.95,13.014606,1.3083153,0.097870044,-0.058414057
83813.83,13.014606,1.3053188,0.09756562,-0.058467843
84821.7,13.014606,1.3012851,0.0968181,-0.05836182
85829.58,13.014606,1.2975215,0.09592134,-0.058140725
86837.45,13.014606,1.2953774,0.095278725,-0.05790863
87845.33,13.014606,1.2955439,0.09519654,-0.057776622
88853.2,13.014606,1.2975172,0.095683336,-0.05779909
89861.08,13.014606,1.2996256,0.09638201,-0.05793304
90868.95,13.014606,1.2998316,0.09673117,-0.058053188
91876.83,13.014606,1.2971141,0.096335016,-0.058031324
92884.71,13.014606,1.2926439,0.09534951,-0.057843156
93892.586,13.014606,1.2895644,0.09453929,-0.05762092
94900.46,13.014606,1.290597,0.09471638,-0.05756533
95908.336,13.014606,1.29447,0.095737435,-0.05772073
96916.21,13.014606,1.295179,0.09610063,-0.057819936
97924.086,13.014606,1.2895033,0.09476434,-0.05758418
98931.96,13.014606,1.2888939,0.09452623,-0.057475083
99939.836,13.014606,1.2894185,0.09472753,-0.057517737
160.16696,13.619938,0.6848902,0.3678319,-0.042628665
1168.0425,13.619938,0.641816,0.18770556,-0.04813222
2175.918,13.619938,0.6574626,0.18473862,-0.056867473
3183.7935,13.619938,0.6465873,0.17772666,-0.060967162
4191.669,13.619938,0.6367682,0.16677698,-0.063211575
5199.5444,13.619938,0.63642126,0.16325265,-0.065329745
6207.42,13.619938,0.6386834,0.16560376,-0.067395516
7215.2954,13.619938,0.6379381,0.16796486,-0.06907968
8223.171,13.619938,0.6345186,0.16731116,-0.07033104
9231.046,13.619938,0.6317366,0.16441168,-0.071399875
10238.922,13.619938,0.63209605,0.16166416,-0.072608575
11246.798,13.619938,0.63580513,0.16089481,-0.07416166
12254.673,13.619938,0.64146787,0.16242826,-0.076089546
13262.548,13.619938,0.64756906,0.16535278,-0.07829495
14270.424,13.619938,0.65354586,0.1683379,-0.08063382
15278.3,13.619938,0.6599556,0.17039236,-0.08297889
16286.175,13.619938,0.66791254,0.17123109,-0.0852442
17294.049,13.619938,0.67826813,0.17122072,-0.08737753
18301.924,13.619938,0.6910162,0.17105718,-0.08933844
19309.8,13.619938,0.7051668,0.17138436,-0.0910805
20317.676,13.619938,0.71908987,0.17251965,-0.092547834
21325.55,13.619938,0.7311237,0.17436418,-0.09368652
22333.428,13.619938,0.7401842,0.17649014,-0.0944641
23341.303,13.619938,0.7461351,0.17833541,-0.0948876
24349.178,13.619938,0.74981326,0.17941922,-0.09501187
25357.053,13.619938,0.7527164,0.17950179,-0.09493342
26364.928,13.619938,0.7564881,0.17864612,-0.09477106
27372.805,13.619938,0.7623781,0.17717496,-0.09463757
28380.68,13.619938,0.7708522,0.17555152,-0.09461014
29388.555,13.619938,0.78147215,0.17422718,-0.09470701
30396.432,13.619938,0.793074,0.1735022,-0.09487572
31404.307,13.619938,0.80419457,0.17343874,-0.094996214
32412.182,13.619938,0.8136213,0.17384069,-0.09489809
33420.06,13.619938,0.8209131,0.17430234,-0.09438805
34427.934,13.619938,0.82675254,0.1743062,-0.093282886
35435.81,13.619938,0.83302367,0.1733426,-0.0914409
36443.684,13.619938,0.8425877,0.17102145,-0.08878717
37451.562,13.619938,0.85878956,0.16715178,-0.085328
38459.438,13.619938,0.8847986,0.1617749,-0.081153326
39467.312,13.619938,0.9229143,0.1551488,-0.076427
40475.188,13.619938,0.9739889,0.14769164,-0.07136777
41483.062,13.619938,1.0370841,0.13990113,-0.06622413
42490.938,13.619938,1.1094413,0.13226928,-0.06124711
43498.812,13.619938,1.1867758,0.125209,-0.05666522
44506.69,13.619938,1.2638526,0.11900739,-0.052663863
45514.566,13.619938,1.3352367,0.11380848,-0.049371436
46522.44,13.619938,1.3960866,0.10962625,-0.04685305
47530.316,13.619938,1.442856,0.1063779,-0.045110554
48538.19,13.619938,1.4737737,0.103927016,-0.04408876
49546.066,13.619938,1.4890326,0.1021246,-0.043685537
50553.938,13.619938,1.4906535,0.10083895,-0.04376463
51561.812,13.619938,1.4820654,0.09996799,-0.04416971
52569.688,13.619938,1.4674811,0.09943665,-0.04473871
53577.562,13.619938,1.4511824,0.09918238,-0.045317553
54585.438,13.619938,1.4368494,0.09913726,-0.045772746
55593.312,13.619938,1.427042,0.099213794,-0.04600262
56601.19,13.619938,1.4229203,0.09930289,-0.04594602
57609.066,13.619938,1.424233,0.099284604,-0.045588136
58616.94,13.619938,1.4295628,0.09905105,-0.04496199
59624.816,13.619938,1.436758,0.09853573,-0.044145405
60632.69,13.619938,1.4434574,0.09773955,-0.04325245
61640.566,13.619938,1.4475958,0.09674521,-0.04241961
62648.44,13.619938,1.4477955,0.09571302,-0.041787848
63656.32,13.619938,1.4435709,0.0948552,-0.041482635
64664.195,13.619938,1.4353199,0.09439278,-0.041594073
65672.07,13.619938,1.4241288,0.09450288,-0.042161033
66679.945,13.619938,1.4114461,0.09526868,-0.043161906
67687.82,13.619938,1.3987163,0.096647024,-0.044514686
68695.695,13.619938,1.3870668,0.098463036,-0.04608676
69703.57,13.619938,1.3771199,0.10043752,-0.04771452
70711.445,13.619938,1.3689665,0.10224353,-0.049229123
71719.32,13.619938,1.3622956,0.103580624,-0.05048441
72727.195,13.619938,1.3566248,0.10424959,-0.05138164
73735.08,13.619938,1.3515509,0.10420505,-0.0518855
74742.95,13.619938,1.3469334,0.10357103,-0.05202787
75750.83,13.619938,1.3429446,0.1026098,-0.05189734
76758.7,13.619938,1.3399674,0.101648055,-0.051616535
77766.58,13.619938,1.3383707,0.10098004,-0.05131231
78774.45,13.619938,1.3382549,0.10077414,-0.051085044
79782.33,13.619938,1.3392749,0.101016164,-0.050986663
80790.2,13.619938,1.3406361,0.10151304,-0.051012166
81798.08,13.619938,1.3413109,0.10196392,-0.051109135
82805.95,13.619938,1.3404195,0.10208018,-0.051202007
83813.83,13.619938,1.3376486,0.10171481,-0.05122388
84821.7,13.619938,1.3335012,0.100945175,-0.051144868
85829.58,13.619938,1.329211,0.10006145,-0.050984625
86837.45,13.619938,1.3262559,0.09944526,-0.050803073
87845.33,13.619938,1.3256078,0.09937237,-0.050669745
88853.2,13.619938,1.3270552,0.09982943,-0.05062516
89861.08,13.619938,1.3290563,0.10046007,-0.05065368
90868.95,13.619938,1.3294381,0.10072919,-0.050688274
91876.83,13.619938,1.3268375,0.1002784,-0.050653078
92884.71,13.619938,1.3221011,0.099283874,-0.05052479
93892.586,13.619938,1.3183519,0.09849063,-0.050367907
94900.46,13.619938,1.3186826,0.09866086,-0.050292462
95908.336,13.619938,1.3222761,0.09961993,-0.050332855
96916.21,13.619938,1.3230798,0.0999084,-0.050355412
97924.086,13.619938,1.317185,0.09856399,-0.050205816
98931.96,13.619938,1.3159001,0.09832589,-0.050113376
99939.836,13.619938,1.3162708,0.098474145,-0.05010646
160.16696,14.225268,0.7044501,0.37297583,-0.04341895
1168.0425,14.225268,0.6656145,0.19414987,-0.051332925
2175.918,14.225268,0.6807512,0.19182973,-0.06043282
3183.7935,14.225268,0.6647209,0.18535954,-0.06481528
4191.669,14.225268,0.65527433,0.17458843,-0.06716931
5199.5444,14.225268,0.65833604,0.17110837,-0.06929467
6207.42,14.225268,0.6619111,0.17360441,-0.07141546
7215.2954,14.225268,0.65921426,0.1762247,-0.07325986
8223.171,14.225268,0.65303314,0.17583911,-0.07476254
9231.046,14.225268,0.6497127,0.17315389,-0.0761624
10238.922,14.225268,0.6530783,0.17060591,-0.077796794
11246.798,14.225268,0.6624986,0.17011717,-0.079881385
12254.673,14.225268,0.674487,0.17208113,-0.082412735
13262.548,14.225268,0.6854868,0.17556925,-0.085200265
14270.424,14.225268,0.6938685,0.17914645,-0.08797039
15278.3,14.225268,0.7003417,0.18167192,-0.09047652
16286.175,14.225268,0.7070495,0.1827291,-0.09257046
17294.049,14.225268,0.71612453,0.18262297,-0.09421939
18301.924,14.225268,0.7285059,0.18207988,-0.09547895
19309.8,14.225268,0.74348,0.18185164,-0.09644354
20317.676,14.225268,0.75901055,0.18240324,-0.09719792
21325.55,14.225268,0.77259934,0.1837751,-0.09778612
22333.428,14.225268,0.78226435,0.18562867,-0.09820492
23341.303,14.225268,0.7872629,0.18741979,-0.098418646
24349.178,14.225268,0.7883221,0.18861622,-0.09838633
25357.053,14.225268,0.78735393,0.18887964,-0.09808989
26364.928,14.225268,0.78679174,0.18816137,-0.097552724
27372.805,14.225268,0.78878796,0.186696,-0.09684331
28380.68,14.225268,0.79454845,0.18490809,-0.09606214
29388.555,14.225268,0.8039882,0.18327212,-0.09531604
30396.432,14.225268,0.8158071,0.18216756,-0.09468691
31404.307,14.225268,0.82794917,0.18177052,-0.09420272
32412.182,14.225268,0.8383087,0.18200499,-0.09381861
33420.06,14.225268,0.8454841,0.1825595,-0.09341304
34427.934,14.225268,0.8493761,0.18296073,-0.09280066
35435.81,14.225268,0.85147256,0.18267904,-0.09175976
36443.684,14.225268,0.8547396,0.18124168,-0.09007007
37451.562,14.225268,0.8631302,0.17832702,-0.08755328
38459.438,14.225268,0.88081443,0.17382215,-0.08410954
39467.312,14.225268,0.9112993,0.16783702,-0.07974279
40475.188,14.225268,0.9566137,0.16067567,-0.07457072
41483.062,14.225268,1.0167456,0.1527771,-0.06881717
42490.938,14.225268,1.0894341,0.14463906,-0.06278814
43498.812,14.225268,1.1703823,0.13674332,-0.0568351
44506.69,14.225268,1.2538381,0.1294941,-0.05131124
45514.566,14.225268,1.333446,0.12317906,-0.04652717
46522.44,14.225268,1.403214,0.117956646,-0.042713195
47530.316,14.225268,1.4584117,0.11386456,-0.039992955
48538.19,14.225268,1.4962509,0.11084501,-0.03837248
49546.066,14.225268,1.5162225,0.10877581,-0.037745222
50553.938,14.225268,1.5200491,0.10750106,-0.037912697
51561.812,14.225268,1.5112703,0.10685417,-0.038615767
52569.688,14.225268,1.4945523,0.10667194,-0.039572775
53577.562,14.225268,1.4748507,0.10679987,-0.04051831
54585.438,14.225268,1.4565912,0.10709193,-0.041236628
55593.312,14.225268,1.4430103,0.107411176,-0.041585803
56601.19,14.225268,1.4357626,0.107631944,-0.04150939
57609.066,14.225268,1.4348571,0.10764947,-0.04103481
58616.94,14.225268,1.4389007,0.10739219,-0.04025931
59624.816,14.225268,1.4455855,0.10683721,-0.039327458
60632.69,14.225268,1.452306,0.10602159,-0.038403034
61640.566,14.225268,1.456762,0.1050439,-0.0376409
62648.44,14.225268,1.4574353,0.104054295,-0.03716301
63656.32,14.225268,1.4538383,0.10322982,-0.037041944
64664.195,14.225268,1.4465072,0.10273993,-0.037293788
65672.07,14.225268,1.4367529,0.102707624,-0.037880965
66679.945,14.225268,1.4262525,0.103175804,-0.03872329
67687.82,14.225268,1.4165908,0.10408847,-0.03971493
68695.695,14.225268,1.4088681,0.105292805,-0.040743213
69703.57,14.225268,1.4034755,0.106566265,-0.041706588
70711.445,14.225268,1.4000895,0.107663095,-0.042528115
71719.32,14.225268,1.3978746,0.10837196,-0.043162823
72727.195,14.225268,1.3958285,0.10856989,-0.043598503
73735.08,14.225268,1.393159,0.10825655,-0.043850645
74742.95,14.225268,1.3895724,0.10755832,-0.04395344
75750.83,14.225268,1.3853724,0.10669568,-0.043949533
76758.7,14.225268,1.3813322,0.1059209,-0.043880522
77766.58,14.225268,1.3783705,0.10544062,-0.04378044
78774.45,14.225268,1.3771489,0.10534758,-0.04367307
79782.33,14.225268,1.3777301,0.105585694,-0.043571927
80790.2,14.225268,1.379459,0.10596508,-0.04348332
81798.08,14.225268,1.3811378,0.10622955,-0.043409016
82805.95,14.225268,1.3814819,0.10615966,-0.043348707
83813.83,14.225268,1.3796921,0.10567382,-0.043300353
84821.7,14.225268,1.3759068,0.10488258,-0.04325979
85829.58,14.225268,1.3712758,0.10406288,-0.043220103
86837.45,14.225268,1.3675221,0.10354033,-0.04317254
87845.33,14.225268,1.3660847,0.1035189,-0.043109737
88853.2,14.225268,1.3672085,0.10393548,-0.04302974
89861.08,14.225268,1.369535,0.104438804,-0.042939477
90868.95,14.225268,1.3706604,0.10455558,-0.04285335
91876.83,14.225268,1.368681,0.104010746,-0.042786293
92884.71,14.225268,1.3639504,0.10302274,-0.042742543
93892.586,14.225268,1.3595648,0.10229096,-0.042708766
94900.46,14.225268,1.3591809,0.102467254,-0.0426603
95908.336,14.225268,1.362669,0.10331248,-0.042584494
96916.21,14.225268,1.3639235,0.10346308,-0.042503815
97924.086,14.225268,1.35803,0.10212488,-0.0424579
98931.96,14.225268,1.3560154,0.10190418,-0.042424332
99939.836,14.225268,1.3564065,0.10195926,-0.042360377
160.16696,14.830599,0.7213626,0.37816915,-0.044030793
1168.0425,14.830599,0.6888536,0.20070356,-0.054756783
2175.918,14.830599,0.7043034,0.19905789,-0.064286575
3183.7935,14.830599,0.68364215,0.19327487,-0.06903583
4191.669,14.830599,0.67487377,0.18264452,-0.07148738
5199.5444,14.830599,0.6815823,0.17907736,-0.07356813
6207.42,14.830599,0.6867605,0.18168043,-0.07575077
7215.2954,14.830599,0.68244857,0.1846762,-0.07784344
8223.171,14.830599,0.6737989,0.18476063,-0.079716176
9231.046,14.830599,0.67010444,0.18246739,-0.081527606
10238.922,14.830599,0.6764837,0.18020083,-0.08358854
11246.798,14.830599,0.6914874,0.17996962,-0.08612485
12254.673,14.830599,0.70958114,0.18227252,-0.08912656
13262.548,14.830599,0.72519267,0.18621328,-0.092344314
14270.424,14.830599,0.73561823,0.1902856,-0.09539983
15278.3,14.830599,0.74169123,0.19320683,-0.097936854
16286.175,14.830599,0.74655855,0.19441609,-0.099741966
17294.049,14.830599,0.75364053,0.19413626,-0.100795016
18301.924,14.830599,0.76487094,0.193109,-0.10124466
19309.8,14.830599,0.7799028,0.19219458,-0.101331376
20317.676,14.830599,0.79640514,0.19202076,-0.10129306
21325.55,14.830599,0.81114185,0.19279182,-0.10128765
22333.428,14.830599,0.82129306,0.19428386,-0.10135408
23341.303,14.830599,0.82550645,0.1959887,-0.10141903
24349.178,14.830599,0.8243376,0.19732712,-0.10134025
25357.053,14.830599,0.81999815,0.19785279,-0.10096931
26364.928,14.830599,0.8155731,0.19738531,-0.10021181
27372.805,14.830599,0.8139936,0.19604526,-0.099067695
28380.68,14.830599,0.81711906,0.19419497,-0.09764013
29388.555,14.830599,0.8251914,0.19231553,-0.09611219
30396.432,14.830599,0.83681107,0.19086008,-0.09469826
31404.307,14.830599,0.8494164,0.19012503,-0.09358325
32412.182,14.830599,0.8601178,0.19017014,-0.092865944
33420.06,14.830599,0.86665046,0.19080089,-0.092520006
34427.934,14.830599,0.8681854,0.19161192,-0.09238288
35435.81,14.830599,0.8657949,0.19207601,-0.0921754
36443.684,14.830599,0.8624456,0.19165435,-0.091548786
37451.562,14.830599,0.8625183,0.1899041,-0.090149276
38459.438,14.830599,0.87095785,0.18656005,-0.08768804
39467.312,14.830599,0.8922391,0.18157914,-0.08400185
40475.188,14.830599,0.9293705,0.17514077,-0.07909332
41483.062,14.830599,0.9831478,0.1676099,-0.07314256
42490.938,14.830599,1.0518191,0.15947172,-0.06648819
43498.812,14.830599,1.1312186,0.15125555,-0.05958084
44506.69,14.830599,1.2153585,0.1434601,-0.052917782
45514.566,14.830599,1.2973566,0.13649319,-0.04697014
46522.44,14.830599,1.3705196,0.13063346,-0.04211513
47530.316,14.830599,1.4293876,0.12601829,-0.03858476
48538.19,14.830599,1.4705424,0.12265065,-0.036439486
49546.066,14.830599,1.4930414,0.12042486,-0.035569664
50553.938,14.830599,1.4984112,0.11916053,-0.035724282
51561.812,14.830599,1.4902235,0.118637174,-0.03656026
52569.688,14.830599,1.473346,0.11862553,-0.0377031
53577.562,14.830599,1.4530203,0.11891158,-0.03880828
54585.438,14.830599,1.433954,0.11931117,-0.03961204
55593.312,14.830599,1.4195899,0.11967744,-0.039964166
56601.19,14.830599,1.4116783,0.11990449,-0.039837293
57609.066,14.830599,1.4102166,0.11992577,-0.039313465
58616.94,14.830599,1.4137428,0.119712695,-0.038551375
59624.816,14.830599,1.4198887,0.11927279,-0.0377424
60632.69,14.830599,1.426067,0.11864564,-0.037064426
61640.566,14.830599,1.4301335,0.11789654,-0.036643304
62648.44,14.830599,1.4308718,0.1171072,-0.036528707
63656.32,14.830599,1.4282131,0.116362266,-0.036689468
64664.195,14.830599,1.4231474,0.115733996,-0.03702748
65672.07,14.830599,1.4173666,0.1152661,-0.037406728
66679.945,14.830599,1.41274,0.11496325,-0.037689768
67687.82,14.830599,1.4107624,0.11478708,-0.03777282
68695.695,14.830599,1.4121248,0.11466307,-0.037611164
69703.57,14.830599,1.4165175,0.114497714,-0.037228495
70711.445,14.830599,1.4227257,0.1142035,-0.03670842
71719.32,14.830599,1.4289916,0.11372545,-0.036169797
72727.195,14.830599,1.4335408,0.11306197,-0.03573308
73735.08,14.830599,1.4351265,0.1122729,-0.03548629
74742.95,14.830599,1.4334216,0.11146957,-0.035460286
75750.83,14.830599,1.4291298,0.110786155,-0.035620898
76758.7,14.830599,1.4237645,0.11033921,-0.035880268
77766.58,14.830599,1.4191453,0.11018551,-0.036125533
78774.45,14.830599,1.4167603,0.11029391,-0.03625565
79782.33,14.830599,1.417216,0.11054221,-0.036215648
80790.2,14.830599,1.4199779,0.11074901,-0.03601551
81798.08,14.830599,1.4235401,0.110732794,-0.03572662
82805.95,14.830599,1.426011,0.11038446,-0.03545416
83813.83,14.830599,1.4259243,0.10972425,-0.035294466
84821.7,14.830599,1.422958,0.108914465,-0.035292797
85829.58,14.830599,1.4182034,0.10820985,-0.035420153
86837.45,14.830599,1.4137577,0.107849106,-0.035583097
87845.33,14.830599,1.411696,0.10792573,-0.035667494
88853.2,14.830599,1.4128411,0.10830165,-0.035600454
89861.08,14.830599,1.416024,0.10863261,-0.0353987
90868.95,14.830599,1.4184905,0.108538285,-0.03516971
91876.83,14.830599,1.4176223,0.107868426,-0.0350494
92884.71,14.830599,1.4131707,0.10690455,-0.03509937
93892.586,14.830599,1.4082576,0.106279574,-0.035234556
94900.46,14.830599,1.4072964,0.106482565,-0.035268508
95908.336,14.830599,1.4109981,0.10717903,-0.035101473
96916.21,14.830599,1.4131064,0.10714306,-0.034904122
97924.086,14.830599,1.4074143,0.10582669,-0.034957863
98931.96,14.830599,1.4047425,0.10564682,-0.03502524
99939.836,14.830599,1.405407,0.1055814,-0.03490675
160.16696,15.435929,0.73538125,0.38329178,-0.044469155
1168.0425,15.435929,0.711077,0.20738424,-0.058366187
2175.918,15.435929,0.7276908,0.20639707,-0.06840057
3183.7935,15.435929,0.7036678,0.20141695,-0.07360059
4191.669,15.435929,0.6956437,0.19091484,-0.07611938
5199.5444,15.435929,0.70545477,0.187153,-0.07806331
6207.42,15.435929,0.7121551,0.18981886,-0.08026805
7215.2954,15.435929,0.70687306,0.19328983,-0.08266531
8223.171,15.435929,0.6966269,0.1940462,-0.08501391
9231.046,15.435929,0.69300723,0.19234483,-0.087306514
10238.922,15.435929,0.7020954,0.19046354,-0.08976042
11246.798,15.435929,0.7217363,0.1904587,-0.09259488
12254.673,15.435929,0.7447248,0.19295317,-0.09582551
13262.548,15.435929,0.7638637,0.1971385,-0.099203356
14270.424,15.435929,0.77558905,0.201499,-0.102305055
15278.3,15.435929,0.7808411,0.20465685,-0.10470405
16286.175,15.435929,0.7835894,0.20592514,-0.1061331
17294.049,15.435929,0.78832066,0.20543891,-0.106571645
18301.924,15.435929,0.7978238,0.20393276,-0.1062348
19309.8,15.435929,0.8121212,0.202349,-0.10548155
20317.676,15.435929,0.8287312,0.20145786,-0.104685105
21325.55,15.435929,0.84390306,0.20161854,-0.104113504
22333.428,15.435929,0.8541968,0.20272514,-0.10385795
23341.303,15.435929,0.8577807,0.20431764,-0.10382556
24349.178,15.435929,0.8550341,0.20578526,-0.10379159
25357.053,15.435929,0.84833264,0.20658664,-0.103489056
26364.928,15.435929,0.841181,0.20641525,-0.10270577
27372.805,15.435929,0.8370308,0.20527485,-0.101359256
28380.68,15.435929,0.8381848,0.20345357,-0.09953022
29388.555,15.435929,0.8451046,0.20142174,-0.09744623
30396.432,15.435929,0.8563168,0.19968703,-0.095422946
31404.307,15.435929,0.8688992,0.19865063,-0.09377861
32412.182,15.435929,0.87940454,0.19849949,-0.09274508
33420.06,15.435929,0.8849393,0.19915754,-0.09239722
34427.934,15.435929,0.884122,0.20029986,-0.09261781
35435.81,15.435929,0.8776669,0.20142423,-0.093106195
36443.684,15.435929,0.8684454,0.20195568,-0.093429014
37451.562,15.435929,0.8610199,0.20136297,-0.0931021
38459.438,15.435929,0.86074525,0.19925988,-0.09168603
39467.312,15.435929,0.87264836,0.19547442,-0.08887596
40475.188,15.435929,0.9003283,0.19007424,-0.084567405
41483.062,15.435929,0.9451134,0.18334872,-0.07888534
42490.938,15.435929,1.0056531,0.17575435,-0.07217084
43498.812,15.435929,1.0780218,0.16783738,-0.06492901
44506.69,15.435929,1.156317,0.16014881,-0.05774768
45514.566,15.435929,1.2336215,0.15316756,-0.05120316
46522.44,15.435929,1.3031461,0.14724435,-0.045770165
47530.316,15.435929,1.3593253,0.14257126,-0.04175219
48538.19,15.435929,1.3986609,0.1391805,-0.039244547
49546.066,15.435929,1.4201727,0.1369667,-0.03813476
50553.938,15.435929,1.4253745,0.13572718,-0.038139276
51561.812,15.435929,1.4178157,0.13520849,-0.03886756
52569.688,15.435929,1.4022865,0.13515252,-0.039900374
53577.562,15.435929,1.3838652,0.13533315,-0.04086667
54585.438,15.435929,1.3669969,0.13557969,-0.041504644
55593.312,15.435929,1.3547796,0.13578427,-0.04169586
56601.19,15.435929,1.3485943,0.13589664,-0.041466855
57609.066,15.435929,1.3481236,0.1359087,-0.04096031
58616.94,15.435929,1.3517303,0.13583408,-0.040382516
59624.816,15.435929,1.357092,0.13568841,-0.039940275
60632.69,15.435929,1.3619316,0.13547356,-0.03978106
61640.566,15.435929,1.3646693,0.13516955,-0.039950088
62648.44,15.435929,1.3648462,0.1347339,-0.04037404
63656.32,15.435929,1.3632219,0.13410872,-0.04087539
64664.195,15.435929,1.3615308,0.13323279,-0.041213714
65672.07,15.435929,1.3619616,0.13205646,-0.041145228
66679.945,15.435929,1.3664993,0.13055599,-0.040486243
67687.82,15.435929,1.3762957,0.1287442,-0.03916525
68695.695,15.435929,1.3912487,0.12667736,-0.037250075
69703.57,15.435929,1.4099085,0.12445374,-0.03494266
70711.445,15.435929,1.4297516,0.12220634,-0.03254037
71719.32,15.435929,1.4477773,0.12008788,-0.030371586
72727.195,15.435929,1.4612664,0.11825036,-0.028721085
73735.08,15.435929,1.4685142,0.11682125,-0.027762752
74742.95,15.435929,1.4693075,0.11587965,-0.027518054
75750.83,15.435929,1.4650058,0.11543638,-0.027852945
76758.7,15.435929,1.4581594,0.115425035,-0.028515555
77766.58,15.435929,1.4517536,0.115705736,-0.029207222
78774.45,15.435929,1.4482872,0.11608708,-0.029667357
79782.33,15.435929,1.4489746,0.11636427,-0.029748015
80790.2,15.435929,1.4533582,0.116367765,-0.029453654
81798.08,15.435929,1.4595013,0.1160112,-0.028930955
82805.95,15.435929,1.4647624,0.115324676,-0.028408308
83813.83,15.435929,1.4669021,0.11445606,-0.02810303
84821.7,15.435929,1.4651043,0.11363223,-0.02812936
85829.58,15.435929,1.4604508,0.11308073,-0.028445562
86837.45,15.435929,1.455513,0.112934336,-0.02886905
87845.33,15.435929,1.4531026,0.11315037,-0.02916256
88853.2,15.435929,1.4546674,0.11349806,-0.029160367
89861.08,15.435929,1.4591919,0.11363923,-0.028872216
90868.95,15.435929,1.4634755,0.113304995,-0.02849616
91876.83,15.435929,1.4640863,0.11249539,-0.028303828
92884.71,15.435929,1.460151,0.11157088,-0.028439606
93892.586,15.435929,1.4548979,0.11108793,-0.02876655
94900.46,15.435929,1.4536201,0.11134282,-0.028932435
95908.336,15.435929,1.4579065,0.11188348,-0.02871821
96916.21,15.435929,1.4612149,0.11164156,-0.028407456
97924.086,15.435929,1.455898,0.11035937,-0.0285378
98931.96,15.435929,1.452768,0.11024465,-0.028737888
99939.836,15.435929,1.4539816,0.11005303,-0.028577244
160.16696,16.04126,0.74655545,0.3882628,-0.044781365
1168.0425,16.04126,0.731951,0.21422462,-0.062141113
2175.918,16.04126,0.75038457,0.21382809,-0.07274021
3183.7935,16.04126,0.72481155,0.20970137,-0.078448124
4191.669,16.04126,0.7172934,0.19934802,-0.08098482
5199.5444,16.04126,0.72888297,0.19534034,-0.08267231
6207.42,16.04126,0.7366291,0.19803183,-0.08481912
7215.2954,16.04126,0.7312717,0.20203589,-0.08753966
8223.171,16.04126,0.7208486,0.20361704,-0.090448365
9231.046,16.04126,0.71809053,0.20268197,-0.0932821
10238.922,16.04126,0.729436,0.20128754,-0.096079946
11246.798,16.04126,0.7521857,0.20147407,-0.09902019
12254.673,16.04126,0.77812225,0.20398273,-0.10217271
13262.548,16.04126,0.79912436,0.2081415,-0.10536271
14270.424,16.04126,0.81117487,0.21250422,-0.10820757
15278.3,16.04126,0.81531864,0.21567403,-0.11027676
16286.175,16.04126,0.81603765,0.21688962,-0.111276634
17294.049,16.04126,0.8184727,0.21620907,-0.11117148
18301.924,16.04126,0.82596034,0.21433587,-0.11019762
19309.8,16.04126,0.83881396,0.21224584,-0.10877617
20317.676,16.04126,0.8545605,0.2107979,-0.10736781
21325.55,16.04126,0.86925143,0.21046296,-0.106325835
22333.428,16.04126,0.8791643,0.21123222,-0.105796725
23341.303,16.04126,0.8822248,0.21269698,-0.10569501
24349.178,16.04126,0.8786872,0.21423821,-0.105753236
25357.053,16.04126,0.8709439,0.2152534,-0.10562441
26364.928,16.04126,0.86262673,0.21534283,-0.10500235
27372.805,16.04126,0.8573606,0.2144142,-0.10372345
28380.68,16.04126,0.8575943,0.2126854,-0.10182188
29388.555,16.04126,0.8638536,0.21060127,-0.099525586
30396.432,16.04126,0.8746121,0.20869426,-0.09719695
31404.307,16.04126,0.8867851,0.20743434,-0.0952353
32412.182,16.04126,0.8966751,0.20710312,-0.093968116
33420.06,16.04126,0.9011003,0.20772158,-0.093558036
34427.934,16.04126,0.89839435,0.20904413,-0.0939484
35435.81,16.04126,0.8890276,0.21061236,-0.094859615
36443.684,16.04126,0.8756919,0.21185353,-0.09583669
37451.562,16.04126,0.8628403,0.2121996,-0.09633727
38459.438,16.04126,0.8557885,0.21119863,-0.09584033
39467.312,16.04126,0.8595853,0.20859928,-0.093952596
40475.188,16.04126,0.87791115,0.20439166,-0.090490416
41483.062,16.04126,0.91223985,0.19880247,-0.08552088
42490.938,16.04126,0.9614387,0.19224635,-0.07935458
43498.812,16.04126,1.0218861,0.18524984,-0.07249273
44506.69,16.04126,1.0880795,0.17836094,-0.06553936
45514.566,16.04126,1.1535918,0.1720644,-0.059097275
46522.44,16.04126,1.2121878,0.1667156,-0.053667627
47530.316,16.04126,1.2588754,0.16250475,-0.04957264
48538.19,16.04126,1.2906824,0.15945333,-0.046915002
49546.066,16.04126,1.307027,0.15743876,-0.045580413
50553.938,16.04126,1.3096228,0.15624318,-0.045280438
51561.812,16.04126,1.301961,0.15560937,-0.045625705
52569.688,16.04126,1.2884955,0.15529557,-0.046213046
53577.562,16.04126,1.2737124,0.1551184,-0.046707846
54585.438,16.04126,1.2612755,0.15497382,-0.046905395
55593.312,16.04126,1.2534287,0.15483764,-0.046758447
56601.19,16.04126,1.2507623,0.15474507,-0.04636621
57609.066,16.04126,1.2523751,0.15475626,-0.045928765
58616.94,16.04126,1.2563751,0.1549174,-0.045677267
59624.816,16.04126,1.2605894,0.15522562,-0.045796864
60632.69,16.04126,1.2633004,0.15560737,-0.0463605
61640.566,16.04126,1.2638296,0.15591463,-0.04728953
62648.44,16.04126,1.2628225,0.15594168,-0.048352003
63656.32,16.04126,1.2621567,0.15545854,-0.04920106
64664.195,16.04126,1.2644871,0.15425585,-0.04944627
65672.07,16.04126,1.2725332,0.1521916,-0.048743274
66679.945,16.04126,1.288286,0.14923008,-0.04688153
67687.82,16.04126,1.312333,0.14546415,-0.043848924
68695.695,16.04126,1.343497,0.14111502,-0.039855998
69703.57,16.04126,1.3789,0.1365085,-0.035311088
70711.445,16.04126,1.4144781,0.13202769,-0.030747859
71719.32,16.04126,1.4458472,0.12805331,-0.026719484
72727.195,16.04126,1.4693148,0.124899685,-0.023682114
73735.08,16.04126,1.4827864,0.122758344,-0.021895543
74742.95,16.04126,1.4863046,0.1216634,-0.021366637
75750.83,16.04126,1.4820514,0.12148421,-0.021852702
76758.7,16.04126,1.473762,0.121951476,-0.022927236
77766.58,16.04126,1.4656839,0.12271111,-0.024094475
78774.45,16.04126,1.4613583,0.123400435,-0.024922967
79782.33,16.04126,1.4625826,0.12372608,-0.025161339
80790.2,16.04126,1.4689162,0.123531416,-0.024799824
81798.08,16.04126,1.4779344,0.12283036,-0.024054928
82805.95,16.04126,1.4862151,0.12179904,-0.02327722
83813.83,16.04126,1.4907548,0.12071954,-0.022809386
84821.7,16.04126,1.4902887,0.11988692,-0.022843925
85829.58,16.04126,1.4859381,0.11950322,-0.023337893
86837.45,16.04126,1.4807795,0.119592346,-0.02402885
87845.33,16.04126,1.4783487,0.11997254,-0.024558598
88853.2,16.04126,1.4806672,0.1203153,-0.02466094
89861.08,16.04126,1.4868146,0.120285496,-0.02432277
90868.95,16.04126,1.4931133,0.11972369,-0.02381574
91876.83,16.04126,1.4953489,0.11878251,-0.02354138
92884.71,16.04126,1.4920962,0.117905915,-0.023739655
93892.586,16.04126,1.4867532,0.1175796,-0.024249922
94900.46,16.04126,1.4854815,0.11790982,-0.024576059
95908.336,16.04126,1.4906468,0.11832154,-0.024365604
96916.21,16.04126,1.4953325,0.117891595,-0.023961905
97924.086,16.04126,1.4905298,0.11664951,-0.024133494
98931.96,16.04126,1.4872415,0.116619274,-0.024478072
99939.836,16.04126,1.4892249,0.11632147,-0.024295358
160.16696,16.646591,0.75531626,0.39305627,-0.045061342
1168.0425,16.646591,0.7514014,0.22126563,-0.066088334
2175.918,16.646591,0.7719295,0.22134475,-0.07727051
3183.7935,16.646591,0.7468307,0.21803166,-0.08348811
4191.669,16.646591,0.73931074,0.20788136,-0.085982844
5199.5444,16.646591,0.75080025,0.20365846,-0.08729839
6207.42,16.646591,0.7588172,0.20636141,-0.08929147
7215.2954,16.646591,0.75441957,0.2108976,-0.09231888
8223.171,16.646591,0.7456101,0.2133618,-0.09583886
9231.046,16.646591,0.7447903,0.21329162,-0.099258274
10238.922,16.646591,0.75796306,0.21245202,-0.10235152
11246.798,16.646591,0.782068,0.21279378,-0.10520899
12254.673,16.646591,0.8086867,0.21514487,-0.10797174
13262.548,16.646591,0.8296585,0.21899797,-0.11061154
14270.424,16.646591,0.84103423,0.22305238,-0.11288282
15278.3,16.646591,0.8439772,0.2259843,-0.11443363
16286.175,16.646591,0.84310067,0.22703019,-0.11498453
17294.049,16.646591,0.8436777,0.22620052,-0.11447394
18301.924,16.646591,0.84918326,0.22414666,-0.113105744
19309.8,16.646591,0.8600831,0.22181886,-0.11128868
20317.676,16.646591,0.87406605,0.2200884,-0.10950117
21325.55,16.646591,0.88733375,0.21946958,-0.108138025
22333.428,16.646591,0.8962761,0.22000858,-0.10739426
23341.303,16.646591,0.89886236,0.22134118,-0.10722057
24349.178,16.646591,0.895306,0.22286765,-0.10735886
25357.053,16.646591,0.88787663,0.22397202,-0.107439645
26364.928,16.646591,0.88002634,0.2242146,-0.10710728
27372.805,16.646591,0.8751832,0.22344898,-0.10613421
28380.68,16.646591,0.8756267,0.22184095,-0.10449229
29388.555,16.646591,0.88178015,0.21979982,-0.10236368
30396.432,16.646591,0.8920976,0.21784858,-0.10009176
31404.307,16.646591,0.9035513,0.21647604,-0.09808735
32412.182,16.646591,0.9125433,0.21600713,-0.09671688
33420.06,16.646591,0.9159802,0.21652184,-0.09620083
34427.934,16.646591,0.9122139,0.21783741,-0.09654781
35435.81,16.646591,0.90161,0.21955208,-0.09753923
36443.684,16.646591,0.88660616,0.22113566,-0.09876692
37451.562,16.646591,0.87125826,0.22204334,-0.099714704
38459.438,16.646591,0.86038107,0.22182682,-0.09986445
39467.312,16.646591,0.85850203,0.2202199,-0.0988034
40475.188,16.646591,0.86885667,0.21718334,-0.09630953
41483.062,16.646591,0.89265454,0.21290237,-0.09239745
42490.938,16.646591,0.92876893,0.20774227,-0.08731669
43498.812,16.646591,0.9739113,0.20217273,-0.08150346
44506.69,16.646591,1.0232408,0.19668041,-0.07549753
45514.566,16.646591,1.0712751,0.19168508,-0.06984222
46522.44,16.646591,1.112905,0.18747737,-0.064987846
47530.316,16.646591,1.1443024,0.18418732,-0.06121888
48538.19,16.646591,1.1635389,0.18178761,-0.05861771
49546.066,16.646591,1.1708049,0.18012671,-0.0570715
50553.938,16.646591,1.1681902,0.17898367,-0.056318484
51561.812,16.646591,1.1591054,0.17813039,-0.056022346
52569.688,16.646591,1.1474707,0.17738783,-0.055857427
53577.562,16.646591,1.136858,0.17666341,-0.05558525
54585.438,16.646591,1.129782,0.17596343,-0.05510586
55593.312,16.646591,1.1272831,0.17537747,-0.05447156
56601.19,16.646591,1.1288927,0.17503932,-0.053860936
57609.066,16.646591,1.1329751,0.17507377,-0.053517804
58616.94,16.646591,1.1373594,0.17554158,-0.05367002
59624.816,16.646591,1.1401004,0.1763965,-0.05444647
60632.69,16.646591,1.1401877,0.17746308,-0.05581273
61640.566,16.646591,1.1380093,0.17844531,-0.057543017
62648.44,16.646591,1.1354492,0.17896439,-0.059237536
63656.32,16.646591,1.1355718,0.17862064,-0.060385853
64664.195,16.646591,1.1419424,0.17706937,-0.060465507
65672.07,16.646591,1.1577294,0.17409553,-0.059056252
66679.945,16.646591,1.1848056,0.16967139,-0.055944987
67687.82,16.646591,1.223068,0.16398446,-0.051196143
68695.695,16.646591,1.2701714,0.15742677,-0.0451684
69703.57,16.646591,1.3217869,0.15054476,-0.038468573
70711.445,16.646591,1.3723629,0.14395618,-0.031847913
71719.32,16.646591,1.4162501,0.13824809,-0.02605961
72727.195,16.646591,1.4489353,0.13387544,-0.021707721
73735.08,16.646591,1.4680772,0.13107884,-0.019122241
74742.95,16.646591,1.4740666,0.12984315,-0.018292025
75750.83,16.646591,1.4699192,0.12990396,-0.01887565
76758.7,16.646591,1.4604821,0.1308066,-0.020292033
77766.58,16.646591,1.4511309,0.13200556,-0.021872073
78774.45,16.646591,1.4462891,0.13298535,-0.02303313
79782.33,16.646591,1.4482108,0.13337517,-0.0234293
80790.2,16.646591,1.45642,0.1330285,-0.023031477
81798.08,16.646591,1.4680445,0.13204549,-0.02210901
82805.95,16.646591,1.4790018,0.13072786,-0.021112233
83813.83,16.646591,1.4856744,0.12947363,-0.020490961
84821.7,16.646591,1.4864669,0.12863868,-0.020510249
85829.58,16.646591,1.4825737,0.12840621,-0.021136222
86837.45,16.646591,1.4774992,0.12871039,-0.022049095
87845.33,16.646591,1.4753536,0.12925258,-0.022793446
88853.2,16.646591,1.478581,0.12961976,-0.023013707
89861.08,16.646591,1.4862936,0.12947388,-0.022663841
90868.95,16.646591,1.494415,0.12874237,-0.022061395
91876.83,16.646591,1.4981291,0.12770273,-0.021708777
92884.71,16.646591,1.4956248,0.12687322,-0.021935787
93892.586,16.646591,1.490474,0.12669052,-0.02258718
94900.46,16.646591,1.4895108,0.12711008,-0.023068212
95908.336,16.646591,1.495647,0.12745032,-0.022905128
96916.21,16.646591,1.5016277,0.12688935,-0.02244335
97924.086,16.646591,1.4974368,0.12568524,-0.022618394
98931.96,16.646591,1.4943309,0.12574726,-0.023092547
99939.836,16.646591,1.4971735,0.12538728,-0.02291136
160.16696,17.25192,0.7624945,0.39770705,-0.04544664
1168.0425,17.25192,0.7697001,0.22854516,-0.07024386
2175.918,17.25192,0.79210603,0.22895634,-0.08196116
3183.7935,17.25192,0.769328,0.22632009,-0.08861271
4191.669,17.25192,0.7611743,0.21645458,-0.09101288
5199.5444,17.25192,0.77055395,0.21214019,-0.09189041
6207.42,17.25192,0.7779782,0.21487723,-0.09365559
7215.2954,17.25192,0.7755645,0.21988209,-0.0969473
8223.171,17.25192,0.7702242,0.22316451,-0.101081975
9231.046,17.25192,0.7725334,0.22394131,-0.10509971
10238.922,17.25192,0.78724444,0.22366206,-0.108445555
11246.798,17.25192,0.8111024,0.22412284,-0.11107315
12254.673,17.25192,0.8362969,0.22618626,-0.11319467
13262.548,17.25192,0.8555126,0.22950852,-0.11498187
14270.424,17.25192,0.8653978,0.23298828,-0.116411015
15278.3,17.25192,0.86725676,0.2354587,-0.11729035
16286.175,17.25192,0.86545926,0.23623157,-0.11740219
17294.049,17.25192,0.86488926,0.23531038,-0.116656505
18301.924,17.25192,0.8687417,0.23328394,-0.11517607
19309.8,17.25192,0.87747353,0.23102078,-0.11328081
20317.676,17.25192,0.8890537,0.22932471,-0.11138904
21325.55,17.25192,0.900147,0.22867447,-0.10988202
22333.428,17.25192,0.9076154,0.22911847,-0.108985595
23341.303,17.25192,0.90973973,0.23032303,-0.1087087
24349.178,17.25192,0.9067782,0.23173158,-0.10885468
25357.053,17.25192,0.9007626,0.23276728,-0.10909567
26364.928,17.25192,0.894701,0.23301212,-0.109082736
27372.805,17.25192,0.8915072,0.23231797,-0.108555734
28380.68,17.25192,0.89302886,0.23082644,-0.10742155
29388.555,17.25192,0.899458,0.22890759,-0.10578012
30396.432,17.25192,0.9092803,0.22704197,-0.103894666
31404.307,17.25192,0.91974056,0.2256841,-0.102116905
32412.182,17.25192,0.9276615,0.22514422,-0.10078913
33420.06,17.25192,0.93037933,0.2255126,-0.100149736
34427.934,17.25192,0.92653453,0.22664425,-0.10026572
35435.81,17.25192,0.9165137,0.22819868,-0.10100789
36443.684,17.25192,0.902442,0.22972159,-0.102073595
37451.562,17.25192,0.8877355,0.23074853,-0.10305011
38459.438,17.25192,0.8763326,0.2309021,-0.103502855
39467.312,17.25192,0.87179476,0.22996722,-0.10306821
40475.188,17.25192,0.87648493,0.22792426,-0.101529226
41483.062,17.25192,0.8910178,0.22494249,-0.09885892
42490.938,17.25192,0.9140959,0.22133343,-0.09522267
43498.812,17.25192,0.94276106,0.21747936,-0.09094017
44506.69,17.25192,0.9730039,0.21375495,-0.086417325
45514.566,17.25192,1.0005822,0.2104554,-0.08206336
46522.44,17.25192,1.0218744,0.20774892,-0.078212045
47530.316,17.25192,1.0345792,0.20566101,-0.07506381
48538.19,17.25192,1.0381161,0.20409067,-0.07266063
49546.066,17.25192,1.0336473,0.20285445,-0.070898436
50553.938,17.25192,1.0237256,0.20174631,-0.06957244
51561.812,17.25192,1.0116576,0.20059848,-0.06844439
52569.688,17.25192,1.0007273,0.19933034,-0.06731524
53577.562,17.25192,0.9934599,0.19797313,-0.066085316
54585.438,17.25192,0.9910931,0.19666484,-0.064787194
55593.312,17.25192,0.9933791,0.19561487,-0.06358195
56601.19,17.25192,0.9987614,0.19504726,-0.062717885
57609.066,17.25192,1.0048916,0.19513232,-0.062459737
58616.94,17.25192,1.009366,0.1959229,-0.06300352
59624.816,17.25192,1.0105116,0.19731145,-0.06439726
60632.69,17.25192,1.0080206,0.19901507,-0.066487014
61640.566,17.25192,1.0032746,0.20059997,-0.06890504
62648.44,17.25192,0.9992492,0.20154111,-0.07110728
63656.32,17.25192,0.99998504,0.20130718,-0.0724576
64664.195,17.25192,1.0097256,0.19946092,-0.07234558
65672.07,17.25192,1.0318882,0.19574948,-0.0703146
66679.945,17.25192,1.0681112,0.1901723,-0.06617344
67687.82,17.25192,1.1176113,0.1830067,-0.06006469
68695.695,17.25192,1.177038,0.17478429,-0.05247035
69703.57,17.25192,1.2409064,0.16621986,-0.04414767
70711.445,17.25192,1.3025632,0.15809931,-0.03600221
71719.32,17.25192,1.3554963,0.15115048,-0.02892144
72727.195,17.25192,1.3947068,0.14591724,-0.02360317
73735.08,17.25192,1.417806,0.14266397,-0.02041676
74742.95,17.25192,1.425542,0.14133249,-0.01933248
75750.83,17.25192,1.4215853,0.14156108,-0.019939575
76758.7,17.25192,1.4115726,0.14276706,-0.021553662
77766.58,17.25192,1.401618,0.14427604,-0.023391787
78774.45,17.25192,1.396682,0.14547181,-0.02477175
79782.33,17.25192,1.3992594,0.14593217,-0.025283083
80790.2,17.25192,1.4088104,0.14551589,-0.024878066
81798.08,17.25192,1.4221712,0.1443768,-0.023852393
82805.95,17.25192,1.4348742,0.14289454,-0.02271397
83813.83,17.25192,1.4429728,0.14154065,-0.021978987
84821.7,17.25192,1.4447186,0.14071137,-0.021962563
85829.58,17.25192,1.441372,0.14058247,-0.022646317
86837.45,17.25192,1.4366751,0.14103737,-0.023685329
87845.33,17.25192,1.4350251,0.1417078,-0.02457019
88853.2,17.25192,1.4390577,0.14212647,-0.02488717
89861.08,17.25192,1.4478776,0.1419471,-0.024557289
90868.95,17.25192,1.457207,0.14114155,-0.023909645
91876.83,17.25192,1.4619551,0.1400589,-0.023499055
92884.71,17.25192,1.4601526,0.13926677,-0.023717973
93892.586,17.25192,1.4554632,0.13918555,-0.024439074
94900.46,17.25192,1.4550085,0.13969254,-0.025030842
95908.336,17.25192,1.4619217,0.14003748,-0.024938527
96916.21,17.25192,1.4688139,0.13943294,-0.024462434
97924.086,17.25192,1.4652867,0.13825774,-0.024610642
98931.96,17.25192,1.4626735,0.13840275,-0.025171358
99939.836,17.25192,1.4662776,0.13804159,-0.025013927
160.16696,17.857252,0.76924795,0.40230465,-0.046106525
1168.0425,17.857252,0.7874615,0.23608658,-0.074666664
2175.918,17.857252,0.81102777,0.23668517,-0.08678949
3183.7935,17.857252,0.7918786,0.2345087,-0.09371324
4191.669,17.857252,0.7825606,0.22502473,-0.0959968
5199.5444,17.857252,0.78822327,0.22082648,-0.096466556
6207.42,17.857252,0.79437554,0.22366573,-0.097992405
7215.2954,17.857252,0.7947942,0.22902557,-0.10149178
8223.171,17.857252,0.7944582,0.2329372,-0.10618022
9231.046,17.857252,0.80092555,0.23440969,-0.11075187
10238.922,17.857252,0.81704855,0.23461398,-0.11430366
11246.798,17.857252,0.8395096,0.23515485,-0.11661747
12254.673,17.857252,0.86174756,0.23686978,-0.11795874
13262.548,17.857252,0.87799376,0.23954415,-0.11871798
14270.424,17.857252,0.8859135,0.24229062,-0.11914432
15278.3,17.857252,0.8869729,0.24415357,-0.11926709
16286.175,17.857252,0.8850074,0.24458301,-0.11897422
17294.049,17.857252,0.88410413,0.2436184,-0.11815563
18301.924,17.857252,0.8868442,0.24178877,-0.1168215
19309.8,17.857252,0.8935331,0.23984349,-0.115142785
20317.676,17.857252,0.9024849,0.23845409,-0.113408886
21325.55,17.857252,0.9110349,0.23799564,-0.111931786
22333.428,17.857252,0.916762,0.23846874,-0.110941485
23341.303,17.857252,0.9184392,0.23955178,-0.11051379
24349.178,17.857252,0.91642416,0.24074821,-0.11055209
25357.053,17.857252,0.9124341,0.24156396,-0.11082591
26364.928,17.857252,0.9088627,0.24165833,-0.11104864
27372.805,17.857252,0.9079139,0.24093145,-0.11096716
28380.68,17.857252,0.91085184,0.23953061,-0.110436134
29388.555,17.857252,0.917588,0.23778914,-0.109456554
30396.432,17.857252,0.92670774,0.23611993,-0.10817018
31404.307,17.857252,0.93589985,0.23489867,-0.10681456
32412.182,17.857252,0.94264066,0.23436809,-0.105653435
33420.06,17.857252,0.94493026,0.23458338,-0.10490242
34427.934,17.857252,0.94187266,0.23540887,-0.10466982
35435.81,17.857252,0.9339541,0.2365609,-0.104926065
36443.684,17.857252,0.92294854,0.23768282,-0.105509214
37451.562,17.857252,0.9114908,0.23843034,-0.106162235
38459.438,17.857252,0.9024267,0.23854892,-0.106592454
39467.312,17.857252,0.8981073,0.23792352,-0.10653701
40475.188,17.857252,0.8998001,0.2365941,-0.10581932
41483.062,17.857252,0.90735805,0.23473373,-0.10438344
42490.938,17.857252,0.9192213,0.23260003,-0.10229914
43498.812,17.857252,0.9327479,0.2304689,-0.09973821
44506.69,17.857252,0.9448008,0.2285709,-0.09692907
45514.566,17.857252,0.95244795,0.22704083,-0.094100684
46522.44,17.857252,0.9536206,0.22589368,-0.09143117
47530.316,17.857252,0.9475818,0.22503075,-0.08901252
48538.19,17.857252,0.93509614,0.22427323,-0.08684017
49546.066,17.857252,0.91826147,0.22341643,-0.08482988
50553.938,17.857252,0.9000441,0.22228912,-0.08285782
51561.812,17.857252,0.88361514,0.22080737,-0.08081284
52569.688,17.857252,0.8716406,0.21900815,-0.078648366
53577.562,17.857252,0.8656868,0.21705385,-0.07641891
54585.438,17.857252,0.86587703,0.21520673,-0.074290164
55593.312,17.857252,0.87089586,0.21377511,-0.072517365
56601.19,17.857252,0.8783418,0.21304256,-0.071393
57609.066,17.857252,0.8853646,0.21319339,-0.0711737
58616.94,17.857252,0.88945484,0.21425001,-0.072000384
59624.816,17.857252,0.8891999,0.21603788,-0.07383176
60632.69,17.857252,0.8848292,0.21818466,-0.076407164
61640.566,17.857252,0.8783969,0.22016166,-0.07925281
62648.44,17.857252,0.8735329,0.22135842,-0.08173554
63656.32,17.857252,0.87477756,0.22118387,-0.08315958
64664.195,17.857252,0.88661784,0.21917255,-0.08289031
65672.07,17.857252,0.9124224,0.21508053,-0.08048281
66679.945,17.857252,0.9535119,0.20894721,-0.075787574
67687.82,17.857252,1.0085912,0.2011137,-0.06900911
68695.695,17.857252,1.0737169,0.19218692,-0.06069956
69703.57,17.857252,1.1428478,0.18295482,-0.05168318
70711.445,17.857252,1.2089097,0.17426412,-0.042920135
71719.32,17.857252,1.2651722,0.16688217,-0.03533405
72727.195,17.857252,1.3066268,0.1613676,-0.029638845
73735.08,17.857252,1.3310522,0.15797651,-0.026201718
74742.95,17.857252,1.3394687,0.15662435,-0.024977032
75750.83,17.857252,1.3358426,0.15691254,-0.025529409
76758.7,17.857252,1.3260531,0.15821953,-0.027146958
77766.58,17.857252,1.3163623,0.1598371,-0.029020287
78774.45,17.857252,1.311777,0.1611253,-0.030444644
79782.33,17.857252,1.3147631,0.16165029,-0.03099195
80790.2,17.857252,1.324727,0.1612694,-0.030603323
81798.08,17.857252,1.3384712,0.16014387,-0.029569315
82805.95,17.857252,1.3515389,0.15866473,-0.028399844
83813.83,17.857252,1.3600318,0.15731533,-0.027619503
84821.7,17.857252,1.3622537,0.156502,-0.027557112
85829.58,17.857252,1.3594769,0.1564061,-0.028209692
86837.45,17.857252,1.3553954,0.15691245,-0.029244212
87845.33,17.857252,1.354312,0.15764733,-0.030153338
88853.2,17.857252,1.3587772,0.15813407,-0.030512452
89861.08,17.857252,1.3678875,0.15801525,-0.030220997
90868.95,17.857252,1.3774631,0.1572533,-0.02958564
91876.83,17.857252,1.3825688,0.15619688,-0.02915274
92884.71,17.857252,1.3813256,0.15542579,-0.029332034
93892.586,17.857252,1.3773096,0.15538067,-0.030034147
94900.46,17.857252,1.3774036,0.1559531,-0.030658316
95908.336,17.857252,1.3846006,0.15637985,-0.030632906
96916.21,17.857252,1.3917569,0.15583314,-0.030187353
97924.086,17.857252,1.3889009,0.15467432,-0.030293604
98931.96,17.857252,1.3869889,0.15487485,-0.03087536
99939.836,17.857252,1.3910581,0.15457638,-0.03075767
160.16696,18.462582,0.77689433,0.40697935,-0.047219604
1168.0425,18.462582,0.8055372,0.24388795,-0.07942344
2175.918,18.462582,0.8291298,0.2445583,-0.091740064
3183.7935,18.462582,0.81413996,0.24258451,-0.09869933
4191.669,18.462582,0.80347216,0.23357742,-0.10089675
5199.5444,18.462582,0.80470884,0.22975692,-0.10111776
6207.42,18.462582,0.8093501,0.23281038,-0.102485314
7215.2954,18.462582,0.8131276,0.2383872,-0.10613315
8223.171,18.462582,0.8186444,0.24264458,-0.11123764
9231.046,18.462582,0.82982737,0.24454226,-0.11623502
10238.922,18.462582,0.847314,0.24506995,-0.11992072
11246.798,18.462582,0.8678212,0.24564631,-0.12189897
12254.673,18.462582,0.886389,0.24702995,-0.12245755
13262.548,18.462582,0.8991659,0.2490753,-0.12218176
14270.424,18.462582,0.9050482,0.25107834,-0.12159397
15278.3,18.462582,0.90567017,0.25230077,-0.12096688
16286.175,18.462582,0.90418535,0.25236398,-0.12032324
17294.049,18.462582,0.9036725,0.25137702,-0.11955038
18301.924,18.462582,0.9059262,0.24982609,-0.11854061
19309.8,18.462582,0.9110088,0.24833137,-0.117287174
20317.676,18.462582,0.91758025,0.24740012,-0.115907066
21325.55,18.462582,0.9237056,0.24726492,-0.114598826
22333.428,18.462582,0.92775255,0.24784285,-0.1135661
23341.303,18.462582,0.9290343,0.24880788,-0.112942725
24349.178,18.462582,0.92801666,0.24972881,-0.11274754
25357.053,18.462582,0.9260711,0.25021893,-0.11288139
26364.928,18.462582,0.92493075,0.2500506,-0.113162056
27372.805,18.462582,0.92605376,0.2492066,-0.11338256
28380.68,18.462582,0.9301188,0.24786425,-0.11337171
29388.555,18.462582,0.9367944,0.24632661,-0.11303914
30396.432,18.462582,0.94484305,0.24492668,-0.112393774
31404.307,18.462582,0.95249546,0.24393484,-0.111533076
32412.182,18.462582,0.95797753,0.24349254,-0.110609025
33420.06,18.462582,0.9600285,0.2435868,-0.1097826
34427.934,18.462582,0.95826197,0.24406742,-0.10917989
35435.81,18.462582,0.95327425,0.24469748,-0.10886091
36443.684,18.462582,0.94647944,0.24522106,-0.108808175
37451.562,18.462582,0.9397155,0.24543083,-0.108935975
38459.438,18.462582,0.93473125,0.24521677,-0.10911554
39467.312,18.462582,0.9326841,0.2445874,-0.10920787
40475.188,18.462582,0.9337817,0.24365985,-0.10909563
41483.062,18.462582,0.9371575,0.24262206,-0.10870469
42490.938,18.462582,0.9410142,0.24167873,-0.10801144
43498.812,18.462582,0.94300455,0.24099551,-0.10703492
44506.69,18.462582,0.9407739,0.24065292,-0.10581714
45514.566,18.462582,0.9325254,0.24062136,-0.10439904
46522.44,18.462582,0.91748977,0.2407658,-0.10279971
47530.316,18.462582,0.896185,0.24087468,-0.10100578
48538.19,18.462582,0.87039673,0.24071014,-0.098975495
49546.066,18.462582,0.84287727,0.24006775,-0.09665825
50553.938,18.462582,0.816821,0.23883134,-0.09402408
51561.812,18.462582,0.79522175,0.23701188,-0.09109632
52569.688,18.462582,0.78025746,0.2347607,-0.08797814
53577.562,18.462582,0.7728298,0.23235193,-0.08486263
54585.438,18.462582,0.7723762,0.23013723,-0.082021296
55593.312,18.462582,0.7770074,0.22847849,-0.07976786
56601.19,18.462582,0.7839527,0.22767195,-0.07840212
57609.066,18.462582,0.79023015,0.2278785,-0.07814291
58616.94,18.462582,0.79340434,0.22907175,-0.0790631
59624.816,18.462582,0.79227006,0.23101908,-0.08104187
60632.69,18.462582,0.78728795,0.23329894,-0.08374785
61640.566,18.462582,0.78066933,0.23535424,-0.086661264
62648.44,18.462582,0.7760528,0.23657511,-0.08913684
63656.32,18.462582,0.7778121,0.23639928,-0.090500884
64664.195,18.462582,0.79011995,0.23441024,-0.09016663
65672.07,18.462582,0.81596065,0.2304182,-0.087748006
66679.945,18.462582,0.8563032,0.22450761,-0.08314827
67687.82,18.462582,0.90964055,0.21703997,-0.07660235
68695.695,18.462582,0.97203064,0.2086102,-0.06866064
69703.57,18.462582,1.0376726,0.1999617,-0.060111143
70711.445,18.462582,1.0999341,0.19187231,-0.051850438
71719.32,18.462582,1.1526296,0.18503149,-0.044725902
72727.195,18.462582,1.1912692,0.17993034,-0.039381146
73735.08,18.462582,1.2139913,0.1767843,-0.036136657
74742.95,18.462582,1.2219182,0.17550589,-0.034935802
75750.83,18.462582,1.2188286,0.17573266,-0.035370924
76758.7,18.462582,1.2101765,0.17690782,-0.036788676
77766.58,18.462582,1.2016823,0.1783989,-0.038451955
78774.45,18.462582,1.1978545,0.17963007,-0.03972127
79782.33,18.462582,1.2008617,0.18020076,-0.040207274
80790.2,18.462582,1.2101042,0.17996207,-0.039852004
81798.08,18.462582,1.222666,0.17903127,-0.038910873
82805.95,18.462582,1.2345474,0.1777373,-0.037836872
83813.83,18.462582,1.2422986,0.17650792,-0.037098974
84821.7,18.462582,1.2444638,0.1757233,-0.0369958
85829.58,18.462582,1.2422359,0.17558269,-0.03753358
86837.45,18.462582,1.2389249,0.17602475,-0.038424946
87845.33,18.462582,1.2383318,0.17674184,-0.039223514
88853.2,18.462582,1.2426592,0.17729743,-0.039548498
89861.08,18.462582,1.2510387,0.17732313,-0.03929853
90868.95,18.462582,1.2597396,0.17671996,-0.038730707
91876.83,18.462582,1.264435,0.17576031,-0.03832161
92884.71,18.462582,1.2635539,0.17499198,-0.03844245
93892.586,18.462582,1.2603343,0.17490771,-0.039037507
94900.46,18.462582,1.260845,0.17550501,-0.039596736
95908.336,18.462582,1.2676151,0.17607217,-0.039607666
96916.21,18.462582,1.2742425,0.17567672,-0.03923045
97924.086,18.462582,1.2720289,0.17452224,-0.039298512
98931.96,18.462582,1.2708807,0.17473593,-0.039825432
99939.836,18.462582,1.2749652,0.17455319,-0.03975368
160.16696,19.067913,0.7866585,0.41187897,-0.04894352
1168.0425,19.067913,0.8248191,0.251918,-0.08456725
2175.918,19.067913,0.8470424,0.25259665,-0.0968008
3183.7935,19.067913,0.83590853,0.2505828,-0.10351698
4191.669,19.067913,0.82423484,0.24213132,-0.10572298
5199.5444,19.067913,0.82153547,0.2389572,-0.10598452
6207.42,19.067913,0.8250134,0.24236514,-0.10737334
7215.2954,19.067913,0.8322618,0.24803008,-0.11111499
8223.171,19.067913,0.84354943,0.25231168,-0.11641933
9231.046,19.067913,0.85928607,0.25429222,-0.12161506
10238.922,19.067913,0.87801194,0.25492007,-0.12531206
11246.798,19.067913,0.896552,0.2554775,-0.12697184
12254.673,19.067913,0.9115622,0.25661218,-0.12686962
13262.548,19.067913,0.92108285,0.25817448,-0.12572098
14270.424,19.067913,0.92520756,0.2595719,-0.124265864
15278.3,19.067913,0.92572397,0.2602417,-0.12299472
16286.175,19.067913,0.9251096,0.25996837,-0.12206926
17294.049,19.067913,0.92546046,0.25894725,-0.12139623
18301.924,19.067913,0.9277929,0.25764668,-0.120772675
19309.8,19.067913,0.9319099,0.25657928,-0.12002424
20317.676,19.067913,0.9367556,0.2560988,-0.11908847
21325.55,19.067913,0.94102836,0.2562909,-0.11802901
22333.428,19.067913,0.9437784,0.25698027,-0.116995275
23341.303,19.067913,0.94477105,0.257825,-0.1161553
24349.178,19.067913,0.94453573,0.25845242,-0.11563102
25357.053,19.067913,0.9441177,0.25858352,-0.115458235
26364.928,19.067913,0.94467026,0.2581103,-0.11557807
27372.805,19.067913,0.9470279,0.2571096,-0.1158589
28380.68,19.067913,0.9514187,0.25580004,-0.11613673
29388.555,19.067913,0.95738494,0.25446287,-0.116259634
30396.432,19.067913,0.9639298,0.25335458,-0.11612442
31404.307,19.067913,0.9698287,0.25263712,-0.11569674
32412.182,19.067913,0.9740018,0.25234237,-0.115011975
33420.06,19.067913,0.97583663,0.25237736,-0.11416045
34427.934,19.067913,0.97536355,0.25256374,-0.11326209
35435.81,19.067913,0.9732412,0.25269696,-0.1124388
36443.684,19.067913,0.970547,0.25260904,-0.11179061
37451.562,19.067913,0.9684391,0.25221714,-0.111379705
38459.438,19.067913,0.96777594,0.2515453,-0.11122407
39467.312,19.067913,0.9687892,0.25071704,-0.11129944
40475.188,19.067913,0.97091115,0.24992014,-0.11154654
41483.062,19.067913,0.9727928,0.24935502,-0.11188023
42490.938,19.067913,0.9725305,0.24917778,-0.11219829
43498.812,19.067913,0.96805227,0.2494545,-0.112388276
44506.69,19.067913,0.9575825,0.25013483,-0.1123328
45514.566,19.067913,0.9400843,0.25105423,-0.11191483
46522.44,19.067913,0.9155757,0.25196257,-0.111025065
47530.316,19.067913,0.8852447,0.2525739,-0.10957308
48538.19,19.067913,0.8513298,0.25262862,-0.10750228
49546.066,19.067913,0.8167723,0.25195074,-0.10480771
50553.938,19.067913,0.78471327,0.25049368,-0.101552695
51561.812,19.067913,0.7579258,0.24835992,-0.097880006
52569.688,19.067913,0.7383058,0.24579178,-0.094012976
53577.562,19.067913,0.72652406,0.24313433,-0.09024237
54585.438,19.067913,0.72192454,0.24077392,-0.08689751
55593.312,19.067913,0.72269905,0.23906818,-0.08430295
56601.19,19.067913,0.72631043,0.23827465,-0.082726784
57609.066,19.067913,0.7300876,0.23849523,-0.0823272
58616.94,19.067913,0.73187196,0.23964606,-0.083108395
59624.816,19.067913,0.7305746,0.24145854,-0.084895685
60632.69,19.067913,0.7265203,0.24351312,-0.087337576
61640.566,19.067913,0.72148705,0.24530065,-0.08993867
62648.44,19.067913,0.7184087,0.24630149,-0.09212268
63656.32,19.067913,0.72079074,0.2460693,-0.09331693
64664.195,19.067913,0.7319337,0.24430555,-0.09304643
65672.07,19.067913,0.75413543,0.24091157,-0.091020435
66679.945,19.067913,0.7880386,0.2360108,-0.0871948
67687.82,19.067913,0.832284,0.22993492,-0.08179603
68695.695,19.067913,0.88357687,0.2231771,-0.07529792
69703.57,19.067913,0.9371767,0.2163207,-0.06835202
70711.445,19.067913,0.98773885,0.20995298,-0.061681207
71719.32,19.067913,1.0303433,0.20457874,-0.05595459
72727.195,19.067913,1.0614822,0.20054838,-0.051668763
73735.08,19.067913,1.0797775,0.1980112,-0.04905955
74742.95,19.067913,1.0862341,0.19690171,-0.0480657
75750.83,19.067913,1.0839483,0.19696222,-0.048354983
76758.7,19.067913,1.0773008,0.19779614,-0.04940979
77766.58,19.067913,1.0708323,0.19894554,-0.050654076
78774.45,19.067913,1.068078,0.19997779,-0.051593203
79782.33,19.067913,1.0706962,0.20056722,-0.05192893
80790.2,19.067913,1.0781581,0.20055445,-0.051619057
81798.08,19.067913,1.0881345,0.19997147,-0.05086105
82805.95,19.067913,1.0974821,0.19902088,-0.050001554
83813.83,19.067913,1.1035311,0.19801411,-0.049397912
84821.7,19.067913,1.1052029,0.19727297,-0.049276635
85829.58,19.067913,1.1034924,0.19702137,-0.049642213
86837.45,19.067913,1.1010201,0.19729505,-0.050277226
87845.33,19.067913,1.1007388,0.1979111,-0.050844774
88853.2,19.067913,1.1043075,0.19851895,-0.05105773
89861.08,19.067913,1.1109734,0.19874485,-0.05083964
90868.95,19.067913,1.1177844,0.19838773,-0.05038321
91876.83,19.067913,1.1213981,0.1975819,-0.05004596
92884.71,19.067913,1.1206912,0.19680198,-0.050107382
93892.586,19.067913,1.1182964,0.19661,-0.050528087
94900.46,19.067913,1.1189628,0.19718109,-0.050929155
95908.336,19.067913,1.124541,0.19791353,-0.05092838
96916.21,19.067913,1.1298823,0.19773315,-0.050643306
97924.086,19.067913,1.1282669,0.19657598,-0.05069404
98931.96,19.067913,1.1277905,0.19675419,-0.051096763
99939.836,19.067913,1.1313887,0.196715,-0.05106637
160.16696,19.673244,0.7993866,0.4171455,-0.051381215
1168.0425,19.673244,0.8460001,0.26011807,-0.09011549
2175.918,19.673244,0.86537415,0.26080197,-0.1019571
3183.7935,19.673244,0.85711277,0.2585783,-0.10816027
4191.669,19.673244,0.8453496,0.250732,-0.1105282
5199.5444,19.673244,0.8403744,0.24842474,-0.11121066
6207.42,19.673244,0.84359634,0.25232744,-0.11287114
7215.2954,19.673244,0.8540008,0.2579904,-0.116658196
8223.171,19.673244,0.8700201,0.26200715,-0.12188439
9231.046,19.673244,0.8893466,0.26372766,-0.12695996
10238.922,19.673244,0.90895575,0.2642095,-0.13048074
11246.798,19.673244,0.92584765,0.26468298,-0.13184106
12254.673,19.673244,0.938014,0.2656821,-0.13127652
13262.548,19.673244,0.9450077,0.26698563,-0.12954244
14270.424,19.673244,0.9478627,0.26802057,-0.12749468
15278.3,19.673244,0.94847465,0.2683193,-0.12576914
16286.175,19.673244,0.9487882,0.2677833,-0.124641694
17294.049,19.673244,0.95013386,0.26668945,-0.124057196
18301.924,19.673244,0.95292604,0.2655163,-0.12376132
19309.8,19.673244,0.95675254,0.26471397,-0.12345879
20317.676,19.673244,0.96073914,0.26452804,-0.12293905
21325.55,19.673244,0.96400845,0.2649323,-0.122137755
22333.428,19.673244,0.96604955,0.26567435,-0.12113312
23341.303,19.673244,0.9668932,0.26639324,-0.120094866
24349.178,19.673244,0.9670583,0.26675785,-0.1192127
25357.053,19.673244,0.96732724,0.2665739,-0.11863044
26364.928,19.673244,0.9684483,0.26583102,-0.118403465
27372.805,19.673244,0.9708691,0.26468635,-0.118487425
28380.68,19.673244,0.97459,0.26339653,-0.11875588
29388.555,19.673244,0.97917354,0.26222974,-0.1190378
30396.432,19.673244,0.98389506,0.2613821,-0.11916299
31404.307,19.673244,0.9879807,0.260927,-0.11900297
32412.182,19.673244,0.9908596,0.26080504,-0.11849937
33420.06,19.673244,0.99234414,0.26085305,-0.11767402
34427.934,19.673244,0.9926951,0.2608628,-0.116622254
35435.81,19.673244,0.9925435,0.26064843,-0.11549108
36443.684,19.673244,0.9926906,0.26010346,-0.114448994
37451.562,19.673244,0.99383616,0.2592347,-0.1136532
38459.438,19.673244,0.9963064,0.25816151,-0.11322056
39467.312,19.673244,0.99985147,0.25708672,-0.11320551
40475.188,19.673244,1.0035719,0.2562425,-0.11358918
41483.062,19.673244,1.0059958,0.25582886,-0.114278495
42490.938,19.673244,1.0053096,0.2559584,-0.11511651
43498.812,19.673244,0.999689,0.25662053,-0.11590057
44506.69,19.673244,0.9876756,0.25767446,-0.11640656
45514.566,19.673244,0.96851194,0.25887161,-0.11641655
46522.44,19.673244,0.94236636,0.25990286,-0.11574656
47530.316,19.673244,0.9103987,0.26046273,-0.11427203
48538.19,19.673244,0.8746371,0.26031166,-0.11194788
49546.066,19.673244,0.8376918,0.2593297,-0.10882129
50553.938,19.673244,0.8023497,0.25754517,-0.105034485
51561.812,19.673244,0.7711274,0.25513515,-0.10081671
52569.688,19.673244,0.7458711,0.25239685,-0.09646478
53577.562,19.673244,0.727478,0.24969414,-0.09231295
54585.438,19.673244,0.71580136,0.24739203,-0.08869457
55593.312,19.673244,0.70975566,0.24578813,-0.08590002
56601.19,19.673244,0.70761234,0.24505918,-0.08413537
57609.066,19.673244,0.70741725,0.24522611,-0.08348839
58616.94,19.673244,0.70745593,0.24614936,-0.0839073
59624.816,19.673244,0.70666564,0.24755213,-0.08519751
60632.69,19.673244,0.70489883,0.24906713,-0.08703866
61640.566,19.673244,0.702988,0.25029847,-0.08902188
62648.44,19.673244,0.7025731,0.25088617,-0.09070331
63656.32,19.673244,0.70573264,0.2505624,-0.091667525
64664.195,19.673244,0.7144798,0.24919094,-0.09159064
65672.07,19.673244,0.7302333,0.24678199,-0.09029371
66679.945,19.673244,0.7533817,0.24348411,-0.08777533
67687.82,19.673244,0.78304315,0.23955442,-0.08421701
68695.695,19.673244,0.8170968,0.23531607,-0.079958014
69703.57,19.673244,0.8524926,0.23110987,-0.07544206
70711.445,19.673244,0.88579065,0.2272489,-0.07114367
71719.32,19.673244,0.9138303,0.22398347,-0.067487486
72727.195,19.673244,0.9343664,0.22147883,-0.06477527
73735.08,19.673244,0.9465346,0.21980467,-0.06313573
74742.95,19.673244,0.9510134,0.21893775,-0.06250882
75750.83,19.673244,0.94982827,0.21877138,-0.062668815
76758.7,19.673244,0.94582623,0.21913174,-0.06328297
77766.58,19.673244,0.9419434,0.21979885,-0.0639929
78774.45,19.673244,0.94044936,0.22053437,-0.06450002
79782.33,19.673244,0.9423884,0.22111519,-0.06463286
80790.2,19.673244,0.94739014,0.22137126,-0.06437828
81798.08,19.673244,0.95392686,0.22122417,-0.06386563
82805.95,19.673244,0.95996594,0.22071293,-0.06330767
83813.83,19.673244,0.9638032,0.21999568,-0.06291525
84821.7,19.673244,0.96478355,0.21931317,-0.06281374
85829.58,19.673244,0.96359456,0.21891358,-0.062993295
86837.45,19.673244,0.9619609,0.21895295,-0.06331546
87845.33,19.673244,0.96178967,0.2194064,-0.06357948
88853.2,19.673244,0.9641156,0.22003822,-0.06362496
89861.08,19.673244,0.9683976,0.22047819,-0.063423306
90868.95,19.673244,0.9726882,0.22040673,-0.06310317
91876.83,19.673244,0.97483927,0.2197857,-0.06287807
92884.71,19.673244,0.97420204,0.21898812,-0.06289813
93892.586,19.673244,0.9725841,0.21864471,-0.06311577
94900.46,19.673244,0.9731062,0.21914123,-0.063295126
95908.336,19.673244,0.9768851,0.22002462,-0.06323254
96916.21,19.673244,0.98042417,0.22007886,-0.06304556
97924.086,19.673244,0.9793743,0.21891832,-0.06311095
98931.96,19.673244,0.97936326,0.21901758,-0.063344136
99939.836,19.673244,0.98205733,0.21911956,-0.06334178
160.16696,20.278574,0.8152857,0.42289084,-0.05455067
1168.0425,20.278574,0.8693669,0.2684147,-0.09603494
2175.918,20.278574,0.8844854,0.26914927,-0.10718674
3183.7935,20.278574,0.877758,0.2666629,-0.112673886
4191.669,20.278574,0.86725646,0.2594387,-0.1153904
5199.5444,20.278574,0.8624432,0.25811863,-0.11688631
6207.42,20.278574,0.8666451,0.26261923,-0.11908041
7215.2954,20.278574,0.8795387,0.2682445,-0.12286681
8223.171,20.278574,0.89852655,0.2718053,-0.127713
9231.046,20.278574,0.91982955,0.27300075,-0.1322994
10238.922,20.278574,0.9396614,0.2731206,-0.13540025
11246.798,20.278574,0.95527,0.27343738,-0.13644662
12254.673,20.278574,0.9655256,0.27439928,-0.13562547
13262.548,20.278574,0.97090745,0.27567142,-0.1336385
14270.424,20.278574,0.97299254,0.2766128,-0.13133377
15278.3,20.278574,0.9737209,0.27675784,-0.1293897
16286.175,20.278574,0.9747145,0.2760565,-0.12814586
17294.049,20.278574,0.976862,0.27484354,-0.12759289
18301.924,20.278574,0.98023635,0.27362895,-0.12747642
19309.8,20.278574,0.98429525,0.2728549,-0.12744999
20317.676,20.278574,0.98823225,0.2727245,-0.12721622
21325.55,20.278574,0.99134004,0.27315697,-0.12661698
22333.428,20.278574,0.9932611,0.27385622,-0.12565915
23341.303,20.278574,0.99407697,0.27444747,-0.124483965
24349.178,20.278574,0.9942279,0.27461854,-0.12330122
25357.053,20.278574,0.9943248,0.27422175,-0.12231456
26364.928,20.278574,0.99492884,0.27330315,-0.121659674
27372.805,20.278574,0.9963669,0.27206722,-0.12137015
28380.68,20.278574,0.9986426,0.27079493,-0.12137517
29388.555,20.278574,1.0014617,0.26974744,-0.1215257
30396.432,20.278574,1.0043466,0.2690855,-0.12163815
31404.307,20.278574,1.0068123,0.26882967,-0.12154391
32412.182,20.278574,1.008535,0.2688646,-0.12113121
33420.06,20.278574,1.0094732,0.2689838,-0.12037207
34427.934,20.278574,1.0098996,0.2689587,-0.119328104
35435.81,20.278574,1.0103321,0.26861036,-0.11813644
36443.684,20.278574,1.0113852,0.26786205,-0.1169795
37451.562,20.278574,1.0135676,0.26676333,-0.116045564
38459.438,20.278574,1.0170848,0.26547667,-0.115488335
39467.312,20.278574,1.0216872,0.26423466,-0.11539324
40475.188,20.278574,1.0266104,0.26327735,-0.11575572
41483.062,20.278574,1.0306249,0.2627884,-0.1164761
42490.938,20.278574,1.0321907,0.26284352,-0.11736983
43498.812,20.278574,1.0296974,0.26338536,-0.1181929
44506.69,20.278574,1.0217414,0.26422992,-0.11867674
45514.566,20.278574,1.0073923,0.26510233,-0.11856765
46522.44,20.278574,0.98639274,0.26569423,-0.117664754
47530.316,20.278574,0.9592585,0.26573017,-0.11585114
48538.19,20.278574,0.92724925,0.26502734,-0.113113165
49546.066,20.278574,0.8922234,0.263536,-0.10954653
50553.938,20.278574,0.85638547,0.26135358,-0.10534734
51561.812,20.278574,0.8219856,0.2587067,-0.100789875
52569.688,20.278574,0.791016,0.25590807,-0.096194275
53577.562,20.278574,0.7649514,0.25329638,-0.09188821
54585.438,20.278574,0.74459463,0.25117102,-0.08816718
55593.312,20.278574,0.7300335,0.24973686,-0.08525918
56601.19,20.278574,0.72072744,0.24906906,-0.08329789
57609.066,20.278574,0.7156925,0.24910441,-0.08230794
58616.94,20.278574,0.7137528,0.24966049,-0.08220409
59624.816,20.278574,0.7138024,0.2504782,-0.08280471
60632.69,20.278574,0.7150241,0.25127563,-0.08385785
61640.566,20.278574,0.7170232,0.25180402,-0.085075796
62648.44,20.278574,0.71984947,0.25189233,-0.08617472
63656.32,20.278574,0.7239049,0.2514708,-0.08691247
64664.195,20.278574,0.7297597,0.2505723,-0.08712019
65672.07,20.278574,0.7379254,0.2493095,-0.0867225
66679.945,20.278574,0.7486317,0.24783908,-0.08574342
67687.82,20.278574,0.7616725,0.24631894,-0.08429687
68695.695,20.278574,0.77635425,0.24487403,-0.08256336
69703.57,20.278574,0.7915727,0.2435767,-0.0807565
70711.445,20.278574,0.8060041,0.24244572,-0.079085395
71719.32,20.278574,0.81836724,0.24146408,-0.07771844
72727.195,20.278574,0.8277017,0.24060734,-0.07675699
73735.08,20.278574,0.8335824,0.23986894,-0.07622189
74742.95,20.278574,0.83622193,0.23927584,-0.07605733
75750.83,20.278574,0.83641243,0.23888394,-0.07614952
76758.7,20.278574,0.8353228,0.23875384,-0.07635771
77766.58,20.278574,0.8341918,0.23891395,-0.0765491
78774.45,20.278574,0.834,0.23932882,-0.07662983
79782.33,20.278574,0.835212,0.2398828,-0.076563954
80790.2,20.278574,0.83768237,0.24039873,-0.076375045
81798.08,20.278574,0.84075403,0.24068873,-0.07612982
82805.95,20.278574,0.8435388,0.24062644,-0.075908616
83813.83,20.278574,0.8452856,0.24021256,-0.075772226
84821.7,20.278574,0.8457063,0.23960114,-0.07573683
85829.58,20.278574,0.8451141,0.23905836,-0.07576786
86837.45,20.278574,0.8442894,0.23885597,-0.07579708
87845.33,20.278574,0.8440969,0.23912583,-0.07575759
88853.2,20.278574,0.8450065,0.23975249,-0.075622335
89861.08,20.278574,0.8467705,0.24037856,-0.07542457
90868.95,20.278574,0.84850293,0.24057548,-0.075243615
91876.83,20.278574,0.8492365,0.2401369,-0.07515471
92884.71,20.278574,0.8487059,0.23932606,-0.07516748
93892.586,20.278574,0.84778476,0.23882549,-0.07520184
94900.46,20.278574,0.8479378,0.23921633,-0.07514611
95908.336,20.278574,0.8496636,0.24020405,-0.07498672
96916.21,20.278574,0.85129213,0.24046373,-0.07488671
97924.086,20.278574,0.85081613,0.23930642,-0.07500086
98931.96,20.278574,0.8510294,0.23930171,-0.075056896
99939.836,20.278574,0.8526174,0.23951249,-0.075065196
160.16696,20.883904,0.8337816,0.42917886,-0.058367968
1168.0425,20.883904,0.894695,0.27673587,-0.10224006
2175.918,20.883904,0.9043374,0.2775875,-0.112458214
3183.7935,20.883904,0.89786154,0.27492076,-0.11714325
4191.669,20.883904,0.89010274,0.26830402,-0.12038693
5199.5444,20.883904,0.8879869,0.26795873,-0.12299973
6207.42,20.883904,0.894352,0.27308345,-0.12592298
7215.2954,20.883904,0.9088694,0.27868572,-0.12965842
8223.171,20.883904,0.92879236,0.28173554,-0.13385391
9231.046,20.883904,0.9501903,0.28228197,-0.13760291
10238.922,20.883904,0.96935093,0.28190446,-0.14002332
11246.798,20.883904,0.9838402,0.28199446,-0.14069074
12254.673,20.883904,0.9929391,0.2829614,-0.13975683
13262.548,20.883904,0.99745286,0.28435156,-0.13779995
14270.424,20.883904,0.9991049,0.2854034,-0.13554808
15278.3,20.883904,0.99980724,0.28557628,-0.13361509
16286.175,20.883904,1.0010568,0.28480232,-0.1323392
17294.049,20.883904,1.003607,0.28343922,-0.13174836
18301.924,20.883904,1.007435,0.28203753,-0.13163078
19309.8,20.883904,1.0119523,0.2810747,-0.13166003
20317.676,20.883904,1.0163271,0.28077403,-0.13152573
21325.55,20.883904,1.0198143,0.28105897,-0.13102855
22333.428,20.883904,1.0219822,0.28162855,-0.13012236
23341.303,20.883904,1.0228068,0.28210172,-0.1289025
24349.178,20.883904,1.0226219,0.28216618,-0.12755501
25357.053,20.883904,1.0219711,0.28167972,-0.12628892
26364.928,20.883904,1.0214192,0.28069857,-0.12527208
27372.805,20.883904,1.0213809,0.27943754,-0.124587856
28380.68,20.883904,1.0220203,0.27818254,-0.12422012
29388.555,20.883904,1.0232294,0.27719223,-0.12406686
30396.432,20.883904,1.0246959,0.2766178,-0.12397535
31404.307,20.883904,1.0260279,0.2764657,-0.12378743
32412.182,20.883904,1.0268967,0.27660567,-0.12338245
33420.06,20.883904,1.0271618,0.27681994,-0.122709274
34427.934,20.883904,1.026937,0.27687466,-0.12179849
35435.81,20.883904,1.0265859,0.2765898,-0.12075487
36443.684,20.883904,1.0266405,0.27589038,-0.119732
37451.562,20.883904,1.0276624,0.27482533,-0.11889535
38459.438,20.883904,1.0300746,0.27355126,-0.11838205
39467.312,20.883904,1.0340006,0.2722853,-0.11826609
40475.188,20.883904,1.0391506,0.271244,-0.11853486
41483.062,20.883904,1.0447772,0.27058262,-0.11908318
42490.938,20.883904,1.0497172,0.27034923,-0.11972375
43498.812,20.883904,1.0525209,0.2704685,-0.120214045
44506.69,20.883904,1.0516466,0.27075455,-0.120293394
45514.566,20.883904,1.0456922,0.27095196,-0.11972435
46522.44,20.883904,1.0336267,0.270795,-0.11833124
47530.316,20.883904,1.014981,0.27006894,-0.11602963
48538.19,20.883904,0.9899684,0.26866093,-0.11284184
49546.066,20.883904,0.9595076,0.266589,-0.10889675
50553.938,20.883904,0.9251474,0.26400167,-0.10441351
51561.812,20.883904,0.8888991,0.2611483,-0.09967265
52569.688,20.883904,0.85300225,0.25832847,-0.094979666
53577.562,20.883904,0.8196562,0.2558308,-0.090625346
54585.438,20.883904,0.7907569,0.25387552,-0.08685118
55593.312,20.883904,0.76768255,0.2525726,-0.08382262
56601.19,20.883904,0.7511504,0.25190562,-0.08161537
57609.066,20.883904,0.7411704,0.25174505,-0.08021511
58616.94,20.883904,0.7370954,0.25188553,-0.0795302
59624.816,20.883904,0.7377601,0.25210008,-0.07941437
60632.69,20.883904,0.7416808,0.25219733,-0.07969514
61640.566,20.883904,0.7472831,0.25206703,-0.0802025
62648.44,20.883904,0.7531248,0.2517051,-0.08079392
63656.32,20.883904,0.7580736,0.25120947,-0.08137047
64664.195,20.883904,0.76142126,0.25074774,-0.081883535
65672.07,20.883904,0.7629151,0.25050732,-0.08233011
66679.945,20.883904,0.76271605,0.25063747,-0.08274017
67687.82,20.883904,0.76128954,0.25120062,-0.083158344
68695.695,20.883904,0.75926155,0.25214693,-0.08362454
69703.57,20.883904,0.75726503,0.25332043,-0.08415812
70711.445,20.883904,0.75581205,0.2544959,-0.0847493
71719.32,20.883904,0.755206,0.2554385,-0.08535866
72727.195,20.883904,0.7555147,0.2559722,-0.08592635
73735.08,20.883904,0.7565981,0.25603256,-0.0863872
74742.95,20.883904,0.7581781,0.2556911,-0.08668862
75750.83,20.883904,0.7599315,0.25513762,-0.086805955
76758.7,20.883904,0.76157683,0.25462347,-0.08675174
77766.58,20.883904,0.7629354,0.25437927,-0.08657441
78774.45,20.883904,0.76395255,0.25453326,-0.086346984
79782.33,20.883904,0.7646804,0.25505984,-0.08614731
80790.2,20.883904,0.7652268,0.25577953,-0.0860357
81798.08,20.883904,0.7656962,0.25642076,-0.08603611
82805.95,20.883904,0.7661455,0.25672734,-0.086127214
83813.83,20.883904,0.7665621,0.25657377,-0.08624946
84821.7,20.883904,0.76688534,0.25604042,-0.08632538
85829.58,20.883904,0.76704526,0.25540152,-0.08629065
86837.45,20.883904,0.76701033,0.25501332,-0.086123146
87845.33,20.883904,0.76681274,0.25512978,-0.08585833
88853.2,20.883904,0.7665353,0.25573325,-0.08557999
89861.08,20.883904,0.7662684,0.25648603,-0.08538376
90868.95,20.883904,0.7660547,0.2568847,-0.08532496
91876.83,20.883904,0.76586807,0.25659445,-0.08537553
92884.71,20.883904,0.7656435,0.25578523,-0.08542424
93892.586,20.883904,0.7653587,0.25516257,-0.08534177
94900.46,20.883904,0.76509106,0.25544745,-0.085095465
95908.336,20.883904,0.764976,0.2564773,-0.08483292
96916.21,20.883904,0.7650599,0.25687566,-0.08479674
97924.086,20.883904,0.76522726,0.25573206,-0.08498745
98931.96,20.883904,0.7654815,0.25562602,-0.084901124
99939.836,20.883904,0.7660594,0.25589502,-0.08490485
160.16696,21.489235,0.85355127,0.43601522,-0.06265126
1168.0425,21.489235,0.92130023,0.28502926,-0.1086078
2175.918,21.489235,0.92450154,0.2860515,-0.117735036
3183.7935,21.489235,0.9174205,0.28340355,-0.12167367
4191.669,21.489235,0.91362995,0.2773562,-0.12556894
5199.5444,21.489235,0.9160805,0.2778338,-0.12941945
6207.42,21.489235,0.92532766,0.2835052,-0.13312773
7215.2954,21.489235,0.94059515,0.28912258,-0.13675216
8223.171,21.489235,0.9597043,0.2917421,-0.14011765
9231.046,21.489235,0.97956705,0.29168168,-0.14278775
10238.922,21.489235,0.99714994,0.29078582,-0.14431587
11246.798,21.489235,1.0103838,0.2905954,-0.14450163
12254.673,21.489235,1.0186288,0.29153275,-0.14349404
13262.548,21.489235,1.022602,0.2930584,-0.14172226
14270.424,21.489235,1.0238984,0.29428858,-0.13972579
15278.3,21.489235,1.0243483,0.29457518,-0.13797326
16286.175,21.489235,1.0254414,0.29378954,-0.13673921
17294.049,21.489235,1.0279732,0.29228017,-0.13606526
18301.924,21.489235,1.0319653,0.29062942,-0.13580067
19309.8,21.489235,1.0368271,0.28936896,-0.13569033
20317.676,21.489235,1.0416559,0.28877792,-0.13547438
21325.55,21.489235,1.0455701,0.2888227,-0.13496861
22333.428,21.489235,1.0479769,0.2892257,-0.13410635
23341.303,21.489235,1.048714,0.2896078,-0.13293922
24349.178,21.489235,1.0480448,0.2896434,-0.13160422
25357.053,21.489235,1.0465364,0.2891674,-0.13027242
26364.928,21.489235,1.0448699,0.28821266,-0.12909645
27372.805,21.489235,1.0436343,0.28697476,-0.1281709
28380.68,21.489235,1.0431736,0.28572962,-0.12751347
29388.555,21.489235,1.043511,0.28473607,-0.12707026
30396.432,21.489235,1.0443709,0.28415498,-0.12673846
31404.307,21.489235,1.0452847,0.28400776,-0.12640099
32412.182,21.489235,1.0457481,0.28418127,-0.12596136
33420.06,21.489235,1.0453882,0.28447247,-0.1253708
34427.934,21.489235,1.0441024,0.28465363,-0.12464106
35435.81,21.489235,1.0421236,0.28454122,-0.123841256
36443.684,21.489235,1.0400045,0.28404513,-0.123078436
37451.562,21.489235,1.0385109,0.2831867,-0.12246902
38459.438,21.489235,1.0384529,0.2820874,-0.122106194
39467.312,21.489235,1.0404737,0.2809245,-0.12203073
40475.188,21.489235,1.0448549,0.2798768,-0.12221211
41483.062,21.489235,1.0513625,0.27907005,-0.12254338
42490.938,21.489235,1.0591819,0.27853653,-0.1228514
43498.812,21.489235,1.066953,0.2782031,-0.12292064
44506.69,21.489235,1.0729134,0.27790573,-0.12252596
45514.566,21.489235,1.0751269,0.27742895,-0.12146923
46522.44,21.489235,1.0717696,0.27655995,-0.11961259
47530.316,21.489235,1.0614276,0.27514362,-0.11690308
48538.19,21.489235,1.0433533,0.27312392,-0.11338422
49546.066,21.489235,1.0176433,0.27056438,-0.10919275
50553.938,21.489235,0.98530024,0.26763874,-0.10454181
51561.812,21.489235,0.94816077,0.2645978,-0.099692106
52569.688,21.489235,0.9087014,0.26171753,-0.09491779
53577.562,21.489235,0.86973906,0.25924024,-0.09047199
54585.438,21.489235,0.83407277,0.2573267,-0.08655689
55593.312,21.489235,0.80411655,0.25602335,-0.083304256
56601.19,21.489235,0.78158164,0.25526032,-0.08076828
57609.066,21.489235,0.76725566,0.2548756,-0.0789311
58616.94,21.489235,0.76091063,0.2546613,-0.07771952
59624.816,21.489235,0.7613651,0.2544223,-0.07702862
60632.69,21.489235,0.7666821,0.25403187,-0.07674768
61640.566,21.489235,0.7744782,0.25346857,-0.07678303
62648.44,21.489235,0.78229386,0.25282818,-0.07707327
63656.32,21.489235,0.7879673,0.2523028,-0.07759431
64664.195,21.489235,0.78994703,0.25213,-0.0783533
65672.07,21.489235,0.7874987,0.25253025,-0.079373896
66679.945,21.489235,0.7807634,0.25363714,-0.080675885
67687.82,21.489235,0.7706711,0.25544897,-0.082254246
68695.695,21.489235,0.7587145,0.25781068,-0.084064305
69703.57,21.489235,0.74663776,0.26043385,-0.08601557
70711.445,21.489235,0.7360916,0.26295587,-0.08797787
71719.32,21.489235,0.72832465,0.26502278,-0.08979943
72727.195,21.489235,0.72397393,0.2663768,-0.09133315
73735.08,21.489235,0.7229895,0.26692393,-0.09246567
74742.95,21.489235,0.72470945,0.26676175,-0.09314306
75750.83,21.489235,0.72806555,0.26615405,-0.09338471
76758.7,21.489235,0.73186654,0.26545602,-0.09328216
77766.58,21.489235,0.7350934,0.2650086,-0.09298034
78774.45,21.489235,0.7371267,0.26503074,-0.09264462
79782.33,21.489235,0.7378508,0.26554874,-0.09242072
80790.2,21.489235,0.7376062,0.2663865,-0.092397824
81798.08,21.489235,0.73700356,0.26723197,-0.09258539
82805.95,21.489235,0.73666155,0.2677614,-0.09291309
83813.83,21.489235,0.73695195,0.26778048,-0.09325523
84821.7,21.489235,0.73785466,0.26732522,-0.09347629
85829.58,21.489235,0.7389763,0.26666677,-0.09348364
86837.45,21.489235,0.7397487,0.26619858,-0.0932682
87845.33,21.489235,0.73972774,0.26623678,-0.092915714
88853.2,21.489235,0.73886067,0.2668195,-0.0925754
89861.08,21.489235,0.7375645,0.26762968,-0.09239206
90868.95,21.489235,0.73652256,0.26813546,-0.092425495
91876.83,21.489235,0.7362479,0.26793903,-0.09260006
92884.71,21.489235,0.73665607,0.2671529,-0.092727825
93892.586,21.489235,0.7370059,0.26647618,-0.09262579
94900.46,21.489235,0.73648006,0.26668903,-0.09228186
95908.336,21.489235,0.73517233,0.26770663,-0.091942616
96916.21,21.489235,0.734474,0.26816103,-0.09194372
97924.086,21.489235,0.7354135,0.2670425,-0.092227295
98931.96,21.489235,0.735656,0.26686734,-0.09206827
99939.836,21.489235,0.73561704,0.26714337,-0.092060715
160.16696,22.094566,0.8727807,0.44334632,-0.06715028
1168.0425,22.094566,0.9482628,0.293276,-0.11500837
2175.918,22.094566,0.9443569,0.29448447,-0.12298546
3183.7935,22.094566,0.9364449,0.29211757,-0.1263623
4191.669,22.094566,0.9372582,0.28658646,-0.13094467
5199.5444,22.094566,0.944907,0.28762397,-0.1359208
6207.42,22.094566,0.95700365,0.29365778,-0.14029104
7215.2954,22.094566,0.9723178,0.2993133,-0.14373349
8223.171,22.094566,0.9896212,0.3016733,-0.1462256
9231.046,22.094566,1.0070536,0.30118963,-0.14775677
10238.922,22.094566,1.022449,0.29986978,-0.1483019
11246.798,22.094566,1.0340897,0.29937786,-0.1479096
12254.673,22.094566,1.0412995,0.30018544,-0.1467647
13262.548,22.094566,1.0445942,0.30172807,-0.14517233
14270.424,22.094566,1.0453762,0.30304942,-0.14347908
15278.3,22.094566,1.0453795,0.30341637,-0.14197832
16286.175,22.094566,1.0460904,0.30263382,-0.14083984
17294.049,22.094566,1.0483472,0.30102134,-0.14008643
18301.924,22.094566,1.0522037,0.29917172,-0.13961768
19309.8,22.094566,1.057051,0.2976567,-0.13926421
20317.676,22.094566,1.061916,0.29680845,-0.13885136
21325.55,22.094566,1.0658207,0.29664212,-0.13825202
22333.428,22.094566,1.0680863,0.29691043,-0.137416
23341.303,22.094566,1.0685108,0.29724178,-0.13637263
24349.178,22.094566,1.067384,0.29729456,-0.13521037
25357.053,22.094566,1.065362,0.29687402,-0.13404399
26364.928,22.094566,1.063247,0.29597774,-0.132979
27372.805,22.094566,1.0617456,0.294773,-0.13208455
28380.68,22.094566,1.0612705,0.29352033,-0.13137962
29388.555,22.094566,1.0618348,0.29247954,-0.13083461
30396.432,22.094566,1.0630642,0.29182836,-0.1303866
31404.307,22.094566,1.0643126,0.29161474,-0.12996167
32412.182,22.094566,1.0648563,0.291755,-0.12949856
33420.06,22.094566,1.0641128,0.29206952,-0.12896729
34427.934,22.094566,1.0618293,0.29234308,-0.12837791
35435.81,22.094566,1.0581989,0.29238918,-0.12777814
36443.684,22.094566,1.053869,0.2920992,-0.1272396
37451.562,22.094566,1.0498383,0.29146534,-0.12683707
38459.438,22.094566,1.0472608,0.29057115,-0.12662491
39467.312,22.094566,1.0471882,0.28955773,-0.1266157
40475.188,22.094566,1.0503021,0.28857464,-0.12676662
41483.062,22.094566,1.056698,0.2877289,-0.12697569
42490.938,22.094566,1.0657505,0.2870502,-0.12708995
43498.812,22.094566,1.0761108,0.28647587,-0.12692411
44506.69,22.094566,1.0858308,0.28586477,-0.12628663
45514.566,22.094566,1.0926111,0.28503215,-0.12500909
46522.44,22.094566,1.0941306,0.28379688,-0.12297325
47530.316,22.094566,1.0884144,0.28203252,-0.12013246
48538.19,22.094566,1.0741696,0.27970362,-0.11652222
49546.066,22.094566,1.0510443,0.27688333,-0.11225936
50553.938,22.094566,1.0197525,0.27374533,-0.10752961
51561.812,22.094566,0.9820448,0.2705306,-0.10256508
52569.688,22.094566,0.9405221,0.26749903,-0.09761633
53577.562,22.094566,0.8983122,0.26487643,-0.09292291
54585.438,22.094566,0.8586599,0.26280826,-0.08868663
55593.312,22.094566,0.82448685,0.26133212,-0.08505277
56601.19,22.094566,0.79799336,0.26037732,-0.082100764
57609.066,22.094566,0.78036284,0.25978777,-0.07984552
58616.94,22.094566,0.7716164,0.25936913,-0.07824864
59624.816,22.094566,0.7706442,0.25894362,-0.0772366
60632.69,22.094566,0.7754094,0.25840148,-0.07672187
61640.566,22.094566,0.78328997,0.25773665,-0.076622725
62648.44,22.094566,0.7915112,0.2570537,-0.076877736
63656.32,22.094566,0.797583,0.25654674,-0.07745249
64664.195,22.094566,0.79968643,0.25644997,-0.078336746
65672.07,22.094566,0.7969297,0.25697243,-0.07953356
66679.945,22.094566,0.78943753,0.25823405,-0.08104321
67687.82,22.094566,0.77825505,0.26021817,-0.08284558
68695.695,22.094566,0.7650941,0.2627557,-0.08488637
69703.57,22.094566,0.7519617,0.2655475,-0.08707092
70711.445,22.094566,0.74075234,0.26822352,-0.089268476
71719.32,22.094566,0.7328798,0.27042592,-0.09132737
72727.195,22.094566,0.7290267,0.2718955,-0.093098745
73735.08,22.094566,0.72906107,0.2725389,-0.09446471
74742.95,22.094566,0.7321374,0.27245468,-0.09536305
75750.83,22.094566,0.7369503,0.27190748,-0.09580386
76758.7,22.094566,0.74208677,0.2712548,-0.09587121
77766.58,22.094566,0.7463807,0.27084002,-0.0957074
78774.45,22.094566,0.74918187,0.27088723,-0.09548248
79782.33,22.094566,0.7504617,0.27142894,-0.09535382
80790.2,22.094566,0.75072765,0.27229643,-0.09542628
81798.08,22.094566,0.75077075,0.27318358,-0.095724426
82805.95,22.094566,0.7513262,0.27376932,-0.0961858
83813.83,22.094566,0.7527632,0.27385643,-0.09668186
84821.7,22.094566,0.7549268,0.27347252,-0.097062826
85829.58,22.094566,0.7572084,0.2728767,-0.09721472
86837.45,22.094566,0.7588375,0.27245197,-0.097109474
87845.33,22.094566,0.75929046,0.27251062,-0.09682567
88853.2,22.094566,0.75862134,0.27309668,-0.09652385
89861.08,22.094566,0.7575111,0.27390838,-0.096375644
90868.95,22.094566,0.756927,0.27442992,-0.0964697
91876.83,22.094566,0.75748456,0.2742705,-0.09674138
92884.71,22.094566,0.75888485,0.2735303,-0.09698196
93892.586,22.094566,0.75993466,0.27288115,-0.09696224
94900.46,22.094566,0.7594867,0.27308148,-0.09663521
95908.336,22.094566,0.7578823,0.2740596,-0.09627069
96916.21,22.094566,0.75733703,0.27449977,-0.09628914
97924.086,22.094566,0.7592051,0.27341688,-0.09666981
98931.96,22.094566,0.7595409,0.27322647,-0.09652382
99939.836,22.094566,0.7594626,0.2734759,-0.09651047
160.16696,22.699896,0.88960457,0.45106852,-0.07159984
1168.0425,22.699896,0.97474647,0.30149338,-0.12134151
2175.918,22.699896,0.9634175,0.30286074,-0.12819465
3183.7935,22.699896,0.9550429,0.3010267,-0.13126977
4191.669,22.699896,0.96036047,0.29595026,-0.13647692
5199.5444,22.699896,0.97247326,0.29723158,-0.14225484
6207.42,22.699896,0.9866189,0.30336517,-0.14700173
7215.2954,22.699896,1.0015593,0.30903214,-0.15018557
8223.171,22.699896,1.0170279,0.31131685,-0.15190718
9231.046,22.699896,1.0321249,0.31066155,-0.1524503
10238.922,22.699896,1.0452842,0.30909118,-0.15209427
11246.798,22.699896,1.0550405,0.30831978,-0.15109304
12254.673,22.699896,1.06077,0.30887684,-0.14969543
13262.548,22.699896,1.0629605,0.31023878,-0.14814565
14270.424,22.699896,1.0629655,0.31145737,-0.14665627
15278.3,22.699896,1.062458,0.31177896,-0.14537357
16286.175,22.699896,1.0628407,0.31097355,-0.14435658
17294.049,22.699896,1.0648454,0.30932793,-0.14357984
18301.924,22.699896,1.0684136,0.30741733,-0.14295813
19309.8,22.699896,1.0728486,0.30581558,-0.14238346
20317.676,22.699896,1.0771434,0.3048718,-0.14176148
21325.55,22.699896,1.0803556,0.30462334,-0.1410374
22333.428,22.699896,1.0819077,0.30484155,-0.1402058
23341.303,22.699896,1.0817409,0.30516136,-0.13930489
24349.178,22.699896,1.0802922,0.30523548,-0.13839912
25357.053,22.699896,1.0783292,0.30485168,-0.13755667
26364.928,22.699896,1.076698,0.30398664,-0.13682926
27372.805,22.699896,1.0760667,0.30278856,-0.13623855
28380.68,22.699896,1.0767308,0.30150762,-0.13577235
29388.555,22.699896,1.0785298,0.3004048,-0.13539043
30396.432,22.699896,1.0808915,0.29966855,-0.13503766
31404.307,22.699896,1.0829873,0.29936555,-0.13466048
32412.182,22.699896,1.0839597,0.29943207,-0.13422254
33420.06,22.699896,1.08316,0.2997052,-0.13371557
34427.934,22.699896,1.0803485,0.29997885,-0.13316315
35435.81,22.699896,1.0757959,0.3000666,-0.1326163
36443.684,22.699896,1.0702759,0.29985186,-0.13214137
37451.562,22.699896,1.0649323,0.2993133,-0.13180372
38459.438,22.699896,1.0610545,0.29852098,-0.13164857
39467.312,22.699896,1.0597957,0.29760504,-0.13168506
40475.188,22.699896,1.0618935,0.29670945,-0.13187443
41483.062,22.699896,1.0674491,0.29594356,-0.13212627
42490.938,22.699896,1.0758033,0.2953428,-0.13230377
43498.812,22.699896,1.0855477,0.29485348,-0.13223729
44506.69,22.699896,1.0946698,0.29434112,-0.13174468
45514.566,22.699896,1.1008172,0.29362053,-0.13065547
46522.44,22.699896,1.1016409,0.29250306,-0.12883577
47530.316,22.699896,1.0951632,0.290845,-0.12620974
48538.19,22.699896,1.0801121,0.28858808,-0.12277417
49546.066,22.699896,1.0561618,0.28578135,-0.11860462
50553.938,22.699896,1.024046,0.2825778,-0.11385098
51561.812,22.699896,0.9855112,0.27920818,-0.108723655
52569.688,22.699896,0.9431205,0.2759381,-0.10347201
53577.562,22.699896,0.8999324,0.27301404,-0.09835726
54585.438,22.699896,0.85909885,0.27061737,-0.09362469
55593.312,22.699896,0.82344997,0.2688312,-0.08947827
56601.19,22.699896,0.79512215,0.26763022,-0.08606148
57609.066,22.699896,0.775293,0.26689672,-0.08344705
58616.94,22.699896,0.76405984,0.26645562,-0.081636004
59624.816,22.699896,0.76048374,0.26612428,-0.080567196
60632.69,22.699896,0.7627887,0.26576215,-0.08013386
61640.566,22.699896,0.7686807,0.26530737,-0.08020531
62648.44,22.699896,0.77573806,0.26479375,-0.080648705
63656.32,22.699896,0.7817982,0.26434067,-0.081348754
64664.195,22.699896,0.78528434,0.2641178,-0.082220376
65672.07,22.699896,0.7854128,0.26429465,-0.08321288
66679.945,22.699896,0.7822464,0.26498556,-0.08430633
67687.82,22.699896,0.7765936,0.26620615,-0.085499585
68695.695,22.699896,0.7697695,0.267855,-0.08679533
69703.57,22.699896,0.7632795,0.26972476,-0.08818409
70711.445,22.699896,0.7584805,0.2715456,-0.08963311
71719.32,22.699896,0.7562977,0.27304927,-0.09108229
72727.195,22.699896,0.75705224,0.2740389,-0.0924501
73735.08,22.699896,0.76043636,0.2744432,-0.093647875
74742.95,22.699896,0.7656386,0.27433947,-0.09459995
75750.83,22.699896,0.7715848,0.27393445,-0.09526451
76758.7,22.699896,0.7772343,0.2735042,-0.09564872
77766.58,22.699896,0.78184897,0.27330977,-0.09581308
78774.45,22.699896,0.7851672,0.27351007,-0.095860824
79782.33,22.699896,0.7874214,0.27410698,-0.09591378
80790.2,22.699896,0.7892009,0.2749399,-0.096079394
81798.08,22.699896,0.7911927,0.27574375,-0.096417114
82805.95,22.699896,0.79388857,0.27625373,-0.09691663
83813.83,22.699896,0.79736406,0.27632183,-0.097496815
84821.7,22.699896,0.80122614,0.27599758,-0.09803065
85829.58,22.699896,0.8047678,0.27552572,-0.09839268
86837.45,22.699896,0.8073,0.2752439,-0.09851381
87845.33,22.699896,0.8085213,0.2754107,-0.09842215
88853.2,22.699896,0.8087503,0.276036,-0.09824449
89861.08,22.699896,0.8088398,0.2768235,-0.09815648
90868.95,22.699896,0.8097324,0.27730316,-0.09828877
91876.83,22.699896,0.8118146,0.27714166,-0.09863141
92884.71,22.699896,0.8144702,0.27646646,-0.09900217
93892.586,22.699896,0.8163179,0.27591452,-0.09914111
94900.46,22.699896,0.8163351,0.27616796,-0.09892976
95908.336,22.699896,0.81527364,0.2771145,-0.0985982
96916.21,22.699896,0.8156776,0.27750587,-0.09862808
97924.086,22.699896,0.8186019,0.2764681,-0.09910247
98931.96,22.699896,0.8192496,0.2763222,-0.099045455
99939.836,22.699896,0.81969917,0.27653992,-0.09904389
160.16696,23.305227,0.90264416,0.45905095,-0.07578518
1168.0425,23.305227,1.000302,0.3097227,-0.12756556
2175.918,23.305227,0.98164654,0.31120235,-0.13337345
3183.7935,23.305227,0.97349703,0.31006843,-0.13640083
4191.669,23.305227,0.9826135,0.3053802,-0.14209712
5199.5444,23.305227,0.99751,0.3066137,-0.14823909
6207.42,23.305227,1.0124452,0.31256697,-0.15299203
7215.2954,23.305227,1.0268867,0.3181558,-0.15584622
8223.171,23.305227,1.0412847,0.3204818,-0.15700875
9231.046,23.305227,1.0550064,0.31987256,-0.15688744
10238.922,23.305227,1.0665144,0.31823754,-0.15588382
11246.798,23.305227,1.0744193,0.31724918,-0.15435602
12254.673,23.305227,1.0783265,0.3174768,-0.15261862
13262.548,23.305227,1.0790185,0.31848153,-0.15092903
14270.424,23.305227,1.078061,0.3194004,-0.14946118
15278.3,23.305227,1.0771456,0.31953314,-0.14828862
16286.175,23.305227,1.0774926,0.3186618,-0.14738986
17294.049,23.305227,1.0795314,0.3170504,-0.14667678
18301.924,23.305227,1.082905,0.3152344,-0.14603642
19309.8,23.305227,1.0867382,0.31374532,-0.14537178
20317.676,23.305227,1.090026,0.3129012,-0.14463007
21325.55,23.305227,1.0920038,0.3127221,-0.14381284
22333.428,23.305227,1.092385,0.31297612,-0.14296792
23341.303,23.305227,1.091421,0.31330398,-0.14216924
24349.178,23.305227,1.0897839,0.3133668,-0.1414915
25357.053,23.305227,1.0883381,0.31296098,-0.14098705
26364.928,23.305227,1.0878648,0.31206816,-0.14067146
27372.805,23.305227,1.0888318,0.31083855,-0.14051908
28380.68,23.305227,1.0912561,0.30952144,-0.14046973
29388.555,23.305227,1.0946957,0.3083758,-0.14044312
30396.432,23.305227,1.0983639,0.30758792,-0.1403575
31404.307,23.305227,1.1013294,0.30722243,-0.14014798
32412.182,23.305227,1.1027565,0.30721414,-0.13978107
33420.06,23.305227,1.1021242,0.3073998,-0.13926256
34427.934,23.305227,1.0993732,0.30757478,-0.13863717
35435.81,23.305227,1.0949494,0.3075563,-0.13798074
36443.684,23.305227,1.0897329,0.30723533,-0.13738619
37451.562,23.305227,1.0848658,0.30660287,-0.13694471
38459.438,23.305227,1.0815074,0.30574554,-0.13672674
39467.312,23.305227,1.0805757,0.3048142,-0.1367643
40475.188,23.305227,1.0825092,0.3039743,-0.13703825
41483.062,23.305227,1.0871116,0.30335295,-0.13747245
42490.938,23.305227,1.0934991,0.30299747,-0.13793577
43498.812,23.305227,1.1001685,0.30285358,-0.138253
44506.69,23.305227,1.1051816,0.30277076,-0.13822268
45514.566,23.305227,1.1064334,0.3025337,-0.137641
46522.44,23.305227,1.1019654,0.30190915,-0.13632838
47530.316,23.305227,1.0902735,0.30070174,-0.13415515
48538.19,23.305227,1.0705627,0.29880062,-0.13106367
49546.066,23.305227,1.0429043,0.29621056,-0.12708247
50553.938,23.305227,1.0082724,0.29305792,-0.12233069
51561.812,23.305227,0.9684514,0.2895706,-0.11701132
52569.688,23.305227,0.9258282,0.28603747,-0.111393645
53577.562,23.305227,0.88309807,0.28275424,-0.105785444
54585.438,23.305227,0.8429292,0.27996913,-0.10049994
55593.312,23.305227,0.8076394,0.27783945,-0.09582062
56601.19,23.305227,0.7789278,0.27640873,-0.09196854
57609.066,23.305227,0.7577037,0.27560702,-0.089078
58616.94,23.305227,0.7440345,0.2752768,-0.08718309
59624.816,23.305227,0.73721856,0.275214,-0.086218126
60632.69,23.305227,0.73596215,0.27521747,-0.08603231
61640.566,23.305227,0.73863256,0.27513498,-0.08641552
62648.44,23.305227,0.7435419,0.27489197,-0.08713277
63656.32,23.305227,0.7492062,0.2745003,-0.08796033
64664.195,23.305227,0.75454926,0.27404362,-0.088718496
65672.07,23.305227,0.75900507,0.27364442,-0.08929499
66679.945,23.305227,0.76251745,0.2734208,-0.089654595
67687.82,23.305227,0.7654389,0.2734469,-0.089834124
68695.695,23.305227,0.76835537,0.27372655,-0.08992334
69703.57,23.305227,0.77188057,0.27418953,-0.09003579
70711.445,23.305227,0.77646434,0.27471083,-0.09027679
71719.32,23.305227,0.782261,0.2751491,-0.09071456
72727.195,23.305227,0.78908324,0.27539343,-0.09136208
73735.08,23.305227,0.7964584,0.27540174,-0.09217421
74742.95,23.305227,0.80376226,0.2752206,-0.093060695
75750.83,23.305227,0.81039953,0.2749741,-0.093912415
76758.7,23.305227,0.81598216,0.2748254,-0.09463371
77766.58,23.305227,0.82044464,0.2749181,-0.095172174
78774.45,23.305227,0.8240657,0.27531973,-0.09553522
79782.33,23.305227,0.8273743,0.27598503,-0.095788315
80790.2,23.305227,0.830968,0.2767601,-0.096032634
81798.08,23.305227,0.8352891,0.27743244,-0.09636742
82805.95,23.305227,0.840441,0.27781245,-0.09684953
83813.83,23.305227,0.84611416,0.27782163,-0.09746487
84821.7,23.305227,0.85167444,0.27754486,-0.09812662
85829.58,23.305227,0.85640526,0.27721477,-0.09870575
86837.45,23.305227,0.8598275,0.27711472,-0.099087715
87845.33,23.305227,0.86196905,0.27743244,-0.09923449
88853.2,23.305227,0.86342955,0.2781265,-0.09921995
89861.08,23.305227,0.8651464,0.27889824,-0.09920907
90868.95,23.305227,0.8678858,0.27932853,-0.09937374
91876.83,23.305227,0.87169194,0.27915826,-0.099772796
92884.71,23.305227,0.87565124,0.2785586,-0.100272596
93892.586,23.305227,0.8783629,0.27813855,-0.10059723
94900.46,23.305227,0.87911844,0.27849168,-0.10055054
95908.336,23.305227,0.8790696,0.27944052,-0.10029412
96916.21,23.305227,0.88078517,0.27979428,-0.1003458
97924.086,23.305227,0.8847998,0.27881226,-0.10090996
98931.96,23.305227,0.885991,0.27875462,-0.1009838
99939.836,23.305227,0.8873163,0.27896613,-0.10101858
160.16696,23.910557,0.91145587,0.46716478,-0.07960042
1168.0425,23.910557,1.0249968,0.3180083,-0.13370205
2175.918,23.910557,0.99956405,0.31957304,-0.13855502
3183.7935,23.910557,0.99224806,0.31917563,-0.14170216
4191.669,23.910557,1.0042207,0.31480882,-0.14773032
5199.5444,23.910557,1.0201149,0.31580263,-0.15383026
6207.42,23.910557,1.0346563,0.32135963,-0.1582497
7215.2954,23.910557,1.0486825,0.32673728,-0.16072083
8223.171,23.910557,1.0630658,0.32909867,-0.161565
9231.046,23.910557,1.0767325,0.32862753,-0.16116846
10238.922,23.910557,1.0875912,0.3270484,-0.15987366
11246.798,23.910557,1.0941242,0.32592684,-0.15801874
12254.673,23.910557,1.0962847,0.32583773,-0.15595454
13262.548,23.910557,1.0954168,0.3264326,-0.15400277
14270.424,23.910557,1.093528,0.32696718,-0.15239026
15278.3,23.910557,1.0924239,0.32683855,-0.15120548
16286.175,23.910557,1.0931041,0.3258744,-0.15039948
17294.049,23.910557,1.0955799,0.32433036,-0.14982975
18301.924,23.910557,1.0990794,0.322693,-0.14932504
19309.8,23.910557,1.1024839,0.32142687,-0.14874744
20317.676,23.910557,1.1047968,0.32078767,-0.14803253
21325.55,23.910557,1.10549,0.32075232,-0.1471998
22333.428,23.910557,1.104643,0.3210715,-0.14633557
23341.303,23.910557,1.1028693,0.3213921,-0.1455585
24349.178,23.910557,1.1010835,0.32139823,-0.14497967
25357.053,23.910557,1.1002026,0.32091516,-0.14466932
26364.928,23.910557,1.1008722,0.31995153,-0.14463808
27372.805,23.910557,1.1032867,0.31867507,-0.14483386
28380.68,23.910557,1.1071436,0.31734025,-0.14515558
29388.555,23.910557,1.1117337,0.3161988,-0.14547636
30396.432,23.910557,1.1161269,0.31542054,-0.14567176
31404.307,23.910557,1.1194123,0.3150491,-0.14564586
32412.182,23.910557,1.1209213,0.31499943,-0.14535019
33420.06,23.910557,1.1203929,0.31509343,-0.14479354
34427.934,23.910557,1.118039,0.31512213,-0.14403991
35435.81,23.910557,1.1145004,0.31491,-0.14319712
36443.684,23.910557,1.1107076,0.31436712,-0.14239745
37451.562,23.910557,1.1076701,0.31351385,-0.14177415
38459.438,23.910557,1.1062429,0.3124723,-0.14143679
39467.312,23.910557,1.1069106,0.3114302,-0.14144944
40475.188,23.910557,1.1096365,0.3105854,-0.14181474
41483.062,23.910557,1.1137981,0.31008783,-0.14246522
42490.938,23.910557,1.1182263,0.30999234,-0.14326482
43498.812,23.910557,1.1213427,0.31023544,-0.14401898
44506.69,23.910557,1.1213714,0.31063986,-0.14449446
45514.566,23.910557,1.1165946,0.3109479,-0.14444532
46522.44,23.910557,1.1056081,0.31087378,-0.14364389
47530.316,23.910557,1.0875412,0.3101657,-0.14191139
48538.19,23.910557,1.0622051,0.30866194,-0.13914603
49546.066,23.910557,1.0301481,0.30632836,-0.13534322
50553.938,23.910557,0.9926135,0.30327204,-0.13060547
51561.812,23.910557,0.9514009,0.299725,-0.12513879
52569.688,23.910557,0.9086616,0.29600376,-0.119236246
53577.562,23.910557,0.866652,0.29245195,-0.11324839
54585.438,23.910557,0.8274817,0.28937832,-0.107544586
55593.312,23.910557,0.79289794,0.28700358,-0.10246978
56601.19,23.910557,0.764127,0.2854262,-0.098302186
57609.066,23.910557,0.7417986,0.2846119,-0.09521898
58616.94,23.910557,0.7259519,0.28441143,-0.093274154
59624.816,23.910557,0.7161245,0.28459793,-0.09239403
60632.69,23.910557,0.7114938,0.28491828,-0.09239051
61640.566,23.910557,0.7110534,0.285145,-0.09299174
62648.44,23.910557,0.7137838,0.28511766,-0.0938852
63656.32,23.910557,0.71879745,0.28476584,-0.094766915
64664.195,23.910557,0.72542495,0.28411,-0.09538865
65672.07,23.910557,0.73324376,0.28324068,-0.09559446
66679.945,23.910557,0.7420408,0.28228426,-0.09534074
67687.82,23.910557,0.75173175,0.2813643,-0.094695136
68695.695,23.910557,0.7622559,0.28056842,-0.09381432
69703.57,23.910557,0.7734767,0.2799328,-0.09290528
70711.445,23.910557,0.7851192,0.2794425,-0.09217774
71719.32,23.910557,0.79675573,0.27905145,-0.09179668
72727.195,23.910557,0.80785704,0.27871215,-0.091847025
73735.08,23.910557,0.81788623,0.27840325,-0.09231763
74742.95,23.910557,0.8264271,0.27814683,-0.093108654
75750.83,23.910557,0.83329785,0.27800483,-0.094062015
76758.7,23.910557,0.8386259,0.2780554,-0.09500578
77766.58,23.910557,0.842846,0.27835584,-0.09580277
78774.45,23.910557,0.84661365,0.27890447,-0.09638769
79782.33,23.910557,0.8506414,0.27962118,-0.096781805
80790.2,23.910557,0.8555028,0.28035596,-0.09707934
81798.08,23.910557,0.8614479,0.28093386,-0.097407445
82805.95,23.910557,0.8683055,0.28122014,-0.09787218
83813.83,23.910557,0.87551504,0.28118774,-0.09851024
84821.7,23.910557,0.88230014,0.2809489,-0.0992662
85829.58,23.910557,0.8879561,0.2807291,-0.10001017
86837.45,23.910557,0.8921516,0.280774,-0.10059528
87845.33,23.910557,0.8951224,0.2812203,-0.10093424
88853.2,23.910557,0.8976304,0.28198805,-0.10105956
89861.08,23.910557,0.90064377,0.28277418,-0.10112586
90868.95,23.910557,0.9048077,0.2831935,-0.10133292
91876.83,23.910557,0.90995294,0.28303903,-0.1017905
92884.71,23.910557,0.91499895,0.2825159,-0.10240276
93892.586,23.910557,0.9185444,0.28221714,-0.102885306
94900.46,23.910557,0.9200675,0.28267542,-0.10298576
95908.336,23.910557,0.92094487,0.28366536,-0.10281337
96916.21,23.910557,0.9237622,0.2840277,-0.1029079
97924.086,23.910557,0.92876637,0.28311402,-0.10356276
98931.96,23.910557,0.93062854,0.28315684,-0.10376331
99939.836,23.910557,0.9328147,0.28340358,-0.103857175
160.16696,24.515888,0.91671735,0.47531825,-0.08307542
1168.0425,24.515888,1.0492723,0.3263708,-0.13980915
2175.918,24.515888,1.0180038,0.32804668,-0.14377774
3183.7935,24.515888,1.0117211,0.32829463,-0.14708325
4191.669,24.515888,1.025825,0.32419294,-0.15332364
5199.5444,24.515888,1.0416996,0.32490847,-0.15914133
6207.42,24.515888,1.0552682,0.3299884,-0.16302568
7215.2954,24.515888,1.069022,0.3350273,-0.16508515
8223.171,24.515888,1.0841134,0.3372943,-0.16578592
9231.046,24.515888,1.0987046,0.33688247,-0.16542518
10238.922,24.515888,1.1098665,0.33535886,-0.16417359
11246.798,24.515888,1.1157944,0.33417478,-0.16224982
12254.673,24.515888,1.1167574,0.33388093,-0.15999074
13262.548,24.515888,1.1147,0.3341828,-0.15778849
14270.424,24.515888,1.1121379,0.33442652,-0.1559699
15278.3,24.515888,1.1110625,0.33409077,-0.15470012
16286.175,24.515888,1.1123114,0.33304727,-0.15395513
17294.049,24.515888,1.115523,0.33155003,-0.15356417
18301.924,24.515888,1.1195384,0.3300462,-0.1532943
19309.8,24.515888,1.1229959,0.32894447,-0.15293866
20317.676,24.515888,1.1248735,0.3284455,-0.15238053
21325.55,24.515888,1.1248114,0.3284906,-0.15161666
22333.428,24.515888,1.1231604,0.32881832,-0.15074176
23341.303,24.515888,1.1207933,0.32908693,-0.14990541
24349.178,24.515888,1.1187791,0.32900771,-0.14925916
25357.053,24.515888,1.1180421,0.3284385,-0.14890954
26364.928,24.515888,1.119097,0.32741553,-0.14888896
27372.805,24.515888,1.1219279,0.326122,-0.14914882
28380.68,24.515888,1.1260242,0.32481337,-0.14957428
29388.555,24.515888,1.1305425,0.3237281,-0.1500131
30396.432,24.515888,1.1345437,0.32301357,-0.15031174
31404.307,24.515888,1.137239,0.3226872,-0.15034921
32412.182,24.515888,1.1381831,0.32264125,-0.15006217
33420.06,24.515888,1.1373776,0.32268354,-0.14945713
34427.934,24.515888,1.1352627,0.32260206,-0.14860854
35435.81,24.515888,1.1326067,0.32223046,-0.14764409
36443.684,24.515888,1.1303204,0.3214987,-0.14672136
37451.562,24.515888,1.1292393,0.32045305,-0.1459986
38459.438,24.515888,1.1299143,0.31924427,-0.14560604
39467.312,24.515888,1.1324518,0.3180855,-0.1456212
40475.188,24.515888,1.1364348,0.3171934,-0.14605117
41483.062,24.515888,1.140934,0.31672734,-0.14682446
42490.938,24.515888,1.1446077,0.316741,-0.14779407
43498.812,24.515888,1.1458713,0.31715968,-0.14875013
44506.69,24.515888,1.1431144,0.3177872,-0.14944181
45514.566,24.515888,1.1349224,0.31834146,-0.14960611
46522.44,24.515888,1.1202784,0.31851152,-0.14899996
47530.316,24.515888,1.0987115,0.3180223,-0.14743248
48538.19,24.515888,1.070376,0.31669384,-0.14479294
49546.066,24.515888,1.0360491,0.31448078,-0.14107153
50553.938,24.515888,0.9970542,0.31148764,-0.1363686
51561.812,24.515888,0.95511913,0.30795136,-0.13089119
52569.688,24.515888,0.9121945,0.30419943,-0.124936044
53577.562,24.515888,0.87025535,0.30059147,-0.11885997
54585.438,24.515888,0.8311086,0.2974533,-0.11304069
55593.312,24.515888,0.7962399,0.29502225,-0.10783318
56601.19,24.515888,0.76670456,0.2934089,-0.1035263
57609.066,24.515888,0.7430819,0.29258645,-0.10030748
58616.94,24.515888,0.72548753,0.29240608,-0.09823923
59624.816,24.515888,0.7136407,0.29263526,-0.097253084
60632.69,24.515888,0.7069664,0.2930098,-0.09716217
61640.566,24.515888,0.7047194,0.29328766,-0.09769143
62648.44,24.515888,0.70610464,0.29329273,-0.09852089
63656.32,24.515888,0.71037686,0.29294106,-0.09933625
64664.195,24.515888,0.71690744,0.29224318,-0.09987826
65672.07,24.515888,0.7252079,0.2912861,-0.09998156
66679.945,24.515888,0.7349161,0.29019916,-0.09959692
67687.82,24.515888,0.745746,0.28911543,-0.09879208
68695.695,24.515888,0.7574303,0.2881375,-0.09773031
69703.57,24.515888,0.76965916,0.28731865,-0.09663072
70711.445,24.515888,0.7820463,0.28666115,-0.09571875
71719.32,24.515888,0.7941284,0.2861333,-0.095175795
72727.195,24.515888,0.805406,0.28569624,-0.09510055
73735.08,24.515888,0.81542176,0.28533086,-0.09548987
74742.95,24.515888,0.82385343,0.28505448,-0.09624452
75750.83,24.515888,0.83060455,0.2849196,-0.0971996
76758.7,24.515888,0.8358569,0.28499165,-0.098171115
77766.58,24.515888,0.84006435,0.28531575,-0.09900743
78774.45,24.515888,0.843876,0.28588134,-0.09963073
79782.33,24.515888,0.84798944,0.28660455,-0.10005503
80790.2,24.515888,0.8529703,0.28733778,-0.100374356
81798.08,24.515888,0.85908276,0.28791165,-0.100721985
82805.95,24.515888,0.8661832,0.28820056,-0.101213686
83813.83,24.515888,0.8737378,0.28818345,-0.10189474
84821.7,24.515888,0.88097644,0.28797573,-0.10271318
85829.58,24.515888,0.8871652,0.2878001,-0.10353548
86837.45,24.515888,0.89191186,0.28789616,-0.1042048
87845.33,24.515888,0.89538693,0.28839326,-0.10462266
88853.2,24.515888,0.89832187,0.28920716,-0.104814954
89861.08,24.515888,0.9017168,0.2900358,-0.1049389
90868.95,24.515888,0.9063022,0.2905004,-0.10520498
91876.83,24.515888,0.91199315,0.29040113,-0.10573499
92884.71,24.515888,0.91771287,0.2899451,-0.106435806
93892.586,24.515888,0.92193955,0.289719,-0.10701057
94900.46,24.515888,0.9239889,0.29024503,-0.1071877
95908.336,24.515888,0.9252194,0.29129374,-0.10707196
96916.21,24.515888,0.92847496,0.29171804,-0.10722934
97924.086,24.515888,0.9342466,0.2908842,-0.10798122
98931.96,24.515888,0.9367292,0.291004,-0.10826573
99939.836,24.515888,0.93942213,0.29132092,-0.10843013
160.16696,25.12122,0.91998833,0.4834844,-0.08635362
1168.0425,25.12122,1.0735457,0.33478805,-0.1459288
2175.918,25.12122,1.0375491,0.3366578,-0.14905496
3183.7935,25.12122,1.0320299,0.33739078,-0.15245643
4191.669,25.12122,1.048068,0.3335312,-0.15886813
5199.5444,25.12122,1.0640985,0.33408865,-0.16438279
6207.42,25.12122,1.0769169,0.33877498,-0.16770898
7215.2954,25.12122,1.0904493,0.34340602,-0.1693471
8223.171,25.12122,1.1062113,0.34538028,-0.16994497
9231.046,25.12122,1.1218244,0.3448088,-0.16973442
10238.922,25.12122,1.133671,0.3432128,-0.16870588
11246.798,25.12122,1.1396303,0.34198707,-0.16692232
12254.673,25.12122,1.140115,0.34164765,-0.16466044
13262.548,25.12122,1.137465,0.34189278,-0.16234684
14270.424,25.12122,1.1345752,0.34207836,-0.16039404
15278.3,25.12122,1.1336238,0.34169614,-0.15905297
16286.175,25.12122,1.1354077,0.34062272,-0.15834934
17294.049,25.12122,1.1393715,0.339106,-0.15811364
18301.924,25.12122,1.1441231,0.3375797,-0.15807365
19309.8,25.12122,1.1481258,0.33643815,-0.15796253
20317.676,25.12122,1.1502845,0.3358742,-0.15760404
21325.55,25.12122,1.1502589,0.3358308,-0.15695229
22333.428,25.12122,1.1484647,0.33605793,-0.15608326
23341.303,25.12122,1.1458379,0.33623144,-0.15515113
24349.178,25.12122,1.1434705,0.33608034,-0.15432878
25357.053,25.12122,1.14226,0.33547613,-0.15375191
26364.928,25.12122,1.142664,0.33446,-0.15348193
27372.805,25.12122,1.1446123,0.33321124,-0.15349418
28380.68,25.12122,1.1475781,0.3319733,-0.1536902
29388.555,25.12122,1.1507623,0.33096877,-0.15392786
30396.432,25.12122,1.1533355,0.3303287,-0.15405956
31404.307,25.12122,1.1546626,0.33005843,-0.15396854
32412.182,25.12122,1.1544663,0.33004424,-0.1535953
33420.06,25.12122,1.152889,0.33009472,-0.15294956
34427.934,25.12122,1.1504543,0.33000416,-0.15210725
35435.81,25.12122,1.1479381,0.32961506,-0.15119343
36443.684,25.12122,1.1461856,0.32886514,-0.15035675
37451.562,25.12122,1.1459136,0.3278044,-0.14974009
38459.438,25.12122,1.1475344,0.32658184,-0.14945221
39467.312,25.12122,1.1510316,0.32540265,-0.14954568
40475.188,25.12122,1.1559138,0.3244715,-0.15000352
41483.062,25.12122,1.1612387,0.32393453,-0.15073597
42490.938,25.12122,1.1657134,0.32383478,-0.15158728
43498.812,25.12122,1.1678455,0.32409328,-0.15235189
44506.69,25.12122,1.1661253,0.3245186,-0.15279691
45514.566,25.12122,1.159211,0.324843,-0.15268902
46522.44,25.12122,1.1461011,0.32477802,-0.15182243
47530.316,25.12122,1.1262596,0.32407624,-0.15004472
48538.19,25.12122,1.0996994,0.32258442,-0.14727826
49546.066,25.12122,1.0669987,0.3202798,-0.143534
50553.938,25.12122,1.0292615,0.3172777,-0.13891643
51561.812,25.12122,0.98802227,0.3138126,-0.13361785
52569.688,25.12122,0.9451105,0.31019533,-0.12790257
53577.562,25.12122,0.90248233,0.3067546,-0.12208205
54585.438,25.12122,0.86204183,0.30377868,-0.116482645
55593.312,25.12122,0.8254758,0.3014649,-0.11141076
56601.19,25.12122,0.79410356,0.2998906,-0.107118376
57609.066,25.12122,0.76878023,0.29900914,-0.10377495
58616.94,25.12122,0.7498419,0.2986709,-0.10144855
59624.816,25.12122,0.737119,0.29866394,-0.10010067
60632.69,25.12122,0.73000133,0.29876497,-0.099595375
61640.566,25.12122,0.72755563,0.29878733,-0.099722326
62648.44,25.12122,0.7286708,0.29861668,-0.10023059
63656.32,25.12122,0.73221874,0.2982267,-0.10086825
64664.195,25.12122,0.7371981,0.29767084,-0.10142098
65672.07,25.12122,0.7428447,0.2970559,-0.101743564
66679.945,25.12122,0.7486881,0.2965021,-0.10177791
67687.82,25.12122,0.75454676,0.29610467,-0.10155456
68695.695,25.12122,0.76046634,0.29590407,-0.10117647
69703.57,25.12122,0.7666166,0.29587686,-0.100789264
70711.445,25.12122,0.77317,0.29594645,-0.10054292
71719.32,25.12122,0.7801952,0.29601336,-0.100553736
72727.195,25.12122,0.7875885,0.29599392,-0.10087591
73735.08,25.12122,0.795071,0.29585418,-0.10148877
74742.95,25.12122,0.8022485,0.29562882,-0.10230419
75750.83,25.12122,0.80872333,0.29541376,-0.103192545
76758.7,25.12122,0.814229,0.295335,-0.10402113
77766.58,25.12122,0.8187413,0.29550007,-0.10469418
78774.45,25.12122,0.82252634,0.29594967,-0.105182
79782.33,25.12122,0.8260921,0.29662845,-0.105530165
80790.2,25.12122,0.8300491,0.2973902,-0.10584163
81798.08,25.12122,0.8349011,0.29804325,-0.106237285
82805.95,25.12122,0.84083986,0.29842475,-0.10680507
83813.83,25.12122,0.8476231,0.2984772,-0.10755773
84821.7,25.12122,0.85460424,0.29829255,-0.10841738
85829.58,25.12122,0.8609477,0.2980928,-0.10924019
86837.45,25.12122,0.865979,0.2981391,-0.10987848
87845.33,25.12122,0.86954266,0.2985946,-0.11025812
88853.2,25.12122,0.8721801,0.29940572,-0.110434085
89861.08,25.12122,0.87496257,0.3002813,-0.11058335
90868.95,25.12122,0.87893623,0.30082643,-0.11091575
91876.83,25.12122,0.8843818,0.30080727,-0.11152984
92884.71,25.12122,0.89034885,0.30039936,-0.11229782
93892.586,25.12122,0.8950316,0.30018523,-0.112898976
94900.46,25.12122,0.89722383,0.30071774,-0.11307105
95908.336,25.12122,0.89808524,0.30181035,-0.112963915
96916.21,25.12122,0.901037,0.3023231,-0.11318927
97924.086,25.12122,0.9073206,0.30156982,-0.11404463
98931.96,25.12122,0.9102165,0.30172116,-0.11435893
99939.836,25.12122,0.9129292,0.30211568,-0.11458779
160.16696,25.72655,0.92306536,0.49170274,-0.08961604
1168.0425,25.72655,1.0977671,0.34319544,-0.15203443
2175.918,25.72655,1.0579325,0.34535745,-0.15434758
3183.7935,25.72655,1.0527548,0.3464438,-0.15778379
4191.669,25.72655,1.0710499,0.34286723,-0.16441269
5199.5444,25.72655,1.0882324,0.34349447,-0.16975388
6207.42,25.72655,1.1009854,0.3479864,-0.17261483
7215.2954,25.72655,1.1141521,0.35221922,-0.17381752
8223.171,25.72655,1.1298268,0.35371858,-0.17421386
9231.046,25.72655,1.145644,0.35272887,-0.17404634
10238.922,25.72655,1.1577373,0.35086393,-0.1731985
11246.798,25.72655,1.163785,0.34955058,-0.17161018
12254.673,25.72655,1.1641675,0.34927857,-0.16948228
13262.548,25.72655,1.1613315,0.34968224,-0.16722736
14270.424,25.72655,1.1583202,0.35003966,-0.1652877
15278.3,25.72655,1.1574223,0.34977427,-0.16395853
16286.175,25.72655,1.1594762,0.34871846,-0.1633004
17294.049,25.72655,1.1639028,0.34710753,-0.16315722
18301.924,25.72655,1.1692458,0.34539148,-0.16324797
19309.8,25.72655,1.1738875,0.34400094,-0.16328178
20317.676,25.72655,1.1766453,0.34317526,-0.16305187
21325.55,25.72655,1.1770914,0.3429009,-0.16248354
22333.428,25.72655,1.1755552,0.34295997,-0.16163018
23341.303,25.72655,1.1728905,0.3430437,-0.16063246
24349.178,25.72655,1.1701262,0.3428792,-0.15965815
25357.053,25.72655,1.1681291,0.3423207,-0.15884694
26364.928,25.72655,1.1673722,0.34138465,-0.15827213
27372.805,25.72655,1.1678545,0.34022355,-0.15792862
28380.68,25.72655,1.1691607,0.33906,-0.15774493
29388.555,25.72655,1.170629,0.33810544,-0.1576117
30396.432,25.72655,1.1715654,0.33749196,-0.15741697
31404.307,25.72655,1.1714386,0.3372368,-0.15707827
32412.182,25.72655,1.1700219,0.3372444,-0.15656388
33420.06,25.72655,1.1674505,0.33734322,-0.1558994
34427.934,25.72655,1.1641909,0.33734193,-0.15516017
35435.81,25.72655,1.1609384,0.33708727,-0.15445213
36443.684,25.72655,1.15847,0.33650786,-0.15388735
37451.562,25.72655,1.1574825,0.33563158,-0.1535578
38459.438,25.72655,1.1584425,0.33457366,-0.15351494
39467.312,25.72655,1.1614745,0.333501,-0.1537559
40475.188,25.72655,1.1662973,0.33258152,-0.15421963
41483.062,25.72655,1.1722192,0.3319335,-0.15479168
42490.938,25.72655,1.1781834,0.33158833,-0.15531659
43498.812,25.72655,1.182865,0.33147404,-0.15561569
44506.69,25.72655,1.1847994,0.3314271,-0.15550655
45514.566,25.72655,1.1825361,0.33122468,-0.15482326
46522.44,25.72655,1.174801,0.33063465,-0.15343407
47530.316,25.72655,1.1606485,0.32946762,-0.1512557
48538.19,25.72655,1.1395942,0.3276224,-0.1482632
49546.066,25.72655,1.1117086,0.32511097,-0.14449462
50553.938,25.72655,1.0776589,0.3220613,-0.14005056
51561.812,25.72655,1.0386883,0.3186942,-0.13508785
52569.688,25.72655,0.99653506,0.3152819,-0.12980857
53577.562,25.72655,0.95328206,0.31209642,-0.124444366
54585.438,25.72655,0.91116035,0.30935845,-0.11923669
55593.312,25.72655,0.87232006,0.30720082,-0.11441586
56601.19,25.72655,0.83859646,0.30565012,-0.11017957
57609.066,25.72655,0.8113076,0.30463398,-0.10667455
58616.94,25.72655,0.79110587,0.30400783,-0.10398316
59624.816,25.72655,0.77791715,0.30359873,-0.10211727
60632.69,25.72655,0.7709789,0.30325076,-0.101021156
61640.566,25.72655,0.7689726,0.30286443,-0.10058284
62648.44,25.72655,0.77024066,0.3024188,-0.100653164
63656.32,25.72655,0.7730519,0.30197096,-0.10106939
64664.195,25.72655,0.7758711,0.30163383,-0.10167963
65672.07,25.72655,0.7775897,0.30153686,-0.102363855
66679.945,25.72655,0.777671,0.30178124,-0.10304701
67687.82,25.72655,0.77618337,0.30240157,-0.10370297
68695.695,25.72655,0.773713,0.3033447,-0.104346484
69703.57,25.72655,0.7711736,0.30447453,-0.105017155
70711.445,25.72655,0.76955247,0.30560163,-0.10575774
71719.32,25.72655,0.7696467,0.30653122,-0.106592886
72727.195,25.72655,0.77185476,0.3071181,-0.107514456
73735.08,25.72655,0.7760773,0.3073103,-0.108477265
74742.95,25.72655,0.7817489,0.30716807,-0.10940826
75750.83,25.72655,0.7880031,0.30685043,-0.110226855
76758.7,25.72655,0.79393184,0.30656758,-0.11087121
77766.58,25.72655,0.7988578,0.3065141,-0.11132259
78774.45,25.72655,0.80254954,0.3068006,-0.111618996
79782.33,25.72655,0.8052913,0.30741072,-0.11184997
80790.2,25.72655,0.807778,0.30820018,-0.11213301
81798.08,25.72655,0.8108469,0.30894652,-0.11257345
82805.95,25.72655,0.81513,0.30943656,-0.11322282
83813.83,25.72655,0.8207494,0.30956316,-0.114049725
84821.7,25.72655,0.8272001,0.30938655,-0.1149406
85829.58,25.72655,0.8335011,0.30912736,-0.11573672
86837.45,25.72655,0.83861434,0.30907553,-0.11630179
87845.33,25.72655,0.8419853,0.30944,-0.116594374
88853.2,25.72655,0.8439388,0.31020838,-0.116709605
89861.08,25.72655,0.84565973,0.31110466,-0.1168532
90868.95,25.72655,0.8485988,0.31171477,-0.117236346
91876.83,25.72655,0.85347974,0.31175965,-0.11792752
92884.71,25.72655,0.8594836,0.3113729,-0.118751496
93892.586,25.72655,0.8644322,0.31112978,-0.11935279
94900.46,25.72655,0.86648303,0.31162307,-0.1194791
95908.336,25.72655,0.8665804,0.31272328,-0.1193417
96916.21,25.72655,0.8688785,0.3133028,-0.119616896
97924.086,25.72655,0.8755108,0.3126081,-0.12057333
98931.96,25.72655,0.87858796,0.3127508,-0.12088725
99939.836,25.72655,0.8810165,0.313196,-0.12115883
160.16696,26.33188,0.9271399,0.5000379,-0.09297833
1168.0425,26.33188,1.1212754,0.35150856,-0.15801942
2175.918,26.33188,1.077911,0.35401452,-0.15956116
3183.7935,26.33188,1.0730863,0.35544613,-0.16310865
4191.669,26.33188,1.0941806,0.35227382,-0.17006785
5199.5444,26.33188,1.1133177,0.35319927,-0.1753584
6207.42,26.33188,1.1263715,0.3576859,-0.17781423
7215.2954,26.33188,1.1387867,0.36156568,-0.17852417
8223.171,26.33188,1.1534089,0.36248958,-0.17854753
9231.046,26.33188,1.1682913,0.36090797,-0.17819577
10238.922,26.33188,1.1796728,0.3586146,-0.1773245
11246.798,26.33188,1.185192,0.3571247,-0.17581195
12254.673,26.33188,1.1851727,0.35691243,-0.17380409
13262.548,26.33188,1.1820341,0.3575211,-0.1716781
14270.424,26.33188,1.1788152,0.35810903,-0.16985631
15278.3,26.33188,1.1778069,0.35799575,-0.16862276
16286.175,26.33188,1.1798397,0.35695437,-0.1680316
17294.049,26.33188,1.1843154,0.35521215,-0.16792518
18301.924,26.33188,1.1897539,0.3532568,-0.16802655
19309.8,26.33188,1.1945088,0.35158107,-0.16805443
20317.676,26.33188,1.1973684,0.35048977,-0.1678145
21325.55,26.33188,1.1978714,0.3500202,-0.16724211
22333.428,26.33188,1.1963141,0.34998003,-0.16639455
23341.303,26.33188,1.193515,0.35005814,-0.16540667
24349.178,26.33188,1.1904781,0.3499569,-0.1644325
25357.053,26.33188,1.1880602,0.3494941,-0.1635929
26364.928,26.33188,1.1867461,0.3486479,-0.16294476
27372.805,26.33188,1.1865686,0.34754264,-0.16247463
28380.68,26.33188,1.1871619,0.3463876,-0.16211575
29388.555,26.33188,1.1879169,0.34539855,-0.16177794
30396.432,26.33188,1.1881763,0.34472713,-0.16138053
31404.307,26.33188,1.1874197,0.34441862,-0.16087824
32412.182,26.33188,1.1853982,0.3444069,-0.16027416
33420.06,26.33188,1.182193,0.34454405,-0.15961824
34427.934,26.33188,1.1781995,0.34464955,-0.15899263
35435.81,26.33188,1.1740487,0.34456623,-0.15848964
36443.684,26.33188,1.170488,0.34420314,-0.15818787
37451.562,26.33188,1.1682403,0.34355682,-0.1581316
38459.438,26.33188,1.1678727,0.3427052,-0.15831839
39467.312,26.33188,1.1696829,0.34177765,-0.1586956
40475.188,26.33188,1.1736225,0.3409125,-0.15916616
41483.062,26.33188,1.1792574,0.34021083,-0.15960088
42490.938,26.33188,1.1857736,0.33970314,-0.15985468
43498.812,26.33188,1.192025,0.33933333,-0.15978311
44506.69,26.33188,1.1966219,0.3389672,-0.15925726
45514.566,26.33188,1.1980577,0.33842126,-0.15817443
46522.44,26.33188,1.1948626,0.33750528,-0.15646571
47530.316,26.33188,1.1857716,0.33606854,-0.15409902
48538.19,26.33188,1.1698964,0.33403766,-0.15107967
49546.066,26.33188,1.1468716,0.33143818,-0.14745025
50553.938,26.33188,1.1169597,0.32839453,-0.14328818
51561.812,26.33188,1.081091,0.32510778,-0.13870335
52569.688,26.33188,1.0408274,0.32181755,-0.13383472
53577.562,26.33188,0.99823654,0.3187553,-0.12884438
54585.438,26.33188,0.9556901,0.31610146,-0.1239099
55593.312,26.33188,0.91560745,0.31395453,-0.11921309
56601.19,26.33188,0.88016456,0.31232008,-0.11492671
57609.066,26.33188,0.8510293,0.3111214,-0.111200124
58616.94,26.33188,0.8291444,0.31022885,-0.10814504
59624.816,26.33188,0.8146155,0.3095012,-0.10582498
60632.69,26.33188,0.80671316,0.30882725,-0.10424957
61640.566,26.33188,0.804008,0.30815881,-0.10337595
62648.44,26.33188,0.80461544,0.30752426,-0.10311717
63656.32,26.33188,0.8065146,0.3070212,-0.10335694
64664.195,26.33188,0.8078892,0.3067863,-0.10396761
65672.07,26.33188,0.8074277,0.3069526,-0.10482892
66679.945,26.33188,0.80452144,0.30760357,-0.10584263
67687.82,26.33188,0.7993299,0.30873632,-0.106941074
68695.695,26.33188,0.79268456,0.31024727,-0.10808693
69703.57,26.33188,0.78585607,0.3119433,-0.109265015
70711.445,26.33188,0.78023124,0.3135808,-0.110468954
71719.32,26.33188,0.7769673,0.31492242,-0.111685954
72727.195,26.33188,0.77670807,0.3157969,-0.11288585
73735.08,26.33188,0.77942955,0.31614718,-0.114018135
74742.95,26.33188,0.7844609,0.31604797,-0.115018964
75750.83,26.33188,0.79067796,0.31568792,-0.11582808
76758.7,26.33188,0.79683095,0.31531563,-0.11641021
77766.58,26.33188,0.8019087,0.3151633,-0.11677493
78774.45,26.33188,0.8054375,0.31537172,-0.11698518
79782.33,26.33188,0.80761516,0.31594083,-0.11714953
80790.2,26.33188,0.809215,0.31672686,-0.11739574
81798.08,26.33188,0.8112788,0.31749472,-0.11783073
82805.95,26.33188,0.8146826,0.3180113,-0.11849908
83813.83,26.33188,0.81973237,0.31814942,-0.1193565
84821.7,26.33188,0.8259655,0.31795627,-0.120273896
85829.58,26.33188,0.83228654,0.31765255,-0.12107919
86837.45,26.33188,0.83743423,0.31753924,-0.12162973
87845.33,26.33188,0.84063613,0.31784338,-0.12188858
88853.2,26.33188,0.8421342,0.3185692,-0.12196604
89861.08,26.33188,0.84322774,0.31944817,-0.12208873
90868.95,26.33188,0.8456342,0.32006,-0.12248409
91876.83,26.33188,0.8503225,0.32010898,-0.12322047
92884.71,26.33188,0.856489,0.31971186,-0.12410001
93892.586,26.33188,0.86165863,0.31943932,-0.12473181
94900.46,26.33188,0.8635882,0.31989726,-0.12484303
95908.336,26.33188,0.8631689,0.3209788,-0.124671325
96916.21,26.33188,0.8651258,0.32156524,-0.12496108
97924.086,26.33188,0.8721255,0.32088026,-0.12600186
98931.96,26.33188,0.87528884,0.3210048,-0.12633091
99939.836,26.33188,0.87754494,0.32145426,-0.12661918
160.16696,26.93721,0.93221307,0.5084932,-0.096412845
1168.0425,26.93721,1.1432557,0.3596618,-0.16375747
2175.918,26.93721,1.0960566,0.36248738,-0.16458726
3183.7935,26.93721,1.0925083,0.36441156,-0.16854249
4191.669,26.93721,1.1168706,0.3618089,-0.17599812
5199.5444,26.93721,1.137672,0.36312953,-0.18122162
6207.42,26.93721,1.1503774,0.36763477,-0.18315998
7215.2954,26.93721,1.1613913,0.37114832,-0.18323748
8223.171,26.93721,1.1743948,0.3714801,-0.18273804
9231.046,26.93721,1.1877693,0.36929414,-0.18203694
10238.922,26.93721,1.1977767,0.36654842,-0.18096434
11246.798,26.93721,1.2020385,0.36482286,-0.17935675
12254.673,26.93721,1.2009354,0.36456248,-0.17733237
13262.548,26.93721,1.1969827,0.36522642,-0.1752516
14270.424,26.93721,1.1932683,0.36588174,-0.17351751
15278.3,26.93721,1.1920267,0.36578423,-0.1723848
16286.175,26.93721,1.1939353,0.36468625,-0.17187256
17294.049,26.93721,1.1982054,0.3628342,-0.17179377
18301.924,26.93721,1.2032039,0.36075634,-0.17186001
19309.8,26.93721,1.2072337,0.3589907,-0.17180157
20317.676,26.93721,1.2091501,0.35787213,-0.17145601
21325.55,26.93721,1.2086568,0.35744572,-0.1708011
22333.428,26.93721,1.2062556,0.35750407,-0.16993374
23341.303,26.93721,1.2029546,0.35770547,-0.1690146
24349.178,26.93721,1.199873,0.35771617,-0.16820273
25357.053,26.93721,1.1978844,0.35732287,-0.16760334
26364.928,26.93721,1.1973958,0.35648626,-0.16724193
27372.805,26.93721,1.1982893,0.35532907,-0.16706744
28380.68,26.93721,1.2000234,0.35407436,-0.16697796
29388.555,26.93721,1.2018273,0.3529615,-0.16685888
30396.432,26.93721,1.2029324,0.35216877,-0.16661912
31404.307,26.93721,1.2027705,0.3517649,-0.16621676
32412.182,26.93721,1.2011064,0.35169825,-0.16566862
33420.06,26.93721,1.1980745,0.35182407,-0.16504267
34427.934,26.93721,1.1941364,0.35195556,-0.16443795
35435.81,26.93721,1.189973,0.35192183,-0.16395797
36443.684,26.93721,1.1863432,0.3516164,-0.16368525
37451.562,26.93721,1.1839395,0.35102314,-0.16366154
38459.438,26.93721,1.1832612,0.35021368,-0.16387872
39467.312,26.93721,1.184528,0.34932035,-0.16427943
40475.188,26.93721,1.1876262,0.3484922,-0.16476664
41483.062,26.93721,1.1921045,0.34784684,-0.16521859
42490.938,26.93721,1.1971976,0.34743196,-0.16550481
43498.812,26.93721,1.201883,0.3472054,-0.16550043
44506.69,26.93721,1.2049619,0.34703857,-0.1650965
45514.566,26.93721,1.205159,0.34674287,-0.16420561
46522.44,26.93721,1.2012364,0.3461118,-0.16276407
47530.316,26.93721,1.1921219,0.34496823,-0.1607319
48538.19,26.93721,1.1770338,0.3432076,-0.15809283
49546.066,26.93721,1.1556022,0.34082368,-0.15485576
50553.938,26.93721,1.1279566,0.33791515,-0.15105802
51561.812,26.93721,1.0947762,0.33466804,-0.14676955
52569.688,26.93721,1.0572827,0.3313209,-0.1420967
53577.562,26.93721,1.0171618,0.32811904,-0.1371828
54585.438,26.93721,0.9764216,0.32526875,-0.13220403
55593.312,26.93721,0.93718946,0.3229028,-0.12735881
56601.19,26.93721,0.90147924,0.3210621,-0.12285106
57609.066,26.93721,0.8709513,0.31970006,-0.11886978
58616.94,26.93721,0.8467102,0.31870574,-0.11556597
59624.816,26.93721,0.8291724,0.31794032,-0.11303409
60632.69,26.93721,0.81802857,0.3172783,-0.111299254
61640.566,26.93721,0.81231874,0.31664205,-0.11031487
62648.44,26.93721,0.8106099,0.3160205,-0.109971836
63656.32,26.93721,0.8112444,0.31546903,-0.11011806
64664.195,26.93721,0.81263286,0.31508836,-0.11058459
65672.07,26.93721,0.81351566,0.3149892,-0.11121488
66679.945,26.93721,0.81316173,0.31525162,-0.11188892
67687.82,26.93721,0.811452,0.31589112,-0.11253889
68695.695,26.93721,0.80883074,0.31684148,-0.11315134
69703.57,26.93721,0.8061374,0.31796092,-0.11375626
70711.445,26.93721,0.8043479,0.31906226,-0.11440523
71719.32,26.93721,0.80429274,0.31995827,-0.11514498
72727.195,26.93721,0.8064152,0.32051402,-0.11599305
73735.08,26.93721,0.810639,0.32068667,-0.11692409
74742.95,26.93721,0.8163797,0.32054153,-0.11787143
75750.83,26.93721,0.82270867,0.3202364,-0.11874412
76758.7,26.93721,0.82862806,0.31997484,-0.11945658
77766.58,26.93721,0.8333812,0.31994092,-0.11996114
78774.45,26.93721,0.8367003,0.320234,-0.12027181
79782.33,26.93721,0.83890265,0.32082954,-0.12046938
80790.2,26.93721,0.84078544,0.3215806,-0.12068148
81798.08,26.93721,0.8433275,0.3222689,-0.12104054
82805.95,26.93721,0.8472905,0.32269108,-0.12163133
83813.83,26.93721,0.8528577,0.32275054,-0.1224484
84821.7,26.93721,0.85947925,0.32251704,-0.123383775
85829.58,26.93721,0.86603427,0.32221514,-0.12425998
86837.45,26.93721,0.87130594,0.322131,-0.12490425
87845.33,26.93721,0.8746176,0.32246447,-0.1252396
88853.2,26.93721,0.8763139,0.32319346,-0.1253477
89861.08,26.93721,0.8777602,0.32403734,-0.1254555
90868.95,26.93721,0.8806643,0.3245854,-0.12582268
91876.83,26.93721,0.88590926,0.3245697,-0.12656185
92884.71,26.93721,0.8925629,0.3241363,-0.12749891
93892.586,26.93721,0.89805853,0.32386473,-0.12821975
94900.46,26.93721,0.9001737,0.32433903,-0.12839292
95908.336,26.93721,0.89995754,0.32541305,-0.12822041
96916.21,26.93721,0.9023107,0.32595167,-0.12849477
97924.086,26.93721,0.90982753,0.32521853,-0.12959331
98931.96,26.93721,0.91319126,0.32534957,-0.12998502
99939.836,26.93721,0.9157189,0.32577008,-0.13027641
160.16696,27.542542,0.93726605,0.5169221,-0.09976496
1168.0425,27.542542,1.1636581,0.3676421,-0.16921735
2175.918,27.542542,1.1122671,0.37075046,-0.16938259
3183.7935,27.542542,1.1116849,0.37337607,-0.17418906
4191.669,27.542542,1.1397692,0.37142944,-0.18237144
5199.5444,27.542542,1.1610835,0.37301528,-0.1874064
6207.42,27.542542,1.171906,0.3773275,-0.18854584
7215.2954,27.542542,1.180618,0.3803436,-0.18776406
8223.171,27.542542,1.1919426,0.380099,-0.18665889
9231.046,27.542542,1.2042284,0.37743026,-0.18563597
10238.922,27.542542,1.2132913,0.37436363,-0.18441401
11246.798,27.542542,1.2164665,0.37245423,-0.18271515
12254.673,27.542542,1.2141838,0.37207785,-0.18060473
13262.548,27.542542,1.2092084,0.37262794,-0.1784472
14270.424,27.542542,1.2048455,0.37314156,-0.17667182
15278.3,27.542542,1.2033515,0.37288564,-0.17554808
16286.175,27.542542,1.2052107,0.37165326,-0.17508447
17294.049,27.542542,1.209327,0.36973795,-0.17506334
18301.924,27.542542,1.213795,0.36770028,-0.17516239
19309.8,27.542542,1.2168008,0.36608252,-0.17509225
20317.676,27.542542,1.2172959,0.36519504,-0.1746951
21325.55,27.542542,1.2152586,0.3650367,-0.17397735
22333.428,27.542542,1.2115544,0.36534595,-0.17307994
23341.303,27.542542,1.2075264,0.36573398,-0.17220904
24349.178,27.542542,1.2045033,0.36583823,-0.17155716
25357.053,27.542542,1.2033857,0.36543983,-0.17124185
26364.928,27.542542,1.20443,0.36451605,-0.171276
27372.805,27.542542,1.2072432,0.36322093,-0.17157423
28380.68,27.542542,1.2109654,0.36181366,-0.17198594
29388.555,27.542542,1.2145537,0.36056447,-0.17234313
30396.432,27.542542,1.2170782,0.35967,-0.17250623
31404.307,27.542542,1.2179533,0.3592005,-0.17239743
32412.182,27.542542,1.2170547,0.3590918,-0.1720146
33420.06,27.542542,1.2147087,0.35917675,-0.17142484
34427.934,27.542542,1.211579,0.3592447,-0.1707431
35435.81,27.542542,1.2084825,0.35910812,-0.17010202
36443.684,27.542542,1.2061937,0.35865775,-0.16962187
37451.562,27.542542,1.2052715,0.3578919,-0.16938667
38459.438,27.542542,1.2059482,0.35691327,-0.16943064
39467.312,27.542542,1.2080872,0.3558974,-0.16973495
40475.188,27.542542,1.2112088,0.35503998,-0.17023455
41483.062,27.542542,1.2145672,0.3544999,-0.17082988
42490.938,27.542542,1.2172527,0.35435125,-0.17140105
43498.812,27.542542,1.2182992,0.35455632,-0.17182012
44506.69,27.542542,1.2167785,0.35496584,-0.17196068
45514.566,27.542542,1.2118739,0.35534662,-0.17170385
46522.44,27.542542,1.2029257,0.35542893,-0.17094278
47530.316,27.542542,1.189467,0.3549644,-0.16958618
48538.19,27.542542,1.1712434,0.35377848,-0.1675642
49546.066,27.542542,1.1482375,0.3518095,-0.16483647
50553.938,27.542542,1.1206887,0.34912336,-0.16140229
51561.812,27.542542,1.0891137,0.34590226,-0.15731071
52569.688,27.542542,1.0543178,0.3424102,-0.15266806
53577.562,27.542542,1.0173817,0.33894318,-0.1476397
54585.438,27.542542,0.97961855,0.33577493,-0.14244242
55593.312,27.542542,0.9424943,0.33310917,-0.13732804
56601.19,27.542542,0.9075098,0.33104965,-0.13255686
57609.066,27.542542,0.8760623,0.3295913,-0.12836699
58616.94,27.542542,0.8492962,0.32863563,-0.12494152
59624.816,27.542542,0.82797956,0.32802323,-0.122382
60632.69,27.542542,0.81241804,0.3275772,-0.12069251
61640.566,27.542542,0.80243313,0.3271458,-0.11977935
62648.44,27.542542,0.7974131,0.32663432,-0.11946733
63656.32,27.542542,0.7964268,0.32601854,-0.119531184
64664.195,27.542542,0.7983864,0.3253402,-0.1197363
65672.07,27.542542,0.8022257,0.32468238,-0.11988191
66679.945,27.542542,0.8070593,0.32413682,-0.119837016
67687.82,27.542542,0.8122912,0.32377,-0.11956154
68695.695,27.542542,0.81764543,0.32359934,-0.11910711
69703.57,27.542542,0.82312024,0.3235862,-0.118597284
70711.445,27.542542,0.82887095,0.32364905,-0.118190005
71719.32,27.542542,0.8350662,0.32369238,-0.11803217
72727.195,27.542542,0.8417493,0.32364163,-0.11821684
73735.08,27.542542,0.84875435,0.32347476,-0.11875464
74742.95,27.542542,0.8557068,0.32323557,-0.11956883
75750.83,27.542542,0.86211807,0.32302368,-0.12051559
76758.7,27.542542,0.8675417,0.32296208,-0.12142667
77766.58,27.542542,0.87175626,0.32314894,-0.122161254
78774.45,27.542542,0.87489283,0.323612,-0.122652955
79782.33,27.542542,0.87745917,0.32428318,-0.1229331
80790.2,27.542542,0.88021845,0.32500806,-0.123121366
81798.08,27.542542,0.88394105,0.32559437,-0.12338153
82805.95,27.542542,0.889101,0.3258865,-0.12385492
83813.83,27.542542,0.89563274,0.3258405,-0.12459536
84821.7,27.542542,0.90286565,0.3255645,-0.12553363
85829.58,27.542542,0.9097286,0.3252928,-0.12649487
86837.45,27.542542,0.91519403,0.32529005,-0.12727216
87845.33,27.542542,0.918818,0.32571313,-0.12773383
88853.2,27.542542,0.9211062,0.32649377,-0.12791355
89861.08,27.542542,0.92342544,0.32732555,-0.12802427
90868.95,27.542542,0.92731994,0.32780656,-0.1283554
91876.83,27.542542,0.9334387,0.32771093,-0.12907773
92884.71,27.542542,0.9407041,0.32723615,-0.13006328
93892.586,27.542542,0.9466106,0.3269883,-0.13089241
94900.46,27.542542,0.9491757,0.32752457,-0.1311713
95908.336,27.542542,0.94964355,0.32863024,-0.1310373
96916.21,27.542542,0.9528028,0.32912213,-0.13129906
97924.086,27.542542,0.9608958,0.3283174,-0.13243456
98931.96,27.542542,0.96463895,0.32848182,-0.13291758
99939.836,27.542542,0.9677595,0.32888153,-0.13322273
160.16696,28.147871,0.94137496,0.525038,-0.10289526
1168.0425,28.147871,1.1836914,0.37549943,-0.17452665
2175.918,28.147871,1.1285726,0.3789693,-0.17402868
3183.7935,28.147871,1.1323276,0.3823229,-0.18001857
4191.669,28.147871,1.1648571,0.38084528,-0.1892029
5199.5444,28.147871,1.1862162,0.38237032,-0.19403139
6207.42,28.147871,1.1940283,0.38620067,-0.1941371
7215.2954,28.147871,1.1995038,0.38858753,-0.19226393
8223.171,28.147871,1.2089968,0.38780668,-0.19049525
9231.046,28.147871,1.2209349,0.38480824,-0.18930495
10238.922,28.147871,1.2304058,0.38160643,-0.1882211
11246.798,28.147871,1.2340012,0.37967303,-0.18672512
12254.673,28.147871,1.231786,0.37929115,-0.18472557
13262.548,28.147871,1.2265493,0.37979493,-0.1825503
14270.424,28.147871,1.2218151,0.3802088,-0.18067941
15278.3,28.147871,1.2200458,0.3798268,-0.17946398
16286.175,28.147871,1.2218056,0.37848598,-0.17897633
17294.049,28.147871,1.2259414,0.3765192,-0.1790204
18301.924,28.147871,1.2304205,0.37450722,-0.17925355
19309.8,28.147871,1.2333145,0.37298682,-0.1793412
20317.676,28.147871,1.2335318,0.37224254,-0.17907733
21325.55,28.147871,1.2310942,0.372237,-0.17843527
22333.428,28.147871,1.2269701,0.37267354,-0.17754683
23341.303,28.147871,1.2226169,0.37313947,-0.17663263
24349.178,28.147871,1.2194409,0.37326387,-0.1759155
25357.053,28.147871,1.2183586,0.3728357,-0.17554712
26364.928,28.147871,1.2195741,0.37185088,-0.17556855
27372.805,28.147871,1.2226005,0.37048706,-0.17590824
28380.68,28.147871,1.2264813,0.36902422,-0.17641357
29388.555,28.147871,1.2301087,0.36774534,-0.17689982
30396.432,28.147871,1.2325509,0.3668491,-0.17720194
31404.307,28.147871,1.2332847,0.36639723,-0.1772146
32412.182,28.147871,1.2322986,0.3663099,-0.17691252
33420.06,28.147871,1.230052,0.36640215,-0.1763491
34427.934,28.147871,1.2273163,0.36644843,-0.175637
35435.81,28.147871,1.2249587,0.36625332,-0.17491786
36443.684,28.147871,1.2237197,0.36570975,-0.17432952
37451.562,28.147871,1.2240393,0.36482778,-0.17397888
38459.438,28.147871,1.2259603,0.36373055,-0.17392358
39467.312,28.147871,1.229124,0.36261716,-0.17416583
40475.188,28.147871,1.2328415,0.36170733,-0.17465618
41483.062,28.147871,1.2362144,0.361179,-0.175304
42490.938,28.147871,1.2382753,0.36111635,-0.17599148
43498.812,28.147871,1.2381134,0.36148167,-0.17658678
44506.69,28.147871,1.2349651,0.3621151,-0.17695504
45514.566,28.147871,1.2282606,0.36276406,-0.17696582
46522.44,28.147871,1.2176319,0.3631341,-0.1764988
47530.316,28.147871,1.2028911,0.36295012,-0.17544904
48538.19,28.147871,1.1840019,0.36201376,-0.17373294
49546.066,28.147871,1.1610621,0.36024502,-0.17129721
50553.938,28.147871,1.1343014,0.3576995,-0.16812916
51561.812,28.147871,1.1040987,0.35455775,-0.16426733
52569.688,28.147871,1.0710158,0.35108975,-0.15980959
53577.562,28.147871,1.0358263,0.34760332,-0.1549148
54585.438,28.147871,0.99952346,0.34438676,-0.14979629
55593.312,28.147871,0.9632939,0.3416586,-0.14470525
56601.19,28.147871,0.9284469,0.33953428,-0.1399046
57609.066,28.147871,0.8963073,0.33801615,-0.1356378
58616.94,28.147871,0.86807686,0.3370074,-0.13209504
59624.816,28.147871,0.84469646,0.33634567,-0.1293861
60632.69,28.147871,0.82673,0.33584738,-0.12752299
61640.566,28.147871,0.8142979,0.33535203,-0.12641871
62648.44,28.147871,0.8070758,0.33475646,-0.12590276
63656.32,28.147871,0.8043648,0.33403134,-0.12575261
64664.195,28.147871,0.8052194,0.33321548,-0.12573493
65672.07,28.147871,0.8086104,0.33239457,-0.12564951
66679.945,28.147871,0.81358886,0.33166638,-0.12536678
67687.82,28.147871,0.81941485,0.33110708,-0.124849945
68695.695,28.147871,0.8256252,0.33074504,-0.124156564
69703.57,28.147871,0.83202267,0.33055338,-0.123418644
70711.445,28.147871,0.8386006,0.3304608,-0.12280461
71719.32,28.147871,0.84541935,0.3303795,-0.12247187
72727.195,28.147871,0.852478,0.33023965,-0.12252195
73735.08,28.147871,0.8596295,0.33002043,-0.12297011
74742.95,28.147871,0.8665589,0.32976317,-0.12373832
75750.83,28.147871,0.8728555,0.3295624,-0.124675855
76758.7,28.147871,0.8781455,0.3295333,-0.12560232
77766.58,28.147871,0.8822537,0.32976496,-0.12636259
78774.45,28.147871,0.885329,0.3302753,-0.12687618
79782.33,28.147871,0.8878694,0.33098757,-0.12716445
80790.2,28.147871,0.89061594,0.33174106,-0.12734348
81798.08,28.147871,0.89431846,0.33234054,-0.12758014
82805.95,28.147871,0.8994451,0.3326321,-0.12802446
83813.83,28.147871,0.90593994,0.33257815,-0.12874106
84821.7,28.147871,0.9131528,0.332295,-0.12966949
85829.58,28.147871,0.9200296,0.33202603,-0.13063821
86837.45,28.147871,0.92554784,0.33204138,-0.13143659
87845.33,28.147871,0.92925245,0.33249593,-0.1319242
88853.2,28.147871,0.93163055,0.3333136,-0.13212529
89861.08,28.147871,0.934039,0.3341747,-0.13224778
90868.95,28.147871,0.93803287,0.33466676,-0.13258442
91876.83,28.147871,0.9442892,0.33456323,-0.13331601
92884.71,28.147871,0.9517542,0.3340752,-0.1343249
93892.586,28.147871,0.9579135,0.33383027,-0.13519351
94900.46,28.147871,0.9607365,0.3343986,-0.13551855
95908.336,28.147871,0.96143067,0.3355492,-0.13542281
96916.21,28.147871,0.9648207,0.33605787,-0.13571292
97924.086,28.147871,0.9732348,0.33522943,-0.13688438
98931.96,28.147871,0.97732186,0.335414,-0.1374206
99939.836,28.147871,0.98074245,0.33583367,-0.13776667
160.16696,28.753202,0.9450849,0.5326373,-0.105871834
1168.0425,28.753202,1.2044442,0.38331926,-0.17982513
2175.918,28.753202,1.146926,0.38735777,-0.1786716
3183.7935,28.753202,1.1545302,0.3909725,-0.18576923
4191.669,28.753202,1.1919217,0.3893782,-0.19606331
5199.5444,28.753202,1.2144668,0.39054954,-0.2008627
6207.42,28.753202,1.2199508,0.39394823,-0.20001683
7215.2954,28.753202,1.2219961,0.39593646,-0.19701791
8223.171,28.753202,1.2290885,0.39485142,-0.19453283
9231.046,28.753202,1.2404883,0.39166978,-0.19321392
10238.922,28.753202,1.2509626,0.38841012,-0.19244394
11246.798,28.753202,1.2562225,0.38653207,-0.191429
12254.673,28.753202,1.2554772,0.38629,-0.18983911
13262.548,28.753202,1.2510226,0.3869764,-0.18788315
14270.424,28.753202,1.2463326,0.3875673,-0.1860455
15278.3,28.753202,1.2441546,0.38730955,-0.18476048
16286.175,28.753202,1.2454823,0.38600546,-0.18420392
17294.049,28.753202,1.2495458,0.38397303,-0.18425739
18301.924,28.753202,1.2545223,0.3818007,-0.18460593
19309.8,28.753202,1.2584699,0.380053,-0.18489192
20317.676,28.753202,1.2600834,0.37905505,-0.18485075
21325.55,28.753202,1.259046,0.3788129,-0.18438417
22333.428,28.753202,1.2559615,0.37906674,-0.18356052
23341.303,28.753202,1.2519917,0.37942597,-0.1825602
24349.178,28.753202,1.2483835,0.37952456,-0.1815955
25357.053,28.753202,1.246051,0.3791395,-0.18083613
26364.928,28.753202,1.2453454,0.37824368,-0.18036316
27372.805,28.753202,1.246033,0.3769872,-0.18015802
28380.68,28.753202,1.2474469,0.37562594,-0.18012412
29388.555,28.753202,1.2487435,0.3744286,-0.18012832
30396.432,28.753202,1.2491726,0.37359193,-0.1800467
31404.307,28.753202,1.2482847,0.37318838,-0.17980148
32412.182,28.753202,1.2460313,0.3731572,-0.17937961
33420.06,28.753202,1.2427497,0.3733344,-0.17883143
34427.934,28.753202,1.2390543,0.373511,-0.17825186
35435.81,28.753202,1.2356768,0.37349653,-0.177752
36443.684,28.753202,1.2332932,0.37317362,-0.17742921
37451.562,28.753202,1.2323873,0.37252635,-0.17734258
38459.438,28.753202,1.2331657,0.37163854,-0.17750035
39467.312,28.753202,1.2355331,0.37066406,-0.17785873
40475.188,28.753202,1.2391242,0.3697789,-0.1783318
41483.062,28.753202,1.2433586,0.3691278,-0.17880812
42490.938,28.753202,1.2475185,0.36878094,-0.1791688
43498.812,28.753202,1.250809,0.36870947,-0.17930335
44506.69,28.753202,1.2524133,0.3687873,-0.17911968
45514.566,28.753202,1.2515242,0.36881658,-0.1785478
46522.44,28.753202,1.2473742,0.36857098,-0.17753801
47530.316,28.753202,1.2392633,0.36784685,-0.1760563
48538.19,28.753202,1.226609,0.36650872,-0.17407994
49546.066,28.753202,1.2090079,0.36451986,-0.17159574
50553.938,28.753202,1.1863174,0.36195174,-0.1686028
51561.812,28.753202,1.1587319,0.35896894,-0.16511895
52569.688,28.753202,1.1268437,0.35579562,-0.16118993
53577.562,28.753202,1.0916629,0.35267037,-0.1568973
54585.438,28.753202,1.0545776,0.34979978,-0.15236251
55593.312,28.753202,1.0172492,0.34732255,-0.1477444
56601.19,28.753202,0.981444,0.34529042,-0.14322838
57609.066,28.753202,0.9488334,0.34367037,-0.13900839
58616.94,28.753202,0.9207719,0.3423674,-0.13526356
59624.816,28.753202,0.8981219,0.34125972,-0.1321348
60632.69,28.753202,0.8811333,0.34023926,-0.12970501
61640.566,28.753202,0.8694274,0.3392449,-0.12798807
62648.44,28.753202,0.86208194,0.33828142,-0.12692964
63656.32,28.753202,0.85781896,0.33741733,-0.1264196
64664.195,28.753202,0.85525113,0.33676347,-0.12631498
65672.07,28.753202,0.85314834,0.3364367,-0.12646791
66679.945,28.753202,0.8506644,0.33651856,-0.12675285
67687.82,28.753202,0.84747416,0.33702207,-0.1270872
68695.695,28.753202,0.8437912,0.33787447,-0.12743956
69703.57,28.753202,0.84025365,0.33892596,-0.1278241
70711.445,28.753202,0.8377057,0.33998,-0.12828265
71719.32,28.753202,0.8369259,0.34084263,-0.12885912
72727.195,28.753202,0.83837503,0.34137464,-0.12957391
73735.08,28.753202,0.8420279,0.34153256,-0.13040672
74742.95,28.753202,0.8473452,0.34138447,-0.13129358
75750.83,28.753202,0.85340583,0.34109202,-0.13214107
76758.7,28.753202,0.85917044,0.34086204,-0.13285425
77766.58,28.753202,0.8637986,0.3408785,-0.13337107
78774.45,28.753202,0.8669239,0.34123635,-0.13368958
79782.33,28.753202,0.8687949,0.34190184,-0.13387817
80790.2,28.753202,0.870198,0.34271637,-0.13405998
81798.08,28.753202,0.87217,0.34345064,-0.13437247
82805.95,28.753202,0.8755789,0.34389523,-0.13491349
83813.83,28.753202,0.8807227,0.34395608,-0.13569328
84821.7,28.753202,0.887118,0.34371316,-0.13661592
85829.58,28.753202,0.8936311,0.34340608,-0.1375064
86837.45,28.753202,0.89895,0.34333485,-0.13818353
87845.33,28.753202,0.90227234,0.34370485,-0.13855529
88853.2,28.753202,0.9038638,0.34448543,-0.13869038
89861.08,28.753202,0.9051237,0.34537637,-0.13881388
90868.95,28.753202,0.90790904,0.34594613,-0.13919783
91876.83,28.753202,0.9132805,0.3459194,-0.13997546
92884.71,28.753202,0.9203672,0.34545922,-0.1409854
93892.586,28.753202,0.9264505,0.34518185,-0.14180487
94900.46,28.753202,0.9290236,0.34569836,-0.14207427
95908.336,28.753202,0.9290276,0.34684333,-0.14197579
96916.21,28.753202,0.93169475,0.34741336,-0.14232372
97924.086,28.753202,0.94004446,0.346643,-0.14354068
98931.96,28.753202,0.9441795,0.34680244,-0.1440616
99939.836,28.753202,0.94727397,0.34725967,-0.14445771
160.16696,29.358532,0.9500317,0.53989965,-0.108943924
1168.0425,29.358532,1.2240212,0.39115846,-0.18494153
2175.918,29.358532,1.1644311,0.3957944,-0.18331856
3183.7935,29.358532,1.1733164,0.39871296,-0.19105893
4191.669,29.358532,1.2134365,0.39625302,-0.20197979
5199.5444,29.358532,1.2372062,0.397103,-0.20669699
6207.42,29.358532,1.2419465,0.40072227,-0.20521297
7215.2954,29.358532,1.2422112,0.4031388,-0.20145622
8223.171,29.358532,1.2474997,0.4023799,-0.19841138
9231.046,29.358532,1.2576058,0.399289,-0.19682905
10238.922,29.358532,1.2673482,0.39591655,-0.19603539
11246.798,29.358532,1.2722417,0.39383623,-0.19512616
12254.673,29.358532,1.2712665,0.39341617,-0.19367588
13262.548,29.358532,1.2665691,0.39401305,-0.19183868
14270.424,29.358532,1.2615719,0.39460814,-0.1900805
15278.3,29.358532,1.2590387,0.39441255,-0.18883736
16286.175,29.358532,1.2600008,0.3931787,-0.18829344
17294.049,29.358532,1.26372,0.39118558,-0.18833816
18301.924,29.358532,1.2683834,0.38900495,-0.18866308
19309.8,29.358532,1.2720461,0.38720864,-0.18891755
20317.676,29.358532,1.2733967,0.38614452,-0.18884625
21325.55,29.358532,1.2721201,0.38584492,-0.18836178
22333.428,29.358532,1.2688338,0.38606957,-0.1875428
23341.303,29.358532,1.2647177,0.38643497,-0.186576
24349.178,29.358532,1.261037,0.38656735,-0.18567377
25357.053,29.358532,1.2587199,0.38622758,-0.18499927
26364.928,29.358532,1.258117,0.38536844,-0.1846219
27372.805,29.358532,1.2589778,0.38412413,-0.1845092
28380.68,29.358532,1.2606032,0.3827436,-0.18455313
29388.555,29.358532,1.2621108,0.38149956,-0.1846138
30396.432,29.358532,1.2627066,0.38060212,-0.18456745
31404.307,29.358532,1.2619005,0.3801431,-0.18434277
32412.182,29.358532,1.2596105,0.38008082,-0.1839374
33420.06,29.358532,1.2561519,0.38026634,-0.183413
34427.934,29.358532,1.2521297,0.3804958,-0.18287331
35435.81,29.358532,1.2482792,0.38057455,-0.18243232
36443.684,29.358532,1.2452939,0.38037094,-0.18218349
37451.562,29.358532,1.2436876,0.37984875,-0.18217576
38459.438,29.358532,1.2437122,0.37906998,-0.182403
39467.312,29.358532,1.2453283,0.3781697,-0.18280663
40475.188,29.358532,1.248239,0.37731206,-0.18328947
41483.062,29.358532,1.2519441,0.3766398,-0.18373558
42490.938,29.358532,1.2558088,0.3762311,-0.18403053
43498.812,29.358532,1.259122,0.37607348,-0.18407741
44506.69,29.358532,1.2611395,0.37606195,-0.1838052
45514.566,29.358532,1.2611072,0.3760204,-0.18316881
46522.44,29.358532,1.258284,0.37574074,-0.18214309
47530.316,29.358532,1.2519611,0.3750299,-0.18071349
48538.19,29.358532,1.2415078,0.37375405,-0.17886768
49546.066,29.358532,1.2264334,0.37186858,-0.17659172
50553.938,29.358532,1.206473,0.369429,-0.17387223
51561.812,29.358532,1.1816738,0.36657935,-0.17070435
52569.688,29.358532,1.152469,0.36352274,-0.16710404
53577.562,29.358532,1.1197124,0.36047876,-0.16312093
54585.438,29.358532,1.0846525,0.35764208,-0.15884699
55593.312,29.358532,1.0488433,0.35514677,-0.15441802
56601.19,29.358532,1.0139855,0.35304815,-0.15000604
57609.066,29.358532,0.9817306,0.35132372,-0.14580236
58616.94,29.358532,0.953462,0.34989274,-0.1419935
59624.816,29.358532,0.93011045,0.34864897,-0.13873553
60632.69,29.358532,0.91202635,0.34749717,-0.13613118
61640.566,29.358532,0.89895016,0.3463853,-0.13421471
62648.44,29.358532,0.8900874,0.34532106,-0.13294959
63656.32,29.358532,0.8842797,0.3443711,-0.1322388
64664.195,29.358532,0.8802408,0.34364033,-0.13194658
65672.07,29.358532,0.87681884,0.34323844,-0.13192713
66679.945,29.358532,0.8732172,0.3432415,-0.1320536
67687.82,29.358532,0.8691334,0.34365988,-0.13224079
68695.695,29.358532,0.86477834,0.34442323,-0.13245557
69703.57,29.358532,0.86076933,0.34538734,-0.13271296
70711.445,29.358532,0.85791576,0.34636453,-0.1330583
71719.32,29.358532,0.85695636,0.3471693,-0.13354082
72727.195,29.358532,0.8583104,0.34766823,-0.13418636
73735.08,29.358532,0.86191416,0.34781888,-0.13497803
74742.95,29.358532,0.86720014,0.34768507,-0.1358512
75750.83,29.358532,0.8732282,0.34741965,-0.13670759
76758.7,29.358532,0.87894815,0.34721822,-0.1374435
77766.58,29.358532,0.88352025,0.34725437,-0.13798621
78774.45,29.358532,0.8865891,0.34761763,-0.13832429
79782.33,29.358532,0.8884162,0.34827387,-0.13852042
80790.2,29.358532,0.8898002,0.3490707,-0.13869762
81798.08,29.358532,0.89178455,0.34978858,-0.13899857
82805.95,29.358532,0.89523554,0.35022748,-0.13952926
83813.83,29.358532,0.9004365,0.35029787,-0.14030771
84821.7,29.358532,0.9068836,0.3500773,-0.14124146
85829.58,29.358532,0.9134166,0.34979555,-0.1421527
86837.45,29.358532,0.91870934,0.34974065,-0.14285216
87845.33,29.358532,0.9219614,0.35010865,-0.14323822
88853.2,29.358532,0.9234644,0.35086963,-0.143374
89861.08,29.358532,0.9246555,0.3517347,-0.14348742
90868.95,29.358532,0.92742586,0.35228923,-0.14386153
91876.83,29.358532,0.9328445,0.35226953,-0.14464208
92884.71,29.358532,0.9400071,0.35183346,-0.14567207
93892.586,29.358532,0.94613236,0.35157382,-0.14651848
94900.46,29.358532,0.94867426,0.35207814,-0.14680323
95908.336,29.358532,0.94862103,0.35318628,-0.14670146
96916.21,29.358532,0.9513256,0.35373953,-0.14704934
97924.086,29.358532,0.9598461,0.3530024,-0.14829737
98931.96,29.358532,0.96403587,0.35316217,-0.14884456
99939.836,29.358532,0.9671954,0.3536073,-0.14925133
160.16696,29.963863,0.95399046,0.5466051,-0.11183685
1168.0425,29.963863,1.2427433,0.39886528,-0.18991767
2175.918,29.963863,1.181221,0.4040251,-0.18795858
3183.7935,29.963863,1.1904565,0.40625292,-0.19602114
4191.669,29.963863,1.2315533,0.4028686,-0.20715308
5199.5444,29.963863,1.2552466,0.40324745,-0.2115898
6207.42,29.963863,1.2591808,0.4069472,-0.20956288
7215.2954,29.963863,1.2587065,0.40975556,-0.20534274
8223.171,29.963863,1.2636597,0.40940374,-0.20208031
9231.046,29.963863,1.2736928,0.4065428,-0.20049763
10238.922,29.963863,1.2833376,0.40317336,-0.19980066
11246.798,29.963863,1.2879499,0.40092376,-0.19897527
12254.673,29.963863,1.2865467,0.40026242,-0.19754648
13262.548,29.963863,1.2814229,0.40063986,-0.19567795
14270.424,29.963863,1.276141,0.40109703,-0.1938756
15278.3,29.963863,1.2735114,0.400863,-0.19261473
16286.175,29.963863,1.2745044,0.399676,-0.19209826
17294.049,29.963863,1.2782604,0.39778218,-0.19220969
18301.924,29.963863,1.2828492,0.39571765,-0.19261825
19309.8,29.963863,1.2862685,0.3940259,-0.1929469
20317.676,29.963863,1.2872272,0.39303797,-0.19292164
21325.55,29.963863,1.2854992,0.392782,-0.19245005
22333.428,29.963863,1.2818156,0.39302218,-0.19161983
23341.303,29.963863,1.27746,0.39338347,-0.19063552
24349.178,29.963863,1.2737473,0.39350298,-0.18972938
25357.053,29.963863,1.2715899,0.39314923,-0.18907987
26364.928,29.963863,1.2712685,0.39228034,-0.18876258
27372.805,29.963863,1.2724297,0.3910324,-0.18874148
28380.68,29.963863,1.2742774,0.38965362,-0.18889606
29388.555,29.963863,1.2758671,0.38841438,-0.18906981
30396.432,29.963863,1.276398,0.38752154,-0.189122
31404.307,29.963863,1.2754291,0.38706324,-0.1889681
32412.182,29.963863,1.2729704,0.3869952,-0.18859866
33420.06,29.963863,1.2694434,0.38716546,-0.18807541
34427.934,29.963863,1.2655457,0.38736904,-0.18750797
35435.81,29.963863,1.2620559,0.38741085,-0.18702057
36443.684,29.963863,1.259651,0.3871607,-0.18671833
37451.562,29.963863,1.2587644,0.386586,-0.18666145
38459.438,29.963863,1.2595136,0.38575402,-0.18685277
39467.312,29.963863,1.2617071,0.38480756,-0.18724015
40475.188,29.963863,1.2649,0.38391927,-0.18772984
41483.062,29.963863,1.2684901,0.38324112,-0.18820767
42490.938,29.963863,1.2718121,0.38285923,-0.18855998
43498.812,29.963863,1.2742078,0.3827667,-0.1886905
44506.69,29.963863,1.2750672,0.3828602,-0.18852921
45514.566,29.963863,1.2738324,0.38296163,-0.18803218
46522.44,29.963863,1.2699883,0.3828554,-0.18717499
47530.316,29.963863,1.2630466,0.3823378,-0.18594272
48538.19,29.963863,1.2525487,0.38126135,-0.18432051
49546.066,29.963863,1.2380993,0.3795668,-0.1822892
50553.938,29.963863,1.2194318,0.37729657,-0.17982733
51561.812,29.963863,1.1964914,0.37458444,-0.17691976
52569.688,29.963863,1.1695228,0.3716272,-0.17357087
53577.562,29.963863,1.1391327,0.36864424,-0.16981848
54585.438,29.963863,1.1063029,0.3658335,-0.16574402
55593.312,29.963863,1.0723373,0.36333644,-0.16147521
56601.19,29.963863,1.0387439,0.36121768,-0.15717877
57609.066,29.963863,1.0070636,0.35946307,-0.15304393
58616.94,29.963863,0.9786635,0.35799837,-0.14925751
59624.816,29.963863,0.9545511,0.3567197,-0.14597768
60632.69,29.963863,0.93522847,0.35553,-0.1433098
61640.566,29.963863,0.92063624,0.3543707,-0.14129055
62648.44,29.963863,0.9101946,0.35324174,-0.13988549
63656.32,29.963863,0.9029362,0.35220018,-0.13899902
64664.195,29.963863,0.8977243,0.35134453,-0.13849735
65672.07,29.963863,0.89348775,0.35078198,-0.13823798
66679.945,29.963863,0.88944453,0.35059208,-0.13809994
67687.82,29.963863,0.88524735,0.35079497,-0.13800707
68695.695,29.963863,0.88101727,0.35133484,-0.13793877
69703.57,29.963863,0.87726104,0.35208565,-0.13792473
70711.445,29.963863,0.8746836,0.3528769,-0.13802572
71719.32,29.963863,0.87394047,0.35353726,-0.13830467
72727.195,29.963863,0.8754013,0.35394114,-0.1387968
73735.08,29.963863,0.87899154,0.35404617,-0.1394883
74742.95,29.963863,0.88416415,0.35390827,-0.14031067
75750.83,29.963863,0.89002067,0.35366708,-0.14115512
76758.7,29.963863,0.8955582,0.3535021,-0.14190325
77766.58,29.963863,0.89997965,0.3535729,-0.1424666
78774.45,29.963863,0.90295833,0.35395855,-0.14282067
79782.33,29.963863,0.90476376,0.35462257,-0.14302081
80790.2,29.963863,0.90619224,0.35541648,-0.14318953
81798.08,29.963863,0.9082714,0.35612914,-0.14347535
82805.95,29.963863,0.9118483,0.35657012,-0.14399363
83813.83,29.963863,0.9171855,0.35665601,-0.14477092
84821.7,29.963863,0.9237629,0.35646442,-0.14571866
85829.58,29.963863,0.9304089,0.3562191,-0.1466564
86837.45,29.963863,0.9357924,0.35619798,-0.14738642
87845.33,29.963863,0.93911576,0.35658878,-0.14779712
88853.2,29.963863,0.94068336,0.3573596,-0.14794558
89861.08,29.963863,0.9419551,0.35822797,-0.14806172
90868.95,29.963863,0.9448446,0.35879079,-0.14843827
91876.83,29.963863,0.95042765,0.358794,-0.14923264
92884.71,29.963863,0.95778,0.35839343,-0.15029208
93892.586,29.963863,0.9640735,0.358168,-0.15117462
94900.46,29.963863,0.96672666,0.35868847,-0.1514855
95908.336,29.963863,0.9667529,0.35979563,-0.15139347
96916.21,29.963863,0.9696045,0.36035866,-0.1517537
97924.086,29.963863,0.97839284,0.35966283,-0.15304138
98931.96,29.963863,0.98276734,0.3598454,-0.15362409
99939.836,29.963863,0.9861002,0.36030364,-0.1540528
