Re,alpha_deg,CL_fit,CD_fit,CM_fit
160.16696,-29.963863,-0.74385065,0.45394024,0.05816872
1168.0425,-29.963863,-0.8542632,0.32606912,0.09242357
2175.918,-29.963863,-0.88841045,0.2963046,0.10635191
3183.7935,-29.963863,-0.89417493,0.3069101,0.11007922
4191.669,-29.963863,-0.89449644,0.32737026,0.10932196
5199.5444,-29.963863,-0.8979467,0.34384352,0.10704945
6207.42,-29.963863,-0.9056356,0.3520181,0.10461053
7215.2954,-29.963863,-0.9154945,0.35245198,0.10247123
8223.171,-29.963863,-0.9247488,0.3476859,0.100675374
9231.046,-29.963863,-0.9311658,0.34058452,0.09911391
10238.922,-29.963863,-0.9335342,0.33349994,0.097666755
11246.798,-29.963863,-0.9316818,0.32795835,0.09626346
12254.673,-29.963863,-0.9262594,0.3246553,0.09489619
13262.548,-29.963863,-0.91843164,0.32361227,0.093607515
14270.424,-29.963863,-0.90956783,0.32439423,0.092468195
15278.3,-29.963863,-0.9009852,0.32632816,0.09155417
16286.175,-29.963863,-0.89376324,0.32868904,0.09092777
17294.049,-29.963863,-0.8886406,0.3308343,0.0906253
18301.924,-29.963863,-0.88597625,0.33228877,0.090651505
19309.8,-29.963863,-0.88577306,0.33278063,0.09097983
20317.676,-29.963863,-0.88773704,0.33223915,0.09155739
21325.55,-29.963863,-0.89136237,0.3307668,0.0923126
22333.428,-29.963863,-0.8960242,0.32859245,0.093164355
23341.303,-29.963863,-0.90106803,0.32601967,0.09403101
24349.178,-29.963863,-0.9058865,0.32337505,0.09483847
25357.053,-29.963863,-0.90998065,0.32096288,0.0955264
26364.928,-29.963863,-0.91299736,0.31903097,0.0960524
27372.805,-29.963863,-0.914748,0.31774795,0.09639375
28380.68,-29.963863,-0.91520697,0.31719315,0.09654729
29388.555,-29.963863,-0.9144963,0.31735796,0.09652734
30396.432,-29.963863,-0.9128533,0.31815615,0.09636236
31404.307,-29.963863,-0.91059685,0.3194414,0.09609063
32412.182,-29.963863,-0.90808564,0.3210288,0.09575567
33420.06,-29.963863,-0.90567917,0.3227173,0.09540162
34427.934,-29.963863,-0.90370274,0.32431278,0.095069066
35435.81,-29.963863,-0.9024188,0.3256461,0.09479175
36443.684,-29.963863,-0.9020065,0.3265888,0.09459424
37451.562,-29.963863,-0.9025518,0.3270625,0.09449046
38459.438,-29.963863,-0.9040448,0.32704222,0.094483495
39467.312,-29.963863,-0.9063874,0.32655606,0.094566345
40475.188,-29.963863,-0.9094067,0.3256781,0.09472351
41483.062,-29.963863,-0.91287476,0.32451856,0.094933115
42490.938,-29.963863,-0.91653293,0.32321134,0.09516962
43498.812,-29.963863,-0.9201127,0.3218991,0.09540652
44506.69,-29.963863,-0.92336226,0.3207203,0.095618926
45514.566,-29.963863,-0.9260654,0.31979468,0.09578602
46522.44,-29.963863,-0.9280587,0.31921387,0.09589287
47530.316,-29.963863,-0.92924243,0.31903276,0.095931664
48538.19,-29.963863,-0.9295865,0.3192661,0.09590223
49546.066,-29.963863,-0.92912865,0.3198874,0.095811866
50553.938,-29.963863,-0.9279698,0.3208328,0.09567453
51561.812,-29.963863,-0.92626107,0.32200757,0.09550942
52569.688,-29.963863,-0.92418855,0.3232953,0.09533909
53577.562,-29.963863,-0.9219572,0.32456914,0.09518729
54585.438,-29.963863,-0.9197703,0.32570353,0.095076814
55593.312,-29.963863,-0.91781205,0.3265858,0.09502726
56601.19,-29.963863,-0.91623133,0.32712695,0.09505324
57609.066,-29.963863,-0.9151296,0.3272702,0.09516295
58616.94,-29.963863,-0.91455257,0.32699525,0.09535736
59624.816,-29.963863,-0.9144878,0.32632226,0.09562989
60632.69,-29.963863,-0.9148653,0.32530844,0.09596695
61640.566,-29.963863,-0.91556877,0.3240447,0.096349105
62648.44,-29.963863,-0.916445,0.3226464,0.096752636
63656.32,-29.963863,-0.9173221,0.32124266,0.097151734
64664.195,-29.963863,-0.9180263,0.31996486,0.097520776
65672.07,-29.963863,-0.9184014,0.31893224,0.097836874
66679.945,-29.963863,-0.9183266,0.31824085,0.09808198
67687.82,-29.963863,-0.9177314,0.31795275,0.09824491
68695.695,-29.963863,-0.91660494,0.31808776,0.09832254
69703.57,-29.963863,-0.9150009,0.31862104,0.09832037
70711.445,-29.963863,-0.91303456,0.31948277,0.09825215
71719.32,-29.963863,-0.9108734,0.32056478,0.09813874
72727.195,-29.963863,-0.90872186,0.32173026,0.098006144
73735.08,-29.963863,-0.90679735,0.32282874,0.09788258
74742.95,-29.963863,-0.90530777,0.32371235,0.097795404
75750.83,-29.963863,-0.9044229,0.32425442,0.09776772
76758.7,-29.963863,-0.9042502,0.32436728,0.097815126
77766.58,-29.963863,-0.9048146,0.32401624,0.09794319
78774.45,-29.963863,-0.90604734,0.32322922,0.09814584
79782.33,-29.963863,-0.9077841,0.32209876,0.09840521
80790.2,-29.963863,-0.909778,0.32077587,0.09869288
81798.08,-29.963863,-0.91172445,0.31945342,0.09897317
82805.95,-29.963863,-0.9133015,0.31834224,0.09920766
83813.83,-29.963863,-0.9142168,0.31763813,0.09936133
84821.7,-29.963863,-0.9142627,0.3174867,0.09940912
85829.58,-29.963863,-0.9133648,0.31794867,0.09934205
86837.45,-29.963863,-0.91162324,0.318972,0.09917225
87845.33,-29.963863,-0.9093245,0.32038057,0.098934636
88853.2,-29.963863,-0.90692306,0.32188424,0.09868473
89861.08,-29.963863,-0.9049764,0.3231187,0.09849068
90868.95,-29.963863,-0.90403396,0.3237182,0.09841962
91876.83,-29.963863,-0.90447986,0.32341775,0.098518535
92884.71,-29.963863,-0.90635484,0.32217303,0.0987922
93892.586,-29.963863,-0.9091958,0.32026947,0.09918339
94900.46,-29.963863,-0.91196954,0.31837174,0.099564895
95908.336,-29.963863,-0.913225,0.31743258,0.099757776
96916.21,-29.963863,-0.9116358,0.31833977,0.099599026
97924.086,-29.963863,-0.9072093,0.32112432,0.099090196
98931.96,-29.963863,-0.90351814,0.3234832,0.09867363
99939.836,-29.963863,-0.9114621,0.3182746,0.09969723
160.16696,-29.358532,-0.73674995,0.45030987,0.055576026
1168.0425,-29.358532,-0.84169865,0.32094672,0.08809685
2175.918,-29.358532,-0.8797415,0.2904846,0.10214618
3183.7935,-29.358532,-0.8906105,0.3008182,0.10646272
4191.669,-29.358532,-0.894051,0.32121244,0.10618096
5199.5444,-29.358532,-0.89814514,0.3377064,0.10412922
6207.42,-29.358532,-0.9047667,0.34593406,0.10172282
7215.2954,-29.358532,-0.9129824,0.34643704,0.09956025
8223.171,-29.358532,-0.9210365,0.34175906,0.09780697
9231.046,-29.358532,-0.9273796,0.33477455,0.096429646
10238.922,-29.358532,-0.9310942,0.32784453,0.09532996
11246.798,-29.358532,-0.93195635,0.32249957,0.094412155
12254.673,-29.358532,-0.9303081,0.31943342,0.093609944
13262.548,-29.358532,-0.9268559,0.3186591,0.092890516
14270.424,-29.358532,-0.9224582,0.3197288,0.09224716
15278.3,-29.358532,-0.91795,0.32195428,0.0916878
16286.175,-29.358532,-0.91401535,0.3245933,0.091224425
17294.049,-29.358532,-0.9111177,0.32698768,0.090864986
18301.924,-29.358532,-0.90947455,0.32864833,0.090608634
19309.8,-29.358532,-0.9090756,0.32929257,0.090444386
20317.676,-29.358532,-0.9097261,0.328843,0.090352446
21325.55,-29.358532,-0.9111031,0.3273986,0.090306945
22333.428,-29.358532,-0.9128211,0.32518914,0.0902799
23341.303,-29.358532,-0.9144891,0.32252163,0.09024507
24349.178,-29.358532,-0.91576153,0.31972903,0.090181336
25357.053,-29.358532,-0.91637385,0.31712303,0.09007504
26364.928,-29.358532,-0.9161639,0.3149601,0.08992155
27372.805,-29.358532,-0.9150793,0.31341735,0.08972504
28380.68,-29.358532,-0.91317016,0.31258196,0.089497894
29388.555,-29.358532,-0.9105745,0.31245163,0.089258716
30396.432,-29.358532,-0.90749276,0.31294537,0.08903011
31404.307,-29.358532,-0.9041615,0.3139197,0.08883598
32412.182,-29.358532,-0.90082633,0.31519094,0.08869883
33420.06,-29.358532,-0.8977129,0.31655818,0.08863744
34427.934,-29.358532,-0.89500797,0.31782514,0.08866498
35435.81,-29.358532,-0.89284235,0.31882066,0.08878762
36443.684,-29.358532,-0.89128226,0.31941324,0.08900399
37451.562,-29.358532,-0.8903263,0.31952167,0.08930526
38459.438,-29.358532,-0.889911,0.3191193,0.08967587
39467.312,-29.358532,-0.88992065,0.31823286,0.09009506
40475.188,-29.358532,-0.8902013,0.31693715,0.0905382
41483.062,-29.358532,-0.8905785,0.31534463,0.090979315
42490.938,-29.358532,-0.89087546,0.31359318,0.09139271
43498.812,-29.358532,-0.89093065,0.31183192,0.09175525
44506.69,-29.358532,-0.89061487,0.31020644,0.09204802
45514.566,-29.358532,-0.8898415,0.3088464,0.092257634
46522.44,-29.358532,-0.88857687,0.30785364,0.09237718
47530.316,-29.358532,-0.8868426,0.30729407,0.09240648
48538.19,-29.358532,-0.8847134,0.30719358,0.09235198
49546.066,-29.358532,-0.88231236,0.30753636,0.09222596
50553.938,-29.358532,-0.87979877,0.30826834,0.092045315
51561.812,-29.358532,-0.87735504,0.30930275,0.09183007
52569.688,-29.358532,-0.8751709,0.3105291,0.09160164
53577.562,-29.358532,-0.87342584,0.31182444,0.09138086
54585.438,-29.358532,-0.8722748,0.3130637,0.091186374
55593.312,-29.358532,-0.8718319,0.31413266,0.091032974
56601.19,-29.358532,-0.8721604,0.31493756,0.09093034
57609.066,-29.358532,-0.8732667,0.31541356,0.09088232
58616.94,-29.358532,-0.8750957,0.3155313,0.09088672
59624.816,-29.358532,-0.87753624,0.3152987,0.09093541
60632.69,-29.358532,-0.8804274,0.3147602,0.09101538
61640.566,-29.358532,-0.88357115,0.3139926,0.09110972
62648.44,-29.358532,-0.88674855,0.31309718,0.09119956
63656.32,-29.358532,-0.8897372,0.31218973,0.09126582
64664.195,-29.358532,-0.89233136,0.3113889,0.09129125
65672.07,-29.358532,-0.8943601,0.3108036,0.09126232
66679.945,-29.358532,-0.8957034,0.31052127,0.09117084
67687.82,-29.358532,-0.89630395,0.31059763,0.09101516
68695.695,-29.358532,-0.89617425,0.31104964,0.0908007
69703.57,-29.358532,-0.8953984,0.31185135,0.090539984
70711.445,-29.358532,-0.89412284,0.31293488,0.09025164
71719.32,-29.358532,-0.8925461,0.31419602,0.089959
72727.195,-29.358532,-0.8908989,0.31550366,0.08968771
73735.08,-29.358532,-0.8894192,0.31671384,0.08946334
74742.95,-29.358532,-0.888327,0.31768587,0.08930819
75750.83,-29.358532,-0.8877969,0.31830034,0.08923863
76758.7,-29.358532,-0.8879347,0.3184755,0.08926248
77766.58,-29.358532,-0.888759,0.31818184,0.089377195
78774.45,-29.358532,-0.89019215,0.31745046,0.08956935
79782.33,-29.358532,-0.89206237,0.31637564,0.089814916
80790.2,-29.358532,-0.8941191,0.31510782,0.09008146
81798.08,-29.358532,-0.896061,0.31383866,0.09033155
82805.95,-29.358532,-0.8975765,0.31277624,0.09052762
83813.83,-29.358532,-0.8983923,0.31211385,0.090637654
84821.7,-29.358532,-0.8983268,0.31199518,0.09064123
85829.58,-29.358532,-0.89733577,0.3124797,0.09053476
86837.45,-29.358532,-0.89554876,0.31351697,0.09033518
87845.33,-29.358532,-0.8932762,0.31493372,0.0900808
88853.2,-29.358532,-0.8909861,0.31644502,0.089827776
89861.08,-29.358532,-0.889234,0.31769308,0.08964185
90868.95,-29.358532,-0.88855004,0.31831825,0.08958484
91876.83,-29.358532,-0.88928413,0.31805915,0.08969641
92884.71,-29.358532,-0.89143157,0.31687105,0.08997413
93892.586,-29.358532,-0.89448726,0.31503278,0.09035646
94900.46,-29.358532,-0.8973917,0.31319544,0.0907175
95908.336,-29.358532,-0.89869934,0.31229383,0.090887345
96916.21,-29.358532,-0.89713275,0.31320032,0.09071796
97924.086,-29.358532,-0.8927857,0.31594965,0.090223946
98931.96,-29.358532,-0.8893141,0.31828874,0.08983859
99939.836,-29.358532,-0.89759904,0.31322047,0.09083985
160.16696,-28.753202,-0.72911775,0.44622418,0.05284138
1168.0425,-28.753202,-0.823505,0.31649697,0.083438754
2175.918,-28.753202,-0.8563544,0.28565508,0.097147875
3183.7935,-28.753202,-0.8657683,0.2957919,0.10182905
4191.669,-28.753202,-0.86994594,0.31620002,0.102084465
5199.5444,-28.753202,-0.8756926,0.33286434,0.10045227
6207.42,-28.753202,-0.8839458,0.34133738,0.09822078
7215.2954,-28.753202,-0.8931805,0.34208396,0.09596581
8223.171,-28.753202,-0.90135145,0.33758998,0.09389082
9231.046,-28.753202,-0.90686154,0.33069682,0.09203098
10238.922,-28.753202,-0.908917,0.32375556,0.090365775
11246.798,-28.753202,-0.90752405,0.31830487,0.08887314
12254.673,-28.753202,-0.9033035,0.31505942,0.08754861
13262.548,-28.753202,-0.89724314,0.31405964,0.08640544
14270.424,-28.753202,-0.89045125,0.31488678,0.085466124
15278.3,-28.753202,-0.883961,0.31687894,0.08475211
16286.175,-28.753202,-0.8785905,0.3193159,0.08427521
17294.049,-28.753202,-0.8748715,0.32155448,0.08403222
18301.924,-28.753202,-0.8730292,0.32311413,0.08400322
19309.8,-28.753202,-0.8730088,0.32371414,0.08415309
20317.676,-28.753202,-0.8745314,0.3232739,0.08443533
21325.55,-28.753202,-0.87716496,0.32188505,0.084797285
22333.428,-28.753202,-0.88040036,0.3197673,0.08518565
23341.303,-28.753202,-0.88372374,0.31721663,0.085551806
24349.178,-28.753202,-0.88667506,0.31455493,0.085856
25357.053,-28.753202,-0.8888928,0.3120843,0.086070396
26364.928,-28.753202,-0.8901406,0.31005314,0.08618034
27372.805,-28.753202,-0.8903164,0.30863333,0.086184576
28380.68,-28.753202,-0.8894475,0.30790877,0.08609381
29388.555,-28.753202,-0.8876717,0.3078772,0.085928485
30396.432,-28.753202,-0.8852113,0.30845895,0.085715815
31404.307,-28.753202,-0.88234174,0.3095142,0.085486345
32412.182,-28.753202,-0.8793574,0.31086394,0.0852708
33420.06,-28.753202,-0.8765403,0.3123122,0.08509686
34427.934,-28.753202,-0.87413484,0.31366837,0.084986895
35435.81,-28.753202,-0.8723255,0.31476566,0.08495592
36443.684,-28.753202,-0.8712231,0.31547663,0.08501081
37451.562,-28.753202,-0.8708623,0.3157224,0.08514989
38459.438,-28.753202,-0.8712014,0.3154772,0.08536374
39467.312,-28.753202,-0.8721321,0.31476745,0.085636206
40475.188,-28.753202,-0.87349445,0.31366554,0.08594631
41483.062,-28.753202,-0.87509435,0.3122806,0.08627015
42490.938,-28.753202,-0.87672377,0.3107456,0.08658337
43498.812,-28.753202,-0.8781808,0.30920398,0.086862944
44506.69,-28.753202,-0.87928927,0.30779532,0.08708944
45514.566,-28.753202,-0.87991226,0.30664265,0.087248534
46522.44,-28.753202,-0.8799654,0.30584165,0.0873319
47530.316,-28.753202,-0.87942207,0.3054524,0.08733798
48538.19,-28.753202,-0.87831473,0.30549577,0.08727186
49546.066,-28.753202,-0.8767306,0.30595207,0.087144576
50553.938,-28.753202,-0.8748035,0.30676374,0.08697219
51561.812,-28.753202,-0.8727001,0.3078424,0.0867742
52569.688,-28.753202,-0.87060475,0.30907735,0.08657179
53577.562,-28.753202,-0.8687035,0.3103458,0.08638597
54585.438,-28.753202,-0.867166,0.3115245,0.08623583
55593.312,-28.753202,-0.86613107,0.31250182,0.08613668
56601.19,-28.753202,-0.8656929,0.31318715,0.08609894
57609.066,-28.753202,-0.8658937,0.31351978,0.08612701
58616.94,-28.753202,-0.86671793,0.31347433,0.08621909
59624.816,-28.753202,-0.8680938,0.3130632,0.08636725
60632.69,-28.753202,-0.8698984,0.31233537,0.08655794
61640.566,-28.753202,-0.8719691,0.31137156,0.08677366
62648.44,-28.753202,-0.87411684,0.31027734,0.08699408
63656.32,-28.753202,-0.8761443,0.309172,0.087198354
64664.195,-28.753202,-0.8778634,0.30817744,0.087366775
65672.07,-28.753202,-0.87911385,0.30740565,0.08748312
66679.945,-28.753202,-0.8797809,0.30694634,0.087536074
67687.82,-28.753202,-0.8798056,0.30685765,0.08752076
68695.695,-28.753202,-0.87919426,0.30715802,0.087439395
69703.57,-28.753202,-0.8780204,0.30782318,0.087301455
70711.445,-28.753202,-0.87641925,0.30878633,0.08712295
71719.32,-28.753202,-0.87457585,0.30994394,0.08692514
72727.195,-28.753202,-0.8727076,0.31116545,0.086732395
73735.08,-28.753202,-0.8710423,0.31230667,0.086569756
74742.95,-28.753202,-0.8697911,0.3132266,0.08645995
75750.83,-28.753202,-0.86912334,0.31380475,0.086420655
76758.7,-28.753202,-0.8691421,0.31395766,0.08646189
77766.58,-28.753202,-0.8698663,0.3136539,0.086584
78774.45,-28.753202,-0.87122107,0.31292155,0.086776905
79782.33,-28.753202,-0.8730375,0.31185192,0.08702017
80790.2,-28.753202,-0.87506866,0.31059197,0.08728488
81798.08,-28.753202,-0.87701535,0.30932996,0.08753665
82805.95,-28.753202,-0.8785647,0.30827063,0.08774024
83813.83,-28.753202,-0.87944037,0.3076048,0.08786495
84821.7,-28.753202,-0.87945276,0.30747432,0.08789034
85829.58,-28.753202,-0.87854695,0.3079387,0.08781156
86837.45,-28.753202,-0.8768395,0.30894825,0.08764299
87845.33,-28.753202,-0.87462676,0.31033257,0.08741945
88853.2,-28.753202,-0.8723644,0.31181058,0.0871931
89861.08,-28.753202,-0.87059987,0.31302926,0.08702602
90868.95,-28.753202,-0.8698613,0.31363305,0.086977206
91876.83,-28.753202,-0.8705053,0.31336418,0.08708566
92884.71,-28.753202,-0.87254405,0.31217808,0.08735087
93892.586,-28.753202,-0.8754948,0.31035,0.087716356
94900.46,-28.753202,-0.87832624,0.3085234,0.088064015
95908.336,-28.753202,-0.87961423,0.30762187,0.08823254
96916.21,-28.753202,-0.87808603,0.30850762,0.08807976
97924.086,-28.753202,-0.873803,0.3112146,0.08761638
98931.96,-28.753202,-0.8703308,0.31351498,0.08725083
99939.836,-28.753202,-0.87837404,0.30849072,0.0881981
160.16696,-28.147871,-0.7209959,0.4419283,0.04991691
1168.0425,-28.147871,-0.80540824,0.31210074,0.07883271
2175.918,-28.147871,-0.83169585,0.28079063,0.09196743
3183.7935,-28.147871,-0.8380646,0.2905544,0.096714646
4191.669,-28.147871,-0.84193605,0.3108411,0.09732269
5199.5444,-28.147871,-0.8490397,0.32762745,0.09608384
6207.42,-28.147871,-0.85928077,0.33638385,0.094134614
7215.2954,-28.147871,-0.8703203,0.33747476,0.09197573
8223.171,-28.147871,-0.87958074,0.33329874,0.08979385
9231.046,-28.147871,-0.88521045,0.32663548,0.087647624
10238.922,-28.147871,-0.8863935,0.3198039,0.08556478
11246.798,-28.147871,-0.8832848,0.31433657,0.083583
12254.673,-28.147871,-0.8767608,0.31096223,0.08175903
13262.548,-28.147871,-0.8681113,0.30974868,0.08016119
14270.424,-28.147871,-0.8587452,0.31031066,0.07885627
15278.3,-28.147871,-0.84995836,0.31202018,0.07789671
16286.175,-28.147871,-0.8427719,0.31418768,0.07731115
17294.049,-28.147871,-0.8378477,0.31619444,0.07709986
18301.924,-28.147871,-0.8354693,0.31757632,0.0772348
19309.8,-28.147871,-0.83557373,0.31806162,0.077663295
20317.676,-28.147871,-0.83781755,0.31757128,0.07831475
21325.55,-28.147871,-0.841665,0.3161928,0.079108395
22333.428,-28.147871,-0.84647745,0.31413722,0.07996136
23341.303,-28.147871,-0.8516018,0.31168947,0.080796346
24349.178,-28.147871,-0.8564428,0.30915913,0.08154751
25357.053,-28.147871,-0.8605194,0.3068366,0.082164854
26364.928,-28.147871,-0.8634973,0.30495995,0.08261662
27372.805,-28.147871,-0.8652058,0.30369294,0.082889654
28380.68,-28.147871,-0.8656336,0.30311444,0.08298818
29388.555,-28.147871,-0.86490977,0.30321953,0.082931235
30396.432,-28.147871,-0.8632742,0.30392867,0.082749166
31404.307,-28.147871,-0.8610419,0.30510435,0.0824794
32412.182,-28.147871,-0.8585635,0.3065718,0.08216234
33420.06,-28.147871,-0.85618705,0.30814013,0.08183733
34427.934,-28.147871,-0.8542253,0.3096239,0.08153938
35435.81,-28.147871,-0.85292864,0.310862,0.08129637
36443.684,-28.147871,-0.85246587,0.3117309,0.08112733
37451.562,-28.147871,-0.8529159,0.31215486,0.08104175
38459.438,-28.147871,-0.8542662,0.3121098,0.08103959
39467.312,-28.147871,-0.85641944,0.31162137,0.08111224
40475.188,-28.147871,-0.8592086,0.31076,0.08124423
41483.062,-28.147871,-0.8624156,0.30963084,0.0814152
42490.938,-28.147871,-0.8657929,0.30836156,0.08160231
43498.812,-28.147871,-0.8690871,0.3070889,0.08178265
44506.69,-28.147871,-0.87206155,0.3059451,0.08193543
45514.566,-28.147871,-0.8745132,0.30504552,0.08204402
46522.44,-28.147871,-0.8762923,0.30447796,0.082097314
47530.316,-28.147871,-0.87730813,0.30429566,0.08209066
48538.19,-28.147871,-0.8775376,0.30451274,0.08202611
49546.066,-28.147871,-0.8770212,0.30510435,0.081912145
50553.938,-28.147871,-0.87585837,0.30600932,0.081762746
51561.812,-28.147871,-0.87419534,0.30713683,0.081596054
52569.688,-28.147871,-0.87221056,0.30837515,0.08143263
53577.562,-28.147871,-0.8700985,0.30960232,0.08129356
54585.438,-28.147871,-0.86805016,0.31069747,0.081198536
55593.312,-28.147871,-0.86623794,0.31155196,0.08116404
56601.19,-28.147871,-0.8647987,0.31207985,0.08120181
57609.066,-28.147871,-0.8638244,0.31222564,0.08131762
58616.94,-28.147871,-0.86335266,0.31196958,0.081510864
59624.816,-28.147871,-0.86336553,0.31133005,0.08177429
60632.69,-28.147871,-0.8637922,0.31036195,0.082094625
61640.566,-28.147871,-0.8645172,0.30915177,0.082453735
62648.44,-28.147871,-0.86539173,0.30781007,0.08282992
63656.32,-28.147871,-0.8662504,0.30646127,0.0832001
64664.195,-28.147871,-0.8669275,0.30523127,0.08354168
65672.07,-28.147871,-0.8672753,0.30423528,0.0838347
66679.945,-28.147871,-0.867182,0.30356622,0.08406388
67687.82,-28.147871,-0.8665832,0.303284,0.08421999
68695.695,-28.147871,-0.86547333,0.3034087,0.084300935
69703.57,-28.147871,-0.86390823,0.30391714,0.084312245
70711.445,-28.147871,-0.8620021,0.3047429,0.08426654
71719.32,-28.147871,-0.8599188,0.30578277,0.08418249
72727.195,-28.147871,-0.857856,0.30690578,0.084082946
73735.08,-28.147871,-0.8560237,0.30796728,0.08399248
74742.95,-28.147871,-0.8546203,0.3088252,0.08393468
75750.83,-28.147871,-0.85380673,0.30935755,0.08392914
76758.7,-28.147871,-0.8536845,0.30947933,0.08398877
77766.58,-28.147871,-0.85427433,0.30915663,0.084117696
78774.45,-28.147871,-0.8555071,0.30841523,0.084309965
79782.33,-28.147871,-0.8572227,0.30734318,0.08454938
80790.2,-28.147871,-0.8591826,0.3060846,0.08481105
81798.08,-28.147871,-0.86109376,0.30482435,0.085063785
82805.95,-28.147871,-0.8626473,0.30376425,0.08527455
83813.83,-28.147871,-0.86356413,0.30309245,0.0854136
84821.7,-28.147871,-0.8636465,0.30294916,0.08545988
85829.58,-28.147871,-0.86282647,0.3033932,0.0854067
86837.45,-28.147871,-0.8612011,0.30437532,0.085265435
87845.33,-28.147871,-0.85904616,0.30572727,0.08506707
88853.2,-28.147871,-0.85679764,0.30717126,0.08485994
89861.08,-28.147871,-0.85498786,0.30835795,0.08470288
90868.95,-28.147871,-0.85414004,0.30893627,0.0846532
91876.83,-28.147871,-0.85461813,0.30865148,0.08475023
92884.71,-28.147871,-0.856457,0.30745992,0.084996544
93892.586,-28.147871,-0.8592101,0.30563477,0.08534122
94900.46,-28.147871,-0.8618895,0.30381295,0.085673444
95908.336,-28.147871,-0.86310935,0.30290845,0.085839026
96916.21,-28.147871,-0.86160856,0.3037742,0.08569911
97924.086,-28.147871,-0.85740274,0.3064416,0.0852584
98931.96,-28.147871,-0.853911,0.30870295,0.08490232
99939.836,-28.147871,-0.8615356,0.30370635,0.08579472
160.16696,-27.542542,-0.712616,0.4376058,0.04681823
1168.0425,-27.542542,-0.7887974,0.30752453,0.07432212
2175.918,-27.542542,-0.80991775,0.27550462,0.08677716
3183.7935,-27.542542,-0.81379515,0.28466502,0.09136101
4191.669,-27.542542,-0.8171995,0.30466118,0.09212451
5199.5444,-27.542542,-0.82515436,0.32147947,0.09119717
6207.42,-27.542542,-0.83692807,0.33050764,0.08959398
7215.2954,-27.542542,-0.8496758,0.3319995,0.0877342
8223.171,-27.542542,-0.8604641,0.32825056,0.08575862
9231.046,-27.542542,-0.86722904,0.32196245,0.08370879
10238.922,-27.542542,-0.86906505,0.31540608,0.081616625
11246.798,-27.542542,-0.86613154,0.31009462,0.079538144
12254.673,-27.542542,-0.85937506,0.30675954,0.07755616
13262.548,-27.542542,-0.85019267,0.30548686,0.07576782
14270.424,-27.542542,-0.8401162,0.30591854,0.074267365
15278.3,-27.542542,-0.83056027,0.3074569,0.07313063
16286.175,-27.542542,-0.8226495,0.30944005,0.072404124
17294.049,-27.542542,-0.81712544,0.31127304,0.07209955
18301.924,-27.542542,-0.81432486,0.31250912,0.07219412
19309.8,-27.542542,-0.81421083,0.31288704,0.07263484
20317.676,-27.542542,-0.8164429,0.31233162,0.07334589
21325.55,-27.542542,-0.82046723,0.310929,0.074238025
22333.428,-27.542542,-0.8256144,0.30888465,0.07521752
23341.303,-27.542542,-0.83119076,0.3064757,0.07619523
24349.178,-27.542542,-0.8365576,0.3040025,0.07709347
25357.053,-27.542542,-0.8411914,0.30174637,0.077851295
26364.928,-27.542542,-0.84472144,0.2999376,0.07842764
27372.805,-27.542542,-0.84694743,0.29873383,0.078802064
28380.68,-27.542542,-0.8478383,0.2982098,0.07897381
29388.555,-27.542542,-0.8475132,0.29835895,0.07895926
30396.432,-27.542542,-0.8462123,0.2991023,0.078788325
31404.307,-27.542542,-0.8442586,0.3003043,0.07850001
32412.182,-27.542542,-0.84201807,0.30179358,0.07813783
33420.06,-27.542542,-0.8398579,0.30338314,0.07774558
34427.934,-27.542542,-0.8381133,0.30489227,0.07736335
35435.81,-27.542542,-0.83705676,0.30616322,0.07702464
36443.684,-27.542542,-0.8368777,0.3070762,0.076753944
37451.562,-27.542542,-0.83767086,0.30755726,0.0765659
38459.438,-27.542542,-0.83943486,0.30758315,0.07646506
39467.312,-27.542542,-0.8420779,0.30717936,0.07644654
40475.188,-27.542542,-0.84543157,0.30641428,0.07649763
41483.062,-27.542542,-0.84927,0.30539054,0.076599866
42490.938,-27.542542,-0.85333234,0.30423188,0.0767313
43498.812,-27.542542,-0.85734624,0.30307072,0.076869085
44506.69,-27.542542,-0.8610519,0.30203497,0.07699184
45514.566,-27.542542,-0.8642228,0.30123547,0.0770817
46522.44,-27.542542,-0.86668223,0.30075577,0.07712601
47530.316,-27.542542,-0.8683157,0.3006459,0.07711837
48538.19,-27.542542,-0.86907643,0.30091715,0.077059075
49546.066,-27.542542,-0.86898655,0.30154306,0.076954946
50553.938,-27.542542,-0.8681307,0.30246195,0.0768186
51561.812,-27.542542,-0.8666462,0.30358344,0.07666711
52569.688,-27.542542,-0.8647085,0.304797,0.076520346
53577.562,-27.542542,-0.86251396,0.3059826,0.07639916
54585.438,-27.542542,-0.8602631,0.30702227,0.07632334
55593.312,-27.542542,-0.8581413,0.30781013,0.076309726
56601.19,-27.542542,-0.85630393,0.30826348,0.07637065
57609.066,-27.542542,-0.85486305,0.30832982,0.07651272
58616.94,-27.542542,-0.8538795,0.3079919,0.07673596
59624.816,-27.542542,-0.85335934,0.30727047,0.07703382
60632.69,-27.542542,-0.85325456,0.30622217,0.077393524
61640.566,-27.542542,-0.8534701,0.3049344,0.07779702
62648.44,-27.542542,-0.85387594,0.3035188,0.07822254
63656.32,-27.542542,-0.8543197,0.3020996,0.07864652
64664.195,-27.542542,-0.8546457,0.30080232,0.079045445
65672.07,-27.542542,-0.85471153,0.29974225,0.07939826
66679.945,-27.542542,-0.8544051,0.29901126,0.079688154
67687.82,-27.542542,-0.85365796,0.29866922,0.07990435
68695.695,-27.542542,-0.8524561,0.2987359,0.08004314
69703.57,-27.542542,-0.850845,0.29918844,0.08010835
70711.445,-27.542542,-0.84892625,0.29996085,0.08011125
71719.32,-27.542542,-0.8468505,0.30095097,0.0800693
72727.195,-27.542542,-0.8448026,0.30202907,0.080004565
73735.08,-27.542542,-0.8429817,0.30305177,0.07994125
74742.95,-27.542542,-0.8415774,0.30387846,0.07990303
75750.83,-27.542542,-0.8407461,0.30438823,0.07991002
76758.7,-27.542542,-0.8405869,0.30449656,0.079976134
77766.58,-27.542542,-0.84112287,0.30416963,0.08010668
78774.45,-27.542542,-0.84228975,0.3034323,0.08029725
79782.33,-27.542542,-0.84393483,0.3023709,0.08053308
80790.2,-27.542542,-0.84582776,0.30112702,0.08079066
81798.08,-27.542542,-0.84768414,0.29988247,0.081040084
82805.95,-27.542542,-0.8492013,0.2988358,0.08124909
83813.83,-27.542542,-0.8501043,0.29817197,0.08138821
84821.7,-27.542542,-0.85019505,0.29802874,0.08143626
85829.58,-27.542542,-0.8494007,0.29846343,0.0813859
86837.45,-27.542542,-0.84780914,0.2994277,0.08124746
87845.33,-27.542542,-0.84568363,0.30075517,0.08105069
88853.2,-27.542542,-0.84344494,0.30217203,0.08084276
89861.08,-27.542542,-0.84161246,0.3033344,0.08068154
90868.95,-27.542542,-0.8406997,0.30389652,0.08062397
91876.83,-27.542542,-0.8410701,0.30360764,0.08070981
92884.71,-27.542542,-0.842768,0.30242574,0.080942824
93892.586,-27.542542,-0.84536934,0.30062053,0.081274174
94900.46,-27.542542,-0.84791875,0.2988199,0.08159545
95908.336,-27.542542,-0.849065,0.2979246,0.081754595
96916.21,-27.542542,-0.84756887,0.2987742,0.08161328
97924.086,-27.542542,-0.8434242,0.30139828,0.08117377
98931.96,-27.542542,-0.83993846,0.30361912,0.08081364
99939.836,-27.542542,-0.84724337,0.29868296,0.08168128
160.16696,-26.93721,-0.70418465,0.4333633,0.043582
1168.0425,-26.93721,-0.7731559,0.3027407,0.06982171
2175.918,-26.93721,-0.7907449,0.26975685,0.0815558
3183.7935,-26.93721,-0.793218,0.27812007,0.08585392
4191.669,-26.93721,-0.79645324,0.29769805,0.086653695
5199.5444,-26.93721,-0.804977,0.31448287,0.08597864
6207.42,-26.93721,-0.8177828,0.32377148,0.08475183
7215.2954,-26.93721,-0.83186483,0.32569703,0.08331826
8223.171,-26.93721,-0.84418046,0.32244244,0.081762254
9231.046,-26.93721,-0.8525752,0.31662282,0.08008577
10238.922,-26.93721,-0.85605943,0.3104537,0.07829578
11246.798,-26.93721,-0.85471034,0.30542153,0.07643571
12254.673,-26.93721,-0.84939885,0.3022546,0.074585326
13262.548,-26.93721,-0.8414563,0.30105197,0.07284572
14270.424,-26.93721,-0.8323646,0.3014774,0.07132
15278.3,-26.93721,-0.8235072,0.3029585,0.07009587
16286.175,-26.93721,-0.81599706,0.30485797,0.069232985
17294.049,-26.93721,-0.810584,0.30660102,0.06875659
18301.924,-26.93721,-0.80762976,0.30775565,0.06865659
19309.8,-26.93721,-0.80713594,0.30806935,0.06889154
20317.676,-26.93721,-0.80881035,0.30747032,0.06939563
21325.55,-26.93721,-0.8121517,0.30604342,0.07008767
22333.428,-26.93721,-0.8165443,0.30398977,0.07088041
23341.303,-26.93721,-0.82134455,0.30158007,0.07168928
24349.178,-26.93721,-0.8259583,0.29910743,0.07243965
25357.053,-26.93721,-0.82989717,0.29684708,0.07307233
26364.928,-26.93721,-0.8328154,0.29502365,0.0735467
27372.805,-26.93721,-0.83452797,0.29379132,0.07384194
28380.68,-26.93721,-0.8350084,0.29322332,0.07395604
29388.555,-26.93721,-0.8343716,0.29331312,0.0739037
30396.432,-26.93721,-0.8328456,0.29398328,0.07371271
31404.307,-26.93721,-0.83073556,0.29510173,0.073419675
32412.182,-26.93721,-0.82838565,0.2965005,0.07306566
33420.06,-26.93721,-0.82614076,0.29799682,0.072692014
34427.934,-26.93721,-0.8243127,0.29941356,0.07233643
35435.81,-26.93721,-0.82315326,0.30059627,0.07203008
36443.684,-26.93721,-0.8228342,0.30142727,0.07179546
37451.562,-26.93721,-0.82343775,0.3018343,0.071645305
38459.438,-26.93721,-0.82495475,0.30179405,0.071582556
39467.312,-26.93721,-0.8272912,0.30133143,0.07160094
40475.188,-26.93721,-0.8302811,0.30051345,0.07168665
41483.062,-26.93721,-0.8337063,0.2994403,0.0718203
42490.938,-26.93721,-0.83731705,0.2982336,0.07197925
43498.812,-26.93721,-0.84085584,0.29702377,0.07214024
44506.69,-26.93721,-0.8440795,0.2959365,0.07228157
45514.566,-26.93721,-0.8467784,0.2950813,0.072385296
46522.44,-26.93721,-0.8487933,0.29454154,0.0724387
47530.316,-26.93721,-0.85002553,0.29436722,0.07243548
48538.19,-26.93721,-0.8504421,0.29457134,0.07237606
49546.066,-26.93721,-0.85007626,0.29512936,0.07226749
50553.938,-26.93721,-0.84902036,0.29598254,0.072122484
51561.812,-26.93721,-0.8474162,0.29704383,0.07195832
52569.688,-26.93721,-0.8454407,0.29820636,0.07179503
53577.562,-26.93721,-0.84328794,0.2993536,0.07165351
54585.438,-26.93721,-0.84115314,0.30037066,0.07155363
55593.312,-26.93721,-0.83921474,0.30115432,0.07151227
56601.19,-26.93721,-0.83761823,0.30162326,0.07154177
57609.066,-26.93721,-0.83646566,0.30172542,0.07164872
58616.94,-26.93721,-0.83580685,0.30144322,0.07183321
59624.816,-26.93721,-0.8356366,0.3007952,0.07208878
60632.69,-26.93721,-0.83589673,0.2998353,0.072402805
61640.566,-26.93721,-0.83648324,0.29864705,0.07275763
62648.44,-26.93721,-0.8372573,0.29733747,0.073131815
63656.32,-26.93721,-0.8380607,0.296026,0.07350241
64664.195,-26.93721,-0.8387321,0.29483345,0.07384661
65672.07,-26.93721,-0.8391254,0.2938702,0.074144214
66679.945,-26.93721,-0.8391256,0.29322487,0.074379474
67687.82,-26.93721,-0.83866316,0.29295427,0.07454262
68695.695,-26.93721,-0.83772326,0.2930768,0.07463111
69703.57,-26.93721,-0.83635044,0.29356927,0.07464986
70711.445,-26.93721,-0.83464617,0.2943671,0.07461113
71719.32,-26.93721,-0.8327605,0.2953701,0.07453326
72727.195,-26.93721,-0.8308781,0.2964521,0.07443888
73735.08,-26.93721,-0.82919705,0.29747358,0.074352495
74742.95,-26.93721,-0.8279069,0.29829806,0.07429777
75750.83,-26.93721,-0.8271632,0.29880822,0.07429434
76758.7,-26.93721,-0.8270656,0.298923,0.07435528
77766.58,-26.93721,-0.82763743,0.2986099,0.07448476
78774.45,-26.93721,-0.82881624,0.29789484,0.07467682
79782.33,-26.93721,-0.8304522,0.29686278,0.07491511
80790.2,-26.93721,-0.8323185,0.2956528,0.07517438
81798.08,-26.93721,-0.8341364,0.29444304,0.075423084
82805.95,-26.93721,-0.8356084,0.29342756,0.07562772
83813.83,-26.93721,-0.83646584,0.2927873,0.075757936
84821.7,-26.93721,-0.83651567,0.29265657,0.07579244
85829.58,-26.93721,-0.8356894,0.293091,0.07572432
86837.45,-26.93721,-0.8340771,0.29404268,0.07556518
87845.33,-26.93721,-0.8319419,0.29534873,0.07534668
88853.2,-26.93721,-0.8297013,0.29674122,0.07511823
89861.08,-26.93721,-0.82787,0.29788366,0.07494011
90868.95,-26.93721,-0.8269541,0.29843828,0.07487117
91876.83,-26.93721,-0.82731074,0.29816043,0.07495199
92884.71,-26.93721,-0.82897955,0.29700923,0.07518577
93892.586,-26.93721,-0.8315377,0.2952486,0.07552101
94900.46,-26.93721,-0.8340373,0.29349273,0.07584483
95908.336,-26.93721,-0.8351412,0.2926221,0.075999625
96916.21,-26.93721,-0.8336266,0.29345658,0.07584291
97924.086,-26.93721,-0.8294944,0.29602474,0.075378306
98931.96,-26.93721,-0.82602423,0.29819757,0.07499798
99939.836,-26.93721,-0.83324194,0.29337454,0.075890295
160.16696,-26.33188,-0.6957954,0.42923743,0.040243506
1168.0425,-26.33188,-0.75744593,0.29781356,0.0652323
2175.918,-26.33188,-0.7723612,0.2636673,0.07622943
3183.7935,-26.33188,-0.7742511,0.27110392,0.08021123
4191.669,-26.33188,-0.7777413,0.2901941,0.08101838
5199.5444,-26.33188,-0.78684884,0.30692023,0.08058235
6207.42,-26.33188,-0.8004377,0.31647292,0.07974412
7215.2954,-26.33188,-0.8155267,0.31885302,0.07877864
8223.171,-26.33188,-0.8291256,0.31612307,0.077713184
9231.046,-26.33188,-0.8390976,0.31080717,0.07650531
10238.922,-26.33188,-0.8444153,0.3050637,0.07512923
11246.798,-26.33188,-0.84506875,0.30035257,0.07360596
12254.673,-26.33188,-0.84180564,0.29739928,0.07200184
13262.548,-26.33188,-0.8358213,0.29631612,0.07041213
14270.424,-26.33188,-0.8284663,0.2967888,0.06894026
15278.3,-26.33188,-0.82101434,0.29826942,0.067679204
16286.175,-26.33188,-0.8145002,0.30014345,0.066697605
17294.049,-26.33188,-0.8096321,0.30185392,0.06603237
18301.924,-26.33188,-0.8067676,0.30298114,0.0656869
19309.8,-26.33188,-0.80593777,0.30327854,0.06563416
20317.676,-26.33188,-0.8069068,0.30267522,0.065823
21325.55,-26.33188,-0.80925053,0.30125242,0.06618652
22333.428,-26.33188,-0.8124403,0.29920536,0.06665085
23341.303,-26.33188,-0.8159223,0.2967974,0.0671435
24349.178,-26.33188,-0.8191874,0.29431465,0.06760032
25357.053,-26.33188,-0.8218208,0.2920259,0.067970656
26364.928,-26.33188,-0.8235358,0.2901518,0.06822052
27372.805,-26.33188,-0.8241875,0.2888442,0.06833346
28380.68,-26.33188,-0.8237706,0.2881763,0.06831006
29388.555,-26.33188,-0.82240313,0.28814363,0.06816542
30396.432,-26.33188,-0.8202995,0.28867248,0.067926034
31404.307,-26.33188,-0.8177388,0.28963518,0.067625575
32412.182,-26.33188,-0.815028,0.29086876,0.06730103
33420.06,-26.33188,-0.81246984,0.29219568,0.066988386
34427.934,-26.33188,-0.8103322,0.29344288,0.066719465
35435.81,-26.33188,-0.80882484,0.2944597,0.06651908
36443.684,-26.33188,-0.8080832,0.29513067,0.06640332
37451.562,-26.33188,-0.8081608,0.29538465,0.06637867
38459.438,-26.33188,-0.80903,0.29519835,0.066442154
39467.312,-26.33188,-0.8105889,0.29459545,0.066582404
40475.188,-26.33188,-0.8126753,0.29364154,0.06678113
41483.062,-26.33188,-0.8150852,0.2924346,0.06701544
42490.938,-26.33188,-0.81759256,0.29109454,0.0672602
43498.812,-26.33188,-0.8199716,0.28974998,0.06749047
44506.69,-26.33188,-0.8220158,0.28852567,0.06768384
45514.566,-26.33188,-0.82355595,0.28753147,0.067822404
46522.44,-26.33188,-0.8244735,0.28685164,0.06789431
47530.316,-26.33188,-0.8247088,0.286539,0.06789446
48538.19,-26.33188,-0.824264,0.28660953,0.067824975
49546.066,-26.33188,-0.8232017,0.2870435,0.0676947
50553.938,-26.33188,-0.8216361,0.28778675,0.067518294
51561.812,-26.33188,-0.8197226,0.2887575,0.067314714
52569.688,-26.33188,-0.8176429,0.2898542,0.06710551
53577.562,-26.33188,-0.8155878,0.29096484,0.06691278
54585.438,-26.33188,-0.8137404,0.29197803,0.06675713
55593.312,-26.33188,-0.81225985,0.29279307,0.06665587
56601.19,-26.33188,-0.81126726,0.2933293,0.06662135
57609.066,-26.33188,-0.8108354,0.29353377,0.06665987
58616.94,-26.33188,-0.810983,0.2933864,0.06677106
59624.816,-26.33188,-0.8116723,0.29290134,0.066947885
60632.69,-26.33188,-0.81281376,0.29212657,0.06717717
61640.566,-26.33188,-0.81427467,0.2911389,0.0674408
62648.44,-26.33188,-0.8158909,0.29003745,0.06771744
63656.32,-26.33188,-0.81748426,0.28893363,0.06798434
64664.195,-26.33188,-0.81887823,0.28794074,0.068219624
65672.07,-26.33188,-0.8199169,0.2871623,0.06840445
66679.945,-26.33188,-0.8204818,0.28668115,0.06852492
67687.82,-26.33188,-0.82050306,0.2865502,0.06857361
68695.695,-26.33188,-0.8199712,0.2867858,0.06855063
69703.57,-26.33188,-0.8189381,0.28736454,0.06846383
70711.445,-26.33188,-0.8175152,0.28822398,0.06832828
71719.32,-26.33188,-0.8158626,0.2892676,0.06816498
72727.195,-26.33188,-0.8141749,0.29037407,0.06799875
73735.08,-26.33188,-0.8126591,0.29140982,0.067855686
74742.95,-26.33188,-0.81151134,0.29224432,0.06775996
75750.83,-26.33188,-0.810892,0.29276612,0.06773102
76758.7,-26.33188,-0.81090176,0.29289845,0.067780465
77766.58,-26.33188,-0.8115645,0.2926119,0.067910105
78774.45,-26.33188,-0.8128156,0.29193303,0.06811062
79782.33,-26.33188,-0.81450284,0.2909458,0.06836186
80790.2,-26.33188,-0.8163974,0.28978577,0.06863431
81798.08,-26.33188,-0.81821835,0.28862646,0.06889234
82805.95,-26.33188,-0.81966984,0.2876562,0.06909897
83813.83,-26.33188,-0.82048607,0.28705043,0.0692215
84821.7,-26.33188,-0.8204802,0.28693894,0.06923769
85829.58,-26.33188,-0.8195924,0.28737554,0.06914156
86837.45,-26.33188,-0.81792265,0.28831333,0.068947524
87845.33,-26.33188,-0.81574446,0.28959426,0.068691604
88853.2,-26.33188,-0.813485,0.2909583,0.06842882
89861.08,-26.33188,-0.81166375,0.29207945,0.06822519
90868.95,-26.33188,-0.8107883,0.29263037,0.06814427
91876.83,-26.33188,-0.81120896,0.2923741,0.068228975
92884.71,-26.33188,-0.81295353,0.2912709,0.0684807
93892.586,-26.33188,-0.81558186,0.28957662,0.06884129
94900.46,-26.33188,-0.8181264,0.2878861,0.06918654
95908.336,-26.33188,-0.8192365,0.28705204,0.06934492
96916.21,-26.33188,-0.81768876,0.28786895,0.069163255
97924.086,-26.33188,-0.8135087,0.29036468,0.06864908
98931.96,-26.33188,-0.81003803,0.2924782,0.0682323
99939.836,-26.33188,-0.8174144,0.28781828,0.06920351
160.16696,-25.72655,-0.6874208,0.42521268,0.036826834
1168.0425,-25.72655,-0.7407966,0.29283127,0.060492814
2175.918,-25.72655,-0.7529486,0.2574033,0.07074258
3183.7935,-25.72655,-0.7545296,0.26384562,0.07443375
4191.669,-25.72655,-0.7586031,0.28242418,0.07528443
5199.5444,-25.72655,-0.76851064,0.2990954,0.07511465
6207.42,-25.72655,-0.7829182,0.30892733,0.07467173
7215.2954,-25.72655,-0.7988665,0.3117759,0.07415691
8223.171,-25.72655,-0.81345165,0.30957553,0.07354276
9231.046,-25.72655,-0.82460773,0.30475694,0.07274868
10238.922,-25.72655,-0.8313263,0.29942223,0.07172441
11246.798,-25.72655,-0.8335602,0.29500824,0.07047702
12254.673,-25.72655,-0.8319763,0.29224268,0.06906687
13262.548,-25.72655,-0.82766044,0.29125583,0.06758874
14270.424,-25.72655,-0.8218476,0.29175943,0.06614957
15278.3,-25.72655,-0.81570363,0.29323298,0.06484829
16286.175,-25.72655,-0.81017876,0.29508582,0.06376132
17294.049,-25.72655,-0.8059257,0.29677927,0.06293439
18301.924,-25.72655,-0.8032793,0.29790443,0.062380414
19309.8,-25.72655,-0.8022803,0.29821858,0.062082294
20317.676,-25.72655,-0.8027295,0.29764873,0.06199917
21325.55,-25.72655,-0.80426115,0.2962698,0.062074367
22333.428,-25.72655,-0.8064187,0.29426774,0.062244274
23341.303,-25.72655,-0.808727,0.2918962,0.06244625
24349.178,-25.72655,-0.8107543,0.28943163,0.06262546
25357.053,-25.72655,-0.8121559,0.28713572,0.06273977
26364.928,-25.72655,-0.81270254,0.2852236,0.06276256
27372.805,-25.72655,-0.81229323,0.2838452,0.06268359
28380.68,-25.72655,-0.81094813,0.28307405,0.06250791
29388.555,-25.72655,-0.80879366,0.28290874,0.062253665
30396.432,-25.72655,-0.80603766,0.28328052,0.06194843
31404.307,-25.72655,-0.8029379,0.28406775,0.061625376
32412.182,-25.72655,-0.7997711,0.28511405,0.061319187
33420.06,-25.72655,-0.7968021,0.28624853,0.06106212
34427.934,-25.72655,-0.794258,0.2873039,0.060880885
35435.81,-25.72655,-0.79230917,0.28813386,0.0607942
36443.684,-25.72655,-0.79105544,0.28862628,0.06081132
37451.562,-25.72655,-0.79052174,0.28871143,0.060931608
38459.438,-25.72655,-0.7906606,0.28836614,0.06114491
39467.312,-25.72655,-0.7913612,0.28761312,0.061432984
40475.188,-25.72655,-0.7924638,0.28651565,0.06177141
41483.062,-25.72655,-0.79377663,0.2851695,0.06213197
42490.938,-25.72655,-0.795097,0.28369173,0.06248527
43498.812,-25.72655,-0.7962294,0.2822089,0.06280335
44506.69,-25.72655,-0.79700494,0.28084457,0.06306203
45514.566,-25.72655,-0.7972959,0.27970803,0.06324285
46522.44,-25.72655,-0.7970258,0.27888483,0.0633345
47530.316,-25.72655,-0.796177,0.2784297,0.0633335
48538.19,-25.72655,-0.79478955,0.27836245,0.06324423
49546.066,-25.72655,-0.792958,0.2786677,0.06307843
50553.938,-25.72655,-0.79082197,0.27929685,0.06285388
51561.812,-25.72655,-0.7885534,0.2801738,0.06259274
52569.688,-25.72655,-0.78634083,0.28120238,0.062319487
53577.562,-25.72655,-0.78437257,0.28227574,0.062058777
54585.438,-25.72655,-0.7828207,0.28328645,0.06183323
55593.312,-25.72655,-0.7818241,0.28413638,0.06166142
56601.19,-25.72655,-0.7814777,0.28474578,0.061556306
57609.066,-25.72655,-0.7818222,0.28506088,0.061524116
58616.94,-25.72655,-0.7828407,0.28505832,0.061563756
59624.816,-25.72655,-0.7844589,0.28474763,0.061667074
60632.69,-25.72655,-0.78655094,0.28417027,0.0618195
61640.566,-25.72655,-0.78895026,0.28339547,0.062001444
62648.44,-25.72655,-0.7914631,0.2825138,0.062190272
63656.32,-25.72655,-0.79388636,0.281628,0.062362358
64664.195,-25.72655,-0.7960256,0.28084317,0.06249554
65672.07,-25.72655,-0.79771376,0.28025532,0.062571384
66679.945,-25.72655,-0.7988271,0.2799413,0.06257725
67687.82,-25.72655,-0.799298,0.2799501,0.06250779
68695.695,-25.72655,-0.79912376,0.2802963,0.062365964
69703.57,-25.72655,-0.79836816,0.2809565,0.062163014
70711.445,-25.72655,-0.79715663,0.2818711,0.06191778
71719.32,-25.72655,-0.795666,0.28294805,0.061655074
72727.195,-25.72655,-0.79410577,0.2840719,0.0614033
73735.08,-25.72655,-0.7926976,0.28511575,0.061191395
74742.95,-25.72655,-0.79164934,0.28595617,0.061045587
75750.83,-25.72655,-0.7911277,0.28648767,0.060985878
76758.7,-25.72655,-0.7912379,0.28663856,0.061023183
77766.58,-25.72655,-0.7920031,0.2863822,0.061156996
78774.45,-25.72655,-0.7933546,0.28574568,0.061374344
79782.33,-25.72655,-0.7951335,0.28481105,0.061650127
80790.2,-25.72655,-0.79710317,0.28370968,0.061949234
81798.08,-25.72655,-0.79897517,0.28260893,0.062230304
82805.95,-25.72655,-0.8004485,0.28169048,0.062451098
83813.83,-25.72655,-0.8012551,0.28112292,0.062574945
84821.7,-25.72655,-0.80121106,0.2810314,0.06257764
85829.58,-25.72655,-0.8002645,0.28146723,0.062453732
86837.45,-25.72655,-0.7985278,0.28238538,0.062220883
87845.33,-25.72655,-0.7962908,0.2836335,0.061921135
88853.2,-25.72655,-0.7939979,0.28496158,0.06161733
89861.08,-25.72655,-0.79218394,0.28605604,0.061384115
90868.95,-25.72655,-0.791365,0.28660172,0.061292455
91876.83,-25.72655,-0.7918914,0.28637058,0.06138926
92884.71,-25.72655,-0.79377764,0.2853245,0.061674245
93892.586,-25.72655,-0.79655576,0.28370884,0.062080078
94900.46,-25.72655,-0.79922116,0.28209555,0.062465765
95908.336,-25.72655,-0.80038446,0.28130442,0.0626385
96916.21,-25.72655,-0.7988016,0.2820996,0.06242799
97924.086,-25.72655,-0.7945263,0.28450888,0.061846126
98931.96,-25.72655,-0.79102695,0.2865523,0.061379127
99939.836,-25.72655,-0.79873586,0.28208753,0.062475115
160.16696,-25.12122,-0.67894167,0.42124218,0.03334328
1168.0425,-25.12122,-0.72276133,0.28787035,0.05559452
2175.918,-25.12122,-0.7313606,0.25111926,0.06508517
3183.7935,-25.12122,-0.73237705,0.2565453,0.06853111
4191.669,-25.12122,-0.7371523,0.27461204,0.069490306
5199.5444,-25.12122,-0.7481322,0.29124138,0.069636025
6207.42,-25.12122,-0.7635865,0.3013673,0.06959744
7215.2954,-25.12122,-0.7804362,0.3046904,0.06949066
8223.171,-25.12122,-0.7957936,0.30301073,0.069234245
9231.046,-25.12122,-0.8076528,0.29866275,0.0687195
10238.922,-25.12122,-0.8150656,0.29369387,0.06788744
11246.798,-25.12122,-0.8180203,0.28952175,0.06674952
12254.673,-25.12122,-0.81718904,0.28688145,0.06537783
13262.548,-25.12122,-0.8136374,0.28592753,0.06388214
14270.424,-25.12122,-0.80856174,0.28640306,0.062384155
15278.3,-25.12122,-0.80308205,0.2878201,0.060995694
16286.175,-25.12122,-0.79810286,0.28961545,0.059803024
17294.049,-25.12122,-0.7942391,0.29127058,0.058858715
18301.924,-25.12122,-0.7918008,0.29238787,0.0581797
19309.8,-25.12122,-0.7908181,0.29272798,0.057750896
20317.676,-25.12122,-0.791097,0.29221413,0.05753211
21325.55,-25.12122,-0.7922888,0.29091224,0.057467
22333.428,-25.12122,-0.793965,0.28899655,0.057492338
23341.303,-25.12122,-0.7956856,0.2867076,0.057546645
24349.178,-25.12122,-0.79705596,0.28430974,0.05757718
25357.053,-25.12122,-0.79776907,0.28205466,0.05754494
26364.928,-25.12122,-0.79762924,0.2801507,0.057427295
27372.805,-25.12122,-0.79656154,0.27874368,0.05721859
28380.68,-25.12122,-0.79460585,0.2779073,0.0569288
29388.555,-25.12122,-0.79189885,0.27764288,0.056580693
30396.432,-25.12122,-0.7886501,0.27788717,0.056205958
31404.307,-25.12122,-0.7851108,0.2785252,0.055840872
32412.182,-25.12122,-0.7815447,0.27940866,0.05552192
33420.06,-25.12122,-0.7781984,0.28037435,0.055281714
34427.934,-25.12122,-0.7752788,0.2812621,0.05514579
35435.81,-25.12122,-0.7729337,0.28193173,0.055130135
36443.684,-25.12122,-0.7712431,0.2822749,0.055239946
37451.562,-25.12122,-0.7702144,0.28222466,0.05546938
38459.438,-25.12122,-0.7697884,0.28175834,0.05580236
39467.312,-25.12122,-0.7698468,0.28089777,0.05621428
40475.188,-25.12122,-0.77023,0.2797037,0.05667433
41483.062,-25.12122,-0.7707534,0.27826896,0.057148296
42490.938,-25.12122,-0.77122694,0.27670714,0.05760146
43498.812,-25.12122,-0.77147394,0.27514133,0.058001652
44506.69,-25.12122,-0.771349,0.2736924,0.058321603
45514.566,-25.12122,-0.77075094,0.2724678,0.05854118
46522.44,-25.12122,-0.7696321,0.27155244,0.05864874
47530.316,-25.12122,-0.76800257,0.27100185,0.058641776
48538.19,-25.12122,-0.7659295,0.27083784,0.058526848
49546.066,-25.12122,-0.7635311,0.27104843,0.058318757
50553.938,-25.12122,-0.760966,0.2715894,0.058038987
51561.812,-25.12122,-0.75841904,0.27238947,0.057713773
52569.688,-25.12122,-0.7560864,0.27335763,0.05737168
53577.562,-25.12122,-0.7541566,0.2743917,0.057041112
54585.438,-25.12122,-0.75279474,0.27538854,0.056747857
55593.312,-25.12122,-0.75212777,0.27625287,0.056512922
56601.19,-25.12122,-0.7522319,0.27690664,0.056350682
57609.066,-25.12122,-0.7531249,0.27729583,0.05626779
58616.94,-25.12122,-0.7547638,0.27739516,0.056262642
59624.816,-25.12122,-0.7570467,0.27721056,0.056325596
60632.69,-25.12122,-0.7598197,0.27677843,0.056439977
61640.566,-25.12122,-0.762889,0.2761613,0.056583703
62648.44,-25.12122,-0.7660371,0.27544287,0.056731388
63656.32,-25.12122,-0.76904094,0.2747184,0.05685693
64664.195,-25.12122,-0.7716905,0.27408564,0.056936126
65672.07,-25.12122,-0.7738092,0.27363423,0.056949273
66679.945,-25.12122,-0.77526885,0.27343622,0.056883406
67687.82,-25.12122,-0.77600396,0.27353713,0.056733996
68695.695,-25.12122,-0.77601826,0.27395028,0.05650585
69703.57,-25.12122,-0.7753863,0.27465323,0.05621317
70711.445,-25.12122,-0.77424747,0.27558896,0.05587854
71719.32,-25.12122,-0.77279437,0.27667034,0.055531047
72727.195,-25.12122,-0.77125245,0.2777876,0.055203486
73735.08,-25.12122,-0.76985806,0.27882057,0.0549289
74742.95,-25.12122,-0.7688307,0.2796521,0.054736774
75750.83,-25.12122,-0.7683469,0.2801828,0.054649226
76758.7,-25.12122,-0.7685155,0.28034496,0.054677725
77766.58,-25.12122,-0.76935935,0.28011432,0.054820515
78774.45,-25.12122,-0.7708055,0.27951783,0.055061612
79782.33,-25.12122,-0.7726871,0.2786348,0.05537123
80790.2,-25.12122,-0.7747563,0.2775914,0.05570842
81798.08,-25.12122,-0.7767146,0.27654865,0.056025308
82805.95,-25.12122,-0.77825034,0.27568045,0.056273367
83813.83,-25.12122,-0.7790885,0.2751486,0.056410756
84821.7,-25.12122,-0.77904326,0.27507287,0.05641016
85829.58,-25.12122,-0.77806634,0.27550262,0.05626577
86837.45,-25.12122,-0.77628064,0.27639472,0.055998303
87845.33,-25.12122,-0.7739917,0.2776029,0.055656068
88853.2,-25.12122,-0.771663,0.27888796,0.055310942
89861.08,-25.12122,-0.7698492,0.2799493,0.055047806
90868.95,-25.12122,-0.76908165,0.280485,0.054947115
91876.83,-25.12122,-0.7697163,0.28027642,0.05506149
92884.71,-25.12122,-0.7717584,0.27928662,0.055389732
93892.586,-25.12122,-0.77471375,0.27775046,0.05585445
94900.46,-25.12122,-0.7775347,0.2762155,0.056294832
95908.336,-25.12122,-0.77878207,0.27546695,0.056492016
96916.21,-25.12122,-0.7771761,0.27623722,0.05625354
97924.086,-25.12122,-0.7727914,0.27855375,0.05559457
98931.96,-25.12122,-0.7692424,0.28052133,0.05506847
99939.836,-25.12122,-0.7773391,0.27625778,0.056317933
160.16696,-24.515888,-0.6701938,0.41726738,0.029794212
1168.0425,-24.515888,-0.70332587,0.28297997,0.05057408
2175.918,-24.515888,-0.7072723,0.24492861,0.059293218
3183.7935,-24.515888,-0.7071066,0.24934365,0.06253122
4191.669,-24.515888,-0.7124639,0.26690114,0.063659556
5199.5444,-24.515888,-0.7247151,0.28349182,0.064171314
6207.42,-24.515888,-0.7415026,0.29391265,0.06455026
7215.2954,-24.515888,-0.7594297,0.29770482,0.064811885
8223.171,-24.515888,-0.7754913,0.29653,0.06481776
9231.046,-24.515888,-0.78768665,0.2926242,0.06443875
10238.922,-24.515888,-0.79513687,0.28797942,0.06362247
11246.798,-24.515888,-0.797926,0.28399572,0.062403914
12254.673,-24.515888,-0.79682225,0.2814185,0.060887072
13262.548,-24.515888,-0.7929733,0.2804303,0.059214838
14270.424,-24.515888,-0.78763705,0.2808109,0.05753843
15278.3,-24.515888,-0.7819719,0.2821084,0.055992447
16286.175,-24.515888,-0.7768996,0.28379127,0.054677922
17294.049,-24.515888,-0.7730357,0.28536442,0.053654093
18301.924,-24.515888,-0.770677,0.28644404,0.05293765
19309.8,-24.515888,-0.769833,0.28679493,0.05250768
20317.676,-24.515888,-0.77028465,0.28633702,0.052314587
21325.55,-24.515888,-0.77165866,0.28512654,0.052290834
22333.428,-24.515888,-0.77350414,0.28332463,0.05236195
23341.303,-24.515888,-0.77536255,0.2811566,0.052456476
24349.178,-24.515888,-0.7768266,0.27887276,0.052513972
25357.053,-24.515888,-0.7775812,0.27671233,0.052490547
26364.928,-24.515888,-0.7774284,0.27487412,0.052361697
27372.805,-24.515888,-0.7762951,0.27349865,0.05212278
28380.68,-24.515888,-0.77422565,0.27265766,0.051787198
29388.555,-24.515888,-0.7713641,0.27235395,0.051382873
30396.432,-24.515888,-0.7679276,0.27252892,0.050947838
31404.307,-24.515888,-0.7641759,0.27307442,0.050524957
32412.182,-24.515888,-0.76037973,0.27385032,0.050156977
33420.06,-24.515888,-0.75679165,0.2747015,0.04988177
34427.934,-24.515888,-0.7536224,0.27547604,0.049728744
35435.81,-24.515888,-0.7510228,0.27604026,0.04971595
36443.684,-24.515888,-0.74907327,0.27629143,0.049848896
37451.562,-24.515888,-0.7477814,0.27616578,0.050120197
38459.438,-24.515888,-0.74708635,0.27564204,0.05051071
39467.312,-24.515888,-0.7468691,0.2747413,0.050991405
40475.188,-24.515888,-0.7469688,0.2735225,0.05152628
41483.062,-24.515888,-0.7472002,0.27207473,0.0520755
42490.938,-24.515888,-0.7473743,0.27050748,0.052598886
43498.812,-24.515888,-0.7473168,0.26893932,0.05305916
44506.69,-24.515888,-0.7468861,0.26748675,0.053425048
45514.566,-24.515888,-0.745986,0.26625383,0.053673435
46522.44,-24.515888,-0.74457574,0.2653227,0.053791158
47530.316,-24.515888,-0.7426726,0.2647473,0.053775646
48538.19,-24.515888,-0.7403524,0.26454955,0.05363474
49546.066,-24.515888,-0.7377409,0.26471868,0.05338582
50553.938,-24.515888,-0.73500425,0.26521283,0.053053938
51561.812,-24.515888,-0.7323339,0.26596418,0.052669533
52569.688,-24.515888,-0.7299302,0.26688552,0.05226575
53577.562,-24.515888,-0.72798467,0.26787877,0.051875435
54585.438,-24.515888,-0.726662,0.26884463,0.051528454
55593.312,-24.515888,-0.7260869,0.26969135,0.051249042
56601.19,-24.515888,-0.72633004,0.27034327,0.051053856
57609.066,-24.515888,-0.7274023,0.2707472,0.050950617
58616.94,-24.515888,-0.7292506,0.27087805,0.050937537
59624.816,-24.515888,-0.73176205,0.27074018,0.05100361
60632.69,-24.515888,-0.73477066,0.27036694,0.051129684
61640.566,-24.515888,-0.7380708,0.26981738,0.051290397
62648.44,-24.515888,-0.74143296,0.26917025,0.051456593
63656.32,-24.515888,-0.7446241,0.26851588,0.051598262
64664.195,-24.515888,-0.7474262,0.26794714,0.051687513
65672.07,-24.515888,-0.74965656,0.26754934,0.051701628
66679.945,-24.515888,-0.75118524,0.26739097,0.051625505
67687.82,-24.515888,-0.7519467,0.2675155,0.05145378
68695.695,-24.515888,-0.7519488,0.26793545,0.05119167
69703.57,-24.515888,-0.7512725,0.2686299,0.050855167
70711.445,-24.515888,-0.75006664,0.26954415,0.05046992
71719.32,-24.515888,-0.74853355,0.27059498,0.05006902
72727.195,-24.515888,-0.74691045,0.27167776,0.04968983
73735.08,-24.515888,-0.74544394,0.2726777,0.049370144
74742.95,-24.515888,-0.7443636,0.27348313,0.04914375
75750.83,-24.515888,-0.74385273,0.27399886,0.049036175
76758.7,-24.515888,-0.74402446,0.27416077,0.049060836
77766.58,-24.515888,-0.74490225,0.27394575,0.049216207
78774.45,-24.515888,-0.7464099,0.27337956,0.0494846
79782.33,-24.515888,-0.7483738,0.27253872,0.0498326
80790.2,-24.515888,-0.75053734,0.2715443,0.050214034
81798.08,-24.515888,-0.75259054,0.27055058,0.0505748
82805.95,-24.515888,-0.7542112,0.26972434,0.050859876
83813.83,-24.515888,-0.7551147,0.26922074,0.051021673
84821.7,-24.515888,-0.75510967,0.2691547,0.051028863
85829.58,-24.515888,-0.75414574,0.26957327,0.050874405
86837.45,-24.515888,-0.75235045,0.2704351,0.050581105
87845.33,-24.515888,-0.75003934,0.27160046,0.050203014
88853.2,-24.515888,-0.7476903,0.27283934,0.04982087
89861.08,-24.515888,-0.7458752,0.27386367,0.04953024
90868.95,-24.515888,-0.7451415,0.27438396,0.049421865
91876.83,-24.515888,-0.7458547,0.27419037,0.049555346
92884.71,-24.515888,-0.74801844,0.2732473,0.04992967
93892.586,-24.515888,-0.75112164,0.27178013,0.050458066
94900.46,-24.515888,-0.75408363,0.27031386,0.05095965
95908.336,-24.515888,-0.7554208,0.26960185,0.0511879
96916.21,-24.515888,-0.75381726,0.27034682,0.05092571
97924.086,-24.515888,-0.7493526,0.27257526,0.050189525
98931.96,-24.515888,-0.7457557,0.27446917,0.04960172
99939.836,-24.515888,-0.7541642,0.2703857,0.05101175
160.16696,-23.910557,-0.6610142,0.4132342,0.02617586
1168.0425,-23.910557,-0.68279713,0.2781797,0.045497417
2175.918,-23.910557,-0.681049,0.23889711,0.053436935
3183.7935,-23.910557,-0.678936,0.2423197,0.056480035
4191.669,-23.910557,-0.68455434,0.25935885,0.057810493
5199.5444,-23.910557,-0.69811606,0.2758897,0.058722615
6207.42,-23.910557,-0.7164594,0.2865821,0.059533827
7215.2954,-23.910557,-0.7356863,0.29082155,0.060143724
8223.171,-23.910557,-0.752533,0.2901315,0.060350314
9231.046,-23.910557,-0.7649223,0.28664768,0.06000614
10238.922,-23.910557,-0.77202195,0.28230432,0.05907422
11246.798,-23.910557,-0.77403873,0.27848127,0.05762671
12254.673,-23.910557,-0.77189755,0.27593318,0.055814974
13262.548,-23.910557,-0.76690865,0.2748703,0.053830277
14270.424,-23.910557,-0.76047474,0.27510953,0.05186659
15278.3,-23.910557,-0.75387096,0.2762376,0.050091267
16286.175,-23.910557,-0.74809927,0.27775753,0.048626237
17294.049,-23.910557,-0.7438194,0.27920055,0.047539648
18301.924,-23.910557,-0.7413381,0.28019977,0.04684619
19309.8,-23.910557,-0.7406464,0.28052756,0.046514302
20317.676,-23.910557,-0.7414858,0.28010243,0.046477646
21325.55,-23.910557,-0.74342877,0.27897304,0.04664853
22333.428,-23.910557,-0.745964,0.27728772,0.04693143
23341.303,-23.910557,-0.7485718,0.27525744,0.047235116
24349.178,-23.910557,-0.75078756,0.27311718,0.0474823
25357.053,-23.910557,-0.75224876,0.2710923,0.047616266
26364.928,-23.910557,-0.75272006,0.26937085,0.047604308
27372.805,-23.910557,-0.7521033,0.26808524,0.047438204
28380.68,-23.910557,-0.75043124,0.26730344,0.047132056
29388.555,-23.910557,-0.747847,0.26702812,0.046718214
30396.432,-23.910557,-0.7445766,0.26720306,0.046241738
31404.307,-23.910557,-0.7408966,0.26772574,0.04575438
32412.182,-23.910557,-0.73709977,0.26846272,0.045308407
33420.06,-23.910557,-0.73346376,0.26926696,0.044951115
34427.934,-23.910557,-0.7302254,0.26999423,0.044720206
35435.81,-23.910557,-0.7275586,0.27051818,0.04464055
36443.684,-23.910557,-0.7255653,0.27074173,0.044722352
37451.562,-23.910557,-0.7242692,0.2706052,0.044960808
38459.438,-23.910557,-0.7236203,0.2700895,0.045337114
39467.312,-23.910557,-0.7235053,0.26921588,0.045820713
40475.188,-23.910557,-0.7237633,0.26804167,0.046372414
41483.062,-23.910557,-0.7242045,0.2666528,0.04694803
42490.938,-23.910557,-0.7246305,0.2651543,0.047502417
43498.812,-23.910557,-0.7248552,0.26365986,0.047993295
44506.69,-23.910557,-0.72472245,0.2622808,0.048384663
45514.566,-23.910557,-0.72412133,0.26111588,0.04864965
46522.44,-23.910557,-0.7229961,0.26024294,0.048772354
47530.316,-23.910557,-0.7213509,0.2597126,0.04874893
48538.19,-23.910557,-0.7192492,0.25954455,0.048587322
49546.066,-23.910557,-0.7168084,0.2597267,0.04830644
50553.938,-23.910557,-0.71418846,0.26021767,0.047934078
51561.812,-23.910557,-0.7115782,0.2609509,0.047504373
52569.688,-23.910557,-0.7091781,0.26184142,0.047054734
53577.562,-23.910557,-0.70718205,0.26279446,0.046622522
54585.438,-23.910557,-0.70576084,0.26371387,0.046241883
55593.312,-23.910557,-0.70504516,0.26451117,0.04594078
56601.19,-23.910557,-0.7051141,0.2651137,0.045738686
57609.066,-23.910557,-0.7059865,0.26547107,0.04564495
58616.94,-23.910557,-0.7076177,0.2655596,0.045658097
59624.816,-23.910557,-0.7099024,0.26538467,0.045766033
60632.69,-23.910557,-0.7126805,0.26497954,0.045947324
61640.566,-23.910557,-0.71575195,0.2644022,0.04617318
62648.44,-23.910557,-0.71889067,0.26372996,0.046410203
63656.32,-23.910557,-0.72186553,0.26305088,0.04662369
64664.195,-23.910557,-0.7244599,0.2624558,0.046781056
65672.07,-23.910557,-0.7264915,0.26202774,0.046855252
66679.945,-23.910557,-0.7278291,0.26183376,0.04682771
67687.82,-23.910557,-0.7284077,0.26191613,0.04669058
68695.695,-23.910557,-0.72823405,0.26228756,0.046448093
69703.57,-23.910557,-0.7273898,0.26292774,0.04611667
70711.445,-23.910557,-0.7260246,0.2637842,0.045723848
71719.32,-23.910557,-0.72434294,0.26477638,0.045305885
72727.195,-23.910557,-0.72258484,0.26580313,0.044904355
73735.08,-23.910557,-0.72100055,0.26675344,0.044561677
74742.95,-23.910557,-0.71982265,0.26751885,0.0443164
75750.83,-23.910557,-0.7192382,0.26800743,0.04419819
76758.7,-23.910557,-0.7193631,0.26815653,0.044223588
77766.58,-23.910557,-0.7202222,0.26794377,0.04439266
78774.45,-23.910557,-0.7217391,0.26739368,0.044687446
79782.33,-23.910557,-0.7237383,0.2665796,0.04507243
80790.2,-23.910557,-0.72595865,0.2656183,0.045497525
81798.08,-23.910557,-0.7280842,0.26465833,0.04590336
82805.95,-23.910557,-0.72978526,0.2638607,0.046229094
83813.83,-23.910557,-0.7307695,0.26337487,0.046421535
84821.7,-23.910557,-0.73083776,0.2633117,0.046445042
85829.58,-23.910557,-0.7299336,0.26371652,0.046290487
86837.45,-23.910557,-0.72818154,0.26454914,0.04598169
87845.33,-23.910557,-0.7258967,0.26567438,0.045577154
88853.2,-23.910557,-0.72356194,0.26687002,0.045165204
89861.08,-23.910557,-0.7217559,0.2678581,0.044851184
90868.95,-23.910557,-0.7210364,0.26835886,0.044735752
91876.83,-23.910557,-0.72177774,0.26817,0.044885762
92884.71,-23.910557,-0.72399044,0.26725757,0.045301646
93892.586,-23.910557,-0.7271627,0.26583952,0.04588907
94900.46,-23.910557,-0.7302034,0.26442367,0.046449352
95908.336,-23.910557,-0.73161024,0.26373792,0.046710227
96916.21,-23.910557,-0.7300436,0.26446077,0.046430558
97924.086,-23.910557,-0.72557324,0.26661715,0.045625698
98931.96,-23.910557,-0.7219625,0.26844877,0.044980112
99939.836,-23.910557,-0.7304893,0.26450026,0.046536114
160.16696,-23.305227,-0.6512801,0.40910274,0.022484452
1168.0425,-23.305227,-0.66164774,0.2734646,0.040441796
2175.918,-23.305227,-0.65349334,0.23304877,0.047603574
3183.7935,-23.305227,-0.6487228,0.23550108,0.050435845
4191.669,-23.305227,-0.65415204,0.25199354,0.051962458
5199.5444,-23.305227,-0.6688714,0.26841277,0.053281493
6207.42,-23.305227,-0.6888408,0.27932277,0.054535635
7215.2954,-23.305227,-0.7095485,0.28396654,0.05549771
8223.171,-23.305227,-0.727364,0.28373563,0.05589337
9231.046,-23.305227,-0.74005014,0.28066498,0.055552334
10238.922,-23.305227,-0.7467745,0.27662662,0.054453224
11246.798,-23.305227,-0.7478508,0.27297422,0.052709322
12254.673,-23.305227,-0.7443749,0.27046478,0.0505261
13262.548,-23.305227,-0.7378518,0.26933086,0.048151456
14270.424,-23.305227,-0.7298749,0.26942265,0.045830455
15278.3,-23.305227,-0.7218833,0.27036408,0.043770786
16286.175,-23.305227,-0.7150054,0.27169254,0.042121235
17294.049,-23.305227,-0.70998144,0.27296796,0.040962633
18301.924,-23.305227,-0.7071562,0.27384394,0.040309314
19309.8,-23.305227,-0.7065176,0.2741044,0.040118493
20317.676,-23.305227,-0.70777136,0.2736707,0.04030447
21325.55,-23.305227,-0.7104298,0.2725879,0.040755257
22333.428,-23.305227,-0.7139054,0.27099514,0.04134895
23341.303,-23.305227,-0.7175966,0.26909092,0.04196859
24349.178,-23.305227,-0.7209577,0.26709664,0.042513866
25357.053,-23.305227,-0.72355247,0.26522425,0.042909373
26364.928,-23.305227,-0.72508514,0.26364988,0.04310888
27372.805,-23.305227,-0.7254122,0.26249695,0.043096267
28380.68,-23.305227,-0.72453743,0.26182702,0.0428831
29388.555,-23.305227,-0.7225927,0.2616398,0.042504035
30396.432,-23.305227,-0.7198079,0.26187956,0.042010397
31404.307,-23.305227,-0.71647644,0.26244655,0.04146307
32412.182,-23.305227,-0.7129181,0.26321194,0.04092528
33420.06,-23.305227,-0.7094448,0.2640349,0.040455826
34427.934,-23.305227,-0.7063297,0.26477784,0.040103666
35435.81,-23.305227,-0.7037844,0.26532087,0.03990368
36443.684,-23.305227,-0.7019447,0.26557264,0.039874297
37451.562,-23.305227,-0.70086247,0.26547784,0.04001671
38459.438,-23.305227,-0.70050925,0.26502037,0.040315766
39467.312,-23.305227,-0.7007844,0.2642225,0.040742237
40475.188,-23.305227,-0.70153046,0.26314098,0.04125611
41483.062,-23.305227,-0.70255184,0.26185933,0.041810773
42490.938,-23.305227,-0.7036375,0.26047918,0.042357378
43498.812,-23.305227,-0.70458096,0.25910938,0.042849217
44506.69,-23.305227,-0.7052007,0.25785598,0.04324576
45514.566,-23.305227,-0.70535743,0.25681219,0.04351592
46522.44,-23.305227,-0.7049648,0.25605047,0.043640334
47530.316,-23.305227,-0.7039974,0.25561664,0.043612752
48538.19,-23.305227,-0.7024917,0.25552636,0.04344005
49546.066,-23.305227,-0.70054173,0.25576487,0.043141272
50553.938,-23.305227,-0.6982889,0.25628862,0.042745724
51561.812,-23.305227,-0.6959101,0.25703058,0.042290114
52569.688,-23.305227,-0.6936,0.25790656,0.041815143
53577.562,-23.305227,-0.6915535,0.25882325,0.041362077
54585.438,-23.305227,-0.68994784,0.25968695,0.04096893
55593.312,-23.305227,-0.6889268,0.260412,0.04066727
56601.19,-23.305227,-0.68858665,0.26092923,0.04047953
57609.066,-23.305227,-0.68896693,0.2611916,0.040417034
58616.94,-23.305227,-0.69004524,0.26117876,0.040479098
59624.816,-23.305227,-0.69173926,0.2608987,0.04065321
60632.69,-23.305227,-0.6939125,0.2603873,0.04091611
61640.566,-23.305227,-0.69638526,0.25970444,0.041236043
62648.44,-23.305227,-0.6989501,0.2589284,0.041575707
63656.32,-23.305227,-0.70139015,0.2581484,0.041895796
64664.195,-23.305227,-0.7034992,0.25745523,0.04215887
65672.07,-23.305227,-0.7051014,0.25693223,0.04233306
66679.945,-23.305227,-0.7060678,0.25664613,0.042395554
67687.82,-23.305227,-0.70633143,0.2566394,0.04233513
68695.695,-23.305227,-0.70589554,0.2569249,0.042153805
69703.57,-23.305227,-0.70483446,0.25748268,0.041867185
70711.445,-23.305227,-0.7032902,0.25826132,0.041503422
71719.32,-23.305227,-0.7014591,0.25918138,0.041100755
72727.195,-23.305227,-0.6995737,0.26014313,0.040703908
73735.08,-23.305227,-0.69787776,0.261037,0.0403593
74742.95,-23.305227,-0.6965999,0.26175627,0.04010984
75750.83,-23.305227,-0.6959254,0.26221,0.039989486
76758.7,-23.305227,-0.69597006,0.26233625,0.040018402
77766.58,-23.305227,-0.69676113,0.26211214,0.040199198
78774.45,-23.305227,-0.6982263,0.26156124,0.040514994
79782.33,-23.305227,-0.7001936,0.2607547,0.04092968
80790.2,-23.305227,-0.70240635,0.25980633,0.041390937
81798.08,-23.305227,-0.7045513,0.258861,0.041835766
82805.95,-23.305227,-0.7062987,0.25807562,0.042198747
83813.83,-23.305227,-0.70735425,0.2575962,0.042421956
84821.7,-23.305227,-0.70751256,0.2575304,0.0424657
85829.58,-23.305227,-0.7067093,0.25792205,0.04231841
86837.45,-23.305227,-0.70505756,0.25873145,0.04200376
87845.33,-23.305227,-0.7028611,0.25982592,0.041582957
88853.2,-23.305227,-0.70059127,0.26098797,0.04114989
89861.08,-23.305227,-0.6988193,0.26194555,0.040817548
90868.95,-23.305227,-0.6980996,0.26242545,0.040694904
91876.83,-23.305227,-0.6988113,0.26223052,0.040855505
92884.71,-23.305227,-0.7009764,0.26132837,0.04130207
93892.586,-23.305227,-0.70410293,0.2599336,0.04193544
94900.46,-23.305227,-0.7071233,0.2585436,0.04254343
95908.336,-23.305227,-0.70855546,0.25787112,0.042833183
96916.21,-23.305227,-0.70706636,0.25857925,0.042542987
97924.086,-23.305227,-0.70270133,0.26068988,0.041685198
98931.96,-23.305227,-0.69914395,0.26247862,0.04099182
99939.836,-23.305227,-0.70750964,0.25860214,0.04266044
160.16696,-22.699896,-0.640932,0.40485376,0.01872037
1168.0425,-22.699896,-0.6403721,0.26881218,0.03547986
2175.918,-22.699896,-0.6255756,0.22737494,0.041880697
3183.7935,-22.699896,-0.6176448,0.2288793,0.044461623
4191.669,-22.699896,-0.6223944,0.24477845,0.046138726
5199.5444,-22.699896,-0.6379378,0.2610039,0.047838446
6207.42,-22.699896,-0.6594062,0.27204528,0.049535554
7215.2954,-22.699896,-0.6816615,0.277027,0.050872374
8223.171,-22.699896,-0.70065904,0.27722007,0.051493794
9231.046,-22.699896,-0.7139403,0.2745615,0.051196836
10238.922,-22.699896,-0.72061,0.270856,0.04996711
11246.798,-22.699896,-0.72103727,0.26742163,0.047952663
12254.673,-22.699896,-0.71645087,0.2650064,0.045409694
13262.548,-22.699896,-0.7085297,0.26385468,0.042642087
14270.424,-22.699896,-0.69905114,0.26384106,0.03994767
15278.3,-22.699896,-0.6896258,0.26462045,0.03757789
16286.175,-22.699896,-0.681524,0.26576242,0.03571275
17294.049,-22.699896,-0.6755914,0.26685533,0.034450527
18301.924,-22.699896,-0.67223454,0.26757598,0.03380964
19309.8,-22.699896,-0.6714638,0.26772425,0.03373976
20317.676,-22.699896,-0.6729712,0.26723036,0.03413853
21325.55,-22.699896,-0.67622554,0.2661413,0.03487107
22333.428,-22.699896,-0.68057585,0.2645927,0.0357893
23341.303,-22.699896,-0.68534386,0.26277542,0.036749586
24349.178,-22.699896,-0.6899034,0.26090074,0.037626658
25357.053,-22.699896,-0.6937402,0.259169,0.038323738
26364.928,-22.699896,-0.69648933,0.25774533,0.038777992
27372.805,-22.699896,-0.69795144,0.25674334,0.038962014
28380.68,-22.699896,-0.69808936,0.25621685,0.03888169
29388.555,-22.699896,-0.6970117,0.25616005,0.03857107
30396.432,-22.699896,-0.6949411,0.25651428,0.038085446
31404.307,-22.699896,-0.69217956,0.25717917,0.03749319
32412.182,-22.699896,-0.68906736,0.25802806,0.036867518
33420.06,-22.699896,-0.68594646,0.258923,0.036278702
34427.934,-22.699896,-0.683127,0.25973096,0.035787504
35435.81,-22.699896,-0.6808595,0.26033705,0.03544013
36443.684,-22.699896,-0.67931706,0.26065475,0.035265
37451.562,-22.699896,-0.67858565,0.26063323,0.035271525
38459.438,-22.699896,-0.6786644,0.26025954,0.03545059
39467.312,-22.699896,-0.679471,0.25955808,0.03577671
40475.188,-22.699896,-0.68085736,0.25858662,0.036211517
41483.062,-22.699896,-0.68262714,0.25742763,0.03670794
42490.938,-22.699896,-0.6845577,0.2561807,0.037215177
43498.812,-22.699896,-0.68642306,0.25495118,0.03768343
44506.69,-22.699896,-0.6880145,0.2538408,0.038068324
45514.566,-22.699896,-0.6891591,0.25293797,0.038334794
46522.44,-22.699896,-0.68973464,0.25230974,0.038459804
47530.316,-22.699896,-0.6896778,0.2519967,0.03843396
48538.19,-22.699896,-0.68898916,0.2520095,0.038261972
49546.066,-22.699896,-0.6877296,0.25232917,0.037961785
50553.938,-22.699896,-0.6860137,0.25290892,0.037562657
51561.812,-22.699896,-0.6839975,0.25367945,0.037102323
52569.688,-22.699896,-0.6818632,0.25455543,0.03662349
53577.562,-22.699896,-0.6798025,0.25544348,0.036169942
54585.438,-22.699896,-0.6779971,0.25625116,0.03578263
55593.312,-22.699896,-0.67660475,0.25689515,0.035496123
56601.19,-22.699896,-0.67574173,0.25730923,0.035335466
57609.066,-22.699896,-0.67547435,0.25744995,0.03531406
58616.94,-22.699896,-0.6758121,0.25730106,0.035432465
59624.816,-22.699896,-0.67670584,0.25687504,0.03567835
60632.69,-22.699896,-0.6780532,0.2562118,0.036027562
61640.566,-22.699896,-0.6797077,0.25537544,0.036446407
62648.44,-22.699896,-0.68149114,0.25444755,0.03689468
63656.32,-22.699896,-0.6832119,0.25352037,0.037329365
64664.195,-22.699896,-0.6846826,0.25268734,0.03770884
65672.07,-22.699896,-0.68573916,0.25203344,0.037996933
66679.945,-22.699896,-0.6862586,0.25162667,0.038166635
67687.82,-22.699896,-0.68617225,0.25151008,0.038203076
68695.695,-22.699896,-0.68547463,0.2516964,0.038105402
69703.57,-22.699896,-0.684228,0.25216597,0.037887454
70711.445,-22.699896,-0.68255806,0.25286645,0.03757675
71719.32,-22.699896,-0.6806425,0.253718,0.037212193
72727.195,-22.699896,-0.6786958,0.25462016,0.03684023
73735.08,-22.699896,-0.6769453,0.2554629,0.036510035
74742.95,-22.699896,-0.6756069,0.25613877,0.03626786
75750.83,-22.699896,-0.67485726,0.25655633,0.036151335
76758.7,-22.699896,-0.6748096,0.25665313,0.036184113
77766.58,-22.699896,-0.67549324,0.25640577,0.03637173
78774.45,-22.699896,-0.6768442,0.25583732,0.036699362
79782.33,-22.699896,-0.6787019,0.25501806,0.03713167
80790.2,-22.699896,-0.68082404,0.2540609,0.037615865
81798.08,-22.699896,-0.68291116,0.2531093,0.03808718
82805.95,-22.699896,-0.6846454,0.25231916,0.038477506
83813.83,-22.699896,-0.6857385,0.25183475,0.0387256
84821.7,-22.699896,-0.68598545,0.25176233,0.03878856
85829.58,-22.699896,-0.6853125,0.2521449,0.038652346
86837.45,-22.699896,-0.68381584,0.25294188,0.03833953
87845.33,-22.699896,-0.68177485,0.2540205,0.03791216
88853.2,-22.699896,-0.6796324,0.25516415,0.037467055
89861.08,-22.699896,-0.6779321,0.25610194,0.037121937
90868.95,-22.699896,-0.67720807,0.25656295,0.03699147
91876.83,-22.699896,-0.67783356,0.2563521,0.03715445
92884.71,-22.699896,-0.6798466,0.25543883,0.037616353
93892.586,-22.699896,-0.6827947,0.2540383,0.038276307
94900.46,-22.699896,-0.685673,0.25264683,0.038914442
95908.336,-22.699896,-0.68707025,0.25197372,0.039224666
96916.21,-22.699896,-0.68570095,0.25267714,0.038930874
97924.086,-22.699896,-0.68157613,0.2547754,0.038040936
98931.96,-22.699896,-0.67816705,0.25654712,0.037314653
99939.836,-22.699896,-0.6860456,0.25267008,0.039048985
160.16696,-22.094566,-0.6299871,0.40048957,0.014891352
1168.0425,-22.094566,-0.6193764,0.26419145,0.03066869
2175.918,-22.094566,-0.59820384,0.22184734,0.036343213
3183.7935,-22.094566,-0.5869088,0.22242692,0.038617715
4191.669,-22.094566,-0.59053296,0.23767282,0.040367372
5199.5444,-22.094566,-0.60643184,0.25359744,0.04238965
6207.42,-22.094566,-0.629071,0.2646558,0.044512928
7215.2954,-22.094566,-0.652779,0.26988444,0.046254527
8223.171,-22.094566,-0.6731223,0.27045283,0.04717251
9231.046,-22.094566,-0.6873956,0.26820567,0.0470187
10238.922,-22.094566,-0.6945797,0.26487625,0.04577029
11246.798,-22.094566,-0.6950216,0.2617358,0.043595046
12254.673,-22.094566,-0.6900023,0.25950912,0.040787064
13262.548,-22.094566,-0.6813026,0.25843698,0.03769689
14270.424,-22.094566,-0.6708295,0.2584056,0.03466978
15278.3,-22.094566,-0.6603284,0.2590907,0.031999435
16286.175,-22.094566,-0.65119684,0.26008758,0.029898927
17294.049,-22.094566,-0.64438814,0.2610115,0.028488498
18301.924,-22.094566,-0.6403892,0.2615635,0.027796917
19309.8,-22.094566,-0.63926184,0.26156366,0.02777341
20317.676,-22.094566,-0.640719,0.26095703,0.028306168
21325.55,-22.094566,-0.64422417,0.25979936,0.029243995
22333.428,-22.094566,-0.6490982,0.2582302,0.030418158
23341.303,-22.094566,-0.6546173,0.25643906,0.031662356
24349.178,-22.094566,-0.6600988,0.25463217,0.032828894
25357.053,-22.094566,-0.6649672,0.25300255,0.033800494
26364.928,-22.094566,-0.66879636,0.2517063,0.03449714
27372.805,-22.094566,-0.6713316,0.25084752,0.034878522
28380.68,-22.094566,-0.67248964,0.25047132,0.034942117
29388.555,-22.094566,-0.6723446,0.25056422,0.03471827
30396.432,-22.094566,-0.67109776,0.2510615,0.034262788
31404.307,-22.094566,-0.66904294,0.2518589,0.033648286
32412.182,-22.094566,-0.66652507,0.25282753,0.032955036
33420.06,-22.094566,-0.66390175,0.25382954,0.032262422
34427.934,-22.094566,-0.66150683,0.25473335,0.03164142
35435.81,-22.094566,-0.6596204,0.25542665,0.031148618
36443.684,-22.094566,-0.65844816,0.25582635,0.030822441
37451.562,-22.094566,-0.6581085,0.25588533,0.03068108
38459.438,-22.094566,-0.65862834,0.25559437,0.030722726
39467.312,-22.094566,-0.6599495,0.2549812,0.030927345
40475.188,-22.094566,-0.66193926,0.25410527,0.031260055
41483.062,-22.094566,-0.6644084,0.25305066,0.031675477
42490.938,-22.094566,-0.6671319,0.2519167,0.03212273
43498.812,-22.094566,-0.6698717,0.25080764,0.03255055
44506.69,-22.094566,-0.67239916,0.24982257,0.032912098
45514.566,-22.094566,-0.6745135,0.24904649,0.033169176
46522.44,-22.094566,-0.6760588,0.24854222,0.033295266
47530.316,-22.094566,-0.67693603,0.24834555,0.03327772
48538.19,-22.094566,-0.67710763,0.24846242,0.03311832
49546.066,-22.094566,-0.6765985,0.24886875,0.03283272
50553.938,-22.094566,-0.6754905,0.24951363,0.032448743
51561.812,-22.094566,-0.6739131,0.2503241,0.032003507
52569.688,-22.094566,-0.6720297,0.25121206,0.03153994
53577.562,-22.094566,-0.6700215,0.25208294,0.031102812
54585.438,-22.094566,-0.66807014,0.25284398,0.030734632
55593.312,-22.094566,-0.6663413,0.2534128,0.0304718
56601.19,-22.094566,-0.6649702,0.25372556,0.030341413
57609.066,-22.094566,-0.6640494,0.253742,0.030358663
58616.94,-22.094566,-0.66362065,0.25345024,0.03052564
59624.816,-22.094566,-0.6636724,0.2528676,0.030830877
60632.69,-22.094566,-0.66414243,0.25203916,0.03125047
61640.566,-22.094566,-0.6649231,0.2510342,0.031750135
62648.44,-22.094566,-0.66587377,0.24993984,0.03228822
63656.32,-22.094566,-0.6668345,0.24885274,0.03281966
64664.195,-22.094566,-0.66764385,0.24787012,0.033300057
65672.07,-22.094566,-0.6681551,0.24708004,0.033690117
66679.945,-22.094566,-0.6682532,0.24655241,0.033959504
67687.82,-22.094566,-0.66786855,0.24633124,0.034090113
68695.695,-22.094566,-0.66698635,0.24642926,0.034078166
69703.57,-22.094566,-0.66565096,0.24682541,0.033935104
70711.445,-22.094566,-0.66396517,0.24746579,0.03368687
71719.32,-22.094566,-0.6620796,0.24826802,0.03337158
72727.195,-22.094566,-0.6601811,0.24912909,0.03303591
73735.08,-22.094566,-0.658471,0.24993621,0.032730076
74742.95,-22.094566,-0.65714324,0.25057966,0.032502227
75750.83,-22.094566,-0.65635955,0.25096586,0.032392383
76758.7,-22.094566,-0.6562265,0.25103116,0.032426953
77766.58,-22.094566,-0.6567763,0.2507518,0.032614313
78774.45,-22.094566,-0.6579561,0.25015083,0.032942016
79782.33,-22.094566,-0.6596253,0.24929969,0.03337676
80790.2,-22.094566,-0.66156536,0.2483125,0.033866823
81798.08,-22.094566,-0.6635038,0.24733461,0.034347754
82805.95,-22.094566,-0.66514736,0.24652329,0.034750704
83813.83,-22.094566,-0.6662259,0.24602394,0.035013042
84821.7,-22.094566,-0.6665419,0.24594317,0.035089906
85829.58,-22.094566,-0.66601497,0.2463232,0.03496513
86837.45,-22.094566,-0.6647196,0.24712165,0.034659564
87845.33,-22.094566,-0.6628997,0.248203,0.03423421
88853.2,-22.094566,-0.66095173,0.24934699,0.033785973
89861.08,-22.094566,-0.65937036,0.25027937,0.033433877
90868.95,-22.094566,-0.6586497,0.25072634,0.03329503
91876.83,-22.094566,-0.65914345,0.25049186,0.033451308
92884.71,-22.094566,-0.660905,0.2495471,0.033910982
93892.586,-22.094566,-0.66354084,0.24811223,0.034574587
94900.46,-22.094566,-0.6661486,0.24669184,0.035221137
95908.336,-22.094566,-0.6674427,0.24600455,0.035540264
96916.21,-22.094566,-0.66623306,0.24671525,0.035249263
97924.086,-22.094566,-0.66249335,0.24883777,0.034350894
98931.96,-22.094566,-0.6593444,0.25062165,0.03360997
99939.836,-22.094566,-0.6664053,0.24666966,0.03535559
160.16696,-21.489235,-0.6185353,0.39603227,0.011013978
1168.0425,-21.489235,-0.59891146,0.2595698,0.026043333
2175.918,-21.489235,-0.5720619,0.21642835,0.031044422
3183.7935,-21.489235,-0.5575268,0.2161098,0.0329555
4191.669,-21.489235,-0.5596937,0.23063847,0.03467998
5199.5444,-21.489235,-0.5754081,0.24614057,0.03694009
6207.42,-21.489235,-0.59871745,0.25707972,0.03945172
7215.2954,-21.489235,-0.6236001,0.2624419,0.041621692
8223.171,-21.489235,-0.6453332,0.26331946,0.042920157
9231.046,-21.489235,-0.66098183,0.26147488,0.043041352
10238.922,-21.489235,-0.6693573,0.25856757,0.041935373
11246.798,-21.489235,-0.67069596,0.25581113,0.039768778
12254.673,-21.489235,-0.6662246,0.25389102,0.036853783
13262.548,-21.489235,-0.65771806,0.2530272,0.033571187
14270.424,-21.489235,-0.6471167,0.25310084,0.030302133
15278.3,-21.489235,-0.6362301,0.25379556,0.027376244
16286.175,-21.489235,-0.62653756,0.25472337,0.02503855
17294.049,-21.489235,-0.6190806,0.25552154,0.023434471
18301.924,-21.489235,-0.6144356,0.25591502,0.022609852
19309.8,-21.489235,-0.61274123,0.25574708,0.02252254
20317.676,-21.489235,-0.613774,0.2549832,0.023061488
21325.55,-21.489235,-0.6170416,0.25369525,0.02406956
22333.428,-21.489235,-0.6218884,0.2520342,0.025366995
23341.303,-21.489235,-0.6275954,0.2501959,0.026772998
24349.178,-21.489235,-0.63346606,0.24838832,0.028123695
25357.053,-21.489235,-0.6388974,0.24680187,0.029285468
26364.928,-21.489235,-0.6434257,0.24558714,0.030163212
27372.805,-21.489235,-0.64675206,0.24484049,0.030703662
28380.68,-21.489235,-0.6487486,0.2445979,0.030894306
29388.555,-21.489235,-0.64944565,0.24483667,0.030758785
30396.432,-21.489235,-0.64900875,0.24548346,0.030349582
31404.307,-21.489235,-0.6477032,0.24642657,0.02973916
32412.182,-21.489235,-0.64585537,0.24753131,0.029010544
33420.06,-21.489235,-0.6438152,0.2486559,0.028248094
34427.934,-21.489235,-0.64191896,0.24966685,0.027529482
35435.81,-21.489235,-0.6404588,0.25045177,0.02691906
36443.684,-21.489235,-0.6396591,0.2509292,0.026463345
37451.562,-21.489235,-0.6396613,0.25105473,0.026188524
38459.438,-21.489235,-0.64051956,0.2508228,0.026100017
39467.312,-21.489235,-0.6422003,0.2502648,0.026184011
40475.188,-21.489235,-0.6445938,0.24944422,0.026410457
41483.062,-21.489235,-0.647528,0.24844828,0.026737366
42490.938,-21.489235,-0.65078884,0.24737874,0.027115686
43498.812,-21.489235,-0.65414,0.24634111,0.027494617
44506.69,-21.489235,-0.6573475,0.24543484,0.027826456
45514.566,-21.489235,-0.6601954,0.24474323,0.028071122
46522.44,-21.489235,-0.6625065,0.2443271,0.028199546
47530.316,-21.489235,-0.66415346,0.24421862,0.028195964
48538.19,-21.489235,-0.6650667,0.24441937,0.028058983
49546.066,-21.489235,-0.665237,0.24490096,0.02780119
50553.938,-21.489235,-0.66471314,0.24560751,0.02744769
51561.812,-21.489235,-0.663594,0.24646154,0.027033448
52569.688,-21.489235,-0.66201794,0.24737151,0.02659989
53577.562,-21.489235,-0.6601482,0.24823952,0.026191011
54585.438,-21.489235,-0.6581573,0.24897115,0.02584922
55593.312,-21.489235,-0.6562119,0.24948394,0.025611512
56601.19,-21.489235,-0.6544567,0.24971463,0.025505988
57609.066,-21.489235,-0.6530047,0.24962577,0.025549298
58616.94,-21.489235,-0.65192556,0.24920891,0.025745066
59624.816,-21.489235,-0.65124273,0.24848609,0.026083373
60632.69,-21.489235,-0.6509325,0.24750781,0.026541613
61640.566,-21.489235,-0.6509289,0.24634928,0.02708643
62648.44,-21.489235,-0.65113044,0.24510336,0.027676614
63656.32,-21.489235,-0.6514142,0.24387228,0.028266877
64664.195,-21.489235,-0.65164775,0.24275798,0.028812082
65672.07,-21.489235,-0.6517064,0.24185218,0.0292715
66679.945,-21.489235,-0.6514865,0.24122715,0.02961291
67687.82,-21.489235,-0.65091896,0.24092786,0.029815875
68695.695,-21.489235,-0.64997894,0.24096647,0.029874153
69703.57,-21.489235,-0.6486911,0.24132006,0.029796634
70711.445,-21.489235,-0.6471304,0.2419316,0.029606894
71719.32,-21.489235,-0.6454148,0.2427148,0.029341117
72727.195,-21.489235,-0.6436947,0.24356224,0.029044528
73735.08,-21.489235,-0.64213794,0.24435674,0.028766647
74742.95,-21.489235,-0.64090896,0.24498455,0.028555665
75750.83,-21.489235,-0.64014846,0.24534927,0.028452434
76758.7,-21.489235,-0.6399525,0.2453852,0.02848493
77766.58,-21.489235,-0.64035463,0.24506839,0.028663628
78774.45,-21.489235,-0.64131695,0.2444234,0.028978715
79782.33,-21.489235,-0.6427244,0.24352406,0.029399484
80790.2,-21.489235,-0.6443932,0.24248853,0.029876819
81798.08,-21.489235,-0.64609,0.24146654,0.03034838
82805.95,-21.489235,-0.6475584,0.24061981,0.030746758
83813.83,-21.489235,-0.6485595,0.24009743,0.031009907
84821.7,-21.489235,-0.6489114,0.24000801,0.031092523
85829.58,-21.489235,-0.6485325,0.24039343,0.030977072
86837.45,-21.489235,-0.64747334,0.24120861,0.03068219
87845.33,-21.489235,-0.6459322,0.24231242,0.03026621
88853.2,-21.489235,-0.6442435,0.24347718,0.029823266
89861.08,-21.489235,-0.64283365,0.24442023,0.029470189
90868.95,-21.489235,-0.6421346,0.24486032,0.029322939
91876.83,-21.489235,-0.64246607,0.24459709,0.029463897
92884.71,-21.489235,-0.64389354,0.24360344,0.02990376
93892.586,-21.489235,-0.6460983,0.24210866,0.030547388
94900.46,-21.489235,-0.64831614,0.24063432,0.031179307
95908.336,-21.489235,-0.6494396,0.23992088,0.03149431
96916.21,-21.489235,-0.64842385,0.240651,0.03121182
97924.086,-21.489235,-0.6452083,0.24283375,0.030329458
98931.96,-21.489235,-0.64243615,0.24465942,0.029593838
99939.836,-21.489235,-0.64838177,0.24056391,0.031294864
160.16696,-20.883904,-0.6067293,0.39151925,0.0071138386
1168.0425,-20.883904,-0.57904947,0.25491893,0.02161542
2175.918,-20.883904,-0.5475233,0.21107996,0.026012192
3183.7935,-20.883904,-0.530177,0.20989774,0.027513301
4191.669,-20.883904,-0.5307147,0.22365096,0.029109476
5199.5444,-20.883904,-0.5457021,0.23860554,0.03150453
6207.42,-20.883904,-0.5690591,0.24927697,0.03434376
7215.2954,-20.883904,-0.59466225,0.25464126,0.03694648
8223.171,-20.883904,-0.6176587,0.2557424,0.038699877
9231.046,-20.883904,-0.6349465,0.2542749,0.03923157
10238.922,-20.883904,-0.6451468,0.2518255,0.038446046
11246.798,-20.883904,-0.6483052,0.2495407,0.036485627
12254.673,-20.883904,-0.645478,0.24805142,0.03365712
13262.548,-20.883904,-0.6383082,0.24753848,0.030350722
14270.424,-20.883904,-0.6286519,0.24786048,0.026967267
15278.3,-20.883904,-0.6182844,0.24869333,0.023861984
16286.175,-20.883904,-0.6086985,0.24965473,0.021307481
17294.049,-20.883904,-0.60098886,0.25039688,0.0194756
18301.924,-20.883904,-0.59581226,0.25066632,0.018435061
19309.8,-20.883904,-0.5934065,0.2503308,0.018161684
20317.676,-20.883904,-0.5936504,0.2493807,0.018556576
21325.55,-20.883904,-0.59614927,0.24791081,0.019468976
22333.428,-20.883904,-0.60033095,0.24609074,0.0207201
23341.303,-20.883904,-0.6055398,0.24413048,0.022125477
24349.178,-20.883904,-0.61112106,0.24224673,0.023514032
25357.053,-20.883904,-0.6164884,0.24063335,0.024742488
26364.928,-20.883904,-0.62117344,0.23943955,0.025704758
27372.805,-20.883904,-0.6248541,0.2387565,0.026336402
28380.68,-20.883904,-0.62736434,0.23861192,0.026614433
29388.555,-20.883904,-0.62868863,0.23897313,0.026553437
30396.432,-20.883904,-0.6289412,0.2397562,0.026198825
31404.307,-20.883904,-0.6283382,0.24083889,0.025618251
32412.182,-20.883904,-0.6271625,0.24207732,0.024892349
33420.06,-20.883904,-0.6257291,0.24332227,0.024105396
34427.934,-20.883904,-0.6243505,0.24443486,0.023337038
35435.81,-20.883904,-0.62330663,0.24529979,0.02265535
36443.684,-20.883904,-0.6228221,0.24583504,0.02211187
37451.562,-20.883904,-0.62305,0.24599765,0.021738611
38459.438,-20.883904,-0.6240629,0.2457853,0.021547161
39467.312,-20.883904,-0.6258536,0.24523388,0.02152973
40475.188,-20.883904,-0.62834036,0.24441196,0.021661796
41483.062,-20.883904,-0.63138014,0.24341217,0.021905964
42490.938,-20.883904,-0.6347839,0.24234104,0.022216756
43498.812,-20.883904,-0.63833606,0.24130821,0.022545595
44506.69,-20.883904,-0.6418143,0.24041563,0.022845773
45514.566,-20.883904,-0.64500713,0.23974875,0.023076901
46522.44,-20.883904,-0.64773184,0.23936754,0.023208471
47530.316,-20.883904,-0.64984775,0.23930283,0.02322238
48538.19,-20.883904,-0.65126324,0.2395535,0.023114145
49546.066,-20.883904,-0.6519418,0.2400869,0.022892905
50553.938,-20.883904,-0.6519018,0.24084267,0.022580162
51561.812,-20.883904,-0.6512103,0.24173854,0.022207428
52569.688,-20.883904,-0.6499756,0.24267791,0.021813087
53577.562,-20.883904,-0.64833504,0.24355908,0.021438679
54585.438,-20.883904,-0.64644265,0.24428427,0.021124925
55593.312,-20.883904,-0.64445394,0.24476883,0.020907938
56601.19,-20.883904,-0.6425132,0.2449497,0.020815836
57609.066,-20.883904,-0.64074206,0.24478985,0.020866062
58616.94,-20.883904,-0.63922876,0.24428363,0.021063684
59624.816,-20.883904,-0.6380244,0.24345694,0.021400789
60632.69,-20.883904,-0.63713837,0.24236539,0.021857085
61640.566,-20.883904,-0.6365423,0.24108967,0.022401603
62648.44,-20.883904,-0.6361743,0.23972861,0.022995349
63656.32,-20.883904,-0.63594794,0.23839012,0.023594946
64664.195,-20.883904,-0.63576335,0.23718116,0.024156524
65672.07,-20.883904,-0.63552016,0.23619737,0.024639986
66679.945,-20.883904,-0.63512874,0.23551352,0.025012892
67687.82,-20.883904,-0.63452387,0.23517537,0.025253825
68695.695,-20.883904,-0.63367176,0.2351942,0.025354784
69703.57,-20.883904,-0.6325774,0.23554449,0.025322327
70711.445,-20.883904,-0.63128567,0.23616508,0.025177212
71719.32,-20.883904,-0.6298775,0.23696461,0.024952669
72727.195,-20.883904,-0.6284638,0.23782986,0.024691077
73735.08,-20.883904,-0.62717146,0.23863801,0.024439482
74742.95,-20.883904,-0.6261304,0.23927017,0.02424426
75750.83,-20.883904,-0.6254543,0.23962612,0.024145361
76758.7,-20.883904,-0.625225,0.23963822,0.024170887
77766.58,-20.883904,-0.6254776,0.23928249,0.024332538
78774.45,-20.883904,-0.62618905,0.23858555,0.024622729
79782.33,-20.883904,-0.6272755,0.23762585,0.025013903
80790.2,-20.883904,-0.6285962,0.2365276,0.025460565
81798.08,-20.883904,-0.62996626,0.23544753,0.025904132
82805.95,-20.883904,-0.6311795,0.23455429,0.026280653
83813.83,-20.883904,-0.63203776,0.23400287,0.026530571
84821.7,-20.883904,-0.6323862,0.23390554,0.02660979
85829.58,-20.883904,-0.6321463,0.23430447,0.026500242
86837.45,-20.883904,-0.6313446,0.2351507,0.026218196
87845.33,-20.883904,-0.630128,0.23629571,0.025817897
88853.2,-20.883904,-0.62875634,0.23750064,0.025388215
89861.08,-20.883904,-0.6275688,0.23847027,0.025040338
90868.95,-20.883904,-0.62691814,0.23891169,0.024885632
91876.83,-20.883904,-0.6270744,0.23861752,0.025004247
92884.71,-20.883904,-0.62811005,0.23756188,0.025408676
93892.586,-20.883904,-0.6297907,0.23598653,0.026010541
94900.46,-20.883904,-0.6315207,0.23443773,0.026606034
95908.336,-20.883904,-0.6324153,0.23368844,0.026904175
96916.21,-20.883904,-0.6316208,0.23444891,0.026635153
97924.086,-20.883904,-0.62904817,0.2367237,0.02579214
98931.96,-20.883904,-0.6267623,0.23861802,0.025081813
99939.836,-20.883904,-0.63135624,0.23432206,0.026686326
160.16696,-20.278574,-0.5947659,0.38699728,0.0032243682
1168.0425,-20.278574,-0.5596971,0.25021824,0.017375302
2175.918,-20.278574,-0.5246324,0.2057694,0.021248994
3183.7935,-20.278574,-0.50514317,0.2037693,0.022314107
4191.669,-20.278574,-0.50406,0.2167041,0.02368737
5199.5444,-20.278574,-0.5178375,0.2309948,0.026106138
6207.42,-20.278574,-0.54056114,0.24124804,0.029190315
7215.2954,-20.278574,-0.56628364,0.2464712,0.032201182
8223.171,-20.278574,-0.5902229,0.24769112,0.034454845
9231.046,-20.278574,-0.6092124,0.24655277,0.035508722
10238.922,-20.278574,-0.62169516,0.24457495,0.03520683
11246.798,-20.278574,-0.6274661,0.24283141,0.03364574
12254.673,-20.278574,-0.627307,0.24188527,0.031103011
13262.548,-20.278574,-0.6226037,0.2418613,0.027955718
14270.424,-20.278574,-0.61500275,0.24257801,0.024605729
15278.3,-20.278574,-0.6061372,0.24368806,0.021420626
16286.175,-20.278574,-0.59743124,0.24480172,0.018693361
17294.049,-20.278574,-0.5899812,0.24557781,0.016620856
18301.924,-20.278574,-0.5845057,0.24577984,0.0152985845
19309.8,-20.278574,-0.58134866,0.24529976,0.014728214
20317.676,-20.278574,-0.5805236,0.24415538,0.014833847
21325.55,-20.278574,-0.5817808,0.24246922,0.015483353
22333.428,-20.278574,-0.58468926,0.24043642,0.016511498
23341.303,-20.278574,-0.58871603,0.23828809,0.017742012
24349.178,-20.278574,-0.59330434,0.23625642,0.01900683
25357.053,-20.278574,-0.59793437,0.23454474,0.020161107
26364.928,-20.278574,-0.60217166,0.23330577,0.021093467
27372.805,-20.278574,-0.6056959,0.23262848,0.02173138
28380.68,-20.278574,-0.6083173,0.23253426,0.02204212
29388.555,-20.278574,-0.6099732,0.23298053,0.022029823
30396.432,-20.278574,-0.61071825,0.23387149,0.021729726
31404.307,-20.278574,-0.6107005,0.2350725,0.021200381
32412.182,-20.278574,-0.61013556,0.23642756,0.020514915
33420.06,-20.278574,-0.60927665,0.23777698,0.019752188
34427.934,-20.278574,-0.608385,0.23897345,0.01898866
35435.81,-20.278574,-0.6077044,0.23989615,0.018291501
36443.684,-20.278574,-0.60743904,0.24046023,0.017713353
37451.562,-20.278574,-0.60773706,0.24062279,0.017289143
38459.438,-20.278574,-0.6086824,0.24038416,0.017034717
39467.312,-20.278574,-0.61029077,0.23978497,0.01694738
40475.188,-20.278574,-0.612514,0.23889992,0.017008107
41483.062,-20.278574,-0.6152467,0.23782858,0.01718488
42490.938,-20.278574,-0.61834043,0.2366846,0.017437022
43498.812,-20.278574,-0.62161773,0.23558429,0.01771985
44506.69,-20.278574,-0.6248878,0.23463511,0.017989367
45514.566,-20.278574,-0.62796396,0.23392631,0.01820653
46522.44,-20.278574,-0.63067716,0.23352048,0.01834079
47530.316,-20.278574,-0.6328889,0.2334488,0.018372685
48538.19,-20.278574,-0.6345002,0.23370878,0.01829519
49546.066,-20.278574,-0.63545704,0.23426501,0.018113986
50553.938,-20.278574,-0.63575155,0.23505285,0.01784651
51561.812,-20.278574,-0.63542,0.23598506,0.017519927
52569.688,-20.278574,-0.6345376,0.23695984,0.01716835
53577.562,-20.278574,-0.6332087,0.23787016,0.016829463
54585.438,-20.278574,-0.63155836,0.23861387,0.016540872
55593.312,-20.278574,-0.6297201,0.23910297,0.016336495
56601.19,-20.278574,-0.62782425,0.23927195,0.016243361
57609.066,-20.278574,-0.6259878,0.2390838,0.016279005
58616.94,-20.278574,-0.6243065,0.23853382,0.016449714
59624.816,-20.278574,-0.6228468,0.23765056,0.016749848
60632.69,-20.278574,-0.62164354,0.23649366,0.017162163
61640.566,-20.278574,-0.62069976,0.23514874,0.017659297
62648.44,-20.278574,-0.6199881,0.23372005,0.018206138
63656.32,-20.278574,-0.619458,0.23232096,0.018763024
64664.195,-20.278574,-0.61904204,0.23106332,0.01928939
65672.07,-20.278574,-0.6186662,0.23004669,0.019747674
66679.945,-20.278574,-0.6182581,0.22934823,0.020107012
67687.82,-20.278574,-0.6177588,0.2290144,0.020346409
68695.695,-20.278574,-0.61712873,0.2290553,0.020457052
69703.57,-20.278574,-0.61635476,0.22944228,0.020443533
70711.445,-20.278574,-0.61545235,0.23010957,0.020323694
71719.32,-20.278574,-0.6144657,0.2309598,0.020127077
72727.195,-20.278574,-0.6134622,0.23187324,0.019892022
73735.08,-20.278574,-0.61252666,0.23272052,0.019661607
74742.95,-20.278574,-0.6117485,0.23337689,0.019478688
75750.83,-20.278574,-0.611212,0.23373789,0.019380663
76758.7,-20.278574,-0.6109812,0.23373353,0.019394271
77766.58,-20.278574,-0.61109,0.23334034,0.019531421
78774.45,-20.278574,-0.6115318,0.23258793,0.019786295
79782.33,-20.278574,-0.6122568,0.23156053,0.02013458
80790.2,-20.278574,-0.61317146,0.23039001,0.020535195
81798.08,-20.278574,-0.61414826,0.22924218,0.020934664
82805.95,-20.278574,-0.615039,0.22829482,0.02127408
83813.83,-20.278574,-0.61569726,0.22771052,0.021498187
84821.7,-20.278574,-0.6160023,0.22760648,0.021565551
85829.58,-20.278574,-0.615885,0.22802567,0.0214585
86837.45,-20.278574,-0.6153499,0.228915,0.021190932
87845.33,-20.278574,-0.6144888,0.23011668,0.020811956
88853.2,-20.278574,-0.6134786,0.23137811,0.020403016
89861.08,-20.278574,-0.61255914,0.2323883,0.020066787
90868.95,-20.278574,-0.6119884,0.23283944,0.019906787
91876.83,-20.278574,-0.6119738,0.2325147,0.019998454
92884.71,-20.278574,-0.6125878,0.23138884,0.020355202
93892.586,-20.278574,-0.61368597,0.22971857,0.020897366
94900.46,-20.278574,-0.6148604,0.22808048,0.021437991
95908.336,-20.278574,-0.61548364,0.22728832,0.021708313
96916.21,-20.278574,-0.61492795,0.22808765,0.021457119
97924.086,-20.278574,-0.61308795,0.2304792,0.020674188
98931.96,-20.278574,-0.61137956,0.23246399,0.020007735
99939.836,-20.278574,-0.61446655,0.2279262,0.021471929
160.16696,-19.673244,-0.58286196,0.3825173,-0.00061505986
1168.0425,-19.673244,-0.5406332,0.24545671,0.013297067
2175.918,-19.673244,-0.50314176,0.20047286,0.016735533
3183.7935,-19.673244,-0.48232904,0.19771431,0.01736564
4191.669,-19.673244,-0.47980654,0.20981023,0.018441392
5199.5444,-19.673244,-0.4920009,0.22333965,0.020774264
6207.42,-19.673244,-0.5134149,0.233033,0.024002515
7215.2954,-19.673244,-0.5385544,0.2379671,0.02736292
8223.171,-19.673244,-0.5629261,0.23918487,0.03011904
9231.046,-19.673244,-0.5834327,0.23830219,0.03176152
10238.922,-19.673244,-0.59838283,0.23677948,0.03206516
11246.798,-19.673244,-0.60729396,0.23561586,0.031063834
12254.673,-19.673244,-0.61059445,0.23529746,0.028984863
13262.548,-19.673244,-0.60930604,0.23587939,0.026170785
14270.424,-19.673244,-0.60475194,0.23712398,0.023005476
15278.3,-19.673244,-0.59831774,0.2386457,0.019854082
16286.175,-19.673244,-0.5912726,0.2400346,0.0170204
17294.049,-19.673244,-0.5846551,0.2409461,0.014722373
18301.924,-19.673244,-0.5792136,0.24115494,0.01308334
19309.8,-19.673244,-0.575394,0.24057443,0.0121361725
20317.676,-19.673244,-0.57336146,0.23925048,0.011836445
21325.55,-19.673244,-0.57304686,0.23733662,0.012081275
22333.428,-19.673244,-0.5742052,0.23505798,0.012730379
23341.303,-19.673244,-0.57647955,0.23267268,0.013626885
24349.178,-19.673244,-0.5794613,0.23043424,0.014615894
25357.053,-19.673244,-0.58274376,0.22856124,0.015559504
26364.928,-19.673244,-0.5859635,0.22721432,0.016347352
27372.805,-19.673244,-0.5888315,0.2264843,0.01690295
28380.68,-19.673244,-0.59114873,0.22638822,0.017185573
29388.555,-19.673244,-0.5928129,0.22687487,0.017188648
30396.432,-19.673244,-0.593813,0.2278365,0.016935188
31404.307,-19.673244,-0.5942172,0.22912481,0.016471189
32412.182,-19.673244,-0.5941546,0.23057011,0.015857942
33420.06,-19.673244,-0.5937942,0.23199965,0.015164065
34427.934,-19.673244,-0.59332323,0.23325564,0.014457914
35435.81,-19.673244,-0.5929259,0.23420922,0.013801095
36443.684,-19.673244,-0.59276617,0.23477086,0.013243376
37451.562,-19.673244,-0.592973,0.23489644,0.012819288
38459.438,-19.673244,-0.5936311,0.23458798,0.012546568
39467.312,-19.673244,-0.5947758,0.23389074,0.0124261975
40475.188,-19.673244,-0.5963937,0.23288614,0.012444071
41483.062,-19.673244,-0.5984256,0.23168193,0.012573745
42490.938,-19.673244,-0.6007751,0.23040052,0.012780189
43498.812,-19.673244,-0.603318,0.2291668,0.01302387
44506.69,-19.673244,-0.6059141,0.2280961,0.013264999
45514.566,-19.673244,-0.60841924,0.22728394,0.013467422
46522.44,-19.673244,-0.6106965,0.22679758,0.013602005
47530.316,-19.673244,-0.61262697,0.22667062,0.013649058
48538.19,-19.673244,-0.6141172,0.2269007,0.01359984
49546.066,-19.673244,-0.6151063,0.22745082,0.013456947
50553.938,-19.673244,-0.61556685,0.22825292,0.013233665
51561.812,-19.673244,-0.615507,0.22921492,0.012952367
52569.688,-19.673244,-0.6149666,0.23022945,0.012642123
53577.562,-19.673244,-0.61401194,0.23118363,0.012335751
54585.438,-19.673244,-0.6127312,0.2319698,0.01206659
55593.312,-19.673244,-0.6112241,0.23249528,0.011865275
56601.19,-19.673244,-0.60959494,0.23269096,0.011756776
57609.066,-19.673244,-0.6079439,0.2325178,0.011758
58616.94,-19.673244,-0.6063596,0.2319708,0.011876127
59624.816,-19.673244,-0.60491323,0.23107983,0.012107784
60632.69,-19.673244,-0.60365444,0.2299072,0.012439277
61640.566,-19.673244,-0.60260946,0.22854263,0.012847704
62648.44,-19.673244,-0.6017802,0.22709493,0.013303038
63656.32,-19.673244,-0.6011484,0.22568238,0.013770845
64664.195,-19.673244,-0.60067815,0.22442137,0.014215476
65672.07,-19.673244,-0.6003224,0.22341512,0.014603616
66679.945,-19.673244,-0.60002905,0.22274314,0.0149075035
67687.82,-19.673244,-0.5997484,0.22245248,0.015107851
68695.695,-19.673244,-0.5994386,0.22255187,0.015196028
69703.57,-19.673244,-0.5990723,0.22300956,0.015175199
70711.445,-19.673244,-0.5986385,0.22375476,0.015060313
71719.32,-19.673244,-0.5981454,0.22468397,0.014876835
72727.195,-19.673244,-0.5976187,0.22567055,0.014658237
73735.08,-19.673244,-0.5970988,0.22657804,0.0144424355
74742.95,-19.673244,-0.5966352,0.22727565,0.014267452
75750.83,-19.673244,-0.5962782,0.22765425,0.014166671
76758.7,-19.673244,-0.5960731,0.2276418,0.014164265
77766.58,-19.673244,-0.59605,0.22721508,0.01427132
78774.45,-19.673244,-0.59621847,0.22640762,0.014483219
79782.33,-19.673244,-0.59656215,0.22530988,0.0147788515
80790.2,-19.673244,-0.59703815,0.22406276,0.015122034
81798.08,-19.673244,-0.5975792,0.22284226,0.015465297
82805.95,-19.673244,-0.5981019,0.22183663,0.0157561
83813.83,-19.673244,-0.59851676,0.2212175,0.015944839
84821.7,-19.673244,-0.59874445,0.22110786,0.015994012
85829.58,-19.673244,-0.59873027,0.22155203,0.01588715
86837.45,-19.673244,-0.5984602,0.22249277,0.01563593
87845.33,-19.673244,-0.59797066,0.2237617,0.015283573
88853.2,-19.673244,-0.59735143,0.22509144,0.014902482
89861.08,-19.673244,-0.59673613,0.22615282,0.014584482
90868.95,-19.673244,-0.5962779,0.22662103,0.01442268
91876.83,-19.673244,-0.5961115,0.22626813,0.0144855995
92884.71,-19.673244,-0.5963033,0.22506881,0.014786755
93892.586,-19.673244,-0.59679765,0.22329609,0.015256417
94900.46,-19.673244,-0.5973847,0.2215602,0.015728552
95908.336,-19.673244,-0.5977127,0.22072098,0.015962895
96916.21,-19.673244,-0.59740496,0.22156446,0.015733367
97924.086,-19.673244,-0.5963512,0.22408864,0.015027594
98931.96,-19.673244,-0.5952853,0.22617885,0.014421032
99939.836,-19.673244,-0.5967993,0.22137585,0.015712012
160.16696,-19.067913,-0.57123274,0.3781276,-0.0043618297
1168.0425,-19.067913,-0.52156264,0.24063298,0.009344793
2175.918,-19.067913,-0.48258653,0.19517598,0.012436138
3183.7935,-19.067913,-0.4613199,0.19173272,0.0126616275
4191.669,-19.067913,-0.45768613,0.2029964,0.013393308
5199.5444,-19.067913,-0.46806285,0.21569459,0.015541267
6207.42,-19.067913,-0.48755673,0.22470406,0.018800335
7215.2954,-19.067913,-0.5113654,0.22920522,0.02241787
8223.171,-19.067913,-0.5355006,0.23028797,0.025628835
9231.046,-19.067913,-0.55708236,0.22956282,0.027867928
10238.922,-19.067913,-0.57436246,0.2284441,0.028839657
11246.798,-19.067913,-0.58658946,0.2278599,0.028505005
12254.673,-19.067913,-0.5937961,0.22821483,0.027025316
13262.548,-19.067913,-0.59656537,0.22948445,0.024690563
14270.424,-19.067913,-0.5958071,0.2313629,0.021849172
15278.3,-19.067913,-0.5925684,0.23341286,0.018848963
16286.175,-19.067913,-0.58788425,0.23519213,0.015993604
17294.049,-19.067913,-0.5826733,0.23634303,0.013515582
18301.924,-19.067913,-0.57767326,0.23664372,0.011563998
19309.8,-19.067913,-0.5734126,0.23602483,0.010204891
20317.676,-19.067913,-0.57020974,0.23455866,0.009430573
21325.55,-19.067913,-0.5681927,0.23243022,0.009174873
22333.428,-19.067913,-0.5673327,0.22989766,0.009331313
23341.303,-19.067913,-0.56748426,0.22724964,0.009771708
24349.178,-19.067913,-0.56842613,0.22476572,0.0103632165
25357.053,-19.067913,-0.56990194,0.22268416,0.010982616
26364.928,-19.067913,-0.57165366,0.22117814,0.011526931
27372.805,-19.067913,-0.5734482,0.2203437,0.011920167
28380.68,-19.067913,-0.5750968,0.22019652,0.012116291
29388.555,-19.067913,-0.5764662,0.22067845,0.01209883
30396.432,-19.067913,-0.5774823,0.22167073,0.011877762
31404.307,-19.067913,-0.5781274,0.22301152,0.0114844255
32412.182,-19.067913,-0.57843286,0.22451644,0.010965155
33420.06,-19.067913,-0.5784688,0.2259989,0.010374529
34427.934,-19.067913,-0.57833076,0.22728877,0.009768786
35435.81,-19.067913,-0.5781268,0.2282475,0.009199982
36443.684,-19.067913,-0.5779645,0.22877951,0.008711308
37451.562,-19.067913,-0.57794034,0.22883788,0.008333805
38459.438,-19.067913,-0.5781305,0.22842565,0.008084634
39467.312,-19.067913,-0.5785851,0.22759221,0.007966751
40475.188,-19.067913,-0.5793249,0.22642577,0.007970004
41483.062,-19.067913,-0.5803407,0.22504272,0.008073307
42490.938,-19.067913,-0.5815963,0.22357519,0.008247603
43498.812,-19.067913,-0.5830322,0.2221581,0.0084593445
44506.69,-19.067913,-0.5845716,0.22091612,0.008674074
45514.566,-19.067913,-0.58612776,0.21995297,0.008859863
46522.44,-19.067913,-0.5876107,0.21934201,0.008990255
47530.316,-19.067913,-0.58893543,0.21912107,0.009046547
48538.19,-19.067913,-0.5900265,0.21928951,0.009019192
49546.066,-19.067913,-0.59082556,0.21980971,0.008908359
50553.938,-19.067913,-0.59129304,0.22061095,0.008723525
51561.812,-19.067913,-0.5914117,0.22159675,0.0084822355
52569.688,-19.067913,-0.59118664,0.22265422,0.008208163
53577.562,-19.067913,-0.59064305,0.22366428,0.007928677
54585.438,-19.067913,-0.5898255,0.22451304,0.007672152
55593.312,-19.067913,-0.58879197,0.22510198,0.0074650925
56601.19,-19.067913,-0.5876098,0.22535737,0.007329678
57609.066,-19.067913,-0.5863513,0.22523679,0.0072815516
58616.94,-19.067913,-0.58508694,0.22473352,0.0073283054
59624.816,-19.067913,-0.5838814,0.22387739,0.007468709
60632.69,-19.067913,-0.5827888,0.22273228,0.0076927245
61640.566,-19.067913,-0.58185047,0.22139066,0.007982392
62648.44,-19.067913,-0.5810915,0.21996525,0.008313479
63656.32,-19.067913,-0.5805213,0.21857844,0.008657746
64664.195,-19.067913,-0.5801333,0.21735075,0.008985624
65672.07,-19.067913,-0.5799082,0.21638882,0.009269208
66679.945,-19.067913,-0.5798152,0.2157743,0.009485008
67687.82,-19.067913,-0.57981783,0.21555497,0.009616546
68695.695,-19.067913,-0.5798762,0.21573842,0.009656175
69703.57,-19.067913,-0.57995224,0.21628974,0.009606183
70711.445,-19.067913,-0.58001375,0.21713354,0.009478847
71719.32,-19.067913,-0.58003676,0.21816017,0.009295406
72727.195,-19.067913,-0.58000755,0.21923608,0.009084004
73735.08,-19.067913,-0.57992435,0.220218,0.008876657
74742.95,-19.067913,-0.5797958,0.22096884,0.008705617
75750.83,-19.067913,-0.5796398,0.22137505,0.008599276
76758.7,-19.067913,-0.5794795,0.22136223,0.008578243
77766.58,-19.067913,-0.57934004,0.22090776,0.00865202
78774.45,-19.067913,-0.57924485,0.22004879,0.008816668
79782.33,-19.067913,-0.57920957,0.21888259,0.009054087
80790.2,-19.067913,-0.5792405,0.21755925,0.009333196
81798.08,-19.067913,-0.5793321,0.21626568,0.009613119
82805.95,-19.067913,-0.5794663,0.21520111,0.009848474
83813.83,-19.067913,-0.57961446,0.2145468,0.009996315
84821.7,-19.067913,-0.57974184,0.21443221,0.010023973
85829.58,-19.067913,-0.57981247,0.21490347,0.009916826
86837.45,-19.067913,-0.57979757,0.21589908,0.009684505
87845.33,-19.067913,-0.57968086,0.2172406,0.0093639465
88853.2,-19.067913,-0.57946604,0.21864478,0.009017415
89861.08,-19.067913,-0.5791784,0.21976379,0.008724278
90868.95,-19.067913,-0.5788631,0.22025473,0.008565335
91876.83,-19.067913,-0.57857627,0.21987739,0.008600596
92884.71,-19.067913,-0.5783711,0.2186061,0.008842781
93892.586,-19.067913,-0.5782774,0.21673004,0.009232894
94900.46,-19.067913,-0.57828057,0.21489424,0.009628441
95908.336,-19.067913,-0.57831025,0.21400638,0.009822104
96916.21,-19.067913,-0.5782507,0.21489573,0.009617599
97924.086,-19.067913,-0.5779991,0.21755861,0.0090017505
98931.96,-19.067913,-0.5776095,0.21976162,0.008467702
99939.836,-19.067913,-0.57757294,0.21468775,0.009564772
160.16696,-18.462582,-0.5600685,0.37387013,-0.007972773
1168.0425,-18.462582,-0.5021752,0.23575409,0.005479558
2175.918,-18.462582,-0.46237916,0.18987353,0.008305691
3183.7935,-18.462582,-0.4414811,0.18583201,0.00818477
4191.669,-18.462582,-0.4371668,0.19629897,0.008557754
5199.5444,-18.462582,-0.44564295,0.20812827,0.0104397
6207.42,-18.462582,-0.46271735,0.21635586,0.013611499
7215.2954,-18.462582,-0.4844631,0.22029196,0.017364899
8223.171,-18.462582,-0.5075841,0.22110201,0.020934097
9231.046,-18.462582,-0.5295718,0.22041482,0.023715518
10238.922,-18.462582,-0.5487203,0.21961479,0.02535021
11246.798,-18.462582,-0.564055,0.21956691,0.025723971
12254.673,-18.462582,-0.5752126,0.22059491,0.024923153
13262.548,-18.462582,-0.5823025,0.22259037,0.023172246
14270.424,-18.462582,-0.5857645,0.22517055,0.020769842
15278.3,-18.462582,-0.586241,0.2278366,0.018032776
16286.175,-18.462582,-0.5844677,0.23010348,0.015253049
17294.049,-18.462582,-0.58118457,0.23159064,0.012669181
18301.924,-18.462582,-0.5770734,0.23207206,0.010451001
19309.8,-18.462582,-0.57271373,0.2314893,0.00869601
20317.676,-18.462582,-0.56856126,0.22993758,0.0074345227
21325.55,-18.462582,-0.5649386,0.22763196,0.0066407933
22333.428,-18.462582,-0.5620416,0.2248635,0.006247564
23341.303,-18.462582,-0.5599525,0.22195317,0.006161658
24349.178,-18.462582,-0.55866086,0.21920945,0.006278934
25357.053,-18.462582,-0.558085,0.21689339,0.0064972467
26364.928,-18.462582,-0.5580962,0.21519433,0.0067265183
27372.805,-18.462582,-0.5585394,0.21421684,0.006895747
28380.68,-18.462582,-0.5592544,0.21397829,0.0069567305
29388.555,-18.462582,-0.56008947,0.21441604,0.0068849414
30396.432,-18.462582,-0.56091493,0.215402,0.0066778283
31404.307,-18.462582,-0.56162953,0.21676186,0.006351405
32412.182,-18.462582,-0.562165,0.21829711,0.005935456
33420.06,-18.462582,-0.5624863,0.21980691,0.005468228
34427.934,-18.462582,-0.5625893,0.22110826,0.0049910983
35435.81,-18.462582,-0.5624953,0.22205222,0.0045436546
36443.684,-18.462582,-0.5622456,0.22253582,0.0041596615
37451.562,-18.462582,-0.5618945,0.22250858,0.0038640562
38459.438,-18.462582,-0.561502,0.22197345,0.0036712124
39467.312,-18.462582,-0.56112707,0.22098315,0.0035843775
40475.188,-18.462582,-0.5608218,0.21963227,0.0035962022
41483.062,-18.462582,-0.56062764,0.21804577,0.0036903578
42490.938,-18.462582,-0.5605711,0.21636572,0.0038436893
43498.812,-18.462582,-0.5606624,0.21473747,0.004029
44506.69,-18.462582,-0.56089616,0.21329597,0.0042178826
45514.566,-18.462582,-0.5612518,0.21215373,0.004383547
46522.44,-18.462582,-0.5616963,0.21139175,0.004503279
47530.316,-18.462582,-0.5621875,0.21105292,0.004560413
48538.19,-18.462582,-0.562678,0.2111395,0.0045455955
49546.066,-18.462582,-0.5631195,0.21161428,0.00445737
50553.938,-18.462582,-0.56346637,0.2124045,0.004301963
51561.812,-18.462582,-0.5636803,0.21340998,0.004092425
52569.688,-18.462582,-0.563733,0.21451247,0.003847153
53577.562,-18.462582,-0.563608,0.21558657,0.0035879412
54585.438,-18.462582,-0.56330293,0.21651186,0.0033378103
55593.312,-18.462582,-0.56282896,0.21718349,0.0031187402
56601.19,-18.462582,-0.5622102,0.21752211,0.0029495512
57609.066,-18.462582,-0.5614824,0.21748108,0.0028441064
58616.94,-18.462582,-0.56068945,0.21705088,0.002809983
59624.816,-18.462582,-0.5598806,0.2162601,0.0028477183
60632.69,-18.462582,-0.55910677,0.21517317,0.0029507792
61640.566,-18.462582,-0.5584161,0.21388438,0.0031061657
62648.44,-18.462582,-0.55785066,0.2125093,0.0032956568
63656.32,-18.462582,-0.5574436,0.21117395,0.0034976038
64664.195,-18.462582,-0.55721575,0.21000244,0.003689064
65672.07,-18.462582,-0.5571736,0.20910457,0.0038481932
66679.945,-18.462582,-0.5573103,0.20856428,0.0039565093
67687.82,-18.462582,-0.5576046,0.20843011,0.004000975
68695.695,-18.462582,-0.55802256,0.20870881,0.0039755604
69703.57,-18.462582,-0.5585211,0.209363,0.0038821541
70711.445,-18.462582,-0.55905116,0.21031304,0.0037306575
71719.32,-18.462582,-0.55956197,0.21144365,0.0035381732
72727.195,-18.462582,-0.5600051,0.21261495,0.0033274088
73735.08,-18.462582,-0.56034034,0.21367711,0.0031242007
74742.95,-18.462582,-0.5605379,0.21448727,0.0029545533
75750.83,-18.462582,-0.56058306,0.21492723,0.002841317
76758.7,-18.462582,-0.5604774,0.21492034,0.0028010039
77766.58,-18.462582,-0.56023926,0.21444446,0.0028409786
78774.45,-18.462582,-0.5599016,0.21354009,0.0029576006
79782.33,-18.462582,-0.55950993,0.21231097,0.0031355568
80790.2,-18.462582,-0.55911636,0.21091615,0.0033488693
81798.08,-18.462582,-0.55877334,0.20955306,0.0035634665
82805.95,-18.462582,-0.558526,0.20843177,0.0037415505
83813.83,-18.462582,-0.5584059,0.20774323,0.0038473345
84821.7,-18.462582,-0.5584237,0.20762365,0.0038535087
85829.58,-18.462582,-0.5585654,0.20812117,0.0037477242
86837.45,-18.462582,-0.55879015,0.20917077,0.003537766
87845.33,-18.462582,-0.55903494,0.21058418,0.0032541007
88853.2,-18.462582,-0.5592224,0.21206322,0.0029483542
89861.08,-18.462582,-0.55927306,0.21324158,0.0026865066
90868.95,-18.462582,-0.55912566,0.21375853,0.002535975
91876.83,-18.462582,-0.5587574,0.21336147,0.002547147
92884.71,-18.462582,-0.55820286,0.21202357,0.002731376
93892.586,-18.462582,-0.5575683,0.21004921,0.0030405163
94900.46,-18.462582,-0.55702513,0.20811689,0.0033569436
95908.336,-18.462582,-0.55677366,0.20718142,0.0035087252
96916.21,-18.462582,-0.55695474,0.20811476,0.0033321774
97924.086,-18.462582,-0.5574842,0.21091299,0.0028144296
98931.96,-18.462582,-0.5577726,0.2132283,0.002361719
99939.836,-18.462582,-0.55628663,0.20789467,0.003256326
160.16696,-17.857252,-0.54951596,0.36977625,-0.011407091
1168.0425,-17.857252,-0.48220095,0.23083352,0.0016657158
2175.918,-17.857252,-0.4419098,0.18456744,0.0042965356
3183.7935,-17.857252,-0.42207006,0.18002363,0.003910074
4191.669,-17.857252,-0.4175547,0.18975663,0.003941795
5199.5444,-17.857252,-0.42419207,0.20071436,0.005499642
6207.42,-17.857252,-0.43849334,0.20809306,0.008469597
7215.2954,-17.857252,-0.45751634,0.21135123,0.012217821
8223.171,-17.857252,-0.47880378,0.2117536,0.016007327
9231.046,-17.857252,-0.5003591,0.21097013,0.019219194
10238.922,-17.857252,-0.52063286,0.2103734,0.021445278
11246.798,-17.857252,-0.5385046,0.21077742,0.022501737
12254.673,-17.857252,-0.5532559,0.21243119,0.022398239
13262.548,-17.857252,-0.56452894,0.21514261,0.02128678
14270.424,-17.857252,-0.57227606,0.21844867,0.019406013
15278.3,-17.857252,-0.57669955,0.22178236,0.017030336
16286.175,-17.857252,-0.578189,0.22460788,0.014428918
17294.049,-17.857252,-0.5772583,0.22651325,0.011836622
18301.924,-17.857252,-0.5744856,0.22726008,0.009436356
19309.8,-17.857252,-0.5704625,0.22679426,0.0073519764
20317.676,-17.857252,-0.56574863,0.22522834,0.0056491243
21325.55,-17.857252,-0.56083953,0.22280341,0.0043421267
22333.428,-17.857252,-0.55614287,0.21984155,0.0034044345
23341.303,-17.857252,-0.5519659,0.21669562,0.0027808587
24349.178,-17.857252,-0.5485115,0.21370342,0.0023998336
25357.053,-17.857252,-0.5458827,0.21115083,0.0021845652
26364.928,-17.857252,-0.54409266,0.20924553,0.0020622376
27372.805,-17.857252,-0.54308057,0.20810369,0.0019707764
28380.68,-17.857252,-0.5427295,0.20774703,0.0018631913
29388.555,-17.857252,-0.5428843,0.20811136,0.0017094079
30396.432,-17.857252,-0.54337233,0.20906171,0.0014960885
31404.307,-17.857252,-0.54401904,0.21041308,0.0012247202
32412.182,-17.857252,-0.544663,0.21195437,0.0009085473
33420.06,-17.857252,-0.54516786,0.2134714,0.0005688296
34427.934,-17.857252,-0.54542994,0.21476865,0.0002308723
35435.81,-17.857252,-0.54538244,0.21568662,-7.978571e-05
36443.684,-17.857252,-0.5449971,0.21611454,-0.0003405594
37451.562,-17.857252,-0.5442806,0.21599743,-0.00053441897
38459.438,-17.857252,-0.5432712,0.2153374,-0.0006514513
39467.312,-17.857252,-0.5420314,0.21418962,-0.0006896127
40475.188,-17.857252,-0.5406404,0.21265404,-0.000654561
41483.062,-17.857252,-0.53918505,0.21086337,-0.00055869017
42490.938,-17.857252,-0.53775305,0.20896912,-0.00041967677
43498.812,-17.857252,-0.5364239,0.20712677,-0.00025842432
44506.69,-17.857252,-0.53526425,0.20548125,-9.704009e-05
45514.566,-17.857252,-0.53432184,0.20415448,4.3360982e-05
46522.44,-17.857252,-0.533624,0.20323499,0.00014451519
47530.316,-17.857252,-0.53317636,0.20277143,0.00019264827
48538.19,-17.857252,-0.53296435,0.2027696,0.00017943932
49546.066,-17.857252,-0.5329547,0.20319322,0.000102647115
50553.938,-17.857252,-0.53310096,0.20396842,-3.3971155e-05
51561.812,-17.857252,-0.53334767,0.20499174,-0.00022125337
52569.688,-17.857252,-0.53363574,0.20613992,-0.00044568733
53577.562,-17.857252,-0.53390926,0.20728174,-0.0006908042
54585.438,-17.857252,-0.5341189,0.20829006,-0.0009388641
55593.312,-17.857252,-0.5342276,0.20905368,-0.001172563
56601.19,-17.857252,-0.5342139,0.20948742,-0.0013766781
57609.066,-17.857252,-0.534073,0.20953965,-0.0015395124
58616.94,-17.857252,-0.5338169,0.2091974,-0.0016539592
59624.816,-17.857252,-0.5334743,0.20848739,-0.0017181365
60632.69,-17.857252,-0.5330863,0.20747358,-0.0017355097
61640.566,-17.857252,-0.53270304,0.20625131,-0.0017144817
62648.44,-17.857252,-0.5323789,0.20493849,-0.0016675146
63656.32,-17.857252,-0.5321661,0.2036641,-0.0016098232
64664.195,-17.857252,-0.5321099,0.20255545,-0.0015577467
65672.07,-17.857252,-0.5322431,0.20172536,-0.0015269779
66679.945,-17.857252,-0.5325812,0.2012601,-0.0015308071
67687.82,-17.857252,-0.5331212,0.20120938,-0.0015785242
68695.695,-17.857252,-0.53383875,0.20157966,-0.0016742256
69703.57,-17.857252,-0.5346901,0.20233162,-0.0018160851
70711.445,-17.857252,-0.53561515,0.20338212,-0.001996261
71719.32,-17.857252,-0.5365419,0.20461135,-0.0022014831
72727.195,-17.857252,-0.5373929,0.2058737,-0.0024143108
73735.08,-17.857252,-0.5380941,0.20701349,-0.0026149894
74742.95,-17.857252,-0.53858155,0.2078824,-0.002783741
75750.83,-17.857252,-0.5388101,0.20835805,-0.0029033262
76758.7,-17.857252,-0.5387599,0.20836143,-0.0029615345
77766.58,-17.857252,-0.5384404,0.20787041,-0.002953316
78774.45,-17.857252,-0.5378923,0.2069284,-0.0028822436
79782.33,-17.857252,-0.5371852,0.20564471,-0.0027610303
80790.2,-17.857252,-0.5364107,0.20418632,-0.0026107146
81798.08,-17.857252,-0.53567356,0.20276038,-0.0024586334
82805.95,-17.857252,-0.5350776,0.20158702,-0.0023349833
83813.83,-17.857252,-0.53470945,0.20086625,-0.002268332
84821.7,-17.857252,-0.53462356,0.20074072,-0.0022804278
85829.58,-17.857252,-0.5348282,0.20126109,-0.0023811923
86837.45,-17.857252,-0.53527534,0.20235941,-0.0025645609
87845.33,-17.857252,-0.53586096,0.20383887,-0.0028064195
88853.2,-17.857252,-0.5364341,0.20538765,-0.0030658715
89861.08,-17.857252,-0.5368206,0.20662259,-0.0032905173
90868.95,-17.857252,-0.5368594,0.20716642,-0.003426698
91876.83,-17.857252,-0.53645146,0.20675445,-0.0034340934
92884.71,-17.857252,-0.5356106,0.20535827,-0.0033031732
93892.586,-17.857252,-0.5345086,0.20329547,-0.0030714753
94900.46,-17.857252,-0.5334837,0.20127499,-0.0028316716
95908.336,-17.857252,-0.5329846,0.20029491,-0.0027198023
96916.21,-17.857252,-0.53339314,0.20126712,-0.0028659897
97924.086,-17.857252,-0.5346506,0.20418896,-0.003281897
98931.96,-17.857252,-0.5355879,0.2066088,-0.0036484355
99939.836,-17.857252,-0.5328167,0.20104055,-0.0029538497
160.16696,-17.25192,-0.53966516,0.36586523,-0.014628893
1168.0425,-17.25192,-0.46145508,0.22588906,-0.0021237943
2175.918,-17.25192,-0.4206382,0.17926437,0.0003647945
3183.7935,-17.25192,-0.4023475,0.17431904,-0.00019127829
4191.669,-17.25192,-0.3981036,0.18340431,-0.0004548221
5199.5444,-17.25192,-0.40308636,0.1935217,0.00074672897
6207.42,-17.25192,-0.41442463,0.20001884,0.0034120763
7215.2954,-17.25192,-0.43018916,0.20251141,0.007006177
8223.171,-17.25192,-0.44885296,0.20238172,0.010849692
9231.046,-17.25192,-0.46904868,0.20136109,0.014334647
10238.922,-17.25192,-0.48950025,0.20082974,0.017023666
11246.798,-17.25192,-0.5090421,0.20156592,0.018675815
12254.673,-17.25192,-0.5266754,0.20375434,0.019229317
13262.548,-17.25192,-0.5416238,0.20712487,0.018762901
14270.424,-17.25192,-0.55337137,0.21113548,0.017449835
15278.3,-17.25192,-0.56167704,0.21514842,0.015513695
16286.175,-17.25192,-0.5665624,0.21857196,0.01319095
17294.049,-17.25192,-0.56827945,0.22095594,0.010702644
18301.924,-17.25192,-0.56726056,0.22204214,0.008235423
19309.8,-17.25192,-0.5640626,0.2217733,0.0059315166
20317.676,-17.25192,-0.55930656,0.22027254,0.0038857886
21325.55,-17.25192,-0.55362153,0.2178017,0.0021484145
22333.428,-17.25192,-0.547595,0.2147095,0.0007313171
23341.303,-17.25192,-0.54173553,0.2113779,-0.00038324064
24349.178,-17.25192,-0.5364449,0.20817302,-0.0012333398
25357.053,-17.25192,-0.532004,0.20540552,-0.0018684161
26364.928,-17.25192,-0.5285701,0.20330273,-0.0023413268
27372.805,-17.25192,-0.5261831,0.20199427,-0.0027020855
28380.68,-17.25192,-0.5247816,0.2015091,-0.002993289
29388.555,-17.25192,-0.5242223,0.20178401,-0.0032475484
30396.432,-17.25192,-0.5243053,0.20267999,-0.003486401
31404.307,-17.25192,-0.52479845,0.20400433,-0.003720748
32412.182,-17.25192,-0.5254628,0.2055353,-0.0039523663
33420.06,-17.25192,-0.5260726,0.20704731,-0.004176085
34427.934,-17.25192,-0.5264348,0.20833345,-0.0043822997
35435.81,-17.25192,-0.52640057,0.20922427,-0.004559635
36443.684,-17.25192,-0.5258745,0.20960131,-0.004697264
37451.562,-17.25192,-0.5248162,0.2094048,-0.004786866
38459.438,-17.25192,-0.52323955,0.20863503,-0.0048239883
39467.312,-17.25192,-0.52120584,0.20734856,-0.004808829
40475.188,-17.25192,-0.5188141,0.20564955,-0.004746359
41483.062,-17.25192,-0.5161914,0.20367716,-0.004645925
42490.938,-17.25192,-0.51347816,0.20159101,-0.0045203194
43498.812,-17.25192,-0.51081693,0.19955567,-0.004384633
44506.69,-17.25192,-0.50834036,0.19772509,-0.0042547905
45514.566,-17.25192,-0.50616115,0.19622986,-0.004146163
46522.44,-17.25192,-0.50436413,0.19516587,-0.0040721903
47530.316,-17.25192,-0.5030017,0.1945875,-0.004043269
48538.19,-17.25192,-0.50209194,0.19450408,-0.004065954
49546.066,-17.25192,-0.5016199,0.19488063,-0.0041425326
50553.938,-17.25192,-0.50154024,0.1956428,-0.0042709364
51561.812,-17.25192,-0.5017843,0.19668426,-0.004445144
52569.688,-17.25192,-0.50226724,0.19787747,-0.004655846
53577.562,-17.25192,-0.50289583,0.19908576,-0.004891388
54585.438,-17.25192,-0.5035786,0.200176,-0.005138945
55593.312,-17.25192,-0.5042328,0.20103073,-0.0053857137
56601.19,-17.25192,-0.5047921,0.20155895,-0.00562012
57609.066,-17.25192,-0.50521165,0.20170416,-0.005832836
58616.94,-17.25192,-0.50547147,0.20144963,-0.0060175755
59624.816,-17.25192,-0.50557667,0.20081979,-0.0061716456
60632.69,-17.25192,-0.5055569,0.19987771,-0.0062960326
61640.566,-17.25192,-0.50546056,0.1987194,-0.0063952017
62648.44,-17.25192,-0.50535053,0.1974644,-0.0064765243
63656.32,-17.25192,-0.5052956,0.19624427,-0.0065493695
64664.195,-17.25192,-0.5053625,0.19518936,-0.006624009
65672.07,-17.25192,-0.5056081,0.19441545,-0.0067103906
66679.945,-17.25192,-0.50607115,0.19401121,-0.0068168663
67687.82,-17.25192,-0.50676733,0.1940279,-0.006949102
68695.695,-17.25192,-0.50768423,0.19447237,-0.007109233
69703.57,-17.25192,-0.5087819,0.19530417,-0.007295297
70711.445,-17.25192,-0.5099938,0.19643782,-0.007501205
71719.32,-17.25192,-0.51123273,0.19774958,-0.0077171642
72727.195,-17.25192,-0.5123986,0.19908933,-0.00793056
73735.08,-17.25192,-0.51338893,0.20029639,-0.008127272
74742.95,-17.25192,-0.5141102,0.20121767,-0.008293355
75750.83,-17.25192,-0.5144903,0.20172682,-0.008416874
76758.7,-17.25192,-0.51448905,0.2017423,-0.008489676
77766.58,-17.25192,-0.5141066,0.20124172,-0.008508956
78774.45,-17.25192,-0.513387,0.20027044,-0.008478261
79782.33,-17.25192,-0.5124184,0.19894215,-0.008407833
80790.2,-17.25192,-0.5113258,0.19743048,-0.008314036
81798.08,-17.25192,-0.51025736,0.19595067,-0.008217772
82805.95,-17.25192,-0.50936687,0.19473156,-0.00814195
83813.83,-17.25192,-0.50878984,0.19398119,-0.008108156
84821.7,-17.25192,-0.50862044,0.19384816,-0.008132809
85829.58,-17.25192,-0.5088874,0.19438574,-0.008223416
86837.45,-17.25192,-0.509539,0.195524,-0.00837552
87845.33,-17.25192,-0.5104371,0.19705923,-0.008571154
88853.2,-17.25192,-0.5113686,0.19866815,-0.008779786
89861.08,-17.25192,-0.51207626,0.19995306,-0.008962231
90868.95,-17.25192,-0.51231116,0.20052208,-0.00907829
91876.83,-17.25192,-0.51190495,0.20009978,-0.009097608
92884.71,-17.25192,-0.5108499,0.19865555,-0.009012669
93892.586,-17.25192,-0.5093703,0.19651772,-0.0088510215
94900.46,-17.25192,-0.50794804,0.19442104,-0.008681347
95908.336,-17.25192,-0.50724834,0.19340087,-0.008604887
96916.21,-17.25192,-0.5078663,0.19440432,-0.008718962
97924.086,-17.25192,-0.5097738,0.19743127,-0.009033411
98931.96,-17.25192,-0.51130426,0.19994214,-0.00931276
99939.836,-17.25192,-0.5074559,0.19417469,-0.008806763
160.16696,-16.646591,-0.530539,0.362143,-0.017609183
1168.0425,-16.646591,-0.43987012,0.22094028,-0.005903639
2175.918,-16.646591,-0.3981675,0.17397305,-0.003524314
3183.7935,-16.646591,-0.38167697,0.16872637,-0.0041481485
4191.669,-16.646591,-0.37811643,0.17726733,-0.004638462
5199.5444,-16.646591,-0.38171923,0.18660638,-0.00379893
6207.42,-16.646591,-0.39007053,0.1922241,-0.0015214756
7215.2954,-16.646591,-0.40220413,0.19389333,0.0017747893
8223.171,-16.646591,-0.41755474,0.19312496,0.00549409
9231.046,-16.646591,-0.4354671,0.19172934,0.009066461
10238.922,-16.646591,-0.45504564,0.19111268,0.012048923
11246.798,-16.646591,-0.47519252,0.19203478,0.0141612515
12254.673,-16.646591,-0.49473023,0.19463043,0.015281476
13262.548,-16.646591,-0.5125437,0.19856147,0.015419888
14270.424,-16.646591,-0.52770406,0.20321228,0.014683761
15278.3,-16.646591,-0.5395544,0.20787594,0.013240927
16286.175,-16.646591,-0.5477508,0.21190271,0.011287259
17294.049,-16.646591,-0.55226374,0.21479982,0.009020384
18301.924,-16.646591,-0.55334455,0.2162826,0.0066205226
19309.8,-16.646591,-0.55147004,0.21628353,0.0042384025
20317.676,-16.646591,-0.54727066,0.21492884,0.001989291
21325.55,-16.646591,-0.5414579,0.21249412,-4.806742e-05
22333.428,-16.646591,-0.5347525,0.20934911,-0.0018288326
23341.303,-16.646591,-0.5278238,0.20590031,-0.0033369898
24349.178,-16.646591,-0.5212416,0.20253913,-0.0045790784
25357.053,-16.646591,-0.51544464,0.19959955,-0.0055774953
26364.928,-16.646591,-0.5107229,0.1973286,-0.0063641593
27372.805,-16.646591,-0.5072167,0.19587028,-0.0069749835
28380.68,-16.646591,-0.50492644,0.19526282,-0.0074455016
29388.555,-16.646591,-0.50373465,0.1954468,-0.007807728
30396.432,-16.646591,-0.5034324,0.1962822,-0.008088187
31404.307,-16.646591,-0.50375074,0.19757128,-0.00830712
32412.182,-16.646591,-0.50439274,0.19908497,-0.008478556
33420.06,-16.646591,-0.50506395,0.20058842,-0.008611079
34427.934,-16.646591,-0.5054982,0.2018654,-0.008709045
35435.81,-16.646591,-0.5054784,0.20273775,-0.008774035
36443.684,-16.646591,-0.5048511,0.20307994,-0.008806286
37451.562,-16.646591,-0.5035335,0.20282724,-0.008806013
38459.438,-16.646591,-0.50151527,0.20197764,-0.008774437
39467.312,-16.646591,-0.4988526,0.20058794,-0.008714525
40475.188,-16.646591,-0.49565837,0.198765,-0.008631271
41483.062,-16.646591,-0.49208915,0.19665271,-0.008531736
42490.938,-16.646591,-0.48832834,0.19441716,-0.008424672
43498.812,-16.646591,-0.48456976,0.19223005,-0.008319956
44506.69,-16.646591,-0.4810015,0.19025312,-0.008227892
45514.566,-16.646591,-0.47779036,0.18862417,-0.008158343
46522.44,-16.646591,-0.47507095,0.18744546,-0.008119996
47530.316,-16.646591,-0.47293678,0.18677634,-0.008119646
48538.19,-16.646591,-0.4714352,0.1866295,-0.008161709
49546.066,-16.646591,-0.47056752,0.18697156,-0.008247876
50553.938,-16.646591,-0.47029147,0.18772753,-0.008377091
51561.812,-16.646591,-0.470528,0.18878898,-0.008545687
52569.688,-16.646591,-0.47117087,0.19002497,-0.008747771
53577.562,-16.646591,-0.47209617,0.19129401,-0.008975819
54585.438,-16.646591,-0.47317556,0.19245766,-0.00922134
55593.312,-16.646591,-0.47428665,0.19339295,-0.009475658
56601.19,-16.646591,-0.47532362,0.19400364,-0.00973064
57609.066,-16.646591,-0.47620636,0.19422874,-0.009979381
58616.94,-16.646591,-0.47688523,0.19404793,-0.01021673
59624.816,-16.646591,-0.47734448,0.19348334,-0.010439654
60632.69,-16.646591,-0.47760168,0.19259715,-0.0106473705
61640.566,-16.646591,-0.47770306,0.19148566,-0.010841258
62648.44,-16.646591,-0.4777182,0.19026984,-0.011024485
63656.32,-16.646591,-0.47773,0.18908362,-0.011201544
64664.195,-16.646591,-0.47782457,0.18806015,-0.01137753
65672.07,-16.646591,-0.4780806,0.18731822,-0.011557437
66679.945,-16.646591,-0.4785589,0.18694909,-0.011745339
67687.82,-16.646591,-0.47929373,0.18700607,-0.011943709
68695.695,-16.646591,-0.48028663,0.18749684,-0.012152923
69703.57,-16.646591,-0.48150355,0.18838094,-0.012370886
70711.445,-16.646591,-0.4828763,0.18957122,-0.012593027
71719.32,-16.646591,-0.48430768,0.19094142,-0.012812583
72727.195,-16.646591,-0.48568055,0.19233796,-0.013021163
73735.08,-16.646591,-0.48686978,0.193596,-0.01320964
74742.95,-16.646591,-0.48775816,0.19455832,-0.0133692175
75750.83,-16.646591,-0.48825034,0.19509512,-0.013492614
76758.7,-16.646591,-0.48828763,0.19512236,-0.013575238
77766.58,-16.646591,-0.48786002,0.19461663,-0.0136161605
78774.45,-16.646591,-0.48701262,0.19362427,-0.013618767
79782.33,-16.646591,-0.48584628,0.19226204,-0.01359096
80790.2,-16.646591,-0.48451075,0.19070841,-0.013544671
81798.08,-16.646591,-0.4831885,0.18918487,-0.013494857
82805.95,-16.646591,-0.48207372,0.18792738,-0.013457688
83813.83,-16.646591,-0.48134187,0.18715042,-0.013448304
84821.7,-16.646591,-0.48112002,0.18700798,-0.013478234
85829.58,-16.646591,-0.4814557,0.1875557,-0.013552809
86837.45,-16.646591,-0.4822951,0.18872279,-0.013669137
87845.33,-16.646591,-0.48347342,0.19030043,-0.013815024
88853.2,-16.646591,-0.48472726,0.19195646,-0.013969654
89861.08,-16.646591,-0.48573136,0.19328173,-0.014106227
90868.95,-16.646591,-0.48616335,0.1938722,-0.014197154
91876.83,-16.646591,-0.48579574,0.19344334,-0.014221475
92884.71,-16.646591,-0.4846002,0.19196211,-0.0141737
93892.586,-16.646591,-0.48284158,0.18976462,-0.014072211
94900.46,-16.646591,-0.48111737,0.18760586,-0.013963467
95908.336,-16.646591,-0.4802716,0.18655117,-0.013916291
96916.21,-16.646591,-0.4810781,0.1875767,-0.013997313
97924.086,-16.646591,-0.48353964,0.19068578,-0.014214254
98931.96,-16.646591,-0.48558784,0.19326988,-0.014408835
99939.836,-16.646591,-0.48089263,0.18734512,-0.014073534
160.16696,-16.04126,-0.5220916,0.35860327,-0.020327363
1168.0425,-16.04126,-0.41751105,0.21600623,-0.009673992
2175.918,-16.04126,-0.37429714,0.16870233,-0.0073926523
3183.7935,-16.04126,-0.3596022,0.16324785,-0.007986054
4191.669,-16.04126,-0.35703143,0.1713582,-0.0086199865
5199.5444,-16.04126,-0.35958043,0.18000622,-0.008123129
6207.42,-16.04126,-0.36507642,0.1847797,-0.0062911124
7215.2954,-16.04126,-0.37339708,0.18559985,-0.003418095
8223.171,-16.04126,-0.3849086,0.1841108,4.6421774e-06
9231.046,-16.04126,-0.39970866,0.18221419,0.003470454
10238.922,-16.04126,-0.41737095,0.18135959,0.0065555354
11246.798,-16.04126,-0.4369772,0.18230647,0.008961363
12254.673,-16.04126,-0.4572865,0.18515603,0.010521358
13262.548,-16.04126,-0.47694987,0.18951553,0.011186959
14270.424,-16.04126,-0.49470794,0.19470526,0.011003194
15278.3,-16.04126,-0.50954133,0.19995424,0.010080874
16286.175,-16.04126,-0.5207666,0.20455594,0.008569933
17294.049,-16.04126,-0.52807117,0.20797253,0.006636351
18301.924,-16.04126,-0.53150076,0.2098882,0.004443923
19309.8,-16.04126,-0.5314097,0.21021838,0.0021412815
20317.676,-16.04126,-0.52838606,0.20908503,-0.00014635501
21325.55,-16.04126,-0.52316564,0.20677005,-0.0023211548
22333.428,-16.04126,-0.5165452,0.20365714,-0.004313368
23341.303,-16.04126,-0.50930285,0.20017159,-0.006079491
24349.178,-16.04126,-0.5021338,0.19672576,-0.0075988453
25357.053,-16.04126,-0.49560112,0.19367391,-0.008869276
26364.928,-16.04126,-0.49010777,0.19128136,-0.009902437
27372.805,-16.04126,-0.4858848,0.18970694,-0.010719404
28380.68,-16.04126,-0.48299718,0.18899918,-0.011346632
29388.555,-16.04126,-0.48136318,0.18910474,-0.011812672
30396.432,-16.04126,-0.48078263,0.18988544,-0.012145615
31404.307,-16.04126,-0.4809719,0.19114196,-0.012371379
32412.182,-16.04126,-0.48160127,0.19264069,-0.012512634
33420.06,-16.04126,-0.48233116,0.19414064,-0.012588397
34427.934,-16.04126,-0.48284513,0.1954185,-0.0126140565
35435.81,-16.04126,-0.48287633,0.1962892,-0.012601813
36443.684,-16.04126,-0.48222697,0.19662121,-0.012561225
37451.562,-16.04126,-0.48078108,0.19634518,-0.012499921
38459.438,-16.04126,-0.47850657,0.1954563,-0.0124242725
39467.312,-16.04126,-0.47545275,0.19401051,-0.012339911
40475.188,-16.04126,-0.4717392,0.19211593,-0.012252263
41483.062,-16.04126,-0.46754196,0.18991935,-0.012166685
42490.938,-16.04126,-0.46307382,0.18759103,-0.012088662
43498.812,-16.04126,-0.45856562,0.18530798,-0.0120237125
44506.69,-16.04126,-0.4542451,0.18323748,-0.0119772125
45514.566,-16.04126,-0.45031983,0.18152274,-0.011954147
46522.44,-16.04126,-0.44696164,0.180271,-0.011958829
47530.316,-16.04126,-0.44429463,0.1795456,-0.0119945835
48538.19,-16.04126,-0.44238895,0.17936173,-0.01206356
49546.066,-16.04126,-0.44125837,0.17968738,-0.012166553
50553.938,-16.04126,-0.440863,0.18044734,-0.012302912
51561.812,-16.04126,-0.44111615,0.18153164,-0.01247064
52569.688,-16.04126,-0.4418946,0.18280634,-0.01266653
53577.562,-16.04126,-0.44305092,0.18412626,-0.012886394
54585.438,-16.04126,-0.44442755,0.18534872,-0.013125407
55593.312,-16.04126,-0.4458712,0.18634617,-0.013378471
56601.19,-16.04126,-0.4472454,0.18701811,-0.013640577
57609.066,-16.04126,-0.44844186,0.18729973,-0.013907147
58616.94,-16.04126,-0.44938815,0.1871678,-0.014174348
59624.816,-16.04126,-0.45005208,0.18664247,-0.014439266
60632.69,-16.04126,-0.4504423,0.1857852,-0.014700039
61640.566,-16.04126,-0.45060423,0.18469262,-0.01495583
62648.44,-16.04126,-0.4506138,0.18348715,-0.015206691
63656.32,-16.04126,-0.45056644,0.1823048,-0.01545332
64664.195,-16.04126,-0.4505659,0.18128163,-0.015696814
65672.07,-16.04126,-0.4507102,0.1805393,-0.015938222
66679.945,-16.04126,-0.45108038,0.18017188,-0.016178234
67687.82,-16.04126,-0.4517283,0.18023504,-0.016416833
68695.695,-16.04126,-0.45266908,0.18073812,-0.016653039
69703.57,-16.04126,-0.45387658,0.18164106,-0.016884746
70711.445,-16.04126,-0.45528373,0.18285638,-0.01710874
71719.32,-16.04126,-0.45678753,0.18425621,-0.017320847
72727.195,-16.04126,-0.45825902,0.18568447,-0.017516287
73735.08,-16.04126,-0.45955676,0.18697336,-0.017690113
74742.95,-16.04126,-0.4605442,0.18796226,-0.0178378
75750.83,-16.04126,-0.4611073,0.1885182,-0.017955901
76758.7,-16.04126,-0.46117178,0.18855457,-0.018042652
77766.58,-16.04126,-0.46071756,0.18804662,-0.018098507
78774.45,-16.04126,-0.45978794,0.18704064,-0.01812641
79782.33,-16.04126,-0.45849124,0.18565477,-0.018131943
80790.2,-16.04126,-0.4569938,0.18407062,-0.018122952
81798.08,-16.04126,-0.45550317,0.18251386,-0.018108964
82805.95,-16.04126,-0.4542428,0.18122557,-0.018100113
83813.83,-16.04126,-0.45341897,0.18042532,-0.018105835
84821.7,-16.04126,-0.4531835,0.18027127,-0.018133357
85829.58,-16.04126,-0.4535991,0.18082148,-0.018186223
86837.45,-16.04126,-0.454611,0.18200505,-0.018263077
87845.33,-16.04126,-0.45603558,0.18361014,-0.018357068
88853.2,-16.04126,-0.4575708,0.18529841,-0.018456219
89861.08,-16.04126,-0.4588388,0.18665235,-0.018544946
90868.95,-16.04126,-0.4594604,0.18725896,-0.018607061
91876.83,-16.04126,-0.45916104,0.1868265,-0.018630084
92884.71,-16.04126,-0.45789412,0.18531911,-0.018610386
93892.586,-16.04126,-0.45595402,0.18307799,-0.018558118
94900.46,-16.04126,-0.45402566,0.1808722,-0.018499786
95908.336,-16.04126,-0.4530907,0.17978908,-0.018475134
96916.21,-16.04126,-0.45406327,0.18082678,-0.018523118
97924.086,-16.04126,-0.45697418,0.18399289,-0.018649407
98931.96,-16.04126,-0.4594508,0.18662995,-0.018764593
99939.836,-16.04126,-0.45414147,0.18059213,-0.01857827
160.16696,-15.435929,-0.51421,0.35522863,-0.02277202
1168.0425,-15.435929,-0.39457566,0.21110398,-0.013420077
2175.918,-15.435929,-0.34904855,0.16345915,-0.011247008
3183.7935,-15.435929,-0.3358971,0.15787856,-0.011724371
4191.669,-15.435929,-0.33448404,0.16567433,-0.012412699
5199.5444,-15.435929,-0.33631724,0.17373718,-0.0122171845
6207.42,-15.435929,-0.33922377,0.17773078,-0.010858003
7215.2954,-15.435929,-0.3437513,0.17770897,-0.008503675
8223.171,-15.435929,-0.35111132,0.1754463,-0.00552683
9231.046,-15.435929,-0.3621495,0.17294335,-0.0023494693
10238.922,-15.435929,-0.3769685,0.17170733,0.00064713066
11246.798,-15.435929,-0.39492902,0.1725148,0.003168034
12254.673,-15.435929,-0.4148453,0.17545107,0.0050201067
13262.548,-15.435929,-0.43525055,0.18008445,0.006108891
14270.424,-15.435929,-0.45465407,0.18568353,0.0064246445
15278.3,-15.435929,-0.4717505,0.19142143,0.006023326
16286.175,-15.435929,-0.48556173,0.19653893,0.005006473
17294.049,-15.435929,-0.49550778,0.20045331,0.0035022786
18301.924,-15.435929,-0.50141746,0.20281461,0.0016493653
19309.8,-15.435929,-0.5034895,0.20351563,-0.00041608792
20317.676,-15.435929,-0.50221974,0.20266724,-0.0025697276
21325.55,-15.435929,-0.49831074,0.20055005,-0.0047051692
22333.428,-15.435929,-0.49257421,0.19755425,-0.006737259
23341.303,-15.435929,-0.4858393,0.1941174,-0.008603007
24349.178,-15.435929,-0.47887516,0.19066693,-0.010260683
25357.053,-15.435929,-0.47232884,0.18757382,-0.011687743
26364.928,-15.435929,-0.46668738,0.18511905,-0.012877848
27372.805,-15.435929,-0.46225667,0.1834754,-0.013837675
28380.68,-15.435929,-0.45916295,0.1827023,-0.014583475
29388.555,-15.435929,-0.45736676,0.18275419,-0.015137997
30396.432,-15.435929,-0.45669267,0.1834973,-0.015527672
31404.307,-15.435929,-0.45686376,0.18473355,-0.01578026
32412.182,-15.435929,-0.45754302,0.18622802,-0.015923072
33420.06,-15.435929,-0.45837206,0.18773657,-0.015981568
34427.934,-15.435929,-0.45900914,0.18903156,-0.015978515
35435.81,-15.435929,-0.4591595,0.18992302,-0.01593358
36443.684,-15.435929,-0.45859882,0.19027476,-0.015863063
37451.562,-15.435929,-0.45718834,0.19001335,-0.01578015
38459.438,-15.435929,-0.45488054,0.18913108,-0.015695088
39467.312,-15.435929,-0.45171702,0.18768227,-0.015615637
40475.188,-15.435929,-0.4478184,0.18577471,-0.015547534
41483.062,-15.435929,-0.4433693,0.18355615,-0.015494862
42490.938,-15.435929,-0.43859816,0.18119898,-0.015460494
43498.812,-15.435929,-0.43375593,0.17888299,-0.015446411
44506.69,-15.435929,-0.4290941,0.17677876,-0.015453989
45514.566,-15.435929,-0.42484382,0.17503306,-0.015484139
46522.44,-15.435929,-0.4211987,0.17375624,-0.01553745
47530.316,-15.435929,-0.41830158,0.17301407,-0.015614247
48538.19,-15.435929,-0.41623533,0.17282385,-0.015714584
49546.066,-15.435929,-0.41502127,0.17315412,-0.015838247
50553.938,-15.435929,-0.41461962,0.17392959,-0.015984703
51561.812,-15.435929,-0.41493744,0.17503914,-0.01615311
52569.688,-15.435929,-0.41583976,0.1763468,-0.016342247
53577.562,-15.435929,-0.41716224,0.17770472,-0.01655059
54585.438,-15.435929,-0.4187281,0.17896697,-0.01677626
55593.312,-15.435929,-0.4203629,0.18000281,-0.017017165
56601.19,-15.435929,-0.42191,0.18070865,-0.017270977
57609.066,-15.435929,-0.423243,0.18101676,-0.017535262
58616.94,-15.435929,-0.4242751,0.18090194,-0.017807541
59624.816,-15.435929,-0.42496493,0.1803831,-0.018085388
60632.69,-15.435929,-0.42531717,0.17952132,-0.01836645
61640.566,-15.435929,-0.42537943,0.17841378,-0.018648556
62648.44,-15.435929,-0.425235,0.17718437,-0.018929644
63656.32,-15.435929,-0.4249913,0.17597131,-0.019207813
64664.195,-15.435929,-0.42476755,0.17491332,-0.019481312
65672.07,-15.435929,-0.42467913,0.17413501,-0.019748418
66679.945,-15.435929,-0.42482418,0.1737334,-0.02000747
67687.82,-15.435929,-0.42527032,0.17376676,-0.020256713
68695.695,-15.435929,-0.42604488,0.17424637,-0.020494387
69703.57,-15.435929,-0.4271299,0.17513353,-0.020718608
70711.445,-15.435929,-0.42846093,0.176341,-0.020927422
71719.32,-15.435929,-0.42993253,0.17774045,-0.021118905
72727.195,-15.435929,-0.43140772,0.17917433,-0.021291206
73735.08,-15.435929,-0.43273398,0.18047252,-0.02144274
74742.95,-15.435929,-0.43376032,0.181472,-0.021572357
75750.83,-15.435929,-0.43435833,0.18203695,-0.021679532
76758.7,-15.435929,-0.43444073,0.18207842,-0.021764513
77766.58,-15.435929,-0.43397862,0.18156962,-0.02182851
78774.45,-15.435929,-0.4330115,0.18055585,-0.021873744
79782.33,-15.435929,-0.43165052,0.1791555,-0.02190342
80790.2,-15.435929,-0.43007162,0.17755131,-0.021921616
81798.08,-15.435929,-0.42849785,0.17597139,-0.021933
82805.95,-15.435929,-0.427172,0.17465967,-0.021942427
83813.83,-15.435929,-0.42632058,0.17383935,-0.02195444
84821.7,-15.435929,-0.42611313,0.17367162,-0.021972664
85829.58,-15.435929,-0.42662272,0.17421685,-0.021999262
86837.45,-15.435929,-0.42779416,0.17540468,-0.022034446
87845.33,-15.435929,-0.42943034,0.17702208,-0.022076216
88853.2,-15.435929,-0.431203,0.17872725,-0.022120439
89861.08,-15.435929,-0.43269718,0.18009758,-0.022161394
90868.95,-15.435929,-0.4334929,0.18071407,-0.022192847
91876.83,-15.435929,-0.43328157,0.1802797,-0.022209674
92884.71,-15.435929,-0.4320027,0.17875603,-0.022209788
93892.586,-15.435929,-0.4299698,0.17648646,-0.022196133
94900.46,-15.435929,-0.42792892,0.17424843,-0.022177782
95908.336,-15.435929,-0.42695904,0.17314303,-0.022169195
96916.21,-15.435929,-0.42807427,0.17418346,-0.022185301
97924.086,-15.435929,-0.43132895,0.1773815,-0.022229975
98931.96,-15.435929,-0.43413854,0.1800508,-0.022273442
99939.836,-15.435929,-0.4284321,0.17394274,-0.022213206
160.16696,-14.830599,-0.5067204,0.35199374,-0.02494119
1168.0425,-14.830599,-0.37137863,0.20624693,-0.017113464
2175.918,-14.830599,-0.32266432,0.15824726,-0.015078636
3183.7935,-14.830599,-0.31058854,0.15260573,-0.015374459
4191.669,-14.830599,-0.3103437,0.16019809,-0.01603032
5199.5444,-14.830599,-0.31177378,0.16779247,-0.016077124
6207.42,-14.830599,-0.3124622,0.17109469,-0.015185762
7215.2954,-14.830599,-0.31341583,0.17026912,-0.013406568
8223.171,-14.830599,-0.31655687,0.16721165,-0.010987056
9231.046,-14.830599,-0.3234297,0.16402447,-0.008249358
10238.922,-14.830599,-0.33468977,0.16228272,-0.0055125146
11246.798,-14.830599,-0.35005394,0.16279565,-0.0030474216
12254.673,-14.830599,-0.3684994,0.16565019,-0.0010551806
13262.548,-14.830599,-0.38855767,0.17039225,0.00033875112
14270.424,-14.830599,-0.40861616,0.17625302,0.0010800632
15278.3,-14.830599,-0.42717105,0.18236037,0.0011751116
16286.175,-14.830599,-0.44301072,0.18790881,0.0006775893
17294.049,-14.830599,-0.45531908,0.19227324,-0.0003256034
18301.924,-14.830599,-0.463711,0.19506855,-0.0017277524
19309.8,-14.830599,-0.46820796,0.19616106,-0.0034140353
20317.676,-14.830599,-0.46917382,0.19564448,-0.0052711363
21325.55,-14.830599,-0.46722463,0.19379114,-0.007194545
22333.428,-14.830599,-0.4631283,0.19099048,-0.009093682
23341.303,-14.830599,-0.4577068,0.18768504,-0.0108948555
24349.178,-14.830599,-0.45174912,0.1843117,-0.012542539
25357.053,-14.830599,-0.44594228,0.18125309,-0.013999216
26364.928,-14.830599,-0.4408233,0.17880271,-0.015244035
27372.805,-14.830599,-0.4367525,0.17714535,-0.016270835
28380.68,-14.830599,-0.43390703,0.17635141,-0.017085548
29388.555,-14.830599,-0.43229318,0.17638375,-0.017703535
30396.432,-14.830599,-0.43177134,0.17711495,-0.018146785
31404.307,-14.830599,-0.432091,0.1783509,-0.018441401
32412.182,-14.830599,-0.43293074,0.17985818,-0.018615304
33420.06,-14.830599,-0.4339394,0.18139252,-0.018696278
34427.934,-14.830599,-0.43477508,0.18272436,-0.018710494
35435.81,-14.830599,-0.4351379,0.18366131,-0.018681413
36443.684,-14.830599,-0.4347953,0.18406393,-0.01862905
37451.562,-14.830599,-0.43359917,0.1838556,-0.018569658
38459.438,-14.830599,-0.43149382,0.18302572,-0.018515663
39467.312,-14.830599,-0.42851424,0.18162644,-0.018475879
40475.188,-14.830599,-0.42477742,0.17976391,-0.01845591
41483.062,-14.830599,-0.42046705,0.17758515,-0.018458651
42490.938,-14.830599,-0.41581425,0.17526248,-0.018484868
43498.812,-14.830599,-0.41107416,0.17297634,-0.018533804
44506.69,-14.830599,-0.40650433,0.1708985,-0.01860373
45514.566,-14.830599,-0.4023424,0.1691767,-0.01869244
46522.44,-14.830599,-0.39878857,0.16792284,-0.01879767
47530.316,-14.830599,-0.39599,0.16720383,-0.018917391
48538.19,-14.830599,-0.39403287,0.1670376,-0.01905003
49546.066,-14.830599,-0.39293808,0.16739321,-0.019194573
50553.938,-14.830599,-0.3926636,0.16819504,-0.019350521
51561.812,-14.830599,-0.3931111,0.16933122,-0.019517876
52569.688,-14.830599,-0.39413816,0.17066455,-0.019696975
53577.562,-14.830599,-0.39557102,0.17204548,-0.019888327
54585.438,-14.830599,-0.39722273,0.17332625,-0.020092422
55593.312,-14.830599,-0.39890876,0.17437416,-0.020309545
56601.19,-14.830599,-0.40046337,0.1750836,-0.020539617
57609.066,-14.830599,-0.40175295,0.17538565,-0.020782065
58616.94,-14.830599,-0.40268642,0.17525381,-0.02103572
59624.816,-14.830599,-0.40322128,0.17470658,-0.021298833
60632.69,-14.830599,-0.40336457,0.1738052,-0.021569056
61640.566,-14.830599,-0.40317008,0.17264792,-0.021843547
62648.44,-14.830599,-0.40273023,0.17136018,-0.022119079
63656.32,-14.830599,-0.40216467,0.17008232,-0.022392197
64664.195,-14.830599,-0.40160608,0.16895564,-0.022659397
65672.07,-14.830599,-0.4011845,0.16810772,-0.02291731
66679.945,-14.830599,-0.4010122,0.16763851,-0.023162875
67687.82,-14.830599,-0.40116936,0.16760868,-0.023393495
68695.695,-14.830599,-0.40169343,0.16803217,-0.02360717
69703.57,-14.830599,-0.40257317,0.16887172,-0.02380253
70711.445,-14.830599,-0.40374735,0.1700413,-0.023978923
71719.32,-14.830599,-0.40510938,0.1714126,-0.024136303
72727.195,-14.830599,-0.40651786,0.17282742,-0.024275253
73735.08,-14.830599,-0.40781215,0.17411453,-0.024396788
74742.95,-14.830599,-0.40883216,0.17510885,-0.024502255
75750.83,-14.830599,-0.4094387,0.17567231,-0.02459316
76758.7,-14.830599,-0.40953478,0.17571369,-0.024670973
77766.58,-14.830599,-0.40908358,0.17520398,-0.024737088
78774.45,-14.830599,-0.40812013,0.17418672,-0.024792615
79782.33,-14.830599,-0.40675494,0.17277919,-0.024838377
80790.2,-14.830599,-0.40516752,0.17116386,-0.02487496
81798.08,-14.830599,-0.40358865,0.16956931,-0.024902724
82805.95,-14.830599,-0.40227115,0.1682409,-0.024921993
83813.83,-14.830599,-0.4014527,0.16740355,-0.024933198
84821.7,-14.830599,-0.4013124,0.1672206,-0.024937078
85829.58,-14.830599,-0.40192917,0.16775414,-0.02493484
86837.45,-14.830599,-0.40324742,0.16893528,-0.024928266
87845.33,-14.830599,-0.4050618,0.17055105,-0.02491968
88853.2,-14.830599,-0.40702742,0.1722587,-0.024911784
89861.08,-14.830599,-0.4087066,0.17363349,-0.024907306
90868.95,-14.830599,-0.4096538,0.17425318,-0.024908453
91876.83,-14.830599,-0.40953967,0.17381757,-0.024916219
92884.71,-14.830599,-0.40829408,0.17228594,-0.024929687
93892.586,-14.830599,-0.4062422,0.17000136,-0.024945535
94900.46,-14.830599,-0.40416756,0.16774431,-0.024958035
95908.336,-14.830599,-0.4032091,0.16662252,-0.024960209
96916.21,-14.830599,-0.404444,0.16765712,-0.02494684
97924.086,-14.830599,-0.40794197,0.1708643,-0.024920411
98931.96,-14.830599,-0.41098988,0.17354627,-0.024901511
99939.836,-14.830599,-0.40507272,0.16740635,-0.024945587
160.16696,-14.225268,-0.49939921,0.34886768,-0.026841745
1168.0425,-14.225268,-0.34832594,0.2014449,-0.020714268
2175.918,-14.225268,-0.2955873,0.15306729,-0.01886403
3183.7935,-14.225268,-0.28395098,0.14741011,-0.018938303
4191.669,-14.225268,-0.28472474,0.15489829,-0.019484766
5199.5444,-14.225268,-0.28600788,0.16214433,-0.01970223
6207.42,-14.225268,-0.28492135,0.1648613,-0.019241322
7215.2954,-14.225268,-0.28270382,0.16329804,-0.018048842
8223.171,-14.225268,-0.28181657,0.15945743,-0.016249109
9231.046,-14.225268,-0.28441152,0.15554015,-0.0140565345
10238.922,-14.225268,-0.29168153,0.15319574,-0.011713807
11246.798,-14.225268,-0.30374724,0.15327883,-0.009450674
12254.673,-14.225268,-0.31983525,0.15589371,-0.0074589257
13262.548,-14.225268,-0.33858153,0.16058083,-0.005879749
14270.424,-14.225268,-0.3583581,0.16654846,-0.0048000864
15278.3,-14.225268,-0.37755647,0.17289165,-0.0042554038
16286.175,-14.225268,-0.3948026,0.17876694,-0.004236411
17294.049,-14.225268,-0.40908933,0.18351157,-0.004698083
18301.924,-14.225268,-0.41983423,0.18670593,-0.005569639
19309.8,-14.225268,-0.4268747,0.18818796,-0.0067642974
20317.676,-14.225268,-0.43041435,0.18802969,-0.008188203
21325.55,-14.225268,-0.43094066,0.1864892,-0.009748057
22333.428,-14.225268,-0.42912716,0.18394831,-0.011357199
23341.303,-14.225268,-0.42573467,0.18084794,-0.012940012
24349.178,-14.225268,-0.4215212,0.17762822,-0.01443476
25357.053,-14.225268,-0.4171688,0.17467812,-0.015795026
26364.928,-14.225268,-0.413229,0.17230001,-0.016989741
27372.805,-14.225268,-0.4100914,0.17068824,-0.018002478
28380.68,-14.225268,-0.40797144,0.16992286,-0.018829666
29388.555,-14.225268,-0.4069181,0.1699755,-0.01947858
30396.432,-14.225268,-0.40683463,0.17072633,-0.019964831
31404.307,-14.225268,-0.4075108,0.1719869,-0.020309908
32412.182,-14.225268,-0.40866074,0.17352796,-0.020538794
33420.06,-14.225268,-0.4099629,0.17510751,-0.020677695
34427.934,-14.225268,-0.4110978,0.17649682,-0.02075229
35435.81,-14.225268,-0.41178188,0.17750289,-0.020786144
36443.684,-14.225268,-0.41179237,0.17798477,-0.0207997
37451.562,-14.225268,-0.4109857,0.17786372,-0.020809595
38459.438,-14.225268,-0.40930608,0.17712659,-0.020828329
39467.312,-14.225268,-0.40678453,0.17582294,-0.02086438
40475.188,-14.225268,-0.40353188,0.17405638,-0.020922463
41483.062,-14.225268,-0.39972392,0.1719718,-0.02100408
42490.938,-14.225268,-0.39558217,0.16973963,-0.021108191
43498.812,-14.225268,-0.3913527,0.16753902,-0.021231906
44506.69,-14.225268,-0.3872833,0.16554055,-0.021371286
45514.566,-14.225268,-0.38360256,0.16389155,-0.021521961
46522.44,-14.225268,-0.38050133,0.16270325,-0.021679757
47530.316,-14.225268,-0.37811908,0.16204245,-0.021841163
48538.19,-14.225268,-0.37653407,0.16192688,-0.022003638
49546.066,-14.225268,-0.37576085,0.16232534,-0.022165772
50553.938,-14.225268,-0.37575126,0.16316193,-0.022327326
51561.812,-14.225268,-0.376402,0.16432431,-0.02248911
52569.688,-14.225268,-0.3775664,0.16567475,-0.022652736
53577.562,-14.225268,-0.37906837,0.16706312,-0.022820374
54585.438,-14.225268,-0.3807193,0.16834095,-0.02299435
55593.312,-14.225268,-0.38233462,0.16937478,-0.02317688
56601.19,-14.225268,-0.38375098,0.17005868,-0.023369651
57609.066,-14.225268,-0.38483793,0.17032318,-0.02357363
58616.94,-14.225268,-0.38551024,0.17014204,-0.023788808
59624.816,-14.225268,-0.38573232,0.16953401,-0.024014162
60632.69,-14.225268,-0.3855207,0.16856131,-0.02424763
61640.566,-14.225268,-0.38493922,0.16732329,-0.024486216
62648.44,-14.225268,-0.3840919,0.16594724,-0.024726188
63656.32,-14.225268,-0.38311052,0.16457576,-0.024963364
64664.195,-14.225268,-0.38213995,0.1633525,-0.025193434
65672.07,-14.225268,-0.38132176,0.1624077,-0.025412302
66679.945,-14.225268,-0.38077885,0.161844,-0.02561641
67687.82,-14.225268,-0.38060015,0.16172478,-0.025803028
68695.695,-14.225268,-0.38083035,0.16206616,-0.025970478
69703.57,-14.225268,-0.38146272,0.16283298,-0.026118254
70711.445,-14.225268,-0.38243783,0.16394031,-0.026246998
71719.32,-14.225268,-0.38364866,0.16526082,-0.026358427
72727.195,-14.225268,-0.38495094,0.1666363,-0.026455058
73735.08,-14.225268,-0.38617927,0.16789486,-0.026539909
74742.95,-14.225268,-0.3871671,0.16887014,-0.026616096
75750.83,-14.225268,-0.3877685,0.1694224,-0.026686404
76758.7,-14.225268,-0.38787997,0.16945808,-0.026752878
77766.58,-14.225268,-0.38745806,0.16894616,-0.026816513
78774.45,-14.225268,-0.3865336,0.16792771,-0.026877023
79782.33,-14.225268,-0.3852142,0.16651812,-0.026932858
80790.2,-14.225268,-0.3836789,0.16489834,-0.026981309
81798.08,-14.225268,-0.3821592,0.16329612,-0.027018972
82805.95,-14.225268,-0.38091123,0.16195646,-0.027042292
83813.83,-14.225268,-0.38017547,0.16110484,-0.027048321
84821.7,-14.225268,-0.38013446,0.16090564,-0.027035521
85829.58,-14.225268,-0.38086817,0.16142245,-0.027004518
86837.45,-14.225268,-0.38231996,0.16258784,-0.026958639
87845.33,-14.225268,-0.38427982,0.16419037,-0.026904013
88853.2,-14.225268,-0.38639453,0.16588828,-0.02684921
89861.08,-14.225268,-0.3882158,0.16725686,-0.02680402
90868.95,-14.225268,-0.38928616,0.16787352,-0.02677761
91876.83,-14.225268,-0.38926637,0.16743638,-0.026775911
92884.71,-14.225268,-0.38808274,0.1659028,-0.02679878
93892.586,-14.225268,-0.38606635,0.16361389,-0.02683747
94900.46,-14.225268,-0.38401833,0.16134901,-0.026873872
95908.336,-14.225268,-0.3831065,0.16021588,-0.026883326
96916.21,-14.225268,-0.38443792,0.16123816,-0.026844144
97924.086,-14.225268,-0.38808984,0.16443542,-0.026757963
98931.96,-14.225268,-0.3912877,0.16711338,-0.026687084
99939.836,-14.225268,-0.38530576,0.16097252,-0.026816625
160.16696,-13.619938,-0.49198574,0.34581745,-0.028488532
1168.0425,-13.619938,-0.32587865,0.19670342,-0.024174672
2175.918,-13.619938,-0.26841828,0.14791682,-0.022567246
3183.7935,-13.619938,-0.2564777,0.14226726,-0.022408398
4191.669,-13.619938,-0.2579708,0.14973375,-0.022784477
5199.5444,-13.619938,-0.25928465,0.15674745,-0.023093713
6207.42,-13.619938,-0.25690386,0.15899602,-0.022995848
7215.2954,-13.619938,-0.25207347,0.15678412,-0.022354776
8223.171,-13.619938,-0.2475997,0.15220323,-0.021181747
9231.046,-13.619938,-0.24611367,0.14754444,-0.019583765
10238.922,-13.619938,-0.24929313,0.14453381,-0.017719906
11246.798,-13.619938,-0.25767314,0.14408019,-0.015766548
12254.673,-13.619938,-0.2707883,0.14631885,-0.013891814
13262.548,-13.619938,-0.28746557,0.15079959,-0.012238206
14270.424,-13.619938,-0.30615744,0.156723,-0.010912783
15278.3,-13.619938,-0.32524207,0.16316353,-0.0099832285
16286.175,-13.619938,-0.34325877,0.16924985,-0.009478553
17294.049,-13.619938,-0.35906333,0.17428742,-0.00939323
18301.924,-13.619938,-0.37190783,0.17782529,-0.009693351
19309.8,-13.619938,-0.38145226,0.17967248,-0.010323973
20317.676,-13.619938,-0.3877278,0.1798768,-0.011216671
21325.55,-13.619938,-0.39106557,0.1786773,-0.012296664
22333.428,-13.619938,-0.3920057,0.17644265,-0.01348916
23341.303,-13.619938,-0.39120418,0.17360622,-0.014724484
24349.178,-13.619938,-0.3893438,0.1706052,-0.015941933
25357.053,-13.619938,-0.3870603,0.1678302,-0.01709231
26364.928,-13.619938,-0.38488522,0.16558783,-0.018139152
27372.805,-13.619938,-0.38321143,0.16407934,-0.019058963
28380.68,-13.619938,-0.38227585,0.16339241,-0.019840423
29388.555,-13.619938,-0.38216257,0.16350713,-0.020482976
30396.432,-13.619938,-0.3828188,0.16431126,-0.02099482
31404.307,-13.619938,-0.38408327,0.1656235,-0.021390826
32412.182,-13.619938,-0.3857191,0.16722046,-0.021690212
33420.06,-13.619938,-0.3874514,0.16886441,-0.021914385
34427.934,-13.619938,-0.38900203,0.17032956,-0.022085011
35435.81,-13.619938,-0.39012116,0.1714243,-0.022222405
36443.684,-13.619938,-0.39061224,0.1720076,-0.022344276
37451.562,-13.619938,-0.39034885,0.17199977,-0.02246491
38459.438,-13.619938,-0.38928315,0.1713857,-0.022594742
39467.312,-13.619938,-0.3874469,0.17021224,-0.022740282
40475.188,-13.619938,-0.3849441,0.16858009,-0.022904363
41483.062,-13.619938,-0.38193765,0.16663088,-0.02308666
42490.938,-13.619938,-0.37863183,0.1645319,-0.023284357
43498.812,-13.619938,-0.37525237,0.16245936,-0.023492914
44506.69,-13.619938,-0.37202477,0.16058117,-0.023706872
45514.566,-13.619938,-0.3691554,0.15904233,-0.023920612
46522.44,-13.619938,-0.366814,0.1579523,-0.024129028
47530.316,-13.619938,-0.3651204,0.15737626,-0.02432803
48538.19,-13.619938,-0.36413652,0.15733087,-0.02451492
49546.066,-13.619938,-0.36386386,0.15778431,-0.024688534
50553.938,-13.619938,-0.36424473,0.15866026,-0.02484928
51561.812,-13.619938,-0.36517093,0.15984622,-0.024998957
52569.688,-13.619938,-0.36649475,0.16120462,-0.025140464
53577.562,-13.619938,-0.36804223,0.16258535,-0.02527743
54585.438,-13.619938,-0.36963108,0.16384047,-0.02541372
55593.312,-13.619938,-0.371086,0.16483717,-0.025553064
56601.19,-13.619938,-0.3722543,0.16547005,-0.025698526
57609.066,-13.619938,-0.37301934,0.16567056,-0.02585226
58616.94,-13.619938,-0.37330997,0.16541348,-0.026015192
59624.816,-13.619938,-0.37310576,0.16471875,-0.026186924
60632.69,-13.619938,-0.37243795,0.16364986,-0.02636574
61640.566,-13.619938,-0.37138504,0.16230807,-0.026548738
62648.44,-13.619938,-0.37006438,0.16082233,-0.026732104
63656.32,-13.619938,-0.36861983,0.15933733,-0.026911473
64664.195,-13.619938,-0.36720687,0.15799902,-0.027082385
65672.07,-13.619938,-0.36597592,0.15693977,-0.027240684
66679.945,-13.619938,-0.3650565,0.15626477,-0.027382975
67687.82,-13.619938,-0.36454278,0.15603969,-0.027506998
68695.695,-13.619938,-0.3644826,0.15628266,-0.02761187
69703.57,-13.619938,-0.3648705,0.15696053,-0.02769822
70711.445,-13.619938,-0.36564735,0.1579899,-0.02776812
71719.32,-13.619938,-0.3667045,0.15924424,-0.027824895
72727.195,-13.619938,-0.36789545,0.16056609,-0.027872764
73735.08,-13.619938,-0.36905175,0.16178332,-0.027916297
74742.95,-13.619938,-0.37000334,0.16272888,-0.027959835
75750.83,-13.619938,-0.37059987,0.16326173,-0.028006908
76758.7,-13.619938,-0.37073424,0.16328652,-0.028059602
77766.58,-13.619938,-0.37035885,0.16276991,-0.028118148
78774.45,-13.619938,-0.36950064,0.16175076,-0.02818067
79782.33,-13.619938,-0.36826363,0.16034186,-0.028243203
80790.2,-13.619938,-0.3668236,0.15872185,-0.028300004
81798.08,-13.619938,-0.36540937,0.15711665,-0.028344318
82805.95,-13.619938,-0.36427385,0.15576985,-0.028369274
83813.83,-13.619938,-0.36365572,0.15490636,-0.028369127
84821.7,-13.619938,-0.36373436,0.15469062,-0.028340569
85829.58,-13.619938,-0.36458778,0.15518737,-0.028283924
86837.45,-13.619938,-0.36615717,0.15633073,-0.028203972
87845.33,-13.619938,-0.3682302,0.15791158,-0.028110191
88853.2,-13.619938,-0.37045175,0.15959027,-0.028016046
89861.08,-13.619938,-0.37237185,0.16094436,-0.027937198
90868.95,-13.619938,-0.37353203,0.16155237,-0.027888421
91876.83,-13.619938,-0.37359297,0.16111264,-0.027879521
92884.71,-13.619938,-0.37248197,0.15958089,-0.027910715
93892.586,-13.619938,-0.3705327,0.15729529,-0.027968599
94900.46,-13.619938,-0.3685502,0.15503074,-0.0280248
95908.336,-13.619938,-0.36770648,0.15389064,-0.028040268
96916.21,-13.619938,-0.36911196,0.15489599,-0.02798015
97924.086,-13.619938,-0.37284246,0.15806955,-0.02784583
98931.96,-13.619938,-0.37611246,0.16073039,-0.027733808
99939.836,-13.619938,-0.37016562,0.15461113,-0.02793415
160.16696,-13.014606,-0.48419785,0.34281093,-0.029902827
1168.0425,-13.014606,-0.30451268,0.19202463,-0.027442766
2175.918,-13.014606,-0.24186118,0.14279099,-0.026142888
3183.7935,-13.014606,-0.22883174,0.13715051,-0.025768148
4191.669,-13.014606,-0.23062108,0.14465691,-0.025932923
5199.5444,-13.014606,-0.23205177,0.15154395,-0.02625321
6207.42,-13.014606,-0.2288615,0.15344462,-0.026425216
7215.2954,-13.014606,-0.22209568,0.15069056,-0.026255116
8223.171,-13.014606,-0.21470141,0.14543994,-0.02565868
9231.046,-13.014606,-0.20963436,0.1400628,-0.024644047
10238.922,-13.014606,-0.20896752,0.13635875,-0.02328684
11246.798,-13.014606,-0.21362498,0.13529617,-0.021703832
12254.673,-13.014606,-0.223474,0.13705121,-0.02002901
13262.548,-13.014606,-0.23759271,0.14119619,-0.018393993
14270.424,-13.014606,-0.25459218,0.14693728,-0.016913677
15278.3,-13.014606,-0.2729192,0.15334101,-0.015677258
16286.175,-13.014606,-0.29110178,0.15951818,-0.014743866
17294.049,-13.014606,-0.30791947,0.16475023,-0.014142182
18301.924,-13.014606,-0.3225,0.1685591,-0.013872972
19309.8,-13.014606,-0.33434907,0.17072661,-0.013913769
20317.676,-13.014606,-0.34332964,0.17127523,-0.014224494
21325.55,-13.014606,-0.34960407,0.17042223,-0.014753631
22333.428,-13.014606,-0.3535569,0.1685189,-0.015444108
23341.303,-13.014606,-0.35570773,0.165986,-0.01623854
24349.178,-13.014606,-0.3566301,0.16325298,-0.017083496
25357.053,-13.014606,-0.35687888,0.16070671,-0.017932748
26364.928,-13.014606,-0.35693532,0.15865448,-0.018749235
27372.805,-13.014606,-0.35716942,0.15730053,-0.019506104
28380.68,-13.014606,-0.357821,0.15673825,-0.020186694
29388.555,-13.014606,-0.35899734,0.15695451,-0.020783804
30396.432,-13.014606,-0.36068544,0.15784459,-0.02129828
31404.307,-13.014606,-0.36277378,0.15923469,-0.021737346
32412.182,-13.014606,-0.3650818,0.16090807,-0.022112701
33420.06,-13.014606,-0.36739153,0.16263282,-0.022438541
34427.934,-13.014606,-0.3694786,0.16418755,-0.022729855
35435.81,-13.014606,-0.37114072,0.16538364,-0.023000859
36443.684,-13.014606,-0.37221962,0.16608159,-0.023263803
37451.562,-13.014606,-0.37261662,0.16620164,-0.023528185
38459.438,-13.014606,-0.3723006,0.16572754,-0.023800235
39467.312,-13.014606,-0.3713086,0.1647038,-0.024082901
40475.188,-13.014606,-0.36973935,0.16322795,-0.024376012
41483.062,-13.014606,-0.3677415,0.16143812,-0.024676785
42490.938,-13.014606,-0.36549735,0.1594976,-0.024980444
43498.812,-13.014606,-0.36320564,0.15757859,-0.025281046
44506.69,-13.014606,-0.36106178,0.15584517,-0.025572158
45514.566,-13.014606,-0.35924053,0.15443894,-0.025847688
46522.44,-13.014606,-0.35788137,0.15346628,-0.026102453
47530.316,-13.014606,-0.35707626,0.1529902,-0.02633272
48538.19,-13.014606,-0.35686427,0.15302557,-0.026536465
49546.066,-13.014606,-0.35722846,0.15353936,-0.026713545
50553.938,-13.014606,-0.35809964,0.15445478,-0.026865575
51561.812,-13.014606,-0.3593639,0.15565945,-0.026995746
52569.688,-13.014606,-0.3608739,0.15701625,-0.02710843
53577.562,-13.014606,-0.36246255,0.15837622,-0.027208712
54585.438,-13.014606,-0.3639587,0.15959266,-0.027301872
55593.312,-13.014606,-0.36520284,0.16053414,-0.027392853
56601.19,-13.014606,-0.3660612,0.16109706,-0.027485838
57609.066,-13.014606,-0.36643764,0.16121466,-0.027583797
58616.94,-13.014606,-0.3662824,0.16086344,-0.02768829
59624.816,-13.014606,-0.3655957,0.16006535,-0.027799305
60632.69,-13.014606,-0.36442864,0.15888569,-0.027915332
61640.566,-13.014606,-0.36287713,0.15742747,-0.028033568
62648.44,-13.014606,-0.3610734,0.1558216,-0.028150244
63656.32,-13.014606,-0.35917336,0.15421467,-0.028261025
64664.195,-13.014606,-0.35734096,0.15275434,-0.028361626
65672.07,-13.014606,-0.35573268,0.15157506,-0.02844822
66679.945,-13.014606,-0.35448128,0.15078376,-0.028518002
67687.82,-13.014606,-0.35368168,0.15044793,-0.028569553
68695.695,-13.014606,-0.3533811,0.1505875,-0.028603125
69703.57,-13.014606,-0.353572,0.15117079,-0.028620714
70711.445,-13.014606,-0.35419235,0.15211596,-0.028625939
71719.32,-13.014606,-0.3551309,0.15329747,-0.028623743
72727.195,-13.014606,-0.35623837,0.15455851,-0.028619885
73735.08,-13.014606,-0.35734382,0.15572728,-0.028620267
74742.95,-13.014606,-0.35827497,0.15663633,-0.028630173
75750.83,-13.014606,-0.35888004,0.15714389,-0.028653545
76758.7,-13.014606,-0.35904968,0.15715314,-0.028692208
77766.58,-13.014606,-0.3587352,0.15662894,-0.028745439
78774.45,-13.014606,-0.3579606,0.15560779,-0.028809635
79782.33,-13.014606,-0.35682717,0.15419991,-0.028878497
80790.2,-13.014606,-0.3555062,0.15258142,-0.028943487
81798.08,-13.014606,-0.35422176,0.15097566,-0.028994793
82805.95,-13.014606,-0.35322076,0.14962426,-0.029022675
83813.83,-13.014606,-0.35273555,0.1487507,-0.029019024
84821.7,-13.014606,-0.35293975,0.14851905,-0.028979108
85829.58,-13.014606,-0.35390612,0.14899431,-0.02890309
86837.45,-13.014606,-0.3555727,0.15011245,-0.02879709
87845.33,-13.014606,-0.35772616,0.15166658,-0.028673442
88853.2,-13.014606,-0.3600137,0.1533203,-0.02854975
89861.08,-13.014606,-0.36198938,0.15465407,-0.02844644
90868.95,-13.014606,-0.36320218,0.1552492,-0.028382776
91876.83,-13.014606,-0.36331943,0.15480503,-0.028371546
92884.71,-13.014606,-0.3622743,0.15327658,-0.028412983
93892.586,-13.014606,-0.36040127,0.15099843,-0.028489651
94900.46,-13.014606,-0.35850042,0.14873938,-0.02856463
95908.336,-13.014606,-0.3577312,0.14759542,-0.02858721
96916.21,-13.014606,-0.35918784,0.1485819,-0.028512111
97924.086,-13.014606,-0.36293733,0.15172346,-0.028341034
98931.96,-13.014606,-0.36621475,0.15435885,-0.028198699
99939.836,-13.014606,-0.36035624,0.14827394,-0.028460007
160.16696,-12.409277,-0.47574684,0.3398199,-0.031110734
1168.0425,-12.409277,-0.28467792,0.18740809,-0.030466627
2175.918,-12.409277,-0.21666089,0.13768438,-0.029539831
3183.7935,-12.409277,-0.20178513,0.1320335,-0.028993104
4191.669,-12.409277,-0.20335749,0.13961872,-0.028927758
5199.5444,-12.409277,-0.2048986,0.14646955,-0.029181499
6207.42,-12.409277,-0.20135805,0.14813985,-0.029510517
7215.2954,-12.409277,-0.19341037,0.14496061,-0.029691175
8223.171,-12.409277,-0.18394352,0.13913378,-0.029567653
9231.046,-12.409277,-0.1760658,0.13309309,-0.029065333
10238.922,-12.409277,-0.17212623,0.12870543,-0.028183965
11246.798,-12.409277,-0.17337619,0.12699924,-0.026980758
12254.673,-12.409277,-0.18000625,0.1281983,-0.025549853
13262.548,-12.409277,-0.19137505,0.13190705,-0.024002537
14270.424,-12.409277,-0.20630749,0.13734885,-0.022450533
15278.3,-12.409277,-0.22338712,0.1435938,-0.020993497
16286.175,-12.409277,-0.24119982,0.1497451,-0.019710843
17294.049,-12.409277,-0.2585119,0.15506802,-0.018657768
18301.924,-12.409277,-0.27437723,0.15906332,-0.017864544
19309.8,-12.409277,-0.28818288,0.16148877,-0.017338516
20317.676,-12.409277,-0.29964337,0.16234237,-0.017067775
21325.55,-12.409277,-0.3087589,0.1618186,-0.01702586
22333.428,-12.409277,-0.3157508,0.16024873,-0.01717677
23341.303,-12.409277,-0.32098716,0.15803729,-0.017479748
24349.178,-12.409277,-0.3249099,0.15560184,-0.0178935
25357.053,-12.409277,-0.3279687,0.15332167,-0.018379629
26364.928,-12.409277,-0.33056876,0.15150025,-0.018904949
27372.805,-12.409277,-0.33303437,0.15034197,-0.019443093
28380.68,-12.409277,-0.3355882,0.14994282,-0.019975021
29388.555,-12.409277,-0.33834577,0.15029463,-0.020488879
30396.432,-12.409277,-0.3413235,0.1512992,-0.020979188
31404.307,-12.409277,-0.3444553,0.1527895,-0.021445649
32412.182,-12.409277,-0.34761575,0.15455595,-0.021891743
33420.06,-12.409277,-0.35064703,0.15637296,-0.022323204
34427.934,-12.409277,-0.35338438,0.15802455,-0.02274656
35435.81,-12.409277,-0.35568053,0.15932624,-0.02316793
36443.684,-12.409277,-0.35742387,0.16014117,-0.023592036
37451.562,-12.409277,-0.3585515,0.16039073,-0.024021545
38459.438,-12.409277,-0.35905597,0.16005823,-0.02445671
39467.312,-12.409277,-0.35898492,0.15918668,-0.024895392
40475.188,-12.409277,-0.3584354,0.15787071,-0.0253333
41483.062,-12.409277,-0.3575431,0.15624481,-0.025764462
42490.938,-12.409277,-0.35646874,0.1544683,-0.026181834
43498.812,-12.409277,-0.35538098,0.15270886,-0.026578035
44506.69,-12.409277,-0.35444194,0.15112634,-0.026946047
45514.566,-12.409277,-0.35379046,0.1498582,-0.027279843
46522.44,-12.409277,-0.35353085,0.14900735,-0.027574923
47530.316,-12.409277,-0.35372344,0.14863372,-0.027828706
48538.19,-12.409277,-0.35437933,0.14875016,-0.028040709
49546.066,-12.409277,-0.3554609,0.1493222,-0.02821255
50553.938,-12.409277,-0.3568851,0.15027258,-0.028347742
51561.812,-12.409277,-0.35853195,0.1514892,-0.028451383
52569.688,-12.409277,-0.36025557,0.15283562,-0.028529663
53577.562,-12.409277,-0.36189765,0.15416455,-0.02858931
54585.438,-12.409277,-0.3633019,0.15533106,-0.028637005
55593.312,-12.409277,-0.36432874,0.15620603,-0.028678836
56601.19,-12.409277,-0.36486733,0.15668817,-0.028719798
57609.066,-12.409277,-0.3648472,0.15671316,-0.02876341
58616.94,-12.409277,-0.36424366,0.15626,-0.028811486
59624.816,-12.409277,-0.36308232,0.15535282,-0.02886407
60632.69,-12.409277,-0.36143622,0.15405917,-0.028919578
61640.566,-12.409277,-0.35942075,0.15248384,-0.028975029
62648.44,-12.409277,-0.35718322,0.15075964,-0.029026533
63656.32,-12.409277,-0.3548909,0.14903456,-0.029069744
64664.195,-12.409277,-0.35271448,0.14745785,-0.02910054
65672.07,-12.409277,-0.35081378,0.14616518,-0.02911552
66679.945,-12.409277,-0.34932098,0.14526474,-0.029112589
67687.82,-12.409277,-0.34832826,0.14482522,-0.029091356
68695.695,-12.409277,-0.34787798,0.14486773,-0.029053379
69703.57,-12.409277,-0.34795728,0.14536177,-0.029002167
70711.445,-12.409277,-0.34849846,0.14622635,-0.02894301
71719.32,-12.409277,-0.34938526,0.14733708,-0.028882535
72727.195,-12.409277,-0.3504643,0.14853764,-0.028828064
73735.08,-12.409277,-0.35156217,0.14965665,-0.028786767
74742.95,-12.409277,-0.3525054,0.15052682,-0.028764836
75750.83,-12.409277,-0.35314178,0.15100591,-0.028766505
76758.7,-12.409277,-0.3533622,0.1509962,-0.028793294
77766.58,-12.409277,-0.35311842,0.15046112,-0.028843477
78774.45,-12.409277,-0.3524338,0.14943528,-0.028911782
79782.33,-12.409277,-0.35140797,0.14802669,-0.028989693
80790.2,-12.409277,-0.35020903,0.1464089,-0.029066043
81798.08,-12.409277,-0.34905556,0.14480282,-0.029128263
82805.95,-12.409277,-0.34818795,0.14344776,-0.029164014
83813.83,-12.409277,-0.3478305,0.1425655,-0.029163111
84821.7,-12.409277,-0.34814936,0.14231896,-0.029119559
85829.58,-12.409277,-0.34921035,0.14277352,-0.02903339
86837.45,-12.409277,-0.35094756,0.14386609,-0.028911898
87845.33,-12.409277,-0.3531471,0.14539218,-0.028769834
88853.2,-12.409277,-0.35546008,0.14701849,-0.02862822
89861.08,-12.409277,-0.35744902,0.1483291,-0.028511437
90868.95,-12.409277,-0.35867402,0.14890847,-0.028442355
91876.83,-12.409277,-0.35881436,0.1484579,-0.028435998
92884.71,-12.409277,-0.35781202,0.14693205,-0.02849241
93892.586,-12.409277,-0.35600308,0.14466219,-0.028590545
94900.46,-12.409277,-0.35417777,0.14241064,-0.028686283
95908.336,-12.409277,-0.35347408,0.14126483,-0.028719317
96916.21,-12.409277,-0.35495868,0.1422328,-0.028636068
97924.086,-12.409277,-0.3586828,0.14533995,-0.02843903
98931.96,-12.409277,-0.36191726,0.14794615,-0.028276762
99939.836,-12.409277,-0.356157,0.14189906,-0.028594047
160.16696,-11.803946,-0.46635234,0.33682215,-0.032141186
1168.0425,-11.803946,-0.26675826,0.18285167,-0.03319837
2175.918,-11.803946,-0.19353731,0.1325918,-0.032705303
3183.7935,-11.803946,-0.1761482,0.12689312,-0.032052785
4191.669,-11.803946,-0.17694367,0.13457334,-0.031760644
5199.5444,-11.803946,-0.17850254,0.14145958,-0.03187767
6207.42,-11.803946,-0.17502101,0.14300805,-0.03223842
7215.2954,-11.803946,-0.16667545,0.1395244,-0.032618303
8223.171,-11.803946,-0.156111,0.13323142,-0.032818407
9231.046,-11.803946,-0.14640987,0.12660934,-0.032703836
10238.922,-11.803946,-0.14005628,0.121582374,-0.032212798
11246.798,-11.803946,-0.13853619,0.11923602,-0.031349007
12254.673,-11.803946,-0.14232078,0.1198439,-0.030165907
13262.548,-11.803946,-0.15104777,0.1230495,-0.028748449
14270.424,-11.803946,-0.16378585,0.12810206,-0.0271959
15278.3,-11.803946,-0.17930512,0.13408506,-0.025607651
16286.175,-11.803946,-0.19630939,0.14010337,-0.02407271
17294.049,-11.803946,-0.21361221,0.14541489,-0.022663184
18301.924,-11.803946,-0.23025006,0.14950532,-0.021431055
19309.8,-11.803946,-0.24553722,0.15211298,-0.020407934
20317.676,-11.803946,-0.25907448,0.15321413,-0.019606799
21325.55,-11.803946,-0.27072138,0.15298098,-0.019025095
22333.428,-11.803946,-0.28054652,0.15172403,-0.01864859
23341.303,-11.803946,-0.28876624,0.14982955,-0.018455317
24349.178,-11.803946,-0.29568237,0.14770024,-0.018419243
25357.053,-11.803946,-0.30162483,0.14570442,-0.018513463
26364.928,-11.803946,-0.3069049,0.14413853,-0.018712567
27372.805,-11.803946,-0.31178144,0.1432035,-0.018994343
28380.68,-11.803946,-0.31644106,0.14299536,-0.019340608
29388.555,-11.803946,-0.32099056,0.14350843,-0.019737499
30396.432,-11.803946,-0.3254609,0.14464901,-0.0201751
31404.307,-11.803946,-0.32982022,0.14625606,-0.020646779
32412.182,-11.803946,-0.33399063,0.14812633,-0.021148274
33420.06,-11.803946,-0.33787042,0.15004057,-0.02167663
34427.934,-11.803946,-0.34135368,0.15178868,-0.02222927
35435.81,-11.803946,-0.34434924,0.15319084,-0.022803139
36443.684,-11.803946,-0.34679562,0.15411381,-0.023394138
37451.562,-11.803946,-0.34867063,0.15448102,-0.023996707
38459.438,-11.803946,-0.3499958,0.15427642,-0.024603756
39467.312,-11.803946,-0.35083476,0.15354212,-0.025206847
40475.188,-11.803946,-0.35128796,0.15237081,-0.025796542
41483.062,-11.803946,-0.35148284,0.15089399,-0.026362933
42490.938,-11.803946,-0.35156092,0.14926726,-0.02689628
43498.812,-11.803946,-0.35166427,0.14765403,-0.027387613
44506.69,-11.803946,-0.3519224,0.14620999,-0.02782943
45514.566,-11.803946,-0.35243914,0.1450684,-0.028216142
46522.44,-11.803946,-0.35328326,0.14432856,-0.028544456
47530.316,-11.803946,-0.35448238,0.14404745,-0.028813636
48538.19,-11.803946,-0.35601923,0.14423539,-0.029025435
49546.066,-11.803946,-0.35783428,0.14485669,-0.029183967
50553.938,-11.803946,-0.35983005,0.14583343,-0.029295314
51561.812,-11.803946,-0.36188006,0.14705369,-0.029367048
52569.688,-11.803946,-0.36384013,0.14838232,-0.029407622
53577.562,-11.803946,-0.36556107,0.14967354,-0.0294257
54585.438,-11.803946,-0.36690262,0.15078475,-0.029429505
55593.312,-11.803946,-0.3677461,0.15158933,-0.029426232
56601.19,-11.803946,-0.3680059,0.15198879,-0.029421534
57609.066,-11.803946,-0.36763796,0.15192159,-0.029419202
58616.94,-11.803946,-0.36664513,0.1513693,-0.029420938
59624.816,-11.803946,-0.3650785,0.15035875,-0.029426442
60632.69,-11.803946,-0.36303452,0.14895946,-0.029433586
61640.566,-11.803946,-0.3606475,0.14727819,-0.029438816
62648.44,-11.803946,-0.3580798,0.14544918,-0.029437702
63656.32,-11.803946,-0.35550815,0.14362162,-0.029425573
64664.195,-11.803946,-0.35310858,0.14194573,-0.029398179
65672.07,-11.803946,-0.35104087,0.14055787,-0.029352393
66679.945,-11.803946,-0.34943408,0.13956673,-0.029286696
67687.82,-11.803946,-0.3483742,0.13904153,-0.02920169
68695.695,-11.803946,-0.34789547,0.1390038,-0.02910024
69703.57,-11.803946,-0.34797597,0.13942356,-0.028987465
70711.445,-11.803946,-0.34853995,0.14022037,-0.028870413
71719.32,-11.803946,-0.34946358,0.14127031,-0.028757494
72727.195,-11.803946,-0.3505882,0.14241761,-0.028657734
73735.08,-11.803946,-0.35173702,0.14349133,-0.02857973
74742.95,-11.803946,-0.35273495,0.14432442,-0.02853064
75750.83,-11.803946,-0.35343072,0.14477456,-0.028515162
76758.7,-11.803946,-0.35371694,0.1447438,-0.028534655
77766.58,-11.803946,-0.35354728,0.14419457,-0.028586516
78774.45,-11.803946,-0.35294703,0.14316037,-0.02866398
79782.33,-11.803946,-0.35201627,0.14174752,-0.028756479
80790.2,-11.803946,-0.35092142,0.14012763,-0.028850414
81798.08,-11.803946,-0.34987772,0.13851935,-0.028930662
82805.95,-11.803946,-0.34911937,0.1371601,-0.028982468
83813.83,-11.803946,-0.3488636,0.13626972,-0.028993668
84821.7,-11.803946,-0.34926856,0.13601014,-0.028957052
85829.58,-11.803946,-0.35039318,0.13644624,-0.028872462
86837.45,-11.803946,-0.35216683,0.13751566,-0.02874808
87845.33,-11.803946,-0.35437506,0.13901567,-0.028600683
88853.2,-11.803946,-0.35667342,0.1406158,-0.02845419
89861.08,-11.803946,-0.35863343,0.1419032,-0.028336236
90868.95,-11.803946,-0.3598279,0.14246547,-0.028272683
91876.83,-11.803946,-0.35995078,0.14200631,-0.028280307
92884.71,-11.803946,-0.35895467,0.14048043,-0.028358754
93892.586,-11.803946,-0.35717872,0.13821676,-0.028483715
94900.46,-11.803946,-0.3554033,0.13597183,-0.028604807
95908.336,-11.803946,-0.35474235,0.13482499,-0.02865355
96916.21,-11.803946,-0.35623032,0.13577694,-0.02856955
97924.086,-11.803946,-0.3598983,0.13885261,-0.028356489
98931.96,-11.803946,-0.36305293,0.14143053,-0.028183905
99939.836,-11.803946,-0.35736433,0.13541614,-0.028556615
160.16696,-11.198616,-0.45575592,0.33380312,-0.03302409
1168.0425,-11.198616,-0.25103882,0.17835344,-0.035597518
2175.918,-11.198616,-0.17312588,0.12751068,-0.03558855
3183.7935,-11.198616,-0.15270184,0.12171273,-0.034912717
4191.669,-11.198616,-0.15215853,0.12948266,-0.034417335
5199.5444,-11.198616,-0.15357244,0.13645509,-0.034338437
6207.42,-11.198616,-0.15049136,0.13797647,-0.03460125
7215.2954,-11.198616,-0.14251651,0.13430645,-0.035008285
8223.171,-11.198616,-0.13189282,0.12766692,-0.03534878
9231.046,-11.198616,-0.12150274,0.12056668,-0.035454698
10238.922,-11.198616,-0.11381111,0.11497471,-0.035222456
11246.798,-11.198616,-0.110424116,0.11202693,-0.034613743
12254.673,-11.198616,-0.11202076,0.112045795,-0.033645034
13262.548,-11.198616,-0.11848776,0.11471652,-0.032372415
14270.424,-11.198616,-0.12914193,0.119320326,-0.030875653
15278.3,-11.198616,-0.14297017,0.12496176,-0.029244086
16286.175,-11.198616,-0.15884149,0.13075565,-0.027565375
17294.049,-11.198616,-0.17567237,0.13596013,-0.025917722
18301.924,-11.198616,-0.19253881,0.14005315,-0.024365107
19309.8,-11.198616,-0.20873645,0.14275897,-0.022955395
20317.676,-11.198616,-0.22379783,0.14403604,-0.021720488
21325.55,-11.198616,-0.23747775,0.14403662,-0.020677913
22333.428,-11.198616,-0.2497174,0.14305134,-0.01983336
23341.303,-11.198616,-0.2605956,0.14144759,-0.01918353
24349.178,-11.198616,-0.27027866,0.13961174,-0.018719003
25357.053,-11.198616,-0.27897364,0.13789871,-0.018426705
26364.928,-11.198616,-0.28688747,0.1365953,-0.018291976
27372.805,-11.198616,-0.2941994,0.13589601,-0.018300053
28380.68,-11.198616,-0.30104274,0.13589391,-0.018436892
29388.555,-11.198616,-0.3074969,0.13658333,-0.018689645
30396.432,-11.198616,-0.31359056,0.13787293,-0.019046567
31404.307,-11.198616,-0.3193091,0.13960566,-0.01949677
32412.182,-11.198616,-0.32460943,0.14158343,-0.020029705
33420.06,-11.198616,-0.32943475,0.14359275,-0.020634674
34427.934,-11.198616,-0.3337304,0.14542897,-0.021300325
35435.81,-11.198616,-0.33745745,0.14691731,-0.02201438
36443.684,-11.198616,-0.3406033,0.14792858,-0.022763442
37451.562,-11.198616,-0.34318763,0.14838907,-0.02353308
38459.438,-11.198616,-0.34526396,0.1482843,-0.024308037
39467.312,-11.198616,-0.34691742,0.14765662,-0.025072735
40475.188,-11.198616,-0.3482578,0.14659789,-0.025811795
41483.062,-11.198616,-0.34941033,0.14523755,-0.026510721
42490.938,-11.198616,-0.35050452,0.14372826,-0.027156562
43498.812,-11.198616,-0.35166222,0.14223024,-0.027738517
44506.69,-11.198616,-0.35298586,0.1408955,-0.028248522
45514.566,-11.198616,-0.3545492,0.13985375,-0.028681548
46522.44,-11.198616,-0.35638988,0.1392009,-0.029035872
47530.316,-11.198616,-0.35850546,0.13899098,-0.029312994
48538.19,-11.198616,-0.36085296,0.13923244,-0.029517498
49546.066,-11.198616,-0.3633518,0.13988799,-0.029656557
50553.938,-11.198616,-0.36589056,0.14087921,-0.02973942
51561.812,-11.198616,-0.36833626,0.1420945,-0.029776696
52569.688,-11.198616,-0.3705457,0.14339969,-0.029779524
53577.562,-11.198616,-0.3723782,0.14465076,-0.029758854
54585.438,-11.198616,-0.3737079,0.14570722,-0.029724644
55593.312,-11.198616,-0.37443614,0.14644514,-0.02968526
56601.19,-11.198616,-0.3745006,0.14676872,-0.029646905
57609.066,-11.198616,-0.37388268,0.14661929,-0.029613398
58616.94,-11.198616,-0.37261122,0.14598106,-0.029585982
59624.816,-11.198616,-0.37076157,0.14488304,-0.029563557
60632.69,-11.198616,-0.36845136,0.14339703,-0.029542943
61640.566,-11.198616,-0.36583295,0.14163135,-0.029519469
62648.44,-11.198616,-0.3630815,0.1397213,-0.029487627
63656.32,-11.198616,-0.36038148,0.13781694,-0.029441861
64664.195,-11.198616,-0.35791185,0.13606873,-0.02937737
65672.07,-11.198616,-0.3558303,0.13461317,-0.029290836
66679.945,-11.198616,-0.35425997,0.13355875,-0.029181069
67687.82,-11.198616,-0.35327795,0.13297454,-0.02904941
68695.695,-11.198616,-0.3529076,0.13288173,-0.02889993
69703.57,-11.198616,-0.3531161,0.13325007,-0.028739328
70711.445,-11.198616,-0.3538161,0.13399906,-0.028576465
71719.32,-11.198616,-0.35487515,0.13500491,-0.028421711
72727.195,-11.198616,-0.3561269,0.13611199,-0.028285954
73735.08,-11.198616,-0.3573905,0.13714966,-0.028179454
74742.95,-11.198616,-0.3584891,0.13795117,-0.02811067
75750.83,-11.198616,-0.35927215,0.1383746,-0.028085046
76758.7,-11.198616,-0.35963497,0.13832192,-0.02810403
77766.58,-11.198616,-0.35953495,0.13775572,-0.028164463
78774.45,-11.198616,-0.35900122,0.13670877,-0.02825837
79782.33,-11.198616,-0.35813683,0.13528687,-0.02837334
80790.2,-11.198616,-0.35710943,0.1336603,-0.02849357
81798.08,-11.198616,-0.35613322,0.13204643,-0.028601505
82805.95,-11.198616,-0.35543945,0.13068104,-0.028680036
83813.83,-11.198616,-0.3552397,0.12978268,-0.02871506
84821.7,-11.198616,-0.35568556,0.129512,-0.028698085
85829.58,-11.198616,-0.35683003,0.12993321,-0.02862853
86837.45,-11.198616,-0.35859793,0.13098416,-0.028515233
87845.33,-11.198616,-0.36077368,0.13246295,-0.028376617
88853.2,-11.198616,-0.36301595,0.1340408,-0.028239047
89861.08,-11.198616,-0.3649045,0.13530745,-0.028132986
90868.95,-11.198616,-0.36602476,0.13585284,-0.028086813
91876.83,-11.198616,-0.366084,0.1353829,-0.02811876
92884.71,-11.198616,-0.36504748,0.13385306,-0.028227981
93892.586,-11.198616,-0.36325872,0.13159092,-0.028387144
94900.46,-11.198616,-0.36149138,0.12934919,-0.028540146
95908.336,-11.198616,-0.36083868,0.12820116,-0.028611232
96916.21,-11.198616,-0.36230394,0.12914124,-0.028534096
97924.086,-11.198616,-0.36589554,0.13219297,-0.028313909
98931.96,-11.198616,-0.3689455,0.13474753,-0.028139668
99939.836,-11.198616,-0.36327463,0.12875362,-0.028570756
160.16696,-10.593285,-0.44373226,0.33075708,-0.03378845
1168.0425,-10.593285,-0.23767874,0.17391261,-0.037633907
2175.918,-10.593285,-0.15592232,0.12244217,-0.038144596
3183.7935,-10.593285,-0.13212934,0.116484135,-0.03753695
4191.669,-10.593285,-0.12972948,0.12432021,-0.036878712
5199.5444,-10.593285,-0.13078754,0.1314084,-0.0365582
6207.42,-10.593285,-0.12836902,0.13298005,-0.03659725
7215.2954,-10.593285,-0.121474974,0.12923272,-0.036851175
8223.171,-10.593285,-0.11182707,0.12236846,-0.037129145
9231.046,-10.593285,-0.101948336,0.11490694,-0.037259854
10238.922,-10.593285,-0.0941288,0.10884769,-0.037121464
11246.798,-10.593285,-0.08996433,0.10536784,-0.03664922
12254.673,-10.593285,-0.09024878,0.10483393,-0.03583033
13262.548,-10.593285,-0.09506245,0.10697256,-0.03469278
14270.424,-10.593285,-0.10395119,0.11109982,-0.033292204
15278.3,-10.593285,-0.11612916,0.11634637,-0.03169953
16286.175,-10.593285,-0.13066301,0.121843845,-0.029990576
17294.049,-10.593285,-0.14662035,0.12685764,-0.028238347
18301.924,-10.593285,-0.16317174,0.13086462,-0.026507929
19309.8,-10.593285,-0.1796503,0.13358143,-0.024853732
20317.676,-10.593285,-0.19557403,0.13495347,-0.02331854
21325.55,-10.593285,-0.2106395,0.1351169,-0.021933896
22333.428,-10.593285,-0.22469762,0.13434449,-0.020721361
23341.303,-10.593285,-0.23771673,0.13298598,-0.019694196
24349.178,-10.593285,-0.24974449,0.13141102,-0.01885911
25357.053,-10.593285,-0.26087084,0.12996016,-0.018217841
26364.928,-10.593285,-0.27119756,0.12890825,-0.017768433
27372.805,-10.593285,-0.280815,0.12844129,-0.017506242
28380.68,-10.593285,-0.28978863,0.12864658,-0.01742446
29388.555,-10.593285,-0.29815355,0.12951586,-0.017514419
30396.432,-10.593285,-0.30591613,0.13095751,-0.017765589
31404.307,-10.593285,-0.31306058,0.13281637,-0.018165538
32412.182,-10.593285,-0.31955978,0.13489784,-0.018699795
33420.06,-10.593285,-0.32538626,0.13699277,-0.01935172
34427.934,-10.593285,-0.3305239,0.13890126,-0.020102521
35435.81,-10.593285,-0.33497667,0.14045335,-0.02093155
36443.684,-10.593285,-0.3387751,0.14152399,-0.02181654
37451.562,-10.593285,-0.34197858,0.14204301,-0.022734223
38459.438,-10.593285,-0.34467417,0.14199847,-0.023660973
39467.312,-10.593285,-0.34697217,0.14143407,-0.024573682
40475.188,-10.593285,-0.34899825,0.14044207,-0.025450565
41483.062,-10.593285,-0.3508837,0.13915123,-0.026272038
42490.938,-10.593285,-0.35275495,0.1377128,-0.02702149
43498.812,-10.593285,-0.35472265,0.13628481,-0.027685951
44506.69,-10.593285,-0.35687208,0.13501683,-0.028256556
45514.566,-10.593285,-0.3592556,0.13403589,-0.028728815
46522.44,-10.593285,-0.3618871,0.13343535,-0.029102605
47530.316,-10.593285,-0.36474058,0.13326699,-0.029381935
48538.19,-10.593285,-0.36775184,0.13353734,-0.029574499
49546.066,-10.593285,-0.37082312,0.13420802,-0.02969096
50553.938,-10.593285,-0.37383038,0.13520011,-0.029744167
51561.812,-10.593285,-0.3766344,0.13640212,-0.029748153
52569.688,-10.593285,-0.37909204,0.13768077,-0.029717168
53577.562,-10.593285,-0.3810685,0.13889343,-0.029664746
54585.438,-10.593285,-0.3824497,0.13990152,-0.029602783
55593.312,-10.593285,-0.38315302,0.14058341,-0.029540872
56601.19,-10.593285,-0.3831361,0.14084575,-0.02948573
57609.066,-10.593285,-0.38240147,0.1406323,-0.029440992
58616.94,-10.593285,-0.38099933,0.13992956,-0.029407145
59624.816,-10.593285,-0.37902576,0.1387687,-0.02938183
60632.69,-10.593285,-0.37661654,0.13722312,-0.029360298
61640.566,-10.593285,-0.37393814,0.13540237,-0.029336162
62648.44,-10.593285,-0.371176,0.13344255,-0.02930221
63656.32,-10.593285,-0.36851984,0.131494,-0.02925139
64664.195,-10.593285,-0.36614898,0.12970701,-0.029177744
65672.07,-10.593285,-0.36421722,0.12821749,-0.029077262
66679.945,-10.593285,-0.3628398,0.12713325,-0.028948614
67687.82,-10.593285,-0.36208317,0.12652226,-0.028793547
68695.695,-10.593285,-0.3619582,0.12640485,-0.028617134
69703.57,-10.593285,-0.36241874,0.12674986,-0.028427538
70711.445,-10.593285,-0.36336544,0.12747595,-0.02823546
71719.32,-10.593285,-0.36465433,0.12845883,-0.028053334
72727.195,-10.593285,-0.366111,0.12954278,-0.027894188
73735.08,-10.593285,-0.36754867,0.13055715,-0.027770245
74742.95,-10.593285,-0.36878845,0.13133554,-0.027691616
75750.83,-10.593285,-0.36968037,0.13173643,-0.027664881
76758.7,-10.593285,-0.3701228,0.1316625,-0.027692003
77766.58,-10.593285,-0.37007815,0.13107681,-0.027769646
78774.45,-10.593285,-0.36958125,0.13001278,-0.027888935
79782.33,-10.593285,-0.36874056,0.12857611,-0.02803594
80790.2,-10.593285,-0.36772797,0.12693726,-0.02819282
81798.08,-10.593285,-0.36676013,0.12531303,-0.028339721
82805.95,-10.593285,-0.36606836,0.12393871,-0.028457228
83813.83,-10.593285,-0.36586213,0.12303173,-0.028529188
84821.7,-10.593285,-0.36628938,0.12275189,-0.028545659
85829.58,-10.593285,-0.36739832,0.123162664,-0.028505463
86837.45,-10.593285,-0.3691101,0.12420121,-0.028417774
87845.33,-10.593285,-0.37120724,0.12566555,-0.028302332
88853.2,-10.593285,-0.37335026,0.12722746,-0.028187616
89861.08,-10.593285,-0.3751247,0.1284777,-0.028106572
90868.95,-10.593285,-0.37612557,0.12900782,-0.028089859
91876.83,-10.593285,-0.37607262,0.12852514,-0.028156988
92884.71,-10.593285,-0.37494212,0.12698647,-0.028306609
93892.586,-10.593285,-0.3730853,0.124719486,-0.028508477
94900.46,-10.593285,-0.37127322,0.12247557,-0.028701108
95908.336,-10.593285,-0.37058488,0.12132515,-0.028801896
96916.21,-10.593285,-0.3719992,0.1222587,-0.02873909
97924.086,-10.593285,-0.37550122,0.12529737,-0.028519541
98931.96,-10.593285,-0.37843072,0.1278367,-0.028351214
99939.836,-10.593285,-0.37270686,0.12184572,-0.028845994
160.16696,-9.987953,-0.43009853,0.32768708,-0.03446077
1168.0425,-9.987953,-0.22669514,0.16953096,-0.039289586
2175.918,-9.987953,-0.14224154,0.11739287,-0.040337123
3183.7935,-9.987953,-0.11496132,0.11120974,-0.03989045
4191.669,-9.987953,-0.11027332,0.11907396,-0.039122004
5199.5444,-9.987953,-0.110741705,0.12628737,-0.038529333
6207.42,-9.987953,-0.1091636,0.1279668,-0.038230546
7215.2954,-9.987953,-0.10396447,0.124237314,-0.038155742
8223.171,-9.987953,-0.096257895,0.11726536,-0.03816436
9231.046,-9.987953,-0.08807218,0.109565035,-0.03811212
10238.922,-9.987953,-0.08137493,0.10315195,-0.037884366
11246.798,-9.987953,-0.07761715,0.09923315,-0.037408173
12254.673,-9.987953,-0.07760064,0.098211765,-0.0366521
13262.548,-9.987953,-0.08152601,0.099852316,-0.035619646
14270.424,-9.987953,-0.08912952,0.10350573,-0.034340102
15278.3,-9.987953,-0.09984454,0.108331546,-0.032859392
16286.175,-9.987953,-0.11295358,0.11348271,-0.031231984
17294.049,-9.987953,-0.12771174,0.11823769,-0.029514844
18301.924,-9.987953,-0.14343403,0.12207907,-0.027762908
19309.8,-9.987953,-0.15954694,0.12472159,-0.026026491
20317.676,-9.987953,-0.17561005,0.1261037,-0.024349926
21325.55,-9.987953,-0.19131467,0.12634978,-0.022771122
22333.428,-9.987953,-0.20646665,0.1257185,-0.021321805
23341.303,-9.987953,-0.22096044,0.12454403,-0.020027956
24349.178,-9.987953,-0.23475108,0.123180375,-0.018910453
25357.053,-9.987953,-0.24782771,0.12195357,-0.017985381
26364.928,-9.987953,-0.2601915,0.12112567,-0.017264444
27372.805,-9.987953,-0.27184144,0.12087216,-0.016755063
28380.68,-9.987953,-0.28276533,0.12127255,-0.01646028
29388.555,-9.987953,-0.29293776,0.1223132,-0.016378645
30396.432,-9.987953,-0.30232397,0.12389984,-0.01650406
31404.307,-9.987953,-0.31088614,0.12587681,-0.0168257
32412.182,-9.987953,-0.3185925,0.12805071,-0.017328009
33420.06,-9.987953,-0.32542574,0.13021514,-0.01799098
34427.934,-9.987953,-0.33139163,0.13217391,-0.018790502
35435.81,-9.987953,-0.33652386,0.13376093,-0.019699171
36443.684,-9.987953,-0.34088668,0.13485543,-0.02068704
37451.562,-9.987953,-0.34457448,0.13539107,-0.021722794
38459.438,-9.987953,-0.3477068,0.13535918,-0.022774829
39467.312,-9.987953,-0.35042185,0.13480619,-0.0238126
40475.188,-9.987953,-0.3528669,0.13382587,-0.024807787
41483.062,-9.987953,-0.35518807,0.13254812,-0.025735477
42490.938,-9.987953,-0.35751936,0.13112423,-0.026575066
43498.812,-9.987953,-0.35997146,0.1297118,-0.02731104
44506.69,-9.987953,-0.3626244,0.12845922,-0.027933482
45514.566,-9.987953,-0.36551988,0.12749213,-0.028438177
46522.44,-9.987953,-0.36865887,0.12690258,-0.028826468
47530.316,-9.987953,-0.37200078,0.12674066,-0.029104842
48538.19,-9.987953,-0.3754669,0.1270118,-0.029284198
49546.066,-9.987953,-0.3789469,0.1276766,-0.029378843
50553.938,-9.987953,-0.38230717,0.12865561,-0.0294054
51561.812,-9.987953,-0.3854026,0.12983736,-0.029381612
52569.688,-9.987953,-0.38808876,0.13108906,-0.02932508
53577.562,-9.987953,-0.39023396,0.13226911,-0.029252127
54585.438,-9.987953,-0.39173147,0.1332402,-0.02917671
55593.312,-9.987953,-0.39250958,0.13388243,-0.029109733
56601.19,-9.987953,-0.39253914,0.13410413,-0.029058388
57609.066,-9.987953,-0.39183798,0.13385096,-0.02902596
58616.94,-9.987953,-0.39047185,0.1331113,-0.0290119
59624.816,-9.987953,-0.38855153,0.13191773,-0.0290122
60632.69,-9.987953,-0.38622546,0.13034494,-0.029020073
61640.566,-9.987953,-0.3836701,0.12850314,-0.02902684
62648.44,-9.987953,-0.38107723,0.12652887,-0.029023005
63656.32,-9.987953,-0.37863886,0.124572225,-0.028999377
64664.195,-9.987953,-0.37653252,0.122782886,-0.02894827
65672.07,-9.987953,-0.37490618,0.121295795,-0.02886438
66679.945,-9.987953,-0.3738665,0.12021729,-0.02874574
67687.82,-9.987953,-0.37346804,0.11961399,-0.028594133
68695.695,-9.987953,-0.3737083,0.11950452,-0.028415333
69703.57,-9.987953,-0.37452775,0.11985613,-0.028218785
70711.445,-9.987953,-0.3758133,0.120586276,-0.028017059
71719.32,-9.987953,-0.3774095,0.12156952,-0.02782474
72727.195,-9.987953,-0.37913245,0.12264943,-0.027657185
73735.08,-9.987953,-0.38078916,0.123655185,-0.027528932
74742.95,-9.987953,-0.38219762,0.124420606,-0.027452085
75750.83,-9.987953,-0.38320792,0.124804735,-0.027434804
76758.7,-9.987953,-0.38372204,0.124711275,-0.027480017
77766.58,-9.987953,-0.38370767,0.12410441,-0.027584635
78774.45,-9.987953,-0.38320678,0.123018906,-0.027739238
79782.33,-9.987953,-0.38233557,0.12156175,-0.02792868
80790.2,-9.987953,-0.38127306,0.11990433,-0.028133295
81798.08,-9.987953,-0.38024184,0.11826446,-0.028331054
82805.95,-9.987953,-0.3794769,0.11687741,-0.02850019
83813.83,-9.987953,-0.37918958,0.11596078,-0.028622458
84821.7,-9.987953,-0.37952694,0.115673594,-0.028686294
85829.58,-9.987953,-0.38053545,0.11607845,-0.028689612
86837.45,-9.987953,-0.38213333,0.11711138,-0.02864168
87845.33,-9.987953,-0.3841013,0.118569255,-0.028563276
88853.2,-9.987953,-0.38609925,0.120122865,-0.028484708
89861.08,-9.987953,-0.3877159,0.12136247,-0.028441196
90868.95,-9.987953,-0.38855222,0.12187978,-0.028465535
91876.83,-9.987953,-0.38833702,0.12138289,-0.028578449
92884.71,-9.987953,-0.38705724,0.11983006,-0.028778093
93892.586,-9.987953,-0.38507208,0.117550716,-0.029031383
94900.46,-9.987953,-0.38315648,0.115298055,-0.029271625
95908.336,-9.987953,-0.3823836,0.11414326,-0.029409477
96916.21,-9.987953,-0.38371655,0.11507609,-0.0293679
97924.086,-9.987953,-0.38711864,0.118114665,-0.029155584
98931.96,-9.987953,-0.38991773,0.12064889,-0.028999547
99939.836,-9.987953,-0.38406467,0.114640385,-0.029564386
160.16696,-9.382624,-0.41471964,0.32460496,-0.035063714
1168.0425,-9.382624,-0.21795575,0.165214,-0.040559877
2175.918,-9.382624,-0.13218975,0.11237551,-0.042140774
3183.7935,-9.382624,-0.10153094,0.10590359,-0.04194151
4191.669,-9.382624,-0.094244055,0.11374836,-0.04112258
5199.5444,-9.382624,-0.09389345,0.121078506,-0.040242955
6207.42,-9.382624,-0.09325105,0.122902595,-0.039511222
7215.2954,-9.382624,-0.09023445,0.11926792,-0.03894917
8223.171,-9.382624,-0.085305676,0.11229405,-0.038493574
9231.046,-9.382624,-0.079893105,0.10447524,-0.038055804
10238.922,-9.382624,-0.075512424,0.09782909,-0.037553594
11246.798,-9.382624,-0.073341645,0.09358015,-0.03692511
12254.673,-9.382624,-0.0740793,0.09215887,-0.03613275
13262.548,-9.382624,-0.07796323,0.09336164,-0.035161298
14270.424,-9.382624,-0.08486595,0.09657139,-0.034013662
15278.3,-9.382624,-0.09441689,0.100976765,-0.032706134
16286.175,-9.382624,-0.10611797,0.10575472,-0.03126406
17294.049,-9.382624,-0.11943689,0.110201396,-0.029718418
18301.924,-9.382624,-0.13387364,0.11381014,-0.028103303
19309.8,-9.382624,-0.14899886,0.1163003,-0.02645433
20317.676,-9.382624,-0.16446862,0.11760867,-0.024807587
21325.55,-9.382624,-0.18002303,0.1178535,-0.023198916
22333.428,-9.382624,-0.19547278,0.11728359,-0.021663379
23341.303,-9.382624,-0.21068037,0.11622077,-0.020234719
24349.178,-9.382624,-0.22554086,0.115005635,-0.018944664
25357.053,-9.382624,-0.23996505,0.11395057,-0.017822158
26364.928,-9.382624,-0.25386617,0.11330465,-0.016892426
27372.805,-9.382624,-0.26715416,0.11323191,-0.016176013
28380.68,-9.382624,-0.2797331,0.11380227,-0.015687851
29388.555,-9.382624,-0.2915056,0.11499469,-0.015436402
30396.432,-9.382624,-0.30237815,0.11670967,-0.015423044
31404.307,-9.382624,-0.31227082,0.11878861,-0.015641771
32412.182,-9.382624,-0.3211258,0.12103721,-0.01607915
33420.06,-9.382624,-0.32891572,0.123249754,-0.01671473
34427.934,-9.382624,-0.33564913,0.12523222,-0.017521748
35435.81,-9.382624,-0.3413741,0.12682167,-0.018468276
36443.684,-9.382624,-0.34617713,0.12790105,-0.019518532
37451.562,-9.382624,-0.35017973,0.12840803,-0.02063448
38459.438,-9.382624,-0.35353106,0.12833785,-0.021777535
39467.312,-9.382624,-0.35639822,0.12774055,-0.022910299
40475.188,-9.382624,-0.3589558,0.12671323,-0.02399819
41483.062,-9.382624,-0.36137253,0.12538815,-0.025010962
42490.938,-9.382624,-0.36380008,0.12391858,-0.02592386
43498.812,-9.382624,-0.36636165,0.12246319,-0.026718566
44506.69,-9.382624,-0.3691444,0.12117119,-0.027383763
45514.566,-9.382624,-0.3721928,0.12016818,-0.027915135
46522.44,-9.382624,-0.37550598,0.11954585,-0.02831525
47530.316,-9.382624,-0.37903905,0.119353905,-0.028592758
48538.19,-9.382624,-0.38270733,0.11959698,-0.028761579
49546.066,-9.382624,-0.38639343,0.120235175,-0.028839558
50553.938,-9.382624,-0.38995793,0.12118852,-0.02884708
51561.812,-9.382624,-0.39325112,0.122345254,-0.028805582
52569.688,-9.382624,-0.3961254,0.12357264,-0.028736059
53577.562,-9.382624,-0.3984491,0.124729306,-0.028657671
54585.438,-9.382624,-0.4001175,0.12567855,-0.028586509
55593.312,-9.382624,-0.4010633,0.12630126,-0.028534781
56601.19,-9.382624,-0.40126368,0.12650679,-0.028510047
57609.066,-9.382624,-0.40074408,0.12624192,-0.028515177
58616.94,-9.382624,-0.39957803,0.12549585,-0.028548324
59624.816,-9.382624,-0.39788395,0.12430217,-0.028603556
60632.69,-9.382624,-0.39581677,0.12273611,-0.028671667
61640.566,-9.382624,-0.39355755,0.120908275,-0.028741254
62648.44,-9.382624,-0.3912998,0.11895506,-0.028800013
63656.32,-9.382624,-0.3892349,0.11702593,-0.028836109
64664.195,-9.382624,-0.38753626,0.11526976,-0.028839529
65672.07,-9.382624,-0.3863454,0.11382002,-0.02880324
66679.945,-9.382624,-0.38575888,0.11278141,-0.028724145
67687.82,-9.382624,-0.38582003,0.11221856,-0.028603684
68695.695,-9.382624,-0.3865135,0.11214805,-0.028448012
69703.57,-9.382624,-0.38776594,0.11253512,-0.028267728
70711.445,-9.382624,-0.38945168,0.113295294,-0.028077135
71719.32,-9.382624,-0.39140332,0.11430163,-0.02789305
72727.195,-9.382624,-0.3934277,0.11539659,-0.027733322
73735.08,-9.382624,-0.3953249,0.11640876,-0.027615026
74742.95,-9.382624,-0.3969093,0.11717192,-0.027552614
75750.83,-9.382624,-0.398031,0.11754577,-0.027556235
76758.7,-9.382624,-0.39859468,0.11743524,-0.02763016
77766.58,-9.382624,-0.39857396,0.11680627,-0.027771916
78774.45,-9.382624,-0.398019,0.11569556,-0.027971959
79782.33,-9.382624,-0.39705467,0.11421242,-0.028214201
80790.2,-9.382624,-0.39586997,0.112530395,-0.028477376
81798.08,-9.382624,-0.39469606,0.11086911,-0.028737359
82805.95,-9.382624,-0.39377558,0.10946536,-0.02897011
83813.83,-9.382624,-0.39332497,0.10853739,-0.029155176
84821.7,-9.382624,-0.39349434,0.108244196,-0.029279202
85829.58,-9.382624,-0.39433095,0.10864742,-0.029339021
86837.45,-9.382624,-0.39575163,0.10968146,-0.029343715
87845.33,-9.382624,-0.39753515,0.11114095,-0.029314844
88853.2,-9.382624,-0.39934,0.11269437,-0.029284364
89861.08,-9.382624,-0.40075424,0.11392971,-0.029289607
90868.95,-9.382624,-0.40138152,0.11443726,-0.029365396
91876.83,-9.382624,-0.40095606,0.113925055,-0.029533647
92884.71,-9.382624,-0.39947233,0.11235288,-0.029792076
93892.586,-9.382624,-0.39729983,0.11005355,-0.030104812
94900.46,-9.382624,-0.39522108,0.10778493,-0.030399952
95908.336,-9.382624,-0.39431277,0.10662322,-0.030581517
96916.21,-9.382624,-0.3955318,0.107561,-0.030567154
97924.086,-9.382624,-0.39882326,0.11061302,-0.030367468
98931.96,-9.382624,-0.40148416,0.113153316,-0.030228911
99939.836,-9.382624,-0.39543027,0.10710582,-0.030869905
160.16696,-8.777292,-0.39751118,0.32152992,-0.03561513
1168.0425,-8.777292,-0.21118224,0.16097172,-0.041453514
2175.918,-8.777292,-0.12565109,0.107409865,-0.0435426
3183.7935,-8.777292,-0.09194563,0.1005917,-0.04366386
4191.669,-8.777292,-0.08189634,0.108364634,-0.042855874
5199.5444,-8.777292,-0.080527164,0.115788445,-0.04169013
6207.42,-8.777292,-0.08083939,0.11777378,-0.040455077
7215.2954,-8.777292,-0.08034475,0.11429033,-0.039275624
8223.171,-8.777292,-0.07885023,0.107403636,-0.03818784
9231.046,-8.777292,-0.07711515,0.0995771,-0.03718361
10238.922,-8.777292,-0.07609983,0.092817366,-0.036236163
11246.798,-8.777292,-0.076596305,0.08835428,-0.035313413
12254.673,-8.777292,-0.07909529,0.08663507,-0.03438449
13262.548,-8.777292,-0.08378473,0.08747995,-0.03342265
14270.424,-8.777292,-0.09061241,0.090298995,-0.032406308
15278.3,-8.777292,-0.099368595,0.094308004,-0.031319614
16286.175,-8.777292,-0.1097644,0.0987084,-0.03015287
17294.049,-8.777292,-0.12149277,0.102816924,-0.028902926
18301.924,-8.777292,-0.13426849,0.106142,-0.027573654
19309.8,-8.777292,-0.147848,0.10841268,-0.026176237
20317.676,-8.777292,-0.16203298,0.10956987,-0.024729133
21325.55,-8.777292,-0.1766632,0.109731145,-0.023257643
22333.428,-8.777292,-0.19160342,0.10914014,-0.021793028
23341.303,-8.777292,-0.20672779,0.108110525,-0.02037109
24349.178,-8.777292,-0.2219076,0.10697237,-0.019030403
25357.053,-8.777292,-0.23700196,0.1060262,-0.017810233
26364.928,-8.777292,-0.25185373,0.105509,-0.016748304
27372.805,-8.777292,-0.26629156,0.105572954,-0.015878523
28380.68,-8.777292,-0.28013545,0.106277384,-0.015228968
29388.555,-8.777292,-0.29320714,0.107592106,-0.014820094
30396.432,-8.777292,-0.30534133,0.10941039,-0.014663418
31404.307,-8.777292,-0.31639835,0.11156842,-0.014760747
32412.182,-8.777292,-0.32627475,0.11386876,-0.015103895
33420.06,-8.777292,-0.334913,0.116104476,-0.015675098
34427.934,-8.777292,-0.34230578,0.11808199,-0.01644782
35435.81,-8.777292,-0.34849903,0.11964041,-0.017388232
36443.684,-8.777292,-0.35358846,0.120665714,-0.018456947
37451.562,-8.777292,-0.35771382,0.12109948,-0.019611083
38459.438,-8.777292,-0.36104906,0.12094137,-0.0208065
39467.312,-8.777292,-0.36379015,0.120245904,-0.021999918
40475.188,-8.777292,-0.3661414,0.119114585,-0.023151206
41483.062,-8.777292,-0.3683014,0.11768372,-0.024225054
42490.938,-8.777292,-0.37044883,0.11611013,-0.025192656
43498.812,-8.777292,-0.372731,0.11455549,-0.026032727
44506.69,-8.777292,-0.3752545,0.113171116,-0.026732186
45514.566,-8.777292,-0.37807867,0.11208441,-0.027286286
46522.44,-8.777292,-0.38121316,0.11138783,-0.027698278
47530.316,-8.777292,-0.38461897,0.11113166,-0.027978614
48538.19,-8.777292,-0.38821432,0.11132048,-0.028143767
49546.066,-8.777292,-0.3918815,0.11191404,-0.028214728
50553.938,-8.777292,-0.3954788,0.112831846,-0.028215349
51561.812,-8.777292,-0.39885306,0.11396158,-0.028170528
52569.688,-8.777292,-0.40185297,0.11516993,-0.028104432
53577.562,-8.777292,-0.40434316,0.11631499,-0.028038934
54585.438,-8.777292,-0.40621564,0.11725988,-0.02799216
55593.312,-8.777292,-0.40740103,0.1178852,-0.027977495
56601.19,-8.777292,-0.40787503,0.11810039,-0.028002853
57609.066,-8.777292,-0.4076626,0.11785221,-0.028070472
58616.94,-8.777292,-0.40683705,0.117130175,-0.028177157
59624.816,-8.777292,-0.40551662,0.115967944,-0.028314838
60632.69,-8.777292,-0.40385592,0.11444076,-0.02847162
61640.566,-8.777292,-0.4020346,0.11265906,-0.028633136
62648.44,-8.777292,-0.40024397,0.11075878,-0.028783921
63656.32,-8.777292,-0.3986711,0.108888686,-0.02890917
64664.195,-8.777292,-0.39748365,0.107196435,-0.028996192
65672.07,-8.777292,-0.3968153,0.105813965,-0.029035801
66679.945,-8.777292,-0.3967536,0.104844145,-0.029023446
67687.82,-8.777292,-0.3973309,0.10434946,-0.028959878
68695.695,-8.777292,-0.3985203,0.10434416,-0.028851416
69703.57,-8.777292,-0.40023637,0.10479118,-0.028709581
70711.445,-8.777292,-0.40234172,0.1056038,-0.028550314
71719.32,-8.777292,-0.40465853,0.106653064,-0.028392635
72727.195,-8.777292,-0.4069846,0.10777996,-0.028256943
73735.08,-8.777292,-0.40911347,0.10881213,-0.02816302
74742.95,-8.777292,-0.41085595,0.10958311,-0.0281279
75750.83,-8.777292,-0.41206148,0.10995318,-0.028163955
76758.7,-8.777292,-0.41263735,0.10982855,-0.028277129
77766.58,-8.777292,-0.41256273,0.10917718,-0.02846591
78774.45,-8.777292,-0.41189557,0.108038455,-0.028720913
79782.33,-8.777292,-0.41077116,0.10652463,-0.029025372
80790.2,-8.777292,-0.40938905,0.10481246,-0.029356657
81798.08,-8.777292,-0.40799162,0.10312443,-0.029688708
82805.95,-8.777292,-0.40683168,0.10169992,-0.029995251
83813.83,-8.777292,-0.40613392,0.10075856,-0.030253613
84821.7,-8.777292,-0.4060549,0.100460015,-0.03044854
85829.58,-8.777292,-0.40664497,0.100865036,-0.030575681
86837.45,-8.777292,-0.4078219,0.101906076,-0.030643705
87845.33,-8.777292,-0.40936315,0.103374675,-0.030674782
88853.2,-8.777292,-0.41092446,0.104935475,-0.030702297
89861.08,-8.777292,-0.4120915,0.10617277,-0.030765556
90868.95,-8.777292,-0.41246662,0.106673926,-0.030901337
91876.83,-8.777292,-0.41178572,0.106145754,-0.031132724
92884.71,-8.777292,-0.41004914,0.10454962,-0.031456985
93892.586,-8.777292,-0.40763533,0.10222296,-0.03183557
94900.46,-8.777292,-0.4053386,0.09993136,-0.032191433
95908.336,-8.777292,-0.40424582,0.09875996,-0.032421973
96916.21,-8.777292,-0.405317,0.099707656,-0.03243956
97924.086,-8.777292,-0.40848306,0.1027858,-0.03225675
98931.96,-8.777292,-0.410997,0.10534292,-0.03213971
99939.836,-8.777292,-0.404685,0.099236496,-0.032861434
160.16696,-8.171963,-0.37843955,0.31848714,-0.0361275
1168.0425,-8.171963,-0.2059639,0.15681891,-0.041991793
2175.918,-8.171963,-0.1222907,0.10252275,-0.04454265
3183.7935,-8.171963,-0.08607445,0.09531143,-0.045038454
4191.669,-8.171963,-0.07326159,0.10296059,-0.044299476
5199.5444,-8.171963,-0.0707266,0.11044412,-0.04286311
6207.42,-8.171963,-0.071946435,0.1125886,-0.04108352
7215.2954,-8.171963,-0.0741529,0.109290816,-0.039194077
8223.171,-8.171963,-0.076531366,0.102559865,-0.037345733
9231.046,-8.171963,-0.079140976,0.09482029,-0.03563042
10238.922,-8.171963,-0.082316115,0.08805742,-0.034096025
11246.798,-8.171963,-0.08637421,0.08349479,-0.032756552
12254.673,-8.171963,-0.09150721,0.08158562,-0.031600203
13262.548,-8.171963,-0.09777231,0.08216487,-0.030596366
14270.424,-8.171963,-0.105128765,0.08466321,-0.0297023
15278.3,-8.171963,-0.1134853,0.08831957,-0.028869513
16286.175,-8.171963,-0.12274169,0.09235883,-0.028049612
17294.049,-8.171963,-0.13281563,0.09611914,-0.027199442
18301.924,-8.171963,-0.1436535,0.099127166,-0.02628528
19309.8,-8.171963,-0.15522778,0.10112575,-0.025285767
20317.676,-8.171963,-0.16752468,0.10206501,-0.02419357
21325.55,-8.171963,-0.18052746,0.10206692,-0.023015782
22333.428,-8.171963,-0.19419876,0.10137514,-0.021772947
23341.303,-8.171963,-0.20846602,0.10029945,-0.020497259
24349.178,-8.171963,-0.22321248,0.09916285,-0.019229708
25357.053,-8.171963,-0.23827459,0.09825671,-0.018016737
26364.928,-8.171963,-0.2534452,0.097807266,-0.016906755
27372.805,-8.171963,-0.26848397,0.09795561,-0.015946418
28380.68,-8.171963,-0.2831311,0.098749876,-0.015177441
29388.555,-8.171963,-0.29712448,0.10014978,-0.014633557
30396.432,-8.171963,-0.31021816,0.102039784,-0.014338478
31404.307,-8.171963,-0.32219929,0.104249,-0.014304289
32412.182,-8.171963,-0.33290306,0.1065748,-0.014530876
33420.06,-8.171963,-0.34222388,0.10880717,-0.015006045
34427.934,-8.171963,-0.3501222,0.11075141,-0.015706375
35435.81,-8.171963,-0.3566261,0.112247325,-0.016598914
36443.684,-8.171963,-0.36182734,0.11318323,-0.01764309
37451.562,-8.171963,-0.3658741,0.1135042,-0.018793363
38459.438,-8.171963,-0.36895913,0.11321449,-0.020001698
39467.312,-8.171963,-0.3713047,0.11237371,-0.02122046
40475.188,-8.171963,-0.37314633,0.1110888,-0.02240482
41483.062,-8.171963,-0.37471673,0.10950132,-0.023515126
42490.938,-8.171963,-0.3762294,0.10777311,-0.024518749
43498.812,-8.171963,-0.37786466,0.10607033,-0.025391437
44506.69,-8.171963,-0.37975925,0.104548104,-0.026118157
45514.566,-8.171963,-0.38199812,0.10333676,-0.02669331
46522.44,-8.171963,-0.3846124,0.10253094,-0.0271203
47530.316,-8.171963,-0.38757902,0.102182195,-0.027410755
48538.19,-8.171963,-0.3908268,0.10229571,-0.027583102
49546.066,-8.171963,-0.3942443,0.102831185,-0.027660884
50553.938,-8.171963,-0.39769152,0.103707515,-0.027670797
51561.812,-8.171963,-0.40101346,0.10481143,-0.027640676
52569.688,-8.171963,-0.40405437,0.106008396,-0.027597487
53577.562,-8.171963,-0.40667224,0.1071553,-0.027565435
54585.438,-8.171963,-0.4087513,0.10811391,-0.027564391
55593.312,-8.171963,-0.41021386,0.108763635,-0.02760873
56601.19,-8.171963,-0.41102672,0.109012954,-0.027706562
57609.066,-8.171963,-0.41120645,0.10880776,-0.02785945
58616.94,-8.171963,-0.41081864,0.10813683,-0.0280627
59624.816,-8.171963,-0.40997386,0.107033245,-0.0283061
60632.69,-8.171963,-0.4088196,0.10557176,-0.028575024
61640.566,-8.171963,-0.4075287,0.103862286,-0.028852008
62648.44,-8.171963,-0.40628558,0.10203999,-0.02911842
63656.32,-8.171963,-0.4052703,0.100252844,-0.029356282
64664.195,-8.171963,-0.40464306,0.098647244,-0.029550102
65672.07,-8.171963,-0.40452963,0.097353786,-0.029688384
66679.945,-8.171963,-0.4050089,0.09647348,-0.029764948
67687.82,-8.171963,-0.40610397,0.09606667,-0.029779643
68695.695,-8.171963,-0.40777823,0.096145324,-0.029738745
69703.57,-8.171963,-0.4099368,0.0966699,-0.029654546
70711.445,-8.171963,-0.41243273,0.09755129,-0.029544467
71719.32,-8.171963,-0.4150796,0.09865833,-0.029429665
72727.195,-8.171963,-0.4176678,0.099830136,-0.029333003
73735.08,-8.171963,-0.4199854,0.10089307,-0.029276995
74742.95,-8.171963,-0.42183962,0.10168025,-0.029281292
75750.83,-8.171963,-0.4230795,0.10205221,-0.02936064
76758.7,-8.171963,-0.42361408,0.1019165,-0.029522793
77766.58,-8.171963,-0.42342764,0.10124313,-0.02976742
78774.45,-8.171963,-0.42258573,0.10007457,-0.030085519
79782.33,-8.171963,-0.42123303,0.09852657,-0.030459868
80790.2,-8.171963,-0.41958058,0.09677981,-0.030866696
81798.08,-8.171963,-0.41788253,0.095060535,-0.031278156
82805.95,-8.171963,-0.41640344,0.093611374,-0.031665903
83813.83,-8.171963,-0.41537884,0.09265445,-0.03200511
84821.7,-8.171963,-0.4149737,0.09235039,-0.032278668
85829.58,-8.171963,-0.41524404,0.092759505,-0.032480907
86837.45,-8.171963,-0.4161107,0.09381195,-0.03262005
87845.33,-8.171963,-0.4173507,0.09529556,-0.032718673
88853.2,-8.171963,-0.4186173,0.09687008,-0.03281146
89861.08,-8.171963,-0.41949248,0.098114766,-0.03293952
90868.95,-8.171963,-0.41957486,0.098612614,-0.033141423
91876.83,-8.171963,-0.4185991,0.09806834,-0.033441346
92884.71,-8.171963,-0.41656837,0.096444555,-0.033836152
93892.586,-8.171963,-0.41386914,0.09408445,-0.03428466
94900.46,-8.171963,-0.41130847,0.09176359,-0.03470485
95908.336,-8.171963,-0.4099876,0.09057953,-0.034987688
96916.21,-8.171963,-0.41087627,0.091540866,-0.03504044
97924.086,-8.171963,-0.41389608,0.094655715,-0.03487766
98931.96,-8.171963,-0.416251,0.09723914,-0.03478501
99939.836,-8.171963,-0.40964395,0.091056965,-0.03558953
160.16696,-7.5666313,-0.35751867,0.3155061,-0.036607742
1168.0425,-7.5666313,-0.20177823,0.15277563,-0.04220698
2175.918,-7.5666313,-0.1215728,0.097747676,-0.045153737
3183.7935,-7.5666313,-0.08355274,0.090110585,-0.046054877
4191.669,-7.5666313,-0.06814069,0.09758884,-0.045435138
5199.5444,-7.5666313,-0.06436222,0.10509153,-0.043756768
6207.42,-7.5666313,-0.0663901,0.10737694,-0.04142315
7215.2954,-7.5666313,-0.07131407,0.10427761,-0.03877533
8223.171,-7.5666313,-0.07776314,0.097747624,-0.036087513
9231.046,-7.5666313,-0.085103594,0.09016894,-0.03356444
10238.922,-7.5666313,-0.09301037,0.08349746,-0.031342573
11246.798,-7.5666313,-0.101267874,0.07894059,-0.029494815
12254.673,-7.5666313,-0.10970003,0.076947205,-0.02803884
13262.548,-7.5666313,-0.11816563,0.077357754,-0.026947636
14270.424,-7.5666313,-0.12657538,0.07961581,-0.026161669
15278.3,-7.5666313,-0.13491106,0.082978226,-0.025601126
16286.175,-7.5666313,-0.14323214,0.08669035,-0.025177686
17294.049,-7.5666313,-0.15166879,0.09011119,-0.024804896
18301.924,-7.5666313,-0.16040234,0.09278707,-0.02440657
19309.8,-7.5666313,-0.1696375,0.09447776,-0.023922995
20317.676,-7.5666313,-0.17957123,0.09514653,-0.023314856
21325.55,-7.5666313,-0.1903623,0.094924346,-0.022564672
22333.428,-7.5666313,-0.2021069,0.09405964,-0.021676477
23341.303,-7.5666313,-0.21482094,0.09286268,-0.020673558
24349.178,-7.5666313,-0.22843242,0.09165336,-0.019594904
25357.053,-7.5666313,-0.24278305,0.09071681,-0.018490808
26364.928,-7.5666313,-0.25763786,0.09027077,-0.017417934
27372.805,-7.5666313,-0.2727032,0.09044628,-0.016434405
28380.68,-7.5666313,-0.2876479,0.09128091,-0.015595083
29388.555,-7.5666313,-0.30212897,0.092723794,-0.014947532
30396.432,-7.5666313,-0.31581634,0.09464963,-0.014528789
31404.307,-7.5666313,-0.32841662,0.096879035,-0.0143630365
32412.182,-7.5666313,-0.33969247,0.09920272,-0.014460404
33420.06,-7.5666313,-0.34947792,0.10140595,-0.014816731
34427.934,-7.5666313,-0.357687,0.103291415,-0.015414339
35435.81,-7.5666313,-0.36431667,0.104698285,-0.016223665
36443.684,-7.5666313,-0.36944312,0.10551631,-0.017205492
37451.562,-7.5666313,-0.3732135,0.1056936,-0.018313784
38459.438,-7.5666313,-0.37583175,0.10523881,-0.019498674
39467.312,-7.5666313,-0.37754256,0.10421692,-0.020709682
40475.188,-7.5666313,-0.37861195,0.1027409,-0.021898624
41483.062,-7.5666313,-0.37930825,0.10095855,-0.02302234
42490.938,-7.5666313,-0.37988374,0.09903784,-0.024044931
43498.812,-7.5666313,-0.38055816,0.09715057,-0.024939373
44506.69,-7.5666313,-0.38150567,0.09545679,-0.025688563
45514.566,-7.5666313,-0.38284567,0.094090976,-0.026285676
46522.44,-7.5666313,-0.38463894,0.09315084,-0.026733797
47530.316,-7.5666313,-0.38688615,0.092690006,-0.027044987
48538.19,-7.5666313,-0.38953376,0.092714675,-0.027238842
49546.066,-7.5666313,-0.3924821,0.09318465,-0.02734067
50553.938,-7.5666313,-0.39559665,0.09401816,-0.027379207
51561.812,-7.5666313,-0.39872256,0.095100634,-0.027384492
52569.688,-7.5666313,-0.40169942,0.09629564,-0.027385604
53577.562,-7.5666313,-0.40437648,0.097458005,-0.02740851
54585.438,-7.5666313,-0.40662664,0.09844735,-0.027474403
55593.312,-7.5666313,-0.40835875,0.09914089,-0.027598344
56601.19,-7.5666313,-0.409525,0.09944512,-0.027788412
57609.066,-7.5666313,-0.41012695,0.09930418,-0.028045395
58616.94,-7.5666313,-0.4102155,0.09870537,-0.028363157
59624.816,-7.5666313,-0.40988722,0.09768058,-0.028729353
60632.69,-7.5666313,-0.4092766,0.096303605,-0.029126804
61640.566,-7.5666313,-0.40854472,0.0946835,-0.029535122
62648.44,-7.5666313,-0.40786543,0.09295468,-0.029932609
63656.32,-7.5666313,-0.407409,0.09126431,-0.03029833
64664.195,-7.5666313,-0.40732735,0.0897578,-0.030614078
65672.07,-7.5666313,-0.4077379,0.08856454,-0.030866131
66679.945,-7.5666313,-0.4087122,0.08778397,-0.031046651
67687.82,-7.5666313,-0.4102664,0.08747468,-0.031154606
68695.695,-7.5666313,-0.41235682,0.087646514,-0.031196106
69703.57,-7.5666313,-0.4148818,0.08825759,-0.0311841
70711.445,-7.5666313,-0.41768816,0.08921636,-0.03113733
71719.32,-7.5666313,-0.42058343,0.09038937,-0.031078856
72727.195,-7.5666313,-0.42335296,0.09161374,-0.031033898
73735.08,-7.5666313,-0.4257807,0.09271434,-0.03102747
74742.95,-7.5666313,-0.42767197,0.09352337,-0.031081786
75750.83,-7.5666313,-0.4288746,0.09390152,-0.03121382
76758.7,-7.5666313,-0.42929983,0.09375735,-0.031433202
77766.58,-7.5666313,-0.4289355,0.09306303,-0.03174078
78774.45,-7.5666313,-0.4278537,0.09186392,-0.03212803
79782.33,-7.5666313,-0.42620757,0.09027974,-0.03257748
80790.2,-7.5666313,-0.4242183,0.08849533,-0.03306438
81798.08,-7.5666313,-0.4221517,0.08674137,-0.03355937
82805.95,-7.5666313,-0.4202839,0.085264415,-0.03403222
83813.83,-7.5666313,-0.41886207,0.08428962,-0.034456126
84821.7,-7.5666313,-0.41806078,0.08397914,-0.034812275
85829.58,-7.5666313,-0.4179441,0.08439309,-0.035093755
86837.45,-7.5666313,-0.41843712,0.08545947,-0.035308294
87845.33,-7.5666313,-0.41931847,0.0869619,-0.035478823
88853.2,-7.5666313,-0.4202401,0.08855463,-0.035641048
89861.08,-7.5666313,-0.42078015,0.08981078,-0.03583773
90868.95,-7.5666313,-0.42053306,0.090307906,-0.036109015
91876.83,-7.5666313,-0.4192301,0.089747734,-0.036480054
92884.71,-7.5666313,-0.4168749,0.0880939,-0.03694722
93892.586,-7.5666313,-0.41385883,0.085695826,-0.037466835
94900.46,-7.5666313,-0.4110005,0.083340764,-0.03795223
95908.336,-7.5666313,-0.40941635,0.082141325,-0.03828837
96916.21,-7.5666313,-0.4100882,0.08311835,-0.0383778
97924.086,-7.5666313,-0.41293386,0.086277336,-0.03823711
98931.96,-7.5666313,-0.4151122,0.088894226,-0.03817064
99939.836,-7.5666313,-0.40819848,0.08262418,-0.039056804
160.16696,-6.961302,-0.33480522,0.31261837,-0.03705749
1168.0425,-6.961302,-0.19801961,0.14886665,-0.04214023
2175.918,-6.961302,-0.12278993,0.09312424,-0.0454004
3183.7935,-6.961302,-0.08380146,0.08504528,-0.046712138
4191.669,-6.961302,-0.066112205,0.09231422,-0.046250675
5199.5444,-6.961302,-0.061092846,0.09979315,-0.044370085
6207.42,-6.961302,-0.06379104,0.10218844,-0.04150532
7215.2954,-6.961302,-0.07129296,0.099279985,-0.038098533
8223.171,-6.961302,-0.08176166,0.09297228,-0.034547932
9231.046,-6.961302,-0.09391413,0.08560413,-0.031176364
10238.922,-6.961302,-0.10677091,0.07909743,-0.028216396
11246.798,-6.961302,-0.11955958,0.07463569,-0.025808055
12254.673,-6.961302,-0.13169445,0.072654374,-0.024006268
13262.548,-6.961302,-0.14278552,0.07299045,-0.022794127
14270.424,-6.961302,-0.15264565,0.07509251,-0.022100069
15278.3,-6.961302,-0.16128524,0.07822905,-0.021815958
16286.175,-6.961302,-0.16888896,0.08166172,-0.021814665
17294.049,-6.961302,-0.17577665,0.08476855,-0.021965899
18301.924,-6.961302,-0.18235447,0.0871152,-0.022149062
19309.8,-6.961302,-0.18906069,0.08847998,-0.022263048
20317.676,-6.961302,-0.19631372,0.088842236,-0.022232637
21325.55,-6.961302,-0.20446661,0.08834575,-0.022011582
22333.428,-6.961302,-0.21377246,0.08724764,-0.021582915
23341.303,-6.961302,-0.22436206,0.08586301,-0.020956744
24349.178,-6.961302,-0.23623458,0.08451231,-0.020166146
25357.053,-6.961302,-0.2492621,0.083477825,-0.01926188
26364.928,-6.961302,-0.2632039,0.08297142,-0.018306177
27372.805,-6.961302,-0.27773023,0.083115935,-0.01736662
28380.68,-6.961302,-0.29245186,0.08393936,-0.016510095
29388.555,-6.961302,-0.30695266,0.085380696,-0.015797522
30396.432,-6.961302,-0.32082188,0.0873046,-0.015279513
31404.307,-6.961302,-0.33368418,0.08952251,-0.0149932355
32412.182,-6.961302,-0.3452255,0.09181741,-0.014960434
33420.06,-6.961302,-0.35521212,0.093968526,-0.015186795
34427.934,-6.961302,-0.3635028,0.09577468,-0.015662435
35435.81,-6.961302,-0.3700537,0.097073436,-0.016363366
36443.684,-6.961302,-0.37491593,0.09775475,-0.017253973
37451.562,-6.961302,-0.3782267,0.09776919,-0.018289916
38459.438,-6.961302,-0.38019392,0.09712936,-0.01942144
39467.312,-6.961302,-0.38107896,0.09590564,-0.020596974
40475.188,-6.961302,-0.38117456,0.09421696,-0.021766428
41483.062,-6.961302,-0.38078332,0.09221801,-0.022884216
42490.938,-6.961302,-0.38019687,0.090083435,-0.02391191
43498.812,-6.961302,-0.37967634,0.08799142,-0.024820114
44506.69,-6.961302,-0.3794373,0.086107746,-0.025589727
45514.566,-6.961302,-0.37963828,0.08457173,-0.026212426
46522.44,-6.961302,-0.38037434,0.08348483,-0.026690438
47530.316,-6.961302,-0.38167566,0.08290319,-0.027035605
48538.19,-6.961302,-0.38351154,0.08283444,-0.027267843
49546.066,-6.961302,-0.38579786,0.08323848,-0.027413214
50553.938,-6.961302,-0.38840884,0.08403273,-0.027501605
51561.812,-6.961302,-0.39119154,0.085100845,-0.027564319
52569.688,-6.961302,-0.39398152,0.08630415,-0.027631639
53577.562,-6.961302,-0.3966189,0.08749467,-0.027730605
54585.438,-6.961302,-0.3989629,0.08852895,-0.027883116
55593.312,-6.961302,-0.40090543,0.089281365,-0.028104492
56601.19,-6.961302,-0.40238038,0.089655474,-0.028402511
57609.066,-6.961302,-0.4033695,0.089593,-0.02877714
58616.94,-6.961302,-0.40390387,0.08907914,-0.029220842
59624.816,-6.961302,-0.40406132,0.088144094,-0.029719396
60632.69,-6.961302,-0.40395898,0.08686039,-0.030253321
61640.566,-6.961302,-0.40374225,0.08533608,-0.030799706
62648.44,-6.961302,-0.4035712,0.08370499,-0.03133425
63656.32,-6.961302,-0.40360495,0.08211361,-0.031833433
64664.195,-6.961302,-0.40398598,0.08070678,-0.032276757
65672.07,-6.961302,-0.40482414,0.07961303,-0.032648575
66679.945,-6.961302,-0.40618485,0.078930914,-0.03293965
67687.82,-6.961302,-0.40807936,0.07871759,-0.03314818
68695.695,-6.961302,-0.4104603,0.07898118,-0.03328018
69703.57,-6.961302,-0.41322246,0.07967791,-0.0333491
70711.445,-6.961302,-0.4162098,0.08071397,-0.033374887
71719.32,-6.961302,-0.41922736,0.08195372,-0.033382222
72727.195,-6.961302,-0.42205837,0.08323222,-0.033398382
73735.08,-6.961302,-0.4244852,0.08437253,-0.03345057
74742.95,-6.961302,-0.42631182,0.08520587,-0.033563197
75750.83,-6.961302,-0.42738652,0.08559262,-0.03375522
76758.7,-6.961302,-0.4276216,0.085442044,-0.034037933
77766.58,-6.961302,-0.4270079,0.084728055,-0.034413237
78774.45,-6.961302,-0.42562205,0.083498985,-0.034873072
79782.33,-6.961302,-0.42362356,0.08187815,-0.03539983
80790.2,-6.961302,-0.42124188,0.08005482,-0.035967954
81798.08,-6.961302,-0.418752,0.07826423,-0.03654683
82805.95,-6.961302,-0.41644078,0.07675719,-0.037104648
83813.83,-6.961302,-0.4145656,0.075762294,-0.037612963
84821.7,-6.961302,-0.413311,0.07544379,-0.038051493
85829.58,-6.961302,-0.41274947,0.07586187,-0.03841227
86837.45,-6.961302,-0.41281268,0.07694245,-0.038702592
87845.33,-6.961302,-0.4132828,0.07846506,-0.038945675
88853.2,-6.961302,-0.4138123,0.08007802,-0.03917814
89861.08,-6.961302,-0.4139775,0.08134785,-0.039444055
90868.95,-6.961302,-0.41336924,0.081846006,-0.03978487
91876.83,-6.961302,-0.41171542,0.081270546,-0.04022642
92884.71,-6.961302,-0.40901718,0.07958566,-0.04076455
93892.586,-6.961302,-0.40566832,0.0771471,-0.04135327
94900.46,-6.961302,-0.40249377,0.07475468,-0.04190172
95908.336,-6.961302,-0.4006214,0.073537454,-0.042289592
96916.21,-6.961302,-0.40104437,0.07453043,-0.04241541
97924.086,-6.961302,-0.40368086,0.07773716,-0.04229788
98931.96,-6.961302,-0.40565863,0.08039163,-0.042258326
99939.836,-6.961302,-0.39845422,0.074027404,-0.04322131
160.16696,-6.3559704,-0.31039125,0.30985582,-0.03747367
1168.0425,-6.3559704,-0.1940318,0.14512096,-0.041838855
2175.918,-6.3559704,-0.12510431,0.08869666,-0.045317344
3183.7935,-6.3559704,-0.08606048,0.08017768,-0.047019072
4191.669,-6.3559704,-0.066554375,0.08721054,-0.04674153
5199.5444,-6.3559704,-0.06038101,0.0946242,-0.044707324
6207.42,-6.3559704,-0.06358814,0.09708937,-0.04136551
7215.2954,-6.3559704,-0.07338802,0.09434655,-0.037247427
8223.171,-6.3559704,-0.08758513,0.08825902,-0.03286857
9231.046,-6.3559704,-0.10432321,0.08112559,-0.02866734
10238.922,-6.3559704,-0.122010544,0.074832246,-0.024973206
11246.798,-6.3559704,-0.13933042,0.07053372,-0.021996394
12254.673,-6.3559704,-0.15527663,0.06864498,-0.01983343
13262.548,-6.3559704,-0.16918303,0.06899156,-0.018482517
14270.424,-6.3559704,-0.18072811,0.07101937,-0.017864916
15278.3,-6.3559704,-0.18991193,0.07400197,-0.017848432
16286.175,-6.3559704,-0.19700745,0.07721233,-0.018270535
17294.049,-6.3559704,-0.20249332,0.08004403,-0.018959247
18301.924,-6.3559704,-0.2069774,0.0820808,-0.019750645
19309.8,-6.3559704,-0.21111727,0.08311957,-0.02050209
20317.676,-6.3559704,-0.21554774,0.083157346,-0.021101365
21325.55,-6.3559704,-0.22081941,0.08235316,-0.021471478
22333.428,-6.3559704,-0.22735226,0.0809762,-0.021571903
23341.303,-6.3559704,-0.23540665,0.0793498,-0.021396615
24349.178,-6.3559704,-0.24507159,0.07779884,-0.020969683
25357.053,-6.3559704,-0.25626934,0.076605864,-0.020339202
26364.928,-6.3559704,-0.26877314,0.07597979,-0.019570256
27372.805,-6.3559704,-0.2822362,0.076037675,-0.018737424
28380.68,-6.3559704,-0.29622713,0.07679966,-0.017917717
29388.555,-6.3559704,-0.3102696,0.07819553,-0.017184107
30396.432,-6.3559704,-0.3238819,0.08008049,-0.016600065
31404.307,-6.3559704,-0.3366128,0.08225672,-0.01621561
32412.182,-6.3559704,-0.34807378,0.08449894,-0.016064601
33420.06,-6.3559704,-0.35796273,0.08657975,-0.016163487
34427.934,-6.3559704,-0.3660802,0.08829308,-0.016511483
35435.81,-6.3559704,-0.37233627,0.08947378,-0.017091893
36443.684,-6.3559704,-0.37675035,0.09001129,-0.017874453
37451.562,-6.3559704,-0.37944224,0.08985762,-0.018818421
38459.438,-6.3559704,-0.3806171,0.089028664,-0.019876037
39467.312,-6.3559704,-0.38054562,0.08759955,-0.020996379
40475.188,-6.3559704,-0.37954134,0.08569531,-0.022128906
41483.062,-6.3559704,-0.37793645,0.083477035,-0.023226917
42490.938,-6.3559704,-0.3760583,0.08112621,-0.02425034
43498.812,-6.3559704,-0.37420747,0.07882759,-0.025167957
44506.69,-6.3559704,-0.3726398,0.07675301,-0.025958907
45514.566,-6.3559704,-0.37155336,0.07504696,-0.02661329
46522.44,-6.3559704,-0.37107915,0.073814854,-0.02713205
47530.316,-6.3559704,-0.3712787,0.07311565,-0.027526125
48538.19,-6.3559704,-0.37214634,0.072958335,-0.027814908
49546.066,-6.3559704,-0.3736161,0.073303014,-0.02802426
50553.938,-6.3559704,-0.37557358,0.07406607,-0.02818412
51561.812,-6.3559704,-0.37786973,0.075129196,-0.028326007
52569.688,-6.3559704,-0.38033706,0.0763509,-0.028480442
53577.562,-6.3559704,-0.38280696,0.0775799,-0.028674658
54585.438,-6.3559704,-0.3851251,0.07866922,-0.028930565
55593.312,-6.3559704,-0.38716555,0.07948963,-0.029263202
56601.19,-6.3559704,-0.38884175,0.07994132,-0.029679805
57609.066,-6.3559704,-0.39011347,0.07996294,-0.030179404
58616.94,-6.3559704,-0.39098966,0.07953721,-0.03075318
59624.816,-6.3559704,-0.39152664,0.0786924,-0.031385362
60632.69,-6.3559704,-0.3918209,0.07749959,-0.032054693
61640.566,-6.3559704,-0.39200038,0.07606606,-0.032736264
62648.44,-6.3559704,-0.39220953,0.07452503,-0.03340384
63656.32,-6.3559704,-0.3925952,0.07302284,-0.034032017
64664.195,-6.3559704,-0.39328986,0.07170416,-0.034598608
65672.07,-6.3559704,-0.39439678,0.07069739,-0.03508662
66679.945,-6.3559704,-0.39597654,0.070100695,-0.035485875
67687.82,-6.3559704,-0.3980381,0.06997048,-0.035794087
68695.695,-6.3559704,-0.40053305,0.070313886,-0.0360173
69703.57,-6.3559704,-0.4033565,0.07108556,-0.036169514
70711.445,-6.3559704,-0.40635294,0.072189994,-0.0362716
71719.32,-6.3559704,-0.40932888,0.07348958,-0.036349613
72727.195,-6.3559704,-0.4120684,0.07481725,-0.036432426
73735.08,-6.3559704,-0.41435522,0.07599443,-0.036548954
74742.95,-6.3559704,-0.41599423,0.07685093,-0.036725316
75750.83,-6.3559704,-0.41683486,0.07724647,-0.036982004
76758.7,-6.3559704,-0.41679054,0.07709062,-0.037331495
77766.58,-6.3559704,-0.41585395,0.07635868,-0.037776545
78774.45,-6.3559704,-0.414104,0.07510124,-0.03830942
79782.33,-6.3559704,-0.411704,0.07344494,-0.038912356
80790.2,-6.3559704,-0.40888822,0.07158317,-0.03955917
81798.08,-6.3559704,-0.4059376,0.0697556,-0.0402183
82805.95,-6.3559704,-0.40314633,0.068217345,-0.040856723
83813.83,-6.3559704,-0.40077975,0.06720055,-0.041444782
84821.7,-6.3559704,-0.39903113,0.06687176,-0.041961096
85829.58,-6.3559704,-0.39798132,0.06729171,-0.042397004
86837.45,-6.3559704,-0.39756936,0.06838459,-0.04275951
87845.33,-6.3559704,-0.3975833,0.06992603,-0.04307206
88853.2,-6.3559704,-0.39767945,0.07155877,-0.04337203
89861.08,-6.3559704,-0.39743546,0.07284247,-0.043704443
90868.95,-6.3559704,-0.39644143,0.07334246,-0.04411165
91876.83,-6.3559704,-0.39442223,0.07275255,-0.044619866
92884.71,-6.3559704,-0.3913761,0.07103707,-0.045224257
93892.586,-6.3559704,-0.38769406,0.06855778,-0.04587677
94900.46,-6.3559704,-0.38420105,0.066126816,-0.04648304
95908.336,-6.3559704,-0.38202795,0.06489008,-0.046918493
96916.21,-6.3559704,-0.38217354,0.06589732,-0.047078617
97924.086,-6.3559704,-0.38456017,0.069151066,-0.046984356
98931.96,-6.3559704,-0.38630757,0.07184387,-0.04697143
99939.836,-6.3559704,-0.3788546,0.065385565,-0.0480027
160.16696,-5.750641,-0.28439662,0.3072484,-0.037849415
1168.0425,-5.750641,-0.18914376,0.14157085,-0.04135357
2175.918,-5.750641,-0.12759578,0.08451247,-0.04494729
3183.7935,-5.750641,-0.08943336,0.07557325,-0.046994187
4191.669,-5.750641,-0.06868061,0.08235679,-0.046911895
5199.5444,-5.750641,-0.061519727,0.0896686,-0.044779133
6207.42,-5.750641,-0.06506544,0.09215859,-0.041042536
7215.2954,-5.750641,-0.0767652,0.08954203,-0.03630642
8223.171,-5.750641,-0.09418233,0.08365142,-0.031189818
9231.046,-5.750641,-0.114989474,0.07675145,-0.026236678
10238.922,-5.750641,-0.13705945,0.07069385,-0.021867342
11246.798,-5.750641,-0.15857863,0.06660212,-0.018359913
12254.673,-5.750641,-0.17814071,0.06486601,-0.015853284
13262.548,-5.750641,-0.19480084,0.06529331,-0.014363832
14270.424,-5.750641,-0.20808338,0.06732044,-0.013810173
15278.3,-5.750641,-0.21794689,0.07021963,-0.014041266
16286.175,-5.750641,-0.22471614,0.07326946,-0.014864432
17294.049,-5.750641,-0.22899164,0.075875014,-0.016070867
18301.924,-5.750641,-0.23154837,0.07763534,-0.017457236
19309.8,-5.750641,-0.23323521,0.078364775,-0.018842254
20317.676,-5.750641,-0.23488265,0.07807803,-0.020078406
21325.55,-5.750641,-0.23722571,0.07695083,-0.021058463
22333.428,-5.750641,-0.24084687,0.07526661,-0.021717876
23341.303,-5.750641,-0.24613859,0.07335972,-0.022033054
24349.178,-5.750641,-0.25328845,0.071562335,-0.022017002
25357.053,-5.750641,-0.2622823,0.07016071,-0.021712728
26364.928,-5.750641,-0.27292418,0.069363736,-0.021185366
27372.805,-5.750641,-0.28486818,0.06928528,-0.020513894
28380.68,-5.750641,-0.29765946,0.06993983,-0.019782972
29388.555,-5.750641,-0.31077906,0.071249835,-0.019075442
30396.432,-5.750641,-0.32368955,0.07306193,-0.018466065
31404.307,-5.750641,-0.3358767,0.075169854,-0.0180166
32412.182,-5.750641,-0.34688723,0.077340275,-0.017772434
33420.06,-5.750641,-0.35635674,0.07933879,-0.01776079
34427.934,-5.750641,-0.36402997,0.080954,-0.017990498
35435.81,-5.750641,-0.3697715,0.08201726,-0.018453062
36443.684,-5.750641,-0.37356573,0.08241658,-0.019124862
37451.562,-5.750641,-0.37551004,0.0821044,-0.01997018
38459.438,-5.750641,-0.3757999,0.08109902,-0.020944882
39467.312,-5.750641,-0.374708,0.07947953,-0.02200022
40475.188,-5.750641,-0.3725605,0.07737599,-0.02308677
41483.062,-5.750641,-0.36971113,0.07495555,-0.024157912
42490.938,-5.750641,-0.36651522,0.072405845,-0.025173018
43498.812,-5.750641,-0.36330625,0.06991798,-0.026099784
44506.69,-5.750641,-0.36037523,0.06766947,-0.026915962
45514.566,-5.750641,-0.35795513,0.06580973,-0.027610121
46522.44,-5.750641,-0.35621044,0.06444816,-0.028181681
47530.316,-5.750641,-0.35523242,0.06364626,-0.028640114
48538.19,-5.750641,-0.3550399,0.06341437,-0.029003497
49546.066,-5.750641,-0.3555861,0.06371267,-0.02929655
50553.938,-5.750641,-0.35676885,0.0644564,-0.029548205
51561.812,-5.750641,-0.35844466,0.065525055,-0.029789092
52569.688,-5.750641,-0.36044553,0.06677404,-0.030048978
53577.562,-5.750641,-0.36259592,0.06804849,-0.03035431
54585.438,-5.750641,-0.36472943,0.06919755,-0.03072625
55593.312,-5.750641,-0.36670387,0.0700881,-0.031179022
56601.19,-5.750641,-0.3684131,0.07061669,-0.03171897
57609.066,-5.750641,-0.36979568,0.07071871,-0.032344144
58616.94,-5.750641,-0.3708382,0.070374236,-0.033044633
59624.816,-5.750641,-0.37157476,0.069609456,-0.033803504
60632.69,-5.750641,-0.37208176,0.06849424,-0.034598272
61640.566,-5.750641,-0.37246776,0.067135066,-0.03540289
62648.44,-5.750641,-0.3728618,0.065665126,-0.03618994
63656.32,-5.750641,-0.37339786,0.06423095,-0.036933023
64664.195,-5.750641,-0.37419885,0.06297776,-0.037609108
65672.07,-5.750641,-0.37536192,0.062034428,-0.038200617
66679.945,-5.750641,-0.3769449,0.061499458,-0.038697056
67687.82,-5.750641,-0.3789558,0.06142935,-0.039096083
68695.695,-5.750641,-0.38134837,0.06183085,-0.039404023
69703.57,-5.750641,-0.3840211,0.062657855,-0.039635412
70711.445,-5.750641,-0.386823,0.063813634,-0.03981195
71719.32,-5.750641,-0.38956523,0.065158844,-0.039960664
72727.195,-5.750641,-0.39203674,0.06652481,-0.04011146
73735.08,-5.750641,-0.39402533,0.0677311,-0.040294424
74742.95,-5.750641,-0.3953393,0.068606056,-0.04053668
75750.83,-5.750641,-0.39583045,0.06900843,-0.04085963
76758.7,-5.750641,-0.3954137,0.068847544,-0.041276425
77766.58,-5.750641,-0.39408246,0.06809931,-0.041790213
78774.45,-5.750641,-0.39191586,0.06681603,-0.04239335
79782.33,-5.750641,-0.38907766,0.06512706,-0.043067865
80790.2,-5.750641,-0.38580233,0.0632292,-0.043787118
81798.08,-5.750641,-0.38237286,0.06136597,-0.044518884
82805.95,-5.750641,-0.37908578,0.05979656,-0.045229405
83813.83,-5.750641,-0.37621093,0.058756527,-0.045888316
84821.7,-5.750641,-0.37394744,0.058414962,-0.04647366
85829.58,-5.750641,-0.37238288,0.058833163,-0.046976406
86837.45,-5.750641,-0.37146455,0.05993437,-0.047403555
87845.33,-5.750641,-0.37098873,0.061490893,-0.04777882
88853.2,-5.750641,-0.37061912,0.06314028,-0.048140097
89861.08,-5.750641,-0.36993945,0.064436086,-0.048532978
90868.95,-5.750641,-0.36854306,0.064937495,-0.049000267
91876.83,-5.750641,-0.3661548,0.064334184,-0.049568124
92884.71,-5.750641,-0.36276904,0.06259009,-0.050230887
93892.586,-5.750641,-0.3587696,0.06007208,-0.050938744
94900.46,-5.750641,-0.35497224,0.057603613,-0.05159465
95908.336,-5.750641,-0.352499,0.056346305,-0.05207108
96916.21,-5.750641,-0.35234427,0.05736433,-0.052261762
97924.086,-5.750641,-0.35443646,0.060660236,-0.052189894
98931.96,-5.750641,-0.35591957,0.063388415,-0.052202407
99939.836,-5.750641,-0.34828347,0.05684249,-0.05328998
160.16696,-5.1453094,-0.25695935,0.30482256,-0.03817529
1168.0425,-5.1453094,-0.18270504,0.13825081,-0.04073556
2175.918,-5.1453094,-0.12931427,0.08062072,-0.0443386
3183.7935,-5.1453094,-0.09293856,0.0712979,-0.04666501
4191.669,-5.1453094,-0.07158317,0.07783303,-0.046775423
5199.5444,-5.1453094,-0.06367144,0.085014075,-0.044603087
6207.42,-5.1453094,-0.06738758,0.0874828,-0.040577687
7215.2954,-5.1453094,-0.08049941,0.08494303,-0.035356786
8223.171,-5.1453094,-0.10044713,0.0792083,-0.029643271
9231.046,-5.1453094,-0.12455385,0.07251734,-0.02406991
10238.922,-5.1453094,-0.1502621,0.06669183,-0.01913562
11246.798,-5.1453094,-0.17534092,0.06282465,-0.015178909
12254.673,-5.1453094,-0.1980339,0.061277922,-0.012378223
13262.548,-5.1453094,-0.21713968,0.06183749,-0.010768998
14270.424,-5.1453094,-0.23202628,0.063924715,-0.010271096
15278.3,-5.1453094,-0.24259005,0.066804565,-0.010720524
16286.175,-5.1453094,-0.24917403,0.06975592,-0.011901219
17294.049,-5.1453094,-0.25245914,0.072190404,-0.013574606
18301.924,-5.1453094,-0.25334528,0.07371871,-0.0155044515
19309.8,-5.1453094,-0.2528318,0.07417011,-0.017476514
20317.676,-5.1453094,-0.25190943,0.073575966,-0.019312322
21325.55,-5.1453094,-0.25147033,0.07212852,-0.02087748
22333.428,-5.1453094,-0.25223988,0.07012653,-0.022084877
23341.303,-5.1453094,-0.25473318,0.067917235,-0.022893714
24349.178,-5.1453094,-0.25923473,0.065842606,-0.023305066
25357.053,-5.1453094,-0.2658003,0.064195216,-0.023355057
26364.928,-5.1453094,-0.27427673,0.06318688,-0.023106541
27372.805,-5.1453094,-0.28433627,0.06293112,-0.022640117
28380.68,-5.1453094,-0.29551995,0.06343935,-0.022045188
29388.555,-5.1453094,-0.30728734,0.06462879,-0.021411771
30396.432,-5.1453094,-0.31906545,0.0663395,-0.02082338
31404.307,-5.1453094,-0.33029628,0.06835794,-0.020351509
32412.182,-5.1453094,-0.34047762,0.070443444,-0.02005153
33420.06,-5.1453094,-0.34919572,0.07235502,-0.019960525
34427.934,-5.1453094,-0.35614878,0.07387579,-0.020096552
35435.81,-5.1453094,-0.36115986,0.07483302,-0.020459397
36443.684,-5.1453094,-0.36417985,0.07511248,-0.021032706
37451.562,-5.1453094,-0.36528134,0.07466617,-0.021786783
38459.438,-5.1453094,-0.36464405,0.07351354,-0.022682205
39467.312,-5.1453094,-0.36253476,0.07173631,-0.023673823
40475.188,-5.1453094,-0.3592825,0.06946858,-0.024714576
41483.062,-5.1453094,-0.35525155,0.06688213,-0.025759276
42490.938,-5.1453094,-0.3508144,0.06416993,-0.026767775
43498.812,-5.1453094,-0.34632662,0.061528184,-0.02770751
44506.69,-5.1453094,-0.34210452,0.05913949,-0.028555412
45514.566,-5.1453094,-0.33840755,0.05715759,-0.029298743
46522.44,-5.1453094,-0.33542666,0.055695087,-0.0299353
47530.316,-5.1453094,-0.33327776,0.054815896,-0.03047271
48538.19,-5.1453094,-0.3320014,0.054531366,-0.030927114
49546.066,-5.1453094,-0.33156806,0.0548015,-0.031321228
50553.938,-5.1453094,-0.3318881,0.05554028,-0.031682003
51561.812,-5.1453094,-0.33282554,0.056624837,-0.032038182
52569.688,-5.1453094,-0.3342141,0.057907615,-0.03241773
53577.562,-5.1453094,-0.3358745,0.059230078,-0.03284543
54585.438,-5.1453094,-0.33763236,0.060437553,-0.033340916
55593.312,-5.1453094,-0.3393328,0.061392963,-0.033917055
56601.19,-5.1453094,-0.340854,0.061989266,-0.034578968
57609.066,-5.1453094,-0.34211618,0.06215875,-0.035323665
58616.94,-5.1453094,-0.3430865,0.061878785,-0.036140356
59624.816,-5.1453094,-0.3437792,0.061173916,-0.037011422
60632.69,-5.1453094,-0.34425136,0.06011282,-0.037913855
61640.566,-5.1453094,-0.34459457,0.058801785,-0.038821224
62648.44,-5.1453094,-0.3449223,0.05737417,-0.03970595
63656.32,-5.1453094,-0.3453564,0.05597742,-0.0405416
64664.195,-5.1453094,-0.34601116,0.054757796,-0.04130532
65672.07,-5.1453094,-0.3469783,0.05384544,-0.04197981
66679.945,-5.1453094,-0.3483137,0.0533399,-0.042554934
67687.82,-5.1453094,-0.35002688,0.053298604,-0.04302893
68695.695,-5.1453094,-0.35207546,0.05372873,-0.04340867
69703.57,-5.1453094,-0.3543641,0.054584093,-0.043709308
70711.445,-5.1453094,-0.3567496,0.055767376,-0.043953177
71719.32,-5.1453094,-0.3590511,0.057138167,-0.04416786
72727.195,-5.1453094,-0.3610661,0.058526326,-0.04438383
73735.08,-5.1453094,-0.36258933,0.05974979,-0.04463154
74742.95,-5.1453094,-0.36343533,0.060635336,-0.04493843
75750.83,-5.1453094,-0.36345977,0.061040465,-0.04532604
76758.7,-5.1453094,-0.36257964,0.060873628,-0.045807514
77766.58,-5.1453094,-0.36078817,0.060110796,-0.04638589
78774.45,-5.1453094,-0.35816285,0.0588051,-0.047053307
79782.33,-5.1453094,-0.3548636,0.057087556,-0.047791447
80790.2,-5.1453094,-0.35112152,0.055157535,-0.048573367
81798.08,-5.1453094,-0.3472154,0.053261705,-0.049366493
82805.95,-5.1453094,-0.3434392,0.051662505,-0.05013685
83813.83,-5.1453094,-0.34006166,0.05059871,-0.050853893
84821.7,-5.1453094,-0.33728376,0.050241575,-0.05149567
85829.58,-5.1453094,-0.335198,0.05065369,-0.052053295
86837.45,-5.1453094,-0.33375922,0.05175753,-0.052534018
87845.33,-5.1453094,-0.3327741,0.05332306,-0.052961875
88853.2,-5.1453094,-0.33191815,0.054983765,-0.053375073
89861.08,-5.1453094,-0.33078644,0.056287892,-0.053819377
90868.95,-5.1453094,-0.32898098,0.056789313,-0.054337464
91876.83,-5.1453094,-0.32623076,0.0561738,-0.054955
92884.71,-5.1453094,-0.3225268,0.054404408,-0.055665355
93892.586,-5.1453094,-0.3182407,0.051851906,-0.056417312
94900.46,-5.1453094,-0.31416857,0.049349017,-0.057112105
95908.336,-5.1453094,-0.3114087,0.048070975,-0.057620797
96916.21,-5.1453094,-0.31093788,0.04909481,-0.057836816
97924.086,-5.1453094,-0.31269124,0.05242405,-0.057785634
98931.96,-5.1453094,-0.31387398,0.055181276,-0.057821445
99939.836,-5.1453094,-0.30613822,0.048560172,-0.058950454
160.16696,-4.539978,-0.22822705,0.30260018,-0.038440496
1168.0425,-4.539978,-0.17411983,0.13519615,-0.040033814
2175.918,-4.539978,-0.12933221,0.07707001,-0.043542676
3183.7935,-4.539978,-0.09556594,0.06741501,-0.04606706
4191.669,-4.539978,-0.0742853,0.07371651,-0.046355437
5199.5444,-4.539978,-0.06591247,0.08074739,-0.044204086
6207.42,-4.539978,-0.069643624,0.08315131,-0.04001367
7215.2954,-4.539978,-0.08362116,0.08063333,-0.034473132
8223.171,-4.539978,-0.10527532,0.0750001,-0.028344836
9231.046,-4.539978,-0.13171223,0.06847391,-0.022328144
10238.922,-4.539978,-0.16007075,0.06285296,-0.0169829
11246.798,-4.539978,-0.18780787,0.059202727,-0.012696149
12254.673,-4.539978,-0.21289352,0.05785797,-0.009679534
13262.548,-4.539978,-0.2339146,0.058580212,-0.007986558
14270.424,-4.539978,-0.2500982,0.06077218,-0.007541352
15278.3,-4.539978,-0.26126876,0.063686654,-0.008172942
16286.175,-4.539978,-0.2677585,0.066597536,-0.009649887
17294.049,-4.539978,-0.27028733,0.06891808,-0.01171255
18301.924,-4.539978,-0.26983082,0.07026628,-0.014100562
19309.8,-4.539978,-0.26748848,0.070482835,-0.016574686
20317.676,-4.539978,-0.26436433,0.069613345,-0.018932236
21325.55,-4.539978,-0.26146668,0.067865446,-0.021016773
22333.428,-4.539978,-0.2596325,0.06555297,-0.022722304
23341.303,-4.539978,-0.25947744,0.063036785,-0.023992606
24349.178,-4.539978,-0.26137188,0.060670376,-0.024817236
25357.053,-4.539978,-0.26544,0.05875487,-0.025224544
26364.928,-4.539978,-0.27157897,0.057507537,-0.025273146
27372.805,-4.539978,-0.2794934,0.057044484,-0.025042599
28380.68,-4.539978,-0.28874028,0.057376735,-0.024623983
29388.555,-4.539978,-0.29878023,0.058418937,-0.024111252
30396.432,-4.539978,-0.30902946,0.060006823,-0.023593584
31404.307,-4.539978,-0.31890965,0.061921325,-0.02314929
32412.182,-4.539978,-0.32789135,0.06391584,-0.022841444
33420.06,-4.539978,-0.33553013,0.06574355,-0.02271508
34427.934,-4.539978,-0.34149173,0.06718235,-0.022796234
35435.81,-4.539978,-0.34556758,0.06805527,-0.023092376
36443.684,-4.539978,-0.3476798,0.068245076,-0.023594199
37451.562,-4.539978,-0.34787586,0.06770233,-0.024278367
38459.438,-4.539978,-0.346316,0.0664462,-0.025110982
39467.312,-4.539978,-0.343253,0.06455974,-0.026051367
40475.188,-4.539978,-0.33900768,0.06217926,-0.027055994
41483.062,-4.539978,-0.33394238,0.05947964,-0.028082196
42490.938,-4.539978,-0.32843268,0.056657515,-0.02909138
43498.812,-4.539978,-0.32284194,0.053912967,-0.030051637
44506.69,-4.539978,-0.31749818,0.051432192,-0.030939724
45514.566,-4.539978,-0.31267536,0.049372077,-0.031741995
46522.44,-4.539978,-0.30858022,0.047847837,-0.03245472
47530.316,-4.539978,-0.30534518,0.046924904,-0.033083547
48538.19,-4.539978,-0.30302632,0.04661537,-0.0336422
49546.066,-4.539978,-0.3016085,0.046878807,-0.03415073
50553.938,-4.539978,-0.30101353,0.047627848,-0.03463337
51561.812,-4.539978,-0.30111393,0.04873748,-0.035116076
52569.688,-4.539978,-0.3017483,0.05005719,-0.0356241
53577.562,-4.539978,-0.30273846,0.05142525,-0.036179762
54585.438,-4.539978,-0.30390704,0.05268333,-0.03680048
55593.312,-4.539978,-0.30509275,0.0536909,-0.03749723
56601.19,-4.539978,-0.3061641,0.0543377,-0.03827365
57609.066,-4.539978,-0.30702883,0.05455313,-0.03912568
58616.94,-4.539978,-0.30763984,0.054312572,-0.04004189
59624.816,-4.539978,-0.30799612,0.053639043,-0.041004427
60632.69,-4.539978,-0.30813935,0.052600637,-0.041990448
61640.566,-4.539978,-0.30814624,0.05130373,-0.042974047
62648.44,-4.539978,-0.30811742,0.04988253,-0.04392843
63656.32,-4.539978,-0.30816376,0.04848572,-0.044828214
64664.195,-4.539978,-0.30839187,0.047261376,-0.04565167
65672.07,-4.539978,-0.3088888,0.04634142,-0.046382718
66679.945,-4.539978,-0.3097093,0.04582734,-0.04701244
67687.82,-4.539978,-0.31086552,0.045778133,-0.047540154
68695.695,-4.539978,-0.31232056,0.04620221,-0.047973666
69703.57,-4.539978,-0.31398714,0.047054004,-0.04832887
70711.445,-4.539978,-0.31573224,0.04823633,-0.048628494
71719.32,-4.539978,-0.3173861,0.049608298,-0.048900343
72727.195,-4.539978,-0.31875739,0.050998762,-0.04917481
73735.08,-4.539978,-0.31965137,0.0522243,-0.049482014
74742.95,-4.539978,-0.31989086,0.05311008,-0.04984891
75750.83,-4.539978,-0.3193376,0.053512063,-0.05029635
76758.7,-4.539978,-0.3179114,0.05333753,-0.050836816
77766.58,-4.539978,-0.31560495,0.05256165,-0.051472604
78774.45,-4.539978,-0.31249154,0.0512374,-0.052195262
79782.33,-4.539978,-0.3087248,0.049496517,-0.052986052
80790.2,-4.539978,-0.30452675,0.047539778,-0.05381777
81798.08,-4.539978,-0.30016673,0.045615856,-0.054657865
82805.95,-4.539978,-0.29592973,0.04398962,-0.055472624
83813.83,-4.539978,-0.29207778,0.042902287,-0.056231946
84821.7,-4.539978,-0.28880858,0.0425272,-0.056914456
85829.58,-4.539978,-0.28621608,0.04292821,-0.05751193
86837.45,-4.539978,-0.28426203,0.044027813,-0.05803219
87845.33,-4.539978,-0.2827651,0.045594715,-0.058499645
88853.2,-4.539978,-0.2814165,0.047259495,-0.058952644
89861.08,-4.539978,-0.27982873,0.048566584,-0.059436645
90868.95,-4.539978,-0.27761903,0.04906571,-0.05999372
91876.83,-4.539978,-0.27452514,0.048439268,-0.06064851
92884.71,-4.539978,-0.27053604,0.046649016,-0.06139334
93892.586,-4.539978,-0.26600713,0.044068113,-0.062175877
94900.46,-4.539978,-0.26170328,0.04153592,-0.062896825
95908.336,-4.539978,-0.25868276,0.040237933,-0.063427396
96916.21,-4.539978,-0.25788906,0.041261446,-0.06366228
97924.086,-4.539978,-0.2592628,0.0446119,-0.06362929
98931.96,-4.539978,-0.26010993,0.047388908,-0.06368544
99939.836,-4.539978,-0.25236988,0.040710256,-0.06483882
160.16696,-3.9346485,-0.19834924,0.3005973,-0.038634248
1168.0425,-3.9346485,-0.16287725,0.1324416,-0.039292727
2175.918,-3.9346485,-0.12679566,0.073906675,-0.04261147
3183.7935,-3.9346485,-0.09633335,0.06398288,-0.045242477
4191.669,-3.9346485,-0.075795755,0.07007797,-0.045684453
5199.5444,-3.9346485,-0.067283794,0.0769498,-0.043614045
6207.42,-3.9346485,-0.070893794,0.07925111,-0.03939354
7215.2954,-3.9346485,-0.08516588,0.076698884,-0.03372038
8223.171,-3.9346485,-0.107621096,0.071104296,-0.02738903
9231.046,-3.9346485,-0.13528395,0.06468366,-0.02113923
10238.922,-3.9346485,-0.16512963,0.0592196,-0.015570196
11246.798,-3.9346485,-0.1944272,0.05575575,-0.0111019155
12254.673,-3.9346485,-0.2209689,0.054602027,-0.007970359
13262.548,-3.9346485,-0.24319406,0.055495847,-0.006244031
14270.424,-3.9346485,-0.26021993,0.057819054,-0.0058534453
15278.3,-3.9346485,-0.2718006,0.060808927,-0.006626606
16286.175,-3.9346485,-0.27823466,0.063729845,-0.008325184
17294.049,-3.9346485,-0.28024045,0.06599186,-0.010678424
18301.924,-3.9346485,-0.2788175,0.06721553,-0.013412071
19309.8,-3.9346485,-0.27510902,0.0672489,-0.016271587
20317.676,-3.9346485,-0.27027637,0.0661484,-0.019038728
21325.55,-3.9346485,-0.26539344,0.06413463,-0.021542024
22333.428,-3.9346485,-0.26136646,0.06153523,-0.023661729
23341.303,-3.9346485,-0.25888017,0.058724653,-0.025329605
24349.178,-3.9346485,-0.25837076,0.056068428,-0.026525185
25357.053,-3.9346485,-0.26002228,0.05387798,-0.027269017
26364.928,-3.9346485,-0.26378447,0.052378193,-0.027614096
27372.805,-3.9346485,-0.2694055,0.05169023,-0.027636569
28380.68,-3.9346485,-0.276477,0.05182771,-0.027426075
29388.555,-3.9346485,-0.28448436,0.052705396,-0.027077032
30396.432,-3.9346485,-0.29285932,0.054157265,-0.026680693
31404.307,-3.9346485,-0.30103016,0.055961046,-0.026318822
32412.182,-3.9346485,-0.30846646,0.057865933,-0.026059002
33420.06,-3.9346485,-0.3147156,0.059620436,-0.025951698
34427.934,-3.9346485,-0.3194297,0.06099786,-0.026028857
35435.81,-3.9346485,-0.32238236,0.061817013,-0.026304219
36443.684,-3.9346485,-0.3234747,0.061957262,-0.026774745
37451.562,-3.9346485,-0.32273233,0.061366465,-0.027423149
38459.438,-3.9346485,-0.32029295,0.06006237,-0.0282212
39467.312,-3.9346485,-0.31638807,0.058127478,-0.029133301
40475.188,-3.9346485,-0.31131965,0.055698365,-0.030120227
41483.062,-3.9346485,-0.3054335,0.052951217,-0.03114279
42490.938,-3.9346485,-0.29909295,0.05008415,-0.03216488
43498.812,-3.9346485,-0.2926525,0.04729934,-0.033156164
44506.69,-3.9346485,-0.28643537,0.04478483,-0.03409394
45514.566,-3.9346485,-0.2807148,0.042699397,-0.034964222
46522.44,-3.9346485,-0.2757002,0.041159585,-0.03576209
47530.316,-3.9346485,-0.27152938,0.040231667,-0.036491185
48538.19,-3.9346485,-0.2682665,0.039927803,-0.037162673
49546.066,-3.9346485,-0.2659053,0.040207013,-0.037793607
50553.938,-3.9346485,-0.2643774,0.040980622,-0.038404882
51561.812,-3.9346485,-0.26356462,0.042121693,-0.039019026
52569.688,-3.9346485,-0.26331362,0.04347736,-0.039657943
53577.562,-3.9346485,-0.26345277,0.04488311,-0.0403408
54585.438,-3.9346485,-0.2638084,0.046177812,-0.04108222
55593.312,-3.9346485,-0.2642206,0.047218084,-0.041890927
56601.19,-3.9346485,-0.2645562,0.04789114,-0.04276884
57609.066,-3.9346485,-0.26471853,0.048124306,-0.043710798
58616.94,-3.9346485,-0.26465374,0.047891445,-0.044705003
59624.816,-3.9346485,-0.26435208,0.04721471,-0.04573382
60632.69,-3.9346485,-0.2638452,0.046162132,-0.04677522
61640.566,-3.9346485,-0.2631995,0.04484069,-0.047804646
62648.44,-3.9346485,-0.26250544,0.043385867,-0.04879701
63656.32,-3.9346485,-0.26186532,0.04194817,-0.049728975
64664.195,-3.9346485,-0.26137894,0.04067783,-0.050580885
65672.07,-3.9346485,-0.2611295,0.039709274,-0.051338784
66679.945,-3.9346485,-0.26117125,0.039146364,-0.051995724
67687.82,-3.9346485,-0.26151887,0.039050385,-0.05255265
68695.695,-3.9346485,-0.26214164,0.039431535,-0.053018656
69703.57,-3.9346485,-0.26296166,0.040245727,-0.053410385
70711.445,-3.9346485,-0.2638573,0.041396517,-0.053750925
71719.32,-3.9346485,-0.2646722,0.042743154,-0.054067876
72727.195,-3.9346485,-0.26522857,0.044113956,-0.054390963
73735.08,-3.9346485,-0.26534465,0.045324497,-0.054749265
74742.95,-3.9346485,-0.26485428,0.046198536,-0.055168454
75750.83,-3.9346485,-0.263627,0.04659033,-0.055667955
76758.7,-3.9346485,-0.26158652,0.04640559,-0.0562588
77766.58,-3.9346485,-0.25872475,0.04561795,-0.056942053
78774.45,-3.9346485,-0.2551097,0.04427939,-0.05770828
79782.33,-3.9346485,-0.25088507,0.042521194,-0.05853817
80790.2,-3.9346485,-0.2462597,0.04054424,-0.059404373
81798.08,-3.9346485,-0.24148771,0.038598023,-0.060274675
82805.95,-3.9346485,-0.23683886,0.036948696,-0.061116084
83813.83,-3.9346485,-0.23256214,0.03583909,-0.061899513
84821.7,-3.9346485,-0.22884637,0.035444126,-0.06260484
85829.58,-3.9346485,-0.22578318,0.035829037,-0.063224904
86837.45,-3.9346485,-0.22333947,0.03691706,-0.06376847
87845.33,-3.9346485,-0.2213468,0.03847658,-0.06426041
88853.2,-3.9346485,-0.21951601,0.040136993,-0.06473893
89861.08,-3.9346485,-0.21748254,0.04144063,-0.06524885
90868.95,-3.9346485,-0.21488555,0.041934457,-0.06583103
91876.83,-3.9346485,-0.21147725,0.041298356,-0.06650879
92884.71,-3.9346485,-0.20724666,0.03949262,-0.06727315
93892.586,-3.9346485,-0.20252912,0.03689097,-0.068071224
94900.46,-3.9346485,-0.19804758,0.034336217,-0.06880422
95908.336,-3.9346485,-0.19480352,0.03302,-0.069345206
96916.21,-3.9346485,-0.19369027,0.03403652,-0.069591664
97924.086,-3.9346485,-0.19465148,0.03739375,-0.06957364
98931.96,-3.9346485,-0.1951327,0.04017893,-0.0696464
99939.836,-3.9346485,-0.18748787,0.033464115,-0.07080585
160.16696,-3.329317,-0.16746932,0.29882407,-0.038747214
1168.0425,-3.329317,-0.14857572,0.13002002,-0.03855026
2175.918,-3.329317,-0.120969065,0.07117293,-0.04159519
3183.7935,-3.329317,-0.09434074,0.061052125,-0.044238362
4191.669,-3.329317,-0.075163595,0.066978395,-0.04480336
5199.5444,-3.329317,-0.06684303,0.073692866,-0.04287127
6207.42,-3.329317,-0.07021936,0.075861946,-0.038759444
7215.2954,-3.329317,-0.08422303,0.07322271,-0.033151317
8223.171,-3.329317,-0.10654954,0.06760082,-0.026844671
9231.046,-3.329317,-0.13427243,0.061216794,-0.020591326
10238.922,-3.329317,-0.16434693,0.055846877,-0.0150057655
11246.798,-3.329317,-0.19398811,0.05251977,-0.01052319
12254.673,-3.329317,-0.22092025,0.051525317,-0.0073928754
13262.548,-3.329317,-0.24351253,0.05257882,-0.0056938664
14270.424,-3.329317,-0.26081607,0.05504138,-0.005364187
15278.3,-3.329317,-0.2725263,0.058132507,-0.006236311
16286.175,-3.329317,-0.27889267,0.061103694,-0.008073667
17294.049,-3.329317,-0.28059483,0.06335749,-0.010604753
18301.924,-3.329317,-0.278605,0.06451221,-0.013552599
19309.8,-3.329317,-0.274051,0.06441873,-0.016658146
20317.676,-3.329317,-0.26809096,0.06314028,-0.019697357
21325.55,-3.329317,-0.26180735,0.06090716,-0.022492064
22333.428,-3.329317,-0.25612628,0.058058623,-0.024915192
23341.303,-3.329317,-0.2517627,0.05498135,-0.026890956
24349.178,-3.329317,-0.24919136,0.05205308,-0.02839144
25357.053,-3.329317,-0.24864165,0.049596064,-0.029430114
26364.928,-3.329317,-0.25011295,0.04784467,-0.030053647
27372.805,-3.329317,-0.25340492,0.046927392,-0.030332692
28380.68,-3.329317,-0.2581598,0.046862975,-0.030352619
29388.555,-3.329317,-0.26391062,0.04756914,-0.030204756
30396.432,-3.329317,-0.27013156,0.048880905,-0.029978648
31404.307,-3.329317,-0.27628618,0.05057512,-0.02975571
32412.182,-3.329317,-0.28187084,0.052398946,-0.029604554
33420.06,-3.329317,-0.2864505,0.054097723,-0.029577812
34427.934,-3.329317,-0.28968537,0.055441,-0.029710762
35435.81,-3.329317,-0.29134783,0.056243733,-0.030021306
36443.684,-3.329317,-0.29132923,0.056381375,-0.030511219
37451.562,-3.329317,-0.28963798,0.05579832,-0.03116842
38459.438,-3.329317,-0.28638864,0.054509334,-0.031969987
39467.312,-3.329317,-0.28178546,0.052594516,-0.03288547
40475.188,-3.329317,-0.27610058,0.050188825,-0.033880435
41483.062,-3.329317,-0.2696497,0.04746726,-0.03491977
42490.938,-3.329317,-0.2627669,0.044627458,-0.035970718
43498.812,-3.329317,-0.2557803,0.041871294,-0.037005346
44506.69,-3.329317,-0.24899071,0.039387025,-0.038002282
45514.566,-3.329317,-0.24265343,0.03733336,-0.038947836
46522.44,-3.329317,-0.23696557,0.035827063,-0.039836377
47530.316,-3.329317,-0.23205793,0.034934245,-0.040669866
48538.19,-3.329317,-0.22799285,0.034666628,-0.041457023
49546.066,-3.329317,-0.22476713,0.034982502,-0.042211764
50553.938,-3.329317,-0.2223193,0.035792127,-0.042951424
51561.812,-3.329317,-0.22054075,0.036967136,-0.043694764
52569.688,-3.329317,-0.21928975,0.038352937,-0.044459905
53577.562,-3.329317,-0.21840668,0.03978314,-0.04526246
54585.438,-3.329317,-0.21772943,0.04109478,-0.0461139
55593.312,-3.329317,-0.21710822,0.042142697,-0.04702041
56601.19,-3.329317,-0.21641763,0.042812478,-0.047982056
57609.066,-3.329317,-0.21556635,0.043030415,-0.04899267
58616.94,-3.329317,-0.21450251,0.04276955,-0.050040245
59624.816,-3.329317,-0.21321575,0.042052004,-0.051107757
60632.69,-3.329317,-0.21173458,0.04094626,-0.052174598
61640.566,-3.329317,-0.21012017,0.03956036,-0.05321824
62648.44,-3.329317,-0.20845711,0.03803152,-0.05421611
63656.32,-3.329317,-0.20684135,0.036512397,-0.05514769
64664.195,-3.329317,-0.20536745,0.035155766,-0.0559963
65672.07,-3.329317,-0.20411512,0.034098804,-0.05675084
66679.945,-3.329317,-0.20313767,0.033448223,-0.05740694
67687.82,-3.329317,-0.20245221,0.03326793,-0.05796767
68695.695,-3.329317,-0.20203382,0.03357061,-0.058443647
69703.57,-3.329317,-0.20181373,0.034314115,-0.058852434
70711.445,-3.329317,-0.20168257,0.035403322,-0.05921722
71719.32,-3.329317,-0.2014981,0.03669827,-0.05956507
72727.195,-3.329317,-0.20109795,0.038027305,-0.05992454
73735.08,-3.329317,-0.20031512,0.03920541,-0.06032305
74742.95,-3.329317,-0.19899651,0.040055133,-0.060784232
75750.83,-3.329317,-0.19702148,0.040429164,-0.06132544
76758.7,-3.329317,-0.19431885,0.040231157,-0.061955597
77766.58,-3.329317,-0.19088005,0.03943289,-0.06267405
78774.45,-3.329317,-0.1867667,0.03808434,-0.06347006
79782.33,-3.329317,-0.18211025,0.03631526,-0.06432359
80790.2,-3.329317,-0.1771025,0.03432533,-0.06520727
81798.08,-3.329317,-0.17197742,0.03236361,-0.066089496
82805.95,-3.329317,-0.1669835,0.03069618,-0.066938445
83813.83,-3.329317,-0.1623506,0.029566504,-0.06772664
84821.7,-3.329317,-0.158253,0.02915064,-0.06843559
85829.58,-3.329317,-0.1547757,0.029515013,-0.0690598
86837.45,-3.329317,-0.15188828,0.030584104,-0.06960914
87845.33,-3.329317,-0.14943574,0.032127343,-0.07010905
88853.2,-3.329317,-0.1471511,0.03377452,-0.07059742
89861.08,-3.329317,-0.1446981,0.03506764,-0.07111804
90868.95,-3.329317,-0.14174406,0.035552833,-0.07171018
91876.83,-3.329317,-0.13806112,0.034908418,-0.07239538
92884.71,-3.329317,-0.13364103,0.033093132,-0.07316334
93892.586,-3.329317,-0.12879649,0.030479487,-0.07396109
94900.46,-3.329317,-0.12419912,0.027910225,-0.07469144
95908.336,-3.329317,-0.120777905,0.026578426,-0.07523088
96916.21,-3.329317,-0.119359635,0.02758116,-0.075481124
97924.086,-3.329317,-0.11988717,0.030929388,-0.07547426
98931.96,-3.329317,-0.11998069,0.033709794,-0.07555927
99939.836,-3.329317,-0.112527974,0.02698277,-0.07670622
160.16696,-2.7239876,-0.13571925,0.29728454,-0.038772613
1168.0425,-2.7239876,-0.1309416,0.12796092,-0.037836634
2175.918,-2.7239876,-0.11127231,0.068905376,-0.040540263
3183.7935,-2.7239876,-0.08881812,0.058664005,-0.043104958
4191.669,-2.7239876,-0.07153017,0.06446646,-0.043760043
5199.5444,-2.7239876,-0.063715294,0.071035326,-0.04201934
6207.42,-2.7239876,-0.06677054,0.073052324,-0.038151562
7215.2954,-2.7239876,-0.079981595,0.070280164,-0.032804914
8223.171,-2.7239876,-0.10128228,0.06456709,-0.026752291
9231.046,-2.7239876,-0.12791318,0.058147132,-0.020729056
10238.922,-2.7239876,-0.15694815,0.052799195,-0.015340145
11246.798,-2.7239876,-0.18568295,0.049545288,-0.011017248
12254.673,-2.7239876,-0.21188846,0.048661336,-0.008010882
13262.548,-2.7239876,-0.23394883,0.049844645,-0.0064051417
14270.424,-2.7239876,-0.25090143,0.052436978,-0.006145795
15278.3,-2.7239876,-0.26240316,0.055639844,-0.0070746634
16286.175,-2.7239876,-0.2686458,0.058689505,-0.00896509
17294.049,-2.7239876,-0.27023864,0.060977336,-0.011555146
18301.924,-2.7239876,-0.26807916,0.062115263,-0.014576233
19309.8,-2.7239876,-0.26322192,0.061952263,-0.017775983
20317.676,-2.7239876,-0.25676063,0.060553856,-0.02093488
21325.55,-2.7239876,-0.2497273,0.058156323,-0.02387695
22333.428,-2.7239876,-0.24301518,0.05510745,-0.02647496
23341.303,-2.7239876,-0.23732597,0.051804207,-0.028650835
24349.178,-2.7239876,-0.23314136,0.048635453,-0.03037249
25357.053,-2.7239876,-0.23071659,0.045934584,-0.03164784
26364.928,-2.7239876,-0.23009321,0.04394634,-0.032517016
27372.805,-2.7239876,-0.23112611,0.0428083,-0.033043705
28380.68,-2.7239876,-0.23352142,0.04254674,-0.033306394
29388.555,-2.7239876,-0.23688018,0.04308493,-0.033390045
30396.432,-2.7239876,-0.2407442,0.04426149,-0.033378772
31404.307,-2.7239876,-0.24464035,0.04585514,-0.033349752
32412.182,-2.7239876,-0.24811998,0.04761297,-0.033368785
33420.06,-2.7239876,-0.25079215,0.049278915,-0.03348726
34427.934,-2.7239876,-0.25234824,0.050619956,-0.033740655
35435.81,-2.7239876,-0.25257778,0.051447503,-0.034148473
36443.684,-2.7239876,-0.25137523,0.051633,-0.034715373
37451.562,-2.7239876,-0.24873863,0.051116478,-0.035433084
38459.438,-2.7239876,-0.24476063,0.049908407,-0.03628311
39467.312,-2.7239876,-0.23961371,0.048084702,-0.037239842
40475.188,-2.7239876,-0.23353106,0.045776524,-0.03827364
41483.062,-2.7239876,-0.226785,0.043155424,-0.039353907
42490.938,-2.7239876,-0.2196647,0.04041618,-0.04045181
43498.812,-2.7239876,-0.21245438,0.03775823,-0.041542493
44506.69,-2.7239876,-0.20541435,0.03536781,-0.042606704
45514.566,-2.7239876,-0.19876498,0.033402123,-0.043631837
46522.44,-2.7239876,-0.19267525,0.031976573,-0.04461214
47530.316,-2.7239876,-0.18725573,0.031156294,-0.045548454
48538.19,-2.7239876,-0.18255696,0.030952096,-0.046447407
49546.066,-2.7239876,-0.17857164,0.031321503,-0.04732005
50553.938,-2.7239876,-0.17524174,0.032173946,-0.04818023
51561.812,-2.7239876,-0.17246835,0.033380326,-0.049042918
52569.688,-2.7239876,-0.17012432,0.03478532,-0.04992238
53577.562,-2.7239876,-0.16806777,0.036221802,-0.050830517
54585.438,-2.7239876,-0.16615602,0.037526138,-0.051775534
55593.312,-2.7239876,-0.16425858,0.03855262,-0.052760947
56601.19,-2.7239876,-0.16226804,0.039186552,-0.05378502
57609.066,-2.7239876,-0.16010843,0.03935403,-0.05484058
58616.94,-2.7239876,-0.15773988,0.03902848,-0.05591564
59624.816,-2.7239876,-0.15516022,0.038232595,-0.05699414
60632.69,-2.7239876,-0.1524023,0.03703594,-0.058057263
61640.566,-2.7239876,-0.14952834,0.035548117,-0.059085015
62648.44,-2.7239876,-0.14662111,0.03390823,-0.060057987
63656.32,-2.7239876,-0.1437732,0.03227129,-0.06095901
64664.195,-2.7239876,-0.14107516,0.030792743,-0.06177502
65672.07,-2.7239876,-0.13860339,0.029612614,-0.06249832
66679.945,-2.7239876,-0.13640964,0.028840547,-0.06312753
67687.82,-2.7239876,-0.13451222,0.028543428,-0.0636682
68695.695,-2.7239876,-0.13289063,0.028736573,-0.064132676
69703.57,-2.7239876,-0.13148433,0.029380195,-0.06453936
70711.445,-2.7239876,-0.13019544,0.030381124,-0.064911455
71719.32,-2.7239876,-0.12889606,0.031600587,-0.065275185
72727.195,-2.7239876,-0.12743951,0.032867555,-0.06565747
73735.08,-2.7239876,-0.12567498,0.033996914,-0.06608359
74742.95,-2.7239876,-0.12346399,0.034810357,-0.06657457
75750.83,-2.7239876,-0.12069722,0.03515909,-0.0671451
76758.7,-2.7239876,-0.11730984,0.034944795,-0.06780161
77766.58,-2.7239876,-0.113293566,0.034136735,-0.06854124
78774.45,-2.7239876,-0.10870328,0.03278239,-0.06935174
79782.33,-2.7239876,-0.103656724,0.031008884,-0.070212305
80790.2,-2.7239876,-0.09832584,0.029013587,-0.07109564
81798.08,-2.7239876,-0.09292028,0.027043628,-0.07197097
82805.95,-2.7239876,-0.08766238,0.025363974,-0.07280809
83813.83,-2.7239876,-0.0827572,0.02421754,-0.07358145
84821.7,-2.7239876,-0.078359485,0.023780724,-0.07427476
85829.58,-2.7239876,-0.07454301,0.024121065,-0.07488446
86837.45,-2.7239876,-0.071277454,0.025164824,-0.07542178
87845.33,-2.7239876,-0.068420276,0.026683372,-0.075912684
88853.2,-2.7239876,-0.06572883,0.028308628,-0.07639471
89861.08,-2.7239876,-0.06289893,0.029584385,-0.076910205
90868.95,-2.7239876,-0.059631344,0.030057596,-0.07749651
91876.83,-2.7239876,-0.05572331,0.029406287,-0.078173116
92884.71,-2.7239876,-0.051172175,0.027587648,-0.07892851
93892.586,-2.7239876,-0.04626664,0.024971344,-0.079710044
94900.46,-2.7239876,-0.04161964,0.022396397,-0.08042321
95908.336,-2.7239876,-0.038074613,0.021052469,-0.08094932
96916.21,-2.7239876,-0.03637744,0.022035155,-0.0811955
97924.086,-2.7239876,-0.03646566,0.025358623,-0.08119561
98931.96,-2.7239876,-0.036161873,0.0281208,-0.08128797
99939.836,-2.7239876,-0.028988142,0.021406334,-0.082404464
160.16696,-2.1186562,-0.10321558,0.2959773,-0.03870726
1168.0425,-2.1186562,-0.10983941,0.12628944,-0.037173588
2175.918,-2.1186562,-0.097308196,0.067133546,-0.039487746
3183.7935,-2.1186562,-0.07916501,0.05684897,-0.041893855
4191.669,-2.1186562,-0.06417468,0.062576935,-0.042607658
5199.5444,-2.1186562,-0.057140067,0.06902034,-0.04110575
6207.42,-2.1186562,-0.059810713,0.07087606,-0.037606884
7215.2954,-2.1186562,-0.07177091,0.06793506,-0.032705415
8223.171,-2.1186562,-0.091234505,0.06207375,-0.027123336
9231.046,-2.1186562,-0.11570826,0.055547323,-0.021552604
10238.922,-2.1186562,-0.14251003,0.050146222,-0.016564965
11246.798,-2.1186562,-0.16914208,0.04689392,-0.012570144
12254.673,-2.1186562,-0.19353336,0.046059787,-0.009807833
13262.548,-2.1186562,-0.21416877,0.047328543,-0.0083611915
14270.424,-2.1186562,-0.23012823,0.050025865,-0.008183267
15278.3,-2.1186562,-0.24105594,0.053336147,-0.009129211
16286.175,-2.1186562,-0.24708432,0.056479562,-0.010989591
17294.049,-2.1186562,-0.24872851,0.05883378,-0.013521485
18301.924,-2.1186562,-0.24676897,0.06000053,-0.01647526
19309.8,-2.1186562,-0.2421351,0.05982259,-0.019615903
20317.676,-2.1186562,-0.23579866,0.058363426,-0.022738475
21325.55,-2.1186562,-0.22868428,0.055860974,-0.025678119
22333.428,-2.1186562,-0.22159992,0.052668072,-0.02831478
23341.303,-2.1186562,-0.21518998,0.04918943,-0.030573681
24349.178,-2.1186562,-0.20990919,0.045823287,-0.03242232
25357.053,-2.1186562,-0.206016,0.042913586,-0.03386506
26364.928,-2.1186562,-0.20358326,0.04071579,-0.034935866
27372.805,-2.1186562,-0.20252074,0.039377786,-0.035690546
28380.68,-2.1186562,-0.20260745,0.038935117,-0.036198586
29388.555,-2.1186562,-0.20352921,0.03931895,-0.036535706
30396.432,-2.1186562,-0.20491755,0.040373918,-0.036777113
31404.307,-2.1186562,-0.20638774,0.04188287,-0.03699208
32412.182,-2.1186562,-0.20757255,0.043595076,-0.037239827
33420.06,-2.1186562,-0.20815039,0.04525481,-0.037566878
34427.934,-2.1186562,-0.20786637,0.0466276,-0.03800566
35435.81,-2.1186562,-0.20654592,0.04752194,-0.03857451
36443.684,-2.1186562,-0.20410037,0.047805198,-0.039278556
37451.562,-2.1186562,-0.20052588,0.047412403,-0.04011157
38459.438,-2.1186562,-0.19589593,0.04634845,-0.04105828
39467.312,-2.1186562,-0.19034886,0.04468351,-0.042097088
40475.188,-2.1186562,-0.18407184,0.042542793,-0.043202847
41483.062,-2.1186562,-0.17728294,0.040092386,-0.04434955
42490.938,-2.1186562,-0.1702123,0.037521787,-0.045512613
43498.812,-2.1186562,-0.16308472,0.035025954,-0.04667086
44506.69,-2.1186562,-0.1561034,0.032787077,-0.0478079
45514.566,-2.1186562,-0.14943767,0.030959219,-0.048912868
46522.44,-2.1186562,-0.14321356,0.029655173,-0.049980745
47530.316,-2.1186562,-0.13750872,0.028938279,-0.051012
48538.19,-2.1186562,-0.13235152,0.028818056,-0.052011773
49546.066,-2.1186562,-0.12772374,0.029251292,-0.05298877
50553.938,-2.1186562,-0.123567045,0.03014718,-0.053953864
51561.812,-2.1186562,-0.1197917,0.03137669,-0.054918546
52569.688,-2.1186562,-0.116287544,0.032784875,-0.055893432
53577.562,-2.1186562,-0.11293577,0.034205176,-0.056886923
54585.438,-2.1186562,-0.10962034,0.03547474,-0.05790409
55593.312,-2.1186562,-0.10623911,0.036448672,-0.058945872
56601.19,-2.1186562,-0.10271232,0.037013303,-0.060008768
57609.066,-2.1186562,-0.09898946,0.037095834,-0.061084826
58616.94,-2.1186562,-0.095052406,0.03667087,-0.06216219
59624.816,-2.1186562,-0.0909161,0.035762552,-0.06322595
60632.69,-2.1186562,-0.08662553,0.03444201,-0.06425935
61640.566,-2.1186562,-0.08224985,0.032820605,-0.065245226
62648.44,-2.1186562,-0.07787469,0.031039555,-0.06616756
63656.32,-2.1186562,-0.07359199,0.02925608,-0.067012995
64664.195,-2.1186562,-0.0694895,0.027628187,-0.06777229
65672.07,-2.1186562,-0.0656402,0.026298568,-0.06844138
66679.945,-2.1186562,-0.062093124,0.025379635,-0.06902215
67687.82,-2.1186562,-0.058865927,0.02494115,-0.06952274
68695.695,-2.1186562,-0.055940565,0.025001217,-0.06995723
69703.57,-2.1186562,-0.053262487,0.025522554,-0.07034483
70711.445,-2.1186562,-0.05074373,0.026414186,-0.0707086
71719.32,-2.1186562,-0.0482694,0.027539095,-0.07107367
72727.195,-2.1186562,-0.04570844,0.028727373,-0.071465015
73735.08,-2.1186562,-0.04292627,0.02979429,-0.07190537
74742.95,-2.1186562,-0.03979992,0.03056113,-0.07241285
75750.83,-2.1186562,-0.036232483,0.030877948,-0.072999075
76758.7,-2.1186562,-0.03216689,0.030644493,-0.07366763
77766.58,-2.1186562,-0.027596032,0.029827453,-0.07441337
78774.45,-2.1186562,-0.022568494,0.028471183,-0.07522233
79782.33,-2.1186562,-0.017187722,0.026699418,-0.07607298
80790.2,-2.1186562,-0.011604356,0.02470622,-0.07693817
81798.08,-2.1186562,-0.006000884,0.022735594,-0.077788286
82805.95,-2.1186562,-0.00056996197,0.021050084,-0.07859488
83813.83,-2.1186562,0.0045124143,0.01989108,-0.0793348
84821.7,-2.1186562,0.009115543,0.019434521,-0.07999418
85829.58,-2.1186562,0.01318112,0.019748775,-0.08057159
86837.45,-2.1186562,0.016742159,0.02076208,-0.081079826
87845.33,-2.1186562,0.019930273,0.02224888,-0.081545345
88853.2,-2.1186562,0.022963444,0.023844736,-0.08200506
89861.08,-2.1186562,0.026111275,0.025096893,-0.08249979
90868.95,-2.1186562,0.029635899,0.0255551,-0.08306464
91876.83,-2.1186562,0.033710893,0.02489847,-0.083716944
92884.71,-2.1186562,0.038330317,0.023082692,-0.08444409
93892.586,-2.1186562,0.043229602,0.020473063,-0.08519432
94900.46,-2.1186562,0.047859125,0.017901577,-0.08587662
95908.336,-2.1186562,0.051470138,0.016549708,-0.08637837
96916.21,-2.1186562,0.053408507,0.01750718,-0.08661296
97924.086,-2.1186562,0.053747147,0.02079115,-0.08661557
98931.96,-2.1186562,0.054442544,0.023522306,-0.08671011
99939.836,-2.1186562,0.061265506,0.016844466,-0.08777969
160.16696,-1.5133266,-0.07005753,0.29489654,-0.03855237
1168.0425,-1.5133266,-0.08527513,0.12502529,-0.03657448
2175.918,-1.5133266,-0.07887866,0.06587902,-0.038472414
3183.7935,-1.5133266,-0.06497966,0.055625856,-0.040656164
4191.669,-1.5133266,-0.05255168,0.061329674,-0.04140258
5199.5444,-1.5133266,-0.046510905,0.067674294,-0.040180106
6207.42,-1.5133266,-0.04875467,0.069370136,-0.037158225
7215.2954,-1.5133266,-0.059093595,0.06623642,-0.032862287
8223.171,-1.5133266,-0.076040775,0.060180657,-0.027941104
9231.046,-1.5133266,-0.09744564,0.053484898,-0.023019701
10238.922,-1.5133266,-0.12097317,0.04795844,-0.018615572
11246.798,-1.5133266,-0.14444205,0.04463448,-0.015099919
12254.673,-1.5133266,-0.16603854,0.043783303,-0.01269036
13262.548,-1.5133266,-0.18442863,0.04508336,-0.011463266
14270.424,-1.5133266,-0.1987895,0.047848795,-0.0113778915
15278.3,-1.5133266,-0.20878199,0.051249206,-0.012305722
16286.175,-1.5133266,-0.2144838,0.054488905,-0.0140606025
17294.049,-1.5133266,-0.216299,0.056930643,-0.016426697
18301.924,-1.5133266,-0.21485889,0.058162987,-0.019182578
19309.8,-1.5133266,-0.21092367,0.05801888,-0.022120073
20317.676,-1.5133266,-0.20529369,0.056555428,-0.025057994
21325.55,-1.5133266,-0.19873536,0.05400824,-0.027850784
22333.428,-1.5133266,-0.1919238,0.050731458,-0.03039255
23341.303,-1.5133266,-0.18540436,0.04713428,-0.032617256
24349.178,-1.5133266,-0.17957151,0.043622293,-0.034495894
25357.053,-1.5133266,-0.17466336,0.04054863,-0.036031593
26364.928,-1.5133266,-0.17077023,0.03817922,-0.037253026
27372.805,-1.5133266,-0.16785255,0.03667274,-0.038207684
28380.68,-1.5133266,-0.16576701,0.036075227,-0.038954586
29388.555,-1.5133266,-0.16429555,0.03632737,-0.03955788
30396.432,-1.5133266,-0.16317675,0.03728187,-0.04008094
31404.307,-1.5133266,-0.16213477,0.038727783,-0.040581807
32412.182,-1.5133266,-0.16090612,0.04041849,-0.041109733
33420.06,-1.5133266,-0.15926063,0.042100143,-0.041702934
34427.934,-1.5133266,-0.15701771,0.04353803,-0.042387612
35435.81,-1.5133266,-0.15405613,0.04453841,-0.043177947
36443.684,-1.5133266,-0.15031773,0.044964615,-0.044077147
37451.562,-1.5133266,-0.14580601,0.04474627,-0.045078907
38459.438,-1.5133266,-0.14057979,0.043881714,-0.046169616
39467.312,-1.5133266,-0.1347432,0.042433824,-0.04733062
40475.188,-1.5133266,-0.12843314,0.040520336,-0.048540637
41483.062,-1.5133266,-0.121805444,0.03829974,-0.049777955
42490.938,-1.5133266,-0.11502074,0.035954468,-0.051022395
43498.812,-1.5133266,-0.10823161,0.03367287,-0.05225683
44506.69,-1.5133266,-0.101570964,0.03163159,-0.053468265
45514.566,-1.5133266,-0.09514323,0.029979967,-0.054648466
46522.44,-1.5133266,-0.08901879,0.028827257,-0.055793934
47530.316,-1.5133266,-0.083231166,0.028234199,-0.056905605
48538.19,-1.5133266,-0.077777416,0.028209,-0.05798806
49546.066,-1.5133266,-0.07262195,0.028707914,-0.05904853
50553.938,-1.5133266,-0.067702316,0.029640526,-0.060095586
51561.812,-1.5133266,-0.062937,0.030878857,-0.06113795
52569.688,-1.5133266,-0.05823473,0.03226959,-0.062183186
53577.562,-1.5133266,-0.05350374,0.03364818,-0.06323664
54585.438,-1.5133266,-0.048660953,0.034853913,-0.06430063
55593.312,-1.5133266,-0.04364009,0.035744302,-0.065373816
56601.19,-1.5133266,-0.0383977,0.036207944,-0.066451214
57609.066,-1.5133266,-0.03291783,0.036174346,-0.06752415
58616.94,-1.5133266,-0.027212903,0.035620272,-0.06858108
59624.816,-1.5133266,-0.021323025,0.034571838,-0.069608316
60632.69,-1.5133266,-0.015312316,0.03310217,-0.07059119
61640.566,-1.5133266,-0.009262919,0.031324573,-0.07151541
62648.44,-1.5133266,-0.003267251,0.029382098,-0.07236836
63656.32,-1.5133266,0.0025808606,0.027434036,-0.07314044
64664.195,-1.5133266,0.008195359,0.02564038,-0.073826216
65672.07,-1.5133266,0.013507184,0.024146086,-0.07442525
66679.945,-1.5133266,0.018471446,0.023065954,-0.07494259
67687.82,-1.5133266,0.023073483,0.022472195,-0.07538883
68695.695,-1.5133266,0.027331583,0.022385448,-0.07577968
69703.57,-1.5133266,0.031297214,0.022770997,-0.07613504
70711.445,-1.5133266,0.0350511,0.023540173,-0.07647761
71719.32,-1.5133266,0.038697056,0.024558023,-0.07683118
72727.195,-1.5133266,0.04235228,0.025656164,-0.077218704
73735.08,-1.5133266,0.04613552,0.026650816,-0.07766011
74742.95,-1.5133266,0.05015445,0.027363423,-0.078170486
75750.83,-1.5133266,0.054492727,0.02764327,-0.078758255
76758.7,-1.5133266,0.05919868,0.027388474,-0.07942412
77766.58,-1.5133266,0.06427693,0.026563179,-0.08016053
78774.45,-1.5133266,0.06968438,0.025208376,-0.08095195
79782.33,-1.5133266,0.07533111,0.023443997,-0.08177616
80790.2,-1.5133266,0.0810882,0.02145986,-0.0826064
81798.08,-1.5133266,0.086801104,0.019495917,-0.08341428
82805.95,-1.5133266,0.09230891,0.0178112,-0.08417344
83813.83,-1.5133266,0.09746728,0.01664453,-0.08486325
84821.7,-1.5133266,0.102173105,0.016170722,-0.08547237
85829.58,-1.5133266,0.10638648,0.016458495,-0.08600168
86837.45,-1.5133266,0.11014669,0.017438253,-0.08646543
87845.33,-1.5133266,0.113576174,0.01888822,-0.08689056
88853.2,-1.5133266,0.11686937,0.02044881,-0.08731325
89861.08,-1.5133266,0.12026094,0.021672517,-0.08777257
90868.95,-1.5133266,0.12397408,0.022113502,-0.08830127
91876.83,-1.5133266,0.12815054,0.021453213,-0.08891463
92884.71,-1.5133266,0.13277331,0.019646183,-0.0895991
93892.586,-1.5133266,0.13760091,0.017052181,-0.090304315
94900.46,-1.5133266,0.142148,0.014493132,-0.09094364
95908.336,-1.5133266,0.14576504,0.013137991,-0.091411255
96916.21,-1.5133266,0.14789632,0.014066525,-0.091627486
97924.086,-1.5133266,0.14862958,0.017298527,-0.09162814
98931.96,-1.5133266,0.14969313,0.019987417,-0.09171956
99939.836,-1.5133266,0.15611294,0.013368059,-0.09272791
160.16696,-0.9079952,-0.0363262,0.29403287,-0.038314003
1168.0425,-0.9079952,-0.05739098,0.12418209,-0.03604483
2175.918,-0.9079952,-0.05598872,0.06515475,-0.037522107
3183.7935,-0.9079952,-0.046075426,0.055001896,-0.039440844
4191.669,-0.9079952,-0.03631725,0.060729697,-0.040202215
5199.5444,-0.9079952,-0.031406857,0.06700629,-0.039292216
6207.42,-0.9079952,-0.0331984,0.06855342,-0.03683334
7215.2954,-0.9079952,-0.04164871,0.065216236,-0.03327097
8223.171,-0.9079952,-0.05556915,0.058933727,-0.029163422
9231.046,-0.9079952,-0.073200904,0.05201801,-0.025050215
10238.922,-0.9079952,-0.09263268,0.046302874,-0.021377537
11246.798,-0.9079952,-0.112085104,0.042838372,-0.01846455
12254.673,-0.9079952,-0.13008258,0.041903123,-0.016497226
13262.548,-0.9079952,-0.14553979,0.043175858,-0.015539922
14270.424,-0.9079952,-0.15778068,0.045964427,-0.015556719
15278.3,-0.9079952,-0.16651163,0.04942719,-0.016437352
16286.175,-0.9079952,-0.17176516,0.05275426,-0.018023398
17294.049,-0.9079952,-0.17382646,0.055292945,-0.020132463
18301.924,-0.9079952,-0.17315547,0.056617226,-0.022578523
19309.8,-0.9079952,-0.17031097,0.05654715,-0.025188014
20317.676,-0.9079952,-0.16588376,0.05513009,-0.027811069
21325.55,-0.9079952,-0.16044131,0.05259533,-0.030328363
22333.428,-0.9079952,-0.15448621,0.049294643,-0.032654256
23341.303,-0.9079952,-0.1484291,0.045638584,-0.03473632
24349.178,-0.9079952,-0.14257406,0.042037368,-0.03655277
25357.053,-0.9079952,-0.13711588,0.038851615,-0.038107865
26364.928,-0.9079952,-0.13214713,0.03635668,-0.03942629
27372.805,-0.9079952,-0.12767145,0.034721844,-0.040547285
28380.68,-0.9079952,-0.12362252,0.03400416,-0.041518614
29388.555,-0.9079952,-0.11988448,0.034154903,-0.042391133
30396.432,-0.9079952,-0.1163134,0.035036203,-0.04321419
31404.307,-0.9079952,-0.112757005,0.036444865,-0.044031978
32412.182,-0.9079952,-0.10907161,0.038139917,-0.044880774
33420.06,-0.9079952,-0.105135895,0.039870817,-0.045787588
34427.934,-0.9079952,-0.10086004,0.041403674,-0.046769418
35435.81,-0.9079952,-0.09619117,0.042543154,-0.047833588
36443.684,-0.9079952,-0.09111403,0.043148797,-0.048978858
37451.562,-0.9079952,-0.08564883,0.043144524,-0.05019677
38459.438,-0.9079952,-0.07984571,0.04252146,-0.05147363
39467.312,-0.9079952,-0.07377696,0.041334197,-0.05279239
40475.188,-0.9079952,-0.06752831,0.039691582,-0.054134734
41483.062,-0.9079952,-0.061189514,0.037743136,-0.055482745
42490.938,-0.9079952,-0.054845415,0.035662584,-0.056820527
43498.812,-0.9079952,-0.048568085,0.033630267,-0.058135163
44506.69,-0.9079952,-0.04241082,0.031815827,-0.059417613
45514.566,-0.9079952,-0.036403637,0.030362949,-0.06066287
46522.44,-0.9079952,-0.030551732,0.029376507,-0.061869882
47530.316,-0.9079952,-0.02483574,0.028914481,-0.06304101
48538.19,-0.9079952,-0.019214418,0.028983586,-0.06418138
49546.066,-0.9079952,-0.013629179,0.029540136,-0.06529772
50553.938,-0.9079952,-0.008010056,0.030494787,-0.0663974
51561.812,-0.9079952,-0.0022823997,0.031721704,-0.06748731
52569.688,-0.9079952,0.003625419,0.033070512,-0.06857283
53577.562,-0.9079952,0.009775385,0.034380008,-0.06965701
54585.438,-0.9079952,0.016213324,0.035493195,-0.07073997
55593.312,-0.9079952,0.022963919,0.03627129,-0.07181867
56601.19,-0.9079952,0.030027647,0.036606446,-0.07288686
57609.066,-0.9079952,0.037379052,0.036431458,-0.07393544
58616.94,-0.9079952,0.04496823,0.035726033,-0.07495318
59624.816,-0.9079952,0.05272308,0.03451886,-0.07592755
60632.69,-0.9079952,0.060554482,0.03288516,-0.076845855
61640.566,-0.9079952,0.0683628,0.030940037,-0.077696405
62648.44,-0.9079952,0.07604523,0.028828118,-0.078469686
63656.32,-0.9079952,0.083503865,0.026710052,-0.07915953
64664.195,-0.9079952,0.090653814,0.024747254,-0.079763874
65672.07,-0.9079952,0.09743036,0.023086157,-0.08028561
66679.945,-0.9079952,0.10379451,0.021843193,-0.08073247
67687.82,-0.9079952,0.10973713,0.021092448,-0.08111725
68695.695,-0.9079952,0.11528006,0.020856662,-0.081456974
69703.57,-0.9079952,0.1204749,0.021103296,-0.0817719
70711.445,-0.9079952,0.12539846,0.021746036,-0.082084246
71719.32,-0.9079952,0.13014662,0.022652097,-0.08241637
72727.195,-0.9079952,0.1348249,0.023655077,-0.08278903
73735.08,-0.9079952,0.13953814,0.024572548,-0.083219476
74742.95,-0.9079952,0.14437918,0.025226718,-0.083719715
75750.83,-0.9079952,0.1494186,0.025466695,-0.084295206
76758.7,-0.9079952,0.1546952,0.025189392,-0.084943876
77766.58,-0.9079952,0.16021006,0.024356661,-0.08565599
78774.45,-0.9079952,0.16592366,0.023006296,-0.08641462
79782.33,-0.9079952,0.17175825,0.021254018,-0.08719711
80790.2,-0.9079952,0.17760533,0.019285012,-0.08797727
81798.08,-0.9079952,0.18333754,0.017334558,-0.08872816
82805.95,-0.9079952,0.1888258,0.01565722,-0.08942551
83813.83,-0.9079952,0.19395836,0.014488447,-0.09005128
84821.7,-0.9079952,0.198661,0.014001045,-0.090596735
85829.58,-0.9079952,0.20291504,0.014263777,-0.0910649
86837.45,-0.9079952,0.20676829,0.015209118,-0.09147138
87845.33,-0.9079952,0.21033728,0.016619582,-0.09184342
88853.2,-0.9079952,0.21379502,0.018141389,-0.092216365
89861.08,-0.9079952,0.21734291,0.019333579,-0.092627406
90868.95,-0.9079952,0.22116564,0.019756204,-0.09310703
91876.83,-0.9079952,0.2253725,0.019094162,-0.09366849
92884.71,-0.9079952,0.22993365,0.01730128,-0.09429773
93892.586,-0.9079952,0.23462796,0.014730855,-0.09494627
94900.46,-0.9079952,0.23903279,0.012192536,-0.09553246
95908.336,-0.9079952,0.24259639,0.010839157,-0.0959579
96916.21,-0.9079952,0.24486294,0.011736894,-0.09615001
97924.086,-0.9079952,0.2459385,0.014907615,-0.09614458
98931.96,-0.9079952,0.24732797,0.017545504,-0.09622772
99939.836,-0.9079952,0.25331375,0.011002973,-0.09716304
160.16696,-0.3026638,-0.0020880252,0.2933754,-0.03800302
1168.0425,-0.3026638,-0.02645418,0.12376715,-0.035583526
2175.918,-0.3026638,-0.02884037,0.064965025,-0.036657818
3183.7935,-0.3026638,-0.022486039,0.054973073,-0.03829336
4191.669,-0.3026638,-0.015344486,0.06076797,-0.039062772
5199.5444,-0.3026638,-0.011613272,0.06700891,-0.03849012
6207.42,-0.3026638,-0.0129394345,0.0684267,-0.036654327
7215.2954,-0.3026638,-0.019345928,0.06488863,-0.033914316
8223.171,-0.3026638,-0.029922947,0.058362857,-0.030726746
9231.046,-0.3026638,-0.043324918,0.051192343,-0.027532957
10238.922,-0.3026638,-0.058109757,0.045239024,-0.024696114
11246.798,-0.3026638,-0.07295556,0.041575238,-0.022473468
12254.673,-0.3026638,-0.08678175,0.040494345,-0.021012435
13262.548,-0.3026638,-0.09880138,0.04168199,-0.020361094
14270.424,-0.3026638,-0.10852446,0.04444518,-0.0204869
15278.3,-0.3026638,-0.11572946,0.04793541,-0.021298636
16286.175,-0.3026638,-0.12041637,0.051331148,-0.022668364
17294.049,-0.3026638,-0.12275218,0.053965315,-0.024451066
18301.924,-0.3026638,-0.12301524,0.055396564,-0.026501296
19309.8,-0.3026638,-0.12154442,0.05543037,-0.028685417
20317.676,-0.3026638,-0.11869654,0.054101616,-0.030890383
21325.55,-0.3026638,-0.114812575,0.051630117,-0.03302834
22333.428,-0.3026638,-0.11019446,0.04836194,-0.035038576
23341.303,-0.3026638,-0.105090596,0.04470573,-0.0368863
24349.178,-0.3026638,-0.099690415,0.04107362,-0.038560078
25357.053,-0.3026638,-0.09412492,0.037831422,-0.040067658
26364.928,-0.3026638,-0.08847329,0.03526238,-0.041431133
27372.805,-0.3026638,-0.08277201,0.033545576,-0.04268207
28380.68,-0.3026638,-0.07702617,0.03274872,-0.043856736
29388.555,-0.3026638,-0.071221486,0.032833956,-0.044991918
30396.432,-0.3026638,-0.065334946,0.033673584,-0.04612151
31404.307,-0.3026638,-0.059344366,0.035073027,-0.047273893
32412.182,-0.3026638,-0.053235307,0.036798064,-0.048470348
33420.06,-0.3026638,-0.047005802,0.03860242,-0.04972421
34427.934,-0.3026638,-0.040668182,0.04025384,-0.051040873
35435.81,-0.3026638,-0.034249,0.041556098,-0.05241849
36443.684,-0.3026638,-0.027786385,0.042365238,-0.053849053
37451.562,-0.3026638,-0.021326095,0.042599455,-0.05531997
38459.438,-0.3026638,-0.014916476,0.04224241,-0.056815684
39467.312,-0.3026638,-0.008603051,0.041339803,-0.058319375
40475.188,-0.3026638,-0.0024232417,0.039990842,-0.059814595
41483.062,-0.3026638,0.0035986826,0.038335077,-0.061286572
42490.938,-0.3026638,0.009454697,0.03653658,-0.06272327
43498.812,-0.3026638,0.015155897,0.034766868,-0.064116076
44506.69,-0.3026638,0.020732775,0.03318779,-0.065460175
45514.566,-0.3026638,0.026234396,0.031936683,-0.066754416
46522.44,-0.3026638,0.03172587,0.031113908,-0.06800101
47530.316,-0.3026638,0.0372845,0.030774467,-0.06920481
48538.19,-0.3026638,0.04299456,0.030924074,-0.07037256
49546.066,-0.3026638,0.048941478,0.031519547,-0.071511775
50553.938,-0.3026638,0.055205643,0.032473564,-0.072629765
51561.812,-0.3026638,0.06185646,0.03366355,-0.07373281
52569.688,-0.3026638,0.068946406,0.034943223,-0.07482515
53577.562,-0.3026638,0.07650674,0.036156096,-0.07590856
54585.438,-0.3026638,0.08454409,0.03715013,-0.07698176
55593.312,-0.3026638,0.093038514,0.037791483,-0.07804056
56601.19,-0.3026638,0.101943806,0.03797697,-0.07907789
57609.066,-0.3026638,0.11118879,0.037643433,-0.08008446
58616.94,-0.3026638,0.12068149,0.0367741,-0.08104932
59624.816,-0.3026638,0.1303136,0.035400443,-0.081960976
60632.69,-0.3026638,0.13996704,0.03359975,-0.0828083
61640.566,-0.3026638,0.14952129,0.03148856,-0.083581746
62648.44,-0.3026638,0.15886073,0.02921248,-0.08427432
63656.32,-0.3026638,0.16788201,0.026932798,-0.08488256
64664.195,-0.3026638,0.17650089,0.024811357,-0.08540718
65672.07,-0.3026638,0.18465763,0.022995077,-0.08585354
66679.945,-0.3026638,0.19232108,0.02160111,-0.08623163
67687.82,-0.3026638,0.19949007,0.02070453,-0.0865557
68695.695,-0.3026638,0.20619312,0.020329427,-0.08684364
69703.57,-0.3026638,0.21248561,0.020445103,-0.087115794
70711.445,-0.3026638,0.21844424,0.020967226,-0.08739359
71719.32,-0.3026638,0.22416048,0.021765314,-0.087697916
72727.195,-0.3026638,0.22973125,0.022675093,-0.08804741
73735.08,-0.3026638,0.23524992,0.023515977,-0.08845679
74742.95,-0.3026638,0.24079642,0.024111545,-0.088935316
75750.83,-0.3026638,0.24642879,0.024311315,-0.089485765
76758.7,-0.3026638,0.25217608,0.024011623,-0.090103745
77766.58,-0.3026638,0.25803444,0.023172587,-0.090777755
78774.45,-0.3026638,0.26396638,0.021828983,-0.09148987
79782.33,-0.3026638,0.2699036,0.020092584,-0.09221732
80790.2,-0.3026638,0.27575547,0.018143758,-0.09293467
81798.08,-0.3026638,0.2814195,0.016212609,-0.09361659
82805.95,-0.3026638,0.28679624,0.014548778,-0.09424097
83813.83,-0.3026638,0.2918053,0.013383635,-0.09479229
84821.7,-0.3026638,0.29640156,0.0128874015,-0.0952642
85829.58,-0.3026638,0.30058822,0.0131283365,-0.09566163
86837.45,-0.3026638,0.3044242,0.014040945,-0.09600138
87845.33,-0.3026638,0.3080228,0.015411967,-0.09631069
88853.2,-0.3026638,0.3115396,0.016894143,-0.0966239
89861.08,-0.3026638,0.3151461,0.018053979,-0.0969763
90868.95,-0.3026638,0.3189916,0.018458376,-0.09739621
91876.83,-0.3026638,0.32315406,0.01779679,-0.097895145
92884.71,-0.3026638,0.32759,0.016022675,-0.098458976
93892.586,-0.3026638,0.33209574,0.013482526,-0.0990416
94900.46,-0.3026638,0.33630535,0.01097215,-0.09956684
95908.336,-0.3026638,0.33975902,0.009625569,-0.09994407
96916.21,-0.3026638,0.34209594,0.010492741,-0.10010767
97924.086,-0.3026638,0.34344265,0.013596735,-0.10009248
98931.96,-0.3026638,0.34509686,0.016178165,-0.10016267
99939.836,-0.3026638,0.35063902,0.009726251,-0.10101598
160.16696,0.3026638,0.03260284,0.29291272,-0.037635006
1168.0425,0.3026638,0.0071608797,0.123781115,-0.03518444
2175.918,0.3026638,0.0021853745,0.06530555,-0.035894264
3183.7935,0.3026638,0.00554296,0.055525303,-0.037254386
4191.669,0.3026638,0.010273419,0.061423134,-0.038037162
5199.5444,0.3026638,0.012868471,0.067659736,-0.03781826
6207.42,0.3026638,0.012013778,0.068973765,-0.036637206
7215.2954,0.3026638,0.0076927505,0.065249674,-0.034764837
8223.171,0.3026638,0.00056991726,0.058480624,-0.03255155
9231.046,0.3026638,-0.008415854,0.051038742,-0.030334562
10238.922,0.3026638,-0.018304069,0.044815242,-0.028388117
11246.798,0.3026638,-0.028253376,0.040908266,-0.026902389
12254.673,0.3026638,-0.0376058,0.03963107,-0.025982086
13262.548,0.3026638,-0.04590158,0.040681794,-0.025656246
14270.424,0.3026638,-0.0528626,0.04337226,-0.025894208
15278.3,0.3026638,-0.05835992,0.04685159,-0.026623625
16286.175,0.3026638,-0.06237636,0.05029014,-0.027747776
17294.049,0.3026638,-0.06496878,0.053008433,-0.029160941
18301.924,0.3026638,-0.066236265,0.05455052,-0.030760413
19309.8,0.3026638,-0.066294104,0.054706585,-0.032455485
20317.676,0.3026638,-0.06525663,0.05349742,-0.03417287
21325.55,0.3026638,-0.06322613,0.051131077,-0.03585944
22333.428,0.3026638,-0.0602885,0.047945034,-0.037482303
23341.303,0.3026638,-0.056513656,0.044343233,-0.03902713
24349.178,0.3026638,-0.051959492,0.040736884,-0.040495273
25357.053,0.3026638,-0.046677005,0.03749453,-0.04189991
26364.928,0.3026638,-0.04071708,0.034905236,-0.04326197
27372.805,0.3026638,-0.034136202,0.03315632,-0.0446064
28380.68,0.3026638,-0.027000874,0.032325212,-0.045958355
29388.555,0.3026638,-0.019390747,0.03238433,-0.04734047
30396.432,0.3026638,-0.0113992095,0.033215992,-0.048770614
31404.307,0.3026638,-0.0031325892,0.03463452,-0.05026044
32412.182,0.3026638,0.005293578,0.0364128,-0.051814876
33420.06,0.3026638,0.013758764,0.038309388,-0.053432062
34427.934,0.3026638,0.022143282,0.040094357,-0.05510409
35435.81,0.3026638,0.030334726,0.041570943,-0.056817986
36443.684,0.3026638,0.03823451,0.0425922,-0.058557317
37451.562,0.3026638,0.045763314,0.04307093,-0.06030349
38459.438,0.3026638,0.052866757,0.042983305,-0.062037524
39467.312,0.3026638,0.0595188,0.04236621,-0.06374146
40475.188,0.3026638,0.06572355,0.041309003,-0.065399595
41483.062,0.3026638,0.07151647,0.039941087,-0.06699945
42490.938,0.3026638,0.076962,0.038416646,-0.06853242
43498.812,0.3026638,0.08215101,0.03689806,-0.06999401
44506.69,0.3026638,0.08719547,0.035539307,-0.071383804
45514.566,0.3026638,0.09222278,0.034471408,-0.07270502
46522.44,0.3026638,0.09736846,0.03379023,-0.07396388
47530.316,0.3026638,0.102768525,0.033548407,-0.07516873
48538.19,0.3026638,0.10855192,0.03375102,-0.07632899
49546.066,0.3026638,0.11483277,0.03435619,-0.07745424
50553.938,0.3026638,0.12170383,0.035279594,-0.07855312
51561.812,0.3026638,0.12923136,0.036402877,-0.07963253
52569.688,0.3026638,0.1374503,0.03758493,-0.08069682
53577.562,0.3026638,0.14636259,0.03867511,-0.08174749
54585.438,0.3026638,0.15593627,0.039527416,-0.08278291
55593.312,0.3026638,0.166107,0.040013783,-0.083798364
56601.19,0.3026638,0.1767815,0.040036395,-0.084786475
57609.066,0.3026638,0.1878419,0.03953681,-0.085737884
58616.94,0.3026638,0.199153,0.03850194,-0.08664197
59624.816,0.3026638,0.21056859,0.03696597,-0.087487906
60632.69,0.3026638,0.22194019,0.035008002,-0.08826567
61640.566,0.3026638,0.23312476,0.03274545,-0.088967144
62648.44,0.3026638,0.24399269,0.030324057,-0.08958703
63656.32,0.3026638,0.2544345,0.027904715,-0.09012366
64664.195,0.3026638,0.2643666,0.025648661,-0.09057952
65672.07,0.3026638,0.27373508,0.023702176,-0.090961576
66679.945,0.3026638,0.28251785,0.022181908,-0.091281004
67687.82,0.3026638,0.29072395,0.021162976,-0.09155293
68695.695,0.3026638,0.29839164,0.020669948,-0.0917954
69703.57,0.3026638,0.3055835,0.02067326,-0.09202842
70711.445,0.3026638,0.31237984,0.021090284,-0.09227237
71719.32,0.3026638,0.3188715,0.021792587,-0.092546664
72727.195,0.3026638,0.3251507,0.02261823,-0.09286798
73735.08,0.3026638,0.33130246,0.023388842,-0.09324881
74742.95,0.3026638,0.33739603,0.023929853,-0.093696184
75750.83,0.3026638,0.3434784,0.0240919,-0.09421069
76758.7,0.3026638,0.3495693,0.023771456,-0.09478626
77766.58,0.3026638,0.35565904,0.022927547,-0.0954102
78774.45,0.3026638,0.36170983,0.021592613,-0.09606414
79782.33,0.3026638,0.36766043,0.019874763,-0.09672564
80790.2,0.3026638,0.37343374,0.017949782,-0.09737033
81798.08,0.3026638,0.3789482,0.016042612,-0.09797458
82805.95,0.3026638,0.3841302,0.014397689,-0.09851852
83813.83,0.3026638,0.38892752,0.01324192,-0.09898882
84821.7,0.3026638,0.393322,0.012742398,-0.09938132
85829.58,0.3026638,0.39733827,0.012966536,-0.09970247
86837.45,0.3026638,0.4010475,0.0138503,-0.09996981
87845.33,0.3026638,0.40456325,0.015184827,-0.10021036
88853.2,0.3026638,0.40802804,0.0166294,-0.10045717
89861.08,0.3026638,0.41158926,0.017758306,-0.100743674
90868.95,0.3026638,0.4153654,0.018146178,-0.10109607
91876.83,0.3026638,0.41940707,0.017487511,-0.10152467
92884.71,0.3026638,0.42365754,0.015736014,-0.10201559
93892.586,0.3026638,0.42792648,0.013231298,-0.10252574
94900.46,0.3026638,0.43189672,0.010754552,-0.10298475
95908.336,0.3026638,0.43518874,0.009419722,-0.103309825
96916.21,0.3026638,0.43752646,0.010258596,-0.10344197
97924.086,0.3026638,0.43905693,0.013294697,-0.1034143
98931.96,0.3026638,0.44089735,0.01581782,-0.103467636
99939.836,0.3026638,0.44600606,0.009465285,-0.104232565
160.16696,0.9079952,0.067699336,0.2926346,-0.037229523
1168.0425,0.9079952,0.042996652,0.12421854,-0.03483829
2175.918,0.9079952,0.036556564,0.06616423,-0.035240762
3183.7935,0.9079952,0.03757366,0.05663572,-0.036359075
4191.669,0.9079952,0.0402335,0.06266349,-0.037172962
5199.5444,0.9079952,0.04182481,0.06892374,-0.037315663
6207.42,0.9079952,0.041444365,0.070163295,-0.036791787
7215.2954,0.9079952,0.039141547,0.06627873,-0.035787318
8223.171,0.9079952,0.03537982,0.05928243,-0.034548476
9231.046,0.9079952,0.030722344,0.05157177,-0.033309497
10238.922,0.9079952,0.025668865,0.045065954,-0.032255813
11246.798,0.9079952,0.020591006,0.040890306,-0.031510174
12254.673,0.9079952,0.01572641,0.039381273,-0.03113363
13262.548,0.9079952,0.011203334,0.040253893,-0.031134991
14270.424,0.9079952,0.007078316,0.04282968,-0.03148423
15278.3,0.9079952,0.003373891,0.04626019,-0.032126624
16286.175,0.9079952,0.00010912493,0.04971151,-0.03299575
17294.049,0.9079952,-0.002678357,0.052494787,-0.034024354
18301.924,0.9079952,-0.0049221814,0.054141168,-0.03515231
19309.8,0.9079952,-0.006525725,0.054426245,-0.036331862
20317.676,0.9079952,-0.0073688105,0.053356145,-0.0375301
21325.55,0.9079952,-0.0073186606,0.051125884,-0.038729317
22333.428,0.9079952,-0.006245166,0.04806245,-0.039925694
23341.303,0.9079952,-0.004035309,0.04456254,-0.041126724
24349.178,0.9079952,-0.0006072819,0.04103392,-0.042347938
25357.053,0.9079952,0.0040787384,0.037845246,-0.04360944
26364.928,0.9079952,0.0100132525,0.03528906,-0.04493243
27372.805,0.9079952,0.017134115,0.033558693,-0.046336304
28380.68,0.9079952,0.02532804,0.032739602,-0.04783613
29388.555,0.9079952,0.03443536,0.032813102,-0.04944104
30396.432,0.9079952,0.04425867,0.033670567,-0.0511532
31404.307,0.9079952,0.054573834,0.035134688,-0.052967574
32412.182,0.9079952,0.065143,0.036985166,-0.05487235
33420.06,0.9079952,0.07572805,0.03898552,-0.056849826
34427.934,0.9079952,0.08610405,0.040908255,-0.058877777
35435.81,0.9079952,0.09607157,0.042556655,-0.060931128
36443.684,0.9079952,0.10546743,0.043781165,-0.06298361
37451.562,0.9079952,0.11417308,0.044489726,-0.06500941
38459.438,0.9079952,0.12211955,0.044651687,-0.06698485
39467.312,0.9079952,0.12929061,0.04429557,-0.068889566
40475.188,0.9079952,0.13572186,0.043501444,-0.0707076
41483.062,0.9079952,0.1414975,0.04238917,-0.07242791
42490.938,0.9079952,0.14674401,0.041103527,-0.07404483
43498.812,0.9079952,0.15162244,0.039798267,-0.07555765
44506.69,0.9079952,0.15631774,0.03862013,-0.07697044
45514.566,0.9079952,0.16102864,0.037694447,-0.07829107
46522.44,0.9079952,0.16595554,0.03711334,-0.079530425
47530.316,0.9079952,0.1712897,0.036927618,-0.0807011
48538.19,0.9079952,0.17720254,0.037142724,-0.08181642
49546.066,0.9079952,0.18383676,0.037718877,-0.082889125
50553.938,0.9079952,0.19129857,0.038575586,-0.08393047
51561.812,0.9079952,0.19965312,0.03959962,-0.084949285
52569.688,0.9079952,0.20892103,0.04065594,-0.0859513
53577.562,0.9079952,0.21907815,0.041600574,-0.08693884
54585.438,0.9079952,0.23005801,0.042294085,-0.087910786
55593.312,0.9079952,0.2417553,0.04261486,-0.0888627
56601.19,0.9079952,0.25403312,0.04247075,-0.08978737
57609.066,0.9079952,0.26672986,0.04180811,-0.09067555
58616.94,0.9079952,0.27966923,0.04061746,-0.0915168
59624.816,0.9079952,0.2926688,0.0389354,-0.092300646
60632.69,0.9079952,0.30555058,0.036842257,-0.0930175
61640.566,0.9079952,0.31814995,0.03445548,-0.093659885
62648.44,0.9079952,0.3303234,0.03192001,-0.09422317
63656.32,0.9079952,0.3419554,0.029395282,-0.094706364
64664.195,0.9079952,0.35296342,0.027040668,-0.09511259
65672.07,0.9079952,0.36329985,0.02500055,-0.09544925
66679.945,0.9079952,0.37295255,0.023389973,-0.095727734
67687.82,0.9079952,0.3819427,0.022282874,-0.09596301
68695.695,0.9079952,0.3903202,0.021703467,-0.09617266
69703.57,0.9079952,0.39815795,0.021622475,-0.09637578
70711.445,0.9079952,0.40554327,0.021958472,-0.09659158
71719.32,0.9079952,0.41257027,0.022584857,-0.09683785
72727.195,0.9079952,0.41933015,0.023341969,-0.09712954
73735.08,0.9079952,0.42590323,0.024054,-0.0974774
74742.95,0.9079952,0.43235132,0.024548624,-0.097886756
75750.83,0.9079952,0.43871245,0.024678316,-0.09835686
76758.7,0.9079952,0.4449978,0.02434037,-0.09888062
77766.58,0.9079952,0.45119175,0.023493584,-0.099444956
78774.45,0.9079952,0.45725435,0.022168776,-0.10003169
79782.33,0.9079952,0.4631275,0.0204711,-0.100619204
80790.2,0.9079952,0.46874377,0.018572275,-0.10118455
81798.08,0.9079952,0.47403675,0.016692316,-0.10170601
82805.95,0.9079952,0.4789532,0.0150706,-0.10216578
83813.83,0.9079952,0.48346403,0.013929495,-0.10255259
84821.7,0.9079952,0.48757398,0.013432715,-0.102863945
85829.58,0.9079952,0.491327,0.013646252,-0.10310745
86837.45,0.9079952,0.49480703,0.014507368,-0.10330084
87845.33,0.9079952,0.49813056,0.015810983,-0.10347052
88853.2,0.9079952,0.5014324,0.017222652,-0.10364804
89861.08,0.9079952,0.50484216,0.018324599,-0.10386484
90868.95,0.9079952,0.50845546,0.018699145,-0.1041453
91876.83,0.9079952,0.51230055,0.018046197,-0.10449874
92884.71,0.9079952,0.5163095,0.016320188,-0.104912184
93892.586,0.9079952,0.52030176,0.013854295,-0.105345994
94900.46,0.9079952,0.5239978,0.011415267,-0.10573592
95908.336,0.9079952,0.52708286,0.010096619,-0.10600705
96916.21,0.9079952,0.5293503,0.010911427,-0.10610649
97924.086,0.9079952,0.53096527,0.013882919,-0.10606466
98931.96,0.9079952,0.53289884,0.016349807,-0.10609827
99939.836,0.9079952,0.53759927,0.010099962,-0.10677097
160.16696,1.5133266,0.103155226,0.29253358,-0.03680928
1168.0425,1.5133266,0.08053665,0.12506832,-0.034534905
2175.918,1.5133266,0.07362306,0.06752203,-0.034702692
3183.7935,1.5133266,0.07300552,0.058274746,-0.03563666
4191.669,1.5133266,0.07404283,0.064449705,-0.03651099
5199.5444,1.5133266,0.07484155,0.0707563,-0.03701464
6207.42,1.5133266,0.074938685,0.07195185,-0.03712196
7215.2954,1.5133266,0.07448962,0.06794046,-0.036941953
8223.171,1.5133266,0.07380627,0.060747236,-0.036625106
9231.046,1.5133266,0.07312921,0.052789096,-0.03631053
10238.922,1.5133266,0.07254817,0.046009757,-0.036101103
11246.798,1.5133266,0.07200891,0.04156065,-0.036056306
12254.673,1.5133266,0.071361184,0.03980246,-0.036195826
13262.548,1.5133266,0.07042174,0.040470123,-0.036508672
14270.424,1.5133266,0.06903226,0.04289873,-0.036964417
15278.3,1.5133266,0.06710416,0.04624649,-0.03752388
16286.175,1.5133266,0.06464415,0.04967953,-0.03814825
17294.049,1.5133266,0.06176297,0.05250321,-0.03880585
18301.924,1.5133266,0.05866748,0.05423849,-0.039476223
19309.8,1.5133266,0.055640124,0.054648224,-0.040152
20317.676,1.5133266,0.053012013,0.05372468,-0.040838573
21325.55,1.5133266,0.051130354,0.05164952,-0.04155234
22333.428,1.5133266,0.05032693,0.04873811,-0.042317722
23341.303,1.5133266,0.050889574,0.045378342,-0.043163862
24349.178,1.5133266,0.05303809,0.041972198,-0.044120904
25357.053,1.5133266,0.05690828,0.038885947,-0.045216657
26364.928,1.5133266,0.06254237,0.03641288,-0.046473745
27372.805,1.5133266,0.06988779,0.034749866,-0.04790739
28380.68,1.5133266,0.078802586,0.033987857,-0.049523942
29388.555,1.5133266,0.08906698,0.034115,-0.0513203
30396.432,1.5133266,0.10039978,0.035029992,-0.05328409
31404.307,1.5133266,0.11247754,0.03656249,-0.05539441
32412.182,1.5133266,0.12495671,0.0384982,-0.05762331
33420.06,1.5133266,0.13749486,0.040604997,-0.059937544
34427.934,1.5133266,0.1497705,0.042657834,-0.062300574
35435.81,1.5133266,0.16150175,0.044460166,-0.064674854
36443.684,1.5133266,0.17246117,0.045860533,-0.06702372
37451.562,1.5133266,0.18248606,0.046762716,-0.06931342
38459.438,1.5133266,0.19148514,0.047130316,-0.071514666
39467.312,1.5133266,0.19944064,0.04698465,-0.07360389
40475.188,1.5133266,0.20640558,0.04639781,-0.07556392
41483.062,1.5133266,0.2124975,0.045481406,-0.07738463
42490.938,1.5133266,0.21788901,0.044372067,-0.079062514
43498.812,1.5133266,0.2227954,0.043216467,-0.08060048
44506.69,1.5133266,0.22745991,0.04215519,-0.08200689
45514.566,1.5133266,0.23213926,0.04130926,-0.08329451
46522.44,1.5133266,0.23708805,0.04076814,-0.084479265
47530.316,1.5133266,0.2425444,0.040582053,-0.08557877
48538.19,1.5133266,0.24871701,0.04075767,-0.08661103
49546.066,1.5133266,0.25577414,0.041258298,-0.08759308
50553.938,1.5133266,0.26383555,0.042008027,-0.08853984
51561.812,1.5133266,0.2729677,0.042899467,-0.08946324
52569.688,1.5133266,0.28318107,0.04380415,-0.09037152
53577.562,1.5133266,0.29443145,0.04458504,-0.091268934
54585.438,1.5133266,0.3066244,0.04510968,-0.09215567
55593.312,1.5133266,0.31962112,0.04526285,-0.093028285
56601.19,1.5133266,0.3332482,0.044957995,-0.093880095
57609.066,1.5133266,0.34730688,0.044145882,-0.09470209
58616.94,1.5133266,0.36158592,0.042820252,-0.09548395
59624.816,1.5133266,0.37587187,0.041019447,-0.096215054
60632.69,1.5133266,0.389961,0.038824134,-0.09688569
61640.566,1.5133266,0.40366963,0.03635098,-0.09748796
62648.44,1.5133266,0.41684228,0.033742964,-0.09801687
63656.32,1.5133266,0.4293587,0.0311569,-0.09847099
64664.195,1.5133266,0.44113716,0.028749075,-0.0988528
65672.07,1.5133266,0.45213723,0.026660826,-0.09916889
66679.945,1.5133266,0.46235684,0.025004385,-0.09942982
67687.82,1.5133266,0.4718298,0.023851443,-0.0996494
68695.695,1.5133266,0.48061958,0.023224846,-0.09984397
69703.57,1.5133266,0.4888107,0.023094881,-0.10003117
70711.445,1.5133266,0.49650043,0.023380714,-0.10022867
71719.32,1.5133266,0.50378954,0.023957226,-0.100452796
72727.195,1.5133266,0.510772,0.024666931,-0.10071701
73735.08,1.5133266,0.5175272,0.02533668,-0.10103075
74742.95,1.5133266,0.52411306,0.025796808,-0.10139834
75750.83,1.5133266,0.53056157,0.025902143,-0.101818494
76758.7,1.5133266,0.53687716,0.0255516,-0.10228386
77766.58,1.5133266,0.54303825,0.024704525,-0.10278186
78774.45,1.5133266,0.5490014,0.023391005,-0.10329524
79782.33,1.5133266,0.55470824,0.02171412,-0.10380378
80790.2,1.5133266,0.5600959,0.01984231,-0.104286455
81798.08,1.5133266,0.5651074,0.017991295,-0.104723446
82805.95,1.5133266,0.5697027,0.016395885,-0.10509905
83813.83,1.5133266,0.57386917,0.015273946,-0.10540375
84821.7,1.5133266,0.5776288,0.014785886,-0.10563636
85829.58,1.5133266,0.5810412,0.014996029,-0.10580499
86837.45,1.5133266,0.584202,0.015842253,-0.10592708
87845.33,1.5133266,0.5872328,0.01712278,-0.106027864
88853.2,1.5133266,0.590266,0.018508812,-0.106137104
89861.08,1.5133266,0.59342176,0.019589894,-0.10628418
90868.95,1.5133266,0.59678066,0.019955711,-0.10649174
91876.83,1.5133266,0.6003565,0.019311681,-0.10676847
92884.71,1.5133266,0.6040732,0.017613187,-0.107102826
93892.586,1.5133266,0.6077566,0.015187714,-0.10745902
94900.46,1.5133266,0.61115366,0.012788584,-0.10777934
95908.336,1.5133266,0.61399454,0.011489906,-0.10799665
96916.21,1.5133266,0.6161224,0.012286598,-0.10806367
97924.086,1.5133266,0.61771554,0.015200807,-0.10800748
98931.96,1.5133266,0.6196388,0.017617468,-0.10801986
99939.836,1.5133266,0.62396705,0.011468343,-0.1085983
160.16696,2.1186562,0.1389184,0.2926057,-0.036398828
1168.0425,2.1186562,0.119234726,0.12631446,-0.034265276
2175.918,2.1186562,0.1126571,0.069354296,-0.034282904
3183.7935,2.1186562,0.11111249,0.06040791,-0.035110272
4191.669,2.1186562,0.11104931,0.06673774,-0.03608396
5199.5444,2.1186562,0.111330085,0.07310658,-0.03693968
6207.42,2.1186562,0.11191013,0.07428718,-0.037626244
7215.2954,2.1186562,0.11306935,0.070187844,-0.03818753
8223.171,2.1186562,0.11501845,0.062839754,-0.03869262
9231.046,2.1186562,0.117745474,0.054672487,-0.03919941
10238.922,2.1186562,0.12100705,0.0476487,-0.03973977
11246.798,2.1186562,0.12439498,0.042942505,-0.04031838
12254.673,2.1186562,0.12743202,0.040937886,-0.040918592
13262.548,2.1186562,0.1296661,0.041390613,-0.041511692
14270.424,2.1186562,0.13074754,0.043652028,-0.04206597
15278.3,2.1186562,0.13048111,0.04689058,-0.04255512
16286.175,2.1186562,0.128849,0.050276414,-0.042963732
17294.049,2.1186562,0.12600958,0.0531132,-0.043290704
18301.924,2.1186562,0.12227559,0.054915313,-0.04355012
19309.8,2.1186562,0.11807741,0.055435635,-0.043770097
20317.676,2.1186562,0.113917835,0.05465454,-0.043989964
21325.55,2.1186562,0.11032384,0.05274127,-0.04425669
22333.428,2.1186562,0.1078003,0.049999595,-0.04462041
23341.303,2.1186562,0.10678895,0.046807453,-0.04513018
24349.178,2.1186562,0.10763734,0.043559346,-0.04583016
25357.053,2.1186562,0.110575385,0.04061684,-0.046756007
26364.928,2.1186562,0.11570498,0.038271233,-0.047932502
27372.805,2.1186562,0.122997746,0.036719956,-0.049372025
28380.68,2.1186562,0.13230427,0.036056533,-0.051073812
29388.555,2.1186562,0.14336945,0.036273196,-0.05302443
30396.432,2.1186562,0.15585482,0.03727341,-0.05519867
31404.307,2.1186562,0.16936448,0.038891762,-0.05756151
32412.182,2.1186562,0.18347332,0.040918447,-0.060070366
33420.06,2.1186562,0.19775493,0.04312466,-0.062677585
34427.934,2.1186562,0.21180718,0.04528735,-0.06533318
35435.81,2.1186562,0.22527577,0.047210336,-0.06798758
36443.684,2.1186562,0.23787281,0.048740674,-0.07059404
37451.562,2.1186562,0.24938953,0.0497793,-0.073110715
38459.438,2.1186562,0.25970435,0.05028539,-0.075502425
39467.312,2.1186562,0.2687851,0.05027486,-0.07774192
40475.188,2.1186562,0.27668557,0.049813777,-0.07981044
41483.062,2.1186562,0.28353763,0.049007483,-0.08169803
42490.938,2.1186562,0.28953844,0.047986887,-0.08340307
43498.812,2.1186562,0.29493636,0.04689332,-0.08493165
44506.69,2.1186562,0.30001232,0.045863554,-0.08629629
45514.566,2.1186562,0.30506226,0.045015857,-0.08751471
46522.44,2.1186562,0.3103792,0.044438884,-0.08860804
47530.316,2.1186562,0.31623542,0.04418353,-0.08959937
48538.19,2.1186562,0.32286787,0.044258907,-0.09051201
49546.066,2.1186562,0.33046573,0.044632327,-0.091368
50553.938,2.1186562,0.33916113,0.045232996,-0.09218682
51561.812,2.1186562,0.34902433,0.045959674,-0.09298443
52569.688,2.1186562,0.36006108,0.04669074,-0.09377245
53577.562,2.1186562,0.372215,0.047295965,-0.09455784
54585.438,2.1186562,0.38537347,0.047649506,-0.09534293
55593.312,2.1186562,0.3993748,0.047642097,-0.096125625
56601.19,2.1186562,0.4140199,0.04719211,-0.09690022
57609.066,2.1186562,0.42908373,0.04625411,-0.09765796
58616.94,2.1186562,0.4443295,0.044824023,-0.09838846
59624.816,2.1186562,0.45952082,0.042941086,-0.09908054
60632.69,2.1186562,0.47443497,0.04068532,-0.09972358
61640.566,2.1186562,0.48887423,0.038171437,-0.100308545
62648.44,2.1186562,0.5026745,0.03553942,-0.10082899
63656.32,2.1186562,0.515712,0.032942362,-0.10128183
64664.195,2.1186562,0.52790725,0.030532455,-0.10166774
65672.07,2.1186562,0.53922594,0.028446743,-0.10199145
66679.945,2.1186562,0.5496758,0.026793675,-0.10226142
67687.82,2.1186562,0.5593032,0.025641792,-0.10248943
68695.695,2.1186562,0.5681844,0.025011646,-0.102689795
69703.57,2.1186562,0.5764169,0.024872456,-0.10287824
70711.445,2.1186562,0.5841096,0.025143255,-0.10307065
71719.32,2.1186562,0.59137225,0.025700038,-0.10328175
72727.195,2.1186562,0.5983048,0.026387347,-0.103523836
73735.08,2.1186562,0.6049897,0.027034603,-0.103805505
74742.95,2.1186562,0.6114845,0.027475066,-0.104130775
75750.83,2.1186562,0.61781913,0.02756632,-0.10449845
76758.7,2.1186562,0.6239933,0.027209543,-0.10490202
77766.58,2.1186562,0.6299803,0.026365388,-0.105330065
78774.45,2.1186562,0.6357325,0.025064182,-0.10576702
79782.33,2.1186562,0.6411887,0.023407921,-0.10619478
80790.2,2.1186562,0.6462857,0.021562647,-0.10659451
81798.08,2.1186562,0.650969,0.019740839,-0.10694867
82805.95,2.1186562,0.65520465,0.0181733,-0.10724353
83813.83,2.1186562,0.6589881,0.01707396,-0.10747109
84821.7,2.1186562,0.6623517,0.016600162,-0.107630976
85829.58,2.1186562,0.6653658,0.016814267,-0.10773133
86837.45,2.1186562,0.6681349,0.017654454,-0.10778871
87845.33,2.1186562,0.6707873,0.018921433,-0.107826546
88853.2,2.1186562,0.67345774,0.020291101,-0.1078725
89861.08,2.1186562,0.6762647,0.021359283,-0.1079536
90868.95,2.1186562,0.67928416,0.021722317,-0.10809077
91876.83,2.1186562,0.6825234,0.021090616,-0.10829245
92884.71,2.1186562,0.68590355,0.019420754,-0.10854878
93892.586,2.1186562,0.6892541,0.017035557,-0.108828455
94900.46,2.1186562,0.69233596,0.014676599,-0.1090806
95908.336,2.1186562,0.69490427,0.013400812,-0.10924592
96916.21,2.1186562,0.69682866,0.014186479,-0.10928247
97924.086,2.1186562,0.6982932,0.017054398,-0.1092132
98931.96,2.1186562,0.7000979,0.019430239,-0.10920449
99939.836,2.1186562,0.7040934,0.013375113,-0.10968798
160.16696,2.7239876,0.17492568,0.29285163,-0.036023438
1168.0425,2.7239876,0.15854298,0.12793742,-0.03402347
2175.918,2.7239876,0.15289623,0.07163223,-0.033983372
3183.7935,2.7239876,0.15108833,0.06299821,-0.034797203
4191.669,2.7239876,0.15048155,0.06948164,-0.035915956
5199.5444,2.7239876,0.15056086,0.07592102,-0.037107013
6207.42,2.7239876,0.1516313,0.07711202,-0.03829865
7215.2954,2.7239876,0.15409327,0.07296564,-0.039484784
8223.171,2.7239876,0.15810263,0.06551316,-0.04067233
9231.046,2.7239876,0.16347577,0.057189155,-0.04185664
10238.922,2.7239876,0.16973259,0.049968183,-0.043014623
11246.798,2.7239876,0.17620727,0.045041703,-0.04410801
12254.673,2.7239876,0.18217865,0.042813722,-0.045091264
13262.548,2.7239876,0.18698883,0.043059845,-0.04592099
14270.424,2.7239876,0.19013567,0.04514865,-0.046563886
15278.3,2.7239876,0.19133034,0.04826151,-0.04700307
16286.175,2.7239876,0.19052093,0.05157628,-0.047241237
17294.049,2.7239876,0.18788576,0.054398958,-0.047301337
18301.924,2.7239876,0.1838026,0.056241576,-0.04722493
19309.8,2.7239876,0.17880055,0.05685074,-0.047068764
20317.676,2.7239876,0.17350344,0.05619786,-0.046899915
21325.55,2.7239876,0.16857049,0.054441825,-0.046790536
22333.428,2.7239876,0.16463828,0.051875606,-0.04681232
23341.303,2.7239876,0.16227241,0.048867084,-0.047031447
24349.178,2.7239876,0.16192771,0.04580217,-0.047504228
25357.053,2.7239876,0.16392136,0.043035645,-0.048273586
26364.928,2.7239876,0.16841847,0.04085414,-0.049366947
27372.805,2.7239876,0.17542967,0.039452508,-0.050794937
28380.68,2.7239876,0.18482056,0.038923506,-0.052551474
29388.555,2.7239876,0.1963293,0.03926015,-0.054614794
30396.432,2.7239876,0.20959206,0.04036762,-0.056949373
31404.307,2.7239876,0.22417319,0.042082757,-0.059508298
32412.182,2.7239876,0.23959659,0.04419808,-0.06223652
33420.06,2.7239876,0.25537923,0.04648666,-0.06507406
34427.934,2.7239876,0.27105972,0.048726685,-0.06795907
35435.81,2.7239876,0.28622654,0.050722294,-0.07083142
36443.684,2.7239876,0.30053848,0.05231989,-0.07363513
37451.562,2.7239876,0.3137411,0.053418707,-0.076320976
38459.438,2.7239876,0.3256753,0.05397535,-0.07884823
39467.312,2.7239876,0.33628136,0.054002684,-0.081186004
40475.188,2.7239876,0.34559476,0.053563368,-0.08331382
41483.062,2.7239876,0.35373902,0.052759297,-0.08522174
42490.938,2.7239876,0.3609113,0.051718354,-0.086909704
43498.812,2.7239876,0.36736652,0.050579548,-0.08838669
44506.69,2.7239876,0.37339824,0.04947819,-0.089669235
45514.566,2.7239876,0.37931857,0.048532367,-0.090779774
46522.44,2.7239876,0.38543797,0.04783176,-0.09174477
47530.316,2.7239876,0.39204696,0.047429644,-0.09259287
48538.19,2.7239876,0.39939907,0.047338746,-0.09335294
49546.066,2.7239876,0.40769726,0.047531042,-0.094052464
50553.938,2.7239876,0.41708416,0.047941454,-0.09471597
51561.812,2.7239876,0.4276362,0.048474878,-0.09536393
52569.688,2.7239876,0.43936077,0.049015995,-0.09601188
53577.562,2.7239876,0.4521994,0.049440864,-0.09667006
54585.438,2.7239876,0.4660331,0.049629427,-0.097343266
55593.312,2.7239876,0.4806911,0.049477316,-0.09803121
56601.19,2.7239876,0.49596292,0.048906773,-0.09872914
57609.066,2.7239876,0.51161104,0.04787482,-0.09942871
58616.94,2.7239876,0.52738595,0.04637853,-0.10011913
59624.816,2.7239876,0.54303974,0.044456687,-0.10078829
60632.69,2.7239876,0.5583397,0.042187564,-0.101424105
61640.566,2.7239876,0.5730807,0.039682854,-0.102015585
62648.44,2.7239876,0.5870945,0.037078544,-0.10255398
63656.32,2.7239876,0.6002563,0.034522954,-0.10303356
64664.195,2.7239876,0.6124893,0.032163303,-0.10345224
65672.07,2.7239876,0.6237645,0.030131621,-0.10381174
66679.945,2.7239876,0.6340984,0.028531756,-0.104117624
67687.82,2.7239876,0.6435472,0.027428314,-0.10437874
68695.695,2.7239876,0.6521991,0.02683894,-0.10460677
69703.57,2.7239876,0.6601637,0.0267311,-0.10481497
70711.445,2.7239876,0.6675617,0.0270233,-0.10501718
71719.32,2.7239876,0.674513,0.02759218,-0.105226636
72727.195,2.7239876,0.6811264,0.028283972,-0.105454534
73735.08,2.7239876,0.68749076,0.028930536,-0.10570905
74742.95,2.7239876,0.69366765,0.029368088,-0.10599444
75750.83,2.7239876,0.6996876,0.029457193,-0.10631043
76758.7,2.7239876,0.70554954,0.02910176,-0.10665192
77766.58,2.7239876,0.7112237,0.02826443,-0.107009515
78774.45,2.7239876,0.71665794,0.026976602,-0.1073701
79782.33,2.7239876,0.7217862,0.02534013,-0.107718244
80790.2,2.7239876,0.7265409,0.02351988,-0.10803769
81798.08,2.7239876,0.7308636,0.021725941,-0.108313486
82805.95,2.7239876,0.7347183,0.02018629,-0.10853384
83813.83,2.7239876,0.73810077,0.019111663,-0.10869214
84821.7,2.7239876,0.741045,0.018656574,-0.10878845
85829.58,2.7239876,0.7436256,0.018881772,-0.10883041
86837.45,2.7239876,0.74595255,0.019725077,-0.10883304
87845.33,2.7239876,0.74816054,0.020988919,-0.10881756
88853.2,2.7239876,0.750391,0.022352764,-0.108808845
89861.08,2.7239876,0.75276834,0.023417398,-0.108831316
90868.95,2.7239876,0.75537306,0.023784477,-0.10890407
91876.83,2.7239876,0.75821674,0.023168713,-0.10903529
92884.71,2.7239876,0.76122266,0.021527894,-0.10921724
93892.586,2.7239876,0.764223,0.019181265,-0.10942347
94900.46,2.7239876,0.7669819,0.016861001,-0.10961033
95908.336,2.7239876,0.76925844,0.015609821,-0.109726764
96916.21,2.7239876,0.7709248,0.016392276,-0.10973613
97924.086,2.7239876,0.7721602,0.01922758,-0.10965681
98931.96,2.7239876,0.77373934,0.021574937,-0.10962896
99939.836,2.7239876,0.7774392,0.015603175,-0.11001747
160.16696,3.329317,0.21109553,0.29327667,-0.03570736
1168.0425,3.329317,0.19793671,0.12991488,-0.033808473
2175.918,3.329317,0.19358385,0.0743243,-0.033806857
3183.7935,3.329317,0.1920911,0.06600794,-0.034709495
4191.669,3.329317,0.1914911,0.0726363,-0.036022037
5199.5444,3.329317,0.19170278,0.079146735,-0.037524574
6207.42,3.329317,0.19327243,0.08036783,-0.039129786
7215.2954,3.329317,0.1966938,0.076214164,-0.040799536
8223.171,3.329317,0.20210864,0.06871225,-0.04250115
9231.046,3.329317,0.20924667,0.060294285,-0.044189807
10238.922,3.329317,0.2174997,0.05293846,-0.045806438
11246.798,3.329317,0.2260564,0.047846563,-0.047284074
12254.673,3.329317,0.23405248,0.04543737,-0.048557296
13262.548,3.329317,0.24070242,0.04550347,-0.049572036
14270.424,3.329317,0.24540207,0.047429986,-0.050293136
15278.3,3.329317,0.24779028,0.05041258,-0.05070945
16286.175,3.329317,0.24777538,0.053639792,-0.050835498
17294.049,3.329317,0.24552664,0.05642401,-0.050710775
18301.924,3.329317,0.24144147,0.05827923,-0.050396014
19309.8,3.329317,0.23609196,0.058950234,-0.04996828
20317.676,3.329317,0.23016408,0.058403227,-0.049514808
21325.55,3.329317,0.22439119,0.056789562,-0.049126334
22333.428,3.329317,0.2194921,0.05439336,-0.048890747
23341.303,3.329317,0.21611601,0.051573124,-0.048887383
24349.178,3.329317,0.21479902,0.04870553,-0.049182065
25357.053,3.329317,0.2159321,0.04613703,-0.049823865
26364.928,3.329317,0.21974471,0.04414711,-0.0508426
27372.805,3.329317,0.2262992,0.042924855,-0.052248184
28380.68,3.329317,0.23549944,0.04255876,-0.054030847
29388.555,3.329317,0.2471078,0.04303889,-0.05616284
30396.432,3.329317,0.2607704,0.044268638,-0.058600765
31404.307,3.329317,0.27604827,0.046084054,-0.06128874
32412.182,3.329317,0.29245064,0.04827727,-0.06416204
33420.06,3.329317,0.3094694,0.050621565,-0.06715089
34427.934,3.329317,0.3266105,0.052895337,-0.07018416
35435.81,3.329317,0.3434237,0.05490285,-0.07319301
36443.684,3.329317,0.35952556,0.056490585,-0.076114126
37451.562,3.329317,0.37461767,0.05755755,-0.07889215
38459.438,3.329317,0.38849783,0.058060102,-0.081481844
39467.312,3.329317,0.40106463,0.0580107,-0.08384937
40475.188,3.329317,0.41231656,0.0574717,-0.08597289
41483.062,3.329317,0.42234334,0.05654502,-0.087842636
42490.938,3.329317,0.4313146,0.05535888,-0.08946004
43498.812,3.329317,0.43946302,0.0540533,-0.09083689
44506.69,3.329317,0.44706577,0.052765206,-0.09199345
45514.566,3.329317,0.45442417,0.051615313,-0.09295664
46522.44,3.329317,0.461843,0.050696447,-0.09375808
47530.316,3.329317,0.46961182,0.05006606,-0.09443174
48538.19,3.329317,0.47798643,0.049741656,-0.09501201
49546.066,3.329317,0.48717564,0.049700554,-0.095531665
50553.938,3.329317,0.49732924,0.049883313,-0.09602031
51561.812,3.329317,0.5085322,0.050200574,-0.09650304
52569.688,3.329317,0.5208014,0.050542578,-0.09699936
53577.562,3.329317,0.53408676,0.050790474,-0.09752286
54585.438,3.329317,0.5482774,0.050828535,-0.09808091
55593.312,3.329317,0.56320924,0.05055575,-0.09867503
56601.19,3.329317,0.57867754,0.049896628,-0.09930141
57609.066,3.329317,0.5944486,0.048809025,-0.099951915
58616.94,3.329317,0.610276,0.047289632,-0.100615196
59624.816,3.329317,0.6259135,0.04537545,-0.101277806
60632.69,3.329317,0.6411298,0.043141775,-0.10192577
61640.566,3.329317,0.65572065,0.04069621,-0.102545574
62648.44,3.329317,0.6695189,0.038169883,-0.10312557
63656.32,3.329317,0.68240154,0.03570574,-0.1036567
64664.195,3.329317,0.6942946,0.03344529,-0.10413331
65672.07,3.329317,0.7051734,0.031515166,-0.1045535
66679.945,3.329317,0.71506,0.030014146,-0.10491915
67687.82,3.329317,0.7240175,0.029002618,-0.10523568
68695.695,3.329317,0.7321428,0.028494895,-0.10551156
69703.57,3.329317,0.7395552,0.028456239,-0.10575723
70711.445,3.329317,0.7463855,0.02880432,-0.1059843
71719.32,3.329317,0.7527645,0.029415958,-0.106204316
72727.195,3.329317,0.7588112,0.030138731,-0.106427625
73735.08,3.329317,0.76462334,0.030806694,-0.10666222
74742.95,3.329317,0.77027,0.0312588,-0.10691299
75750.83,3.329317,0.7757871,0.031358644,-0.10718101
76758.7,3.329317,0.7811761,0.031013003,-0.10746332
77766.58,3.329317,0.7864072,0.030187003,-0.10775307
78774.45,3.329317,0.7914247,0.028913755,-0.108040206
79782.33,3.329317,0.79615724,0.02729594,-0.10831248
80790.2,3.329317,0.800529,0.0254982,-0.10855678
81798.08,3.329317,0.80447274,0.023729611,-0.1087609
82805.95,3.329317,0.807943,0.022216285,-0.10891516
83813.83,3.329317,0.8109267,0.021166807,-0.10901422
84821.7,3.329317,0.8134514,0.020733569,-0.109058395
85829.58,3.329317,0.81558824,0.020975828,-0.10905428
86837.45,3.329317,0.8174477,0.021830918,-0.10901497
87845.33,3.329317,0.8191697,0.023102116,-0.10895879
88853.2,3.329317,0.8209045,0.024471162,-0.10890727
89861.08,3.329317,0.8227891,0.025542205,-0.10888171
90868.95,3.329317,0.8249182,0.02592075,-0.10889904
91876.83,3.329317,0.82731706,0.025324553,-0.10896707
92884.71,3.329317,0.82991844,0.023712523,-0.10908034
93892.586,3.329317,0.8325577,0.021401446,-0.1092176
94900.46,3.329317,0.8349931,0.019116722,-0.10934315
95908.336,3.329317,0.83696824,0.017890714,-0.10941467
96916.21,3.329317,0.8383343,0.018677719,-0.1094013
97924.086,3.329317,0.8392535,0.021495719,-0.10931669
98931.96,3.329317,0.84050745,0.023828927,-0.10927353
99939.836,3.329317,0.84393966,0.017926892,-0.109567046
160.16696,3.9346485,0.24732472,0.29389095,-0.035472553
1168.0425,3.9346485,0.23693995,0.13222337,-0.033625413
2175.918,3.9346485,0.23401165,0.0773981,-0.03375835
3183.7935,3.9346485,0.23329186,0.06940084,-0.034854762
4191.669,3.9346485,0.23320279,0.076160006,-0.036408946
5199.5444,3.9346485,0.23387107,0.08273475,-0.03819253
6207.42,3.9346485,0.23594712,0.083998695,-0.04010833
7215.2954,3.9346485,0.23997173,0.07987345,-0.042105492
8223.171,3.9346485,0.24610244,0.072377756,-0.044136375
9231.046,3.9346485,0.25406677,0.06393438,-0.046140157
10238.922,3.9346485,0.26324028,0.05651694,-0.04804242
11246.798,3.9346485,0.27278727,0.051329017,-0.049762797
12254.673,3.9346485,0.2818098,0.048797347,-0.051225767
13262.548,3.9346485,0.28948286,0.048726745,-0.05237093
14270.424,3.9346485,0.29515848,0.050516736,-0.053161036
15278.3,3.9346485,0.2984308,0.053377345,-0.053586744
16286.175,3.9346485,0.29916617,0.056509778,-0.053668033
17294.049,3.9346485,0.29749757,0.059236374,-0.053452555
18301.924,3.9346485,0.2937945,0.061077558,-0.053011376
19309.8,3.9346485,0.28861353,0.061780754,-0.052432995
20317.676,3.9346485,0.28263825,0.06131148,-0.051816367
21325.55,3.9346485,0.27661353,0.05981725,-0.051263463
22333.428,3.9346485,0.27128428,0.05757594,-0.05087231
23341.303,3.9346485,0.26733783,0.05493799,-0.0507306
24349.178,3.9346485,0.2653594,0.05227104,-0.05091064
25357.053,3.9346485,0.26579723,0.049912035,-0.051465657
26364.928,3.9346485,0.2689423,0.048131153,-0.05242743
27372.805,3.9346485,0.27492,0.047108702,-0.053805616
28380.68,3.9346485,0.283695,0.046925336,-0.0555884
29388.555,3.9346485,0.29508474,0.04756433,-0.05774409
30396.432,3.9346485,0.30878216,0.048923634,-0.060224187
31404.307,3.9346485,0.3243841,0.05083494,-0.062966816
32412.182,3.9346485,0.34142357,0.05308737,-0.06590062
33420.06,3.9346485,0.3594023,0.055452168,-0.06894922
34427.934,3.9346485,0.37782255,0.057706878,-0.07203501
35435.81,3.9346485,0.39621714,0.059655715,-0.0750833
36443.684,3.9346485,0.41417348,0.061145853,-0.07802572
37451.562,3.9346485,0.4313534,0.062077876,-0.08080285
38459.438,3.9346485,0.44750673,0.062410247,-0.08336655
39467.312,3.9346485,0.46247783,0.0621581,-0.085681275
40475.188,3.9346485,0.47620782,0.061387062,-0.087724745
41483.062,3.9346485,0.488728,0.060202803,-0.08948788
42490.938,3.9346485,0.50015146,0.058737785,-0.09097402
43498.812,3.9346485,0.5106581,0.057136595,-0.09219758
44506.69,3.9346485,0.5204784,0.05554142,-0.0931825
45514.566,3.9346485,0.5298742,0.054078184,-0.09395993
46522.44,3.9346485,0.5391193,0.05284556,-0.09456603
47530.316,3.9346485,0.5484813,0.051906712,-0.09503968
48538.19,3.9346485,0.55820304,0.051285,-0.095420234
49546.066,3.9346485,0.56848955,0.05096338,-0.09574527
50553.938,3.9346485,0.5794947,0.05088781,-0.09604891
51561.812,3.9346485,0.5913146,0.050973795,-0.09636034
52569.688,3.9346485,0.60398257,0.0511158,-0.09670268
53577.562,3.9346485,0.6174691,0.051198386,-0.097092435
54585.438,3.9346485,0.63168687,0.05110819,-0.09753917
55593.312,3.9346485,0.6464962,0.050745614,-0.09804589
56601.19,3.9346485,0.6617161,0.05003522,-0.09860956
57609.066,3.9346485,0.6771358,0.048933998,-0.099221915
58616.94,3.9346485,0.69252867,0.04743631,-0.09987074
59624.816,3.9346485,0.70766556,0.045575988,-0.10054118
60632.69,3.9346485,0.7223286,0.043424103,-0.101216964
61640.566,3.9346485,0.736324,0.041083343,-0.10188192
62648.44,3.9346485,0.7494917,0.0386793,-0.10252108
63656.32,3.9346485,0.76171345,0.036349185,-0.10312183
64664.195,3.9346485,0.772918,0.034228735,-0.103674635
65672.07,3.9346485,0.7830825,0.032439042,-0.10417367
66679.945,3.9346485,0.79223084,0.03107388,-0.10461682
67687.82,3.9346485,0.8004287,0.030189414,-0.10500573
68695.695,3.9346485,0.80777645,0.029796667,-0.10534538
69703.57,3.9346485,0.81439906,0.029858608,-0.105643176
70711.445,3.9346485,0.8204346,0.030291729,-0.10590834
71719.32,3.9346485,0.8260228,0.030972857,-0.106150664
72727.195,3.9346485,0.83129346,0.031750448,-0.10637952
73735.08,3.9346485,0.8363555,0.032460332,-0.10660294
74742.95,3.9346485,0.8412882,0.032943856,-0.106826514
75750.83,3.9346485,0.84613746,0.03306735,-0.10705296
76758.7,3.9346485,0.8509115,0.032740377,-0.10728173
77766.58,3.9346485,0.8555838,0.03193071,-0.10750904
78774.45,3.9346485,0.8600981,0.03067355,-0.10772823
79782.33,3.9346485,0.8643781,0.02907316,-0.10793067
80790.2,3.9346485,0.8683381,0.027294984,-0.108106785
81798.08,3.9346485,0.8718977,0.025548097,-0.10824745
82805.95,3.9346485,0.8749955,0.024057994,-0.10834533
83813.83,3.9346485,0.87760186,0.023032319,-0.10839644
84821.7,3.9346485,0.8797294,0.022622216,-0.10840116
85829.58,3.9346485,0.8814377,0.022885893,-0.10836492
86837.45,3.9346485,0.88283163,0.023760092,-0.10829834
87845.33,3.9346485,0.8840528,0.025048299,-0.10821633
88853.2,3.9346485,0.88526165,0.026433164,-0.1081364
89861.08,3.9346485,0.88661283,0.027520511,-0.10807607
90868.95,3.9346485,0.888223,0.027917944,-0.10804948
91876.83,3.9346485,0.8901399,0.027344935,-0.108063795
92884.71,3.9346485,0.89231443,0.025760973,-0.10811566
93892.586,3.9346485,0.8945868,0.023481444,-0.10818946
94900.46,3.9346485,0.89670366,0.021227704,-0.10825815
95908.336,3.9346485,0.89837706,0.020026054,-0.1082892
96916.21,3.9346485,0.8994161,0.02082467,-0.10825841
97924.086,3.9346485,0.8999518,0.023641085,-0.10817491
98931.96,3.9346485,0.90079635,0.025975354,-0.10812217
99939.836,3.9346485,0.90397453,0.020127984,-0.108320154
160.16696,4.539978,0.28348425,0.29470867,-0.035337247
1168.0425,4.539978,0.27514187,0.13483948,-0.033486385
2175.918,4.539978,0.2735519,0.08082163,-0.03384626
3183.7935,4.539978,0.27391744,0.07314343,-0.035237234
4191.669,4.539978,0.2747602,0.080016255,-0.03707569
5199.5444,4.539978,0.27617294,0.08664232,-0.039104357
6207.42,4.539978,0.2787569,0.08795439,-0.04122244
7215.2954,4.539978,0.2830392,0.08388681,-0.043386504
8223.171,4.539978,0.2892117,0.07644972,-0.0455588
9231.046,4.539978,0.29707468,0.06805087,-0.04768681
10238.922,4.539978,0.30609754,0.060650937,-0.04970119
11246.798,4.539978,0.3155384,0.055446304,-0.05152345
12254.673,4.539978,0.3245773,0.052863825,-0.053077426
13262.548,4.539978,0.33244056,0.05271422,-0.054300684
14270.424,4.539978,0.3384989,0.054407626,-0.055153497
15278.3,4.539978,0.34233308,0.057167165,-0.0556245
16286.175,4.539978,0.34376812,0.06020783,-0.055732526
17294.049,4.539978,0.34287548,0.062864706,-0.055525407
18301.924,4.539978,0.3399522,0.06466874,-0.055075597
19309.8,4.539978,0.33548072,0.06537473,-0.054474074
20317.676,4.539978,0.3300773,0.06495215,-0.053823143
21325.55,4.539978,0.32443485,0.06354882,-0.05322848
22333.428,4.539978,0.3192652,0.061439488,-0.05279184
23341.303,4.539978,0.31524676,0.058968667,-0.052604415
24349.178,4.539978,0.31297907,0.056495596,-0.05274137
25357.053,4.539978,0.31294727,0.05434718,-0.053257838
26364.928,4.539978,0.31549928,0.05278244,-0.054186612
27372.805,4.539978,0.3208323,0.05197027,-0.055537306
28380.68,4.539978,0.32899213,0.051980026,-0.05729702
29388.555,4.539978,0.339881,0.052784562,-0.059432264
30396.432,4.539978,0.35327506,0.05427248,-0.061891846
31404.307,4.539978,0.36884564,0.056267783,-0.06461085
32412.182,4.539978,0.3861882,0.058553513,-0.06751462
33420.06,4.539978,0.40484944,0.060896933,-0.07052333
34427.934,4.539978,0.42435905,0.06307328,-0.073556274
35435.81,4.539978,0.4442552,0.06488657,-0.07653603
36443.684,4.539978,0.46411094,0.066185564,-0.07939198
37451.562,4.539978,0.4835544,0.06687403,-0.08206332
38459.438,4.539978,0.50228345,0.06691516,-0.08450116
39467.312,4.539978,0.52007765,0.06633004,-0.08667012
40475.188,4.539978,0.5368015,0.06519127,-0.088548884
41483.062,4.539978,0.5524038,0.06361225,-0.09013006
42490.938,4.539978,0.56691307,0.0617337,-0.0914194
43498.812,4.539978,0.5804263,0.05970885,-0.092434354
44506.69,4.539978,0.59309655,0.05768831,-0.09320234
45514.566,4.539978,0.6051181,0.055806503,-0.09375831
46522.44,4.539978,0.61670756,0.054169998,-0.09414242
47530.316,4.539978,0.62808996,0.052849308,-0.09439765
48538.19,4.539978,0.63948005,0.051874496,-0.09456726
49546.066,4.539978,0.65106845,0.051234175,-0.09469266
50553.938,4.539978,0.6630097,0.050878994,-0.09481141
51561.812,4.539978,0.6754132,0.05072803,-0.094955735
52569.688,4.539978,0.6883362,0.05067817,-0.095151305
53577.562,4.539978,0.7017827,0.050615247,-0.095416665
54585.438,4.539978,0.7157041,0.05042588,-0.09576281
55593.312,4.539978,0.7300028,0.050009344,-0.0961935
56601.19,4.539978,0.7445417,0.049288034,-0.0967059
57609.066,4.539978,0.7591512,0.048215732,-0.09729132
58616.94,4.539978,0.7736427,0.046782833,-0.097936444
59624.816,4.539978,0.78782004,0.04501836,-0.09862481
60632.69,4.539978,0.80149174,0.04298813,-0.0993379
61640.566,4.539978,0.8144839,0.040789194,-0.10005693
62648.44,4.539978,0.82664984,0.038541388,-0.10076381
63656.32,4.539978,0.83787847,0.03637621,-0.10144249
64664.195,4.539978,0.8481013,0.03442389,-0.102079794
65672.07,4.539978,0.85729384,0.03280051,-0.10266602
66679.945,4.539978,0.8654768,0.03159537,-0.103195265
67687.82,4.539978,0.8727126,0.030860873,-0.10366544
68695.695,4.539978,0.8790986,0.03060517,-0.10407802
69703.57,4.539978,0.8847596,0.030789156,-0.10443744
70711.445,4.539978,0.8898363,0.031328253,-0.10475034
71719.32,4.539978,0.89447504,0.03209895,-0.10502462
72727.195,4.539978,0.8988143,0.0329503,-0.10526864
73735.08,4.539978,0.90297526,0.033719342,-0.10549012
74742.95,4.539978,0.907051,0.034249216,-0.105695404
75750.83,4.539978,0.9111005,0.034408435,-0.105888724
76758.7,4.539978,0.9151433,0.034108967,-0.106071986
77766.58,4.539978,0.9191617,0.03332088,-0.10624456
78774.45,4.539978,0.923102,0.03208177,-0.10640339
79782.33,4.539978,0.926885,0.030497756,-0.106543735
80790.2,4.539978,0.93041563,0.028735826,-0.10665985
81798.08,4.539978,0.93359727,0.027006254,-0.106746055
82805.95,4.539978,0.9363483,0.025535043,-0.10679769
83813.83,4.539978,0.93861604,0.02453003,-0.10681235
84821.7,4.539978,0.94038945,0.02414225,-0.106790654
85829.58,4.539978,0.94170874,0.024429478,-0.10673675
86837.45,4.539978,0.9426661,0.025328076,-0.10665851
87845.33,4.539978,0.94340086,0.026641078,-0.10656686
88853.2,4.539978,0.9440819,0.028051022,-0.106474616
89861.08,4.539978,0.9448836,0.029163819,-0.106394686
90868.95,4.539978,0.94595146,0.029587064,-0.106337614
91876.83,4.539978,0.9473638,0.029040506,-0.10630922
92884.71,4.539978,0.94909716,0.02748355,-0.10630809
93892.586,4.539978,0.95100147,0.025230879,-0.10632442
94900.46,4.539978,0.95280886,0.023002602,-0.106340736
95908.336,4.539978,0.9541897,0.021823108,-0.10633574
96916.21,4.539978,0.9548928,0.022639036,-0.106293425
97924.086,4.539978,0.9550034,0.025468655,-0.1062189
98931.96,4.539978,0.95537484,0.027818989,-0.106164016
99939.836,4.539978,0.9582948,0.022010835,-0.106265135
160.16696,5.1453094,0.31941864,0.29574713,-0.035314813
1168.0425,5.1453094,0.31221238,0.13774082,-0.03341065
2175.918,5.1453094,0.31168854,0.08456474,-0.034083113
3183.7935,5.1453094,0.31329098,0.07720633,-0.03585877
4191.669,5.1453094,0.31537238,0.08417508,-0.038015075
5199.5444,5.1453094,0.31775725,0.090835065,-0.040248275
6207.42,5.1453094,0.32084107,0.09219296,-0.04246149
7215.2954,5.1453094,0.32506755,0.08820422,-0.044638243
8223.171,5.1453094,0.3306691,0.08087169,-0.046774372
9231.046,5.1453094,0.33758208,0.07258409,-0.048848223
10238.922,5.1453094,0.345466,0.065281495,-0.05081427
11246.798,5.1453094,0.35378233,0.060144536,-0.05260965
12254.673,5.1453094,0.361894,0.05759105,-0.054165967
13262.548,5.1453094,0.36916497,0.057430696,-0.05542231
14270.424,5.1453094,0.37504548,0.059079133,-0.056335963
15278.3,5.1453094,0.37913576,0.061770186,-0.05688974
16286.175,5.1453094,0.38122296,0.06473249,-0.057095397
17294.049,5.1453094,0.38129604,0.06731589,-0.056993347
18301.924,5.1453094,0.37953916,0.06906539,-0.056649346
19309.8,5.1453094,0.37630644,0.0697476,-0.056148704
20317.676,5.1453094,0.3720866,0.06934043,-0.055589113
21325.55,5.1453094,0.36745906,0.06799643,-0.05507303
22333.428,5.1453094,0.3630469,0.06599088,-0.05469995
23341.303,5.1453094,0.35947242,0.06366473,-0.05455963
24349.178,5.1453094,0.3573144,0.061370045,-0.054726385
25357.053,5.1453094,0.35707456,0.05942369,-0.05525488
26364.928,5.1453094,0.35915005,0.058072206,-0.05617761
27372.805,5.1453094,0.363816,0.057470724,-0.05750387
28380.68,5.1453094,0.3712174,0.057674456,-0.05922043
29388.555,5.1453094,0.38136804,0.05864224,-0.061293382
30396.432,5.1453094,0.39415938,0.060249902,-0.06367119
31404.307,5.1453094,0.40937373,0.062310327,-0.0662884
32412.182,5.1453094,0.42670554,0.0645978,-0.069070145
33420.06,5.1453094,0.4457809,0.06687337,-0.071936525
34427.934,5.1453094,0.46618563,0.06890892,-0.07480703
35435.81,5.1453094,0.4874863,0.070508026,-0.07760491
36443.684,5.1453094,0.50925714,0.07152178,-0.08026058
37451.562,5.1453094,0.5310981,0.07185896,-0.08271471
38459.438,5.1453094,0.5526549,0.071490005,-0.08492048
39467.312,5.1453094,0.57363206,0.07044527,-0.086844884
40475.188,5.1453094,0.593801,0.068808064,-0.088469476
41483.062,5.1453094,0.6130071,0.06670348,-0.08978997
42490.938,5.1453094,0.6311678,0.06428459,-0.090815485
43498.812,5.1453094,0.64826965,0.061716884,-0.091566965
44506.69,5.1453094,0.66436064,0.059162922,-0.09207525
45514.566,5.1453094,0.6795394,0.056768313,-0.09237872
46522.44,5.1453094,0.6939428,0.05464962,-0.09252077
47530.316,5.1453094,0.70773256,0.052886143,-0.092547335
48538.19,5.1453094,0.72108,0.05151487,-0.09250427
49546.066,5.1453094,0.73415273,0.050529893,-0.092435285
50553.938,5.1453094,0.7471023,0.04988547,-0.09237975
51561.812,5.1453094,0.7600534,0.049502548,-0.09237132
52569.688,5.1453094,0.7730947,0.049278244,-0.09243671
53577.562,5.1453094,0.78627485,0.049096964,-0.09259494
54585.438,5.1453094,0.79959935,0.048842743,-0.09285724
55593.312,5.1453094,0.81303096,0.04841097,-0.09322714
56601.19,5.1453094,0.82649374,0.04771936,-0.09370116
57609.066,5.1453094,0.8398787,0.0467161,-0.09426966
58616.94,5.1453094,0.85305274,0.045385785,-0.09491809
59624.816,5.1453094,0.86586773,0.043751292,-0.09562829
60632.69,5.1453094,0.87817174,0.041872263,-0.0963799
61640.566,5.1453094,0.8898197,0.039839737,-0.09715187
62648.44,5.1453094,0.9006838,0.037767917,-0.097923614
63656.32,5.1453094,0.910663,0.035783075,-0.09867636
64664.195,5.1453094,0.9196891,0.03401079,-0.09939391
65672.07,5.1453094,0.9277336,0.032563064,-0.10006349
66679.945,5.1453094,0.9348074,0.031525854,-0.10067598
67687.82,5.1453094,0.94096255,0.030948797,-0.10122603
68695.695,5.1453094,0.9462858,0.03083794,-0.10171204
69703.57,5.1453094,0.95089465,0.031152816,-0.10213548
70711.445,5.1453094,0.95492595,0.031807892,-0.10250043
71719.32,5.1453094,0.95852786,0.032679405,-0.102812864
72727.195,5.1453094,0.961846,0.033616558,-0.10307971
73735.08,5.1453094,0.9650137,0.034457073,-0.10330807
74742.95,5.1453094,0.96813893,0.03504504,-0.10350453
75750.83,5.1453094,0.97129756,0.03525032,-0.10367457
76758.7,5.1453094,0.9745264,0.03498649,-0.1038221
77766.58,5.1453094,0.97781986,0.03422547,-0.103949346
78774.45,5.1453094,0.98113376,0.033006728,-0.1040569
79782.33,5.1453094,0.9843886,0.03143851,-0.104143955
80790.2,5.1453094,0.9874822,0.029689766,-0.10420882
81798.08,5.1453094,0.99030226,0.027972633,-0.104249574
82805.95,5.1453094,0.9927432,0.026514877,-0.10426473
83813.83,5.1453094,0.9947241,0.025525719,-0.10425383
84821.7,5.1453094,0.99620426,0.025157139,-0.10421801
85829.58,5.1453094,0.99719626,0.025467426,-0.10416037
86837.45,5.1453094,0.99777263,0.026392926,-0.10408586
87845.33,5.1453094,0.9980637,0.027736042,-0.10400103
88853.2,5.1453094,0.99824363,0.029178206,-0.10391328
89861.08,5.1453094,0.998507,0.030323781,-0.10382991
90868.95,5.1453094,0.9990311,0.030778855,-0.10375698
91876.83,5.1453094,0.99993163,0.030261556,-0.10369791
92884.71,5.1453094,1.0012181,0.028730247,-0.10365272
93892.586,5.1453094,1.002757,0.026499543,-0.10361769
94900.46,5.1453094,1.0042679,0.024290487,-0.10358578
95908.336,5.1453094,1.0053742,0.023129672,-0.10354883
96916.21,5.1453094,1.0057515,0.023966601,-0.10350097
97924.086,5.1453094,1.0054255,0.026821923,-0.10344437
98931.96,5.1453094,1.0052872,0.029201843,-0.103396386
99939.836,5.1453094,1.0079253,0.023418631,-0.10339831
160.16696,5.750641,0.35494706,0.2970255,-0.03541299
1168.0425,5.750641,0.34790954,0.14090762,-0.033424295
2175.918,5.750641,0.34803557,0.0886003,-0.034486197
3183.7935,5.750641,0.35086355,0.081565,-0.036720086
4191.669,5.750641,0.35435337,0.088613845,-0.03921515
5199.5444,5.750641,0.35785693,0.09528793,-0.04160907
6207.42,5.750641,0.36141884,0.096682884,-0.043817494
7215.2954,5.750641,0.36532658,0.09278521,-0.04586916
8223.171,5.750641,0.36984825,0.085594065,-0.04781422
9231.046,5.750641,0.37510157,0.07747706,-0.04968115
10238.922,5.750641,0.38101423,0.0703476,-0.05146387
11246.798,5.750641,0.38734302,0.06536199,-0.053126056
12254.673,5.750641,0.3937223,0.06292045,-0.05461369
13262.548,5.750641,0.39973065,0.06282376,-0.055869855
14270.424,5.750641,0.4049526,0.064487286,-0.05684796
15278.3,5.750641,0.4090377,0.06715191,-0.057521526
16286.175,5.750641,0.411742,0.07005893,-0.057890058
17294.049,5.750641,0.41295606,0.07257402,-0.057980333
18301.924,5.750641,0.41271728,0.074258745,-0.057844482
19309.8,5.750641,0.41120553,0.074895486,-0.05755528
20317.676,5.750641,0.4087297,0.074475035,-0.057199344
21325.55,5.750641,0.4057015,0.07315865,-0.056869887
22333.428,5.750641,0.40260625,0.07122588,-0.05665891
23341.303,5.750641,0.3999668,0.069016814,-0.05665038
24349.178,5.750641,0.39830983,0.06687815,-0.056914393
25357.053,5.750641,0.39813188,0.06511682,-0.057502616
26364.928,5.750641,0.3998718,0.06396647,-0.058445685
27372.805,5.750641,0.40388572,0.0635666,-0.059752014
28380.68,5.750641,0.41043112,0.063955784,-0.061408155
29388.555,5.750641,0.41965508,0.06507598,-0.06338079
30396.432,5.750641,0.43159288,0.06678715,-0.06561954
31404.307,5.750641,0.44616917,0.06888815,-0.068060815
32412.182,5.750641,0.46320778,0.07114196,-0.07063209
33420.06,5.750641,0.48244613,0.073301524,-0.073256396
34427.934,5.750641,0.5035505,0.07513439,-0.07585675
35435.81,5.750641,0.5261388,0.07644352,-0.07836031
36443.684,5.750641,0.5497994,0.077083215,-0.08070197
37451.562,5.750641,0.5741131,0.076968886,-0.08282714
38459.438,5.750641,0.5986723,0.076080784,-0.08469395
39467.312,5.750641,0.62309957,0.07446152,-0.08627457
40475.188,5.750641,0.6470613,0.07220874,-0.08755552
41483.062,5.750641,0.6702805,0.069462955,-0.08853748
42490.938,5.750641,0.6925428,0.06639317,-0.08923411
43498.812,5.750641,0.71370035,0.06318071,-0.08967054
44506.69,5.750641,0.7336721,0.060003117,-0.089881234
45514.566,5.750641,0.7524383,0.05701951,-0.0899075
46522.44,5.750641,0.77003455,0.054358333,-0.0897951
47530.316,5.750641,0.7865423,0.052108303,-0.08959155
48538.19,5.750641,0.8020766,0.050313696,-0.08934374
49546.066,5.750641,0.81677365,0.048973188,-0.08909563
50553.938,5.750641,0.83077884,0.048043206,-0.08888642
51561.812,5.750641,0.84423393,0.047444522,-0.08874904
52569.688,5.750641,0.857266,0.047071945,-0.0887091
53577.562,5.750641,0.86997855,0.046805825,-0.08878434
54585.438,5.750641,0.8824452,0.04652447,-0.08898441
55593.312,5.750641,0.89470404,0.046116695,-0.08931129
56601.19,5.750641,0.9067581,0.04549273,-0.08975986
57609.066,5.750641,0.91857564,0.044593167,-0.09031895
58616.94,5.750641,0.9300947,0.043394864,-0.090972506
59624.816,5.750641,0.9412293,0.04191338,-0.091700904
60632.69,5.750641,0.9518779,0.040201608,-0.09248243
61640.566,5.750641,0.96193266,0.038344637,-0.09329461
62648.44,5.750641,0.97129,0.036451478,-0.09411547
63656.32,5.750641,0.9798592,0.034644164,-0.09492465
64664.195,5.750641,0.9875721,0.033044998,-0.09570429
65672.07,5.750641,0.99439,0.03176341,-0.096439674
66679.945,5.750641,1.0003086,0.030883513,-0.09711957
67687.82,5.750641,1.0053605,0.030453723,-0.09773636
68695.695,5.750641,1.0096139,0.030479275,-0.09828591
69703.57,5.750641,1.01317,0.030919181,-0.09876729
70711.445,5.750641,1.0161557,0.03168763,-0.09918211
71719.32,5.750641,1.0187145,0.03266067,-0.0995341
72727.195,5.750641,1.0209954,0.033687368,-0.0998284
73735.08,5.750641,1.0231421,0.03460541,-0.100070894
74742.95,5.750641,1.0252795,0.035258967,-0.10026773
75750.83,5.750641,1.0275036,0.035518132,-0.10042477
76758.7,5.750641,1.0298718,0.035296965,-0.10054726
77766.58,5.750641,1.0323988,0.034568306,-0.10063978
78774.45,5.750641,1.0350535,0.03337279,-0.10070601
79782.33,5.750641,1.0377632,0.031820368,-0.10074901
80790.2,5.750641,1.0404217,0.030082114,-0.1007713
81798.08,5.750641,1.0429028,0.028372582,-0.100774996
82805.95,5.750641,1.0450777,0.02692215,-0.10076225
83813.83,5.750641,1.0468336,0.025942475,-0.10073513
84821.7,5.750641,1.048095,0.02558779,-0.100695916
85829.58,5.750641,1.0488403,0.025917837,-0.10064691
86837.45,5.750641,1.0491142,0.026869537,-0.10059025
87845.33,5.750641,1.0490308,0.02824482,-0.10052786
88853.2,5.750641,1.0487652,0.029723383,-0.10046109
89861.08,5.750641,1.048528,0.030906897,-0.10039061
90868.95,5.750641,1.0485296,0.031398166,-0.10031662
91876.83,5.750641,1.0489277,0.030912172,-0.10023923
92884.71,5.750641,1.049771,0.02940517,-0.100159064
93892.586,5.750641,1.0509509,0.02719161,-0.10007839
94900.46,5.750641,1.0521803,0.02499532,-0.10000187
95908.336,5.750641,1.053038,0.023848426,-0.09993641
96916.21,5.750641,1.0531207,0.024707546,-0.09988894
97924.086,5.750641,1.0523793,0.027597615,-0.09985984
98931.96,5.750641,1.0517254,0.030018056,-0.09982882
99939.836,5.750641,1.0540388,0.02424765,-0.099728644
160.16696,6.3559704,0.38986665,0.29856294,-0.035633206
1168.0425,6.3559704,0.38208145,0.144323,-0.0335594
2175.918,6.3559704,0.38234934,0.09290501,-0.035077207
3183.7935,6.3559704,0.38623664,0.08619999,-0.037821796
4191.669,6.3559704,0.3911568,0.09331718,-0.040661294
5199.5444,6.3559704,0.39583045,0.09998548,-0.043170244
6207.42,6.3559704,0.3998305,0.10140372,-0.04528672
7215.2954,6.3559704,0.40322137,0.097600564,-0.047100596
8223.171,6.3559704,0.40629083,0.09057702,-0.048732925
9231.046,6.3559704,0.40936393,0.08267942,-0.05027689
10238.922,6.3559704,0.41268992,0.07579004,-0.051776867
11246.798,6.3559704,0.41638708,0.07103359,-0.05323053
12254.673,6.3559704,0.42043042,0.06878464,-0.054602176
13262.548,6.3559704,0.42467096,0.06882724,-0.055839907
14270.424,6.3559704,0.42887306,0.070570126,-0.056891933
15278.3,6.3559704,0.4327616,0.07325715,-0.057719704
16286.175,6.3559704,0.4360683,0.0761401,-0.05830624
17294.049,6.3559704,0.43857557,0.07860047,-0.058660038
18301.924,6.3559704,0.44014874,0.080218405,-0.058814682
19309.8,6.3559704,0.4407602,0.0807948,-0.058825366
20317.676,6.3559704,0.44049665,0.08033696,-0.058762923
21325.55,6.3559704,0.43956175,0.07901888,-0.058706764
22333.428,6.3559704,0.43826076,0.077127665,-0.058737494
23341.303,6.3559704,0.4369831,0.07500551,-0.0589298
24349.178,6.3559704,0.43617553,0.072995365,-0.059346598
25357.053,6.3559704,0.43631142,0.07139542,-0.060034327
26364.928,6.3559704,0.43786237,0.07042591,-0.061020136
27372.805,6.3559704,0.44126576,0.070209995,-0.062310487
28380.68,6.3559704,0.4469003,0.07076758,-0.06389147
29388.555,6.3559704,0.4550628,0.07202167,-0.06573067
30396.432,6.3559704,0.46595198,0.07381387,-0.067779824
31404.307,6.3559704,0.47965887,0.07592665,-0.06997874
32412.182,6.3559704,0.49616304,0.07810971,-0.07225929
33420.06,6.3559704,0.51533526,0.08010645,-0.07455008
34427.934,6.3559704,0.5369465,0.081679225,-0.07678045
35435.81,6.3559704,0.5606819,0.08263046,-0.07888472
36443.684,6.3559704,0.5861576,0.08281832,-0.080805406
37451.562,6.3559704,0.612942,0.08216654,-0.082495935
38459.438,6.3559704,0.64057666,0.0806673,-0.08392259
39467.312,6.3559704,0.6685982,0.078378364,-0.085065424
40475.188,6.3559704,0.69655925,0.07541461,-0.08591852
41483.062,6.3559704,0.72404796,0.07193531,-0.08648948
42490.938,6.3559704,0.7507024,0.06812857,-0.08679798
43498.812,6.3559704,0.7762228,0.06419443,-0.086874165
44506.69,6.3559704,0.80038023,0.06032788,-0.08675633
45514.566,6.3559704,0.82301974,0.056703493,-0.086488396
46522.44,6.3559704,0.8440593,0.05346258,-0.0861175
47530.316,6.3559704,0.86348665,0.050703883,-0.08569135
48538.19,6.3559704,0.88135016,0.04847841,-0.08525581
49546.066,6.3559704,0.89774877,0.046788454,-0.08485297
50553.938,6.3559704,0.91281915,0.04559078,-0.08451939
51561.812,6.3559704,0.92672205,0.044803698,-0.084284775
52569.688,6.3559704,0.9396282,0.044317033,-0.08417114
53577.562,6.3559704,0.951705,0.044004086,-0.08419259
54585.438,6.3559704,0.96310484,0.04373464,-0.08435529
55593.312,6.3559704,0.97395486,0.04338798,-0.084657975
56601.19,6.3559704,0.9843508,0.042864446,-0.085092716
57609.066,6.3559704,0.9943516,0.042094905,-0.08564612
58616.94,6.3559704,1.0039799,0.041047007,-0.086300425
59624.816,6.3559704,1.0132232,0.039728083,-0.08703494
60632.69,6.3559704,1.0220395,0.038184006,-0.08782738
61640.566,6.3559704,1.030365,0.036494266,-0.08865497
62648.44,6.3559704,1.0381227,0.034763735,-0.08949585
63656.32,6.3559704,1.0452335,0.033111624,-0.09032976
64664.195,6.3559704,1.0516258,0.031658653,-0.09113889
65672.07,6.3559704,1.0572466,0.030513704,-0.091908365
66679.945,6.3559704,1.0620686,0.029761162,-0.0926264
67687.82,6.3559704,1.0660965,0.02945002,-0.09328439
68695.695,6.3559704,1.0693713,0.029586416,-0.09387681
69703.57,6.3559704,1.0719689,0.030130118,-0.09440075
70711.445,6.3559704,1.073997,0.0309958,-0.09485569
71719.32,6.3559704,1.0755887,0.032059614,-0.09524295
72727.195,6.3559704,1.076892,0.03317034,-0.095565364
73735.08,6.3559704,1.0780586,0.034164872,-0.095826775
74742.95,6.3559704,1.07923,0.034886487,-0.096031874
75750.83,6.3559704,1.0805249,0.03520416,-0.0961858
76758.7,6.3559704,1.0820267,0.035031114,-0.09629411
77766.58,6.3559704,1.0837749,0.034339637,-0.096362725
78774.45,6.3559704,1.0857593,0.033170585,-0.096397854
79782.33,6.3559704,1.0879202,0.03163476,-0.09640597
80790.2,6.3559704,1.0901539,0.029905079,-0.096393675
81798.08,6.3559704,1.092324,0.028198663,-0.09636751
82805.95,6.3559704,1.0942804,0.026749041,-0.09633368
83813.83,6.3559704,1.0958782,0.02577138,-0.096297555
84821.7,6.3559704,1.0970039,0.02542315,-0.096263185
85829.58,6.3559704,1.0975959,0.025766755,-0.0962327
86837.45,6.3559704,1.0976645,0.026740616,-0.09620581
87845.33,6.3559704,1.0973,0.02814645,-0.096179634
88853.2,6.3559704,1.0966694,0.029662125,-0.09614885
89861.08,6.3559704,1.0959955,0.030885836,-0.096106574
90868.95,6.3559704,1.0955187,0.03141577,-0.09604588
91876.83,6.3559704,1.0954398,0.030962233,-0.09596209
92884.71,6.3559704,1.0958536,0.029478107,-0.09585568
93892.586,6.3559704,1.0966847,0.02727732,-0.09573471
94900.46,6.3559704,1.0976511,0.02508745,-0.09561654
95908.336,6.3559704,1.0982938,0.023948755,-0.09552535
96916.21,6.3559704,1.0981324,0.024828358,-0.09548363
97924.086,6.3559704,1.0970308,0.027757846,-0.09549165
98931.96,6.3559704,1.0958883,0.030225936,-0.09548825
99939.836,6.3559704,1.0978197,0.024459569,-0.0952829
160.16696,6.961302,0.423959,0.30037692,-0.0359707
1168.0425,6.961302,0.41466275,0.14797401,-0.033852477
2175.918,6.961302,0.41452944,0.09745991,-0.035881888
3183.7935,6.961302,0.41917595,0.09109672,-0.039165385
4191.669,6.961302,0.42539874,0.098276295,-0.04233818
5199.5444,6.961302,0.4311908,0.1049213,-0.044916056
6207.42,6.961302,0.43556923,0.10634632,-0.04687078
7215.2954,6.961302,0.43831888,0.10263342,-0.048366077
8223.171,6.961302,0.4397235,0.09579251,-0.04960534
9231.046,6.961302,0.44031957,0.08815027,-0.05075499
10238.922,6.961302,0.44070408,0.08155534,-0.05191573
11246.798,6.961302,0.44139376,0.0770953,-0.053122368
12254.673,6.961302,0.44274443,0.07511195,-0.054358345
13262.548,6.961302,0.4449189,0.075365566,-0.05557624
14270.424,6.961302,0.44789028,0.07725206,-0.05671743
15278.3,6.961302,0.4514779,0.080013454,-0.05772882
16286.175,6.961302,0.4553977,0.08290936,-0.058574457
17294.049,6.961302,0.45931882,0.08533618,-0.05924166
18301.924,6.961302,0.46292266,0.08689334,-0.059742786
19309.8,6.961302,0.46595022,0.087402254,-0.060112637
20317.676,6.961302,0.46824288,0.086889505,-0.06040361
21325.55,6.961302,0.4697652,0.08554491,-0.060678832
22333.428,6.961302,0.47061697,0.083666205,-0.061004963
23341.303,6.961302,0.4710287,0.08160031,-0.06144518
24349.178,6.961302,0.4713463,0.07968847,-0.06205303
25357.053,6.961302,0.472006,0.078221194,-0.06286788
26364.928,6.961302,0.47350234,0.0774059,-0.06391165
27372.805,6.961302,0.4763524,0.07734883,-0.06518769
28380.68,6.961302,0.4810595,0.07805053,-0.06668087
29388.555,6.961302,0.488078,0.07941349,-0.06835928
30396.432,6.961302,0.49778348,0.08125941,-0.07017712
31404.307,6.961302,0.5104476,0.08335291,-0.07207831
32412.182,6.961302,0.5262221,0.08542892,-0.07400061
33420.06,6.961302,0.5451282,0.08722045,-0.07587996
34427.934,6.961302,0.5670557,0.08848413,-0.07765443
35435.81,6.961302,0.591771,0.08902198,-0.07926811
36443.684,6.961302,0.61892873,0.08869686,-0.08067419
37451.562,6.961302,0.64809144,0.08744209,-0.08183712
38459.438,6.961302,0.67875254,0.085263684,-0.08273432
39467.312,6.961302,0.7103631,0.08223671,-0.08335659
40475.188,6.961302,0.74235904,0.078495756,-0.08370818
41483.062,6.961302,0.774186,0.07422136,-0.08380562
42490.938,6.961302,0.8053261,0.06962319,-0.08367625
43498.812,6.961302,0.83531785,0.064922005,-0.08335622
44506.69,6.961302,0.8637735,0.06033197,-0.082887895
45514.566,6.961302,0.8903916,0.056044243,-0.08231763
46522.44,6.961302,0.91496307,0.052213654,-0.08169285
47530.316,6.961302,0.9373733,0.04894863,-0.081059895
48538.19,6.961302,0.9575981,0.046306238,-0.0804617
49546.066,6.961302,0.975695,0.04429076,-0.07993602
50553.938,6.961302,0.9917906,0.04285746,-0.07951408
51561.812,6.961302,1.0060666,0.041919712,-0.07921957
52569.688,6.961302,1.0187413,0.04135955,-0.07906832
53577.562,6.961302,1.030052,0.04104051,-0.07906819
54585.438,6.961302,1.0402384,0.040820934,-0.0792196
55593.312,6.961302,1.0495259,0.04056808,-0.07951625
56601.19,6.961302,1.0581123,0.040170185,-0.07994618
57609.066,6.961302,1.0661579,0.039546557,-0.08049295
58616.94,6.961302,1.0737787,0.038654447,-0.08113708
59624.816,6.961302,1.0810437,0.03749259,-0.081857175
60632.69,6.961302,1.0879766,0.03609995,-0.08263131
61640.566,6.961302,1.0945613,0.03455116,-0.083438054
62648.44,6.961302,1.1007496,0.032948308,-0.084257275
63656.32,6.961302,1.1064723,0.0314096,-0.08507099
64664.195,6.961302,1.1116518,0.030056376,-0.08586357
65672.07,6.961302,1.1162145,0.028999351,-0.0866221
66679.945,6.961302,1.1201034,0.028325448,-0.087336205
67687.82,6.961302,1.1232871,0.028086592,-0.08799797
68695.695,6.961302,1.1257695,0.028291713,-0.08860176
69703.57,6.961302,1.1275923,0.02890289,-0.089143604
70711.445,6.961302,1.1288365,0.029836342,-0.08962111
71719.32,6.961302,1.1296167,0.030968782,-0.09003317
72727.195,6.961302,1.1300749,0.032148503,-0.09037962
73735.08,6.961302,1.130368,0.03321113,-0.0906614
74742.95,6.961302,1.130653,0.03399779,-0.090880424
75750.83,6.961302,1.1310736,0.034374986,-0.09103983
76758.7,6.961302,1.1317425,0.034253426,-0.09114413
77766.58,6.961302,1.1327304,0.03360334,-0.09119934
78774.45,6.961302,1.134055,0.032464195,-0.09121321
79782.33,6.961302,1.1356771,0.030946651,-0.091194935
80790.2,6.961302,1.1375026,0.02922458,-0.09115501
81798.08,6.961302,1.1393921,0.027517524,-0.09110451
82805.95,6.961302,1.1411778,0.026062362,-0.09105427
83813.83,6.961302,1.1426854,0.025078475,-0.09101371
84821.7,6.961302,1.1437619,0.024727657,-0.09098944
85829.58,6.961302,1.1443022,0.025076002,-0.090984255
86837.45,6.961302,1.1442757,0.026064457,-0.09099587
87845.33,6.961302,1.1437403,0.02749547,-0.09101673
88853.2,6.961302,1.1428471,0.029045247,-0.09103457
89861.08,6.961302,1.1418226,0.030308105,-0.091033846
90868.95,6.961302,1.1409321,0.030876856,-0.090999335
91876.83,6.961302,1.1404186,0.030455798,-0.09092026
92884.71,6.961302,1.1404269,0.02899313,-0.090795636
93892.586,6.961302,1.1409249,0.02680151,-0.09063921
94900.46,6.961302,1.1416488,0.024612237,-0.09048174
95908.336,6.961302,1.1421171,0.02347523,-0.09036689
96916.21,6.961302,1.1417803,0.02437063,-0.090335555
97924.086,6.961302,1.1404055,0.027338961,-0.09038971
98931.96,6.961302,1.1388364,0.029857391,-0.09042449
99939.836,6.961302,1.140319,0.024090169,-0.09011155
160.16696,7.5666313,0.45699653,0.30248138,-0.03641502
1168.0425,7.5666313,0.4456654,0.15185158,-0.034342725
2175.918,7.5666313,0.4446104,0.102250576,-0.036928967
3183.7935,7.5666313,0.44961208,0.09624489,-0.04075379
4191.669,7.5666313,0.45687133,0.10348773,-0.044231605
5199.5444,7.5666313,0.46362814,0.11009674,-0.046833582
6207.42,7.5666313,0.46830395,0.11151187,-0.04857753
7215.2954,7.5666313,0.47036532,0.10787935,-0.049709894
8223.171,7.5666313,0.47006246,0.10122536,-0.050521765
9231.046,7.5666313,0.46812823,0.09386057,-0.05125511
10238.922,7.5666313,0.465501,0.087599225,-0.05206682
11246.798,7.5666313,0.46310183,0.08348828,-0.053027287
12254.673,7.5666313,0.46167886,0.08183131,-0.054137066
13262.548,7.5666313,0.46171817,0.08235883,-0.05535073
14270.424,7.5666313,0.46341592,0.08444833,-0.05660088
15278.3,7.5666313,0.46669728,0.08733544,-0.05781835
16286.175,7.5666313,0.4712672,0.09028424,-0.05894702
17294.049,7.5666313,0.47668594,0.092704445,-0.05995245
18301.924,7.5666313,0.48244688,0.09421428,-0.0608252
19309.8,7.5666313,0.48805487,0.09465662,-0.06157957
20317.676,7.5666313,0.4930952,0.094079055,-0.062249046
21325.55,7.5666313,0.4972828,0.09268935,-0.06288003
22333.428,7.5666313,0.5004983,0.09079834,-0.063524626
23341.303,7.5666313,0.50280035,0.08875975,-0.064233355
24349.178,7.5666313,0.504422,0.086915195,-0.06504932
25357.053,7.5666313,0.50575244,0.08554893,-0.066003345
26364.928,7.5666313,0.5073017,0.08485642,-0.067110814
27372.805,7.5666313,0.5096613,0.084927455,-0.06837048
28380.68,7.5666313,0.5134564,0.08574308,-0.06976475
29388.555,7.5666313,0.5193002,0.08718496,-0.071261495
30396.432,7.5666313,0.5277474,0.08905426,-0.07281678
31404.307,7.5666313,0.53925574,0.09109705,-0.074378796
32412.182,7.5666313,0.5541553,0.093033016,-0.07589161
33420.06,7.5666313,0.57262504,0.09458429,-0.07729967
34427.934,7.5666313,0.5946825,0.09550193,-0.07855142
35435.81,7.5666313,0.6201821,0.09558768,-0.07960284
36443.684,7.5666313,0.6488238,0.09470986,-0.08042008
37451.562,7.5666313,0.68017066,0.092812374,-0.08098131
38459.438,7.5666313,0.7136737,0.08991641,-0.08127773
39467.312,7.5666313,0.7487009,0.08611579,-0.08131363
40475.188,7.5666313,0.7845726,0.08156662,-0.0811057
41483.062,7.5666313,0.82059395,0.07647216,-0.08068155
42490.938,7.5666313,0.85608923,0.07106501,-0.080077715
43498.812,7.5666313,0.8904337,0.06558796,-0.079337284
44506.69,7.5666313,0.92307866,0.06027502,-0.078507245
45514.566,7.5666313,0.95357287,0.05533427,-0.07763589
46522.44,7.5666313,0.9815779,0.050933734,-0.07677021
47530.316,7.5666313,1.0068743,0.047190912,-0.0759536
48538.19,7.5666313,1.0293632,0.044167556,-0.07522403
49546.066,7.5666313,1.0490597,0.041868307,-0.074612506
50553.938,7.5666313,1.0660814,0.04024466,-0.074142255
51561.812,7.5666313,1.0806319,0.039202664,-0.07382819
52569.688,7.5666313,1.0929788,0.03861412,-0.07367701
53577.562,7.5666313,1.1034336,0.038330045,-0.07368789
54585.438,7.5666313,1.1123271,0.038195018,-0.07385312
55593.312,7.5666313,1.119988,0.038061995,-0.07415961
56601.19,7.5666313,1.1267214,0.03780535,-0.07458996
57609.066,7.5666313,1.1327935,0.03733156,-0.07512403
58616.94,7.5666313,1.1384187,0.036586937,-0.075740516
59624.816,7.5666313,1.1437504,0.03556129,-0.07641787
60632.69,7.5666313,1.148881,0.034287352,-0.0771357
61640.566,7.5666313,1.1538429,0.032836094,-0.077875406
62648.44,7.5666313,1.158616,0.031308424,-0.078620814
63656.32,7.5666313,1.1631392,0.029823732,-0.079358354
64664.195,7.5666313,1.1673243,0.028506378,-0.080077074
65672.07,7.5666313,1.171072,0.027471475,-0.080768384
66679.945,7.5666313,1.1742877,0.026811134,-0.0814256
67687.82,7.5666313,1.1768973,0.026582647,-0.08204346
68695.695,7.5666313,1.1788579,0.026799863,-0.08261763
69703.57,7.5666313,1.1801699,0.02742888,-0.083144136
70711.445,7.5666313,1.1808778,0.028388627,-0.083619304
71719.32,7.5666313,1.1810721,0.029556999,-0.08403933
72727.195,7.5666313,1.1808827,0.030781891,-0.0844007
73735.08,7.5666313,1.1804674,0.03189695,-0.08470027
74742.95,7.5666313,1.1799988,0.032740135,-0.08493596
75750.83,7.5666313,1.1796451,0.03317403,-0.08510735
76758.7,7.5666313,1.1795524,0.033105094,-0.08521627
77766.58,7.5666313,1.1798276,0.03249958,-0.08526749
78774.45,7.5666313,1.1805235,0.031393982,-0.085268885
79782.33,7.5666313,1.1816295,0.029897146,-0.08523172
80790.2,7.5666313,1.1830696,0.028182894,-0.08516982
81798.08,7.5666313,1.1847092,0.026472429,-0.08509881
82805.95,7.5666313,1.1863694,0.025006022,-0.08503459
83813.83,7.5666313,1.1878506,0.024007514,-0.08499125
84821.7,7.5666313,1.1889617,0.023643807,-0.084979035
85829.58,7.5666313,1.1895531,0.023985937,-0.08500221
86837.45,7.5666313,1.1895474,0.024978483,-0.08505729
87845.33,7.5666313,1.1889629,0.026425563,-0.08513239
88853.2,7.5666313,1.1879249,0.028002527,-0.085207924
89861.08,7.5666313,1.1866544,0.029300164,-0.085259296
90868.95,7.5666313,1.1854333,0.029905284,-0.085261665
91876.83,7.5666313,1.1845428,0.029515494,-0.08519684
92884.71,7.5666313,1.1841805,0.028072968,-0.08506133
93892.586,7.5666313,1.184367,0.02588775,-0.08487386
94900.46,7.5666313,1.184873,0.02369422,-0.08467918
95908.336,7.5666313,1.1852142,0.022551894,-0.084542185
96916.21,7.5666313,1.1847861,0.023455396,-0.08452483
97924.086,7.5666313,1.1832538,0.026456572,-0.084632814
98931.96,7.5666313,1.1813515,0.029022845,-0.08471549
99939.836,7.5666313,1.1823181,0.023254225,-0.08429442
160.16696,8.171963,0.48875627,0.3048851,-0.036950767
1168.0425,8.171963,0.47516778,0.15595093,-0.035069913
2175.918,8.171963,0.472747,0.10726696,-0.038248718
3183.7935,8.171963,0.47763425,0.10163761,-0.04259202
4191.669,8.171963,0.48554623,0.10895186,-0.04633052
5199.5444,8.171963,0.493022,0.115518905,-0.048914675
6207.42,8.171963,0.49789435,0.11691037,-0.05042145
7215.2954,8.171963,0.4992956,0.113345295,-0.051184777
8223.171,8.171963,0.4974115,0.106873676,-0.05158236
9231.046,8.171963,0.49313515,0.099794656,-0.05192725
10238.922,8.171963,0.48771366,0.09388936,-0.052426644
11246.798,8.171963,0.482444,0.0901627,-0.053180486
12254.673,8.171963,0.47844526,0.08887683,-0.054201182
13262.548,8.171963,0.47651577,0.08972802,-0.055441666
14270.424,8.171963,0.47706902,0.092070766,-0.056823347
15278.3,8.171963,0.48013622,0.09513019,-0.058260337
16286.175,8.171963,0.4854189,0.098171584,-0.059676852
17294.049,8.171963,0.49237448,0.10061538,-0.061018113
18301.924,8.171963,0.50031894,0.1020974,-0.06225491
19309.8,8.171963,0.50853,0.10248175,-0.06338306
20317.676,8.171963,0.51634353,0.10183738,-0.06441919
21325.55,8.171963,0.52323097,0.10039118,-0.06539458
22333.428,8.171963,0.5288559,0.098468594,-0.06634766
23341.303,8.171963,0.5331054,0.09643195,-0.067316905
24349.178,8.171963,0.5360982,0.09462479,-0.068334736
25357.053,8.171963,0.5381703,0.09332675,-0.06942262
26364.928,8.171963,0.5398413,0.092722766,-0.07058833
27372.805,8.171963,0.5417691,0.09288723,-0.07182471
28380.68,8.171963,0.5446942,0.09378256,-0.07311023
29388.555,8.171963,0.5493797,0.0952702,-0.07441107
30396.432,8.171963,0.55655307,0.09713134,-0.07568425
31404.307,8.171963,0.5668524,0.09909376,-0.07688131
32412.182,8.171963,0.5807819,0.10086226,-0.07795262
33420.06,8.171963,0.59867644,0.10214842,-0.07885131
34427.934,8.171963,0.62068033,0.10269799,-0.079537
35435.81,8.171963,0.64673835,0.10231313,-0.079978816
36443.684,8.171963,0.67659885,0.10086809,-0.08015764
37451.562,8.171963,0.7098303,0.09831798,-0.0800673
38459.438,8.171963,0.7458466,0.0946999,-0.07971499
39467.312,8.171963,0.78394073,0.090127245,-0.07912066
40475.188,8.171963,0.8233245,0.0847781,-0.07831546
41483.062,8.171963,0.8631695,0.07887901,-0.077339925
42490.938,8.171963,0.9026511,0.07268592,-0.07624112
43498.812,8.171963,0.94098735,0.066463575,-0.07507016
44506.69,8.171963,0.9774753,0.06046561,-0.0738789
45514.566,8.171963,1.0115204,0.054916427,-0.0727174
46522.44,8.171963,1.0426587,0.049996153,-0.07163134
47530.316,8.171963,1.0705706,0.04583016,-0.070659876
48538.19,8.171963,1.0950856,0.042483114,-0.06983407
49546.066,8.171963,1.1161795,0.03995812,-0.069176026
50553.938,8.171963,1.1339613,0.038200766,-0.0686984
51561.812,8.171963,1.1486574,0.037107505,-0.06840466
52569.688,8.171963,1.1605872,0.036537685,-0.06828989
53577.562,8.171963,1.1701353,0.03632764,-0.06834192
54585.438,8.171963,1.1777241,0.036306303,-0.068542905
55593.312,8.171963,1.1837851,0.036310725,-0.06887107
56601.19,8.171963,1.188731,0.036200203,-0.06930243
57609.066,8.171963,1.1929328,0.035867758,-0.06981258
58616.94,8.171963,1.1967022,0.035248473,-0.07037823
59624.816,8.171963,1.2002771,0.034323793,-0.07097835
60632.69,8.171963,1.2038158,0.033121064,-0.07159519
61640.566,8.171963,1.2073975,0.031709056,-0.07221473
62648.44,8.171963,1.2110267,0.030189544,-0.07282678
63656.32,8.171963,1.2146469,0.028685298,-0.073424615
64664.195,8.171963,1.2181548,0.027326284,-0.07400438
65672.07,8.171963,1.2214197,0.026234645,-0.07456441
66679.945,8.171963,1.2243037,0.02551033,-0.075103976
67687.82,8.171963,1.2266821,0.025218429,-0.07562253
68695.695,8.171963,1.2284597,0.025379948,-0.07611871
69703.57,8.171963,1.2295859,0.025966775,-0.07658978
70711.445,8.171963,1.2300634,0.026901811,-0.07703116
71719.32,8.171963,1.2299515,0.028064875,-0.077436656
72727.195,8.171963,1.2293625,0.029303491,-0.07779869
73735.08,8.171963,1.2284527,0.030448975,-0.078109205
74742.95,8.171963,1.2274058,0.031335082,-0.078360766
75750.83,8.171963,1.226417,0.031819064,-0.078547806
76758.7,8.171963,1.2256669,0.031801403,-0.0786678
77766.58,8.171963,1.2253034,0.031242512,-0.07872264
78774.45,8.171963,1.2254208,0.03017389,-0.078719065
79782.33,8.171963,1.2260448,0.028700951,-0.078669146
80790.2,8.171963,1.227127,0.026995964,-0.07858951
81798.08,8.171963,1.2285459,0.025280718,-0.07850008
82805.95,8.171963,1.2301204,0.023798399,-0.07842208
83813.83,8.171963,1.2316314,0.022777323,-0.07837495
84821.7,8.171963,1.232854,0.022390032,-0.078373455
85829.58,8.171963,1.2335933,0.022713423,-0.078424215
86837.45,8.171963,1.2337228,0.023696989,-0.07852345
87845.33,8.171963,1.2332145,0.025147801,-0.078655474
88853.2,8.171963,1.2321582,0.026741534,-0.07879373
89861.08,8.171963,1.2307578,0.02806613,-0.07890397
90868.95,8.171963,1.2293031,0.028702747,-0.078951076
91876.83,8.171963,1.2281073,0.02834161,-0.07890823
92884.71,8.171963,1.2274207,0.026917923,-0.078768186
93892.586,8.171963,1.2273244,0.024737429,-0.07855401
94900.46,8.171963,1.2276419,0.022535838,-0.078324355
95908.336,8.171963,1.227909,0.02138116,-0.078166544
96916.21,8.171963,1.2274864,0.0222825,-0.078165576
97924.086,8.171963,1.2259344,0.025304973,-0.07833293
98931.96,8.171963,1.2238212,0.027911225,-0.078471534
99939.836,8.171963,1.2242134,0.02214502,-0.07794497
160.16696,8.777292,0.5190262,0.3075902,-0.037559208
1168.0425,8.777292,0.50329554,0.16027072,-0.03607216
2175.918,8.777292,0.4991888,0.11250278,-0.03987132
3183.7935,8.777292,0.5034691,0.107269876,-0.044687018
4191.669,8.777292,0.5115646,0.114670604,-0.048628006
5199.5444,8.777292,0.5194368,0.1211981,-0.05115713
6207.42,8.777292,0.52439004,0.12255788,-0.052423626
7215.2954,8.777292,0.52522755,0.1190476,-0.05284908
8223.171,8.777292,0.52204216,0.1127476,-0.052890517
9231.046,8.777292,0.5158355,0.10595026,-0.052921265
10238.922,8.777292,0.5081038,0.100406766,-0.053187434
11246.798,8.777292,0.50046086,0.09708062,-0.053808477
12254.673,8.777292,0.49434763,0.09619153,-0.054800984
13262.548,8.777292,0.4908362,0.09739934,-0.056111176
14270.424,8.777292,0.49053448,0.1000326,-0.057647184
15278.3,8.777292,0.49357077,0.103302464,-0.059306473
16286.175,8.777292,0.4996464,0.106472224,-0.060995746
17294.049,8.777292,0.50813025,0.10897036,-0.06264326
18301.924,8.777292,0.51818025,0.110448286,-0.06420413
19309.8,8.777292,0.52887106,0.110789545,-0.06566003
20317.676,8.777292,0.5393136,0.11008395,-0.067014895
21325.55,8.777292,0.54875773,0.108577475,-0.06828817
22333.428,8.777292,0.55666816,0.106610574,-0.06950743
23341.303,8.777292,0.56277406,0.10455522,-0.07070075
24349.178,8.777292,0.5670856,0.10275825,-0.07189068
25357.053,8.777292,0.569887,0.10149633,-0.07308945
26364.928,8.777292,0.57170284,0.100945495,-0.07429638
27372.805,8.777292,0.5732484,0.10116666,-0.075497195
28380.68,8.777292,0.57536477,0.10210524,-0.07666487
29388.555,8.777292,0.57895017,0.10360425,-0.07776235
30396.432,8.777292,0.58488834,0.10542631,-0.078745894
31404.307,8.777292,0.5939817,0.107282445,-0.079569206
32412.182,8.777292,0.606894,0.10886368,-0.08018785
33420.06,8.777292,0.624104,0.10987212,-0.08056318
34427.934,8.777292,0.64587426,0.11004907,-0.080665946
35435.81,8.777292,0.67223483,0.10919758,-0.08047884
36443.684,8.777292,0.70298207,0.107198425,-0.07999832
37451.562,8.777292,0.7376934,0.10401817,-0.07923512
38459.438,8.777292,0.7757525,0.09970981,-0.07821381
39467.312,8.777292,0.8163873,0.09440601,-0.07697143
40475.188,8.777292,0.85871416,0.08830644,-0.075555265
41483.062,8.777292,0.90178645,0.081660375,-0.074020006
42490.938,8.777292,0.9446455,0.07474599,-0.07242446
43498.812,8.777292,0.98636866,0.06784904,-0.07082831
44506.69,8.777292,1.0261143,0.061241344,-0.06928871
45514.566,8.777292,1.0631588,0.055161968,-0.06785725
46522.44,8.777292,1.0969254,0.04980158,-0.066577666
47530.316,8.777292,1.1270049,0.045291364,-0.06548367
48538.19,8.777292,1.1531638,0.041697018,-0.064597994
49546.066,8.777292,1.1753434,0.039018042,-0.06393178
50553.938,8.777292,1.1936483,0.03719215,-0.06348511
51561.812,8.777292,1.208329,0.036104366,-0.06324778
52569.688,8.777292,1.219754,0.035599705,-0.063200876
53577.562,8.777292,1.2283792,0.035498418,-0.06331893
54585.438,8.777292,1.2347142,0.035612516,-0.06357204
55593.312,8.777292,1.2392879,0.035762303,-0.06392834
56601.19,8.777292,1.2426138,0.035791505,-0.06435617
57609.066,8.777292,1.2451628,0.03557968,-0.06482632
58616.94,8.777292,1.247337,0.035051197,-0.065313585
59624.816,8.777292,1.2494518,0.034179855,-0.06579803
60632.69,8.777292,1.251726,0.0329891,-0.06626571
61640.566,8.777292,1.2542795,0.03154712,-0.06670873
62648.44,8.777292,1.2571372,0.029958542,-0.06712479
63656.32,8.777292,1.2602409,0.028351957,-0.067516275
64664.195,8.777292,1.2634672,0.026865305,-0.06788891
65672.07,8.777292,1.2666492,0.025630377,-0.06825018
66679.945,8.777292,1.2696007,0.024757355,-0.068607666
67687.82,8.777292,1.272141,0.02432154,-0.06896753
68695.695,8.777292,1.2741165,0.024353059,-0.069333084
69703.57,8.777292,1.2754213,0.024831355,-0.06970392
70711.445,8.777292,1.2760103,0.025684586,-0.070075445
71719.32,8.777292,1.2759063,0.026795194,-0.0704391
72727.195,8.777292,1.2751993,0.028010666,-0.07078301
73735.08,8.777292,1.2740397,0.029159538,-0.07109334
74742.95,8.777292,1.2726223,0.03007072,-0.0713561
75750.83,8.777292,1.271166,0.030594768,-0.07155907
76758.7,8.777292,1.2698889,0.030624608,-0.071693875
77766.58,8.777292,1.2689825,0.030113008,-0.07175777
78774.45,8.777292,1.2685881,0.029084511,-0.071754925
79782.33,8.777292,1.2687751,0.027639173,-0.071697034
80790.2,8.777292,1.2695309,0.02594604,-0.07160254
81798.08,8.777292,1.2707566,0.024226237,-0.07149541
82805.95,8.777292,1.2722781,0.022724733,-0.071402065
83813.83,8.777292,1.2738642,0.021674266,-0.07134782
84821.7,8.777292,1.2752618,0.021253075,-0.07135253
85829.58,8.777292,1.2762344,0.021544572,-0.07142633
86837.45,8.777292,1.276604,0.022504415,-0.07156599
87845.33,8.777292,1.2762918,0.023944147,-0.07175296
88853.2,8.777292,1.2753431,0.025541184,-0.071954116
89861.08,8.777292,1.2739351,0.026881874,-0.07212578
90868.95,8.777292,1.2723535,0.027542643,-0.072222024
91876.83,8.777292,1.2709358,0.02720631,-0.07220666
92884.71,8.777292,1.2699816,0.025800083,-0.07206768
93892.586,8.777292,1.269641,0.023623735,-0.071831316
94900.46,8.777292,1.2698061,0.021411667,-0.07156964
95908.336,8.777292,1.2700572,0.020237925,-0.071392484
96916.21,8.777292,1.2697439,0.021124583,-0.07140906
97924.086,8.777292,1.2683234,0.024151843,-0.07163846
98931.96,8.777292,1.2661437,0.026785092,-0.07183868
99939.836,8.777292,1.2659249,0.021029063,-0.07121367
160.16696,9.382624,0.5476221,0.31059146,-0.03822007
1168.0425,9.382624,0.5302067,0.16481283,-0.03738365
2175.918,9.382624,0.5242535,0.117954925,-0.041825056
3183.7935,9.382624,0.5274558,0.11313765,-0.047047716
4191.669,9.382624,0.5352189,0.12064569,-0.051122583
5199.5444,9.382624,0.54311377,0.12714553,-0.05356575
6207.42,9.382624,0.54802185,0.12847392,-0.054611124
7215.2954,9.382624,0.5484499,0.12500963,-0.054763556
8223.171,9.382624,0.54437095,0.11886744,-0.054546133
9231.046,9.382624,0.53683406,0.112337954,-0.054376148
10238.922,9.382624,0.52750146,0.10714632,-0.054522708
11246.798,9.382624,0.51822054,0.10421771,-0.055111583
12254.673,9.382624,0.51067615,0.10373075,-0.056153927
13262.548,9.382624,0.5061562,0.10530903,-0.05758366
14270.424,9.382624,0.5054227,0.10825379,-0.059293743
15278.3,9.382624,0.50868386,0.111760214,-0.06116614
16286.175,9.382624,0.5156407,0.115087055,-0.06309359
17294.049,9.382624,0.52559245,0.11766794,-0.06499246
18301.924,9.382624,0.5375687,0.11916682,-0.066808134
19309.8,9.382624,0.55047715,0.11948462,-0.06851422
20317.676,9.382624,0.5632434,0.118729904,-0.0701076
21325.55,9.382624,0.57493246,0.11716643,-0.07160105
22333.428,9.382624,0.58484375,0.11514919,-0.07301511
23341.303,9.382624,0.59257185,0.11306003,-0.0743704
24349.178,9.382624,0.5980354,0.11124995,-0.07568131
25357.053,9.382624,0.60147226,0.10999416,-0.076951504
26364.928,9.382624,0.60340923,0.10946182,-0.078171656
27372.805,9.382624,0.60460675,0.1097026,-0.07931943
28380.68,9.382624,0.60598993,0.11064771,-0.080360875
29388.555,9.382624,0.60856885,0.112124205,-0.08125391
30396.432,9.382624,0.61335796,0.11387882,-0.081952184
31404.307,9.382624,0.6212983,0.11560812,-0.08240981
32412.182,9.382624,0.63318884,0.11699151,-0.08258597
33420.06,9.382624,0.6496314,0.11772335,-0.082449056
34427.934,9.382624,0.6709903,0.117541716,-0.08198001
35435.81,9.382624,0.69737,0.11625138,-0.081174746
36443.684,9.382624,0.72861075,0.1137398,-0.08004511
37451.562,9.382624,0.7643,0.1099848,-0.078619
38459.438,9.382624,0.80379945,0.10505444,-0.076938875
39467.312,9.382624,0.8462851,0.09909968,-0.07505962
40475.188,9.382624,0.89079535,0.09234016,-0.07304532
41483.062,9.382624,0.9362867,0.085045874,-0.07096558
42490.938,9.382624,0.98168993,0.07751523,-0.06889155
43498.812,9.382624,1.0259655,0.070052475,-0.06689188
44506.69,9.382624,1.0681578,0.062945254,-0.065029114
45514.566,9.382624,1.1074362,0.05644492,-0.0633563
46522.44,9.382624,1.1431313,0.050750144,-0.06191463
47530.316,9.382624,1.1747615,0.045995645,-0.06073165
48538.19,9.382624,1.2020427,0.042245895,-0.05982054
49546.066,9.382624,1.2248906,0.039494835,-0.059180256
50553.938,9.382624,1.243411,0.037670694,-0.05879668
51561.812,9.382624,1.2578783,0.03664554,-0.058644302
52569.688,9.382624,1.2687081,0.036249075,-0.058688715
53577.562,9.382624,1.2764211,0.03628462,-0.058889598
54585.438,9.382624,1.2816058,0.036547,-0.059203684
55593.312,9.382624,1.2848777,0.036839765,-0.059587903
56601.19,9.382624,1.2868404,0.036991384,-0.060002267
57609.066,9.382624,1.2880521,0.036868654,-0.06041238
58616.94,9.382624,1.2889929,0.036386188,-0.06079126
59624.816,9.382624,1.290045,0.035511635,-0.061120618
60632.69,9.382624,1.2914779,0.034265976,-0.0613912
61640.566,9.382624,1.2934426,0.032718796,-0.061602596
62648.44,9.382624,1.2959763,0.030979598,-0.061762057
63656.32,9.382624,1.2990135,0.029184794,-0.0618829
64664.195,9.382624,1.3024049,0.027482599,-0.06198242
65672.07,9.382624,1.3059437,0.026016576,-0.062079366
66679.945,9.382624,1.309391,0.02490937,-0.06219164
67687.82,9.382624,1.3125074,0.02424838,-0.062333852
68695.695,9.382624,1.3150772,0.024074761,-0.06251557
69703.57,9.382624,1.3169361,0.02437688,-0.062739916
70711.445,9.382624,1.3179878,0.025089324,-0.06300305
71719.32,9.382624,1.3182153,0.026097972,-0.06329436
72727.195,9.382624,1.3176835,0.027250528,-0.063597605
73735.08,9.382624,1.3165339,0.028372759,-0.063892625
74742.95,9.382624,1.3149688,0.029288033,-0.06415798
75750.83,9.382624,1.3132306,0.029839313,-0.0643736
76758.7,9.382624,1.3115741,0.02991066,-0.064523734
77766.58,9.382624,1.310237,0.029445492,-0.06459963
78774.45,9.382624,1.3094109,0.02845966,-0.064601354
79782.33,9.382624,1.3092152,0.027045928,-0.06453883
80790.2,9.382624,1.30968,0.025368381,-0.06443147
81798.08,9.382624,1.3107381,0.023645815,-0.06430638
82805.95,9.382624,1.3122302,0.022123992,-0.064194985
83813.83,9.382624,1.3139237,0.021038879,-0.06412849
84821.7,9.382624,1.3155445,0.020574555,-0.06413249
85829.58,9.382624,1.3168172,0.020821504,-0.06422137
86837.45,9.382624,1.3175155,0.021742295,-0.06439349
87845.33,9.382624,1.3175054,0.023154574,-0.06462853
88853.2,9.382624,1.3167825,0.02473924,-0.06488772
89861.08,9.382624,1.3154863,0.02608275,-0.06511859
90868.95,9.382624,1.313888,0.026758116,-0.06526472
91876.83,9.382624,1.3123393,0.026441433,-0.06528007
92884.71,9.382624,1.3111864,0.025051288,-0.06514706
93892.586,9.382624,1.3106507,0.022879511,-0.06489381
94900.46,9.382624,1.3107074,0.020656113,-0.06460439
95908.336,9.382624,1.3110055,0.01945731,-0.06441003
96916.21,9.382624,1.3109066,0.020315439,-0.06444402
97924.086,9.382624,1.3097736,0.023326788,-0.06473456
98931.96,9.382624,1.3076857,0.025969204,-0.06499883
99939.836,9.382624,1.3068502,0.020234462,-0.06428838
160.16696,9.987953,0.574397,0.31387535,-0.038913663
1168.0425,9.987953,0.5560726,0.16958112,-0.039032705
2175.918,9.987953,0.54829377,0.12362213,-0.044134296
3183.7935,9.987953,0.5500123,0.119236074,-0.04968422
4191.669,9.987953,0.55692273,0.12687634,-0.053818427
5199.5444,9.987953,0.5644451,0.13337003,-0.056152344
6207.42,9.987953,0.56918186,0.13467818,-0.05701566
7215.2954,9.987953,0.56939703,0.13125817,-0.056987546
8223.171,9.987953,0.56492585,0.1252608,-0.056638826
9231.046,9.987953,0.55679446,0.11897872,-0.056410037
10238.922,9.987953,0.5467362,0.114115894,-0.05657414
11246.798,9.987953,0.5367268,0.11156382,-0.057247907
12254.673,9.987953,0.52860004,0.111464,-0.058426693
13262.548,9.987953,0.5237805,0.11340604,-0.06002655
14270.424,9.987953,0.5231334,0.116665,-0.061923902
15278.3,9.987953,0.5269196,0.12041959,-0.063987434
16286.175,9.987953,0.5348423,0.12392194,-0.06610067
17294.049,9.987953,0.5461492,0.12660843,-0.06817449
18301.924,9.987953,0.559779,0.12815233,-0.070151694
19309.8,9.987953,0.57452005,0.12846857,-0.07200511
20317.676,9.987953,0.5891637,0.12768158,-0.07373135
21325.55,9.987953,0.6026402,0.12607044,-0.07534244
22333.428,9.987953,0.61412716,0.124003164,-0.07685686
23341.303,9.987953,0.62311983,0.12187075,-0.07829144
24349.178,9.987953,0.6294673,0.12002894,-0.0796548
25357.053,9.987953,0.6333729,0.118752524,-0.080943376
26364.928,9.987953,0.63536364,0.11820613,-0.08213957
27372.805,9.987953,0.6362328,0.11843097,-0.08321237
28380.68,9.987953,0.6369671,0.11934726,-0.0841198
29388.555,9.987953,0.6386599,0.120769635,-0.084813096
30396.432,9.987953,0.6424242,0.122432455,-0.08524145
31404.307,9.987953,0.64930546,0.12402118,-0.08535741
32412.182,9.987953,0.6602055,0.12520647,-0.085121855
33420.06,9.987953,0.6758201,0.12567717,-0.08450835
34427.934,9.987953,0.696592,0.1251698,-0.083506554
35435.81,9.987953,0.722685,0.12349179,-0.08212413
36443.684,9.987953,0.75397396,0.12053718,-0.08038743
37451.562,9.987953,0.7900569,0.116294354,-0.078340665
38459.438,9.987953,0.8302818,0.11084514,-0.076043695
39467.312,9.987953,0.87378794,0.104356326,-0.0735689
40475.188,9.987953,0.91955847,0.097065076,-0.07099703
41483.062,9.987953,0.9664784,0.08925895,-0.06841251
42490.938,9.987953,1.013398,0.08125325,-0.065898746
43498.812,9.987953,1.0591935,0.073367395,-0.06353347
44506.69,9.987953,1.1028242,0.065901265,-0.061384372
45514.566,9.987953,1.1433834,0.059115246,-0.059505783
46522.44,9.987953,1.1801358,0.05321295,-0.05793607
47530.316,9.987953,1.2125486,0.048329987,-0.056696143
48538.19,9.987953,1.2403054,0.044527404,-0.05578912
49546.066,9.987953,1.2633085,0.041791826,-0.055201117
50553.938,9.987953,1.2816694,0.04004065,-0.0549031
51561.812,9.987953,1.2956889,0.039132312,-0.05485351
52569.688,9.987953,1.305824,0.038880836,-0.05500168
53577.562,9.987953,1.3126523,0.039072916,-0.05529168
54585.438,9.987953,1.3168283,0.03948662,-0.055666257
55593.312,9.987953,1.3190391,0.039909657,-0.05607073
56601.19,9.987953,1.3199624,0.040156584,-0.05645646
57609.066,9.987953,1.3202249,0.04008278,-0.056783784
58616.94,9.987953,1.32037,0.039594736,-0.05702418
59624.816,9.987953,1.3208297,0.038655687,-0.05716128
60632.69,9.987953,1.3219097,0.037285924,-0.05719131
61640.566,9.987953,1.3237815,0.035558313,-0.05712218
62648.44,9.987953,1.3264832,0.033588935,-0.056971848
63656.32,9.987953,1.3299351,0.031523924,-0.05676587
64664.195,9.987953,1.3339576,0.02952351,-0.05653452
65672.07,9.987953,1.338299,0.027744684,-0.05630933
66679.945,9.987953,1.3426677,0.026324116,-0.05611992
67687.82,9.987953,1.3467624,0.025362818,-0.05599087
68695.695,9.987953,1.3503064,0.024914142,-0.05593923
69703.57,9.987953,1.3530766,0.024976648,-0.0559728
70711.445,9.987953,1.3549241,0.025492314,-0.056089263
71719.32,9.987953,1.3557916,0.026351,-0.056276534
72727.195,9.987953,1.3557166,0.02740116,-0.05651415
73735.08,9.987953,1.3548295,0.028465834,-0.05677552
74742.95,9.987953,1.353339,0.029362662,-0.05703121
75750.83,9.987953,1.3515085,0.029926438,-0.05725253
76758.7,9.987953,1.3496287,0.030031314,-0.05741533
77766.58,9.987953,1.3479834,0.029610276,-0.057503495
78774.45,9.987953,1.346816,0.02866882,-0.057511747
79782.33,9.987953,1.3462995,0.02729078,-0.057446934
80790.2,9.987953,1.3465122,0.025633428,-0.057328075
81798.08,9.987953,1.347426,0.023911614,-0.05718449
82805.95,9.987953,1.3489058,0.02237023,-0.05705194
83813.83,9.987953,1.3507247,0.0212477,-0.056967266
84821.7,9.987953,1.3525958,0.02073323,-0.056961957
85829.58,9.987953,1.354214,0.020924244,-0.057055213
86837.45,9.987953,1.3553054,0.021791331,-0.057248056
87845.33,9.987953,1.355683,0.023159418,-0.0575196
88853.2,9.987953,1.3552864,0.024714738,-0.057826918
89861.08,9.987953,1.354211,0.026046222,-0.05811002
90868.95,9.987953,1.3527038,0.026725031,-0.058302805
91876.83,9.987953,1.351121,0.026421662,-0.058349803
92884.71,9.987953,1.3498476,0.025046138,-0.05822722
93892.586,9.987953,1.3491774,0.022880308,-0.057963625
94900.46,9.987953,1.3491795,0.020646239,-0.057652663
95908.336,9.987953,1.34959,0.019417569,-0.05744441
96916.21,9.987953,1.3498075,0.020232808,-0.057494484
97924.086,9.987953,1.3491108,0.023204602,-0.0578412
98931.96,9.987953,1.347277,0.025834586,-0.058168024
99939.836,9.987953,1.3458619,0.020134559,-0.057392072
160.16696,10.593285,0.59925395,0.31742096,-0.03962332
1168.0425,10.593285,0.58106387,0.17458048,-0.041040197
2175.918,10.593285,0.57166725,0.12950425,-0.04681785
3183.7935,10.593285,0.57159775,0.12555864,-0.052607015
4191.669,10.593285,0.57717615,0.13335787,-0.056725036
5199.5444,10.593285,0.58394235,0.13987634,-0.058935422
6207.42,10.593285,0.5883915,0.1411874,-0.059672005
7215.2954,10.593285,0.5886167,0.13782005,-0.059575345
8223.171,10.593285,0.584306,0.13195902,-0.05924189
9231.046,10.593285,0.57639176,0.12590115,-0.059111577
10238.922,10.593285,0.56657475,0.12133418,-0.05944045
11246.798,10.593285,0.55684334,0.11912208,-0.06032049
12254.673,10.593285,0.5490718,0.11937519,-0.061720997
13262.548,10.593285,0.5447345,0.12165413,-0.06353529
14270.424,10.593285,0.54473704,0.1252108,-0.06562294
15278.3,10.593285,0.54936355,0.12920853,-0.06784267
16286.175,10.593285,0.55831474,0.13289252,-0.07007435
17294.049,10.593285,0.570812,0.13569921,-0.07223053
18301.924,10.593285,0.58574456,0.13730827,-0.07425929
19309.8,10.593285,0.60183525,0.13764463,-0.076140344
20317.676,10.593285,0.6177999,0.13684474,-0.077877276
21325.55,10.593285,0.6324936,0.13519971,-0.07948768
22333.428,10.593285,0.6450236,0.13308802,-0.08099319
23341.303,10.593285,0.65482724,0.13090843,-0.08241083
24349.178,10.593285,0.6617137,0.12902097,-0.08374649
25357.053,10.593285,0.66586435,0.12770136,-0.08499113
26364.928,10.593285,0.66780657,0.12711166,-0.08611969
27372.805,10.593285,0.66835296,0.12728788,-0.087092504
28380.68,10.593285,0.66852736,0.12814294,-0.08785891
29388.555,10.593285,0.6694739,0.12948337,-0.08836217
30396.432,10.593285,0.67236537,0.13103545,-0.08854546
31404.307,10.593285,0.67831177,0.13247746,-0.08835778
32412.182,10.593285,0.6882794,0.13347498,-0.08775962
33420.06,10.593285,0.7030231,0.13371411,-0.08672769
34427.934,10.593285,0.72303617,0.13293168,-0.08525809
35435.81,10.593285,0.7485199,0.13093865,-0.08336829
36443.684,10.593285,0.77937406,0.12763554,-0.08109711
37451.562,10.593285,0.815206,0.12302004,-0.07850331
38459.438,10.593285,0.8553577,0.11718534,-0.07566254
39467.312,10.593285,0.8989492,0.110311374,-0.07266326
40475.188,10.593285,0.9449318,0.10264882,-0.06960164
41483.062,10.593285,0.99215055,0.09449881,-0.06657599
42490.938,10.593285,1.0394102,0.08618922,-0.063681185
43498.812,10.593285,1.0855376,0.07804988,-0.061003286
44506.69,10.593285,1.1294461,0.07038888,-0.058614895
45514.566,10.593285,1.1701863,0.06347157,-0.05657125
46522.44,10.593285,1.2069888,0.05750321,-0.054907855
47530.316,10.593285,1.2392962,0.052617237,-0.05363895
48538.19,10.593285,1.2667804,0.04886935,-0.052757733
49546.066,10.593285,1.2893441,0.046237282,-0.05223765
50553.938,10.593285,1.3071132,0.04462695,-0.052034963
51561.812,10.593285,1.3204138,0.04388313,-0.052092314
52569.688,10.593285,1.3297403,0.043804795,-0.052343085
53577.562,10.593285,1.3357148,0.04416319,-0.05271602
54585.438,10.593285,1.3390428,0.044721127,-0.053140108
55593.312,10.593285,1.340465,0.045252375,-0.05354933
56601.19,10.593285,1.3407114,0.045559607,-0.05388656
57609.066,10.593285,1.3404576,0.045488946,-0.0541072
58616.94,10.593285,1.3402863,0.04494088,-0.05418125
59624.816,10.593285,1.3406624,0.043876246,-0.05409472
60632.69,10.593285,1.3419087,0.04231661,-0.053849485
61640.566,10.593285,1.3442019,0.040339615,-0.053462155
62648.44,10.593285,1.3475717,0.0380696,-0.05296183
63656.32,10.593285,1.351915,0.035663635,-0.052386843
64664.195,10.593285,1.3570169,0.033295073,-0.051780984
65672.07,10.593285,1.3625796,0.031135239,-0.05118934
66679.945,10.593285,1.3682561,0.029335734,-0.050654095
67687.82,10.593285,1.3736876,0.02801181,-0.050210577
68695.695,10.593285,1.3785383,0.027229885,-0.049884293
69703.57,10.593285,1.3825276,0.026999325,-0.049688514
70711.445,10.593285,1.3854576,0.02726995,-0.04962335
71719.32,10.593285,1.3872313,0.027936427,-0.04967597
72727.195,10.593285,1.3878596,0.0288483,-0.049822196
73735.08,10.593285,1.3874621,0.029826183,-0.05002934
74742.95,10.593285,1.38625,0.03068218,-0.050260052
75750.83,10.593285,1.3845079,0.031242788,-0.050476752
76758.7,10.593285,1.3825581,0.03137189,-0.050646342
77766.58,10.593285,1.38073,0.030991137,-0.0507446
78774.45,10.593285,1.3793178,0.030094737,-0.050759632
79782.33,10.593285,1.3785486,0.028756175,-0.050694015
80790.2,10.593285,1.3785532,0.027124302,-0.05056507
81798.08,10.593285,1.3793453,0.025408324,-0.050403018
82805.95,10.593285,1.380822,0.023850663,-0.050246805
83813.83,10.593285,1.3827705,0.022690699,-0.050138228
84821.7,10.593285,1.3849,0.02212178,-0.050114304
85829.58,10.593285,1.3868816,0.022248158,-0.05019941
86837.45,10.593285,1.3884025,0.023048632,-0.05039817
87845.33,10.593285,1.3892232,0.024356708,-0.05069055
88853.2,10.593285,1.3892297,0.025865898,-0.05103129
89861.08,10.593285,1.388467,0.027169611,-0.051354907
90868.95,10.593285,1.3871493,0.02783969,-0.051587403
91876.83,10.593285,1.3856294,0.027542671,-0.051664867
92884.71,10.593285,1.3843225,0.026180012,-0.051557068
93892.586,10.593285,1.3835917,0.024022272,-0.0512913
94900.46,10.593285,1.3836026,0.021779723,-0.05096754
95908.336,10.593285,1.3841934,0.020517971,-0.050750352
96916.21,10.593285,1.3848191,0.021276457,-0.050814025
97924.086,10.593285,1.3846897,0.02418368,-0.05120754
98931.96,10.593285,1.3832651,0.026777,-0.051591024
99939.836,10.593285,1.3813577,0.02112631,-0.050777342
160.16696,11.198616,0.62215614,0.3212006,-0.04033783
1168.0425,11.198616,0.6053351,0.17981565,-0.043418333
2175.918,11.198616,0.59470534,0.1356007,-0.049887255
3183.7935,11.198616,0.5926743,0.13209592,-0.05582591
4191.669,11.198616,0.59652483,0.14008027,-0.059856474
5199.5444,11.198616,0.60219663,0.14666261,-0.061938673
6207.42,11.198616,0.60626274,0.14801249,-0.062615655
7215.2954,11.198616,0.60673195,0.14471845,-0.0625727
8223.171,11.198616,0.6031402,0.13899311,-0.0624071
9231.046,11.198616,0.59626275,0.1331374,-0.06253333
10238.922,11.198616,0.58766407,0.12882738,-0.063169725
11246.798,11.198616,0.5792268,0.12690651,-0.06436854
12254.673,11.198616,0.57275563,0.1274618,-0.066064216
13262.548,11.198616,0.56968117,0.1300319,-0.06812395
14270.424,11.198616,0.5708863,0.13385089,-0.07039153
15278.3,11.198616,0.57664454,0.1380698,-0.07271981
16286.175,11.198616,0.5866515,0.14192727,-0.07499143
17294.049,11.198616,0.60012543,0.14485857,-0.077127896
18301.924,11.198616,0.61595047,0.1465464,-0.07909021
19309.8,11.198616,0.6328399,0.1469218,-0.080872506
20317.676,11.198616,0.64949954,0.14612861,-0.082492106
21325.55,11.198616,0.66476965,0.14446594,-0.08397813
22333.428,11.198616,0.67774445,0.14231928,-0.0853603
23341.303,11.198616,0.68784803,0.140093,-0.08665994
24349.178,11.198616,0.69488,0.13815078,-0.08788309
25357.053,11.198616,0.6990175,0.13676985,-0.08901747
26364.928,11.198616,0.7007866,0.13611181,-0.0900318
27372.805,11.198616,0.70100677,0.13621071,-0.09087839
28380.68,11.198616,0.7007117,0.13697651,-0.09149781
29388.555,11.198616,0.70106155,0.13821214,-0.09182475
30396.432,11.198616,0.70324844,0.13964063,-0.091795206
31404.307,11.198616,0.7084034,0.14093782,-0.0913531
32412.182,11.198616,0.7175142,0.14176801,-0.090456694
33420.06,11.198616,0.73135626,0.14181791,-0.08908336
34427.934,11.198616,0.7504422,0.14082676,-0.08723335
35435.81,11.198616,0.7749887,0.13860962,-0.084931195
36443.684,11.198616,0.8049063,0.13507327,-0.08222547
37451.562,11.198616,0.8398092,0.1302229,-0.07918669
38459.438,11.198616,0.8790417,0.12416034,-0.07590364
39467.312,11.198616,0.92172146,0.117074646,-0.072478324
40475.188,11.198616,0.9667949,0.10922569,-0.06901994
41483.062,11.198616,1.0130997,0.10092297,-0.06563875
42490.938,11.198616,1.0594307,0.092501566,-0.062439412
43498.812,11.198616,1.1046075,0.08429668,-0.059515156
44506.69,11.198616,1.1475357,0.07661961,-0.05694257
45514.566,11.198616,1.1872622,0.06973627,-0.054777622
46522.44,11.198616,1.2230179,0.06384984,-0.053052854
47530.316,11.198616,1.2542511,0.05908887,-0.051776435
48538.19,11.198616,1.2806439,0.05550164,-0.050932392
49546.066,11.198616,1.3021163,0.053056225,-0.05048257
50553.938,11.198616,1.3188151,0.05164688,-0.050369892
51561.812,11.198616,1.3310937,0.051105607,-0.050522625
52569.688,11.198616,1.3394767,0.051217917,-0.050859533
53577.562,11.198616,1.344619,0.051741637,-0.05129546
54585.438,11.198616,1.347259,0.052426897,-0.051746953
55593.312,11.198616,1.3481699,0.053036377,-0.052137572
56601.19,11.198616,1.3481107,0.053363614,-0.052402705
57609.066,11.198616,1.3477789,0.053248327,-0.052493226
58616.94,11.198616,1.3477762,0.052587494,-0.05237807
59624.816,11.198616,1.3485745,0.05134175,-0.05204555
60632.69,11.198616,1.3504963,0.049535707,-0.051503126
61640.566,11.198616,1.3537062,0.04725338,-0.050775744
62648.44,11.198616,1.358213,0.04462816,-0.049903262
63656.32,11.198616,1.3638818,0.041828766,-0.04893636
64664.195,11.198616,1.3704582,0.039041907,-0.047932036
65672.07,11.198616,1.3775964,0.036453493,-0.046948645
66679.945,11.198616,1.3848982,0.03422976,-0.046040796
67687.82,11.198616,1.3919499,0.03250039,-0.04525486
68695.695,11.198616,1.398361,0.03134468,-0.044625062
69703.57,11.198616,1.4038006,0.030782841,-0.04417088
70711.445,11.198616,1.408027,0.030772906,-0.04389554
71719.32,11.198616,1.4109075,0.031214606,-0.043786418
72727.195,11.198616,1.4124296,0.031959064,-0.04381652
73735.08,11.198616,1.4127014,0.032825205,-0.043948006
74742.95,11.198616,1.411939,0.033619985,-0.044136267
75750.83,11.198616,1.4104418,0.034162,-0.04433527
76758.7,11.198616,1.4085642,0.03430514,-0.04450306
77766.58,11.198616,1.4066747,0.033959605,-0.044606935
78774.45,11.198616,1.4051166,0.033107772,-0.044627715
79782.33,11.198616,1.4041687,0.031811874,-0.044562515
80790.2,11.198616,1.4040117,0.030211134,-0.04442556
81798.08,11.198616,1.4047072,0.028507393,-0.044246316
82805.95,11.198616,1.4061853,0.026939087,-0.044065528
83813.83,11.198616,1.4082553,0.025744831,-0.043928538
84821.7,11.198616,1.4106303,0.025120812,-0.04387719
85829.58,11.198616,1.4129667,0.02517726,-0.043940973
86837.45,11.198616,1.4149204,0.025901329,-0.044128716
87845.33,11.198616,1.4162076,0.027135834,-0.044422925
88853.2,11.198616,1.4166615,0.028583305,-0.044778295
89861.08,11.198616,1.4162782,0.029844023,-0.045126513
90868.95,11.198616,1.4152341,0.030492958,-0.04538829
91876.83,11.198616,1.4138703,0.030194633,-0.045493126
92884.71,11.198616,1.412624,0.028843105,-0.04540465
93892.586,11.198616,1.4119174,0.026696205,-0.04514693
94900.46,11.198616,1.4120121,0.024448756,-0.04482201
95908.336,11.198616,1.4128515,0.023152541,-0.044602826
96916.21,11.198616,1.4139609,0.023842061,-0.044676743
97924.086,11.198616,1.4145001,0.026660036,-0.045103084
98931.96,11.198616,1.4136213,0.029191371,-0.04553262
99939.836,11.198616,1.4113644,0.023604585,-0.04471706
160.16696,11.803946,0.6431331,0.32518142,-0.041053705
1168.0425,11.803946,0.629017,0.1852897,-0.04617025
2175.918,11.803946,0.6176872,0.14190963,-0.053345807
3183.7935,11.803946,0.6136705,0.13883534,-0.059348784
4191.669,11.803946,0.6155166,0.14702787,-0.063229844
5199.5444,11.803946,0.6198336,0.1537192,-0.06518926
6207.42,11.803946,0.6234559,0.1551561,-0.065880276
7215.2954,11.803946,0.6243958,0.15196937,-0.066013455
8223.171,11.803946,0.62204504,0.14638944,-0.06616106
9231.046,11.803946,0.61696404,0.1407187,-0.06668782
10238.922,11.803946,0.61048526,0.13662484,-0.06775535
11246.798,11.803946,0.60427934,0.13493839,-0.06936366
12254.673,11.803946,0.59997404,0.13573213,-0.071406044
13262.548,11.803946,0.598868,0.13853166,-0.07372247
14270.424,11.803946,0.6017602,0.14256044,-0.07614345
15278.3,11.803946,0.6088816,0.1469618,-0.078521185
16286.175,11.803946,0.6199207,0.15097001,-0.08074746
17294.049,11.803946,0.6341144,0.15401848,-0.08275992
18301.924,11.803946,0.6503848,0.15579034,-0.08453932
19309.8,11.803946,0.6674933,0.1562183,-0.086100504
20317.676,11.803946,0.68419516,0.15544927,-0.08748029
21325.55,11.803946,0.69938004,0.15378538,-0.08872415
22333.428,11.803946,0.71218264,0.15161538,-0.0898741
23341.303,11.803946,0.72205985,0.14934637,-0.09095902
24349.178,11.803946,0.72883177,0.14734441,-0.091988064
25357.053,11.803946,0.73268735,0.14588855,-0.09294775
26364.928,11.803946,0.7341527,0.14514194,-0.09380241
27372.805,11.803946,0.7340381,0.14513986,-0.0944975
28380.68,11.803946,0.73336387,0.14579345,-0.09496546
29388.555,11.803946,0.7332696,0.1469071,-0.095132664
30396.432,11.803946,0.7349244,0.14820576,-0.0949275
31404.307,11.803946,0.73943704,0.14936763,-0.09428787
32412.182,11.803946,0.7477736,0.15006013,-0.093168184
33420.06,11.803946,0.7606922,0.14997374,-0.09154466
34427.934,11.803946,0.77869034,0.14885218,-0.08941893
35435.81,11.803946,0.801976,0.14651561,-0.08681956
36443.684,11.803946,0.8304582,0.1428761,-0.08380151
37451.562,11.803946,0.86375314,0.1379443,-0.08044347
38459.438,11.803946,0.9012153,0.13182735,-0.076843604
39467.312,11.803946,0.9419773,0.12471901,-0.073113784
40475.188,11.803946,0.9850062,0.116883025,-0.06937303
41483.062,11.803946,1.0291641,0.10863165,-0.065740384
42490.938,11.803946,1.0732749,0.10030118,-0.062327772
43498.812,11.803946,1.1161902,0.092226565,-0.059233755
44506.69,11.803946,1.15685,0.08471687,-0.05653765
45514.566,11.803946,1.1943357,0.07803404,-0.05429562
46522.44,11.803946,1.2279153,0.07237545,-0.052537598
47530.316,11.803946,1.2570722,0.06786222,-0.051266495
48538.19,11.803946,1.2815225,0.064533606,-0.05045872
49546.066,11.803946,1.3012196,0.06234762,-0.050066605
50553.938,11.803946,1.3163413,0.0611877,-0.05002206
51561.812,11.803946,1.3272679,0.06087467,-0.050241567
52569.688,11.803946,1.334548,0.06118307,-0.050632037
53577.562,11.803946,1.3388554,0.06186023,-0.05109688
54585.438,11.803946,1.3409443,0.06264725,-0.05154249
55593.312,11.803946,1.341597,0.06329918,-0.051884037
56601.19,11.803946,1.341575,0.06360402,-0.05205077
57609.066,11.803946,1.3415753,0.0633982,-0.051989965
58616.94,11.803946,1.3421894,0.06257814,-0.051669907
59624.816,11.803946,1.3438736,0.06110648,-0.051080998
60632.69,11.803946,1.3469285,0.059012573,-0.05023561
61640.566,11.803946,1.3514905,0.056387708,-0.049166046
62648.44,11.803946,1.3575336,0.053374782,-0.04792148
63656.32,11.803946,1.3648839,0.050153956,-0.04656347
64664.195,11.803946,1.3732418,0.04692473,-0.045160834
65672.07,11.803946,1.3822168,0.043886647,-0.043783806
66679.945,11.803946,1.3913606,0.04121971,-0.042498473
67687.82,11.803946,1.4002119,0.03906693,-0.041361496
68695.695,11.803946,1.408335,0.037519604,-0.04041569
69703.57,11.803946,1.4153565,0.036608286,-0.03968687
70711.445,11.803946,1.4209987,0.03629902,-0.03918217
71719.32,11.803946,1.4251008,0.036496688,-0.038890168
72727.195,11.803946,1.427632,0.03705454,-0.038782503
73735.08,11.803946,1.4286926,0.03779043,-0.038817532
74742.95,11.803946,1.428501,0.03850728,-0.038944826
75750.83,11.803946,1.4273727,0.03901679,-0.03911113
76758.7,11.803946,1.4256876,0.039163616,-0.03926638
77766.58,11.803946,1.4238484,0.038847152,-0.039369695
78774.45,11.803946,1.4222412,0.03803821,-0.039394304
79782.33,11.803946,1.4211913,0.03678736,-0.039331004
80790.2,11.803946,1.420927,0.03522331,-0.03918935
81798.08,11.803946,1.4215524,0.03353951,-0.038996425
82805.95,11.803946,1.4230351,0.03196832,-0.038792588
83813.83,11.803946,1.4252093,0.030746235,-0.038625073
84821.7,11.803946,1.4277982,0.030070517,-0.038539186
85829.58,11.803946,1.4304535,0.030056138,-0.03856889
86837.45,11.803946,1.4328105,0.030698108,-0.03872782
87845.33,11.803946,1.4345496,0.031849004,-0.03900258
88853.2,11.803946,1.4354601,0.033221737,-0.039350577
89861.08,11.803946,1.4354923,0.03442567,-0.039704014
90868.95,11.803946,1.4347864,0.035041556,-0.03998178
91876.83,11.803946,1.4336641,0.034734398,-0.040109374
92884.71,11.803946,1.4325747,0.033392023,-0.040045142
93892.586,11.803946,1.4319894,0.031259034,-0.039807986
94900.46,11.803946,1.432252,0.029011553,-0.039496668
95908.336,11.803946,1.433406,0.027681775,-0.039284635
96916.21,11.803946,1.4350533,0.028292753,-0.039364707
97924.086,11.803946,1.4363229,0.030998986,-0.039805472
98931.96,11.803946,1.4360975,0.03344357,-0.04026568
99939.836,11.803946,1.4336895,0.027934035,-0.03949184
160.16696,12.409277,0.66228664,0.3293279,-0.04177725
1168.0425,12.409277,0.65221137,0.19100301,-0.049290083
2175.918,12.409277,0.6408233,0.14842674,-0.057187773
3183.7935,12.409277,0.634948,0.14576077,-0.06318021
4191.669,12.409277,0.63465935,0.15417916,-0.06686322
5199.5444,12.409277,0.63746566,0.16102855,-0.06871495
6207.42,12.409277,0.6406284,0.16261101,-0.06949482
7215.2954,12.409277,0.64224714,0.15957858,-0.069916934
8223.171,12.409277,0.6415815,0.15416548,-0.07050313
9231.046,12.409277,0.63893354,0.14867,-0.07154646
10238.922,12.409277,0.63532615,0.1447537,-0.073136255
11246.798,12.409277,0.6321241,0.14324132,-0.075211585
12254.673,12.409277,0.6306884,0.14420132,-0.0776217
13262.548,12.409277,0.63211125,0.14715633,-0.08018088
14270.424,12.409277,0.6370532,0.15132792,-0.08271096
15278.3,12.409277,0.6456759,0.15585838,-0.08506932
16286.175,12.409277,0.65765905,0.15998048,-0.08716336
17294.049,12.409277,0.67228055,0.16312642,-0.088952854
18301.924,12.409277,0.6885391,0.16497743,-0.090443715
19309.8,12.409277,0.70529413,0.16546458,-0.091676265
20317.676,12.409277,0.72140837,0.16473264,-0.0927105
21325.55,12.409277,0.73587465,0.16308214,-0.09361149
22333.428,12.409277,0.74791974,0.16090061,-0.09443615
23341.303,12.409277,0.75707304,0.15859485,-0.095223404
24349.178,12.409277,0.7632045,0.15653147,-0.0959876
25357.053,12.409277,0.7665267,0.15499145,-0.096716255
26364.928,12.409277,0.7675663,0.15414102,-0.09737116
27372.805,12.409277,0.76711345,0.15401968,-0.09789275
28380.68,12.409277,0.76614684,0.15454398,-0.098206766
29388.555,12.409277,0.76575387,0.15552476,-0.09823242
30396.432,12.409277,0.76704216,0.15669376,-0.09789105
31404.307,12.409277,0.7710564,0.15773663,-0.09711445
32412.182,12.409277,0.77870077,0.15832818,-0.09585232
33420.06,12.409277,0.79067665,0.15816595,-0.09407802
34427.934,12.409277,0.8074377,0.15700015,-0.091792144
35435.81,12.409277,0.82915944,0.15465653,-0.0890242
36443.684,12.409277,0.85573405,0.15105157,-0.08583163
37451.562,12.409277,0.8867778,0.1461989,-0.08229706
38459.438,12.409277,0.9216599,0.14020729,-0.07852346
39467.312,12.409277,0.95954466,0.13327032,-0.07462814
40475.188,12.409277,0.99944264,0.12565002,-0.07073532
41483.062,12.409277,1.040272,0.11765535,-0.06696893
42490.938,12.409277,1.080921,0.10961762,-0.063444875
43498.812,12.409277,1.1203115,0.10186545,-0.06026434
44506.69,12.409277,1.1574563,0.09470049,-0.057507887
45514.566,12.409277,1.1915104,0.088376075,-0.055231042
46522.44,12.409277,1.2218117,0.08308029,-0.05346158
47530.316,12.409277,1.2479081,0.07892455,-0.052198455
48538.19,12.409277,1.2695751,0.07593815,-0.05141271
49546.066,12.409277,1.2868141,0.07406935,-0.051050007
50553.938,12.409277,1.2998419,0.073192164,-0.05103478
51561.812,12.409277,1.3090675,0.07311868,-0.05127551
52569.688,12.409277,1.3150566,0.07361581,-0.051671013
53577.562,12.409277,1.3184915,0.074424416,-0.05211709
54585.438,12.409277,1.3201207,0.07528059,-0.052513275
55593.312,12.409277,1.3207152,0.07593604,-0.052769132
56601.19,12.409277,1.3210149,0.07617722,-0.052809794
57609.066,12.409277,1.3216884,0.075840965,-0.052580368
58616.94,12.409277,1.3232923,0.07482593,-0.052048765
59624.816,12.409277,1.3262432,0.073099,-0.05120715
60632.69,12.409277,1.3307992,0.07069561,-0.050071552
61640.566,12.409277,1.3370507,0.067714706,-0.048679803
62648.44,12.409277,1.3449255,0.064308465,-0.04708824
63656.32,12.409277,1.3542016,0.060667474,-0.045366682
64664.195,12.409277,1.3645334,0.057002455,-0.043593075
65672.07,12.409277,1.3754847,0.053524647,-0.041847132
66679.945,12.409277,1.386565,0.05042593,-0.040204365
67687.82,12.409277,1.3972734,0.047860563,-0.038730145
68695.695,12.409277,1.4071382,0.045930326,-0.037474994
69703.57,12.409277,1.4157563,0.044674795,-0.036470897
70711.445,12.409277,1.4228247,0.04406727,-0.03572949
71719.32,12.409277,1.4281642,0.044017613,-0.03524172
72727.195,12.409277,1.4317324,0.0443818,-0.034979604
73735.08,12.409277,1.4336263,0.044977598,-0.03489966
74742.95,12.409277,1.4340699,0.04560507,-0.034947842
75750.83,12.409277,1.4333909,0.04607068,-0.035065584
76758.7,12.409277,1.4319891,0.04621146,-0.035196327
77766.58,12.409277,1.4302971,0.04591728,-0.035291918
78774.45,12.409277,1.4287336,0.04514821,-0.035318203
79782.33,12.409277,1.4276615,0.04394369,-0.035259
80790.2,12.409277,1.4273486,0.042421646,-0.03511791
81798.08,12.409277,1.427937,0.040765967,-0.034917466
82805.95,12.409277,1.429428,0.039202005,-0.034695484
83813.83,12.409277,1.4316825,0.0379617,-0.034498587
84821.7,12.409277,1.4344392,0.037241906,-0.034373716
85829.58,12.409277,1.437354,0.03716068,-0.034358367
86837.45,12.409277,1.4400517,0.037719853,-0.034471072
87845.33,12.409277,1.4421905,0.03878165,-0.034704227
88853.2,12.409277,1.4435282,0.04007038,-0.03502082
89861.08,12.409277,1.4439793,0.041206367,-0.035357587
90868.95,12.409277,1.4436506,0.041778695,-0.035635848
91876.83,12.409277,1.442843,0.041455597,-0.035780586
92884.71,12.409277,1.4420077,0.04012048,-0.03574616
93892.586,12.409277,1.4416481,0.03800465,-0.03554424
94900.46,12.409277,1.4421703,0.035763003,-0.035264254
95908.336,12.409277,1.4437014,0.034402896,-0.035070803
96916.21,12.409277,1.4459143,0.0349294,-0.03515252
97924.086,12.409277,1.4479299,0.03750538,-0.035585266
98931.96,12.409277,1.4484254,0.03984087,-0.036056284
99939.836,12.409277,1.4461167,0.0344194,-0.035374522
160.16696,13.014606,0.6797892,0.33360463,-0.042526
1168.0425,13.014606,0.67499113,0.19695203,-0.052763816
2175.918,13.014606,0.6642405,0.15514451,-0.06139835
3183.7935,13.014606,0.6567764,0.15285306,-0.06732012
4191.669,13.014606,0.65438336,0.1615078,-0.0707733
5199.5444,13.014606,0.65564847,0.16856518,-0.07254141
6207.42,13.014606,0.65839016,0.17035937,-0.07348068
7215.2954,13.014606,0.66086745,0.16753954,-0.074286
8223.171,13.014606,0.6622218,0.16232623,-0.07540525
9231.046,13.014606,0.6624691,0.15700574,-0.07704175
10238.922,13.014606,0.66226697,0.1532338,-0.079201736
11246.798,13.014606,0.662606,0.15183583,-0.081759416
12254.673,13.014606,0.6645131,0.15288594,-0.08452144
13262.548,13.014606,0.66881824,0.15591495,-0.08728108
14270.424,13.014606,0.6760049,0.16015226,-0.089857794
15278.3,13.014606,0.6861464,0.16474627,-0.092120804
16286.175,13.014606,0.6989145,0.16893317,-0.09399899
17294.049,13.014606,0.71364677,0.17214504,-0.09547895
18301.924,13.014606,0.72945136,0.17406021,-0.09659532
19309.8,13.014606,0.7453275,0.17460456,-0.097416036
20317.676,13.014606,0.76029116,0.17391661,-0.098025806
21325.55,13.014606,0.7734849,0.17229033,-0.09851015
22333.428,13.014606,0.7842665,0.17010769,-0.09894179
23341.303,13.014606,0.7922712,0.16777165,-0.09937057
24349.178,13.014606,0.7974403,0.16564767,-0.09981733
25357.053,13.014606,0.80002123,0.16401805,-0.10027224
26364.928,13.014606,0.80054003,0.16305336,-0.10069663
27372.805,13.014606,0.7997525,0.16280013,-0.10102816
28380.68,13.014606,0.7985766,0.16318418,-0.101188265
29388.555,13.014606,0.7980174,0.16402712,-0.10109095
30396.432,13.014606,0.79908776,0.16507263,-0.100652136
31404.307,13.014606,0.8027308,0.16601829,-0.099798456
32412.182,13.014606,0.8097539,0.16655034,-0.09847499
33420.06,13.014606,0.8207705,0.16637646,-0.09665109
34427.934,13.014606,0.83616155,0.16525513,-0.09432443
35435.81,13.014606,0.85604954,0.16301802,-0.09152224
36443.684,13.014606,0.8802976,0.15958479,-0.08830058
37451.562,13.014606,0.9085183,0.15496963,-0.0847413
38459.438,13.014606,0.9401007,0.14927876,-0.08094706
39467.312,13.014606,0.9742526,0.14270082,-0.077035144
40475.188,13.014606,1.0100491,0.13549034,-0.07312989
41483.062,13.014606,1.0464911,0.12794678,-0.06935522
42490.938,13.014606,1.082562,0.120390415,-0.06582688
43498.812,13.014606,1.117287,0.11313783,-0.06264557
44506.69,13.014606,1.1497872,0.106477894,-0.059890937
45514.566,13.014606,1.1793234,0.100651205,-0.057617195
46522.44,13.014606,1.2053353,0.095833756,-0.055850245
47530.316,13.014606,1.2274619,0.09212527,-0.054586843
48538.19,13.014606,1.2455579,0.08954484,-0.05379536
49546.066,13.014606,1.2596887,0.08803187,-0.05341857
50553.938,13.014606,1.2701185,0.087453105,-0.05337779
51561.812,13.014606,1.2772857,0.08761516,-0.05357833
52569.688,13.014606,1.2817686,0.08828127,-0.053915896
53577.562,13.014606,1.2842442,0.08919042,-0.054283388
54585.438,13.014606,1.2854424,0.09007836,-0.054577805
55593.312,13.014606,1.2861006,0.090698265,-0.05470672
56601.19,13.014606,1.2869145,0.09083919,-0.05459384
57609.066,13.014606,1.2885,0.09034215,-0.054183587
58616.94,13.014606,1.2913551,0.08911097,-0.05344409
59624.816,13.014606,1.2958357,0.087118566,-0.052368578
60632.69,13.014606,1.3021362,0.08440741,-0.05097509
61640.566,13.014606,1.3102862,0.08108405,-0.049304493
62648.44,13.014606,1.3201543,0.07730887,-0.04741696
63656.32,13.014606,1.3314656,0.073280886,-0.045387067
64664.195,13.014606,1.3438263,0.06921975,-0.043298163
65672.07,13.014606,1.3567572,0.065345556,-0.041235946
66679.945,13.014606,1.3697317,0.061858937,-0.039282117
67687.82,13.014606,1.38222,0.058922686,-0.03750845
68695.695,13.014606,1.3937273,0.05664651,-0.035971507
69703.57,13.014606,1.4038329,0.055077173,-0.034708973
70711.445,13.014606,1.4122213,0.054194,-0.033737194
71719.32,13.014606,1.4187076,0.05391156,-0.03305086
72727.195,13.014606,1.4232477,0.054088768,-0.032624308
73735.08,13.014606,1.4259411,0.054544456,-0.03241486
74742.95,13.014606,1.4270189,0.055077687,-0.032367595
75750.83,13.014606,1.42682,0.05549161,-0.032421347
76758.7,13.014606,1.425761,0.055617865,-0.03251536
77766.58,13.014606,1.4242921,0.055338863,-0.032595843
78774.45,13.014606,1.4228569,0.05460559,-0.032622024
79782.33,13.014606,1.4218434,0.05344747,-0.032570437
80790.2,13.014606,1.4215474,0.05197201,-0.03243742
81798.08,13.014606,1.4221395,0.050353132,-0.03223892
82805.95,13.014606,1.423648,0.048807815,-0.03200749
83813.83,13.014606,1.4259578,0.047562025,-0.031786423
84821.7,13.014606,1.4288261,0.046809964,-0.031621866
85829.58,13.014606,1.4319202,0.046670955,-0.031553306
86837.45,13.014606,1.4348676,0.0471521,-0.031604137
87845.33,13.014606,1.4373195,0.04812476,-0.031773955
88853.2,13.014606,1.439018,0.04932485,-0.032034513
89861.08,13.014606,1.4398557,0.05038528,-0.03233151
90868.95,13.014606,1.4399154,0.050905816,-0.03259357
91876.83,13.014606,1.4394794,0.050560612,-0.03274923
92884.71,13.014606,1.4389914,0.049230836,-0.032750778
93892.586,13.014606,1.4389664,0.047135483,-0.032600697
94900.46,13.014606,1.4398448,0.044906385,-0.032372452
95908.336,13.014606,1.4418087,0.043521572,-0.032210946
96916.21,13.014606,1.4445851,0.043962114,-0.032289542
97924.086,13.014606,1.4473091,0.046394963,-0.03268873
98931.96,13.014606,1.4485451,0.048603095,-0.03314671
99939.836,13.014606,1.4466292,0.043277357,-0.032612313
160.16696,13.619938,0.69588006,0.33797956,-0.0433295
1168.0425,13.619938,0.6974061,0.20312867,-0.056570757
2175.918,13.619938,0.68798286,0.16205198,-0.06595436
3183.7935,13.619938,0.6793165,0.1600908,-0.0717631
4191.669,13.619938,0.67500955,0.16898446,-0.07497308
5199.5444,13.619938,0.6748375,0.1762975,-0.07668891
6207.42,13.619938,0.67725855,0.17837316,-0.07784914
7215.2954,13.619938,0.68073964,0.175832,-0.07910622
8223.171,13.619938,0.6843191,0.17086133,-0.08081389
9231.046,13.619938,0.68771356,0.16572517,-0.08307258
10238.922,13.619938,0.6911868,0.16207197,-0.08580054
11246.798,13.619938,0.6953171,0.16073346,-0.088808626
12254.673,13.619938,0.7007598,0.16179885,-0.0918667
13262.548,13.619938,0.70805156,0.16481774,-0.09475515
14270.424,13.619938,0.71747875,0.169038,-0.09729914
15278.3,13.619938,0.7290175,0.17362222,-0.09938681
16286.175,13.619938,0.7423377,0.17781515,-0.10097365
17294.049,13.619938,0.75685185,0.18105133,-0.10207611
18301.924,13.619938,0.77180046,0.18300582,-0.1027586
19309.8,13.619938,0.7863546,0.18359672,-0.10311633
20317.676,13.619938,0.7997137,0.18295242,-0.10325736
21325.55,13.619938,0.8112017,0.18135595,-0.10328609
22333.428,13.619938,0.8203348,0.17917961,-0.103289604
23341.303,13.619938,0.8268758,0.17681926,-0.103327915
24349.178,13.619938,0.8308503,0.17463684,-0.10342854
25357.053,13.619938,0.8325472,0.1729154,-0.103585325
26364.928,13.619938,0.83248866,0.17183076,-0.10376114
27372.805,13.619938,0.83138585,0.17143857,-0.10389347
28380.68,13.619938,0.83007777,0.17167716,-0.10390243
29388.555,13.619938,0.82946485,0.17238308,-0.10369995
30396.432,13.619938,0.8304377,0.1733161,-0.103199184
31404.307,13.619938,0.83381224,0.17418988,-0.10232354
32412.182,13.619938,0.8402695,0.17470568,-0.10101445
33420.06,13.619938,0.8503105,0.17458387,-0.09923729
34427.934,13.619938,0.86422044,0.17359266,-0.09698519
35435.81,13.619938,0.882055,0.17156969,-0.09428051
36443.684,13.619938,0.90363675,0.16843656,-0.09117402
37451.562,13.619938,0.9285697,0.16420515,-0.087742
38459.438,13.619938,0.9562669,0.1589755,-0.084081344
39467.312,13.619938,0.98598886,0.15292628,-0.08030339
40475.188,13.619938,1.016892,0.1462991,-0.07652688
41483.062,13.619938,1.0480782,0.13937816,-0.072870255
42490.938,13.619938,1.0786507,0.13246699,-0.06944445
43498.812,13.619938,1.1077657,0.12586468,-0.06634597
44506.69,13.619938,1.1346781,0.11984298,-0.063651085
45514.566,13.619938,1.1587833,0.11462621,-0.061411694
46522.44,13.619938,1.179646,0.11037536,-0.059652355
47530.316,13.619938,1.1970195,0.107178025,-0.05836942
48538.19,13.619938,1.2108551,0.10504309,-0.05753187
49546.066,13.619938,1.2212942,0.10390271,-0.057083882
50553.938,13.619938,1.228656,0.10361923,-0.05694879
51561.812,13.619938,1.2334108,0.10399754,-0.057034396
52569.688,13.619938,1.2361442,0.10480174,-0.057239152
53577.562,13.619938,1.2375212,0.10577368,-0.057458688
54585.438,13.619938,1.2382379,0.10665415,-0.05759258
55593.312,13.619938,1.2389815,0.10720218,-0.057550546
56601.19,13.619938,1.2403854,0.10721422,-0.05725812
57609.066,13.619938,1.2429917,0.106538735,-0.056660876
58616.94,13.619938,1.2472206,0.10508746,-0.055727705
59624.816,13.619938,1.2533463,0.10284092,-0.054452095
60632.69,13.619938,1.2614843,0.09984904,-0.052852035
61640.566,13.619938,1.2715893,0.096225135,-0.050968245
62648.44,13.619938,1.2834618,0.092136,-0.04886073
63656.32,13.619938,1.2967678,0.08778663,-0.04660434
64664.195,13.619938,1.3110642,0.08340214,-0.044283126
65672.07,13.619938,1.3258333,0.079207756,-0.041984204
66679.945,13.619938,1.3405211,0.075409174,-0.039791517
67687.82,13.619938,1.3545775,0.07217409,-0.03777993
68695.695,13.619938,1.3674991,0.06961696,-0.036009952
69703.57,13.619938,1.3788611,0.06778926,-0.034523733
70711.445,13.619938,1.3883519,0.066674724,-0.033342596
71719.32,13.619938,1.3957921,0.066191964,-0.03246618
72727.195,13.619938,1.4011476,0.06620321,-0.03187345
73735.08,13.619938,1.4045277,0.06652948,-0.031525433
74742.95,13.619938,1.4061738,0.066970795,-0.03136964
75750.83,13.619938,1.4064366,0.06732954,-0.03134575
76758.7,13.619938,1.4057422,0.06743458,-0.031391714
77766.58,13.619938,1.4045521,0.06716374,-0.031450443
78774.45,13.619938,1.4033201,0.06646137,-0.031475704
79782.33,13.619938,1.4024458,0.06534852,-0.03143691
80790.2,13.619938,1.402239,0.06392315,-0.03132207
81798.08,13.619938,1.4028844,0.06234955,-0.03113837
82805.95,13.619938,1.4044279,0.06083539,-0.030910272
83813.83,13.619938,1.4067711,0.059599213,-0.03067467
84821.7,13.619938,1.409691,0.058830515,-0.030474065
85829.58,13.619938,1.4128721,0.058647677,-0.030348066
86837.45,13.619938,1.4159558,0.059061274,-0.030324377
87845.33,13.619938,1.4186037,0.05995043,-0.030411094
88853.2,13.619938,1.4205619,0.061062656,-0.030591939
89861.08,13.619938,1.4217199,0.06204425,-0.030826177
90868.95,13.619938,1.4221513,0.06250769,-0.03105507
91876.83,13.619938,1.4221246,0.062135663,-0.03121546
92884.71,13.619938,1.4220679,0.060809847,-0.031259704
93892.586,13.619938,1.4224848,0.05873808,-0.031179424
94900.46,13.619938,1.4238164,0.056528717,-0.03102509
95908.336,13.619938,1.4262578,0.055127233,-0.03091044
96916.21,13.619938,1.4295655,0.055485234,-0.030981205
97924.086,13.619938,1.4329062,0.05776906,-0.03131905
98931.96,13.619938,1.4348495,0.059837297,-0.03173711
99939.836,13.619938,1.4336473,0.054611087,-0.031407833
160.16696,14.225268,0.71085626,0.34242705,-0.04422908
1168.0425,14.225268,0.71949023,0.20951943,-0.060685467
2175.918,14.225268,0.7120165,0.16913413,-0.07082521
3183.7935,14.225268,0.7026137,0.16745153,-0.07649726
4191.669,14.225268,0.696729,0.17657846,-0.07946901
5199.5444,14.225268,0.69535613,0.18418938,-0.0811691
6207.42,14.225268,0.69762117,0.18661514,-0.08259877
7215.2954,14.225268,0.7022169,0.18442175,-0.08434583
8223.171,14.225268,0.7080884,0.17974293,-0.08665344
9231.046,14.225268,0.7146569,0.17480871,-0.089512214
10238.922,14.225268,0.7217887,0.17125735,-0.09275337
11246.798,14.225268,0.7296467,0.16993093,-0.09613172
12254.673,14.225268,0.7385111,0.17094213,-0.09939071
13262.548,14.225268,0.7486224,0.17386964,-0.10230887
14270.424,14.225268,0.76007164,0.17798963,-0.104726866
15278.3,14.225268,0.77274376,0.18248741,-0.106558934
16286.175,14.225268,0.7863136,0.1866221,-0.10779125
17294.049,14.225268,0.800282,0.18983364,-0.108471386
18301.924,14.225268,0.814038,0.19179422,-0.10869207
19309.8,14.225268,0.8269362,0.19241278,-0.10857253
20317.676,14.225268,0.83837867,0.1918044,-0.10824011
21325.55,14.225268,0.8478822,0.19023752,-0.1078138
22333.428,14.225268,0.8551353,0.18807109,-0.10739134
23341.303,14.225268,0.8600339,0.18569061,-0.10704036
24349.178,14.225268,0.86269474,0.18345234,-0.1067938
25357.053,14.225268,0.863446,0.1816395,-0.10664957
26364.928,14.225268,0.8628022,0.1804333,-0.10657372
27372.805,14.225268,0.8614205,0.17990023,-0.106506474
28380.68,14.225268,0.86004966,0.17999367,-0.10637016
29388.555,14.225268,0.85946935,0.18056832,-0.106078446
30396.432,14.225268,0.860432,0.18140338,-0.105545394
31404.307,14.225268,0.86360765,0.18223207,-0.10469428
32412.182,14.225268,0.8695344,0.18277341,-0.1034649
33420.06,14.225268,0.8785834,0.18276255,-0.101819344
34427.934,14.225268,0.8909331,0.18197834,-0.09974566
35435.81,14.225268,0.90655774,0.18026425,-0.097259164
36443.684,14.225268,0.92523414,0.17754233,-0.094401956
37451.562,14.225268,0.94655454,0.17381965,-0.09123999
38459.438,14.225268,0.9699565,0.16918626,-0.087858945
39467.312,14.225268,0.99475956,0.16380662,-0.084358335
40475.188,14.225268,1.0202084,0.15790455,-0.08084508
41483.062,14.225268,1.0455207,0.15174383,-0.077426486
42490.938,14.225268,1.0699348,0.14560622,-0.074203506
43498.812,14.225268,1.0927538,0.13976897,-0.07126449
44506.69,14.225268,1.1133859,0.13448285,-0.068679795
45514.566,14.225268,1.131378,0.1299531,-0.066497624
46522.44,14.225268,1.1464384,0.12632462,-0.064741686
47530.316,14.225268,1.1584496,0.123671874,-0.063409984
48538.19,14.225268,1.1674716,0.12199498,-0.06247548
49546.066,14.225268,1.1737337,0.12122092,-0.06188845
50553.938,14.225268,1.177615,0.121210866,-0.061579853
51561.812,14.225268,1.1796192,0.121772215,-0.061466213
52569.688,14.225268,1.1803391,0.12267442,-0.061455138
53577.562,14.225268,1.1804199,0.123667605,-0.061451178
54585.438,14.225268,1.1805164,0.12450205,-0.061362118
55593.312,14.225268,1.181254,0.12494798,-0.061104633
56601.19,14.225268,1.1831893,0.12481286,-0.060609367
57609.066,14.225268,1.1867764,0.123956256,-0.059825398
58616.94,14.225268,1.1923419,0.122299716,-0.05872278
59624.816,14.225268,1.2000644,0.11983262,-0.057294346
60632.69,14.225268,1.2099673,0.11661193,-0.055555712
61640.566,14.225268,1.2219195,0.11275678,-0.053543754
62648.44,14.225268,1.2356477,0.10843772,-0.051313885
63656.32,14.225268,1.2507545,0.103862375,-0.048935935
64664.195,14.225268,1.2667475,0.09925741,-0.046489216
65672.07,14.225268,1.2830755,0.094848946,-0.044057027
66679.945,14.225268,1.299163,0.090843245,-0.041720763
67687.82,14.225268,1.3144535,0.087408654,-0.039554477
68695.695,14.225268,1.3284457,0.084660776,-0.03761977
69703.57,14.225268,1.3407266,0.08265288,-0.035961878
70711.445,14.225268,1.3510022,0.081371225,-0.034606956
71719.32,14.225268,1.3591132,0.08073738,-0.033560775
72727.195,14.225268,1.3650459,0.08061718,-0.032809217
73735.08,14.225268,1.3689293,0.08083518,-0.032320276
74742.95,14.225268,1.3710191,0.08119434,-0.032047663
75750.83,14.225268,1.3716776,0.08149908,-0.031935573
76758.7,14.225268,1.3713357,0.08157881,-0.03192431
77766.58,14.225268,1.3704569,0.081309736,-0.03195616
78774.45,14.225268,1.3694919,0.08063258,-0.031981237
79782.33,14.225268,1.3688365,0.079562575,-0.031962354
80790.2,14.225268,1.3687962,0.0781897,-0.031878274
81798.08,14.225268,1.3695557,0.07666916,-0.03172554
82805.95,14.225268,1.3711616,0.0751991,-0.031517535
83813.83,14.225268,1.373526,0.07398927,-0.031281516
84821.7,14.225268,1.3764404,0.0732226,-0.031053243
85829.58,14.225268,1.3796101,0.073014215,-0.030870108
86837.45,14.225268,1.3827031,0.073375985,-0.030763345
87845.33,14.225268,1.3854083,0.0741932,-0.030750625
88853.2,14.225268,1.3874977,0.075223915,-0.030830584
89861.08,14.225268,1.3888801,0.076128185,-0.030980714
90868.95,14.225268,1.3896385,0.07653282,-0.0311604
91876.83,14.225268,1.3900362,0.07613125,-0.031319644
92884.71,14.225268,1.3904803,0.07480835,-0.031413697
93892.586,14.225268,1.3914409,0.07276312,-0.031421617
94900.46,14.225268,1.3933167,0.07058091,-0.031364113
95908.336,14.225268,1.396268,0.069172956,-0.03131193
96916.21,14.225268,1.4000431,0.06945701,-0.0313705
97924.086,14.225268,1.4038563,0.07159384,-0.03161843
98931.96,14.225268,1.4064181,0.07351659,-0.031967923
99939.836,14.225268,1.4062604,0.06838972,-0.031900644
160.16696,14.830599,0.72505647,0.34693134,-0.045276843
1168.0425,14.830599,0.74127525,0.2161058,-0.06507991
2175.918,14.830599,0.7362465,0.17637253,-0.0759748
3183.7935,14.830599,0.7266039,0.17491336,-0.081504
4191.669,14.830599,0.7195914,0.18426074,-0.08425921
5199.5444,14.830599,0.7173735,0.19220348,-0.085982375
6207.42,14.830599,0.7197086,0.19504121,-0.087714106
7215.2954,14.830599,0.72549886,0.1932617,-0.08995678
8223.171,14.830599,0.73359776,0.18892524,-0.0928317
9231.046,14.830599,0.7431462,0.1842157,-0.0962184
10238.922,14.830599,0.7536383,0.18075757,-0.09986839
11246.798,14.830599,0.7648506,0.17940536,-0.10349274
12254.673,14.830599,0.7767187,0.18030205,-0.10682295
13262.548,14.830599,0.7892155,0.1830645,-0.10964922
14270.424,14.830599,0.80226105,0.1870062,-0.11183863
15278.3,14.830599,0.8156666,0.1913428,-0.113338575
16286.175,14.830599,0.8291283,0.19535373,-0.114169024
17294.049,14.830599,0.8422413,0.19848794,-0.11440781
18301.924,14.830599,0.8545476,0.20041583,-0.11417216
19309.8,14.830599,0.8655888,0.20103642,-0.11359957
20317.676,14.830599,0.87496364,0.20044947,-0.11282981
21325.55,14.830599,0.8823795,0.19890614,-0.11198975
22333.428,14.830599,0.887691,0.19674867,-0.1111819
23341.303,14.830599,0.89092296,0.19434993,-0.110477194
24349.178,14.830599,0.89227456,0.19205862,-0.10991141
25357.053,14.830599,0.89210767,0.1901567,-0.109486006
26364.928,14.830599,0.89092255,0.18883096,-0.109171495
27372.805,14.830599,0.8893171,0.18815969,-0.108913675
28380.68,14.830599,0.8879422,0.18811303,-0.10864096
29388.555,14.830599,0.8874509,0.18856595,-0.108273186
30396.432,14.830599,0.88845176,0.18931964,-0.10772982
31404.307,14.830599,0.8914621,0.19012916,-0.10693786
32412.182,14.830599,0.8968722,0.19073315,-0.10583858
33420.06,14.830599,0.9049169,0.19088298,-0.10439244
34427.934,14.830599,0.9156621,0.19036853,-0.10258256
35435.81,14.830599,0.9289976,0.18903857,-0.100416005
36443.684,14.830599,0.9446499,0.18681423,-0.097923234
37451.562,14.830599,0.96219796,0.18369538,-0.095155895
38459.438,14.830599,0.98110175,0.17975911,-0.09218323
39467.312,14.830599,1.0007408,0.17515184,-0.08908714
40475.188,14.830599,1.0204508,0.17007545,-0.08595676
41483.062,14.830599,1.0395688,0.1647693,-0.082882494
42490.938,14.830599,1.0574719,0.15948977,-0.07995025
43498.812,14.830599,1.0736177,0.15448867,-0.07723606
44506.69,14.830599,1.0875752,0.14999315,-0.07480143
45514.566,14.830599,1.099051,0.14618775,-0.072689794
46522.44,14.830599,1.107905,0.14320049,-0.07092422
47530.316,14.830599,1.114157,0.14109352,-0.06950628
48538.19,14.830599,1.117984,0.13985945,-0.06841647
49546.066,14.830599,1.1197081,0.13942288,-0.06761578
50553.938,14.830599,1.119773,0.1396473,-0.06704868
51561.812,14.830599,1.1187187,0.14034677,-0.066646755
52569.688,14.830599,1.117146,0.14130087,-0.06633329
53577.562,14.830599,1.1156789,0.14227262,-0.06602836
54585.438,14.830599,1.1149269,0.14302681,-0.06565372
55593.312,14.830599,1.1154484,0.14334878,-0.06513787
56601.19,14.830599,1.1177154,0.14306085,-0.06442044
57609.066,14.830599,1.1220859,0.1420361,-0.063455984
58616.94,14.830599,1.1287842,0.14020778,-0.062216435
59624.816,14.830599,1.1378846,0.13757461,-0.06069302
60632.69,14.830599,1.1493115,0.13419998,-0.05889642
61640.566,14.830599,1.1628416,0.13020654,-0.0568559
62648.44,14.830599,1.1781222,0.12576601,-0.054617316
63656.32,14.830599,1.194691,0.12108486,-0.052239984
64664.195,14.830599,1.2120097,0.11638683,-0.049792644
65672.07,14.830599,1.2294959,0.11189425,-0.047348913
66679.945,14.830599,1.2465609,0.10780917,-0.044982493
67687.82,14.830599,1.262651,0.10429604,-0.042762194
68695.695,14.830599,1.277279,0.1014678,-0.04074753
69703.57,14.830599,1.2900584,0.09937614,-0.03898503
70711.445,14.830599,1.3007251,0.098007716,-0.037505172
71719.32,14.830599,1.3091545,0.09728616,-0.03632096
72727.195,14.830599,1.3153641,0.0970808,-0.035427447
73735.08,14.830599,1.3195112,0.09722092,-0.034802817
74742.95,14.830599,1.3218724,0.097514726,-0.034410894
75750.83,14.830599,1.3228207,0.09777141,-0.034204483
76758.7,14.830599,1.3227888,0.09782424,-0.034129955
77766.58,14.830599,1.3222324,0.097551614,-0.034132227
78774.45,14.830599,1.3215867,0.096893884,-0.03415992
79782.33,14.830599,1.3212276,0.09586312,-0.034169987
80790.2,14.830599,1.3214372,0.09454379,-0.034131534
81798.08,14.830599,1.32238,0.09308298,-0.03402862
82805.95,14.830599,1.3240904,0.091669396,-0.033860903
83813.83,14.830599,1.3264762,0.09050329,-0.033642605
84821.7,14.830599,1.3293371,0.0897593,-0.03339964
85829.58,14.830599,1.332402,0.08954714,-0.03316473
86837.45,14.830599,1.3353729,0.08987733,-0.032971412
87845.33,14.830599,1.337985,0.090639345,-0.03284763
88853.2,14.830599,1.3400582,0.091600426,-0.03280954
89861.08,14.830599,1.3415462,0.09243399,-0.032857295
90868.95,14.830599,1.3425626,0.092781805,-0.032973725
91876.83,14.830599,1.3433768,0.092350386,-0.03312687
92884.71,14.830599,1.344374,0.09103022,-0.03327767
93892.586,14.830599,1.3459654,0.08901426,-0.033391573
94900.46,14.830599,1.348465,0.086866654,-0.033453137
95908.336,14.830599,1.3519423,0.0854641,-0.03347884
96916.21,14.830599,1.3560921,0.0856879,-0.0335212
97924.086,14.830599,1.3601874,0.08768808,-0.033651534
98931.96,14.830599,1.3632259,0.08946769,-0.033903513
99939.836,14.830599,1.3644279,0.08443618,-0.034150645
160.16696,15.435929,0.7388451,0.351489,-0.046533313
1168.0425,15.435929,0.76280236,0.22286436,-0.06972617
2175.918,15.435929,0.7605372,0.18374607,-0.081363805
3183.7935,15.435929,0.7511282,0.18245667,-0.08675874
4191.669,15.435929,0.7435096,0.19200663,-0.089331925
5199.5444,15.435929,0.74089485,0.20030443,-0.09111606
6207.42,15.435929,0.74357927,0.2036039,-0.093164936
7215.2954,15.435929,0.75062156,0.20229445,-0.0958774
8223.171,15.435929,0.76077145,0.19834575,-0.09924657
9231.046,15.435929,0.7729142,0.19388476,-0.10304545
10238.922,15.435929,0.7862189,0.19051716,-0.10695838
11246.798,15.435929,0.80013657,0.18911122,-0.110669345
12254.673,15.435929,0.8143196,0.18984511,-0.113915294
13262.548,15.435929,0.8285316,0.19238064,-0.116513364
14270.424,15.435929,0.842565,0.19607589,-0.11836851
15278.3,15.435929,0.8561938,0.20018388,-0.11946791
16286.175,15.435929,0.8691507,0.20400964,-0.119867146
17294.049,15.435929,0.88113284,0.20701417,-0.11967172
18301.924,15.435929,0.8918281,0.20886835,-0.119017586
19309.8,15.435929,0.90095013,0.20946106,-0.11805251
20317.676,15.435929,0.9082762,0.20887594,-0.11691968
21325.55,15.435929,0.91368204,0.2073448,-0.11574509
22333.428,15.435929,0.91716564,0.20519158,-0.1146283
23341.303,15.435929,0.91885954,0.20277408,-0.11363761
24349.178,15.435929,0.9190297,0.20043185,-0.11280808
25357.053,15.435929,0.9180604,0.19844468,-0.112143144
26364.928,15.435929,0.9164278,0.19700459,-0.111618645
27372.805,15.435929,0.9146678,0.19620174,-0.111188345
28380.68,15.435929,0.91333324,0.19602382,-0.110790834
29388.555,15.435929,0.91295487,0.19636726,-0.11035681
30396.432,15.435929,0.9140011,0.19705653,-0.109816
31404.307,15.435929,0.91684335,0.19786961,-0.109103866
32412.182,15.435929,0.9217288,0.19856583,-0.10816675
33420.06,15.435929,0.92876375,0.19891311,-0.10696617
34427.934,15.435929,0.93790334,0.19871247,-0.10548144
35435.81,15.435929,0.94895697,0.1978171,-0.10371081
36443.684,15.435929,0.9616004,0.19614603,-0.1016712
37451.562,15.435929,0.9753966,0.19368973,-0.09939659
38459.438,15.435929,0.98982716,0.19050996,-0.096935324
39467.312,15.435929,1.0043246,0.18673252,-0.09434657
40475.188,15.435929,1.0183123,0.1825344,-0.091696166
41483.062,15.435929,1.0312389,0.17812786,-0.089052245
42490.938,15.435929,1.0426168,0.17374101,-0.086480685
43498.812,15.435929,1.0520519,0.1695986,-0.084041335
44506.69,15.435929,1.0592705,0.16590275,-0.08178405
45514.566,15.435929,1.0641356,0.16281675,-0.0797461
46522.44,15.435929,1.066657,0.16045198,-0.07795012
47530.316,15.435929,1.0669923,0.15885957,-0.076403014
48538.19,15.435929,1.0654366,0.1580266,-0.07509596
49546.066,15.435929,1.0624056,0.15787843,-0.07400528
50553.938,15.435929,1.0584127,0.15828432,-0.07309432
51561.812,15.435929,1.0540371,0.15906888,-0.07231589
52569.688,15.435929,1.0498891,0.16002639,-0.07161546
53577.562,15.435929,1.0465754,0.16093655,-0.07093471
54585.438,15.435929,1.0446628,0.161583,-0.07021524
55593.312,15.435929,1.0446428,0.16176969,-0.0694022
56601.19,15.435929,1.0469042,0.16133656,-0.06844774
57609.066,15.435929,1.0517087,0.16017224,-0.0673141
58616.94,15.435929,1.0591756,0.15822276,-0.06597591
59624.816,15.435929,1.0692747,0.15549561,-0.064421624
60632.69,15.435929,1.0818264,0.15205964,-0.0626547
61640.566,15.435929,1.0965171,0.14803877,-0.06069296
62648.44,15.435929,1.112911,0.14360273,-0.058567908
63656.32,15.435929,1.1304839,0.13895273,-0.056322686
64664.195,15.435929,1.14865,0.13430512,-0.0540096
65672.07,15.435929,1.166802,0.12987366,-0.05168678
66679.945,15.435929,1.1843449,0.12585129,-0.04941473
67687.82,15.435929,1.2007334,0.122394286,-0.047252577
68695.695,15.435929,1.2155071,0.11960866,-0.04525432
69703.57,15.435929,1.2283146,0.117541574,-0.043465506
70711.445,15.435929,1.2389357,0.11617765,-0.04192049
71719.32,15.435929,1.2472904,0.11544151,-0.040640082
72727.195,15.435929,1.2534405,0.115205936,-0.039630637
73735.08,15.435929,1.2575779,0.115305945,-0.038883597
74742.95,15.435929,1.2600065,0.1155569,-0.038376536
75750.83,15.435929,1.2611105,0.11577583,-0.038075034
76758.7,15.435929,1.261323,0.115803204,-0.03793542
77766.58,15.435929,1.2610826,0.11552301,-0.03790856
78774.45,15.435929,1.2607973,0.11487894,-0.037943862
79782.33,15.435929,1.2608063,0.11388307,-0.037993643
80790.2,15.435929,1.2613518,0.11261678,-0.038017314
81798.08,15.435929,1.262558,0.11122075,-0.037984964
82805.95,15.435929,1.2644281,0.109874874,-0.037880115
83813.83,15.435929,1.2668515,0.10876951,-0.037701003
84821.7,15.435929,1.2696279,0.10806949,-0.037460472
85829.58,15.435929,1.2725073,0.10787711,-0.037184045
86837.45,15.435929,1.2752345,0.108199425,-0.03690628
87845.33,15.435929,1.2776035,0.10892736,-0.036665563
88853.2,15.435929,1.2795066,0.1098356,-0.036497746
89861.08,15.435929,1.2809659,0.11060977,-0.036429368
90868.95,15.435929,1.2821501,0.11090692,-0.036471397
91876.83,15.435929,1.2833513,0.110447705,-0.036614697
92884.71,15.435929,1.28493,0.109131135,-0.03682861
93892.586,15.435929,1.2872193,0.10714698,-0.037064355
94900.46,15.435929,1.2904043,0.105041124,-0.03726495
95908.336,15.435929,1.2944052,0.10365719,-0.037382606
96916.21,15.435929,1.2988127,0.103838734,-0.03740539
97924.086,15.435929,1.3029636,0.10572077,-0.03739291
98931.96,15.435929,1.3062907,0.10736791,-0.037519902
99939.836,15.435929,1.3091282,0.10242447,-0.03812538
160.16696,16.04126,0.7525854,0.35611078,-0.048064005
1168.0425,16.04126,0.78413296,0.22976749,-0.07459821
2175.918,16.04126,0.7847406,0.1912312,-0.08695203
3183.7935,16.04126,0.775959,0.19006567,-0.09223108
4191.669,16.04126,0.76827306,0.19979788,-0.09466453
5199.5444,16.04126,0.7657649,0.2084617,-0.09654302
6207.42,16.04126,0.7691176,0.21225496,-0.098906435
7215.2954,16.04126,0.77745676,0.21145475,-0.10203522
8223.171,16.04126,0.7894025,0.20792736,-0.105793044
9231.046,16.04126,0.80360997,0.20373377,-0.1098558
10238.922,16.04126,0.81898963,0.20045675,-0.11385719
11246.798,16.04126,0.83475,0.19897828,-0.1174736
12254.673,16.04126,0.8503502,0.19951437,-0.12046636
13262.548,16.04126,0.86542463,0.20177606,-0.122695506
14270.424,16.04126,0.8797061,0.20517138,-0.124114975
15278.3,16.04126,0.89297235,0.20899558,-0.12475768
16286.175,16.04126,0.90501744,0.21258342,-0.12471528
17294.049,16.04126,0.9156418,0.2154114,-0.124117166
18301.924,16.04126,0.92466503,0.2171524,-0.12311071
19309.8,16.04126,0.9319449,0.21768644,-0.12184427
20317.676,16.04126,0.93740296,0.21708067,-0.1204542
21325.55,16.04126,0.94104445,0.21554714,-0.119055375
22333.428,16.04126,0.9429734,0.21339007,-0.11773567
23341.303,16.04126,0.94339883,0.21095113,-0.116553664
24349.178,16.04126,0.9426272,0.20855972,-0.11553894
25357.053,16.04126,0.941046,0.20649236,-0.11469488
26364.928,16.04126,0.9391015,0.2049455,-0.11400253
27372.805,16.04126,0.9372648,0.20402084,-0.11342594
28380.68,16.04126,0.93599766,0.20372352,-0.112917386
29388.555,16.04126,0.9357209,0.20397115,-0.11242305
30396.432,16.04126,0.93677884,0.2046116,-0.11188814
31404.307,16.04126,0.939415,0.2054459,-0.11126124
32412.182,16.04126,0.9437519,0.2062538,-0.11049825
33420.06,16.04126,0.9497814,0.20681953,-0.10956483
34427.934,16.04126,0.95736307,0.20695448,-0.108438395
35435.81,16.04126,0.96623266,0.20651558,-0.10710892
36443.684,16.04126,0.9760199,0.20541824,-0.10557876
37451.562,16.04126,0.98627293,0.20364255,-0.10386191
38459.438,16.04126,0.9964869,0.20123318,-0.10198245
39467.312,16.04126,1.0061408,0.1982935,-0.09997263
40475.188,16.04126,1.0147299,0.19497447,-0.09787032
41483.062,16.04126,1.0218011,0.19145961,-0.095716745
42490.938,16.04126,1.0269854,0.18794821,-0.093553565
43498.812,16.04126,1.0300206,0.18463713,-0.09142071
44506.69,16.04126,1.0307742,0.18170351,-0.08935394
45514.566,16.04126,1.029252,0.17929015,-0.08738294
46522.44,16.04126,1.0256042,0.17749302,-0.08552997
47530.316,16.04126,1.0201157,0.17635413,-0.08380866
48538.19,16.04126,1.013195,0.17585787,-0.0822236
49546.066,16.04126,1.005351,0.1759326,-0.080770314
50553.938,16.04126,0.9971659,0.1764571,-0.07943589
51561.812,16.04126,0.9892619,0.17727014,-0.0781998
52569.688,16.04126,0.9822662,0.17818363,-0.07703539
53577.562,16.04126,0.9767752,0.17899823,-0.07591168
54585.438,16.04126,0.9733198,0.17951885,-0.07479517
55593.312,16.04126,0.9723349,0.17957062,-0.07365218
56601.19,16.04126,0.9741333,0.17901313,-0.072450705
57609.066,16.04126,0.9788873,0.17775151,-0.071162835
58616.94,16.04126,0.9866189,0.17574465,-0.069766335
59624.816,16.04126,0.9971967,0.1730084,-0.068246424
60632.69,16.04126,1.0103444,0.16961505,-0.0665969
61640.566,16.04126,1.0256563,0.16568756,-0.06482083
62648.44,16.04126,1.0426214,0.16139008,-0.06293091
63656.32,16.04126,1.0606515,0.15691483,-0.060949005
64664.195,16.04126,1.07912,0.15246665,-0.058905408
65672.07,16.04126,1.0973948,0.14824598,-0.056837227
66679.945,16.04126,1.114878,0.14443244,-0.054786727
67687.82,16.04126,1.1310412,0.14116971,-0.05279877
68695.695,16.04126,1.1454554,0.13855335,-0.050918404
69703.57,16.04126,1.1578131,0.13662286,-0.04918812
70711.445,16.04126,1.1679466,0.13535886,-0.047644973
71719.32,16.04126,1.1758304,0.1346856,-0.046318207
72727.195,16.04126,1.181578,0.13447922,-0.0452269
73735.08,16.04126,1.1854246,0.13458139,-0.04437845
74742.95,16.04126,1.1877047,0.13481636,-0.043767624
75750.83,16.04126,1.1888187,0.13501146,-0.043376315
76758.7,16.04126,1.1891943,0.13501737,-0.043174647
77766.58,16.04126,1.1892505,0.13472737,-0.043122515
78774.45,16.04126,1.1893567,0.13409163,-0.043172736
79782.33,16.04126,1.1898007,0.13312578,-0.043274414
80790.2,16.04126,1.1907676,0.13191056,-0.043377407
81798.08,16.04126,1.1923239,0.13058235,-0.043437053
82805.95,16.04126,1.1944224,0.1293133,-0.04341876
83813.83,16.04126,1.1969182,0.12828389,-0.043302245
84821.7,16.04126,1.1996008,0.12764832,-0.043084484
85829.58,16.04126,1.2022364,0.12749986,-0.04278142
86837.45,16.04126,1.2046164,0.12783962,-0.042427093
87845.33,16.04126,1.2066075,0.12855765,-0.04207009
88853.2,16.04126,1.2081919,0.12943362,-0.041767363
89861.08,16.04126,1.2094859,0.130164,-0.041574694
90868.95,16.04126,1.2107351,0.13042033,-0.041535147
91876.83,16.04126,1.212272,0.12993826,-0.041666213
92884.71,16.04126,1.2144357,0.12862718,-0.041948386
93892.586,16.04126,1.2174628,0.12667722,-0.042318594
94900.46,16.04126,1.22137,0.124619685,-0.04267418
95908.336,16.04126,1.2258713,0.123268075,-0.04289524
96916.21,16.04126,1.2304013,0.12342915,-0.0428959
97924.086,16.04126,1.2343607,0.12521884,-0.042719766
98931.96,16.04126,1.2377499,0.12675214,-0.04269755
99939.836,16.04126,1.2424335,0.121887416,-0.043692924
160.16696,16.646591,0.76661736,0.36082223,-0.049935088
1168.0425,16.646591,0.8053585,0.23678504,-0.07967393
2175.918,16.646591,0.80872256,0.19880372,-0.0927011
3183.7935,16.646591,0.80083334,0.1977297,-0.09788676
4191.669,16.646591,0.7935776,0.20762528,-0.10022411
5199.5444,16.646591,0.79168963,0.21665268,-0.10222231
6207.42,16.646591,0.79605013,0.22094989,-0.1048808
7215.2954,16.646591,0.8057295,0.22067435,-0.10835134
8223.171,16.646591,0.8191761,0.21758243,-0.112370975
9231.046,16.646591,0.83484024,0.21366408,-0.11653171
10238.922,16.646591,0.85144615,0.21047626,-0.12043524
11246.798,16.646591,0.8680609,0.20891336,-0.123770826
12254.673,16.646591,0.88405794,0.20922972,-0.12634312
13262.548,16.646591,0.8990403,0.21118775,-0.12807012
14270.424,16.646591,0.9127594,0.21424757,-0.12896495
15278.3,16.646591,0.9250515,0.21774945,-0.1291108
16286.175,16.646591,0.935796,0.22106022,-0.1286351
17294.049,16.646591,0.94489825,0.22367455,-0.12768617
18301.924,16.646591,0.9522871,0.2252689,-0.12641469
19309.8,16.646591,0.9579277,0.22571586,-0.124959625
20317.676,16.646591,0.9618375,0.22506702,-0.12343952
21325.55,16.646591,0.9641013,0.22351496,-0.12194768
22333.428,16.646591,0.9648809,0.22134432,-0.120550826
23341.303,16.646591,0.96441907,0.2188802,-0.11929039
24349.178,16.646591,0.96302986,0.21644112,-0.11818531
25357.053,16.646591,0.96108484,0.21429962,-0.11723589
26364.928,16.646591,0.9589887,0.21265566,-0.116428
27372.805,16.646591,0.95715135,0.21162139,-0.11573725
28380.68,16.646591,0.95595783,0.2112182,-0.11513272
29388.555,16.646591,0.9557371,0.21138391,-0.11458027
30396.432,16.646591,0.9567363,0.2119886,-0.11404515
31404.307,16.646591,0.9590988,0.21285506,-0.113494076
32412.182,16.646591,0.9628505,0.21378246,-0.11289662
33420.06,16.646591,0.9678948,0.21457005,-0.11222638
34427.934,16.646591,0.9740156,0.21503848,-0.1114614
35435.81,16.646591,0.98089045,0.21504745,-0.110584654
36443.684,16.646591,0.98811054,0.21450788,-0.10958408
37451.562,16.646591,0.9952073,0.21338847,-0.10845258
38459.438,16.646591,1.0016848,0.21171652,-0.10718794
39467.312,16.646591,1.0070517,0.2095726,-0.10579244
40475.188,16.646591,1.0108583,0.2070814,-0.10427277
41483.062,16.646591,1.0127261,0.20439836,-0.10263958
42490.938,16.646591,1.0123763,0.20169434,-0.100907
43498.812,16.646591,1.0096542,0.19913942,-0.0990922
44506.69,16.646591,1.0045416,0.19688733,-0.097214565
45514.566,16.646591,0.997164,0.19506198,-0.09529505
46522.44,16.646591,0.98778903,0.19374627,-0.09335528
47530.316,16.646591,0.9768152,0.19297534,-0.09141654
48538.19,16.646591,0.96475255,0.19273335,-0.08949884
49546.066,16.646591,0.9521972,0.19295496,-0.08761997
50553.938,16.646591,0.93979985,0.19353081,-0.08579442
51561.812,16.646591,0.9282301,0.19431655,-0.084032625
52569.688,16.646591,0.91813964,0.19514471,-0.082340546
53577.562,16.646591,0.9101262,0.19583845,-0.08071902
54585.438,16.646591,0.9046996,0.19622618,-0.079163805
55593.312,16.646591,0.90225255,0.19615546,-0.077665985
56601.19,16.646591,0.9030377,0.19550614,-0.07621235
57609.066,16.646591,0.907154,0.19420002,-0.07478659
58616.94,16.646591,0.9145393,0.19220808,-0.07337039
59624.816,16.646591,0.9249736,0.18955337,-0.07194506
60632.69,16.646591,0.938093,0.1863097,-0.070493124
61640.566,16.646591,0.95340997,0.18259631,-0.06900014
62648.44,16.646591,0.97034043,0.17856888,-0.0674563
63656.32,16.646591,0.9882399,0.17440727,-0.06585796
64664.195,16.646591,1.0064402,0.17030074,-0.06420868
65672.07,16.646591,1.024289,0.16643295,-0.06251985
66679.945,16.646591,1.0411876,0.16296627,-0.060810834
67687.82,16.646591,1.056625,0.16002832,-0.059108373
68695.695,16.646591,1.0702068,0.15770112,-0.05744537
69703.57,16.646591,1.0816743,0.15601401,-0.055858828
70711.445,16.646591,1.0909163,0.15494168,-0.054387577
71719.32,16.646591,1.0979673,0.1544069,-0.05306905
72727.195,16.646591,1.1029979,0.15428898,-0.051936273
73735.08,16.646591,1.1062932,0.15443657,-0.05101444
74742.95,16.646591,1.1082222,0.15468436,-0.05031813
75750.83,16.646591,1.1092025,0.15487191,-0.04984874
76758.7,16.646591,1.109659,0.15486285,-0.049593136
77766.58,16.646591,1.1099844,0.15456249,-0.04952338
78774.45,16.646591,1.1105033,0.15393077,-0.049597926
79782.33,16.646591,1.1114422,0.15298972,-0.049764257
80790.2,16.646591,1.1129129,0.15182231,-0.049963452
81798.08,16.646591,1.1149085,0.15056267,-0.05013568
82805.95,16.646591,1.1173146,0.14937678,-0.050227072
83813.83,16.646591,1.1199371,0.14843556,-0.0501969
84821.7,16.646591,1.1225424,0.14788264,-0.05002422
85829.58,16.646591,1.1249062,0.14780062,-0.049713176
86837.45,16.646591,1.126867,0.148183,-0.049295627
87845.33,16.646591,1.1283718,0.14891653,-0.04882987
88853.2,16.646591,1.1295085,0.14978348,-0.048394307
89861.08,16.646591,1.130508,0.15048878,-0.04807578
90868.95,16.646591,1.1317154,0.15071735,-0.047951996
91876.83,16.646591,1.1335195,0.1502198,-0.048070036
92884.71,16.646591,1.1362437,0.14891753,-0.048423786
93892.586,16.646591,1.1400167,0.14700413,-0.0489364
94900.46,16.646591,1.1446531,0.14500047,-0.049457442
95908.336,16.646591,1.1496108,0.14369486,-0.049789578
96916.21,16.646591,1.1541187,0.14385955,-0.04976647
97924.086,16.646591,1.1576333,0.14558852,-0.049411833
98931.96,16.646591,1.1608369,0.14703414,-0.049221326
99939.836,16.646591,1.1674887,0.14223729,-0.050622303
160.16696,17.25192,0.7812286,0.36566314,-0.05220783
1168.0425,17.25192,0.8266037,0.2438856,-0.08493627
2175.918,17.25192,0.8323922,0.2064398,-0.09857695
3183.7935,17.25192,0.8254902,0.20544417,-0.10368947
4191.669,17.25192,0.81906295,0.21548931,-0.10596913
5199.5444,17.25192,0.8182687,0.22486494,-0.10810068
6207.42,17.25192,0.8239716,0.2296507,-0.11102036
7215.2954,17.25192,0.83504385,0.22988619,-0.11474501
8223.171,17.25192,0.8497024,0.2272183,-0.11889206
9231.046,17.25192,0.8662102,0.22356603,-0.12298455
10238.922,17.25192,0.8831781,0.2204594,-0.12661117
11246.798,17.25192,0.8996374,0.21880381,-0.12949328
12254.673,17.25192,0.9149903,0.2188909,-0.13149577
13262.548,17.25192,0.9289156,0.2205328,-0.13260765
14270.424,17.25192,0.9412697,0.22324148,-0.13290931
15278.3,17.25192,0.9520044,0.22640191,-0.13253744
16286.175,17.25192,0.96111286,0.22941412,-0.13165371
17294.049,17.25192,0.9686013,0.23179135,-0.1304203
18301.924,17.25192,0.97448355,0.23321566,-0.12898311
19309.8,17.25192,0.9787876,0.23355342,-0.1274622
20317.676,17.25192,0.9815726,0.23284233,-0.12594794
21325.55,17.25192,0.9829445,0.23125687,-0.12450209
22333.428,17.25192,0.98306805,0.22906299,-0.12316136
23341.303,17.25192,0.9821708,0.22656989,-0.12194278
24349.178,17.25192,0.9805389,0.22408493,-0.120849244
25357.053,17.25192,0.97850436,0.22187643,-0.11987482
26364.928,17.25192,0.9764236,0.22014655,-0.11900894
27372.805,17.25192,0.9746509,0.21901652,-0.118239455
28380.68,17.25192,0.97351074,0.21852195,-0.11755432
29388.555,17.25192,0.97326887,0.21861887,-0.11694232
30396.432,17.25192,0.9741078,0.21919718,-0.11639273
31404.307,17.25192,0.97610706,0.22009926,-0.1158945
32412.182,17.25192,0.9792321,0.2211415,-0.11543514
33420.06,17.25192,0.98333037,0.22213633,-0.11499965
34427.934,17.25192,0.988137,0.22291225,-0.11456974
35435.81,17.25192,0.9932897,0.22333053,-0.114123486
36443.684,17.25192,0.9983518,0.22329709,-0.113635555
37451.562,17.25192,1.0028392,0.22276938,-0.11307794
38459.438,17.25192,1.0062537,0.22175746,-0.11242142
39467.312,17.25192,1.0081186,0.22032037,-0.11163715
40475.188,17.25192,1.0080127,0.21855797,-0.11069874
41483.062,17.25192,1.0056016,0.2165994,-0.10958415
42490.938,17.25192,1.0006651,0.21458934,-0.10827783
43498.812,17.25192,0.9931182,0.21267378,-0.106772095
44506.69,17.25192,0.9830229,0.21098566,-0.105068445
45514.566,17.25192,0.9705921,0.20963286,-0.103178024
46522.44,17.25192,0.9561835,0.20868799,-0.10112142
47530.316,17.25192,0.9402854,0.20818204,-0.098928
48538.19,17.25192,0.92349386,0.20810151,-0.09663424
49546.066,17.25192,0.9064832,0.20838965,-0.09428185
50553.938,17.25192,0.8899695,0.20895112,-0.09191525
51561.812,17.25192,0.874674,0.20966002,-0.0895787
52569.688,17.25192,0.8612841,0.21037072,-0.08731366
53577.562,17.25192,0.8504136,0.2109298,-0.085156
54585.438,17.25192,0.8425698,0.21118951,-0.08313384
55593.312,17.25192,0.8381249,0.21101984,-0.08126558
56601.19,17.25192,0.8372942,0.21032035,-0.079558976
57609.066,17.25192,0.84012437,0.20902857,-0.07801078
58616.94,17.25192,0.84649026,0.20712629,-0.076607205
59624.816,17.25192,0.8561022,0.2046417,-0.075325534
60632.69,17.25192,0.8685243,0.20164835,-0.07413603
61640.566,17.25192,0.8831982,0.19825935,-0.07300492
62648.44,17.25192,0.89947724,0.19461933,-0.071897425
63656.32,17.25192,0.9166645,0.19089285,-0.0707812
64664.195,17.25192,0.93405426,0.18725118,-0.06962973
65672.07,17.25192,0.95097435,0.18385807,-0.06842509
66679.945,17.25192,0.9668232,0.1808561,-0.06716036
67687.82,17.25192,0.98110664,0.17835435,-0.065840885
68695.695,17.25192,0.9934636,0.17641895,-0.06448462
69703.57,17.25192,1.0036824,0.17506726,-0.063121155
70711.445,17.25192,1.0117081,0.1742666,-0.061789606
71719.32,17.25192,1.0176373,0.17393744,-0.060535222
72727.195,17.25192,1.0216995,0.17396173,-0.05940515
73735.08,17.25192,1.0242324,0.17419547,-0.05844351
74742.95,17.25192,1.0256429,0.17448445,-0.05768635
75750.83,17.25192,1.0263684,0.17468178,-0.0571566
76758.7,17.25192,1.0268314,0.17466599,-0.05686036
77766.58,17.25192,1.027398,0.17435645,-0.056784064
78774.45,17.25192,1.0283439,0.17372552,-0.056893893
79782.33,17.25192,1.0298265,0.17280416,-0.05713751
80790.2,17.25192,1.0318758,0.17168011,-0.057448074
81798.08,17.25192,1.0343983,0.17048734,-0.057750978
82805.95,17.25192,1.0371984,0.16938727,-0.05797283
83813.83,17.25192,1.040019,0.16854268,-0.0580514
84821.7,17.25192,1.0425903,0.16808638,-0.05794633
85829.58,17.25192,1.0446895,0.16809021,-0.057648454
86837.45,17.25192,1.0461988,0.16853835,-0.057185993
87845.33,17.25192,1.0471488,0.16931218,-0.056625657
88853.2,17.25192,1.0477419,0.17019401,-0.056066975
89861.08,17.25192,1.0483389,0.17089505,-0.05562803
90868.95,17.25192,1.0494021,0.17111146,-0.055422306
91876.83,17.25192,1.0513922,0.17060801,-0.055528108
92884.71,17.25192,1.0546255,0.16931902,-0.0559544
93892.586,17.25192,1.0591166,0.16744418,-0.056611657
94900.46,17.25192,1.0644555,0.16549908,-0.057301603
95908.336,17.25192,1.069805,0.16425203,-0.057747807
96916.21,17.25192,1.0741465,0.1644452,-0.05770018
97924.086,17.25192,1.0769788,0.1661492,-0.057159852
98931.96,17.25192,1.0797447,0.16753899,-0.056788817
99939.836,17.25192,1.0883788,0.1627994,-0.05859238
160.16696,17.857252,0.7966291,0.37068537,-0.054932907
1168.0425,17.857252,0.8480216,0.25103885,-0.090373375
2175.918,17.857252,0.8557214,0.21411724,-0.10455188
3183.7935,17.857252,0.8497089,0.21321064,-0.1096035
4191.669,17.857252,0.84435916,0.22340026,-0.111852
5199.5444,17.857252,0.845042,0.23309718,-0.11411616
6207.42,17.857252,0.8523901,0.23832928,-0.11725141
7215.2954,17.857252,0.864922,0.23902903,-0.121138796
8223.171,17.857252,0.8805524,0.23674348,-0.12528571
9231.046,17.857252,0.8973614,0.23332578,-0.1291615
10238.922,17.857252,0.91391003,0.23028113,-0.13235876
11246.798,17.857252,0.9292929,0.22852492,-0.13464692
12254.673,17.857252,0.943051,0.22838259,-0.13596436
13262.548,17.857252,0.9550449,0.2297126,-0.13638045
14270.424,17.857252,0.9653194,0.23207484,-0.13604821
15278.3,17.857252,0.97399926,0.23489633,-0.13515908
16286.175,17.857252,0.9812178,0.23760813,-0.13390684
17294.049,17.857252,0.9870806,0.23974207,-0.13246259
18301.924,17.857252,0.99165744,0.24098602,-0.13096051
19309.8,17.857252,0.9949947,0.24120216,-0.12949347
20317.676,17.857252,0.99713665,0.24041593,-0.12811524
21325.55,17.857252,0.9981499,0.23878579,-0.12684771
22333.428,17.857252,0.9981439,0.23656105,-0.12569007
23341.303,17.857252,0.99728394,0.23403619,-0.12462856
24349.178,17.857252,0.9957919,0.23150837,-0.12364529
25357.053,17.857252,0.99393845,0.22924095,-0.122724764
26364.928,17.857252,0.9920244,0.22743765,-0.12185821
27372.805,17.857252,0.9903576,0.2262266,-0.12104542
28380.68,17.857252,0.98922354,0.2256553,-0.12029424
29388.555,17.857252,0.9888557,0.225695,-0.119618334
30396.432,17.857252,0.98941016,0.22625217,-0.11903372
31404.307,17.857252,0.99094445,0.22718558,-0.11855479
32412.182,17.857252,0.9934036,0.2283261,-0.11819027
33420.06,17.857252,0.99661624,0.22949693,-0.117939994
34427.934,17.857252,1.0002997,0.23053257,-0.11779229
35435.81,17.857252,1.0040735,0.2312949,-0.117723
36443.684,17.857252,1.0074837,0.23168461,-0.117695615
37451.562,17.857252,1.0100311,0.23164847,-0.11766282
38459.438,17.857252,1.0112072,0.23118101,-0.117569216
39467.312,17.857252,1.0105282,0.23032194,-0.11735523
40475.188,17.857252,1.0075738,0.22914916,-0.11696123
41483.062,17.857252,1.0020186,0.22776891,-0.11633212
42490.938,17.857252,0.9936615,0.2263034,-0.11542179
43498.812,17.857252,0.9824464,0.22487825,-0.11419695
44506.69,17.857252,0.9684746,0.22360949,-0.11264026
45514.566,17.857252,0.95200765,0.22259258,-0.11075226
46522.44,17.857252,0.93345976,0.22189301,-0.10855202
47530.316,17.857252,0.91338223,0.22154051,-0.10607657
48538.19,17.857252,0.89243644,0.22152635,-0.10337892
49546.066,17.857252,0.87136215,0.22180377,-0.100525215
50553.938,17.857252,0.8509387,0.22229256,-0.097590335
51561.812,17.857252,0.8319431,0.2228858,-0.094653375
52569.688,17.857252,0.8151085,0.22345942,-0.091792665
53577.562,17.857252,0.80108297,0.22388306,-0.08908049
54585.438,17.857252,0.79039466,0.2240314,-0.08657862
55593.312,17.857252,0.7834199,0.22379558,-0.08433436
56601.19,17.857252,0.78036433,0.22309305,-0.08237749
57609.066,17.857252,0.78125036,0.22187513,-0.0807189
58616.94,17.857252,0.7859158,0.22013249,-0.07935001
59624.816,17.857252,0.7940253,0.21789646,-0.07824428
60632.69,17.857252,0.8050897,0.21523818,-0.07735954
61640.566,17.857252,0.81849694,0.21226275,-0.07664203
62648.44,17.857252,0.8335481,0.20910199,-0.07603092
63656.32,17.857252,0.84950155,0.20590343,-0.07546376
64664.195,17.857252,0.8656157,0.20281857,-0.07488219
65672.07,17.857252,0.88119704,0.19998997,-0.07423696
66679.945,17.857252,0.8956387,0.19753899,-0.07349266
67687.82,17.857252,0.90845746,0.1955549,-0.072631136
68695.695,17.857252,0.9193187,0.19408688,-0.07165341
69703.57,17.857252,0.9280521,0.19313931,-0.0705798
70711.445,17.857252,0.9346547,0.19267112,-0.06944838
71719.32,17.857252,0.9392797,0.1925998,-0.06831113
72727.195,17.857252,0.9422152,0.19280966,-0.06722885
73735.08,17.857252,0.9438503,0.19316381,-0.06626454
74742.95,17.857252,0.9446316,0.1935192,-0.06547612
75750.83,17.857252,0.94501835,0.19374321,-0.064909115
76758.7,17.857252,0.94543314,0.19372973,-0.06459002
77766.58,17.857252,0.94621766,0.19341391,-0.06452118
78774.45,17.857252,0.94759846,0.19278188,-0.06467822
79782.33,17.857252,0.9496621,0.19187556,-0.06501042
80790.2,17.857252,0.95235234,0.19078924,-0.0654445
81798.08,17.857252,0.9554812,0.189659,-0.06589217
82805.95,17.857252,0.95876354,0.1886437,-0.06626095
83813.83,17.857252,0.9618663,0.18789908,-0.06646726
84821.7,17.857252,0.9644739,0.18754822,-0.066451
85829.58,17.857252,0.9663546,0.18765214,-0.06618856
86837.45,17.857252,0.9674263,0.18818504,-0.0657032
87845.33,17.857252,0.9678008,0.18902135,-0.065068595
88853.2,17.857252,0.9677986,0.1899412,-0.064403795
89861.08,17.857252,0.96791685,0.19065917,-0.06385698
90868.95,17.857252,0.9687482,0.19088036,-0.06357672
91876.83,17.857252,0.9708372,0.19038221,-0.06367256
92884.71,17.857252,0.97450304,0.18911187,-0.064169526
93892.586,17.857252,0.97964877,0.18727767,-0.06496721
94900.46,17.857252,0.9856293,0.18539429,-0.06582164
95908.336,17.857252,0.991289,0.18421657,-0.066379465
96916.21,17.857252,0.99533075,0.1844622,-0.066307746
97924.086,17.857252,0.99727726,0.18617845,-0.065583125
98931.96,17.857252,0.9993679,0.18754841,-0.06502765
99939.836,17.857252,1.0098807,0.18285638,-0.06721076
160.16696,18.462582,0.81292665,0.37594855,-0.058144055
1168.0425,18.462582,0.86978215,0.2582173,-0.09597771
2175.918,18.462582,0.87875754,0.22181676,-0.11060603
3183.7935,18.462582,0.87334454,0.22103573,-0.115596406
4191.669,18.462582,0.8691342,0.23137678,-0.117823
5199.5444,18.462582,0.8715436,0.2413583,-0.12020263
6207.42,18.462582,0.8807777,0.24696851,-0.123499535
7215.2954,18.462582,0.894853,0.24805236,-0.12746339
8223.171,18.462582,0.911299,0.24607442,-0.13150303
9231.046,18.462582,0.9280047,0.24283436,-0.13504787
10238.922,18.462582,0.94352746,0.23981762,-0.13770735
11246.798,18.462582,0.95710486,0.23794909,-0.13930982
12254.673,18.462582,0.96851337,0.237584,-0.13987486
13262.548,18.462582,0.9778854,0.23862062,-0.13955696
14270.424,18.462582,0.98553103,0.24066031,-0.13858338
15278.3,18.462582,0.99179775,0.24316628,-0.1371997
16286.175,18.462582,0.99698216,0.24559683,-0.13562915
17294.049,18.462582,1.0012865,0.24749991,-0.13404734
18301.924,18.462582,1.0048116,0.24856901,-0.13257176
19309.8,18.462582,1.0075783,0.24866284,-0.13126232
20317.676,18.462582,1.009564,0.24779722,-0.13013038
21325.55,18.462582,1.0107398,0.24611712,-0.12915228
22333.428,18.462582,1.0111089,0.24385765,-0.12828445
23341.303,18.462582,1.0107269,0.24130087,-0.12747784
24349.178,18.462582,1.0097203,0.23873457,-0.12668979
25357.053,18.462582,1.0082788,0.23641764,-0.12589231
26364.928,18.462582,1.0066462,0.23455413,-0.12507632
27372.805,18.462582,1.0050932,0.23327708,-0.12425238
28380.68,18.462582,1.0038896,0.23264319,-0.123447806
29388.555,18.462582,1.0032701,0.2326351,-0.12270162
30396.432,18.462582,1.0034046,0.23317225,-0.12205775
31404.307,18.462582,1.0043701,0.23412606,-0.121557735
32412.182,18.462582,1.0061339,0.23533824,-0.12123392
33420.06,18.462582,1.0085438,0.23663999,-0.12110342
34427.934,18.462582,1.0113298,0.23787,-0.121164106
35435.81,18.462582,1.0141159,0.23888986,-0.121392414
36443.684,18.462582,1.0164431,0.23959519,-0.12174353
37451.562,18.462582,1.0177983,0.23992361,-0.12215343
38459.438,18.462582,1.01765,0.23985647,-0.1225432
39467.312,18.462582,1.0154885,0.23941748,-0.12282451
40475.188,18.462582,1.0108641,0.2386666,-0.122906126
41483.062,18.462582,1.003424,0.23769185,-0.12270119
42490.938,18.462582,0.9929447,0.23659784,-0.12213383
43498.812,18.462582,0.97935545,0.23549464,-0.121145494
44506.69,18.462582,0.9627526,0.2344859,-0.119699985
45514.566,18.462582,0.94340557,0.23365875,-0.11778669
46522.44,18.462582,0.9217492,0.2330751,-0.115422435
47530.316,18.462582,0.8983662,0.23276603,-0.11265105
48538.19,18.462582,0.8739621,0.2327291,-0.10954107
49546.066,18.462582,0.8493278,0.2329287,-0.10618171
50553.938,18.462582,0.8253008,0.23329957,-0.10267746
51561.812,18.462582,0.8027171,0.2337529,-0.099141255
52569.688,18.462582,0.782368,0.23418467,-0.09568736
53577.562,18.462582,0.7649552,0.23448518,-0.09242405
54585.438,18.462582,0.75104994,0.23454924,-0.08944644
55593.312,18.462582,0.741063,0.23428628,-0.0868306
56601.19,18.462582,0.73522025,0.2336288,-0.08462869
57609.066,18.462582,0.73355,0.23253928,-0.0828661
58616.94,18.462582,0.7358838,0.2310145,-0.08154012
59624.816,18.462582,0.7418667,0.22908726,-0.08062108
60632.69,18.462582,0.7509801,0.22682413,-0.08005519
61640.566,18.462582,0.76257586,0.22432111,-0.07976928
62648.44,18.462582,0.77591616,0.22169605,-0.07967711
63656.32,18.462582,0.7902207,0.2190793,-0.0796866
64664.195,18.462582,0.8047158,0.21660234,-0.07970743
65672.07,18.462582,0.81868386,0.21438639,-0.079658926
66679.945,18.462582,0.83150613,0.2125318,-0.07947666
67687.82,18.462582,0.84270114,0.21110827,-0.07911814
68695.695,18.462582,0.8519506,0.21014802,-0.07856636
69703.57,18.462582,0.85911465,0.20964244,-0.077831104
70711.445,18.462582,0.86423105,0.209542,-0.07694778
71719.32,18.462582,0.8675026,0.20976081,-0.07597369
72727.195,18.462582,0.86926883,0.21018486,-0.0749819
73735.08,18.462582,0.8699661,0.21068393,-0.074053064
74742.95,18.462582,0.87008077,0.21112551,-0.07326626
75750.83,18.462582,0.87009585,0.21139064,-0.07268901
76758.7,18.462582,0.8704364,0.21138884,-0.072368324
77766.58,18.462582,0.87142515,0.21107072,-0.072322994
78774.45,18.462582,0.8732433,0.21043709,-0.07253905
79782.33,18.462582,0.87591136,0.20954159,-0.07296883
80790.2,18.462582,0.8792868,0.20848668,-0.07353429
81798.08,18.462582,0.88308775,0.20741232,-0.07413511
82805.95,18.462582,0.88693374,0.2064763,-0.0746614
83813.83,18.462582,0.8904112,0.20582946,-0.07500944
84821.7,18.462582,0.89314735,0.20558661,-0.075099766
85829.58,18.462582,0.8948922,0.20579861,-0.07489446
86837.45,18.462582,0.8955889,0.2064296,-0.0744106
87845.33,18.462582,0.89542234,0.20734617,-0.073727
88853.2,18.462582,0.8948251,0.20832415,-0.07297975
89861.08,18.462582,0.8944314,0.20907907,-0.07234425
90868.95,18.462582,0.8949665,0.2093222,-0.07200165
91876.83,18.462582,0.89706904,0.20884134,-0.07209118
92884.71,18.462582,0.9010713,0.2075957,-0.072654024
93892.586,18.462582,0.9067743,0.20580369,-0.07358113
94900.46,18.462582,0.9133029,0.20398352,-0.074587494
95908.336,18.462582,0.91917753,0.20288312,-0.07524876
96916.21,18.462582,0.92280805,0.20320258,-0.075154535
97924.086,18.462582,0.9237194,0.2049675,-0.074256554
98931.96,18.462582,0.92493343,0.20635521,-0.07352198
99939.836,18.462582,0.93710184,0.20170268,-0.0760415
160.16696,19.067913,0.83011115,0.38151512,-0.061852504
1168.0425,19.067913,0.892053,0.2653986,-0.101744264
2175.918,19.067913,0.9016261,0.22952306,-0.11672793
3183.7935,19.067913,0.8963547,0.22892995,-0.121642046
4191.669,19.067913,0.8931434,0.23944268,-0.12383535
5199.5444,19.067913,0.89736027,0.24966569,-0.1262959
6207.42,19.067913,0.90863335,0.2555629,-0.12969558
7215.2954,19.067913,0.92434233,0.25691932,-0.13366228
8223.171,19.067913,0.941554,0.25514275,-0.1375188
9231.046,19.067913,0.9579402,0.2519971,-0.1406652
10238.922,19.067913,0.9720768,0.24895722,-0.14273563
11246.798,19.067913,0.9833974,0.24695815,-0.14362136
12254.673,19.067913,0.9919832,0.24637994,-0.14342435
13262.548,19.067913,0.9983075,0.24715278,-0.14238325
14270.424,19.067913,1.0030013,0.24891025,-0.1407974
15278.3,19.067913,1.0066758,0.2511435,-0.13896352
16286.175,19.067913,1.0098095,0.25333154,-0.1371311
17294.049,19.067913,1.0126969,0.25503471,-0.13547747
18301.924,19.067913,1.0154487,0.2559505,-0.13410053
19309.8,19.067913,1.0180259,0.2559348,-0.13302487
20317.676,19.067913,1.0202951,0.2549957,-0.13221708
21325.55,19.067913,1.022087,0.25326777,-0.13160561
22333.428,19.067913,1.0232534,0.2509748,-0.1311019
23341.303,19.067913,1.0237079,0.24838893,-0.13061939
24349.178,19.067913,1.023453,0.2457906,-0.13008833
25357.053,19.067913,1.0225868,0.24343458,-0.12946573
26364.928,19.067913,1.0212942,0.24152446,-0.1287401
27372.805,19.067913,1.0198227,0.24019642,-0.12793066
28380.68,19.067913,1.0184493,0.23951288,-0.12708256
29388.555,19.067913,1.0174415,0.23946437,-0.12625895
30396.432,19.067913,1.0170202,0.23997912,-0.12553099
31404.307,19.067913,1.0173224,0.24093705,-0.1249676
32412.182,19.067913,1.0183766,0.24218711,-0.124625325
33420.06,19.067913,1.0200855,0.24356547,-0.124540284
34427.934,19.067913,1.0222208,0.24491315,-0.12472206
35435.81,19.067913,1.0244321,0.24609056,-0.12515068
36443.684,19.067913,1.0262656,0.24698924,-0.12577626
37451.562,19.067913,1.0271945,0.24753937,-0.12652183
38459.438,19.067913,1.0266562,0.24771231,-0.12728857
39467.312,19.067913,1.0240933,0.24751991,-0.12796307
40475.188,19.067913,1.0189993,0.2470094,-0.12842607
41483.062,19.067913,1.0109586,0.2462557,-0.1285617
42490.938,19.067913,0.99968505,0.24535161,-0.12826672
43498.812,19.067913,0.9850504,0.24439701,-0.12745893
44506.69,19.067913,0.9671047,0.24348824,-0.1260839
45514.566,19.067913,0.9460833,0.2427083,-0.12412006
46522.44,19.067913,0.9224055,0.24211872,-0.12158109
47530.316,19.067913,0.89665645,0.24175432,-0.118516006
48538.19,19.067913,0.8695609,0.24162,-0.115006655
49546.066,19.067913,0.84194773,0.24169114,-0.1111629
50553.938,19.067913,0.8147054,0.24191627,-0.107115835
51561.812,19.067913,0.7887324,0.24222256,-0.10300927
52569.688,19.067913,0.7648893,0.24252295,-0.09899073
53577.562,19.067913,0.74394757,0.242725,-0.09520179
54585.438,19.067913,0.7265481,0.24273992,-0.09176888
55593.312,19.067913,0.7131631,0.24249128,-0.08879539
56601.19,19.067913,0.7040686,0.24192302,-0.086355016
57609.066,19.067913,0.6993326,0.24100551,-0.08448748
58616.94,19.067913,0.69880956,0.23973909,-0.08319652
59624.816,19.067913,0.7021539,0.23815547,-0.082450524
60632.69,19.067913,0.7088419,0.2363159,-0.08218573
61640.566,19.067913,0.71820873,0.23430642,-0.082311764
62648.44,19.067913,0.7294911,0.23223147,-0.0827192
63656.32,19.067913,0.74187905,0.23020464,-0.08328843
64664.195,19.067913,0.75456756,0.22833882,-0.08389951
65672.07,19.067913,0.7668113,0.22673567,-0.084441945
66679.945,19.067913,0.7779716,0.22547604,-0.08482354
67687.82,19.067913,0.7875568,0.22461182,-0.08497807
68695.695,19.067913,0.7952513,0.22415958,-0.08487029
69703.57,19.067913,0.80092967,0.22409867,-0.08449867
70711.445,19.067913,0.804656,0.22437163,-0.08389474
71719.32,19.067913,0.8066697,0.22488907,-0.08311908
72727.195,19.067913,0.8073504,0.22553816,-0.08225483
73735.08,19.067913,0.80717653,0.22619428,-0.08139802
74742.95,19.067913,0.8066701,0.22673427,-0.08064655
75750.83,19.067913,0.8063378,0.22705156,-0.08008823
76758.7,19.067913,0.8066129,0.2270697,-0.07978912
77766.58,19.067913,0.80780494,0.22675413,-0.07978407
78774.45,19.067913,0.8100588,0.22611943,-0.08006984
79782.33,19.067913,0.81333697,0.2252312,-0.08060284
80790.2,19.067913,0.81742036,0.22420081,-0.081302084
81798.08,19.067913,0.8219373,0.22317323,-0.082057685
82805.95,19.067913,0.826416,0.22230718,-0.08274477
83813.83,19.067913,0.8303588,0.22175029,-0.08324182
84821.7,19.067913,0.8333317,0.22161111,-0.083451815
85829.58,19.067913,0.83505577,0.22193186,-0.08332295
86837.45,19.067913,0.8354872,0.2226673,-0.0828657
87845.33,19.067913,0.83486867,0.22367585,-0.08216181
88853.2,19.067913,0.83373344,0.22472773,-0.081360996
89861.08,19.067913,0.83284247,0.22553697,-0.080661654
90868.95,19.067913,0.8330495,0.22581793,-0.0802732
91876.83,19.067913,0.83509,0.22536616,-0.08036132
92884.71,19.067913,0.83932024,0.22415124,-0.08098243
93892.586,19.067913,0.8454561,0.22240232,-0.08202157
94900.46,19.067913,0.8524114,0.22064479,-0.08315943
95908.336,19.067913,0.8583995,0.21962625,-0.08391074
96916.21,19.067913,0.86154026,0.22003675,-0.08379699
97924.086,19.067913,0.8613371,0.22188307,-0.08274594
98931.96,19.067913,0.8615296,0.22332506,-0.081847385
99939.836,19.067913,0.8750227,0.21870619,-0.08464201
160.16696,19.673244,0.8480412,0.387443,-0.06604193
1168.0425,19.673244,0.9149699,0.27256697,-0.10766752
2175.918,19.673244,0.9245166,0.23722467,-0.12291399
3183.7935,19.673244,0.9188153,0.23690414,-0.12772284
4191.669,19.673244,0.916269,0.2476224,-0.12985007
5199.5444,19.673244,0.92218864,0.25804076,-0.13234034
6207.42,19.673244,0.9355375,0.26411697,-0.13578168
7215.2954,19.673244,0.9529655,0.26560906,-0.13969524
8223.171,19.673244,0.9710015,0.26390055,-0.14333016
9231.046,19.673244,0.98706347,0.26074296,-0.1460645
10238.922,19.673244,0.9997405,0.25761217,-0.14755818
11246.798,19.673244,1.0086833,0.25545612,-0.14776218
12254.673,19.673244,1.0143107,0.25467458,-0.14685501
13262.548,19.673244,1.0174743,0.25522006,-0.14515251
14270.424,19.673244,1.0191613,0.25674763,-0.14301963
15278.3,19.673244,1.0202687,0.25876632,-0.14079908
16286.175,19.673244,1.0214665,0.2607674,-0.13876335
17294.049,19.673244,1.0231395,0.26231793,-0.13709001
18301.924,19.673244,1.0253936,0.2631169,-0.13585736
19309.8,19.673244,1.0281057,0.26301724,-0.13505563
20317.676,19.673244,1.031003,0.26202083,-0.13460824
21325.55,19.673244,1.0337448,0.26025486,-0.1343975
22333.428,19.673244,1.0360036,0.25793508,-0.13429095
23341.303,19.673244,1.0375268,0.25532666,-0.13416485
24349.178,19.673244,1.0381798,0.25270468,-0.13392192
25357.053,19.673244,1.0379612,0.2503207,-0.133503
26364.928,19.673244,1.0370015,0.24837747,-0.13289185
27372.805,19.673244,1.0355374,0.24701239,-0.13211371
28380.68,19.673244,1.0338745,0.24629083,-0.13122867
29388.555,19.673244,1.0323416,0.24620752,-0.13032107
30396.432,19.673244,1.0312414,0.24669527,-0.12948702
31404.307,19.673244,1.0308052,0.24763836,-0.1288209
32412.182,19.673244,1.0311552,0.24888927,-0.1284028
33420.06,19.673244,1.0322784,0.25028646,-0.1282881
34427.934,19.673244,1.0340124,0.25167128,-0.12849955
35435.81,19.673244,1.0360496,0.25290275,-0.12902318
36443.684,19.673244,1.0379511,0.25386918,-0.12980762
37451.562,19.673244,1.0391765,0.25449556,-0.13076723
38459.438,19.673244,1.0391227,0.25474706,-0.13178802
39467.312,19.673244,1.0371691,0.25462818,-0.13273656
40475.188,19.673244,1.0327268,0.25417882,-0.13347033
41483.062,19.673244,1.0252873,0.2534668,-0.13384889
42490.938,19.673244,1.0144666,0.25257877,-0.13374531
43498.812,19.673244,1.0000423,0.2516103,-0.13305645
44506.69,19.673244,0.9819788,0.25065508,-0.1317114
45514.566,19.673244,0.96044296,0.24979615,-0.12967774
46522.44,19.673244,0.9358042,0.24909773,-0.12696531
47530.316,19.673244,0.90862155,0.24859974,-0.12362625
48538.19,19.673244,0.8796187,0.2483148,-0.11975257
49546.066,19.673244,0.8496467,0.24822816,-0.11547096
50553.938,19.673244,0.8196388,0.24829985,-0.1109345
51561.812,19.673244,0.79055697,0.24846967,-0.106313184
52569.688,19.673244,0.7633388,0.2486636,-0.101783104
53577.562,19.673244,0.7388431,0.24880177,-0.09751475
54585.438,19.673244,0.71779966,0.24880683,-0.09366214
55593.312,19.673244,0.70076793,0.2486121,-0.09035315
56601.19,19.673244,0.68810475,0.24816868,-0.087681055
57609.066,19.673244,0.67994505,0.24745096,-0.08569934
58616.94,19.673244,0.67619693,0.24646035,-0.08441867
59624.816,19.673244,0.6765506,0.24522555,-0.083807066
60632.69,19.673244,0.68050164,0.24380176,-0.08379341
61640.566,19.673244,0.6873876,0.24226569,-0.08427344
62648.44,19.673244,0.6964338,0.2407095,-0.08511843
63656.32,19.673244,0.7068074,0.23923224,-0.08618542
64664.195,19.673244,0.7176743,0.23793094,-0.08732875
65672.07,19.673244,0.72825766,0.23689088,-0.08841173
66679.945,19.673244,0.7378892,0.23617664,-0.08931734
67687.82,19.673244,0.7460531,0.23582487,-0.089957505
68695.695,19.673244,0.75242007,0.23583946,-0.09027995
69703.57,19.673244,0.756861,0.23618944,-0.09027154
70711.445,19.673244,0.75944936,0.23681049,-0.089958526
71719.32,19.673244,0.76044226,0.23761006,-0.089402825
72727.195,19.673244,0.76024747,0.2384759,-0.08869449
73735.08,19.673244,0.7593741,0.23928753,-0.08794168
74742.95,19.673244,0.758374,0.23992942,-0.087257594
75750.83,19.673244,0.757778,0.24030504,-0.08674708
76758.7,19.673244,0.75803113,0.24034967,-0.08649293
77766.58,19.673244,0.75943863,0.2400413,-0.08654423
78774.45,19.673244,0.76212126,0.23940696,-0.08690802
79782.33,19.673244,0.7659972,0.23852307,-0.08754559
80790.2,19.673244,0.7707846,0.23750997,-0.088374965
81798.08,19.673244,0.7760348,0.23651814,-0.08927946
82805.95,19.673244,0.78119296,0.23570888,-0.09012252
83813.83,19.673244,0.785683,0.23522888,-0.09076824
84821.7,19.673244,0.78900635,0.23518234,-0.091104716
85829.58,19.673244,0.79084736,0.23560493,-0.09106784
86837.45,19.673244,0.79116136,0.23644379,-0.09066116
87845.33,19.673244,0.79023206,0.23754908,-0.089967184
88853.2,19.673244,0.7886712,0.23868486,-0.08914523
89861.08,19.673244,0.7873485,0.23956154,-0.08841114
90868.95,19.673244,0.7872336,0.2398938,-0.087996624
91876.83,19.673244,0.78915477,0.23948143,-0.088089176
92884.71,19.673244,0.79350173,0.23830253,-0.088758685
93892.586,19.673244,0.7999277,0.23659648,-0.08988718
94900.46,19.673244,0.8071714,0.23489866,-0.09112971
95908.336,19.673244,0.8131744,0.23396254,-0.09195325
96916.21,19.673244,0.8157883,0.23447551,-0.09182444
97924.086,19.673244,0.8144716,0.23643018,-0.09064941
98931.96,19.673244,0.81357104,0.23795907,-0.08961151
99939.836,19.673244,0.8279729,0.23336974,-0.09260552
160.16696,20.278574,0.86644614,0.3937781,-0.07066528
1168.0425,20.278574,0.9386062,0.27971467,-0.11373775
2175.918,20.278574,0.94765884,0.24491435,-0.12916689
3183.7935,20.278574,0.9409168,0.24496621,-0.1338318
4191.669,20.278574,0.9385454,0.25593486,-0.13584122
5199.5444,20.278574,0.94587994,0.2665035,-0.13829544
6207.42,20.278574,0.9612119,0.27264163,-0.14171724
7215.2954,20.278574,0.9804127,0.27411717,-0.14554058
8223.171,20.278574,0.99942124,0.27232558,-0.14895347
9231.046,20.278574,1.0153552,0.26903263,-0.15131499
10238.922,20.278574,1.0267879,0.26573032,-0.15230593
11246.798,20.278574,1.0335709,0.2633828,-0.15192664
12254.673,20.278574,1.0364549,0.26240495,-0.15041927
13262.548,20.278574,1.0366733,0.2627622,-0.14816423
14270.424,20.278574,1.0355724,0.26411912,-0.14558168
15278.3,20.278574,1.0343403,0.26599103,-0.14305328
16286.175,20.278574,1.0338398,0.26787218,-0.140871
17294.049,20.278574,1.0345434,0.26932958,-0.13921243
18301.924,20.278574,1.0365438,0.2700599,-0.13813907
19309.8,20.278574,1.0396258,0.26991215,-0.13761151
20317.676,20.278574,1.0433633,0.2688836,-0.13751534
21325.55,20.278574,1.0472332,0.26709604,-0.13769218
22333.428,20.278574,1.0507181,0.2647611,-0.13797036
23341.303,20.278574,1.0533912,0.2621396,-0.1381922
24349.178,20.278574,1.0549767,0.25950366,-0.13823445
25357.053,20.278574,1.0553771,0.25710303,-0.13802162
26364.928,20.278574,1.0546746,0.25513923,-0.13753101
27372.805,20.278574,1.053108,0.2537498,-0.13679083
28380.68,20.278574,1.0510287,0.25300038,-0.13587207
29388.555,20.278574,1.0488467,0.25288662,-0.13487613
30396.432,20.278574,1.0469704,0.2533421,-0.1339199
31404.307,20.278574,1.0457485,0.25425163,-0.1331198
32412.182,20.278574,1.0454199,0.25546798,-0.13257712
33420.06,20.278574,1.0460767,0.25682923,-0.13236529
34427.934,20.278574,1.0476402,0.2581757,-0.13252068
35435.81,20.278574,1.049857,0.25936478,-0.13303722
36443.684,20.278574,1.05231,0.2602826,-0.13386545
37451.562,20.278574,1.0544454,0.26085162,-0.13491543
38459.438,20.278574,1.0556138,0.26103428,-0.13606344
39467.312,20.278574,1.0551184,0.2608329,-0.13716185
40475.188,20.278574,1.0522709,0.26028484,-0.13805068
41483.062,20.278574,1.046447,0.25945705,-0.1385706
42490.938,20.278574,1.0371382,0.25843543,-0.13857576
43498.812,20.278574,1.023999,0.25731632,-0.13794558
44506.69,20.278574,1.0068792,0.25619566,-0.13659503
45514.566,20.278574,0.98584753,0.2551598,-0.13448171
46522.44,20.278574,0.9611969,0.2542778,-0.13161059
47530.316,20.278574,0.93343735,0.2535956,-0.12803462
48538.19,20.278574,0.9032717,0.25313303,-0.123852305
49546.066,20.278574,0.8715603,0.25288305,-0.11920194
50553.938,20.278574,0.8392736,0.2528143,-0.11425315
51561.812,20.278574,0.8074357,0.25287485,-0.109195836
52569.688,20.278574,0.77706707,0.25299886,-0.10422827
53577.562,20.278574,0.74912375,0.25311387,-0.099544115
54585.438,20.278574,0.72444147,0.25314862,-0.095319904
55593.312,20.278574,0.7036873,0.25304103,-0.09170382
56601.19,20.278574,0.68732095,0.25274494,-0.08880617
57609.066,20.278574,0.6755707,0.25223538,-0.08669305
58616.94,20.278574,0.66842264,0.2515119,-0.08538228
59624.816,20.278574,0.66562706,0.25059944,-0.0848436
60632.69,20.278574,0.6667205,0.24954721,-0.0850018
61640.566,20.278574,0.6710601,0.24842334,-0.08574315
62648.44,20.278574,0.67787236,0.24731055,-0.08692482
63656.32,20.278574,0.68630964,0.24629655,-0.08838613
64664.195,20.278574,0.6955101,0.24546652,-0.089961424
65672.07,20.278574,0.70466125,0.24489343,-0.091493
66679.945,20.278574,0.71305573,0.24463016,-0.09284333
67687.82,20.278574,0.7201415,0.24470244,-0.093906015
68695.695,20.278574,0.72555673,0.2451046,-0.09461342
69703.57,20.278574,0.72915006,0.24579799,-0.09494144
70711.445,20.278574,0.7309835,0.24671312,-0.09491008
71719.32,20.278574,0.7313143,0.2477547,-0.094580024
72727.195,20.278574,0.73056024,0.24881054,-0.094045006
73735.08,20.278574,0.7292492,0.24976279,-0.09342086
74742.95,20.278574,0.72795546,0.25050092,-0.09283185
75750.83,20.278574,0.7272312,0.25093544,-0.09239549
76758.7,20.278574,0.7275374,0.25101042,-0.09220756
77766.58,20.278574,0.7291839,0.25071344,-0.092328854
78774.45,20.278574,0.7322823,0.25008103,-0.092775546
79782.33,20.278574,0.7367232,0.24919908,-0.093514234
80790.2,20.278574,0.74218136,0.24819559,-0.094463676
81798.08,20.278574,0.74814975,0.2472272,-0.095503494
82805.95,20.278574,0.754006,0.24645874,-0.09648961
83813.83,20.278574,0.759104,0.24603784,-0.097275645
84821.7,20.278574,0.76288575,0.24606703,-0.09773848
85829.58,20.278574,0.7649918,0.24657784,-0.09780392
86837.45,20.278574,0.7653639,0.24751133,-0.09746888
87845.33,20.278574,0.76430386,0.24871106,-0.09681453
88853.2,20.278574,0.7624781,0.24993439,-0.096005104
89861.08,20.278574,0.7608378,0.25088647,-0.095267564
90868.95,20.278574,0.7604475,0.25127944,-0.09484899
91876.83,20.278574,0.76221836,0.25091454,-0.0949526
92884.71,20.278574,0.76657945,0.24977511,-0.095659256
93892.586,20.278574,0.7731494,0.2481101,-0.096850954
94900.46,20.278574,0.78053635,0.24646647,-0.09816692
95908.336,20.278574,0.7864673,0.24560875,-0.09904213
96916.21,20.278574,0.7885645,0.24622914,-0.09890441
97924.086,20.278574,0.786224,0.2483111,-0.09764196
98931.96,20.278574,0.7842445,0.24995343,-0.09649776
99939.836,20.278574,0.7990911,0.24539027,-0.09960699
160.16696,20.883904,0.8849401,0.4005465,-0.075644076
1168.0425,20.883904,0.9629403,0.28684235,-0.11993748
2175.918,20.883904,0.97128326,0.25258857,-0.135493
3183.7935,20.883904,0.96294963,0.25311714,-0.13997334
4191.669,20.883904,0.9601701,0.2643876,-0.14180021
5199.5444,20.883904,0.9684747,0.2750658,-0.14414197
6207.42,20.883904,0.9855573,0.28114957,-0.1474837
7215.2954,20.883904,1.0065248,0.28245384,-0.15119596
8223.171,20.883904,1.0267007,0.28042278,-0.1544181
9231.046,20.883904,1.0428597,0.27686474,-0.15648995
10238.922,20.883904,1.053507,0.2733037,-0.15710285
11246.798,20.883904,1.0586455,0.27072474,-0.15629016
12254.673,20.883904,1.0593163,0.26955417,-0.15433908
13262.548,20.883904,1.0570995,0.2697608,-0.15167744
14270.424,20.883904,1.053676,0.2710073,-0.1487668
15278.3,20.883904,1.0505083,0.2728033,-0.14601888
16286.175,20.883904,1.0486435,0.27463627,-0.14374149
17294.049,20.883904,1.048638,0.27606583,-0.14211352
18301.924,20.883904,1.0505741,0.27678207,-0.14118457
19309.8,20.883904,1.0541466,0.2766285,-0.14089304
20317.676,20.883904,1.058785,0.2755982,-0.14109562
21325.55,20.883904,1.0637889,0.27381045,-0.14160195
22333.428,20.883904,1.0684597,0.27147475,-0.14220889
23341.303,20.883904,1.0722059,0.26885116,-0.1427307
24349.178,20.883904,1.0746187,0.26621124,-0.14302182
25357.053,20.883904,1.075514,0.2638041,-0.14299147
26364.928,20.883904,1.074935,0.26183078,-0.14260936
27372.805,20.883904,1.0731336,0.26042756,-0.14190361
28380.68,20.883904,1.070518,0.259659,-0.1409517
29388.555,20.883904,1.0675904,0.25951862,-0.13986677
30396.432,20.883904,1.0648768,0.2599378,-0.13878107
31404.307,20.883904,1.0628546,0.2607988,-0.13782826
32412.182,20.883904,1.0618918,0.26195177,-0.13712688
33420.06,20.883904,1.0621939,0.2632324,-0.13676612
34427.934,20.883904,1.063775,0.2644788,-0.13679524
35435.81,20.883904,1.0664423,0.2655467,-0.13721718
36443.684,20.883904,1.0698038,0.26632118,-0.13798708
37451.562,20.883904,1.0732939,0.26672488,-0.13901505
38459.438,20.883904,1.0762138,0.2667209,-0.14017309
39467.312,20.883904,1.0777847,0.26631317,-0.14130546
40475.188,20.883904,1.0772089,0.26554233,-0.14224121
41483.062,20.883904,1.0737343,0.26447827,-0.1428082
42490.938,20.883904,1.0667133,0.263212,-0.14284696
43498.812,20.883904,1.05566,0.26184472,-0.14222397
44506.69,20.883904,1.0402912,0.2604782,-0.14084257
45514.566,20.883904,1.0205591,0.25920472,-0.13865167
46522.44,20.883904,0.99666137,0.2580994,-0.13565055
47530.316,20.883904,0.96904194,0.2572143,-0.13189042
48538.19,20.883904,0.9383684,0.25657508,-0.12747206
49546.066,20.883904,0.90549886,0.25618017,-0.122540064
50553.938,20.883904,0.8714322,0.2560025,-0.11727387
51561.812,20.883904,0.8372509,0.25599402,-0.111876234
52569.688,20.883904,0.80405915,0.2560922,-0.1065605
53577.562,20.883904,0.772915,0.25622612,-0.10153657
54585.438,20.883904,0.7447686,0.25632545,-0.09699736
55593.312,20.883904,0.72040725,0.25632772,-0.09310668
56601.19,20.883904,0.7004098,0.25618532,-0.08998864
57609.066,20.883904,0.6851147,0.25587082,-0.08772018
58616.94,20.883904,0.6746051,0.2553801,-0.0863268
59624.816,20.883904,0.6687099,0.25473374,-0.085781895
60632.69,20.883904,0.6670227,0.25397518,-0.08600995
61640.566,20.883904,0.6689357,0.25316697,-0.08689292
62648.44,20.883904,0.6736881,0.25238484,-0.08828001
63656.32,20.883904,0.6804239,0.25170973,-0.089999564
64664.195,20.883904,0.68825686,0.25121978,-0.09187267
65672.07,20.883904,0.69633543,0.2509808,-0.09372701
66679.945,20.883904,0.70390606,0.25103894,-0.09541025
67687.82,20.883904,0.7103672,0.2514137,-0.09680179
68695.695,20.883904,0.7153092,0.2520941,-0.09782152
69703.57,20.883904,0.7185407,0.25303686,-0.09843526
70711.445,20.883904,0.7200913,0.25416908,-0.09865612
71719.32,20.883904,0.7201994,0.25539353,-0.098541215
72727.195,20.883904,0.71927536,0.2565973,-0.098184265
73735.08,20.883904,0.7178512,0.25766352,-0.09770417
74742.95,20.883904,0.71651393,0.2584839,-0.09723104
75750.83,20.883904,0.71583337,0.25897262,-0.09688992
76758.7,20.883904,0.7162895,0.2590787,-0.09678528
77766.58,20.883904,0.7182053,0.2587957,-0.09698631
78774.45,20.883904,0.7216976,0.25816664,-0.09751645
79782.33,20.883904,0.72665036,0.25728408,-0.098347545
80790.2,20.883904,0.73271585,0.25628254,-0.09940094
81798.08,20.883904,0.73935187,0.2553244,-0.10055567
82805.95,20.883904,0.74588895,0.2545788,-0.10166432
83813.83,20.883904,0.7516271,0.25419623,-0.10257479
84821.7,20.883904,0.7559546,0.25427967,-0.10315684
85829.58,20.883904,0.7584688,0.25485942,-0.10332897
86837.45,20.883904,0.75908345,0.25587267,-0.10308215
87845.33,20.883904,0.7580977,0.25715777,-0.10249429
88853.2,20.883904,0.75620276,0.25846562,-0.10172997
89861.08,20.883904,0.7544001,0.25949514,-0.10102045
90868.95,20.883904,0.75382024,0.25995365,-0.100620426
91876.83,20.883904,0.75544107,0.25964046,-0.100742295
92884.71,20.883904,0.75973475,0.25854158,-0.10147472
93892.586,20.883904,0.76631355,0.2569134,-0.10270247
94900.46,20.883904,0.7737089,0.25531572,-0.10405927
95908.336,20.883904,0.7795027,0.25452796,-0.10496493
96916.21,20.883904,0.7811444,0.25525367,-0.10482631
97924.086,20.883904,0.7779539,0.25747287,-0.103518136
98931.96,20.883904,0.77500224,0.25924623,-0.10230743
99939.836,20.883904,0.789827,0.25470537,-0.10544646
160.16696,21.489235,0.90304756,0.40774673,-0.08087056
1168.0425,21.489235,0.987827,0.29395857,-0.12623759
2175.918,21.489235,0.99557686,0.2602453,-0.14189883
3183.7935,21.489235,0.9852644,0.26134616,-0.14616223
4191.669,21.489235,0.98148793,0.27296916,-0.14773774
5199.5444,21.489235,0.9902073,0.2837234,-0.14988528
6207.42,21.489235,1.0086751,0.2896489,-0.15308692
7215.2954,21.489235,1.0313095,0.29063982,-0.15667704
8223.171,21.489235,1.0528339,0.28822392,-0.15975864
9231.046,21.489235,1.0696452,0.28427812,-0.16165031
10238.922,21.489235,1.0801197,0.28037405,-0.16204044
11246.798,21.489235,1.084337,0.27752304,-0.1609751
12254.673,21.489235,1.0835533,0.2761599,-0.15876444
13262.548,21.489235,1.0796285,0.2762488,-0.15586327
14270.424,21.489235,1.074527,0.2774399,-0.1527586
15278.3,21.489235,1.0699495,0.27922666,-0.14988223
16286.175,21.489235,1.0671088,0.28108013,-0.14755389
17294.049,21.489235,1.0666414,0.28254548,-0.14595553
18301.924,21.489235,1.0686283,0.28330165,-0.14513135
19309.8,21.489235,1.0726907,0.28318495,-0.14500701
20317.676,21.489235,1.0781369,0.28218448,-0.14542134
21325.55,21.489235,1.0841161,0.28041837,-0.14616312
22333.428,21.489235,1.0897734,0.27809682,-0.14700775
23341.303,21.489235,1.094375,0.27548152,-0.14774932
24349.178,21.489235,1.0974002,0.2728459,-0.14822523
25357.053,21.489235,1.0985913,0.27044013,-0.14833185
26364.928,21.489235,1.0979673,0.2684654,-0.148031
27372.805,21.489235,1.0957972,0.26705667,-0.14734784
28380.68,21.489235,1.0925503,0.26627603,-0.14636181
29388.555,21.489235,1.0888225,0.26611325,-0.14519218
30396.432,21.489235,1.0852557,0.26649532,-0.14398046
31404.307,21.489235,1.0824554,0.2672995,-0.14287183
32412.182,21.489235,1.0809139,0.2683717,-0.14199714
33420.06,21.489235,1.0809522,0.26954326,-0.14145787
34427.934,21.489235,1.0826743,0.27064946,-0.14131445
35435.81,21.489235,1.0859492,0.2715447,-0.14157897
36443.684,21.489235,1.0904106,0.2721142,-0.14221318
37451.562,21.489235,1.0954822,0.27228212,-0.14313082
38459.438,21.489235,1.1004183,0.27201575,-0.14420459
39467.312,21.489235,1.1043594,0.2713238,-0.14527649
40475.188,21.489235,1.1064001,0.27025366,-0.14617091
41483.062,21.489235,1.1056592,0.26888275,-0.14670894
42490.938,21.489235,1.1013492,0.26731023,-0.14672309
43498.812,21.489235,1.0928396,0.26564562,-0.14607121
44506.69,21.489235,1.0797098,0.2639987,-0.14464822
45514.566,21.489235,1.0617869,0.26246935,-0.14239532
46522.44,21.489235,1.0391673,0.2611391,-0.13930565
47530.316,21.489235,1.0122175,0.26006538,-0.1354263
48538.19,21.489235,0.9815618,0.25927758,-0.13085616
49546.066,21.489235,0.9480441,0.25877625,-0.1257405
50553.938,21.489235,0.9126853,0.25853541,-0.12026193
51561.812,21.489235,0.87661874,0.2585064,-0.11462875
52569.688,21.489235,0.84102523,0.25862402,-0.10906181
53577.562,21.489235,0.8070638,0.25881475,-0.10378007
54585.438,21.489235,0.77579844,0.25900418,-0.0989866
55593.312,21.489235,0.74814016,0.2591252,-0.09485559
56601.19,21.489235,0.72479165,0.25912535,-0.09152123
57609.066,21.489235,0.7062109,0.25897217,-0.08906978
58616.94,21.489235,0.6925873,0.2586569,-0.08753443
59624.816,21.489235,0.68384004,0.25819573,-0.08689442
60632.69,21.489235,0.67963153,0.25762808,-0.08707769
61640.566,21.489235,0.6793996,0.25701317,-0.08796731
62648.44,21.489235,0.68240535,0.2564237,-0.089410976
63656.32,21.489235,0.6877919,0.25593865,-0.091233246
64664.195,21.489235,0.69465065,0.2556338,-0.093249254
65672.07,21.489235,0.7020915,0.2555737,-0.0952791
66679.945,21.489235,0.7093103,0.25580296,-0.0971618
67687.82,21.489235,0.71564686,0.2563398,-0.09876734
68695.695,21.489235,0.72063285,0.25717163,-0.10000646
69703.57,21.489235,0.72401893,0.25825432,-0.10083648
70711.445,21.489235,0.7257872,0.259513,-0.10126319
71719.32,21.489235,0.7261381,0.26084936,-0.10133803
72727.195,21.489235,0.7254576,0.26214907,-0.10115101
73735.08,21.489235,0.724267,0.2632945,-0.10081945
74742.95,21.489235,0.72315556,0.26417664,-0.100473866
75750.83,21.489235,0.7227055,0.26471,-0.10024178
76758.7,21.489235,0.723415,0.2648447,-0.10023129
77766.58,21.489235,0.72562927,0.26457626,-0.10051642
78774.45,21.489235,0.7294836,0.26395082,-0.101125635
79782.33,21.489235,0.73487383,0.26306474,-0.10203563
80790.2,21.489235,0.7414545,0.2620575,-0.10317165
81798.08,21.489235,0.7486725,0.26109624,-0.10441536
82805.95,21.489235,0.755834,0.2603552,-0.10562011
83813.83,21.489235,0.7622058,0.25998867,-0.106632836
84821.7,21.489235,0.7671347,0.26010275,-0.107320406
85829.58,21.489235,0.770176,0.2607286,-0.10759731
86837.45,21.489235,0.7712069,0.26180223,-0.1074496
87845.33,21.489235,0.77050376,0.2631582,-0.10695027
88853.2,21.489235,0.76875204,0.2645418,-0.106259964
89861.08,21.489235,0.76696944,0.265645,-0.10560761
90868.95,21.489235,0.76632005,0.26616856,-0.105248004
91876.83,21.489235,0.7678273,0.26590708,-0.10539579
92884.71,21.489235,0.7720043,0.26484597,-0.10614394
93892.586,21.489235,0.7784844,0.2632478,-0.10738244
94900.46,21.489235,0.78577936,0.26168463,-0.10874943
95908.336,21.489235,0.7914022,0.2609542,-0.109666206
96916.21,21.489235,0.7926978,0.26177657,-0.10953656
97924.086,21.489235,0.78890586,0.26413336,-0.10822691
98931.96,21.489235,0.7851781,0.26604575,-0.10699359
99939.836,21.489235,0.7995658,0.26152033,-0.110084236
160.16696,22.094566,0.92024606,0.415345,-0.086213775
1168.0425,22.094566,1.0129821,0.30107796,-0.13259533
2175.918,22.094566,1.0206333,0.26788318,-0.14838667
3183.7935,22.094566,1.0082197,0.26962748,-0.15242112
4191.669,22.094566,1.0029502,0.28164437,-0.15368372
5199.5444,22.094566,1.0114858,0.29245055,-0.1555564
6207.42,22.094566,1.0308583,0.2981359,-0.15855725
7215.2954,22.094566,1.0549377,0.29870057,-0.16201378
8223.171,22.094566,1.077903,0.2957825,-0.16500631
9231.046,22.094566,1.0957634,0.2913491,-0.16682976
10238.922,22.094566,1.1067054,0.28703234,-0.1671556
11246.798,22.094566,1.1107978,0.28387487,-0.16602163
12254.673,22.094566,1.1094153,0.28231812,-0.16373786
13262.548,22.094566,1.104609,0.2823153,-0.16076487
14270.424,22.094566,1.0985532,0.28349593,-0.15759842
15278.3,22.094566,1.0931356,0.28532848,-0.15467967
16286.175,22.094566,1.089708,0.28725952,-0.15233615
17294.049,22.094566,1.0889815,0.28881428,-0.15075478
18301.924,22.094566,1.0910485,0.28965646,-0.14998074
19309.8,22.094566,1.0954875,0.28961304,-0.14993714
20317.676,22.094566,1.1015186,0.28866908,-0.1504567
21325.55,22.094566,1.1081817,0.2869426,-0.15131937
22333.428,22.094566,1.1145041,0.2846466,-0.15229006
23341.303,22.094566,1.1196445,0.28204662,-0.15315181
24349.178,22.094566,1.1229969,0.27941996,-0.15373123
25357.053,22.094566,1.1242511,0.27701962,-0.1539153
26364.928,22.094566,1.1234094,0.27504793,-0.15365843
27372.805,22.094566,1.1207623,0.27363905,-0.15298095
28380.68,22.094566,1.1168346,0.27285185,-0.1519602
29388.555,22.094566,1.1123059,0.27267215,-0.15071616
30396.432,22.094566,1.1079206,0.27302083,-0.14939351
31404.307,22.094566,1.1043968,0.2737697,-0.14814286
32412.182,22.094566,1.1023389,0.27475837,-0.14710227
33420.06,22.094566,1.1021684,0.27581346,-0.1463813
34427.934,22.094566,1.1040715,0.2767673,-0.14604898
35435.81,22.094566,1.1079732,0.2774725,-0.14612569
36443.684,22.094566,1.1135333,0.2778155,-0.14658086
37451.562,22.094566,1.1201671,0.2777238,-0.14733443
38459.438,22.094566,1.1270887,0.27716982,-0.14826381
39467.312,22.094566,1.133368,0.27617002,-0.14921364
40475.188,22.094566,1.1380036,0.27478045,-0.1500091
41483.062,22.094566,1.1399982,0.27308849,-0.15047008
42490.938,22.094566,1.138435,0.27120337,-0.15042606
43498.812,22.094566,1.1325512,0.26924485,-0.14973038
44506.69,22.094566,1.1217955,0.2673313,-0.14827237
45514.566,22.094566,1.1058772,0.26557067,-0.14598683
46522.44,22.094566,1.0847911,0.26405036,-0.14286046
47530.316,22.094566,1.0588278,0.26283148,-0.13893403
48538.19,22.094566,1.0285603,0.26194486,-0.13430096
49546.066,22.094566,0.99481416,0.2613906,-0.12910208
50553.938,22.094566,0.9586203,0.26113972,-0.12351706
51561.812,22.094566,0.92115223,0.26113883,-0.11775288
52569.688,22.094566,0.8836576,0.2613168,-0.112030886
53577.562,22.094566,0.84738296,0.26159278,-0.10657242
54585.438,22.094566,0.8134985,0.26188454,-0.10158448
55593.312,22.094566,0.7830299,0.26211748,-0.09724673
56601.19,22.094566,0.75679946,0.2622321,-0.09370001
57609.066,22.094566,0.73538125,0.26218933,-0.09103802
58616.94,22.094566,0.7190725,0.26197565,-0.089301705
59624.816,22.094566,0.70788485,0.26160356,-0.08847807
60632.69,22.094566,0.7015552,0.26111048,-0.08850209
61640.566,22.094566,0.69957364,0.26055545,-0.08926292
62648.44,22.094566,0.70123005,0.26001203,-0.09061294
63656.32,22.094566,0.7056726,0.25956127,-0.09237982
64664.195,22.094566,0.7119769,0.25928214,-0.09437986
65672.07,22.094566,0.71921724,0.25924268,-0.096432455
66679.945,22.094566,0.7265382,0.25949058,-0.09837389
67687.82,22.094566,0.73321813,0.26004755,-0.100069955
68695.695,22.094566,0.738722,0.26090324,-0.101425566
69703.57,22.094566,0.7427343,0.26201463,-0.10239138
70711.445,22.094566,0.74517554,0.2633077,-0.10296576
71719.32,22.094566,0.74619406,0.2646826,-0.10319282
72727.195,22.094566,0.746137,0.2660236,-0.10315576
73735.08,22.094566,0.74550086,0.26721007,-0.10296601
74742.95,22.094566,0.7448656,0.26813,-0.10274955
75750.83,22.094566,0.7448186,0.26869512,-0.102631085
76758.7,22.094566,0.7458757,0.26885283,-0.102717966
77766.58,22.094566,0.7484072,0.2685971,-0.103085175
78774.45,22.094566,0.75257844,0.26797393,-0.103763975
79782.33,22.094566,0.7583142,0.26708096,-0.104735196
80790.2,22.094566,0.7652919,0.26606023,-0.10592906
81798.08,22.094566,0.7729723,0.26508328,-0.10723242
82805.95,22.094566,0.7806636,0.26432908,-0.108503185
83813.83,22.094566,0.78761905,0.26395735,-0.10959164
84821.7,22.094566,0.79316026,0.26407886,-0.11036611
85829.58,22.094566,0.7968069,0.26472726,-0.11073993
86837.45,22.094566,0.7983953,0.2658398,-0.11069564
87845.33,22.094566,0.79816186,0.26724902,-0.11030027
88853.2,22.094566,0.79676014,0.26869506,-0.10970695
89861.08,22.094566,0.79518944,0.26986307,-0.109136514
90868.95,22.094566,0.794615,0.27044576,-0.10883668
91876.83,22.094566,0.7960799,0.27023074,-0.10901822
92884.71,22.094566,0.80013347,0.26920092,-0.10977494
93892.586,22.094566,0.80645025,0.2676225,-0.11100384
94900.46,22.094566,0.8135765,0.26608002,-0.11235599
95908.336,22.094566,0.81903386,0.26539063,-0.11326912
96916.21,22.094566,0.82013494,0.26629514,-0.11316007
97924.086,22.094566,0.81604326,0.2687812,-0.11189238
98931.96,22.094566,0.8118136,0.27082953,-0.110681355
99939.836,22.094566,0.82545435,0.2663086,-0.113661155
160.16696,22.699896,0.9360237,0.42327178,-0.09152949
1168.0425,22.699896,1.03799,0.30821827,-0.13895383
2175.918,22.699896,1.0464122,0.2754979,-0.15495053
3183.7935,22.699896,1.0321152,0.2779178,-0.15877567
4191.669,22.699896,1.0250475,0.2903505,-0.1596826
5199.5444,22.699896,1.0328366,0.30119348,-0.16120805
6207.42,22.699896,1.0525525,0.30658922,-0.16394538
7215.2954,22.699896,1.0777113,0.30665827,-0.16724549
8223.171,22.699896,1.1020498,0.30316585,-0.1701809
9231.046,22.699896,1.1212083,0.29818308,-0.17202315
10238.922,22.699896,1.1331384,0.29341125,-0.17241533
11246.798,22.699896,1.1378139,0.28992718,-0.17136876
12254.673,22.699896,1.1366264,0.28817782,-0.16917254
13262.548,22.699896,1.131717,0.28810218,-0.16627318
14270.424,22.699896,1.1253868,0.28930315,-0.16315965
15278.3,22.699896,1.1196505,0.29121864,-0.16027199
16286.175,22.699896,1.1159639,0.2932661,-0.15794113
17294.049,22.699896,1.1151087,0.2949459,-0.15635961
18301.924,22.699896,1.1172036,0.2959042,-0.15557939
19309.8,22.699896,1.1218151,0.29595712,-0.15552978
20317.676,22.699896,1.1281216,0.29508555,-0.15604803
21325.55,22.699896,1.1350994,0.29340813,-0.1569166
22333.428,22.699896,1.1417053,0.29114193,-0.1579005
23341.303,22.699896,1.1470302,0.2885581,-0.15878046
24349.178,22.699896,1.1504136,0.2859393,-0.15937914
25357.053,22.699896,1.1515112,0.28354317,-0.15957811
26364.928,22.699896,1.1503168,0.2815743,-0.15932578
27372.805,22.699896,1.147139,0.28016707,-0.15863672
28380.68,22.699896,1.1425445,0.27937788,-0.15758315
29388.555,22.699896,1.1372764,0.279188,-0.15628116
30396.432,22.699896,1.1321586,0.2795132,-0.15487368
31404.307,22.699896,1.1279948,0.28021854,-0.15351126
32412.182,22.699896,1.1254768,0.28113788,-0.15233383
33420.06,22.699896,1.1251065,0.282093,-0.15145504
34427.934,22.699896,1.1271365,0.28291222,-0.15094948
35435.81,22.699896,1.1315384,0.28344762,-0.15084432
36443.684,22.699896,1.1379957,0.2835865,-0.15111634
37451.562,22.699896,1.1459222,0.2832602,-0.15169336
38459.438,22.699896,1.1545041,0.2824473,-0.15245979
39467.312,22.699896,1.1627585,0.2811724,-0.15326653
40475.188,22.699896,1.1696091,0.2795009,-0.15394364
41483.062,22.699896,1.1739666,0.27753058,-0.15431395
42490.938,22.699896,1.1748111,0.2753811,-0.154208
43498.812,22.699896,1.1712697,0.27318197,-0.15347786
44506.69,22.699896,1.1626823,0.27106035,-0.15200971
45514.566,22.699896,1.1486554,0.26913077,-0.14973325
46522.44,22.699896,1.129096,0.26748514,-0.14662853
47530.316,22.699896,1.1042217,0.26618642,-0.1427285
48538.19,22.699896,1.0745571,0.2652648,-0.13811822
49546.066,22.699896,1.0409015,0.26471692,-0.13293007
50553.938,22.699896,1.0042858,0.26450816,-0.12733576
51561.812,22.699896,0.9659087,0.2645776,-0.1215355
52569.688,22.699896,0.9270668,0.2648452,-0.11574527
53577.562,22.699896,0.8890766,0.26522034,-0.11018314
54585.438,22.699896,0.85319245,0.2656112,-0.10505493
55593.312,22.699896,0.8205389,0.26593396,-0.100541644
56601.19,22.699896,0.79203993,0.2661207,-0.096787706
57609.066,22.699896,0.768374,0.2661264,-0.093892604
58616.94,22.699896,0.7499361,0.26593298,-0.09190497
59624.816,22.699896,0.7368263,0.26555082,-0.090820864
60632.69,22.699896,0.7288536,0.2650178,-0.09058535
61640.566,22.699896,0.72556305,0.26439536,-0.09109779
62648.44,22.699896,0.7262782,0.2637616,-0.092220515
63656.32,22.699896,0.7301605,0.26320374,-0.09378998
64664.195,22.699896,0.7362757,0.2628075,-0.0956299
65672.07,22.699896,0.74367,0.26264834,-0.09756479
66679.945,22.699896,0.75144297,0.26278168,-0.09943369
67687.82,22.699896,0.7588151,0.26323503,-0.10110267
68695.695,22.699896,0.76518524,0.26400352,-0.10247408
69703.57,22.699896,0.77016795,0.26504746,-0.10349356
70711.445,22.699896,0.77361625,0.26629397,-0.10415268
71719.32,22.699896,0.77561784,0.26764295,-0.10448713
72727.195,22.699896,0.77646923,0.26897576,-0.10457064
73735.08,22.699896,0.7766308,0.27016774,-0.10450546
74742.95,22.699896,0.7766628,0.27110195,-0.1044091
75750.83,22.699896,0.7771498,0.2716844,-0.10439912
76758.7,22.699896,0.7786191,0.27185735,-0.10457808
77766.58,22.699896,0.7814674,0.27161002,-0.10501882
78774.45,22.699896,0.7858962,0.27098566,-0.10575309
79782.33,22.699896,0.7918705,0.27008116,-0.10676503
80790.2,22.699896,0.799109,0.26903966,-0.107990496
81798.08,22.699896,0.8071065,0.2680359,-0.1093234
82805.95,22.699896,0.81519556,0.2672537,-0.110629335
83813.83,22.699896,0.82263887,0.26685864,-0.111765414
84821.7,22.699896,0.8287507,0.26696676,-0.11260488
85829.58,22.699896,0.8330252,0.26761687,-0.113062896
86837.45,22.699896,0.8352589,0.26874793,-0.11311977
87845.33,22.699896,0.8356379,0.2701918,-0.112836175
88853.2,22.699896,0.8347624,0.27168483,-0.11235493
89861.08,22.699896,0.8335847,0.2729048,-0.11188447
90868.95,22.699896,0.83323985,0.27353567,-0.11166001
91876.83,22.699896,0.83476454,0.27335724,-0.11188319
92884.71,22.699896,0.8387334,0.2723477,-0.11264559
93892.586,22.699896,0.84487706,0.27077574,-0.11385214
94900.46,22.699896,0.85181975,0.26923764,-0.11517329
95908.336,22.699896,0.8571589,0.26857072,-0.11607469
96916.21,22.699896,0.85824597,0.26953888,-0.11599942
97924.086,22.699896,0.85418284,0.27213794,-0.11481281
98931.96,22.699896,0.8497814,0.2743097,-0.11366634
99939.836,22.699896,0.86251605,0.26977566,-0.116496146
160.16696,23.305227,0.9499463,0.43142343,-0.096674554
1168.0425,23.305227,1.0623317,0.3153965,-0.14524516
2175.918,23.305227,1.0727124,0.28308138,-0.16157246
3183.7935,23.305227,1.0571228,0.2861562,-0.16524746
4191.669,23.305227,1.048221,0.29899794,-0.16578539
5199.5444,23.305227,1.0548142,0.3098701,-0.16690606
6207.42,23.305227,1.0742812,0.31496438,-0.16931424
7215.2954,23.305227,1.1000086,0.31452313,-0.17241326
8223.171,23.305227,1.1254344,0.31044242,-0.17528495
9231.046,23.305227,1.1458862,0.3049003,-0.17718217
10238.922,23.305227,1.1590643,0.2996689,-0.177714
11246.798,23.305227,1.1647813,0.29586023,-0.17685299
12254.673,23.305227,1.1643552,0.29392615,-0.17485183
13262.548,23.305227,1.159923,0.29378983,-0.17212774
14270.424,23.305227,1.1538279,0.295026,-0.16914979
15278.3,23.305227,1.1481506,0.29704005,-0.16634752
16286.175,23.305227,1.1444172,0.29921815,-0.16405022
17294.049,23.305227,1.1434681,0.30103502,-0.16245571
18301.924,23.305227,1.1454656,0.30211774,-0.16162568
19309.8,23.305227,1.1499966,0.3022713,-0.16150165
20317.676,23.305227,1.1562405,0.30147246,-0.1619334
21325.55,23.305227,1.1631585,0.29984084,-0.16271456
22333.428,23.305227,1.1696818,0.29759842,-0.16361865
23341.303,23.305227,1.1748724,0.29502296,-0.16443188
24349.178,23.305227,1.1780438,0.2924039,-0.16497874
25357.053,23.305227,1.1788332,0.29000488,-0.16513959
26364.928,23.305227,1.1772289,0.28803384,-0.16485907
27372.805,23.305227,1.173547,0.28662637,-0.16414596
28380.68,23.305227,1.1683769,0.28583822,-0.16306597
29388.555,23.305227,1.1624975,0.28564706,-0.16172872
30396.432,23.305227,1.1567783,0.28596392,-0.16027133
31404.307,23.305227,1.1520773,0.28664836,-0.1588402
32412.182,23.305227,1.1491423,0.28752884,-0.15757331
33420.06,23.305227,1.148528,0.28842223,-0.1565846
34427.934,23.305227,1.1505353,0.28915393,-0.15595111
35435.81,23.305227,1.1551722,0.2895747,-0.15570478
36443.684,23.305227,1.1621456,0.28957272,-0.15582892
37451.562,23.305227,1.1708753,0.28908285,-0.1562588
38459.438,23.305227,1.1805367,0.28808883,-0.15688711
39467.312,23.305227,1.1901194,0.28662243,-0.15757272
40475.188,23.305227,1.1985022,0.28475752,-0.15815252
41483.062,23.305227,1.2045376,0.28260106,-0.15845506
42490.938,23.305227,1.2071373,0.28028136,-0.15831424
43498.812,23.305227,1.2053511,0.27793607,-0.1575833
44506.69,23.305227,1.1984414,0.27569932,-0.1561467
45514.566,23.305227,1.185938,0.27369013,-0.15393017
46522.44,23.305227,1.1676757,0.272003,-0.1509071
47530.316,23.305227,1.1438131,0.27070072,-0.14710185
48538.19,23.305227,1.1148275,0.2698107,-0.1425893
49546.066,23.305227,1.0814883,0.26932466,-0.13749087
50553.938,23.305227,1.0448141,0.26920047,-0.13196716
51561.812,23.305227,1.0060109,0.26936838,-0.12620772
52569.688,23.305227,0.9664007,0.2697385,-0.12041945
53577.562,23.305227,0.9273427,0.2702097,-0.11481304
54585.438,23.305227,0.8901499,0.27068025,-0.10958972
55593.312,23.305227,0.8560152,0.27105728,-0.10492871
56601.19,23.305227,0.8259419,0.27126554,-0.10097578
57609.066,23.305227,0.8006889,0.27125475,-0.09783493
58616.94,23.305227,0.78073156,0.27100396,-0.09556219
59624.816,23.305227,0.76624596,0.27052358,-0.09416356
60632.69,23.305227,0.75710714,0.2698539,-0.09359603
61640.566,23.305227,0.75291306,0.26906133,-0.093771994
62648.44,23.305227,0.7530254,0.26823115,-0.09456735
63656.32,23.305227,0.7566251,0.2674591,-0.09583154
64664.195,23.305227,0.7627798,0.26684082,-0.09739989
65672.07,23.305227,0.7705195,0.26646128,-0.099106625
66679.945,23.305227,0.7789103,0.2663854,-0.10079752
67687.82,23.305227,0.78712606,0.26664898,-0.10234222
68695.695,23.305227,0.794507,0.26725328,-0.103643395
69703.57,23.305227,0.80060446,0.26816297,-0.10464349
70711.445,23.305227,0.80520517,0.26930687,-0.105327606
71719.32,23.305227,0.8083327,0.27058417,-0.105722636
72727.195,23.305227,0.8102287,0.27187297,-0.105891794
73735.08,23.305227,0.81130934,0.27304372,-0.10592584
74742.95,23.305227,0.81210476,0.2739729,-0.105930954
75750.83,23.305227,0.81318665,0.27455914,-0.10601507
76758.7,23.305227,0.815088,0.27473798,-0.106272765
77766.58,23.305227,0.81822634,0.27449262,-0.10677235
78774.45,23.305227,0.8228388,0.2738618,-0.10754442
79782.33,23.305227,0.8289366,0.2729401,-0.10857558
80790.2,23.305227,0.83628917,0.27187088,-0.109807365
81798.08,23.305227,0.84444195,0.27083158,-0.11114194
82805.95,23.305227,0.8527694,0.2700105,-0.11245447
83813.83,23.305227,0.8605638,0.26957884,-0.11361128
84821.7,23.305227,0.867149,0.26965922,-0.11449322
85829.58,23.305227,0.8720086,0.270295,-0.115019314
86837.45,23.305227,0.8749053,0.27142817,-0.11516901
87845.33,23.305227,0.87597275,0.2728906,-0.114996724
88853.2,23.305227,0.8757457,0.27441493,-0.11463376
89861.08,23.305227,0.8751091,0.27567187,-0.11427341
90868.95,23.305227,0.8751414,0.27633664,-0.11413497
91876.83,23.305227,0.87684923,0.2761804,-0.114407375
92884.71,23.305227,0.88081837,0.27517638,-0.11517761
93892.586,23.305227,0.8868386,0.2735949,-0.11635851
94900.46,23.305227,0.89363974,0.27204344,-0.117643595
95908.336,23.305227,0.89894825,0.27137974,-0.11853352
96916.21,23.305227,0.90021247,0.27239105,-0.118505925
97924.086,23.305227,0.8964976,0.27508232,-0.117431946
98931.96,23.305227,0.89227825,0.277356,-0.11638636
99939.836,23.305227,0.9041307,0.27278477,-0.119055346
160.16696,23.910557,0.9617313,0.43966836,-0.10152408
1168.0425,23.910557,1.0854524,0.32262304,-0.15139619
2175.918,23.910557,1.0991722,0.29061812,-0.16822006
3183.7935,23.910557,1.0832205,0.29426715,-0.17184496
4191.669,23.910557,1.0727535,0.307475,-0.17203596
5199.5444,23.910557,1.0778818,0.31837258,-0.17271486
6207.42,23.910557,1.0965337,0.3231918,-0.1747258
7215.2954,23.910557,1.1221992,0.32228497,-0.17755118
8223.171,23.910557,1.1481893,0.31766698,-0.18030146
9231.046,23.910557,1.1696093,0.31161427,-0.18222083
10238.922,23.910557,1.1839299,0.3059642,-0.18288687
11246.798,23.910557,1.19077,0.30186087,-0.18222949
12254.673,23.910557,1.1913095,0.29976076,-0.18045779
13262.548,23.910557,1.1876074,0.2995719,-0.17795049
14270.424,23.910557,1.1819792,0.30084267,-0.17514764
15278.3,23.910557,1.1765181,0.30294818,-0.17246121
16286.175,23.910557,1.1727877,0.30524525,-0.17021357
17294.049,23.910557,1.1716787,0.30718404,-0.168605
18301.924,23.910557,1.1734052,0.30837464,-0.16770703
19309.8,23.910557,1.1776015,0.30861145,-0.16747524
20317.676,23.910557,1.1834831,0.30786738,-0.16777562
21325.55,23.910557,1.1900364,0.30626366,-0.1684176
22333.428,23.910557,1.1962038,0.30402735,-0.1691884
23341.303,23.910557,1.2010496,0.30144346,-0.1698846
24349.178,23.910557,1.2038814,0.29880893,-0.17033714
25357.053,23.910557,1.204328,0.29639363,-0.17042857
26364.928,23.910557,1.2023659,0.2944108,-0.17010222
27372.805,23.910557,1.1983043,0.2929987,-0.16936255
28380.68,23.910557,1.1927301,0.2922132,-0.16826889
29388.555,23.910557,1.1864257,0.2920306,-0.16692348
30396.432,23.910557,1.1802719,0.29235873,-0.1654562
31404.307,23.910557,1.1751438,0.2930531,-0.16400707
32412.182,23.910557,1.1718123,0.29393756,-0.1627096
33420.06,23.910557,1.17086,0.29482523,-0.16167523
34427.934,23.910557,1.1726156,0.29553872,-0.1609812
35435.81,23.910557,1.1771156,0.29592696,-0.16066208
36443.684,23.910557,1.1840897,0.29587862,-0.16070578
37451.562,23.910557,1.1929766,0.29533026,-0.16105407
38459.438,23.910557,1.2029625,0.29426926,-0.16160703
39467.312,23.910557,1.2130374,0.29273227,-0.16223139
40475.188,23.910557,1.2220719,0.29079893,-0.16277134
41483.062,23.910557,1.2288988,0.28858206,-0.16306138
42490.938,23.910557,1.2324013,0.28621614,-0.1629398
43498.812,23.910557,1.2315922,0.28384387,-0.16226171
44506.69,23.910557,1.2256906,0.28160313,-0.1609108
45514.566,23.910557,1.2141787,0.27961522,-0.15880916
46522.44,23.910557,1.1968436,0.27797472,-0.1559239
47530.316,23.910557,1.1737963,0.2767427,-0.15227073
48538.19,23.910557,1.1454717,0.27594256,-0.14791395
49546.066,23.910557,1.1126047,0.2755597,-0.14296307
50553.938,23.910557,1.0761887,0.2755451,-0.1375663
51561.812,23.910557,1.0374155,0.27582034,-0.13190116
52569.688,23.910557,0.9976057,0.2762861,-0.12616357
53577.562,23.910557,0.9581297,0.2768326,-0.12055531
54585.438,23.910557,0.92032486,0.27734974,-0.11527115
55593.312,23.910557,0.8854209,0.2777375,-0.110486925
56601.19,23.910557,0.85446566,0.27791545,-0.1063486
57609.066,23.910557,0.8282715,0.27783018,-0.102963686
58616.94,23.910557,0.807371,0.27746016,-0.10039539
59624.816,23.910557,0.7919982,0.27681783,-0.09865973
60632.69,23.910557,0.7820835,0.27594784,-0.09772608
61640.566,23.910557,0.7772752,0.27492332,-0.097521305
62648.44,23.910557,0.77697444,0.27383783,-0.09793627
63656.32,23.910557,0.7803918,0.2727969,-0.098835446
64664.195,23.910557,0.78660905,0.2719063,-0.10006809
65672.07,23.910557,0.79465663,0.2712616,-0.10148018
66679.945,23.910557,0.80358636,0.2709367,-0.10292674
67687.82,23.910557,0.8125423,0.27097574,-0.10428305
68695.695,23.910557,0.82082415,0.27138612,-0.10545375
69703.57,23.910557,0.82793164,0.2721361,-0.10637947
70711.445,23.910557,0.8335951,0.27315575,-0.10703988
71719.32,23.910557,0.8377801,0.27434304,-0.10745338
72727.195,23.910557,0.8406721,0.27557236,-0.10767237
73735.08,23.910557,0.8426392,0.27670845,-0.10777552
74742.95,23.910557,0.84417415,0.27762097,-0.10785685
75750.83,23.910557,0.8458267,0.27820122,-0.108013
76758.7,23.910557,0.8481239,0.278377,-0.10832955
77766.58,23.910557,0.85149544,0.27812582,-0.10886884
78774.45,23.910557,0.85620713,0.2774816,-0.1096593
79782.33,23.910557,0.8623135,0.27653643,-0.110689126
80790.2,23.910557,0.8696368,0.27543366,-0.1119054
81798.08,23.910557,0.87777936,0.27435303,-0.11321873
82805.95,23.910557,0.88617015,0.27348724,-0.1145144
83813.83,23.910557,0.8941453,0.2730132,-0.11566931
84821.7,23.910557,0.90105605,0.27305847,-0.11657286
85829.58,23.910557,0.9063908,0.2736716,-0.11714949
86837.45,23.910557,0.9098905,0.27479732,-0.11737889
87845.33,23.910557,0.9116419,0.2762668,-0.11730974
88853.2,23.910557,0.912113,0.277809,-0.11706205
89861.08,23.910557,0.9121111,0.27908805,-0.116813384
90868.95,23.910557,0.9126422,0.27977055,-0.11676588
91876.83,23.910557,0.91466355,0.27961951,-0.117094226
92884.71,23.910557,0.9187537,0.27860358,-0.11787939
93892.586,23.910557,0.92475474,0.27699497,-0.11904147
94900.46,23.910557,0.9315107,0.27541268,-0.12029727
95908.336,23.910557,0.93690574,0.27473402,-0.121184304
96916.21,23.910557,0.9385261,0.27576858,-0.12121805
97924.086,23.910557,0.9354336,0.27852893,-0.12027788
98931.96,23.910557,0.93173456,0.28087765,-0.11936006
99939.836,23.910557,0.94291514,0.27623942,-0.12188703
160.16696,24.515888,0.97132146,0.4478593,-0.10599141
1168.0425,24.515888,1.1068622,0.32989687,-0.157339
2175.918,24.515888,1.1253074,0.2980849,-0.17484662
3183.7935,24.515888,1.1101495,0.3021672,-0.1785538
4191.669,24.515888,1.0986629,0.31565908,-0.17845461
5199.5444,24.515888,1.1022737,0.32657692,-0.17867781
6207.42,24.515888,1.1196342,0.33118045,-0.18022472
7215.2954,24.515888,1.1445489,0.32990646,-0.18267827
8223.171,24.515888,1.1703782,0.32486403,-0.18519719
9231.046,24.515888,1.1921248,0.3184069,-0.18703337
10238.922,24.515888,1.2070872,0.31242454,-0.18774356
11246.798,24.515888,1.214699,0.30808643,-0.18722108
12254.673,24.515888,1.2159779,0.30585223,-0.18563262
13262.548,24.515888,1.2128632,0.30561805,-0.18331714
14270.424,24.515888,1.2075987,0.30691057,-0.18068203
15278.3,24.515888,1.2022516,0.30908042,-0.17811662
16286.175,24.515888,1.1983976,0.31146073,-0.17593135
17294.049,24.515888,1.1969676,0.31348225,-0.1743245
18301.924,24.515888,1.1982324,0.31474057,-0.17337365
19309.8,24.515888,1.2018876,0.31502262,-0.1730459
20317.676,24.515888,1.2072072,0.3142983,-0.17322221
21325.55,24.515888,1.213226,0.31269118,-0.17372768
22333.428,24.515888,1.2189217,0.3104334,-0.17436409
23341.303,24.515888,1.2233758,0.3078167,-0.17493998
24349.178,24.515888,1.2258996,0.30514577,-0.17529485
25357.053,24.515888,1.2261109,0.3026974,-0.1753161
26364.928,24.515888,1.2239661,0.30069038,-0.17494793
27372.805,24.515888,1.2197464,0.29926696,-0.17419267
28380.68,24.515888,1.2140086,0.298485,-0.1731049
29388.555,24.515888,1.2075083,0.29832107,-0.17178088
30396.432,24.515888,1.2011027,0.2986816,-0.17034367
31404.307,24.515888,1.1956524,0.29941982,-0.16892715
32412.182,24.515888,1.1919227,0.30035678,-0.16765955
33420.06,24.515888,1.1905003,0.3013026,-0.1666489
34427.934,24.515888,1.1917276,0.30207723,-0.16597109
35435.81,24.515888,1.1956633,0.3025276,-0.16566148
36443.684,24.515888,1.2020671,0.3025415,-0.16571078
37451.562,24.515888,1.2104093,0.30205527,-0.16606504
38459.438,24.515888,1.2199094,0.30105716,-0.16663003
39467.312,24.515888,1.2295892,0.2995854,-0.16727827
40475.188,24.515888,1.2383467,0.2977215,-0.16785997
41483.062,24.515888,1.2450348,0.29558077,-0.16821446
42490.938,24.515888,1.248548,0.29329953,-0.16818336
43498.812,24.515888,1.2479006,0.29102176,-0.16762324
44506.69,24.515888,1.2423035,0.288886,-0.16641685
45514.566,24.515888,1.2312198,0.28701293,-0.16448289
46522.44,24.515888,1.2144098,0.28549528,-0.16178249
47530.316,24.515888,1.1919509,0.2843908,-0.15832335
48538.19,24.515888,1.1642382,0.28371868,-0.15415984
49546.066,24.515888,1.1319667,0.28345907,-0.14939031
50553.938,24.515888,1.0960894,0.28355646,-0.14415139
51561.812,24.515888,1.0577615,0.28392598,-0.13860922
52569.688,24.515888,1.0182748,0.28446206,-0.1329492
53577.562,24.515888,0.97897714,0.28504893,-0.12736447
54585.438,24.515888,0.94119537,0.28557116,-0.12204357
55593.312,24.515888,0.906159,0.2859252,-0.11715886
56601.19,24.515888,0.87492704,0.28602856,-0.1128562
57609.066,24.515888,0.8483343,0.2858279,-0.10924632
58616.94,24.515888,0.8269446,0.2853032,-0.10639892
59624.816,24.515888,0.811031,0.28447083,-0.10433945
60632.69,24.515888,0.8005683,0.28338125,-0.10304927
61640.566,24.515888,0.79524946,0.28211433,-0.10246895
62648.44,24.515888,0.79451966,0.28077227,-0.1025039
63656.32,24.515888,0.7976277,0.27946928,-0.10303344
64664.195,24.515888,0.803687,0.27832034,-0.10392038
65672.07,24.515888,0.8117484,0.27742946,-0.10502286
66679.945,24.515888,0.82087064,0.27687818,-0.10620542
67687.82,24.515888,0.83019334,0.2767166,-0.107349455
68695.695,24.515888,0.83899724,0.27695623,-0.10836238
69703.57,24.515888,0.8467522,0.27756757,-0.10918384
70711.445,24.515888,0.8531477,0.27848044,-0.10978921
71719.32,24.515888,0.85810196,0.27959037,-0.1101892
72727.195,24.515888,0.86175096,0.28076798,-0.11042658
73735.08,24.515888,0.86441374,0.28187233,-0.11056856
74742.95,24.515888,0.86654156,0.28276685,-0.11069775
75750.83,24.515888,0.86865157,0.28333622,-0.11089988
76758.7,24.515888,0.8712536,0.28350255,-0.11125193
77766.58,24.515888,0.8747748,0.2832377,-0.111809984
78774.45,24.515888,0.8794969,0.28257248,-0.112599924
79782.33,24.515888,0.885507,0.2815978,-0.11361123
80790.2,24.515888,0.8926734,0.28045753,-0.11479579
81798.08,24.515888,0.9006534,0.27933377,-0.116072044
82805.95,24.515888,0.90893346,0.27842355,-0.117334835
83813.83,24.515888,0.9169036,0.27790806,-0.11847133
84821.7,24.515888,0.923955,0.27792,-0.11937963
85829.58,24.515888,0.92959577,0.27851108,-0.11998981
86837.45,24.515888,0.9335629,0.27962744,-0.12028256
87845.33,24.515888,0.9359097,0.2810988,-0.12030217
88853.2,24.515888,0.9370463,0.28265014,-0.12015858
89861.08,24.515888,0.93770474,0.2839386,-0.12001497
90868.95,24.515888,0.9388122,0.28462312,-0.12005746
91876.83,24.515888,0.9412636,0.2844597,-0.120447025
92884.71,24.515888,0.94561285,0.28341404,-0.121258214
93892.586,24.515888,0.95173657,0.28176168,-0.122416675
94900.46,24.515888,0.9585816,0.28013295,-0.12366002
95908.336,24.515888,0.9641909,0.2794245,-0.12455962
96916.21,24.515888,0.96630967,0.28046533,-0.12466645
97924.086,24.515888,0.9640306,0.28327304,-0.12386918
98931.96,24.515888,0.9611301,0.2856676,-0.123094246
99939.836,24.515888,0.97200614,0.28093037,-0.12552363
160.16696,25.12122,0.9789393,0.4558494,-0.110047214
1168.0425,25.12122,1.1262604,0.33719933,-0.16302459
2175.918,25.12122,1.1505862,0.30545026,-0.18139319
3183.7935,25.12122,1.1374002,0.309776,-0.1853267
4191.669,25.12122,1.1256107,0.3234331,-0.18501836
5199.5444,25.12122,1.127856,0.3343587,-0.18479446
6207.42,25.12122,1.1435997,0.3388251,-0.185819
7215.2954,25.12122,1.1671141,0.33732063,-0.1877894
8223.171,25.12122,1.1919644,0.33201194,-0.18993163
9231.046,25.12122,1.2131772,0.325301,-0.19152422
10238.922,25.12122,1.2279639,0.31910902,-0.19212076
11246.798,25.12122,1.23562,0.31462103,-0.19159184
12254.673,25.12122,1.2370198,0.3122982,-0.19007194
13262.548,25.12122,1.2339793,0.31202775,-0.18786551
14270.424,25.12122,1.2286587,0.31332254,-0.1853489
15278.3,25.12122,1.2230829,0.3155168,-0.18288705
16286.175,25.12122,1.2188265,0.31792855,-0.18077426
17294.049,25.12122,1.2168524,0.31997603,-0.17920107
18301.924,25.12122,1.2174839,0.32124624,-0.17824444
19309.8,25.12122,1.2204797,0.32152146,-0.1778769
20317.676,25.12122,1.225178,0.3207714,-0.17798828
21325.55,25.12122,1.2306659,0.31912193,-0.1784148
22333.428,25.12122,1.2359594,0.31681004,-0.17896947
23341.303,25.12122,1.2401587,0.3141339,-0.17947108
24349.178,25.12122,1.2425715,0.31140494,-0.17976706
25357.053,25.12122,1.2427953,0.30890647,-0.17975037
26364.928,25.12122,1.2407477,0.3068631,-0.1793679
27372.805,25.12122,1.2366626,0.30542177,-0.17862207
28380.68,25.12122,1.2310424,0.3046435,-0.17756575
29388.555,25.12122,1.2245874,0.3045067,-0.17629163
30396.432,25.12122,1.218107,0.30491823,-0.17491868
31404.307,25.12122,1.2124224,0.30573094,-0.17357631
32412.182,25.12122,1.208273,0.30676433,-0.17238912
33420.06,25.12122,1.206236,0.3078266,-0.17146222
34427.934,25.12122,1.2066611,0.30873516,-0.1708699
35435.81,25.12122,1.2096295,0.30933467,-0.1706472
36443.684,25.12122,1.2149369,0.3095105,-0.17078613
37451.562,25.12122,1.2221028,0.30919665,-0.17123497
38459.438,25.12122,1.2304021,0.3083794,-0.17190234
39467.312,25.12122,1.2389162,0.30709475,-0.17266433
40475.188,25.12122,1.2466015,0.30542266,-0.17337415
41483.062,25.12122,1.2523648,0.30347636,-0.17387363
42490.938,25.12122,1.255145,0.30139002,-0.17400596
43498.812,25.12122,1.2539903,0.29930556,-0.17362744
44506.69,25.12122,1.2481298,0.29735872,-0.17261916
45514.566,25.12122,1.2370317,0.29566726,-0.17089608
46522.44,25.12122,1.2204442,0.29432058,-0.16841401
47530.316,25.12122,1.1984187,0.293373,-0.16517349
48538.19,25.12122,1.1713126,0.29283968,-0.16122054
49546.066,25.12122,1.1397712,0.29269704,-0.15664446
50553.938,25.12122,1.1046939,0.29288593,-0.15157233
51561.812,25.12122,1.0671785,0.29331812,-0.14616114
52569.688,25.12122,1.0284581,0.29388553,-0.14058821
53577.562,25.12122,0.9898297,0.29447025,-0.1350398
54585.438,25.12122,0.9525763,0.29495645,-0.12969978
55593.312,25.12122,0.91789407,0.29524064,-0.12473832
56601.19,25.12122,0.8868223,0.29524204,-0.12030156
57609.066,25.12122,0.8601899,0.29490986,-0.11650342
58616.94,25.12122,0.8385702,0.29422858,-0.11341937
59624.816,25.12122,0.82225704,0.2932193,-0.11108327
60632.69,25.12122,0.81125987,0.29193836,-0.10948664
61640.566,25.12122,0.80531335,0.2904725,-0.108581774
62648.44,25.12122,0.80391186,0.28893018,-0.10828668
63656.32,25.12122,0.8063535,0.28743237,-0.10849299
64664.195,25.12122,0.8118006,0.2860999,-0.10907543
65672.07,25.12122,0.81934476,0.28504205,-0.10990229
66679.945,25.12122,0.8280792,0.28434426,-0.1108461
67687.82,25.12122,0.83716446,0.2840591,-0.11179385
68695.695,25.12122,0.84588844,0.28419942,-0.11265548
69703.57,25.12122,0.8537145,0.28473482,-0.11337012
70711.445,25.12122,0.8603124,0.28559342,-0.11390951
71719.32,25.12122,0.86556923,0.28666723,-0.11427848
72727.195,25.12122,0.86958,0.28782272,-0.11451164
73735.08,25.12122,0.8726191,0.2889141,-0.11466722
74742.95,25.12122,0.87509274,0.28979996,-0.114818044
75750.83,25.12122,0.87747693,0.2903604,-0.11504104
76758.7,25.12122,0.8802505,0.29051366,-0.11540578
77766.58,25.12122,0.8838231,0.29022935,-0.11596328
78774.45,25.12122,0.88847435,0.28953725,-0.116737194
79782.33,25.12122,0.894306,0.2885286,-0.11771809
80790.2,25.12122,0.901218,0.28734937,-0.11886175
81798.08,25.12122,0.90891266,0.28618515,-0.12009313
82805.95,25.12122,0.9169297,0.2852363,-0.12131544
83813.83,25.12122,0.92471397,0.2846881,-0.122424364
84821.7,25.12122,0.9317057,0.28467616,-0.12332573
85829.58,25.12122,0.9374467,0.28525385,-0.12395478
86837.45,25.12122,0.94168687,0.28636676,-0.12429377
87845.33,25.12122,0.9444674,0.2878419,-0.12438374
88853.2,25.12122,0.9461576,0.28939873,-0.12432696
89861.08,25.12122,0.9474271,0.29068807,-0.12427518
90868.95,25.12122,0.9491297,0.2913619,-0.12440131
91876.83,25.12122,0.9520924,0.29117128,-0.12485488
92884.71,25.12122,0.9568293,0.29008064,-0.12570438
93892.586,25.12122,0.9632252,0.28837103,-0.12687926
94900.46,25.12122,0.9703018,0.28668514,-0.12813294
95908.336,25.12122,0.97623813,0.28593716,-0.12906373
96916.21,25.12122,0.97893304,0.28697297,-0.1292513
97924.086,25.12122,0.97754616,0.28980976,-0.1285937
98931.96,25.12122,0.9756189,0.29222357,-0.12796408
99939.836,25.12122,0.9866438,0.28735906,-0.13035586
160.16696,25.72655,0.98511356,0.4635141,-0.11373405
1168.0425,25.72655,1.143678,0.34449098,-0.16843763
2175.918,25.72655,1.1745493,0.31267673,-0.187795
3183.7935,25.72655,1.164252,0.31703043,-0.19207673
4191.669,25.72655,1.1528533,0.33070883,-0.19164307
5199.5444,25.72655,1.1540242,0.34161514,-0.19099809
6207.42,25.72655,1.1680224,0.34602246,-0.19146165
7215.2954,25.72655,1.1896578,0.34443343,-0.19285065
8223.171,25.72655,1.2128029,0.3390326,-0.19447158
9231.046,25.72655,1.2326099,0.33223605,-0.19564766
10238.922,25.72655,1.2462951,0.32597384,-0.1959485
11246.798,25.72655,1.2530875,0.32143396,-0.19524029
12254.673,25.72655,1.2537682,0.31907606,-0.19363989
13262.548,25.72655,1.2500644,0.3187827,-0.1914279
14270.424,25.72655,1.2440699,0.3200605,-0.18895541
15278.3,25.72655,1.2377765,0.32223722,-0.18656442
16286.175,25.72655,1.2327594,0.32462513,-0.18453059
17294.049,25.72655,1.230007,0.3266384,-0.18303128
18301.924,25.72655,1.2298884,0.32786205,-0.18213555
19309.8,25.72655,1.2322161,0.32807785,-0.18181281
20317.676,25.72655,1.2363786,0.32725725,-0.18195379
21325.55,25.72655,1.2415036,0.3255293,-0.18239787
22333.428,25.72655,1.24663,0.3231354,-0.18296324
23341.303,25.72655,1.2508602,0.320379,-0.183474
24349.178,25.72655,1.253483,0.31757656,-0.18378286
25357.053,25.72655,1.2540548,0.3150171,-0.1837871
26364.928,25.72655,1.2524377,0.31293032,-0.18343684
27372.805,25.72655,1.2487975,0.31146747,-0.1827365
28380.68,25.72655,1.2435647,0.31069314,-0.18173967
29388.555,25.72655,1.2373695,0.31058857,-0.18053892
30396.432,25.72655,1.2309567,0.31106246,-0.17925248
31404.307,25.72655,1.2250991,0.3119681,-0.17800853
32412.182,25.72655,1.2205033,0.31312516,-0.1769305
33420.06,25.72655,1.2177342,0.31434032,-0.17612264
34427.934,25.72655,1.2171494,0.31542918,-0.17565863
35435.81,25.72655,1.2188599,0.31623363,-0.17557348
36443.684,25.72655,1.2227093,0.31663546,-0.17585954
37451.562,25.72655,1.22828,0.3165648,-0.17646588
38459.438,25.72655,1.2349209,0.31600344,-0.17730209
39467.312,25.72655,1.2417928,0.31498262,-0.17824496
40475.188,25.72655,1.2479328,0.31357718,-0.1791483
41483.062,25.72655,1.252322,0.31189507,-0.1798539
42490.938,25.72655,1.2539657,0.31006548,-0.180204
43498.812,25.72655,1.2519629,0.30822515,-0.18005326
44506.69,25.72655,1.2455776,0.3065051,-0.17927964
45514.566,25.72655,1.2342921,0.30501893,-0.1777942
46522.44,25.72655,1.2178494,0.30385172,-0.17554757
47530.316,25.72655,1.1962763,0.30305487,-0.17253448
48538.19,25.72655,1.1698879,0.30264118,-0.16879436
49546.066,25.72655,1.1392713,0.3025853,-0.16440968
50553.938,25.72655,1.1052562,0.30282757,-0.15950085
51561.812,25.72655,1.0688639,0.3032803,-0.15421858
52569.688,25.72655,1.0312498,0.30383646,-0.14873473
53577.562,25.72655,0.99363494,0.30438074,-0.14323159
54585.438,25.72655,0.957234,0.30480063,-0.13789041
55593.312,25.72655,0.92318505,0.30499646,-0.13288061
56601.19,25.72655,0.89248586,0.30489245,-0.1283496
57609.066,25.72655,0.8659402,0.30444294,-0.12441445
58616.94,25.72655,0.8441135,0.30363762,-0.1211558
59624.816,25.72655,0.8273125,0.3025033,-0.11861411
60632.69,25.72655,0.81557316,0.30110142,-0.11678909
61640.566,25.72655,0.8086753,0.2995232,-0.115641914
62648.44,25.72655,0.8061658,0.2978814,-0.11509999
63656.32,25.72655,0.80740654,0.29629982,-0.11506429
64664.195,25.72655,0.811624,0.29490143,-0.115418084
65672.07,25.72655,0.8179729,0.2937962,-0.11603713
66679.945,25.72655,0.8256029,0.29306936,-0.11679977
67687.82,25.72655,0.83372027,0.292772,-0.117596895
68695.695,25.72655,0.8416469,0.29291415,-0.118340075
69703.57,25.72655,0.84886223,0.2934625,-0.11896796
70711.445,25.72655,0.85503745,0.29434088,-0.11944966
71719.32,25.72655,0.86004287,0.29543748,-0.119785644
72727.195,25.72655,0.8639456,0.2966144,-0.120004594
73735.08,25.72655,0.86697984,0.29772234,-0.12015806
74742.95,25.72655,0.8695053,0.29861686,-0.12031204
75750.83,25.72655,0.8719514,0.2991762,-0.12053719
76758.7,25.72655,0.87475234,0.29931796,-0.12089767
77766.58,25.72655,0.87828445,0.2990122,-0.12144116
78774.45,25.72655,0.88280505,0.2982907,-0.12218988
79782.33,25.72655,0.88841146,0.29724747,-0.123135254
80790.2,25.72655,0.8950155,0.29603225,-0.12423616
81798.08,25.72655,0.90234834,0.29483423,-0.1254227
82805.95,25.72655,0.90999204,0.29385757,-0.12660429
83813.83,25.72655,0.91744167,0.2932904,-0.12768316
84821.7,25.72655,0.9241883,0.29326975,-0.12857123
85829.58,25.72655,0.9298196,0.2938483,-0.12920795
86837.45,25.72655,0.9341136,0.29496917,-0.12957716
87845.33,25.72655,0.9371199,0.296455,-0.12971821
88853.2,25.72655,0.93919057,0.2980192,-0.1297283
89861.08,25.72655,0.94095397,0.29930604,-0.12975115
90868.95,25.72655,0.94320357,0.29996186,-0.1299505
91876.83,25.72655,0.94670177,0.2997348,-0.13046719
92884.71,25.72655,0.9519092,0.29859075,-0.13136494
93892.586,25.72655,0.9586946,0.29681775,-0.13257495
94900.46,25.72655,0.9661138,0.2950711,-0.13386059
95908.336,25.72655,0.9724398,0.29428157,-0.13483843
96916.21,25.72655,0.97570443,0.29530704,-0.13510838
97924.086,25.72655,0.9751591,0.29816076,-0.1345762
98931.96,25.72655,0.9742405,0.30057344,-0.13408224
99939.836,25.72655,0.9858428,0.29556558,-0.13649619
160.16696,26.33188,0.9906489,0.4707718,-0.11717078
1168.0425,26.33188,1.159586,0.35171002,-0.17360996
2175.918,26.33188,1.1969514,0.31972566,-0.19399077
3183.7935,26.33188,1.1898742,0.32390192,-0.19867672
4191.669,26.33188,1.1792787,0.33745134,-0.19817364
5199.5444,26.33188,1.1796756,0.34829244,-0.19714095
6207.42,26.33188,1.1920152,0.35269183,-0.19703877
7215.2954,26.33188,1.2116125,0.35113633,-0.19779803
8223.171,26.33188,1.232661,0.3457916,-0.1988085
9231.046,26.33188,1.2504858,0.33905715,-0.19944812
10238.922,26.33188,1.2623681,0.33284986,-0.19931632
11246.798,26.33188,1.2675375,0.32834882,-0.1982898
12254.673,26.33188,1.2667453,0.3260085,-0.19648202
13262.548,26.33188,1.2616835,0.32570967,-0.1941611
14270.424,26.33188,1.2544218,0.3269595,-0.19166079
15278.3,26.33188,1.2469475,0.3290878,-0.18930435
16286.175,26.33188,1.2408494,0.3314099,-0.18734926
17294.049,26.33188,1.2371459,0.3333439,-0.18595678
18301.924,26.33188,1.236242,0.3344782,-0.18518285
19309.8,26.33188,1.2379901,0.3345986,-0.18498707
20317.676,26.33188,1.2418064,0.33368012,-0.18525308
21325.55,26.33188,1.246835,0.33185536,-0.18581635
22333.428,26.33188,1.2521112,0.3293691,-0.18649295
23341.303,26.33188,1.2567143,0.3265281,-0.18710664
24349.178,26.33188,1.2598908,0.32365265,-0.18751109
25357.053,26.33188,1.2611365,0.32103494,-0.18760505
26364.928,26.33188,1.260242,0.31890795,-0.1873408
27372.805,26.33188,1.2572936,0.31742612,-0.18672489
28380.68,26.33188,1.2526419,0.3166572,-0.18581304
29388.555,26.33188,1.2468436,0.31658491,-0.18469992
30396.432,26.33188,1.240582,0.31711996,-0.1835056
31404.307,26.33188,1.2345834,0.3181169,-0.18236026
32412.182,26.33188,1.2295293,0.31939584,-0.181389
33420.06,26.33188,1.2259806,0.32076302,-0.18069752
34427.934,26.33188,1.2243158,0.3220325,-0.18036099
35435.81,26.33188,1.2246844,0.32304373,-0.18041585
36443.684,26.33188,1.2269901,0.32367465,-0.18085532
37451.562,26.33188,1.2308893,0.32385105,-0.1816293
38459.438,26.33188,1.2358146,0.3235492,-0.18264766
39467.312,26.33188,1.2410154,0.3227946,-0.18378711
40475.188,26.33188,1.2456151,0.32165542,-0.18490067
41483.062,26.33188,1.2486768,0.32023332,-0.18582872
42490.938,26.33188,1.2492722,0.31865093,-0.18641129
43498.812,26.33188,1.2465534,0.31703907,-0.18650004
44506.69,26.33188,1.2398167,0.31552365,-0.18596944
45514.566,26.33188,1.228555,0.3142133,-0.18472609
46522.44,26.33188,1.2125014,0.31319028,-0.18271594
47530.316,26.33188,1.1916492,0.3125037,-0.17992848
48538.19,26.33188,1.1662606,0.31216553,-0.176398
49546.066,26.33188,1.1368548,0.31215134,-0.17220168
50553.938,26.33188,1.1041797,0.31240344,-0.16745514
51561.812,26.33188,1.0691683,0.3128374,-0.16230488
52569.688,26.33188,1.0328842,0.3133508,-0.15691952
53577.562,26.33188,0.9964607,0.31383353,-0.15147898
54585.438,26.33188,0.96103114,0.31417903,-0.14616351
55593.312,26.33188,0.92766756,0.31429416,-0.14114282
56601.19,26.33188,0.8973154,0.31410927,-0.13656588
57609.066,26.33188,0.8707465,0.31358507,-0.13255292
58616.94,26.33188,0.848516,0.31271663,-0.12918857
59624.816,26.33188,0.83093953,0.31153524,-0.1265186
60632.69,26.33188,0.8180847,0.31010604,-0.124548785
61640.566,26.33188,0.8097785,0.30852243,-0.12324673
62648.44,26.33188,0.80563205,0.30689818,-0.122546434
63656.32,26.33188,0.8050786,0.3053565,-0.122355245
64664.195,26.33188,0.8074248,0.30401856,-0.12256224
65672.07,26.33188,0.8119045,0.30299103,-0.12304807
66679.945,26.33188,0.8177409,0.30235514,-0.12369489
67687.82,26.33188,0.8242063,0.30215707,-0.12439589
68695.695,26.33188,0.8306726,0.30240157,-0.12506354
69703.57,26.33188,0.83665466,0.3030498,-0.12563601
70711.445,26.33188,0.84183896,0.30402058,-0.12608044
71719.32,26.33188,0.84609413,0.3051976,-0.1263941
72727.195,26.33188,0.8494669,0.30643955,-0.12660176
73735.08,26.33188,0.8521563,0.30759487,-0.12675045
74742.95,26.33188,0.8544763,0.30851814,-0.1269018
75750.83,26.33188,0.85680425,0.30908835,-0.12712222
76758.7,26.33188,0.8595211,0.30922505,-0.1274726
77766.58,26.33188,0.8629551,0.30890182,-0.12799844
78774.45,26.33188,0.867326,0.30815434,-0.12872131
79782.33,26.33188,0.8727063,0.30708158,-0.12963352
80790.2,26.33188,0.8790024,0.30583808,-0.13069648
81798.08,26.33188,0.8859557,0.3046174,-0.13184363
82805.95,26.33188,0.89317757,0.30362704,-0.1329891
83813.83,26.33188,0.90020275,0.30305663,-0.13403991
84821.7,26.33188,0.9065714,0.3030435,-0.13491233
85829.58,26.33188,0.9119198,0.30363804,-0.1355491
86837.45,26.33188,0.9160681,0.30477944,-0.13593574
87845.33,26.33188,0.91909003,0.3062846,-0.13611093
88853.2,26.33188,0.92134315,0.30786112,-0.13616912
89861.08,26.33188,0.92343616,0.30914706,-0.13624915
90868.95,26.33188,0.9261205,0.30978492,-0.1365088
91876.83,26.33188,0.9301025,0.3095214,-0.13708322
92884.71,26.33188,0.9357856,0.30832565,-0.13803235
93892.586,26.33188,0.94299835,0.30649373,-0.1392873
94900.46,26.33188,0.95079374,0.30469325,-0.140617
95908.336,26.33188,0.9574919,0.30386814,-0.14164814
96916.21,26.33188,0.9612205,0.30488488,-0.14199339
97924.086,26.33188,0.96133924,0.30774915,-0.141565
98931.96,26.33188,0.9613057,0.31014997,-0.14118738
99939.836,26.33188,0.97375745,0.30500486,-0.14366329
160.16696,26.93721,0.9965064,0.47760096,-0.12053812
1168.0425,26.93721,1.1749268,0.35877767,-0.1786254
2175.918,26.93721,1.2178924,0.3265649,-0.19993459
3183.7935,26.93721,1.2134981,0.33041117,-0.20496996
4191.669,26.93721,1.2035621,0.34370092,-0.20438977
5199.5444,26.93721,1.2033273,0.35441047,-0.2029962
6207.42,26.93721,1.2142897,0.3588016,-0.20237148
7215.2954,26.93721,1.2321329,0.3573283,-0.20254321
8223.171,26.93721,1.2512811,0.3521155,-0.20297274
9231.046,26.93721,1.2671841,0.345526,-0.20308647
10238.922,26.93721,1.2771833,0.33944848,-0.20251298
11246.798,26.93721,1.2805339,0.3350443,-0.20114294
12254.673,26.93721,1.277998,0.3327595,-0.19909216
13262.548,26.93721,1.2712824,0.33247402,-0.19662346
14270.424,26.93721,1.2624792,0.33369932,-0.19406039
15278.3,26.93721,1.2536076,0.3357726,-0.19171302
16286.175,26.93721,1.2462964,0.33801815,-0.18982501
17294.049,26.93721,1.2416043,0.33986193,-0.18854389
18301.924,26.93721,1.2399741,0.34090045,-0.18791306
19309.8,26.93721,1.2412812,0.34092537,-0.18788078
20317.676,26.93721,1.2449541,0.33991644,-0.18832138
21325.55,26.93721,1.250128,0.3380093,-0.18906234
22333.428,26.93721,1.255811,0.33545107,-0.18991359
23341.303,26.93721,1.2610362,0.33254954,-0.19069421
24349.178,26.93721,1.2649871,0.329626,-0.19125453
25357.053,26.93721,1.2670887,0.3269732,-0.19149123
26364.928,26.93721,1.2670504,0.32482493,-0.19135548
27372.805,26.93721,1.2648805,0.32333654,-0.19085383
28380.68,26.93721,1.2608567,0.32257685,-0.19004293
29388.555,26.93721,1.2554718,0.32253075,-0.18901886
30396.432,26.93721,1.2493643,0.32311,-0.18790406
31404.307,26.93721,1.2432306,0.3241705,-0.18683158
32412.182,26.93721,1.2377466,0.3255325,-0.18592955
33420.06,26.93721,1.2334872,0.32700258,-0.1853074
34427.934,26.93721,1.230864,0.32839403,-0.18504384
35435.81,26.93721,1.2300818,0.32954457,-0.18517892
36443.684,26.93721,1.2311108,0.33033,-0.18570922
37451.562,26.93721,1.2336841,0.3306727,-0.18658747
38459.438,26.93721,1.2373173,0.33054507,-0.18772596
39467.312,26.93721,1.2413431,0.3299678,-0.18900295
40475.188,26.93721,1.2449615,0.32900435,-0.1902721
41483.062,26.93721,1.2473019,0.32775113,-0.19137351
42490.938,26.93721,1.2474889,0.32632574,-0.192146
43498.812,26.93721,1.2447085,0.32485458,-0.19243896
44506.69,26.93721,1.2382705,0.32345918,-0.19212359
45514.566,26.93721,1.2276615,0.32224572,-0.19110242
46522.44,26.93721,1.2125841,0.32129443,-0.18931685
47530.316,26.93721,1.1929853,0.32065365,-0.1867511
48538.19,26.93721,1.1690605,0.32033622,-0.18343408
49546.066,26.93721,1.1412501,0.32031974,-0.17943762
50553.938,26.93721,1.1102133,0.32054973,-0.17487234
51561.812,26.93721,1.07679,0.32094598,-0.16988023
52569.688,26.93721,1.0419514,0.32141143,-0.16462608
53577.562,26.93721,1.0067433,0.32184172,-0.15928712
54585.438,26.93721,0.9722244,0.32213616,-0.15404192
55593.312,26.93721,0.9394028,0.32220793,-0.14905995
56601.19,26.93721,0.90918225,0.32199287,-0.14449087
57609.066,26.93721,0.88231003,0.3214564,-0.14045703
58616.94,26.93721,0.8593395,0.32059783,-0.13704629
59624.816,26.93721,0.84060675,0.31945115,-0.1343086
60632.69,26.93721,0.82621825,0.31808272,-0.13225456
61640.566,26.93721,0.816059,0.31658602,-0.13085705
62648.44,26.93721,0.8098123,0.315073,-0.13005574
63656.32,26.93721,0.8069935,0.31366396,-0.12976328
64664.195,26.93721,0.8069947,0.3124757,-0.12987363
65672.07,26.93721,0.80913836,0.31161,-0.1302717
66679.945,26.93721,0.81273013,0.31114203,-0.13084294
67687.82,26.93721,0.8171126,0.3111118,-0.13148262
68695.695,26.93721,0.82171655,0.311518,-0.13210428
69703.57,26.93721,0.8260984,0.3123161,-0.13264556
70711.445,26.93721,0.8299656,0.31342012,-0.13307238
71719.32,26.93721,0.833191,0.3147099,-0.1333796
72727.195,26.93721,0.8358029,0.3160419,-0.1335887
73735.08,26.93721,0.8379695,0.31726345,-0.13374338
74742.95,26.93721,0.8399583,0.31823033,-0.13390136
75750.83,26.93721,0.84209156,0.3188234,-0.13412575
76758.7,26.93721,0.8446946,0.31896582,-0.13447474
77766.58,26.93721,0.8480385,0.31863555,-0.13499206
78774.45,26.93721,0.8522963,0.31787348,-0.13569857
79782.33,26.93721,0.85750526,0.31678376,-0.13658711
80790.2,26.93721,0.8635513,0.31552556,-0.1376209
81798.08,26.93721,0.8701745,0.31429657,-0.1387364
82805.95,26.93721,0.87699956,0.31330666,-0.1398513
83813.83,26.93721,0.8835932,0.31274676,-0.14087659
84821.7,26.93721,0.88953674,0.31275278,-0.14173235
85829.58,26.93721,0.894513,0.31337297,-0.14236435
86837.45,26.93721,0.89838594,0.31454217,-0.14275977
87845.33,26.93721,0.90126455,0.31607255,-0.14295757
88853.2,26.93721,0.90352476,0.317666,-0.14305028
89861.08,26.93721,0.90577173,0.31895658,-0.14317353
90868.95,26.93721,0.9087323,0.31958395,-0.1434807
91876.83,26.93721,0.9130677,0.31929514,-0.14410232
92884.71,26.93721,0.9191276,0.31806287,-0.1450951
93892.586,26.93721,0.9266907,0.31619006,-0.14638932
94900.46,26.93721,0.93478054,0.3143539,-0.1477569
95908.336,26.93721,0.94172883,0.31350747,-0.14883159
96916.21,26.93721,0.94572365,0.31452197,-0.14923522
97924.086,26.93721,0.9462281,0.31739512,-0.14888601
98931.96,26.93721,0.9468052,0.31978524,-0.14860038
99939.836,26.93721,0.9600912,0.31453934,-0.15113884
160.16696,27.542542,1.0035645,0.4840414,-0.12403384
1168.0425,27.542542,1.1909597,0.36561033,-0.18360686
2175.918,27.542542,1.2378814,0.33317977,-0.20560826
3183.7935,27.542542,1.2346578,0.3366371,-0.21079935
4191.669,27.542542,1.2245015,0.34958422,-0.21004292
5199.5444,27.542542,1.2234597,0.36007988,-0.20829439
6207.42,27.542542,1.2334398,0.36439386,-0.20724383
7215.2954,27.542542,1.2502939,0.3629513,-0.2069895
8223.171,27.542542,1.2684762,0.35783675,-0.20703423
9231.046,27.542542,1.2834088,0.35137329,-0.20682517
10238.922,27.542542,1.2923907,0.34541878,-0.20599759
11246.798,27.542542,1.2946491,0.34111378,-0.20444016
12254.673,27.542542,1.2909446,0.33889407,-0.20226237
13262.548,27.542542,1.283011,0.3386373,-0.19971903
14270.424,27.542542,1.2729895,0.3398588,-0.19712591
15278.3,27.542542,1.2629621,0.34190324,-0.19478627
16286.175,27.542542,1.2546252,0.3441035,-0.19293821
17294.049,27.542542,1.2490985,0.34589475,-0.19172493
18301.924,27.542542,1.2468735,0.34688094,-0.19118622
19309.8,27.542542,1.2478547,0.34685972,-0.19126707
20317.676,27.542542,1.2514781,0.34581426,-0.19183849
21325.55,27.542542,1.2568637,0.3438822,-0.1927241
22333.428,27.542542,1.2629832,0.34131068,-0.19372934
23341.303,27.542542,1.2688184,0.33840653,-0.19466855
24349.178,27.542542,1.273488,0.33548853,-0.19538644
25357.053,27.542542,1.2763457,0.33284745,-0.19577408
26364.928,27.542542,1.2770321,0.33071443,-0.19577727
27372.805,27.542542,1.2754899,0.32924277,-0.19539753
28380.68,27.542542,1.2719423,0.32849944,-0.19468732
29388.555,27.542542,1.2668433,0.328468,-0.1937401
30396.432,27.542542,1.260809,0.32905996,-0.19267674
31404.307,27.542542,1.2545336,0.33013085,-0.19163062
32412.182,27.542542,1.2487081,0.3315012,-0.19073191
33420.06,27.542542,1.243942,0.33297816,-0.19009355
34427.934,27.542542,1.2406955,0.33437553,-0.18979928
35435.81,27.542542,1.239233,0.33553165,-0.18989529
36443.684,27.542542,1.2395934,0.33632275,-0.19038518
37451.562,27.542542,1.2415817,0.33667126,-0.19122896
38459.438,27.542542,1.2447811,0.3365494,-0.19234605
39467.312,27.542542,1.2485876,0.3359776,-0.19362144
40475.188,27.542542,1.2522532,0.33501858,-0.19491448
41483.062,27.542542,1.254945,0.33376768,-0.1960696
42490.938,27.542542,1.2558086,0.33234197,-0.19692823
43498.812,27.542542,1.2540324,0.33086675,-0.19734074
44506.69,27.542542,1.2489097,0.32946324,-0.19717723
45514.566,27.542542,1.2398913,0.32823703,-0.19633743
46522.44,27.542542,1.2266276,0.3272685,-0.19475797
47530.316,27.542542,1.2089972,0.32660663,-0.19241685
48538.19,27.542542,1.1871185,0.32626534,-0.1893358
49546.066,27.542542,1.1613443,0.32622373,-0.18557853
50553.938,27.542542,1.1322457,0.32642946,-0.18124706
51561.812,27.542542,1.1005746,0.32680482,-0.17647517
52569.688,27.542542,1.0672204,0.32725522,-0.17141995
53577.562,27.542542,1.0331577,0.3276793,-0.166252
54585.438,27.542542,0.99938697,0.32797915,-0.16114436
55593.312,27.542542,0.96687627,0.32807025,-0.15626298
56601.19,27.542542,0.9365068,0.32789066,-0.1517558
57609.066,27.542542,0.90902513,0.3274075,-0.14774519
58616.94,27.542542,0.8850019,0.32662082,-0.14432122
59624.816,27.542542,0.86481106,0.32556468,-0.14153743
60632.69,27.542542,0.8486134,0.32430473,-0.13940981
61640.566,27.542542,0.83636254,0.32293257,-0.13791782
62648.44,27.542542,0.82782084,0.32155803,-0.13700813
63656.32,27.542542,0.82258886,0.32029805,-0.13660094
64664.195,27.542542,0.8201461,0.31926587,-0.13659753
65672.07,27.542542,0.8198987,0.31855905,-0.13688946
66679.945,27.542542,0.8212283,0.31824848,-0.1373677
67687.82,27.542542,0.82354367,0.31836993,-0.1379318
68695.695,27.542542,0.8263266,0.3189184,-0.13849773
69703.57,27.542542,0.829166,0.3198457,-0.13900414
70711.445,27.542542,0.83178645,0.32106352,-0.13941598
71719.32,27.542542,0.83405745,0.32244983,-0.13972552
72727.195,27.542542,0.83598864,0.32386017,-0.1399507
73735.08,27.542542,0.83771276,0.32514247,-0.14013031
74742.95,27.542542,0.83945245,0.32615343,-0.14031717
75750.83,27.542542,0.8414768,0.32677606,-0.14056936
76758.7,27.542542,0.84405494,0.32693648,-0.14094052
77766.58,27.542542,0.8474045,0.3266156,-0.141471
78774.45,27.542542,0.8516523,0.32585803,-0.14217979
79782.33,27.542542,0.8567986,0.32477108,-0.14305945
80790.2,27.542542,0.86270684,0.32351688,-0.14407451
81798.08,27.542542,0.8691106,0.32229507,-0.14516455
82805.95,27.542542,0.8756428,0.3213172,-0.1462513
83813.83,27.542542,0.8818921,0.32077435,-0.14725056
84821.7,27.542542,0.8874717,0.3208017,-0.14808705
85829.58,27.542542,0.8921031,0.32144582,-0.1487105
86837.45,27.542542,0.8956873,0.3226395,-0.14911038
87845.33,27.542542,0.89836484,0.32419193,-0.14932595
88853.2,27.542542,0.9005304,0.32580274,-0.14944771
89861.08,27.542542,0.90279084,0.32710427,-0.14960693
90868.95,27.542542,0.9058567,0.32773492,-0.14995134
91876.83,27.542542,0.9103566,0.32744277,-0.15060575
92884.71,27.542542,0.9165965,0.32620224,-0.1516226
93892.586,27.542542,0.92430925,0.32431996,-0.15293154
94900.46,27.542542,0.9324897,0.32247683,-0.15430903
95908.336,27.542542,0.93946683,0.3216295,-0.15539868
96916.21,27.542542,0.943468,0.32265,-0.15583459
97924.086,27.542542,0.9440384,0.32553226,-0.15554248
98931.96,27.542542,0.9448456,0.32792258,-0.15532456
99939.836,27.542542,0.9586004,0.32264543,-0.15787753
160.16696,28.147871,1.0122023,0.49016958,-0.1277827
1168.0425,28.147871,1.2087941,0.3721452,-0.1886712
2175.918,28.147871,1.2577207,0.33958766,-0.2110309
3183.7935,28.147871,1.2534839,0.3427111,-0.2160648
4191.669,28.147871,1.2415957,0.35529846,-0.2149429
5199.5444,28.147871,1.2391973,0.36549577,-0.21281427
6207.42,28.147871,1.2485607,0.36960208,-0.21147393
7215.2954,28.147871,1.2655022,0.3680404,-0.21106002
8223.171,28.147871,1.2842569,0.3628775,-0.21107288
9231.046,28.147871,1.2999837,0.3564141,-0.2109324
10238.922,28.147871,1.3097463,0.35048753,-0.21023622
11246.798,28.147871,1.3126066,0.34622183,-0.20883508
12254.673,28.147871,1.309236,0.34404263,-0.20680672
13262.548,28.147871,1.3013482,0.34382161,-0.2043835
14270.424,28.147871,1.2911192,0.34507337,-0.20186941
15278.3,28.147871,1.280701,0.34714413,-0.1995656
16286.175,28.147871,1.2718751,0.34937045,-0.19771588
17294.049,28.147871,1.2658477,0.35119143,-0.19647464
18301.924,28.147871,1.2631855,0.35221446,-0.19589546
19309.8,28.147871,1.2638472,0.35223985,-0.1959376
20317.676,28.147871,1.2672989,0.35125175,-0.19648424
21325.55,28.147871,1.2726686,0.3493872,-0.1973682
22333.428,28.147871,1.2789136,0.346891,-0.1984
23341.303,28.147871,1.2849838,0.34406653,-0.19939414
24349.178,28.147871,1.2899562,0.341228,-0.20019154
25357.053,28.147871,1.2931373,0.33866096,-0.20067586
26364.928,28.147871,1.2941226,0.33659118,-0.20078263
27372.805,28.147871,1.2928158,0.33516654,-0.20050173
28380.68,28.147871,1.2894135,0.33444956,-0.1998738
29388.555,28.147871,1.2843564,0.33441985,-0.19898117
30396.432,28.147871,1.2782621,0.33498618,-0.197936
31404.307,28.147871,1.2718443,0.33600256,-0.19686544
32412.182,28.147871,1.265826,0.3372893,-0.19589686
33420.06,28.147871,1.2608619,0.33865458,-0.19514418
34427.934,28.147871,1.2574651,0.33991456,-0.1946959
35435.81,28.147871,1.2559582,0.34091097,-0.19460611
36443.684,28.147871,1.2564379,0.34152418,-0.19488908
37451.562,28.147871,1.2587628,0.34168157,-0.19551776
38459.438,28.147871,1.2625636,0.34136075,-0.19642547
39467.312,28.147871,1.2672696,0.34058774,-0.1975115
40475.188,28.147871,1.2721543,0.3394307,-0.19864847
41483.062,28.147871,1.2763873,0.33799064,-0.19969279
42490.938,28.147871,1.2791011,0.33638898,-0.20049515
43498.812,28.147871,1.2794539,0.3347556,-0.20091227
44506.69,28.147871,1.2766907,0.33321512,-0.20081702
45514.566,28.147871,1.270203,0.33187565,-0.20010836
46522.44,28.147871,1.2595675,0.33081955,-0.1987184
47530.316,28.147871,1.2445819,0.33009636,-0.19661741
48538.19,28.147871,1.2252796,0.32972008,-0.19381623
49546.066,28.147871,1.2019284,0.32966894,-0.19036551
50553.938,28.147871,1.1750174,0.32988873,-0.18635282
51561.812,28.147871,1.145225,0.33029953,-0.18189673
52569.688,28.147871,1.1133789,0.33080402,-0.17713933
53577.562,28.147871,1.0804056,0.33129767,-0.17223734
54585.438,28.147871,1.0472735,0.33167893,-0.16735205
55593.312,28.147871,1.0149381,0.33186013,-0.16263987
56601.19,28.147871,0.9842862,0.33177572,-0.15824258
57609.066,28.147871,0.9560861,0.33138952,-0.15427963
58616.94,28.147871,0.930951,0.33069885,-0.15084176
59624.816,28.147871,0.9093077,0.32973492,-0.14798659
60632.69,28.147871,0.89138484,0.32856175,-0.14573728
61640.566,28.147871,0.87721163,0.3272693,-0.14408284
62648.44,28.147871,0.8666297,0.3259662,-0.14298168
63656.32,28.147871,0.8593202,0.32476917,-0.14236653
64664.195,28.147871,0.85484046,0.32379135,-0.14215165
65672.07,28.147871,0.8526661,0.32313082,-0.14224084
66679.945,28.147871,0.8522389,0.3228594,-0.14253598
67687.82,28.147871,0.8530145,0.32301402,-0.1429454
68695.695,28.147871,0.85450673,0.32359084,-0.14339113
69703.57,28.147871,0.85632056,0.32454324,-0.1438148
70711.445,28.147871,0.85818124,0.3257841,-0.14418152
71719.32,28.147871,0.8599424,0.32719275,-0.14448069
72727.195,28.147871,0.86158776,0.32862562,-0.1447246
73735.08,28.147871,0.86321187,0.32993138,-0.14494465
74742.95,28.147871,0.86499226,0.33096713,-0.14518502
75750.83,28.147871,0.8671503,0.3316159,-0.14549476
76758.7,28.147871,0.8699074,0.33180347,-0.14591931
77766.58,28.147871,0.8734381,0.3315103,-0.14649203
78774.45,28.147871,0.87783307,0.33078003,-0.14722724
79782.33,28.147871,0.8830676,0.32971907,-0.14811544
80790.2,28.147871,0.888991,0.32848874,-0.14912204
81798.08,28.147871,0.8953338,0.32728785,-0.15019001
82805.95,28.147871,0.90173864,0.32632756,-0.15124682
83813.83,28.147871,0.90781265,0.32579857,-0.15221515
84821.7,28.147871,0.9131924,0.32583678,-0.1530269
85829.58,28.147871,0.91762483,0.32648942,-0.15363759
86837.45,28.147871,0.92103463,0.3276905,-0.1540404
87845.33,28.147871,0.923579,0.3292512,-0.15427475
88853.2,28.147871,0.9256577,0.33087245,-0.15442751
89861.08,28.147871,0.9278729,0.33218834,-0.15462303
90868.95,28.147871,0.93091714,0.3328382,-0.15499958
91876.83,28.147871,0.9353923,0.33257017,-0.15567255
92884.71,28.147871,0.9415765,0.3313575,-0.15668792
93892.586,28.147871,0.9491784,0.32950425,-0.15797538
94900.46,28.147871,0.9571823,0.3276878,-0.15932013
95908.336,28.147871,0.96392983,0.32686085,-0.16038366
96916.21,28.147871,0.96768427,0.3278936,-0.16082156
97924.086,28.147871,0.9680399,0.330783,-0.16057007
98931.96,28.147871,0.9686936,0.33318973,-0.16040093
99939.836,28.147871,0.9822962,0.32797202,-0.16288571
160.16696,28.753202,1.0216546,0.49602437,-0.13168095
1168.0425,28.753202,1.2283988,0.37838212,-0.19383061
2175.918,28.753202,1.278066,0.34585366,-0.21625824
3183.7935,28.753202,1.2710059,0.34877977,-0.22082031
4191.669,28.753202,1.255929,0.36104885,-0.21912047
5199.5444,28.753202,1.2514632,0.3708864,-0.2165606
6207.42,28.753202,1.2603288,0.3746467,-0.21504952
7215.2954,28.753202,1.2782143,0.37278605,-0.21474195
8223.171,28.753202,1.2989607,0.3673878,-0.2150928
9231.046,28.753202,1.3172576,0.3607569,-0.21544477
10238.922,28.753202,1.3297441,0.35472688,-0.21530914
11246.798,28.753202,1.3351465,0.35041392,-0.21445684
12254.673,28.753202,1.3339186,0.3482334,-0.21290204
13262.548,28.753202,1.3276589,0.34804806,-0.2108349
14270.424,28.753202,1.3185202,0.3493635,-0.20853898
15278.3,28.753202,1.3086954,0.35151994,-0.20631495
16286.175,28.753202,1.3000479,0.35384932,-0.20442198
17294.049,28.753202,1.2938868,0.35578713,-0.20304093
18301.924,28.753202,1.2908802,0.35693863,-0.20225798
19309.8,28.753202,1.2910807,0.35710195,-0.20206621
20317.676,28.753202,1.2940307,0.35625926,-0.20238005
21325.55,28.753202,1.29891,0.3545447,-0.2030581
22333.428,28.753202,1.3047098,0.35219952,-0.20392872
23341.303,28.753202,1.3103921,0.34952214,-0.20481606
24349.178,28.753202,1.3150349,0.34682164,-0.20556207
25357.053,28.753202,1.3179342,0.34437686,-0.20604388
26364.928,28.753202,1.3186725,0.34240708,-0.20618446
27372.805,28.753202,1.3171421,0.3410533,-0.20595692
28380.68,28.753202,1.313532,0.34037197,-0.20538273
29388.555,28.753202,1.3082849,0.3403372,-0.20452547
30396.432,28.753202,1.3020295,0.34085372,-0.20347999
31404.307,28.753202,1.2954999,0.341773,-0.20235969
32412.182,28.753202,1.2894487,0.34291518,-0.20128316
33420.06,28.753202,1.2845668,0.34408978,-0.20036066
34427.934,28.753202,1.2814081,0.34511662,-0.1996827
35435.81,28.753202,1.2803373,0.34584305,-0.1993112
36443.684,28.753202,1.2814889,0.34615687,-0.19927286
37451.562,28.753202,1.2847563,0.34599403,-0.19955719
38459.438,28.753202,1.2897931,0.34534234,-0.20011659
39467.312,28.753202,1.2960423,0.34423804,-0.20087068
40475.188,28.753202,1.3027756,0.34275985,-0.20171252
41483.062,28.753202,1.3091501,0.34101868,-0.20251693
42490.938,28.753202,1.3142676,0.33914554,-0.20315048
43498.812,28.753202,1.3172443,0.3372778,-0.20348147
44506.69,28.753202,1.3172703,0.33554617,-0.20338978
45514.566,28.753202,1.3136716,0.33406317,-0.202776
46522.44,28.753202,1.3059537,0.332913,-0.20156862
47530.316,28.753202,1.2938385,0.33214504,-0.19972895
48538.19,28.753202,1.2772831,0.33177087,-0.19725424
49546.066,28.753202,1.2564826,0.33176398,-0.1941778
50553.938,28.753202,1.2318599,0.33206424,-0.19056702
51561.812,28.753202,1.2040372,0.3325839,-0.18651876
52569.688,28.753202,1.1737975,0.33321682,-0.18215312
53577.562,28.753202,1.1420372,0.33384913,-0.1776059
54585.438,28.753202,1.1097112,0.33436993,-0.17301975
55593.312,28.753202,1.0777763,0.33468223,-0.16853586
56601.19,28.753202,1.0471362,0.33471265,-0.1642848
57609.066,28.753202,1.0185924,0.3344176,-0.16037987
58616.94,28.753202,0.99280155,0.33378896,-0.1569106
59624.816,28.753202,0.9702471,0.33285475,-0.15393871
60632.69,28.753202,0.9512207,0.33167684,-0.15149593
61640.566,28.753202,0.9358175,0.33034578,-0.14958414
62648.44,28.753202,0.9239478,0.3289724,-0.14817761
63656.32,28.753202,0.91535866,0.3276776,-0.14722718
64664.195,28.753202,0.9096671,0.32657984,-0.14666604
65672.07,28.753202,0.9063995,0.3257838,-0.14641646
66679.945,28.753202,0.90503967,0.32536885,-0.14639738
67687.82,28.753202,0.9050711,0.32537922,-0.14653112
68695.695,28.753202,0.9060222,0.32581845,-0.14675048
69703.57,28.753202,0.90750146,0.32664633,-0.14700364
70711.445,28.753202,0.9092232,0.32778117,-0.14725734
71719.32,28.753202,0.9110215,0.32910636,-0.14749873
72727.195,28.753202,0.9128492,0.3304805,-0.14773367
73735.08,28.753202,0.91476613,0.3317526,-0.1479838
74742.95,28.753202,0.9169114,0.33277833,-0.14828147
75750.83,28.753202,0.91946775,0.33343795,-0.14866304
76758.7,28.753202,0.9226217,0.33365253,-0.14916132
77766.58,28.753202,0.9265191,0.3333974,-0.1497988
78774.45,28.753202,0.9312274,0.33271003,-0.15058169
79782.33,28.753202,0.9367104,0.33169138,-0.15149571
80790.2,28.753202,0.94281274,0.33049762,-0.15250565
81798.08,28.753202,0.9492707,0.32932386,-0.15355746
82805.95,28.753202,0.9557385,0.3283786,-0.15458503
83813.83,28.753202,0.9618384,0.3278527,-0.15551966
84821.7,28.753202,0.9672259,0.3278834,-0.15630218
85829.58,28.753202,0.9716618,0.32852188,-0.15689637
86837.45,28.753202,0.9750811,0.32970706,-0.1573005
87845.33,28.753202,0.97764266,0.3312557,-0.15755488
88853.2,28.753202,0.9797394,0.33287498,-0.15774222
89861.08,28.753202,0.9819586,0.33420318,-0.15797791
90868.95,28.753202,0.9849695,0.3348822,-0.15838799
91876.83,28.753202,0.9893534,0.33465898,-0.15907513
92884.71,28.753202,0.99536794,0.33350217,-0.1600763
93892.586,28.753202,1.0027165,0.33170763,-0.16132055
94900.46,28.753202,1.0103954,0.32994208,-0.1626043
95908.336,28.753202,1.0167757,0.32914865,-0.16361241
96916.21,28.753202,1.0201592,0.33019376,-0.16402957
97924.086,28.753202,1.0201635,0.33308518,-0.1638064
98931.96,28.753202,1.0204364,0.3355196,-0.16367365
99939.836,28.753202,1.0334187,0.33043382,-0.1660326
160.16696,29.358532,1.0290608,0.5014599,-0.13514967
1168.0425,29.358532,1.2468222,0.3844473,-0.19881192
2175.918,29.358532,1.2984209,0.35210705,-0.22136362
3183.7935,29.358532,1.289386,0.35492328,-0.22542784
4191.669,29.358532,1.2714455,0.36690933,-0.22310199
5199.5444,29.358532,1.2647853,0.37638938,-0.22006822
6207.42,29.358532,1.2727436,0.3797884,-0.21835986
7215.2954,29.358532,1.29106,0.37760812,-0.21814935
8223.171,29.358532,1.3133271,0.37195587,-0.21884392
9231.046,29.358532,1.3338572,0.3651452,-0.2197052
10238.922,29.358532,1.3488986,0.35900712,-0.22015396
11246.798,29.358532,1.3568398,0.35464898,-0.21987753
12254.673,29.358532,1.3578742,0.352474,-0.21882328
13262.548,29.358532,1.3534367,0.35233253,-0.21713623
14270.424,29.358532,1.3455979,0.3537191,-0.21507667
15278.3,29.358532,1.3365412,0.35596436,-0.21294242
16286.175,29.358532,1.3281739,0.35839334,-0.21100636
17294.049,29.358532,1.3218842,0.36043707,-0.20947449
18301.924,29.358532,1.318439,0.36169803,-0.20846517
19309.8,29.358532,1.3179938,0.36197245,-0.20800573
20317.676,29.358532,1.3201858,0.3612414,-0.20804334
21325.55,29.358532,1.3242786,0.359638,-0.20846413
22333.428,29.358532,1.3293269,0.35740215,-0.20911747
23341.303,29.358532,1.3343383,0.35483027,-0.20984043
24349.178,29.358532,1.3384143,0.35222864,-0.2104801
25357.053,29.358532,1.3408617,0.3498726,-0.21091089
26364.928,29.358532,1.3412579,0.34797734,-0.21104702
27372.805,29.358532,1.3394823,0.3466801,-0.21084803
28380.68,29.358532,1.3357062,0.34603274,-0.2103194
29388.555,29.358532,1.330353,0.34600616,-0.20950729
30396.432,29.358532,1.3240358,0.34650195,-0.20849037
31404.307,29.358532,1.317476,0.3473702,-0.20736815
32412.182,29.358532,1.3114226,0.34843066,-0.20624891
33420.06,29.358532,1.3065677,0.34949413,-0.20523724
34427.934,29.358532,1.3034767,0.35038316,-0.20442283
35435.81,29.358532,1.30253,0.35094935,-0.2038714
36443.684,29.358532,1.3038852,0.3510862,-0.20361836
37451.562,29.358532,1.3074598,0.35073638,-0.20366532
38459.438,29.358532,1.3129345,0.34989503,-0.20397985
39467.312,29.358532,1.3197774,0.34860584,-0.20449825
40475.188,29.358532,1.3272815,0.34695554,-0.20513064
41483.062,29.358532,1.3346193,0.34506187,-0.20576808
42490.938,29.358532,1.3409033,0.34306222,-0.20629126
43498.812,29.358532,1.3452487,0.34109882,-0.20657969
44506.69,29.358532,1.3468382,0.33930582,-0.20652053
45514.566,29.358532,1.3449789,0.33779752,-0.20601733
46522.44,29.358532,1.3391504,0.33665755,-0.20499668
47530.316,29.358532,1.3290395,0.33593354,-0.20341367
48538.19,29.358532,1.3145616,0.3356328,-0.20125487
49546.066,29.358532,1.2958665,0.33572358,-0.19853945
50553.938,29.358532,1.2733277,0.3361387,-0.1953176
51561.812,29.358532,1.2475181,0.33678266,-0.19166717
52569.688,29.358532,1.2191736,0.33754084,-0.1876886
53577.562,29.358532,1.1891472,0.33829066,-0.18349825
54585.438,29.358532,1.1583558,0.3389132,-0.17922094
55593.312,29.358532,1.1277272,0.3393038,-0.17498232
56601.19,29.358532,1.0981443,0.33938253,-0.17090116
57609.066,29.358532,1.0703982,0.3391012,-0.16708265
58616.94,29.358532,1.0451458,0.33844838,-0.16361275
59624.816,29.358532,1.0228804,0.3374508,-0.16055422
60632.69,29.358532,1.0039127,0.33617112,-0.15794425
61640.566,29.358532,0.9883671,0.3347027,-0.15579426
62648.44,29.358532,0.97618884,0.33316067,-0.15409154
63656.32,29.358532,0.9671645,0.33167207,-0.15280251
64664.195,29.358532,0.960955,0.33036274,-0.15187758
65672.07,29.358532,0.95712984,0.32934538,-0.15125668
66679.945,29.358532,0.9552145,0.32870752,-0.15087572
67687.82,29.358532,0.954731,0.3285018,-0.1506727
68695.695,29.358532,0.95523995,0.32873935,-0.15059325
69703.57,29.358532,0.95637524,0.3293867,-0.15059517
70711.445,29.358532,0.9578683,0.3303673,-0.1506512
71719.32,29.358532,0.959561,0.33156776,-0.15075026
72727.195,29.358532,0.961406,0.33284825,-0.15089628
73735.08,29.358532,0.96345377,0.33405748,-0.15110561
74742.95,29.358532,0.96582747,0.335049,-0.15140212
75750.83,29.358532,0.96868855,0.33569875,-0.15181188
76758.7,29.358532,0.97219795,0.33592266,-0.1523567
77766.58,29.358532,0.97647494,0.3356901,-0.15304813
78774.45,29.358532,0.9815621,0.33503225,-0.15388256
79782.33,29.358532,0.9874002,0.33404395,-0.15483823
80790.2,29.358532,0.9938166,0.3328758,-0.1558753
81798.08,29.358532,1.0005364,0.3317191,-0.15693827
82805.95,29.358532,1.0072104,0.33078012,-0.15796264
83813.83,29.358532,1.013465,0.33024946,-0.15888418
84821.7,29.358532,1.0189651,0.330266,-0.15964997
85829.58,29.358532,1.0234869,0.33088422,-0.1602307
86837.45,29.358532,1.026983,0.3320479,-0.16063082
87845.33,29.358532,1.0296295,0.33357936,-0.16089469
88853.2,29.358532,1.0318334,0.33519092,-0.16110624
89861.08,29.358532,1.0341861,0.33652467,-0.16137783
90868.95,29.358532,1.0373563,0.33722445,-0.16182934
91876.83,29.358532,1.0419093,0.33703598,-0.1625548
92884.71,29.358532,1.0480789,0.33592337,-0.16358244
93892.586,29.358532,1.0555373,0.33417502,-0.16483538
94900.46,29.358532,1.0632458,0.33244866,-0.16611022
95908.336,29.358532,1.0695533,0.33167925,-0.16709995
96916.21,29.358532,1.0727592,0.3327305,-0.16750443
97924.086,29.358532,1.0725185,0.33561933,-0.16728917
98931.96,29.358532,1.0725785,0.33807254,-0.16718024
99939.836,29.358532,1.0855569,0.33308905,-0.16951892
160.16696,29.963863,1.0281316,0.50588626,-0.13676512
1168.0425,29.963863,1.2552475,0.39068776,-0.20275532
2175.918,29.963863,1.3152599,0.35855347,-0.22638454
3183.7935,29.963863,1.311959,0.36099666,-0.23078768
4191.669,29.963863,1.2966845,0.37256464,-0.22834243
5199.5444,29.963863,1.2899541,0.3818103,-0.22488946
6207.42,29.963863,1.2957453,0.38521197,-0.22256204
7215.2954,29.963863,1.3105038,0.38323423,-0.22160757
8223.171,29.963863,1.3284533,0.37791243,-0.22149873
9231.046,29.963863,1.3444111,0.3714823,-0.22155774
10238.922,29.963863,1.354983,0.3657095,-0.22125983
11246.798,29.963863,1.358787,0.361654,-0.2203377
12254.673,29.963863,1.3561431,0.3596914,-0.21877226
13262.548,29.963863,1.3485354,0.35966057,-0.21672812
14270.424,29.963863,1.3380384,0.36105788,-0.21447128
15278.3,29.963863,1.3268154,0.3632245,-0.21229218
16286.175,29.963863,1.3167437,0.36550114,-0.2104455
17294.049,29.963863,1.3091817,0.3673364,-0.20911139
18301.924,29.963863,1.3048716,0.36835036,-0.208378
19309.8,29.963863,1.3039492,0.36835602,-0.20824164
20317.676,29.963863,1.3060336,0.36734873,-0.20862013
21325.55,29.963863,1.3103653,0.3654744,-0.20937489
22333.428,29.963863,1.3159711,0.36298344,-0.21033669
23341.303,29.963863,1.3218166,0.36018136,-0.21133061
24349.178,29.963863,1.3269495,0.35738233,-0.21219897
25357.053,29.963863,1.3306051,0.35486904,-0.21281801
26364.928,29.963863,1.3322768,0.35286322,-0.2131092
27372.805,29.963863,1.3317466,0.35150787,-0.21304338
28380.68,29.963863,1.3290828,0.35086033,-0.21263991
29388.555,29.963863,1.3246034,0.35089603,-0.2119597
30396.432,29.963863,1.3188211,0.3515199,-0.21109521
31404.307,29.963863,1.3123677,0.3525841,-0.21015796
32412.182,29.963863,1.3059193,0.35390818,-0.20926481
33420.06,29.963863,1.3001198,0.35530123,-0.20852524
34427.934,29.963863,1.2955102,0.35658157,-0.20802966
35435.81,29.963863,1.2924776,0.35759407,-0.20784044
36443.684,29.963863,1.2912164,0.35822332,-0.20798597
37451.562,29.963863,1.2917111,0.35840136,-0.2084578
38459.438,29.963863,1.2937367,0.35811034,-0.2092115
39467.312,29.963863,1.2968775,0.35738042,-0.21017009
40475.188,29.963863,1.3005633,0.3562832,-0.21123047
41483.062,29.963863,1.3041112,0.35492235,-0.2122717
42490.938,29.963863,1.3067837,0.3534208,-0.21316423
43498.812,29.963863,1.3078432,0.35190824,-0.21378002
44506.69,29.963863,1.3066057,0.35050815,-0.21400192
45514.566,29.963863,1.3024948,0.34932593,-0.21373245
46522.44,29.963863,1.2950811,0.34844014,-0.21290064
47530.316,29.963863,1.2841125,0.34789556,-0.21146706
48538.19,29.963863,1.2695328,0.34770054,-0.20942631
49546.066,29.963863,1.2514839,0.34782702,-0.20680729
50553.938,29.963863,1.2302969,0.3482147,-0.20367107
51561.812,29.963863,1.2064683,0.34877747,-0.20010637
52569.688,29.963863,1.1806277,0.3494122,-0.19622347
53577.562,29.963863,1.1534963,0.3500094,-0.19214699
54585.438,29.963863,1.1258414,0.35046363,-0.18800744
55593.312,29.963863,1.0984294,0.35068417,-0.18393324
56601.19,29.963863,1.0719794,0.35060397,-0.18004248
57609.066,29.963863,1.0471236,0.35018665,-0.17643657
58616.94,29.963863,1.0243744,0.3494305,-0.17319436
59624.816,29.963863,1.0041004,0.3483694,-0.17036884
60632.69,29.963863,0.98651576,0.34707084,-0.16798578
61640.566,29.963863,0.9716812,0.34562922,-0.16604386
62648.44,29.963863,0.9595128,0.34415877,-0.16451786
63656.32,29.963863,0.94980645,0.3427819,-0.16336271
64664.195,29.963863,0.9422673,0.34161824,-0.1625193
65672.07,29.963863,0.9365437,0.34077147,-0.16192126
66679.945,29.963863,0.9322678,0.34031934,-0.16150187
67687.82,29.963863,0.9290901,0.34030405,-0.16120055
68695.695,29.963863,0.92671514,0.3407262,-0.16096877
69703.57,29.963863,0.924923,0.34154248,-0.16077404
70711.445,29.963863,0.9235879,0.34266847,-0.16060248
71719.32,29.963863,0.9226812,0.34398454,-0.1604586
72727.195,29.963863,0.92226154,0.3453474,-0.16036335
73735.08,29.963863,0.9224562,0.3466048,-0.16034974
74742.95,29.963863,0.9234309,0.34761184,-0.16045676
75750.83,29.963863,0.9253535,0.34824926,-0.16072257
76758.7,29.963863,0.92835426,0.3484393,-0.16117634
77766.58,29.963863,0.9324882,0.34815913,-0.16183203
78774.45,29.963863,0.93770945,0.34744862,-0.16268256
79782.33,29.963863,0.94385195,0.34641117,-0.16369759
80790.2,29.963863,0.9506324,0.34520498,-0.16482368
81798.08,29.963863,0.9576727,0.34402665,-0.16598919
82805.95,29.963863,0.9645418,0.34308586,-0.16711245
83813.83,29.963863,0.97081596,0.34257293,-0.16811362
84821.7,29.963863,0.97615284,0.3426238,-0.16892871
85829.58,29.963863,0.98036796,0.34328714,-0.16952401
86837.45,29.963863,0.9834978,0.3444985,-0.16990803
87845.33,29.963863,0.98583597,0.34607098,-0.17013837
88853.2,29.963863,0.9879273,0.34770787,-0.17031966
89861.08,29.963863,0.9904972,0.3490445,-0.17059012
90868.95,29.963863,0.9943083,0.34972143,-0.17109442
91876.83,29.963863,0.9999527,0.34948626,-0.17194377
92884.71,29.963863,1.0075941,0.3483106,-0.17316744
93892.586,29.963863,1.0167223,0.34649536,-0.1746667
94900.46,29.963863,1.0260223,0.3447137,-0.17619099
95908.336,29.963863,1.03353,0.34391445,-0.17736815
96916.21,29.963863,1.0373445,0.34496546,-0.1778395
97924.086,29.963863,1.0372765,0.34786633,-0.1775724
98931.96,29.963863,1.038,0.35028884,-0.17745292
99939.836,29.963863,1.0544529,0.34511817,-0.18030246
